crates/base-db/src/change.rs	FileChange	crates/base-db/src/input.rs	CrateGraphBuilder
crates/base-db/src/change.rs	FileChange	crates/base-db/src/input.rs	SourceRoot
crates/base-db/src/input.rs	Crate	crates/base-db/src/input.rs	Env
crates/base-db/src/input.rs	Crate	crates/base-db/src/input.rs	ExtraCrateData
crates/base-db/src/input.rs	Crate	crates/base-db/src/lib.rs	CrateWorkspaceData
crates/base-db/src/input.rs	CrateBuilder	crates/base-db/src/input.rs	Env
crates/base-db/src/input.rs	CrateBuilder	crates/base-db/src/input.rs	ExtraCrateData
crates/base-db/src/input.rs	CrateBuilder	crates/base-db/src/lib.rs	CrateWorkspaceData
crates/base-db/src/input.rs	CrateData	crates/base-db/src/input.rs	CrateOrigin
crates/base-db/src/input.rs	CrateData	crates/base-db/src/input.rs	Dependency
crates/base-db/src/input.rs	CrateDisplayName	crates/base-db/src/input.rs	CrateName
crates/base-db/src/input.rs	CrateGraphBuilder	crates/base-db/src/input.rs	CrateBuilder
crates/base-db/src/input.rs	CratesMap	crates/base-db/src/input.rs	Crate
crates/base-db/src/input.rs	CratesMap	crates/base-db/src/input.rs	UniqueCrateData
crates/base-db/src/input.rs	CyclicDependenciesError	crates/base-db/src/input.rs	CrateDisplayName
crates/base-db/src/input.rs	Dependency	crates/base-db/src/input.rs	CrateName
crates/base-db/src/input.rs	ExtraCrateData	crates/base-db/src/input.rs	CrateDisplayName
crates/base-db/src/lib.rs	AllCrates	crates/base-db/src/input.rs	Crate
crates/base-db/src/lib.rs	FileSourceRootInput	crates/base-db/src/input.rs	SourceRootId
crates/base-db/src/lib.rs	Files	crates/base-db/src/input.rs	SourceRootId
crates/base-db/src/lib.rs	Files	crates/base-db/src/lib.rs	FileSourceRootInput
crates/base-db/src/lib.rs	Files	crates/base-db/src/lib.rs	FileText
crates/base-db/src/lib.rs	Files	crates/base-db/src/lib.rs	SourceRootInput
crates/base-db/src/lib.rs	InternedSourceRootId	crates/base-db/src/input.rs	SourceRootId
crates/base-db/src/lib.rs	LibraryRoots	crates/base-db/src/input.rs	SourceRootId
crates/base-db/src/lib.rs	LocalRoots	crates/base-db/src/input.rs	SourceRootId
crates/base-db/src/lib.rs	SourceRootInput	crates/base-db/src/input.rs	SourceRoot
crates/base-db/src/target.rs	TargetData	crates/base-db/src/target.rs	Arch
crates/cfg/src/dnf.rs	Builder	crates/cfg/src/dnf.rs	DnfExpr
crates/cfg/src/dnf.rs	Conjunction	crates/cfg/src/dnf.rs	Literal
crates/cfg/src/dnf.rs	DnfExpr	crates/cfg/src/dnf.rs	Conjunction
crates/cfg/src/dnf.rs	Literal	crates/cfg/src/cfg_expr.rs	CfgAtom
crates/cfg/src/lib.rs	CfgDiff	crates/cfg/src/cfg_expr.rs	CfgAtom
crates/cfg/src/lib.rs	CfgOptions	crates/cfg/src/cfg_expr.rs	CfgAtom
crates/cfg/src/lib.rs	HashableCfgOptions	crates/cfg/src/cfg_expr.rs	CfgAtom
crates/cfg/src/lib.rs	InactiveReason	crates/cfg/src/cfg_expr.rs	CfgAtom
crates/hir-def/src/attrs/docs.rs	DocMacroExpander	crates/hir-def/src/resolver.rs	Resolver
crates/hir-def/src/attrs/docs.rs	Docs	crates/hir-def/src/attrs/docs.rs	DocsSourceMapLine
crates/hir-def/src/dyn_map.rs	AstPtrPolicy	crates/hir-def/src/dyn_map.rs	Policy
crates/hir-def/src/dyn_map.rs	DynMap	crates/hir-def/src/dyn_map.rs	Policy
crates/hir-def/src/dyn_map.rs	KeyMap	crates/hir-def/src/dyn_map.rs	DynMap
crates/hir-def/src/dyn_map.rs	KeyMap	crates/hir-def/src/dyn_map.rs	Policy
crates/hir-def/src/expr_store.rs	ExpressionOnlySourceMap	crates/hir-def/src/expr_store.rs	ExpressionStoreDiagnostics
crates/hir-def/src/expr_store.rs	ExpressionOnlySourceMap	crates/hir-def/src/expr_store.rs	FormatTemplate
crates/hir-def/src/expr_store.rs	ExpressionOnlySourceMap	crates/hir-def/src/hir.rs	ExprOrPatIdPacked
crates/hir-def/src/expr_store.rs	ExpressionOnlyStore	crates/hir-def/src/expr_store.rs	ExprRoot
crates/hir-def/src/expr_store.rs	ExpressionOnlyStore	crates/hir-def/src/expr_store.rs	HygieneId
crates/hir-def/src/expr_store.rs	ExpressionOnlyStore	crates/hir-def/src/hir.rs	Binding
crates/hir-def/src/expr_store.rs	ExpressionOnlyStore	crates/hir-def/src/hir.rs	Expr
crates/hir-def/src/expr_store.rs	ExpressionOnlyStore	crates/hir-def/src/hir.rs	ExprOrPatIdPacked
crates/hir-def/src/expr_store.rs	ExpressionOnlyStore	crates/hir-def/src/hir.rs	Label
crates/hir-def/src/expr_store.rs	ExpressionOnlyStore	crates/hir-def/src/hir.rs	Pat
crates/hir-def/src/expr_store.rs	ExpressionStore	crates/hir-def/src/expr_store.rs	ExpressionOnlyStore
crates/hir-def/src/expr_store.rs	ExpressionStore	crates/hir-def/src/hir/type_ref.rs	LifetimeRef
crates/hir-def/src/expr_store.rs	ExpressionStore	crates/hir-def/src/hir/type_ref.rs	TypeRef
crates/hir-def/src/expr_store.rs	ExpressionStoreBuilder	crates/hir-def/src/expr_store.rs	ExprRoot
crates/hir-def/src/expr_store.rs	ExpressionStoreBuilder	crates/hir-def/src/expr_store.rs	ExpressionStoreDiagnostics
crates/hir-def/src/expr_store.rs	ExpressionStoreBuilder	crates/hir-def/src/expr_store.rs	FormatTemplate
crates/hir-def/src/expr_store.rs	ExpressionStoreBuilder	crates/hir-def/src/expr_store.rs	HygieneId
crates/hir-def/src/expr_store.rs	ExpressionStoreBuilder	crates/hir-def/src/hir.rs	Binding
crates/hir-def/src/expr_store.rs	ExpressionStoreBuilder	crates/hir-def/src/hir.rs	Expr
crates/hir-def/src/expr_store.rs	ExpressionStoreBuilder	crates/hir-def/src/hir.rs	ExprOrPatIdPacked
crates/hir-def/src/expr_store.rs	ExpressionStoreBuilder	crates/hir-def/src/hir.rs	Label
crates/hir-def/src/expr_store.rs	ExpressionStoreBuilder	crates/hir-def/src/hir.rs	Pat
crates/hir-def/src/expr_store.rs	ExpressionStoreBuilder	crates/hir-def/src/hir/type_ref.rs	LifetimeRef
crates/hir-def/src/expr_store.rs	ExpressionStoreBuilder	crates/hir-def/src/hir/type_ref.rs	TypeRef
crates/hir-def/src/expr_store.rs	ExpressionStoreSourceMap	crates/hir-def/src/expr_store.rs	ExpressionOnlySourceMap
crates/hir-def/src/expr_store.rs	FormatTemplate	crates/hir-def/src/expr_store.rs	HygieneId
crates/hir-def/src/expr_store.rs	StoreVisitorExt	crates/hir-def/src/expr_store.rs	StoreVisitor
crates/hir-def/src/expr_store/body.rs	Body	crates/hir-def/src/expr_store.rs	ExpressionStore
crates/hir-def/src/expr_store/body.rs	Body	crates/hir-def/src/expr_store/body.rs	Param
crates/hir-def/src/expr_store/body.rs	BodySourceMap	crates/hir-def/src/expr_store.rs	ExpressionStoreSourceMap
crates/hir-def/src/expr_store/lower.rs	BindingList	crates/hir-def/src/expr_store.rs	HygieneId
crates/hir-def/src/expr_store/lower.rs	ExprCollector	crates/hir-def/src/expr_store.rs	ExpressionStoreBuilder
crates/hir-def/src/expr_store/lower.rs	ExprCollector	crates/hir-def/src/expr_store/expander.rs	Expander
crates/hir-def/src/expr_store/lower.rs	ExprCollector	crates/hir-def/src/expr_store/lower.rs	Awaitable
crates/hir-def/src/expr_store/lower.rs	ExprCollector	crates/hir-def/src/expr_store/lower.rs	LabelRib
crates/hir-def/src/expr_store/lower.rs	ExprCollector	crates/hir-def/src/expr_store/lower.rs	NamedLifetimeStore
crates/hir-def/src/expr_store/lower.rs	ExprCollector	crates/hir-def/src/expr_store/lower.rs	TryBlock
crates/hir-def/src/expr_store/lower.rs	ExprCollector	crates/hir-def/src/lib.rs	LoweringMode
crates/hir-def/src/expr_store/lower.rs	ExprCollector	crates/hir-def/src/nameres.rs	DefMap
crates/hir-def/src/expr_store/lower.rs	ExprCollector	crates/hir-def/src/nameres.rs	LocalDefMap
crates/hir-def/src/expr_store/lower.rs	LabelRib	crates/hir-def/src/expr_store/lower.rs	RibKind
crates/hir-def/src/expr_store/lower.rs	NamedLifetimeStore	crates/hir-def/src/expr_store/lower.rs	LifetimeBoundScope
crates/hir-def/src/expr_store/lower/generics.rs	GenericParamsCollector	crates/hir-def/src/hir/generics.rs	LifetimeParamData
crates/hir-def/src/expr_store/lower/generics.rs	GenericParamsCollector	crates/hir-def/src/hir/generics.rs	TypeOrConstParamData
crates/hir-def/src/expr_store/lower/generics.rs	GenericParamsCollector	crates/hir-def/src/hir/generics.rs	WherePredicate
crates/hir-def/src/expr_store/lower/generics.rs	GenericParamsCollector	crates/hir-def/src/lib.rs	GenericDefId
crates/hir-def/src/expr_store/path.rs	AssociatedTypeBinding	crates/hir-def/src/expr_store/path.rs	GenericArgs
crates/hir-def/src/expr_store/path.rs	AssociatedTypeBinding	crates/hir-def/src/hir/type_ref.rs	TypeBound
crates/hir-def/src/expr_store/path.rs	GenericArgs	crates/hir-def/src/expr_store/path.rs	AssociatedTypeBinding
crates/hir-def/src/expr_store/path.rs	GenericArgs	crates/hir-def/src/expr_store/path.rs	GenericArg
crates/hir-def/src/expr_store/path.rs	GenericArgs	crates/hir-def/src/expr_store/path.rs	GenericArgsParentheses
crates/hir-def/src/expr_store/path.rs	NormalPath	crates/hir-def/src/expr_store/path.rs	GenericArgs
crates/hir-def/src/expr_store/path.rs	PathSegment	crates/hir-def/src/expr_store/path.rs	GenericArgs
crates/hir-def/src/expr_store/path.rs	PathSegments	crates/hir-def/src/expr_store/path.rs	GenericArgs
crates/hir-def/src/expr_store/pretty.rs	Printer	crates/hir-def/src/expr_store.rs	ExpressionStore
crates/hir-def/src/expr_store/pretty.rs	Printer	crates/hir-def/src/expr_store/pretty.rs	LineFormat
crates/hir-def/src/expr_store/scope.rs	ExprScopeVisitor	crates/hir-def/src/expr_store.rs	ExpressionStore
crates/hir-def/src/expr_store/scope.rs	ExprScopeVisitor	crates/hir-def/src/expr_store.rs	StoreVisitor
crates/hir-def/src/expr_store/scope.rs	ExprScopeVisitor	crates/hir-def/src/expr_store/scope.rs	ExprScopes
crates/hir-def/src/expr_store/scope.rs	ExprScopes	crates/hir-def/src/expr_store/scope.rs	ScopeData
crates/hir-def/src/expr_store/scope.rs	ExprScopes	crates/hir-def/src/expr_store/scope.rs	ScopeEntry
crates/hir-def/src/expr_store/scope.rs	ScopeData	crates/hir-def/src/expr_store/scope.rs	ScopeEntry
crates/hir-def/src/expr_store/scope.rs	ScopeData	crates/hir-def/src/expr_store/scope.rs	ScopeKind
crates/hir-def/src/expr_store/scope.rs	ScopeEntry	crates/hir-def/src/expr_store.rs	HygieneId
crates/hir-def/src/find_path.rs	Choice	crates/hir-def/src/find_path.rs	Stability
crates/hir-def/src/find_path.rs	FindPathCtx	crates/hir-def/src/find_path.rs	FindPathConfig
crates/hir-def/src/find_path.rs	FindPathCtx	crates/hir-def/src/find_path.rs	PrefixKind
crates/hir-def/src/find_path.rs	FindPathCtx	crates/hir-def/src/lib.rs	ModuleIdLt
crates/hir-def/src/find_path.rs	FindPathCtx	crates/hir-def/src/nameres.rs	DefMap
crates/hir-def/src/hir.rs	Binding	crates/hir-def/src/expr_store.rs	HygieneId
crates/hir-def/src/hir.rs	Binding	crates/hir-def/src/hir.rs	BindingAnnotation
crates/hir-def/src/hir.rs	Binding	crates/hir-def/src/hir.rs	BindingProblems
crates/hir-def/src/hir.rs	InlineAsm	crates/hir-def/src/hir.rs	AsmOperand
crates/hir-def/src/hir.rs	InlineAsm	crates/hir-def/src/hir.rs	AsmOptions
crates/hir-def/src/hir.rs	InlineAsm	crates/hir-def/src/hir.rs	InlineAsmKind
crates/hir-def/src/hir/format_args.rs	FormatArgPosition	crates/hir-def/src/hir/format_args.rs	FormatArgPositionKind
crates/hir-def/src/hir/format_args.rs	FormatArgs	crates/hir-def/src/hir/format_args.rs	FormatArgsPiece
crates/hir-def/src/hir/format_args.rs	FormatArgs	crates/hir-def/src/hir/format_args.rs	FormatArguments
crates/hir-def/src/hir/format_args.rs	FormatArgument	crates/hir-def/src/hir/format_args.rs	FormatArgumentKind
crates/hir-def/src/hir/format_args.rs	FormatArguments	crates/hir-def/src/hir/format_args.rs	FormatArgument
crates/hir-def/src/hir/format_args.rs	FormatArgumentsCollector	crates/hir-def/src/hir/format_args.rs	FormatArgument
crates/hir-def/src/hir/format_args.rs	FormatOptions	crates/hir-def/src/hir/format_args.rs	FormatAlignment
crates/hir-def/src/hir/format_args.rs	FormatOptions	crates/hir-def/src/hir/format_args.rs	FormatCount
crates/hir-def/src/hir/format_args.rs	FormatOptions	crates/hir-def/src/hir/format_args.rs	FormatDebugHex
crates/hir-def/src/hir/format_args.rs	FormatOptions	crates/hir-def/src/hir/format_args.rs	FormatSign
crates/hir-def/src/hir/format_args.rs	FormatPlaceholder	crates/hir-def/src/hir/format_args.rs	FormatArgPosition
crates/hir-def/src/hir/format_args.rs	FormatPlaceholder	crates/hir-def/src/hir/format_args.rs	FormatOptions
crates/hir-def/src/hir/format_args.rs	FormatPlaceholder	crates/hir-def/src/hir/format_args.rs	FormatTrait
crates/hir-def/src/hir/generics.rs	ConstParamData	crates/hir-def/src/hir/type_ref.rs	ConstRef
crates/hir-def/src/hir/generics.rs	GenericParams	crates/hir-def/src/hir/generics.rs	LifetimeParamData
crates/hir-def/src/hir/generics.rs	GenericParams	crates/hir-def/src/hir/generics.rs	TypeOrConstParamData
crates/hir-def/src/hir/generics.rs	GenericParams	crates/hir-def/src/hir/generics.rs	WherePredicate
crates/hir-def/src/hir/generics.rs	LifetimeParamData	crates/hir-def/src/hir/generics.rs	LifetimeBoundType
crates/hir-def/src/hir/generics.rs	TypeParamData	crates/hir-def/src/hir/generics.rs	TypeParamProvenance
crates/hir-def/src/hir/type_ref.rs	ArrayType	crates/hir-def/src/hir/type_ref.rs	ConstRef
crates/hir-def/src/hir/type_ref.rs	RefType	crates/hir-def/src/hir/type_ref.rs	Mutability
crates/hir-def/src/hir/type_ref.rs	TraitRef	crates/hir-def/src/hir/type_ref.rs	PathId
crates/hir-def/src/import_map.rs	ImportInfo	crates/hir-def/src/lib.rs	Complete
crates/hir-def/src/import_map.rs	ImportMap	crates/hir-def/src/item_scope.rs	ItemInNs
crates/hir-def/src/import_map.rs	Query	crates/hir-def/src/import_map.rs	AssocSearchMode
crates/hir-def/src/import_map.rs	Query	crates/hir-def/src/import_map.rs	SearchMode
crates/hir-def/src/item_scope.rs	DeriveMacroInvocation	crates/hir-def/src/lib.rs	BuiltinDeriveImplId
crates/hir-def/src/item_scope.rs	ItemScope	crates/hir-def/src/item_scope.rs	DeriveMacroInvocation
crates/hir-def/src/item_scope.rs	ItemScope	crates/hir-def/src/item_scope.rs	ImportOrDef
crates/hir-def/src/item_scope.rs	ItemScope	crates/hir-def/src/item_scope.rs	ImportOrExternCrate
crates/hir-def/src/item_scope.rs	ItemScope	crates/hir-def/src/item_scope.rs	ImportOrGlob
crates/hir-def/src/item_scope.rs	ItemScope	crates/hir-def/src/lib.rs	BuiltinDeriveImplId
crates/hir-def/src/item_scope.rs	ItemScope	crates/hir-def/src/lib.rs	MacroId
crates/hir-def/src/item_scope.rs	ItemScope	crates/hir-def/src/lib.rs	ModuleDefId
crates/hir-def/src/item_scope.rs	ItemScope	crates/hir-def/src/per_ns.rs	Item
crates/hir-def/src/item_tree.rs	Const	crates/hir-def/src/item_tree.rs	RawVisibilityId
crates/hir-def/src/item_tree.rs	Enum	crates/hir-def/src/item_tree.rs	RawVisibilityId
crates/hir-def/src/item_tree.rs	ExternBlock	crates/hir-def/src/item_tree.rs	ModItemId
crates/hir-def/src/item_tree.rs	ExternCrate	crates/hir-def/src/item_tree.rs	ImportAlias
crates/hir-def/src/item_tree.rs	ExternCrate	crates/hir-def/src/item_tree.rs	RawVisibilityId
crates/hir-def/src/item_tree.rs	Function	crates/hir-def/src/item_tree.rs	RawVisibilityId
crates/hir-def/src/item_tree.rs	ImportAliasDisplay	crates/hir-def/src/item_tree.rs	ImportAlias
crates/hir-def/src/item_tree.rs	ItemTree	crates/hir-def/src/item_tree.rs	BigModItem
crates/hir-def/src/item_tree.rs	ItemTree	crates/hir-def/src/item_tree.rs	ItemVisibilities
crates/hir-def/src/item_tree.rs	ItemTree	crates/hir-def/src/item_tree.rs	ModItemId
crates/hir-def/src/item_tree.rs	ItemTree	crates/hir-def/src/item_tree.rs	SmallModItem
crates/hir-def/src/item_tree.rs	ItemTree	crates/hir-def/src/item_tree/attrs.rs	AttrsOrCfg
crates/hir-def/src/item_tree.rs	ItemVisibilities	crates/hir-def/src/item_tree.rs	RawVisibility
crates/hir-def/src/item_tree.rs	Macro2	crates/hir-def/src/item_tree.rs	RawVisibilityId
crates/hir-def/src/item_tree.rs	Mod	crates/hir-def/src/item_tree.rs	ModKind
crates/hir-def/src/item_tree.rs	Mod	crates/hir-def/src/item_tree.rs	RawVisibilityId
crates/hir-def/src/item_tree.rs	Static	crates/hir-def/src/item_tree.rs	RawVisibilityId
crates/hir-def/src/item_tree.rs	Struct	crates/hir-def/src/item_tree.rs	RawVisibilityId
crates/hir-def/src/item_tree.rs	Struct	crates/hir-def/src/item_tree.rs	StructValueNsCtor
crates/hir-def/src/item_tree.rs	Trait	crates/hir-def/src/item_tree.rs	RawVisibilityId
crates/hir-def/src/item_tree.rs	TypeAlias	crates/hir-def/src/item_tree.rs	RawVisibilityId
crates/hir-def/src/item_tree.rs	Union	crates/hir-def/src/item_tree.rs	RawVisibilityId
crates/hir-def/src/item_tree.rs	Use	crates/hir-def/src/item_tree.rs	RawVisibilityId
crates/hir-def/src/item_tree.rs	Use	crates/hir-def/src/item_tree.rs	UseTree
crates/hir-def/src/item_tree.rs	UseTree	crates/hir-def/src/item_tree.rs	UseTreeKind
crates/hir-def/src/item_tree/attrs.rs	AttrQuery	crates/hir-def/src/item_tree/attrs.rs	Attrs
crates/hir-def/src/item_tree/lower.rs	Ctx	crates/hir-def/src/item_tree.rs	ItemTree
crates/hir-def/src/item_tree/lower.rs	Ctx	crates/hir-def/src/item_tree.rs	ModItemId
crates/hir-def/src/item_tree/lower.rs	Ctx	crates/hir-def/src/item_tree.rs	RawVisibility
crates/hir-def/src/item_tree/pretty.rs	Printer	crates/hir-def/src/item_tree.rs	ItemTree
crates/hir-def/src/lib.rs	AdtId	crates/hir-def/src/lib.rs	HasModule
crates/hir-def/src/lib.rs	AssocItemLoc	crates/hir-def/src/lib.rs	AstIdLoc
crates/hir-def/src/lib.rs	AssocItemLoc	crates/hir-def/src/lib.rs	HasModule
crates/hir-def/src/lib.rs	AssocItemLoc	crates/hir-def/src/lib.rs	ItemContainerId
crates/hir-def/src/lib.rs	AttrDefId	crates/hir-def/src/lib.rs	HasModule
crates/hir-def/src/lib.rs	BlockIdLt	crates/hir-def/src/lib.rs	ModuleIdLt
crates/hir-def/src/lib.rs	BuiltinDeriveImplId	crates/hir-def/src/lib.rs	BuiltinDeriveImplLoc
crates/hir-def/src/lib.rs	BuiltinDeriveImplId	crates/hir-def/src/lib.rs	HasModule
crates/hir-def/src/lib.rs	BuiltinDeriveImplLoc	crates/hir-def/src/lib.rs	AdtId
crates/hir-def/src/lib.rs	BuiltinDeriveImplLoc	crates/hir-def/src/lib.rs	HasModule
crates/hir-def/src/lib.rs	ConstParamId	crates/hir-def/src/lib.rs	TypeOrConstParamId
crates/hir-def/src/lib.rs	DefWithBodyId	crates/hir-def/src/lib.rs	HasModule
crates/hir-def/src/lib.rs	ExpressionStoreOwnerId	crates/hir-def/src/lib.rs	HasModule
crates/hir-def/src/lib.rs	FieldId	crates/hir-def/src/lib.rs	VariantId
crates/hir-def/src/lib.rs	GenericDefId	crates/hir-def/src/lib.rs	HasModule
crates/hir-def/src/lib.rs	HrtbLifetimeParamId	crates/hir-def/src/lib.rs	GenericDefId
crates/hir-def/src/lib.rs	ItemContainerId	crates/hir-def/src/lib.rs	HasModule
crates/hir-def/src/lib.rs	ItemLoc	crates/hir-def/src/lib.rs	AstIdLoc
crates/hir-def/src/lib.rs	ItemLoc	crates/hir-def/src/lib.rs	HasModule
crates/hir-def/src/lib.rs	LifetimeParamId	crates/hir-def/src/lib.rs	GenericDefId
crates/hir-def/src/lib.rs	Macro2Loc	crates/hir-def/src/lib.rs	MacroExpander
crates/hir-def/src/lib.rs	MacroId	crates/hir-def/src/lib.rs	HasModule
crates/hir-def/src/lib.rs	MacroRulesLoc	crates/hir-def/src/lib.rs	MacroExpander
crates/hir-def/src/lib.rs	ModuleIdLt	crates/hir-def/src/lib.rs	BlockIdLt
crates/hir-def/src/lib.rs	ModuleIdLt	crates/hir-def/src/lib.rs	ModuleIdLt
crates/hir-def/src/lib.rs	ProcMacroLoc	crates/hir-def/src/nameres/proc_macro.rs	ProcMacroKind
crates/hir-def/src/lib.rs	TupleFieldId	crates/hir-def/src/lib.rs	TupleId
crates/hir-def/src/lib.rs	TypeOrConstParamId	crates/hir-def/src/lib.rs	GenericDefId
crates/hir-def/src/lib.rs	TypeParamId	crates/hir-def/src/lib.rs	TypeOrConstParamId
crates/hir-def/src/lib.rs	VariantId	crates/hir-def/src/lib.rs	HasModule
crates/hir-def/src/nameres.rs	DefMap	crates/hir-def/src/lib.rs	BuiltinDeriveImplId
crates/hir-def/src/nameres.rs	DefMap	crates/hir-def/src/lib.rs	MacroId
crates/hir-def/src/nameres.rs	DefMap	crates/hir-def/src/nameres.rs	BlockInfo
crates/hir-def/src/nameres.rs	DefMap	crates/hir-def/src/nameres.rs	DefMapCrateData
crates/hir-def/src/nameres.rs	DefMap	crates/hir-def/src/nameres.rs	ModulesMap
crates/hir-def/src/nameres.rs	DefMap	crates/hir-def/src/nameres/diagnostics.rs	DefDiagnostic
crates/hir-def/src/nameres.rs	DefMapCrateData	crates/hir-def/src/lib.rs	MacroId
crates/hir-def/src/nameres.rs	DefMapPair	crates/hir-def/src/nameres.rs	DefMap
crates/hir-def/src/nameres.rs	DefMapPair	crates/hir-def/src/nameres.rs	LocalDefMap
crates/hir-def/src/nameres.rs	ModuleData	crates/hir-def/src/item_scope.rs	ItemScope
crates/hir-def/src/nameres.rs	ModuleData	crates/hir-def/src/nameres.rs	ModuleOrigin
crates/hir-def/src/nameres.rs	ModuleData	crates/hir-def/src/visibility.rs	Visibility
crates/hir-def/src/nameres.rs	ModulesMap	crates/hir-def/src/nameres.rs	ModuleData
crates/hir-def/src/nameres/assoc.rs	AssocItemCollector	crates/hir-def/src/lib.rs	AssocItemId
crates/hir-def/src/nameres/assoc.rs	AssocItemCollector	crates/hir-def/src/lib.rs	ItemContainerId
crates/hir-def/src/nameres/assoc.rs	AssocItemCollector	crates/hir-def/src/nameres.rs	DefMap
crates/hir-def/src/nameres/assoc.rs	AssocItemCollector	crates/hir-def/src/nameres.rs	LocalDefMap
crates/hir-def/src/nameres/assoc.rs	AssocItemCollector	crates/hir-def/src/nameres/diagnostics.rs	DefDiagnostic
crates/hir-def/src/nameres/assoc.rs	ImplItems	crates/hir-def/src/lib.rs	AssocItemId
crates/hir-def/src/nameres/assoc.rs	TraitItems	crates/hir-def/src/lib.rs	AssocItemId
crates/hir-def/src/nameres/collector.rs	DefCollector	crates/hir-def/src/item_scope.rs	GlobId
crates/hir-def/src/nameres/collector.rs	DefCollector	crates/hir-def/src/item_scope.rs	PerNsGlobImports
crates/hir-def/src/nameres/collector.rs	DefCollector	crates/hir-def/src/item_tree.rs	ModItemId
crates/hir-def/src/nameres/collector.rs	DefCollector	crates/hir-def/src/nameres.rs	DefMap
crates/hir-def/src/nameres/collector.rs	DefCollector	crates/hir-def/src/nameres.rs	LocalDefMap
crates/hir-def/src/nameres/collector.rs	DefCollector	crates/hir-def/src/nameres/collector.rs	DeferredBuiltinDerive
crates/hir-def/src/nameres/collector.rs	DefCollector	crates/hir-def/src/nameres/collector.rs	ImportDirective
crates/hir-def/src/nameres/collector.rs	DefCollector	crates/hir-def/src/nameres/collector.rs	MacroDirective
crates/hir-def/src/nameres/collector.rs	DefCollector	crates/hir-def/src/nameres/mod_resolution.rs	ModDir
crates/hir-def/src/nameres/collector.rs	DefCollector	crates/hir-def/src/per_ns.rs	PerNs
crates/hir-def/src/nameres/collector.rs	DefCollector	crates/hir-def/src/visibility.rs	Visibility
crates/hir-def/src/nameres/collector.rs	DeferredBuiltinDerive	crates/hir-def/src/lib.rs	ItemContainerId
crates/hir-def/src/nameres/collector.rs	Import	crates/hir-def/src/item_tree.rs	ImportAlias
crates/hir-def/src/nameres/collector.rs	Import	crates/hir-def/src/item_tree.rs	RawVisibility
crates/hir-def/src/nameres/collector.rs	Import	crates/hir-def/src/nameres/collector.rs	ImportSource
crates/hir-def/src/nameres/collector.rs	ImportDirective	crates/hir-def/src/nameres/collector.rs	Import
crates/hir-def/src/nameres/collector.rs	ImportDirective	crates/hir-def/src/nameres/collector.rs	PartialResolvedImport
crates/hir-def/src/nameres/collector.rs	ImportSource	crates/hir-def/src/item_tree.rs	ImportKind
crates/hir-def/src/nameres/collector.rs	MacroDirective	crates/hir-def/src/lib.rs	ItemContainerId
crates/hir-def/src/nameres/collector.rs	MacroDirective	crates/hir-def/src/nameres/collector.rs	MacroDirectiveKind
crates/hir-def/src/nameres/collector.rs	ModCollector	crates/hir-def/src/item_tree.rs	ItemTree
crates/hir-def/src/nameres/collector.rs	ModCollector	crates/hir-def/src/item_tree.rs	TreeId
crates/hir-def/src/nameres/collector.rs	ModCollector	crates/hir-def/src/nameres/collector.rs	DefCollector
crates/hir-def/src/nameres/collector.rs	ModCollector	crates/hir-def/src/nameres/mod_resolution.rs	ModDir
crates/hir-def/src/nameres/diagnostics.rs	DefDiagnostic	crates/hir-def/src/nameres/diagnostics.rs	DefDiagnosticKind
crates/hir-def/src/nameres/diagnostics.rs	DefDiagnostics	crates/hir-def/src/nameres/diagnostics.rs	DefDiagnostic
crates/hir-def/src/nameres/mod_resolution.rs	ModDir	crates/hir-def/src/nameres/mod_resolution.rs	DirPath
crates/hir-def/src/nameres/path_resolution.rs	ResolvePathResult	crates/hir-def/src/nameres/path_resolution.rs	ReachedFixedPoint
crates/hir-def/src/nameres/path_resolution.rs	ResolvePathResult	crates/hir-def/src/nameres/path_resolution.rs	ResolvePathResultPrefixInfo
crates/hir-def/src/nameres/path_resolution.rs	ResolvePathResult	crates/hir-def/src/per_ns.rs	PerNs
crates/hir-def/src/nameres/proc_macro.rs	ProcMacroDef	crates/hir-def/src/nameres/proc_macro.rs	ProcMacroKind
crates/hir-def/src/per_ns.rs	Item	crates/hir-def/src/nameres/collector.rs	Import
crates/hir-def/src/per_ns.rs	Item	crates/hir-def/src/visibility.rs	Visibility
crates/hir-def/src/resolver.rs	ExprScope	crates/hir-def/src/expr_store/scope.rs	ExprScopes
crates/hir-def/src/resolver.rs	ExprScope	crates/hir-def/src/lib.rs	ExpressionStoreOwnerId
crates/hir-def/src/resolver.rs	ModuleItemMap	crates/hir-def/src/nameres.rs	DefMap
crates/hir-def/src/resolver.rs	ModuleItemMap	crates/hir-def/src/nameres.rs	LocalDefMap
crates/hir-def/src/resolver.rs	Resolver	crates/hir-def/src/resolver.rs	ModuleItemMap
crates/hir-def/src/resolver.rs	Resolver	crates/hir-def/src/resolver.rs	Scope
crates/hir-def/src/resolver.rs	ScopeNames	crates/hir-def/src/resolver.rs	ScopeDef
crates/hir-def/src/signatures.rs	ConstSignature	crates/hir-def/src/expr_store.rs	ExpressionStore
crates/hir-def/src/signatures.rs	EnumSignature	crates/hir-def/src/expr_store.rs	ExpressionStore
crates/hir-def/src/signatures.rs	EnumSignature	crates/hir-def/src/hir/generics.rs	GenericParams
crates/hir-def/src/signatures.rs	EnumVariants	crates/hir-def/src/item_tree.rs	FieldsShape
crates/hir-def/src/signatures.rs	FieldData	crates/hir-def/src/hir/type_ref.rs	ConstRef
crates/hir-def/src/signatures.rs	FieldData	crates/hir-def/src/item_tree.rs	RawVisibility
crates/hir-def/src/signatures.rs	FunctionBody	crates/hir-def/src/expr_store.rs	ExpressionStore
crates/hir-def/src/signatures.rs	FunctionSignature	crates/hir-def/src/expr_store.rs	ExpressionStore
crates/hir-def/src/signatures.rs	FunctionSignature	crates/hir-def/src/hir/generics.rs	GenericParams
crates/hir-def/src/signatures.rs	ImplSignature	crates/hir-def/src/expr_store.rs	ExpressionStore
crates/hir-def/src/signatures.rs	ImplSignature	crates/hir-def/src/hir/generics.rs	GenericParams
crates/hir-def/src/signatures.rs	ImplSignature	crates/hir-def/src/hir/type_ref.rs	TraitRef
crates/hir-def/src/signatures.rs	SimpleBody	crates/hir-def/src/expr_store.rs	ExpressionStore
crates/hir-def/src/signatures.rs	StaticSignature	crates/hir-def/src/expr_store.rs	ExpressionStore
crates/hir-def/src/signatures.rs	StructSignature	crates/hir-def/src/expr_store.rs	ExpressionStore
crates/hir-def/src/signatures.rs	StructSignature	crates/hir-def/src/hir/generics.rs	GenericParams
crates/hir-def/src/signatures.rs	StructSignature	crates/hir-def/src/item_tree.rs	FieldsShape
crates/hir-def/src/signatures.rs	TraitSignature	crates/hir-def/src/expr_store.rs	ExpressionStore
crates/hir-def/src/signatures.rs	TraitSignature	crates/hir-def/src/hir/generics.rs	GenericParams
crates/hir-def/src/signatures.rs	TypeAliasSignature	crates/hir-def/src/expr_store.rs	ExpressionStore
crates/hir-def/src/signatures.rs	TypeAliasSignature	crates/hir-def/src/hir/generics.rs	GenericParams
crates/hir-def/src/signatures.rs	TypeAliasSignature	crates/hir-def/src/hir/type_ref.rs	TypeBound
crates/hir-def/src/signatures.rs	UnionSignature	crates/hir-def/src/expr_store.rs	ExpressionStore
crates/hir-def/src/signatures.rs	UnionSignature	crates/hir-def/src/hir/generics.rs	GenericParams
crates/hir-def/src/signatures.rs	VariantFields	crates/hir-def/src/expr_store.rs	ExpressionStore
crates/hir-def/src/signatures.rs	VariantFields	crates/hir-def/src/item_tree.rs	FieldsShape
crates/hir-def/src/signatures.rs	VariantFields	crates/hir-def/src/signatures.rs	FieldData
crates/hir-def/src/signatures.rs	VariantFieldsBody	crates/hir-def/src/expr_store.rs	ExpressionStore
crates/hir-expand/src/attrs.rs	Attr	crates/hir-expand/src/attrs.rs	AttrInput
crates/hir-expand/src/attrs.rs	Attr	crates/hir-expand/src/mod_path.rs	ModPath
crates/hir-expand/src/builtin/derive_macro.rs	BasicAdtInfo	crates/hir-expand/src/builtin/derive_macro.rs	AdtParam
crates/hir-expand/src/builtin/derive_macro.rs	BasicAdtInfo	crates/hir-expand/src/builtin/derive_macro.rs	AdtShape
crates/hir-expand/src/builtin/quote.rs	WithDelimiter	crates/hir-expand/src/builtin/quote.rs	ToTokenTree
crates/hir-expand/src/cfg_process.rs	AstAttrToProcess	crates/hir-expand/src/cfg_process.rs	ExpandedAttrToProcess
crates/hir-expand/src/cfg_process.rs	AstAttrToProcess	crates/hir-expand/src/cfg_process.rs	NextExpandedAttrState
crates/hir-expand/src/change.rs	ChangeWithProcMacros	crates/hir-expand/src/proc_macro.rs	ProcMacrosBuilder
crates/hir-expand/src/files.rs	InFileWrapper	crates/hir-expand/src/files.rs	FileIdToSyntax
crates/hir-expand/src/fixup.rs	SyntaxFixups	crates/hir-expand/src/fixup.rs	SyntaxFixupUndoInfo
crates/hir-expand/src/inert_attr_macro.rs	BuiltinAttribute	crates/hir-expand/src/inert_attr_macro.rs	AttributeTemplate
crates/hir-expand/src/lib.rs	AttrMacroAttrIds	crates/hir-expand/src/lib.rs	AttrMacroAttrIdsRepr
crates/hir-expand/src/lib.rs	EagerCallInfo	crates/hir-expand/src/lib.rs	ExpandError
crates/hir-expand/src/lib.rs	EagerCallInfo	crates/hir-expand/src/lib.rs	MacroCallId
crates/hir-expand/src/lib.rs	ExpandError	crates/hir-expand/src/lib.rs	ExpandErrorKind
crates/hir-expand/src/lib.rs	ExpansionInfo	crates/hir-expand/src/lib.rs	MacroCallLoc
crates/hir-expand/src/lib.rs	ExpansionInfo	crates/hir-expand/src/span_map.rs	SpanMap
crates/hir-expand/src/lib.rs	MacroCallId	crates/hir-expand/src/lib.rs	MacroCallLoc
crates/hir-expand/src/lib.rs	MacroCallLoc	crates/hir-expand/src/lib.rs	MacroCallKind
crates/hir-expand/src/lib.rs	MacroCallLoc	crates/hir-expand/src/lib.rs	MacroDefId
crates/hir-expand/src/lib.rs	MacroDefId	crates/hir-expand/src/lib.rs	MacroDefKind
crates/hir-expand/src/mod_path.rs	Display	crates/hir-expand/src/mod_path.rs	ModPath
crates/hir-expand/src/mod_path.rs	ModPath	crates/hir-expand/src/mod_path.rs	PathKind
crates/hir-expand/src/mod_path.rs	ModPath	crates/hir-expand/src/name.rs	Name
crates/hir-expand/src/name.rs	Display	crates/hir-expand/src/name.rs	Name
crates/hir-expand/src/proc_macro.rs	ProcMacro	crates/hir-expand/src/proc_macro.rs	ProcMacroExpander
crates/hir-expand/src/proc_macro.rs	ProcMacro	crates/hir-expand/src/proc_macro.rs	ProcMacroKind
crates/hir-expand/src/proc_macro.rs	ProcMacros	crates/hir-expand/src/proc_macro.rs	CrateProcMacros
crates/hir-expand/src/proc_macro.rs	ProcMacrosBuilder	crates/hir-expand/src/proc_macro.rs	CrateProcMacros
crates/hir-ty/src/autoderef.rs	AutoderefSnapshot	crates/hir-ty/src/next_solver/ty.rs	Ty
crates/hir-ty/src/autoderef.rs	DefaultAutoderefCtx	crates/hir-ty/src/autoderef.rs	AutoderefCtx
crates/hir-ty/src/autoderef.rs	DefaultAutoderefCtx	crates/hir-ty/src/next_solver/infer/mod.rs	InferCtxt
crates/hir-ty/src/autoderef.rs	DefaultAutoderefCtx	crates/hir-ty/src/next_solver/predicate.rs	ParamEnv
crates/hir-ty/src/autoderef.rs	GeneralAutoderef	crates/hir-ty/src/autoderef.rs	AutoderefCtx
crates/hir-ty/src/autoderef.rs	GeneralAutoderef	crates/hir-ty/src/autoderef.rs	AutoderefSnapshot
crates/hir-ty/src/autoderef.rs	GeneralAutoderef	crates/hir-ty/src/autoderef.rs	AutoderefTraits
crates/hir-ty/src/autoderef.rs	GeneralAutoderef	crates/hir-ty/src/autoderef.rs	TrackAutoderefSteps
crates/hir-ty/src/autoderef.rs	GeneralAutoderef	crates/hir-ty/src/lib.rs	Span
crates/hir-ty/src/autoderef.rs	InferenceContextAutoderefCtx	crates/hir-ty/src/autoderef.rs	AutoderefCtx
crates/hir-ty/src/autoderef.rs	InferenceContextAutoderefCtx	crates/hir-ty/src/infer.rs	InferenceContext
crates/hir-ty/src/db.rs	AnonConstId	crates/hir-ty/src/db.rs	AnonConstLoc
crates/hir-ty/src/db.rs	AnonConstLoc	crates/hir-ty/src/next_solver/binder.rs	StoredEarlyBinder
crates/hir-ty/src/db.rs	InternedClosure	crates/hir-ty/src/lib.rs	InferBodyId
crates/hir-ty/src/db.rs	InternedClosureId	crates/hir-ty/src/db.rs	InternedClosure
crates/hir-ty/src/db.rs	InternedCoroutineClosureId	crates/hir-ty/src/db.rs	InternedClosure
crates/hir-ty/src/db.rs	InternedCoroutineId	crates/hir-ty/src/db.rs	InternedClosure
crates/hir-ty/src/db.rs	InternedOpaqueTyId	crates/hir-ty/src/lib.rs	ImplTraitId
crates/hir-ty/src/diagnostics/decl_check.rs	DeclValidator	crates/hir-ty/src/db.rs	HirDatabase
crates/hir-ty/src/diagnostics/decl_check.rs	DeclValidator	crates/hir-ty/src/diagnostics/decl_check.rs	IncorrectCase
crates/hir-ty/src/diagnostics/decl_check.rs	IncorrectCase	crates/hir-ty/src/diagnostics/decl_check.rs	CaseType
crates/hir-ty/src/diagnostics/decl_check.rs	IncorrectCase	crates/hir-ty/src/diagnostics/decl_check.rs	IdentType
crates/hir-ty/src/diagnostics/decl_check.rs	Replacement	crates/hir-ty/src/diagnostics/decl_check.rs	CaseType
crates/hir-ty/src/diagnostics/expr.rs	ExprValidator	crates/hir-ty/src/diagnostics/expr.rs	BodyValidationDiagnostic
crates/hir-ty/src/diagnostics/expr.rs	ExprValidator	crates/hir-ty/src/infer.rs	InferenceResult
crates/hir-ty/src/diagnostics/expr.rs	ExprValidator	crates/hir-ty/src/next_solver/infer/mod.rs	InferCtxt
crates/hir-ty/src/diagnostics/expr.rs	ExprValidator	crates/hir-ty/src/next_solver/predicate.rs	ParamEnv
crates/hir-ty/src/diagnostics/expr.rs	FilterMapNextChecker	crates/hir-ty/src/next_solver/ty.rs	Ty
crates/hir-ty/src/diagnostics/match_check.rs	FieldPat	crates/hir-ty/src/diagnostics/match_check.rs	Pat
crates/hir-ty/src/diagnostics/match_check.rs	Pat	crates/hir-ty/src/diagnostics/match_check.rs	PatKind
crates/hir-ty/src/diagnostics/match_check.rs	Pat	crates/hir-ty/src/display.rs	HirDisplay
crates/hir-ty/src/diagnostics/match_check.rs	Pat	crates/hir-ty/src/next_solver/ty.rs	Ty
crates/hir-ty/src/diagnostics/match_check.rs	PatCtxt	crates/hir-ty/src/db.rs	HirDatabase
crates/hir-ty/src/diagnostics/match_check.rs	PatCtxt	crates/hir-ty/src/diagnostics/match_check.rs	PatternError
crates/hir-ty/src/diagnostics/match_check.rs	PatCtxt	crates/hir-ty/src/infer.rs	InferenceResult
crates/hir-ty/src/diagnostics/match_check.rs	WriteWith	crates/hir-ty/src/display.rs	HirDisplay
crates/hir-ty/src/diagnostics/match_check/pat_analysis.rs	MatchCheckCtx	crates/hir-ty/src/db.rs	HirDatabase
crates/hir-ty/src/diagnostics/match_check/pat_analysis.rs	MatchCheckCtx	crates/hir-ty/src/next_solver/infer/mod.rs	InferCtxt
crates/hir-ty/src/diagnostics/match_check/pat_analysis.rs	MatchCheckCtx	crates/hir-ty/src/next_solver/predicate.rs	ParamEnv
crates/hir-ty/src/diagnostics/unsafe_check.rs	MissingUnsafeResult	crates/hir-ty/src/diagnostics/unsafe_check.rs	UnsafetyReason
crates/hir-ty/src/diagnostics/unsafe_check.rs	UnsafeVisitor	crates/hir-ty/src/db.rs	HirDatabase
crates/hir-ty/src/diagnostics/unsafe_check.rs	UnsafeVisitor	crates/hir-ty/src/diagnostics/unsafe_check.rs	InsideUnsafeBlock
crates/hir-ty/src/diagnostics/unsafe_check.rs	UnsafeVisitor	crates/hir-ty/src/diagnostics/unsafe_check.rs	UnsafeDiagnostic
crates/hir-ty/src/diagnostics/unsafe_check.rs	UnsafeVisitor	crates/hir-ty/src/infer.rs	InferenceResult
crates/hir-ty/src/diagnostics/unsafe_check.rs	UnsafeVisitor	crates/hir-ty/src/infer/unify.rs	Resolver
crates/hir-ty/src/diagnostics/unsafe_check.rs	UnsafeVisitor	crates/hir-ty/src/target_feature.rs	TargetFeatures
crates/hir-ty/src/diagnostics/unsafe_check.rs	UnsafeVisitor	crates/hir-ty/src/utils.rs	TargetFeatureIsSafeInTarget
crates/hir-ty/src/display.rs	ExpressionStoreAdapter	crates/hir-ty/src/display.rs	HirDisplay
crates/hir-ty/src/display.rs	ExpressionStoreAdapter	crates/hir-ty/src/display.rs	HirDisplayWithExpressionStore
crates/hir-ty/src/display.rs	HirDisplayWrapper	crates/hir-ty/src/db.rs	HirDatabase
crates/hir-ty/src/display.rs	HirDisplayWrapper	crates/hir-ty/src/display.rs	ClosureStyle
crates/hir-ty/src/display.rs	HirDisplayWrapper	crates/hir-ty/src/display.rs	DisplayKind
crates/hir-ty/src/display.rs	HirDisplayWrapper	crates/hir-ty/src/display.rs	DisplayLifetime
crates/hir-ty/src/display.rs	HirDisplayWrapper	crates/hir-ty/src/display.rs	DisplayTarget
crates/hir-ty/src/display.rs	HirDisplayWrapper	crates/hir-ty/src/display.rs	HirDisplay
crates/hir-ty/src/display.rs	HirFormatter	crates/hir-ty/src/db.rs	HirDatabase
crates/hir-ty/src/display.rs	HirFormatter	crates/hir-ty/src/display.rs	ClosureStyle
crates/hir-ty/src/display.rs	HirFormatter	crates/hir-ty/src/display.rs	DisplayKind
crates/hir-ty/src/display.rs	HirFormatter	crates/hir-ty/src/display.rs	DisplayLifetime
crates/hir-ty/src/display.rs	HirFormatter	crates/hir-ty/src/display.rs	DisplayTarget
crates/hir-ty/src/display.rs	HirFormatter	crates/hir-ty/src/display.rs	HirWrite
crates/hir-ty/src/display.rs	HirFormatter	crates/hir-ty/src/next_solver/interner.rs	DbInterner
crates/hir-ty/src/generics.rs	Generics	crates/hir-ty/src/generics.rs	SingleGenerics
crates/hir-ty/src/infer.rs	Adjustment	crates/hir-ty/src/infer.rs	Adjust
crates/hir-ty/src/infer.rs	BindingMode	crates/hir-ty/src/infer.rs	ByRef
crates/hir-ty/src/infer.rs	BreakableContext	crates/hir-ty/src/infer.rs	BreakableKind
crates/hir-ty/src/infer.rs	CaptureInfo	crates/hir-ty/src/infer.rs	CaptureSourceStack
crates/hir-ty/src/infer.rs	CaptureInfo	crates/hir-ty/src/infer.rs	UpvarCapture
crates/hir-ty/src/infer.rs	CaptureSourceStack	crates/hir-ty/src/infer.rs	CaptureSourceStackRepr
crates/hir-ty/src/infer.rs	CapturedPlace	crates/hir-ty/src/infer.rs	CaptureInfo
crates/hir-ty/src/infer.rs	CapturedPlace	crates/hir-ty/src/infer/closure/analysis/expr_use_visitor.rs	Place
crates/hir-ty/src/infer.rs	ClosureData	crates/hir-ty/src/infer.rs	CaptureSourceStack
crates/hir-ty/src/infer.rs	ClosureData	crates/hir-ty/src/infer/closure/analysis/expr_use_visitor.rs	FakeReadCause
crates/hir-ty/src/infer.rs	ClosureData	crates/hir-ty/src/infer/closure/analysis/expr_use_visitor.rs	Place
crates/hir-ty/src/infer.rs	ClosureData	crates/hir-ty/src/next_solver/binder.rs	StoredFnSig
crates/hir-ty/src/infer.rs	InferenceContext	crates/hir-ty/src/db.rs	AnonConstId
crates/hir-ty/src/infer.rs	InferenceContext	crates/hir-ty/src/db.rs	HirDatabase
crates/hir-ty/src/infer.rs	InferenceContext	crates/hir-ty/src/infer.rs	BreakableContext
crates/hir-ty/src/infer.rs	InferenceContext	crates/hir-ty/src/infer.rs	Diverges
crates/hir-ty/src/infer.rs	InferenceContext	crates/hir-ty/src/infer.rs	InferenceResult
crates/hir-ty/src/infer.rs	InferenceContext	crates/hir-ty/src/infer/callee.rs	DeferredCallResolution
crates/hir-ty/src/infer.rs	InferenceContext	crates/hir-ty/src/infer/cast.rs	CastCheck
crates/hir-ty/src/infer.rs	InferenceContext	crates/hir-ty/src/infer/diagnostics.rs	Diagnostics
crates/hir-ty/src/infer.rs	InferenceContext	crates/hir-ty/src/infer/unify.rs	Resolver
crates/hir-ty/src/infer.rs	InferenceContext	crates/hir-ty/src/lib.rs	InferBodyId
crates/hir-ty/src/infer.rs	InferenceContext	crates/hir-ty/src/next_solver/generic_arg.rs	Term
crates/hir-ty/src/infer.rs	InferenceContext	crates/hir-ty/src/next_solver/ty.rs	Ty
crates/hir-ty/src/infer.rs	InferenceContext	crates/hir-ty/src/target_feature.rs	TargetFeatures
crates/hir-ty/src/infer.rs	InferenceContext	crates/hir-ty/src/utils.rs	TargetFeatureIsSafeInTarget
crates/hir-ty/src/infer.rs	InferenceResult	crates/hir-ty/src/db.rs	AnonConstId
crates/hir-ty/src/infer.rs	InferenceResult	crates/hir-ty/src/db.rs	InternedOpaqueTyId
crates/hir-ty/src/infer.rs	InferenceResult	crates/hir-ty/src/infer.rs	Adjustment
crates/hir-ty/src/infer.rs	InferenceResult	crates/hir-ty/src/infer.rs	BindingMode
crates/hir-ty/src/infer.rs	InferenceResult	crates/hir-ty/src/infer.rs	ClosureData
crates/hir-ty/src/infer.rs	InferenceResult	crates/hir-ty/src/infer.rs	InferenceDiagnostic
crates/hir-ty/src/infer.rs	InferenceResult	crates/hir-ty/src/infer.rs	PatAdjustment
crates/hir-ty/src/infer.rs	InferenceResult	crates/hir-ty/src/method_resolution.rs	CandidateId
crates/hir-ty/src/infer.rs	PatAdjustment	crates/hir-ty/src/infer.rs	PatAdjust
crates/hir-ty/src/infer/callee.rs	DeferredCallResolution	crates/hir-ty/src/infer.rs	Adjustment
crates/hir-ty/src/infer/callee.rs	DeferredCallResolution	crates/hir-ty/src/next_solver/ty.rs	Ty
crates/hir-ty/src/infer/cast.rs	CastCheck	crates/hir-ty/src/next_solver/ty.rs	Ty
crates/hir-ty/src/infer/closure/analysis.rs	InferBorrowKind	crates/hir-ty/src/infer.rs	CaptureSourceStack
crates/hir-ty/src/infer/closure/analysis.rs	InferBorrowKind	crates/hir-ty/src/infer/closure/analysis/expr_use_visitor.rs	FakeReadCause
crates/hir-ty/src/infer/closure/analysis.rs	InferBorrowKind	crates/hir-ty/src/infer/closure/analysis/expr_use_visitor.rs	Place
crates/hir-ty/src/infer/closure/analysis/expr_use_visitor.rs	ExprUseVisitor	crates/hir-ty/src/infer.rs	InferenceContext
crates/hir-ty/src/infer/closure/analysis/expr_use_visitor.rs	ExprUseVisitor	crates/hir-ty/src/infer/closure/analysis/expr_use_visitor.rs	Delegate
crates/hir-ty/src/infer/closure/analysis/expr_use_visitor.rs	ExprUseVisitor	crates/hir-ty/src/upvars.rs	UpvarsRef
crates/hir-ty/src/infer/closure/analysis/expr_use_visitor.rs	Place	crates/hir-ty/src/infer/closure/analysis/expr_use_visitor.rs	PlaceBase
crates/hir-ty/src/infer/closure/analysis/expr_use_visitor.rs	Place	crates/hir-ty/src/infer/closure/analysis/expr_use_visitor.rs	Projection
crates/hir-ty/src/infer/closure/analysis/expr_use_visitor.rs	PlaceWithOrigin	crates/hir-ty/src/infer.rs	CaptureSourceStack
crates/hir-ty/src/infer/closure/analysis/expr_use_visitor.rs	PlaceWithOrigin	crates/hir-ty/src/infer/closure/analysis/expr_use_visitor.rs	Place
crates/hir-ty/src/infer/closure/analysis/expr_use_visitor.rs	Projection	crates/hir-ty/src/infer/closure/analysis/expr_use_visitor.rs	ProjectionKind
crates/hir-ty/src/infer/coerce.rs	Coerce	crates/hir-ty/src/infer.rs	AllowTwoPhase
crates/hir-ty/src/infer/coerce.rs	Coerce	crates/hir-ty/src/infer/coerce.rs	CoerceDelegate
crates/hir-ty/src/infer/coerce.rs	Coerce	crates/hir-ty/src/next_solver/infer/traits.rs	ObligationCause
crates/hir-ty/src/infer/coerce.rs	CoerceMany	crates/hir-ty/src/infer/coerce.rs	Expressions
crates/hir-ty/src/infer/coerce.rs	CoerceMany	crates/hir-ty/src/next_solver/ty.rs	Ty
crates/hir-ty/src/infer/coerce.rs	CoerceVisitor	crates/hir-ty/src/infer/coerce.rs	CoerceDelegate
crates/hir-ty/src/infer/coerce.rs	CoerceVisitor	crates/hir-ty/src/lib.rs	Span
crates/hir-ty/src/infer/coerce.rs	CoerceVisitor	crates/hir-ty/src/next_solver/inspect.rs	ProofTreeVisitor
crates/hir-ty/src/infer/coerce.rs	HirCoercionDelegate	crates/hir-ty/src/infer/coerce.rs	CoerceDelegate
crates/hir-ty/src/infer/coerce.rs	HirCoercionDelegate	crates/hir-ty/src/next_solver/infer/mod.rs	InferCtxt
crates/hir-ty/src/infer/coerce.rs	HirCoercionDelegate	crates/hir-ty/src/next_solver/predicate.rs	ParamEnv
crates/hir-ty/src/infer/coerce.rs	HirCoercionDelegate	crates/hir-ty/src/target_feature.rs	TargetFeatures
crates/hir-ty/src/infer/coerce.rs	InferenceCoercionDelegate	crates/hir-ty/src/infer.rs	InferenceContext
crates/hir-ty/src/infer/coerce.rs	InferenceCoercionDelegate	crates/hir-ty/src/infer/coerce.rs	CoerceDelegate
crates/hir-ty/src/infer/diagnostics.rs	Diagnostics	crates/hir-ty/src/infer.rs	InferenceDiagnostic
crates/hir-ty/src/infer/diagnostics.rs	InferenceTyLoweringContext	crates/hir-ty/src/db.rs	AnonConstId
crates/hir-ty/src/infer/diagnostics.rs	InferenceTyLoweringContext	crates/hir-ty/src/infer.rs	InferenceTyDiagnosticSource
crates/hir-ty/src/infer/diagnostics.rs	InferenceTyLoweringContext	crates/hir-ty/src/infer/diagnostics.rs	Diagnostics
crates/hir-ty/src/infer/diagnostics.rs	InferenceTyLoweringContext	crates/hir-ty/src/lower.rs	TyLoweringContext
crates/hir-ty/src/infer/diagnostics.rs	InferenceTyLoweringVarsCtx	crates/hir-ty/src/infer/unify.rs	InferenceTable
crates/hir-ty/src/infer/diagnostics.rs	InferenceTyLoweringVarsCtx	crates/hir-ty/src/lower.rs	TyLoweringInferVarsCtx
crates/hir-ty/src/infer/diagnostics.rs	PathDiagnosticCallbackData	crates/hir-ty/src/infer/diagnostics.rs	Diagnostics
crates/hir-ty/src/infer/pat.rs	PatInfo	crates/hir-ty/src/infer.rs	ByRef
crates/hir-ty/src/infer/pat.rs	PatInfo	crates/hir-ty/src/infer/pat.rs	MutblCap
crates/hir-ty/src/infer/pat.rs	PatInfo	crates/hir-ty/src/infer/pat.rs	PatOrigin
crates/hir-ty/src/infer/pat.rs	ResolvedPat	crates/hir-ty/src/infer/pat.rs	ResolvedPatKind
crates/hir-ty/src/infer/pat.rs	ResolvedPat	crates/hir-ty/src/next_solver/ty.rs	Ty
crates/hir-ty/src/infer/unify.rs	DiagnoseInferVars	crates/hir-ty/src/infer/unify.rs	WriteBackCtxt
crates/hir-ty/src/infer/unify.rs	DiagnoseInferVars	crates/hir-ty/src/next_solver/generic_arg.rs	Term
crates/hir-ty/src/infer/unify.rs	InferenceTable	crates/hir-ty/src/db.rs	HirDatabase
crates/hir-ty/src/infer/unify.rs	InferenceTable	crates/hir-ty/src/next_solver/fulfill.rs	FulfillmentCtxt
crates/hir-ty/src/infer/unify.rs	InferenceTable	crates/hir-ty/src/next_solver/fulfill.rs	NextSolverError
crates/hir-ty/src/infer/unify.rs	InferenceTable	crates/hir-ty/src/next_solver/infer/mod.rs	InferCtxt
crates/hir-ty/src/infer/unify.rs	InferenceTable	crates/hir-ty/src/next_solver/predicate.rs	ParamEnv
crates/hir-ty/src/infer/unify.rs	InferenceTable	crates/hir-ty/src/next_solver/ty.rs	Ty
crates/hir-ty/src/infer/unify.rs	NestedObligationsForSelfTy	crates/hir-ty/src/infer/unify.rs	InferenceTable
crates/hir-ty/src/infer/unify.rs	NestedObligationsForSelfTy	crates/hir-ty/src/next_solver/infer/traits.rs	Obligation
crates/hir-ty/src/infer/unify.rs	NestedObligationsForSelfTy	crates/hir-ty/src/next_solver/infer/traits.rs	ObligationCause
crates/hir-ty/src/infer/unify.rs	NestedObligationsForSelfTy	crates/hir-ty/src/next_solver/inspect.rs	ProofTreeVisitor
crates/hir-ty/src/infer/unify.rs	NestedObligationsForSelfTy	crates/hir-ty/src/next_solver/predicate.rs	Predicate
crates/hir-ty/src/infer/unify.rs	Resolver	crates/hir-ty/src/infer/unify.rs	WriteBackCtxt
crates/hir-ty/src/infer/unify.rs	Resolver	crates/hir-ty/src/next_solver/predicate.rs	Predicate
crates/hir-ty/src/infer/unify.rs	WriteBackCtxt	crates/hir-ty/src/infer.rs	InferenceDiagnostic
crates/hir-ty/src/infer/unify.rs	WriteBackCtxt	crates/hir-ty/src/infer/unify.rs	InferenceTable
crates/hir-ty/src/infer/unify.rs	WriteBackCtxt	crates/hir-ty/src/lib.rs	Span
crates/hir-ty/src/infer/unify.rs	WriteBackCtxt	crates/hir-ty/src/next_solver.rs	DefaultAny
crates/hir-ty/src/inhabitedness.rs	UninhabitedFrom	crates/hir-ty/src/next_solver/infer/mod.rs	InferCtxt
crates/hir-ty/src/inhabitedness.rs	UninhabitedFrom	crates/hir-ty/src/next_solver/predicate.rs	ParamEnv
crates/hir-ty/src/inhabitedness.rs	UninhabitedFrom	crates/hir-ty/src/next_solver/ty.rs	Ty
crates/hir-ty/src/lib.rs	ComplexMemoryMap	crates/hir-ty/src/mir/eval.rs	VTableMap
crates/hir-ty/src/lower.rs	FieldType	crates/hir-ty/src/next_solver/binder.rs	StoredEarlyBinder
crates/hir-ty/src/lower.rs	FieldTypes	crates/hir-ty/src/lower.rs	FieldType
crates/hir-ty/src/lower.rs	GenericDefaults	crates/hir-ty/src/next_solver/binder.rs	StoredEarlyBinder
crates/hir-ty/src/lower.rs	GenericDefaults	crates/hir-ty/src/next_solver/generic_arg.rs	StoredGenericArg
crates/hir-ty/src/lower.rs	GenericDefaultsRef	crates/hir-ty/src/next_solver/binder.rs	StoredEarlyBinder
crates/hir-ty/src/lower.rs	GenericDefaultsRef	crates/hir-ty/src/next_solver/generic_arg.rs	StoredGenericArg
crates/hir-ty/src/lower.rs	GenericPredicates	crates/hir-ty/src/next_solver/binder.rs	StoredEarlyBinder
crates/hir-ty/src/lower.rs	ImplTrait	crates/hir-ty/src/next_solver/binder.rs	StoredEarlyBinder
crates/hir-ty/src/lower.rs	ImplTraitLoweringState	crates/hir-ty/src/lower.rs	ImplTrait
crates/hir-ty/src/lower.rs	ImplTraitLoweringState	crates/hir-ty/src/lower.rs	ImplTraitLoweringMode
crates/hir-ty/src/lower.rs	TyLoweringContext	crates/hir-ty/src/db.rs	AnonConstId
crates/hir-ty/src/lower.rs	TyLoweringContext	crates/hir-ty/src/db.rs	HirDatabase
crates/hir-ty/src/lower.rs	TyLoweringContext	crates/hir-ty/src/infer/unify.rs	Resolver
crates/hir-ty/src/lower.rs	TyLoweringContext	crates/hir-ty/src/lower.rs	ForbidParamsAfterReason
crates/hir-ty/src/lower.rs	TyLoweringContext	crates/hir-ty/src/lower.rs	ImplTraitLoweringState
crates/hir-ty/src/lower.rs	TyLoweringContext	crates/hir-ty/src/lower.rs	LifetimeElisionKind
crates/hir-ty/src/lower.rs	TyLoweringContext	crates/hir-ty/src/lower.rs	LifetimeLoweringMode
crates/hir-ty/src/lower.rs	TyLoweringContext	crates/hir-ty/src/lower.rs	TyLoweringInferVarsCtx
crates/hir-ty/src/lower.rs	TyLoweringContext	crates/hir-ty/src/lower/diagnostics.rs	TyLoweringDiagnostic
crates/hir-ty/src/lower.rs	TyLoweringContext	crates/hir-ty/src/next_solver/interner.rs	DbInterner
crates/hir-ty/src/lower.rs	TyLoweringContext	crates/hir-ty/src/next_solver/ty.rs	Ty
crates/hir-ty/src/lower.rs	TyLoweringResult	crates/hir-ty/src/lower.rs	TyLoweringResultInfo
crates/hir-ty/src/lower.rs	TyLoweringResultInfo	crates/hir-ty/src/db.rs	AnonConstId
crates/hir-ty/src/lower.rs	TyLoweringResultInfo	crates/hir-ty/src/lower/diagnostics.rs	TyLoweringDiagnostic
crates/hir-ty/src/lower.rs	WithDefinedOpaques	crates/hir-ty/src/lower.rs	ImplTrait
crates/hir-ty/src/lower/path.rs	PathDiagnosticCallback	crates/hir-ty/src/lower.rs	TyLoweringContext
crates/hir-ty/src/lower/path.rs	PathDiagnosticCallback	crates/hir-ty/src/lower/diagnostics.rs	PathLoweringDiagnostic
crates/hir-ty/src/lower/path.rs	PathLoweringContext	crates/hir-ty/src/lower.rs	TyLoweringContext
crates/hir-ty/src/lower/path.rs	PathLoweringContext	crates/hir-ty/src/lower/path.rs	PathDiagnosticCallback
crates/hir-ty/src/method_resolution.rs	MethodResolutionContext	crates/hir-ty/src/infer/unify.rs	Resolver
crates/hir-ty/src/method_resolution.rs	MethodResolutionContext	crates/hir-ty/src/lib.rs	Span
crates/hir-ty/src/method_resolution.rs	MethodResolutionContext	crates/hir-ty/src/next_solver/infer/mod.rs	InferCtxt
crates/hir-ty/src/method_resolution.rs	MethodResolutionContext	crates/hir-ty/src/next_solver/predicate.rs	ParamEnv
crates/hir-ty/src/method_resolution.rs	TraitImpls	crates/hir-ty/src/method_resolution.rs	OneTraitImpls
crates/hir-ty/src/method_resolution/confirm.rs	ConfirmContext	crates/hir-ty/src/infer.rs	InferenceContext
crates/hir-ty/src/method_resolution/confirm.rs	ConfirmResult	crates/hir-ty/src/infer.rs	Adjustment
crates/hir-ty/src/method_resolution/confirm.rs	ConfirmResult	crates/hir-ty/src/method_resolution.rs	MethodCallee
crates/hir-ty/src/method_resolution/probe.rs	Candidate	crates/hir-ty/src/method_resolution.rs	CandidateId
crates/hir-ty/src/method_resolution/probe.rs	Candidate	crates/hir-ty/src/method_resolution/probe.rs	CandidateKind
crates/hir-ty/src/method_resolution/probe.rs	CandidateStep	crates/hir-ty/src/next_solver/infer/canonical/mod.rs	QueryResponse
crates/hir-ty/src/method_resolution/probe.rs	CandidateStep	crates/hir-ty/src/next_solver/ty.rs	Ty
crates/hir-ty/src/method_resolution/probe.rs	CandidateWithPrivate	crates/hir-ty/src/method_resolution/probe.rs	Candidate
crates/hir-ty/src/method_resolution/probe.rs	MethodAutoderefBadTy	crates/hir-ty/src/next_solver/infer/canonical/mod.rs	QueryResponse
crates/hir-ty/src/method_resolution/probe.rs	MethodAutoderefBadTy	crates/hir-ty/src/next_solver/ty.rs	Ty
crates/hir-ty/src/method_resolution/probe.rs	MethodAutoderefStepsResult	crates/hir-ty/src/method_resolution/probe.rs	CandidateStep
crates/hir-ty/src/method_resolution/probe.rs	MethodAutoderefStepsResult	crates/hir-ty/src/method_resolution/probe.rs	MethodAutoderefBadTy
crates/hir-ty/src/method_resolution/probe.rs	Pick	crates/hir-ty/src/method_resolution.rs	CandidateId
crates/hir-ty/src/method_resolution/probe.rs	Pick	crates/hir-ty/src/method_resolution/probe.rs	AutorefOrPtrAdjustment
crates/hir-ty/src/method_resolution/probe.rs	Pick	crates/hir-ty/src/method_resolution/probe.rs	PickKind
crates/hir-ty/src/method_resolution/probe.rs	Pick	crates/hir-ty/src/next_solver/ty.rs	Ty
crates/hir-ty/src/method_resolution/probe.rs	PickConstraintsForShadowed	crates/hir-ty/src/method_resolution.rs	CandidateId
crates/hir-ty/src/method_resolution/probe.rs	ProbeAllChoice	crates/hir-ty/src/method_resolution.rs	CandidateId
crates/hir-ty/src/method_resolution/probe.rs	ProbeAllChoice	crates/hir-ty/src/method_resolution/probe.rs	CandidateWithPrivate
crates/hir-ty/src/method_resolution/probe.rs	ProbeAllChoice	crates/hir-ty/src/method_resolution/probe.rs	ProbeChoice
crates/hir-ty/src/method_resolution/probe.rs	ProbeContext	crates/hir-ty/src/method_resolution.rs	CandidateSource
crates/hir-ty/src/method_resolution/probe.rs	ProbeContext	crates/hir-ty/src/method_resolution.rs	MethodResolutionContext
crates/hir-ty/src/method_resolution/probe.rs	ProbeContext	crates/hir-ty/src/method_resolution/probe.rs	Candidate
crates/hir-ty/src/method_resolution/probe.rs	ProbeContext	crates/hir-ty/src/method_resolution/probe.rs	CandidateStep
crates/hir-ty/src/method_resolution/probe.rs	ProbeContext	crates/hir-ty/src/method_resolution/probe.rs	Mode
crates/hir-ty/src/method_resolution/probe.rs	ProbeContext	crates/hir-ty/src/method_resolution/probe.rs	ProbeChoice
crates/hir-ty/src/method_resolution/probe.rs	ProbeContext	crates/hir-ty/src/next_solver/infer/canonical/canonicalizer.rs	OriginalQueryValues
crates/hir-ty/src/method_resolution/probe.rs	ProbeForNameChoice	crates/hir-ty/src/method_resolution/probe.rs	Pick
crates/hir-ty/src/method_resolution/probe.rs	ProbeForNameChoice	crates/hir-ty/src/method_resolution/probe.rs	ProbeChoice
crates/hir-ty/src/mir.rs	BasicBlock	crates/hir-ty/src/mir.rs	Statement
crates/hir-ty/src/mir.rs	BasicBlock	crates/hir-ty/src/mir.rs	Terminator
crates/hir-ty/src/mir.rs	MirBody	crates/hir-ty/src/db.rs	InternedClosureId
crates/hir-ty/src/mir.rs	MirBody	crates/hir-ty/src/lib.rs	InferBodyId
crates/hir-ty/src/mir.rs	MirBody	crates/hir-ty/src/mir.rs	BasicBlock
crates/hir-ty/src/mir.rs	MirBody	crates/hir-ty/src/mir.rs	Local
crates/hir-ty/src/mir.rs	Operand	crates/hir-ty/src/mir.rs	MirSpan
crates/hir-ty/src/mir.rs	Operand	crates/hir-ty/src/mir.rs	OperandKind
crates/hir-ty/src/mir.rs	PlaceRef	crates/hir-ty/src/mir.rs	Projection
crates/hir-ty/src/mir.rs	PlaceTy	crates/hir-ty/src/next_solver/ty.rs	Ty
crates/hir-ty/src/mir.rs	Statement	crates/hir-ty/src/mir.rs	MirSpan
crates/hir-ty/src/mir.rs	Statement	crates/hir-ty/src/mir.rs	StatementKind
crates/hir-ty/src/mir.rs	Terminator	crates/hir-ty/src/mir.rs	MirSpan
crates/hir-ty/src/mir.rs	Terminator	crates/hir-ty/src/mir.rs	TerminatorKind
crates/hir-ty/src/mir/eval.rs	DropFlags	crates/hir-ty/src/mir.rs	PlaceRef
crates/hir-ty/src/mir/eval.rs	Evaluator	crates/hir-ty/src/db.rs	HirDatabase
crates/hir-ty/src/mir/eval.rs	Evaluator	crates/hir-ty/src/lib.rs	InferBodyId
crates/hir-ty/src/mir/eval.rs	Evaluator	crates/hir-ty/src/mir.rs	PlaceTy
crates/hir-ty/src/mir/eval.rs	Evaluator	crates/hir-ty/src/mir/eval.rs	Address
crates/hir-ty/src/mir/eval.rs	Evaluator	crates/hir-ty/src/mir/eval.rs	Locals
crates/hir-ty/src/mir/eval.rs	Evaluator	crates/hir-ty/src/mir/eval.rs	MirOrDynIndex
crates/hir-ty/src/mir/eval.rs	Evaluator	crates/hir-ty/src/mir/eval.rs	StackFrame
crates/hir-ty/src/mir/eval.rs	Evaluator	crates/hir-ty/src/mir/eval.rs	TlsData
crates/hir-ty/src/mir/eval.rs	Evaluator	crates/hir-ty/src/mir/eval.rs	VTableMap
crates/hir-ty/src/mir/eval.rs	Evaluator	crates/hir-ty/src/next_solver/infer/mod.rs	InferCtxt
crates/hir-ty/src/mir/eval.rs	Evaluator	crates/hir-ty/src/next_solver/ty.rs	Ty
crates/hir-ty/src/mir/eval.rs	Evaluator	crates/hir-ty/src/traits.rs	ParamEnvAndCrate
crates/hir-ty/src/mir/eval.rs	Interval	crates/hir-ty/src/mir/eval.rs	Address
crates/hir-ty/src/mir/eval.rs	IntervalAndTy	crates/hir-ty/src/mir/eval.rs	Interval
crates/hir-ty/src/mir/eval.rs	IntervalAndTy	crates/hir-ty/src/next_solver/ty.rs	Ty
crates/hir-ty/src/mir/eval.rs	Locals	crates/hir-ty/src/mir.rs	MirBody
crates/hir-ty/src/mir/eval.rs	Locals	crates/hir-ty/src/mir/eval.rs	DropFlags
crates/hir-ty/src/mir/eval.rs	Locals	crates/hir-ty/src/mir/eval.rs	Interval
crates/hir-ty/src/mir/eval.rs	StackFrame	crates/hir-ty/src/lib.rs	InferBodyId
crates/hir-ty/src/mir/eval.rs	StackFrame	crates/hir-ty/src/mir.rs	MirSpan
crates/hir-ty/src/mir/eval.rs	StackFrame	crates/hir-ty/src/mir/eval.rs	Locals
crates/hir-ty/src/mir/eval.rs	VTableMap	crates/hir-ty/src/next_solver/ty.rs	Ty
crates/hir-ty/src/mir/lower.rs	LoopBlocks	crates/hir-ty/src/mir.rs	Place
crates/hir-ty/src/mir/lower.rs	MirLowerCtx	crates/hir-ty/src/db.rs	HirDatabase
crates/hir-ty/src/mir/lower.rs	MirLowerCtx	crates/hir-ty/src/infer.rs	InferenceResult
crates/hir-ty/src/mir/lower.rs	MirLowerCtx	crates/hir-ty/src/infer/unify.rs	Resolver
crates/hir-ty/src/mir/lower.rs	MirLowerCtx	crates/hir-ty/src/lib.rs	InferBodyId
crates/hir-ty/src/mir/lower.rs	MirLowerCtx	crates/hir-ty/src/mir.rs	MirBody
crates/hir-ty/src/mir/lower.rs	MirLowerCtx	crates/hir-ty/src/mir.rs	Place
crates/hir-ty/src/mir/lower.rs	MirLowerCtx	crates/hir-ty/src/mir/lower.rs	DropScope
crates/hir-ty/src/mir/lower.rs	MirLowerCtx	crates/hir-ty/src/mir/lower.rs	LoopBlocks
crates/hir-ty/src/mir/lower.rs	MirLowerCtx	crates/hir-ty/src/next_solver/infer/mod.rs	InferCtxt
crates/hir-ty/src/mir/lower.rs	MirLowerCtx	crates/hir-ty/src/next_solver/predicate.rs	ParamEnv
crates/hir-ty/src/mir/monomorphization.rs	Filler	crates/hir-ty/src/next_solver/infer/mod.rs	InferCtxt
crates/hir-ty/src/mir/monomorphization.rs	Filler	crates/hir-ty/src/traits.rs	ParamEnvAndCrate
crates/hir-ty/src/mir/pretty.rs	LocalName	crates/hir-ty/src/display.rs	HirDisplay
crates/hir-ty/src/mir/pretty.rs	MirPrettyCtx	crates/hir-ty/src/db.rs	HirDatabase
crates/hir-ty/src/mir/pretty.rs	MirPrettyCtx	crates/hir-ty/src/display.rs	DisplayTarget
crates/hir-ty/src/mir/pretty.rs	MirPrettyCtx	crates/hir-ty/src/mir.rs	MirBody
crates/hir-ty/src/next_solver.rs	DefaultAny	crates/hir-ty/src/next_solver.rs	DefaultConsts
crates/hir-ty/src/next_solver.rs	DefaultAny	crates/hir-ty/src/next_solver.rs	DefaultEmpty
crates/hir-ty/src/next_solver.rs	DefaultAny	crates/hir-ty/src/next_solver.rs	DefaultRegions
crates/hir-ty/src/next_solver.rs	DefaultAny	crates/hir-ty/src/next_solver.rs	DefaultTypes
crates/hir-ty/src/next_solver.rs	DefaultConsts	crates/hir-ty/src/next_solver/consts.rs	Const
crates/hir-ty/src/next_solver.rs	DefaultEmpty	crates/hir-ty/src/next_solver/predicate.rs	Clauses
crates/hir-ty/src/next_solver.rs	DefaultRegions	crates/hir-ty/src/next_solver/region.rs	Region
crates/hir-ty/src/next_solver.rs	DefaultTypes	crates/hir-ty/src/next_solver/ty.rs	Ty
crates/hir-ty/src/next_solver/allocation.rs	Allocation	crates/hir-ty/src/next_solver/allocation.rs	AllocationInterned
crates/hir-ty/src/next_solver/allocation.rs	AllocationData	crates/hir-ty/src/lib.rs	MemoryMap
crates/hir-ty/src/next_solver/allocation.rs	AllocationData	crates/hir-ty/src/next_solver/ty.rs	Ty
crates/hir-ty/src/next_solver/allocation.rs	AllocationInterned	crates/hir-ty/src/next_solver/allocation.rs	AllocationData
crates/hir-ty/src/next_solver/binder.rs	StoredPolyFnSig	crates/hir-ty/src/next_solver/binder.rs	StoredFnSig
crates/hir-ty/src/next_solver/consts.rs	Const	crates/hir-ty/src/next_solver/consts.rs	ConstInterned
crates/hir-ty/src/next_solver/consts/valtree.rs	ValTree	crates/hir-ty/src/next_solver/consts/valtree.rs	ValTreeInterned
crates/hir-ty/src/next_solver/consts/valtree.rs	ValTree	crates/hir-ty/src/next_solver/interner.rs	WorldExposer
crates/hir-ty/src/next_solver/consts/valtree.rs	ValueConst	crates/hir-ty/src/next_solver/consts/valtree.rs	ValTree
crates/hir-ty/src/next_solver/consts/valtree.rs	ValueConst	crates/hir-ty/src/next_solver/ty.rs	Ty
crates/hir-ty/src/next_solver/def_id.rs	GeneralConstIdWrapper	crates/hir-ty/src/db.rs	GeneralConstId
crates/hir-ty/src/next_solver/fold.rs	BoundVarReplacer	crates/hir-ty/src/next_solver/fold.rs	BoundVarReplacerDelegate
crates/hir-ty/src/next_solver/fold.rs	BoundVarReplacer	crates/hir-ty/src/next_solver/interner.rs	DbInterner
crates/hir-ty/src/next_solver/fold.rs	FnMutDelegate	crates/hir-ty/src/next_solver/consts.rs	Const
crates/hir-ty/src/next_solver/fold.rs	FnMutDelegate	crates/hir-ty/src/next_solver/fold.rs	BoundVarReplacerDelegate
crates/hir-ty/src/next_solver/fold.rs	FnMutDelegate	crates/hir-ty/src/next_solver/region.rs	Region
crates/hir-ty/src/next_solver/fold.rs	FnMutDelegate	crates/hir-ty/src/next_solver/ty.rs	Ty
crates/hir-ty/src/next_solver/format_proof_tree.rs	CandidateData	crates/hir-ty/src/next_solver/format_proof_tree.rs	ProofTreeData
crates/hir-ty/src/next_solver/format_proof_tree.rs	ProofTreeData	crates/hir-ty/src/next_solver/format_proof_tree.rs	CandidateData
crates/hir-ty/src/next_solver/format_proof_tree.rs	ProofTreeSerializer	crates/hir-ty/src/next_solver/infer/mod.rs	InferCtxt
crates/hir-ty/src/next_solver/fulfill.rs	FulfillmentCtxt	crates/hir-ty/src/next_solver/fulfill.rs	ObligationStorage
crates/hir-ty/src/next_solver/fulfill.rs	StalledOnCoroutines	crates/hir-ty/src/lib.rs	Span
crates/hir-ty/src/next_solver/fulfill.rs	StalledOnCoroutines	crates/hir-ty/src/next_solver/def_id.rs	SolverDefId
crates/hir-ty/src/next_solver/fulfill.rs	StalledOnCoroutines	crates/hir-ty/src/next_solver/inspect.rs	ProofTreeVisitor
crates/hir-ty/src/next_solver/fulfill.rs	StalledOnCoroutines	crates/hir-ty/src/next_solver/ty.rs	Ty
crates/hir-ty/src/next_solver/generic_arg.rs	GenericArg	crates/hir-ty/src/next_solver/generic_arg.rs	GenericArgImpl
crates/hir-ty/src/next_solver/generic_arg.rs	GenericArgImpl	crates/hir-ty/src/next_solver/consts.rs	Const
crates/hir-ty/src/next_solver/generic_arg.rs	GenericArgImpl	crates/hir-ty/src/next_solver/region.rs	Region
crates/hir-ty/src/next_solver/generic_arg.rs	GenericArgImpl	crates/hir-ty/src/next_solver/ty.rs	Ty
crates/hir-ty/src/next_solver/generic_arg.rs	StoredGenericArg	crates/hir-ty/src/next_solver/generic_arg.rs	GenericArgImpl
crates/hir-ty/src/next_solver/generic_arg.rs	Term	crates/hir-ty/src/next_solver/generic_arg.rs	GenericArgImpl
crates/hir-ty/src/next_solver/infer/at.rs	At	crates/hir-ty/src/next_solver/infer/mod.rs	InferCtxt
crates/hir-ty/src/next_solver/infer/at.rs	At	crates/hir-ty/src/next_solver/infer/traits.rs	ObligationCause
crates/hir-ty/src/next_solver/infer/at.rs	At	crates/hir-ty/src/next_solver/predicate.rs	ParamEnv
crates/hir-ty/src/next_solver/infer/canonical/canonicalizer.rs	CanonicalizeAllFreeRegions	crates/hir-ty/src/next_solver/infer/canonical/canonicalizer.rs	CanonicalizeMode
crates/hir-ty/src/next_solver/infer/canonical/canonicalizer.rs	CanonicalizeQueryResponse	crates/hir-ty/src/next_solver/infer/canonical/canonicalizer.rs	CanonicalizeMode
crates/hir-ty/src/next_solver/infer/canonical/canonicalizer.rs	CanonicalizeUserTypeAnnotation	crates/hir-ty/src/next_solver/infer/canonical/canonicalizer.rs	CanonicalizeMode
crates/hir-ty/src/next_solver/infer/canonical/canonicalizer.rs	Canonicalizer	crates/hir-ty/src/next_solver/generic_arg.rs	GenericArg
crates/hir-ty/src/next_solver/infer/canonical/canonicalizer.rs	Canonicalizer	crates/hir-ty/src/next_solver/infer/canonical/canonicalizer.rs	CanonicalizeMode
crates/hir-ty/src/next_solver/infer/canonical/canonicalizer.rs	Canonicalizer	crates/hir-ty/src/next_solver/infer/canonical/canonicalizer.rs	OriginalQueryValues
crates/hir-ty/src/next_solver/infer/canonical/canonicalizer.rs	Canonicalizer	crates/hir-ty/src/next_solver/infer/mod.rs	InferCtxt
crates/hir-ty/src/next_solver/infer/canonical/canonicalizer.rs	Canonicalizer	crates/hir-ty/src/next_solver/interner.rs	DbInterner
crates/hir-ty/src/next_solver/infer/canonical/canonicalizer.rs	OriginalQueryValues	crates/hir-ty/src/next_solver/generic_arg.rs	GenericArg
crates/hir-ty/src/next_solver/infer/canonical/instantiate.rs	CanonicalInstantiator	crates/hir-ty/src/next_solver/generic_arg.rs	GenericArg
crates/hir-ty/src/next_solver/infer/canonical/instantiate.rs	CanonicalInstantiator	crates/hir-ty/src/next_solver/interner.rs	DbInterner
crates/hir-ty/src/next_solver/infer/canonical/instantiate.rs	CanonicalInstantiator	crates/hir-ty/src/next_solver/ty.rs	Ty
crates/hir-ty/src/next_solver/infer/canonical/mod.rs	QueryResponse	crates/hir-ty/src/next_solver/infer/canonical/mod.rs	QueryRegionConstraints
crates/hir-ty/src/next_solver/infer/canonical/mod.rs	QueryResponse	crates/hir-ty/src/next_solver/ty.rs	Ty
crates/hir-ty/src/next_solver/infer/errors.rs	BestObligation	crates/hir-ty/src/next_solver/inspect.rs	ProofTreeVisitor
crates/hir-ty/src/next_solver/infer/errors.rs	BestObligation	crates/hir-ty/src/next_solver/predicate.rs	Predicate
crates/hir-ty/src/next_solver/infer/errors.rs	FulfillmentError	crates/hir-ty/src/next_solver/infer/errors.rs	FulfillmentErrorCode
crates/hir-ty/src/next_solver/infer/errors.rs	FulfillmentError	crates/hir-ty/src/next_solver/predicate.rs	Predicate
crates/hir-ty/src/next_solver/infer/mod.rs	InferCtxt	crates/hir-ty/src/next_solver/infer/mod.rs	InferCtxtInner
crates/hir-ty/src/next_solver/infer/mod.rs	InferCtxt	crates/hir-ty/src/next_solver/interner.rs	DbInterner
crates/hir-ty/src/next_solver/infer/mod.rs	InferCtxt	crates/hir-ty/src/next_solver/ty.rs	ErrorGuaranteed
crates/hir-ty/src/next_solver/infer/mod.rs	InferCtxtBuilder	crates/hir-ty/src/next_solver/interner.rs	DbInterner
crates/hir-ty/src/next_solver/infer/mod.rs	InferCtxtInner	crates/hir-ty/src/next_solver/infer/mod.rs	TypeOutlivesConstraint
crates/hir-ty/src/next_solver/infer/mod.rs	InferCtxtInner	crates/hir-ty/src/next_solver/infer/opaque_types/table.rs	OpaqueTypeStorage
crates/hir-ty/src/next_solver/infer/mod.rs	InferCtxtInner	crates/hir-ty/src/next_solver/infer/region_constraints/mod.rs	RegionConstraintStorage
crates/hir-ty/src/next_solver/infer/mod.rs	InferCtxtInner	crates/hir-ty/src/next_solver/infer/snapshot/undo_log.rs	InferCtxtUndoLogs
crates/hir-ty/src/next_solver/infer/mod.rs	InferCtxtInner	crates/hir-ty/src/next_solver/infer/unify_key.rs	ConstVidKey
crates/hir-ty/src/next_solver/infer/mod.rs	MemberConstraint	crates/hir-ty/src/next_solver/region.rs	Region
crates/hir-ty/src/next_solver/infer/mod.rs	MemberConstraint	crates/hir-ty/src/next_solver/ty.rs	Ty
crates/hir-ty/src/next_solver/infer/mod.rs	TypeOutlivesConstraint	crates/hir-ty/src/next_solver/region.rs	Region
crates/hir-ty/src/next_solver/infer/mod.rs	TypeOutlivesConstraint	crates/hir-ty/src/next_solver/ty.rs	Ty
crates/hir-ty/src/next_solver/infer/mod.rs	TypeTrace	crates/hir-ty/src/next_solver/infer/mod.rs	ValuePairs
crates/hir-ty/src/next_solver/infer/mod.rs	TypeTrace	crates/hir-ty/src/next_solver/infer/traits.rs	ObligationCause
crates/hir-ty/src/next_solver/infer/opaque_types/mod.rs	OpaqueHiddenType	crates/hir-ty/src/next_solver/ty.rs	Ty
crates/hir-ty/src/next_solver/infer/opaque_types/table.rs	OpaqueTypeStorage	crates/hir-ty/src/next_solver/infer/opaque_types/mod.rs	OpaqueHiddenType
crates/hir-ty/src/next_solver/infer/opaque_types/table.rs	OpaqueTypeTable	crates/hir-ty/src/next_solver/infer/opaque_types/table.rs	OpaqueTypeStorage
crates/hir-ty/src/next_solver/infer/opaque_types/table.rs	OpaqueTypeTable	crates/hir-ty/src/next_solver/infer/snapshot/undo_log.rs	InferCtxtUndoLogs
crates/hir-ty/src/next_solver/infer/region_constraints/mod.rs	RegionConstraintCollector	crates/hir-ty/src/next_solver/infer/region_constraints/mod.rs	RegionConstraintStorage
crates/hir-ty/src/next_solver/infer/region_constraints/mod.rs	RegionConstraintCollector	crates/hir-ty/src/next_solver/infer/snapshot/undo_log.rs	InferCtxtUndoLogs
crates/hir-ty/src/next_solver/infer/region_constraints/mod.rs	RegionConstraintData	crates/hir-ty/src/next_solver/infer/mod.rs	MemberConstraint
crates/hir-ty/src/next_solver/infer/region_constraints/mod.rs	RegionConstraintData	crates/hir-ty/src/next_solver/infer/region_constraints/mod.rs	Constraint
crates/hir-ty/src/next_solver/infer/region_constraints/mod.rs	RegionConstraintData	crates/hir-ty/src/next_solver/infer/region_constraints/mod.rs	Verify
crates/hir-ty/src/next_solver/infer/region_constraints/mod.rs	RegionConstraintStorage	crates/hir-ty/src/next_solver/infer/region_constraints/mod.rs	RegionConstraintData
crates/hir-ty/src/next_solver/infer/region_constraints/mod.rs	RegionConstraintStorage	crates/hir-ty/src/next_solver/infer/region_constraints/mod.rs	RegionVariableInfo
crates/hir-ty/src/next_solver/infer/region_constraints/mod.rs	RegionConstraintStorage	crates/hir-ty/src/next_solver/infer/unify_key.rs	RegionVidKey
crates/hir-ty/src/next_solver/infer/region_constraints/mod.rs	RegionVariableInfo	crates/hir-ty/src/lib.rs	Span
crates/hir-ty/src/next_solver/infer/region_constraints/mod.rs	TwoRegions	crates/hir-ty/src/next_solver/region.rs	Region
crates/hir-ty/src/next_solver/infer/region_constraints/mod.rs	Verify	crates/hir-ty/src/next_solver/infer/region_constraints/mod.rs	GenericKind
crates/hir-ty/src/next_solver/infer/region_constraints/mod.rs	Verify	crates/hir-ty/src/next_solver/infer/region_constraints/mod.rs	VerifyBound
crates/hir-ty/src/next_solver/infer/region_constraints/mod.rs	Verify	crates/hir-ty/src/next_solver/region.rs	Region
crates/hir-ty/src/next_solver/infer/region_constraints/mod.rs	VerifyIfEq	crates/hir-ty/src/next_solver/region.rs	Region
crates/hir-ty/src/next_solver/infer/region_constraints/mod.rs	VerifyIfEq	crates/hir-ty/src/next_solver/ty.rs	Ty
crates/hir-ty/src/next_solver/infer/relate/generalize.rs	Generalizer	crates/hir-ty/src/lib.rs	Span
crates/hir-ty/src/next_solver/infer/relate/generalize.rs	Generalizer	crates/hir-ty/src/next_solver/generic_arg.rs	Term
crates/hir-ty/src/next_solver/infer/relate/generalize.rs	Generalizer	crates/hir-ty/src/next_solver/generic_arg.rs	TermVid
crates/hir-ty/src/next_solver/infer/relate/generalize.rs	Generalizer	crates/hir-ty/src/next_solver/infer/mod.rs	InferCtxt
crates/hir-ty/src/next_solver/infer/relate/generalize.rs	Generalizer	crates/hir-ty/src/next_solver/ty.rs	Ty
crates/hir-ty/src/next_solver/infer/relate/lattice.rs	LatticeOp	crates/hir-ty/src/next_solver/infer/mod.rs	InferCtxt
crates/hir-ty/src/next_solver/infer/relate/lattice.rs	LatticeOp	crates/hir-ty/src/next_solver/infer/mod.rs	TypeTrace
crates/hir-ty/src/next_solver/infer/relate/lattice.rs	LatticeOp	crates/hir-ty/src/next_solver/infer/relate/lattice.rs	LatticeOpKind
crates/hir-ty/src/next_solver/infer/relate/lattice.rs	LatticeOp	crates/hir-ty/src/next_solver/predicate.rs	ParamEnv
crates/hir-ty/src/next_solver/infer/resolve.rs	OpportunisticVarResolver	crates/hir-ty/src/next_solver/infer/mod.rs	InferCtxt
crates/hir-ty/src/next_solver/infer/resolve.rs	OpportunisticVarResolver	crates/hir-ty/src/next_solver/ty.rs	Ty
crates/hir-ty/src/next_solver/infer/resolve.rs	ReplaceInferWithError	crates/hir-ty/src/next_solver/interner.rs	DbInterner
crates/hir-ty/src/next_solver/infer/select.rs	ImplSourceUserDefinedData	crates/hir-ty/src/next_solver/def_id.rs	AnyImplId
crates/hir-ty/src/next_solver/infer/select.rs	Select	crates/hir-ty/src/lib.rs	Span
crates/hir-ty/src/next_solver/infer/select.rs	Select	crates/hir-ty/src/next_solver/inspect.rs	ProofTreeVisitor
crates/hir-ty/src/next_solver/infer/snapshot/fudge.rs	InferenceFudger	crates/hir-ty/src/next_solver/infer/mod.rs	InferCtxt
crates/hir-ty/src/next_solver/infer/snapshot/fudge.rs	InferenceFudger	crates/hir-ty/src/next_solver/infer/snapshot/fudge.rs	SnapshotVarData
crates/hir-ty/src/next_solver/infer/snapshot/fudge.rs	SnapshotVarData	crates/hir-ty/src/lib.rs	Span
crates/hir-ty/src/next_solver/infer/snapshot/mod.rs	CombinedSnapshot	crates/hir-ty/src/next_solver/infer/region_constraints/mod.rs	RegionSnapshot
crates/hir-ty/src/next_solver/infer/snapshot/mod.rs	CombinedSnapshot	crates/hir-ty/src/next_solver/infer/snapshot/undo_log.rs	Snapshot
crates/hir-ty/src/next_solver/infer/snapshot/undo_log.rs	InferCtxtUndoLogs	crates/hir-ty/src/next_solver/infer/snapshot/undo_log.rs	UndoLog
crates/hir-ty/src/next_solver/infer/traits.rs	Obligation	crates/hir-ty/src/next_solver/infer/traits.rs	ObligationCause
crates/hir-ty/src/next_solver/infer/traits.rs	Obligation	crates/hir-ty/src/next_solver/predicate.rs	ParamEnv
crates/hir-ty/src/next_solver/infer/traits.rs	ObligationCause	crates/hir-ty/src/lib.rs	Span
crates/hir-ty/src/next_solver/infer/type_variable.rs	TyVidEqKey	crates/hir-ty/src/next_solver/infer/type_variable.rs	TypeVariableValue
crates/hir-ty/src/next_solver/infer/type_variable.rs	TypeVariableStorage	crates/hir-ty/src/next_solver/infer/type_variable.rs	TyVidEqKey
crates/hir-ty/src/next_solver/infer/type_variable.rs	TypeVariableStorage	crates/hir-ty/src/next_solver/infer/type_variable.rs	TyVidSubKey
crates/hir-ty/src/next_solver/infer/type_variable.rs	TypeVariableSubValue	crates/hir-ty/src/lib.rs	Span
crates/hir-ty/src/next_solver/infer/type_variable.rs	TypeVariableTable	crates/hir-ty/src/next_solver/infer/snapshot/undo_log.rs	InferCtxtUndoLogs
crates/hir-ty/src/next_solver/infer/type_variable.rs	TypeVariableTable	crates/hir-ty/src/next_solver/infer/type_variable.rs	TypeVariableStorage
crates/hir-ty/src/next_solver/infer/unify_key.rs	ConstVidKey	crates/hir-ty/src/next_solver/consts.rs	Const
crates/hir-ty/src/next_solver/infer/unify_key.rs	RegionVidKey	crates/hir-ty/src/next_solver/infer/unify_key.rs	RegionVariableValue
crates/hir-ty/src/next_solver/inspect.rs	InspectCandidate	crates/hir-ty/src/next_solver/inspect.rs	InspectGoal
crates/hir-ty/src/next_solver/inspect.rs	InspectCandidate	crates/hir-ty/src/next_solver/interner.rs	DbInterner
crates/hir-ty/src/next_solver/inspect.rs	InspectGoal	crates/hir-ty/src/next_solver/generic_arg.rs	GenericArg
crates/hir-ty/src/next_solver/inspect.rs	InspectGoal	crates/hir-ty/src/next_solver/inspect.rs	NormalizesToTermHack
crates/hir-ty/src/next_solver/inspect.rs	InspectGoal	crates/hir-ty/src/next_solver/interner.rs	DbInterner
crates/hir-ty/src/next_solver/inspect.rs	InspectGoal	crates/hir-ty/src/next_solver/predicate.rs	Predicate
crates/hir-ty/src/next_solver/inspect.rs	InspectGoal	crates/hir-ty/src/next_solver/solver.rs	SolverContext
crates/hir-ty/src/next_solver/inspect.rs	NormalizesToTermHack	crates/hir-ty/src/next_solver/generic_arg.rs	Term
crates/hir-ty/src/next_solver/interner.rs	AdtDef	crates/hir-ty/src/next_solver/interner.rs	AdtDefInner
crates/hir-ty/src/next_solver/interner.rs	Attached	crates/hir-ty/src/db.rs	HirDatabase
crates/hir-ty/src/next_solver/interner.rs	Cache	crates/hir-ty/src/next_solver/interner.rs	DbInterner
crates/hir-ty/src/next_solver/interner.rs	DbInterner	crates/hir-ty/src/db.rs	HirDatabase
crates/hir-ty/src/next_solver/interner.rs	Pattern	crates/hir-ty/src/next_solver/interner.rs	PatternInterned
crates/hir-ty/src/next_solver/interner.rs	Pattern	crates/hir-ty/src/next_solver/interner.rs	WorldExposer
crates/hir-ty/src/next_solver/normalize.rs	DeeplyNormalizeForDiagnosticsFolder	crates/hir-ty/src/next_solver/infer/at.rs	At
crates/hir-ty/src/next_solver/normalize.rs	NormalizationFolder	crates/hir-ty/src/next_solver/fulfill.rs	FulfillmentCtxt
crates/hir-ty/src/next_solver/normalize.rs	NormalizationFolder	crates/hir-ty/src/next_solver/infer/at.rs	At
crates/hir-ty/src/next_solver/normalize.rs	NormalizationFolder	crates/hir-ty/src/next_solver/predicate.rs	Predicate
crates/hir-ty/src/next_solver/obligation_ctxt.rs	ObligationCtxt	crates/hir-ty/src/next_solver/fulfill.rs	FulfillmentCtxt
crates/hir-ty/src/next_solver/obligation_ctxt.rs	ObligationCtxt	crates/hir-ty/src/next_solver/infer/mod.rs	InferCtxt
crates/hir-ty/src/next_solver/opaques.rs	ExternalConstraints	crates/hir-ty/src/next_solver/opaques.rs	ExternalConstraintsInterned
crates/hir-ty/src/next_solver/predicate.rs	Clause	crates/hir-ty/src/next_solver/predicate.rs	Predicate
crates/hir-ty/src/next_solver/predicate.rs	ParamEnv	crates/hir-ty/src/next_solver/predicate.rs	Clauses
crates/hir-ty/src/next_solver/predicate.rs	ParamEnvAnd	crates/hir-ty/src/next_solver/predicate.rs	ParamEnv
crates/hir-ty/src/next_solver/predicate.rs	Predicate	crates/hir-ty/src/next_solver/predicate.rs	PredicateInterned
crates/hir-ty/src/next_solver/region.rs	LateParamRegion	crates/hir-ty/src/next_solver/def_id.rs	SolverDefId
crates/hir-ty/src/next_solver/region.rs	Region	crates/hir-ty/src/next_solver/region.rs	RegionInterned
crates/hir-ty/src/next_solver/solver.rs	SolverContext	crates/hir-ty/src/next_solver/infer/mod.rs	InferCtxt
crates/hir-ty/src/next_solver/ty.rs	Ty	crates/hir-ty/src/next_solver/ty.rs	TyInterned
crates/hir-ty/src/next_solver/util.rs	BottomUpFolder	crates/hir-ty/src/next_solver/interner.rs	DbInterner
crates/hir-ty/src/next_solver/util.rs	Discr	crates/hir-ty/src/next_solver/ty.rs	Ty
crates/hir-ty/src/next_solver/util.rs	PlaceholderReplacer	crates/hir-ty/src/next_solver/infer/mod.rs	InferCtxt
crates/hir-ty/src/solver_errors.rs	SolverDiagnostic	crates/hir-ty/src/lib.rs	Span
crates/hir-ty/src/solver_errors.rs	SolverDiagnostic	crates/hir-ty/src/solver_errors.rs	SolverDiagnosticKind
crates/hir-ty/src/solver_errors.rs	StoredTraitPredicate	crates/hir-ty/src/next_solver/binder.rs	StoredTraitRef
crates/hir-ty/src/target_feature.rs	TargetFeatures	crates/hir-ty/src/next_solver/interner.rs	Symbol
crates/hir-ty/src/traits.rs	ParamEnvAndCrate	crates/hir-ty/src/next_solver/predicate.rs	ParamEnv
crates/hir-ty/src/upvars.rs	UpvarsMentionedVisitor	crates/hir-ty/src/db.rs	HirDatabase
crates/hir-ty/src/upvars.rs	UpvarsMentionedVisitor	crates/hir-ty/src/infer/unify.rs	Resolver
crates/hir-ty/src/upvars.rs	UpvarsMentionedVisitor	crates/hir-ty/src/upvars.rs	Upvars
crates/hir-ty/src/variance.rs	Context	crates/hir-ty/src/db.rs	HirDatabase
crates/hir/src/attrs.rs	AttrsWithOwner	crates/hir/src/attrs.rs	AttrsOwner
crates/hir/src/diagnostics.rs	CannotBeDereferenced	crates/hir/src/lib.rs	Type
crates/hir/src/diagnostics.rs	CannotImplicitlyDerefTraitObject	crates/hir/src/lib.rs	Type
crates/hir/src/diagnostics.rs	CannotIndexInto	crates/hir/src/lib.rs	Type
crates/hir/src/diagnostics.rs	CastToUnsized	crates/hir/src/lib.rs	Type
crates/hir/src/diagnostics.rs	DuplicateField	crates/hir/src/lib.rs	Variant
crates/hir/src/diagnostics.rs	ElidedLifetimesInPath	crates/hir/src/lib.rs	GenericDef
crates/hir/src/diagnostics.rs	ExpectedArrayOrSlicePat	crates/hir/src/lib.rs	Type
crates/hir/src/diagnostics.rs	ExpectedFunction	crates/hir/src/lib.rs	Type
crates/hir/src/diagnostics.rs	IncorrectGenericsLen	crates/hir/src/lib.rs	GenericDef
crates/hir/src/diagnostics.rs	IncorrectGenericsOrder	crates/hir/src/diagnostics.rs	GenericArgKind
crates/hir/src/diagnostics.rs	InvalidCast	crates/hir/src/lib.rs	Type
crates/hir/src/diagnostics.rs	MissingFields	crates/hir/src/lib.rs	Field
crates/hir/src/diagnostics.rs	MissingLifetime	crates/hir/src/lib.rs	GenericDef
crates/hir/src/diagnostics.rs	MissingUnsafe	crates/hir/src/diagnostics.rs	UnsafeLint
crates/hir/src/diagnostics.rs	NoSuchField	crates/hir/src/lib.rs	Field
crates/hir/src/diagnostics.rs	NonExhaustiveRecordPat	crates/hir/src/lib.rs	Variant
crates/hir/src/diagnostics.rs	PrivateAssocItem	crates/hir/src/lib.rs	AssocItem
crates/hir/src/diagnostics.rs	PrivateField	crates/hir/src/lib.rs	Field
crates/hir/src/diagnostics.rs	TraitImplMissingAssocItems	crates/hir/src/lib.rs	AssocItem
crates/hir/src/diagnostics.rs	TraitImplRedundantAssocItems	crates/hir/src/lib.rs	AssocItem
crates/hir/src/diagnostics.rs	TraitImplRedundantAssocItems	crates/hir/src/lib.rs	Trait
crates/hir/src/diagnostics.rs	TypeMismatch	crates/hir/src/lib.rs	Type
crates/hir/src/diagnostics.rs	TypeMustBeKnown	crates/hir/src/lib.rs	Type
crates/hir/src/diagnostics.rs	TypedHole	crates/hir/src/lib.rs	Type
crates/hir/src/diagnostics.rs	UnaryOperatorCannotBeApplied	crates/hir/src/lib.rs	Type
crates/hir/src/diagnostics.rs	UnresolvedField	crates/hir/src/lib.rs	Type
crates/hir/src/diagnostics.rs	UnresolvedMethodCall	crates/hir/src/lib.rs	Function
crates/hir/src/diagnostics.rs	UnresolvedMethodCall	crates/hir/src/lib.rs	Type
crates/hir/src/lib.rs	Adjustment	crates/hir/src/lib.rs	Adjust
crates/hir/src/lib.rs	Adjustment	crates/hir/src/lib.rs	Type
crates/hir/src/lib.rs	Adt	crates/hir/src/lib.rs	HasCrate
crates/hir/src/lib.rs	Adt	crates/hir/src/lib.rs	HasVisibility
crates/hir/src/lib.rs	AnonConst	crates/hir/src/lib.rs	HasCrate
crates/hir/src/lib.rs	AssocItem	crates/hir/src/lib.rs	HasCrate
crates/hir/src/lib.rs	AssocItem	crates/hir/src/lib.rs	HasVisibility
crates/hir/src/lib.rs	Callable	crates/hir/src/lib.rs	Callee
crates/hir/src/lib.rs	Callable	crates/hir/src/lib.rs	Type
crates/hir/src/lib.rs	Closure	crates/hir/src/lib.rs	AnyClosureId
crates/hir/src/lib.rs	Closure	crates/hir/src/lib.rs	TypeOwnerId
crates/hir/src/lib.rs	Const	crates/hir/src/lib.rs	AsAssocItem
crates/hir/src/lib.rs	Const	crates/hir/src/lib.rs	HasContainer
crates/hir/src/lib.rs	Const	crates/hir/src/lib.rs	HasCrate
crates/hir/src/lib.rs	Const	crates/hir/src/lib.rs	HasVisibility
crates/hir/src/lib.rs	CrateDependency	crates/hir/src/lib.rs	Crate
crates/hir/src/lib.rs	DefWithBody	crates/hir/src/lib.rs	AsAssocItem
crates/hir/src/lib.rs	Enum	crates/hir/src/lib.rs	HasContainer
crates/hir/src/lib.rs	Enum	crates/hir/src/lib.rs	HasCrate
crates/hir/src/lib.rs	Enum	crates/hir/src/lib.rs	HasVisibility
crates/hir/src/lib.rs	EnumVariant	crates/hir/src/lib.rs	HasCrate
crates/hir/src/lib.rs	EnumVariant	crates/hir/src/lib.rs	HasVisibility
crates/hir/src/lib.rs	ExternBlock	crates/hir/src/lib.rs	HasContainer
crates/hir/src/lib.rs	ExternCrateDecl	crates/hir/src/lib.rs	HasContainer
crates/hir/src/lib.rs	ExternCrateDecl	crates/hir/src/lib.rs	HasVisibility
crates/hir/src/lib.rs	Field	crates/hir/src/lib.rs	HasCrate
crates/hir/src/lib.rs	Field	crates/hir/src/lib.rs	HasVisibility
crates/hir/src/lib.rs	Field	crates/hir/src/lib.rs	Variant
crates/hir/src/lib.rs	Function	crates/hir/src/lib.rs	AnyFunctionId
crates/hir/src/lib.rs	Function	crates/hir/src/lib.rs	AsAssocItem
crates/hir/src/lib.rs	Function	crates/hir/src/lib.rs	AsExternAssocItem
crates/hir/src/lib.rs	Function	crates/hir/src/lib.rs	HasContainer
crates/hir/src/lib.rs	Function	crates/hir/src/lib.rs	HasCrate
crates/hir/src/lib.rs	Function	crates/hir/src/lib.rs	HasVisibility
crates/hir/src/lib.rs	GenericDef	crates/hir/src/lib.rs	AsAssocItem
crates/hir/src/lib.rs	GenericSubstitution	crates/hir/src/lib.rs	TypeOwnerId
crates/hir/src/lib.rs	Impl	crates/hir/src/lib.rs	HasCrate
crates/hir/src/lib.rs	Local	crates/hir/src/lib.rs	HasName
crates/hir/src/lib.rs	LocalSource	crates/hir/src/lib.rs	Local
crates/hir/src/lib.rs	Macro	crates/hir/src/lib.rs	HasCrate
crates/hir/src/lib.rs	Macro	crates/hir/src/lib.rs	HasVisibility
crates/hir/src/lib.rs	Module	crates/hir/src/lib.rs	HasContainer
crates/hir/src/lib.rs	Module	crates/hir/src/lib.rs	HasCrate
crates/hir/src/lib.rs	Module	crates/hir/src/lib.rs	HasVisibility
crates/hir/src/lib.rs	ModuleDef	crates/hir/src/attrs.rs	HasAttrs
crates/hir/src/lib.rs	ModuleDef	crates/hir/src/lib.rs	AsAssocItem
crates/hir/src/lib.rs	ModuleDef	crates/hir/src/lib.rs	HasCrate
crates/hir/src/lib.rs	ModuleDef	crates/hir/src/lib.rs	HasVisibility
crates/hir/src/lib.rs	Param	crates/hir/src/lib.rs	Callee
crates/hir/src/lib.rs	Param	crates/hir/src/lib.rs	HasName
crates/hir/src/lib.rs	Param	crates/hir/src/lib.rs	Type
crates/hir/src/lib.rs	PredicateEvaluationResult	crates/hir/src/lib.rs	PredicateEvaluationStatus
crates/hir/src/lib.rs	SelfParam	crates/hir/src/lib.rs	Function
crates/hir/src/lib.rs	Static	crates/hir/src/lib.rs	AsExternAssocItem
crates/hir/src/lib.rs	Static	crates/hir/src/lib.rs	HasContainer
crates/hir/src/lib.rs	Static	crates/hir/src/lib.rs	HasCrate
crates/hir/src/lib.rs	Static	crates/hir/src/lib.rs	HasVisibility
crates/hir/src/lib.rs	Struct	crates/hir/src/lib.rs	HasContainer
crates/hir/src/lib.rs	Struct	crates/hir/src/lib.rs	HasCrate
crates/hir/src/lib.rs	Struct	crates/hir/src/lib.rs	HasVisibility
crates/hir/src/lib.rs	Trait	crates/hir/src/lib.rs	HasContainer
crates/hir/src/lib.rs	Trait	crates/hir/src/lib.rs	HasCrate
crates/hir/src/lib.rs	Trait	crates/hir/src/lib.rs	HasVisibility
crates/hir/src/lib.rs	TraitPredicate	crates/hir/src/lib.rs	TypeOwnerId
crates/hir/src/lib.rs	TraitRef	crates/hir/src/lib.rs	TypeOwnerId
crates/hir/src/lib.rs	TupleField	crates/hir/src/lib.rs	HasName
crates/hir/src/lib.rs	Type	crates/hir/src/lib.rs	HasCrate
crates/hir/src/lib.rs	Type	crates/hir/src/lib.rs	TypeOwnerId
crates/hir/src/lib.rs	TypeAlias	crates/hir/src/lib.rs	AsAssocItem
crates/hir/src/lib.rs	TypeAlias	crates/hir/src/lib.rs	AsExternAssocItem
crates/hir/src/lib.rs	TypeAlias	crates/hir/src/lib.rs	HasContainer
crates/hir/src/lib.rs	TypeAlias	crates/hir/src/lib.rs	HasCrate
crates/hir/src/lib.rs	TypeAlias	crates/hir/src/lib.rs	HasVisibility
crates/hir/src/lib.rs	Union	crates/hir/src/lib.rs	HasContainer
crates/hir/src/lib.rs	Union	crates/hir/src/lib.rs	HasCrate
crates/hir/src/lib.rs	Union	crates/hir/src/lib.rs	HasVisibility
crates/hir/src/semantics.rs	PathResolutionPerNs	crates/hir/src/semantics.rs	PathResolution
crates/hir/src/semantics.rs	Semantics	crates/hir/src/semantics.rs	SemanticsImpl
crates/hir/src/semantics.rs	SemanticsImpl	crates/hir/src/semantics/source_to_def.rs	SourceToDefCache
crates/hir/src/semantics.rs	TypeInfo	crates/hir/src/lib.rs	Type
crates/hir/src/semantics/source_to_def.rs	SourceToDefCache	crates/hir/src/semantics/source_to_def.rs	ChildContainer
crates/hir/src/semantics/source_to_def.rs	SourceToDefCtx	crates/hir/src/semantics/source_to_def.rs	SourceToDefCache
crates/hir/src/source_analyzer.rs	SourceAnalyzer	crates/hir/src/lib.rs	TypeOwnerId
crates/hir/src/source_analyzer.rs	SourceAnalyzer	crates/hir/src/source_analyzer.rs	BodyOrSig
crates/hir/src/symbols.rs	FileSymbol	crates/hir/src/lib.rs	ModuleDef
crates/hir/src/symbols.rs	FileSymbol	crates/hir/src/symbols.rs	DeclarationLocation
crates/hir/src/symbols.rs	SymbolCollector	crates/hir/src/symbols.rs	FileSymbol
crates/hir/src/symbols.rs	SymbolCollector	crates/hir/src/symbols.rs	SymbolCollectorWork
crates/hir/src/term_search.rs	LookupTable	crates/hir/src/lib.rs	Type
crates/hir/src/term_search.rs	LookupTable	crates/hir/src/term_search.rs	AlternativeExprs
crates/hir/src/term_search.rs	LookupTable	crates/hir/src/term_search.rs	NewTypesKey
crates/hir/src/term_search.rs	TermSearchCtx	crates/hir/src/lib.rs	Type
crates/hir/src/term_search.rs	TermSearchCtx	crates/hir/src/semantics.rs	Semantics
crates/hir/src/term_search.rs	TermSearchCtx	crates/hir/src/semantics.rs	SemanticsScope
crates/hir/src/term_search.rs	TermSearchCtx	crates/hir/src/term_search.rs	TermSearchConfig
crates/ide-assists/src/assist_context.rs	AssistContext	crates/ide-assists/src/assist_config.rs	AssistConfig
crates/ide-assists/src/handlers/convert_to_guarded_return.rs	ElseBlock	crates/ide-assists/src/handlers/convert_to_guarded_return.rs	EarlyKind
crates/ide-assists/src/handlers/destructure_struct_binding.rs	StructEditData	crates/ide-assists/src/handlers/destructure_struct_binding.rs	Target
crates/ide-assists/src/handlers/destructure_tuple_binding.rs	TupleData	crates/ide-assists/src/handlers/destructure_tuple_binding.rs	RefType
crates/ide-assists/src/handlers/expand_glob_import.rs	Refs	crates/ide-assists/src/handlers/expand_glob_import.rs	Ref
crates/ide-assists/src/handlers/extract_function.rs	ControlFlow	crates/ide-assists/src/handlers/extract_function.rs	FlowKind
crates/ide-assists/src/handlers/extract_function.rs	Function	crates/ide-assists/src/handlers/extract_function.rs	ContainerInfo
crates/ide-assists/src/handlers/extract_function.rs	Function	crates/ide-assists/src/handlers/extract_function.rs	ControlFlow
crates/ide-assists/src/handlers/extract_function.rs	Function	crates/ide-assists/src/handlers/extract_function.rs	FunctionBody
crates/ide-assists/src/handlers/extract_function.rs	Function	crates/ide-assists/src/handlers/extract_function.rs	OutlivedLocal
crates/ide-assists/src/handlers/extract_function.rs	Function	crates/ide-assists/src/handlers/extract_function.rs	Param
crates/ide-assists/src/handlers/extract_function.rs	Function	crates/ide-assists/src/handlers/extract_function.rs	RetType
crates/ide-assists/src/handlers/generate_delegate_trait.rs	Field	crates/ide-assists/src/handlers/generate_delegate_trait.rs	Delegee
crates/ide-assists/src/handlers/generate_function.rs	FunctionBuilder	crates/ide-assists/src/handlers/generate_function.rs	GeneratedFunctionTarget
crates/ide-assists/src/handlers/generate_function.rs	FunctionBuilder	crates/ide-assists/src/handlers/generate_function.rs	Visibility
crates/ide-assists/src/handlers/generate_function.rs	TargetInfo	crates/ide-assists/src/handlers/extract_module.rs	Module
crates/ide-assists/src/handlers/generate_function.rs	TargetInfo	crates/ide-assists/src/handlers/generate_function.rs	AdtInfo
crates/ide-assists/src/handlers/generate_function.rs	TargetInfo	crates/ide-assists/src/handlers/generate_function.rs	GeneratedFunctionTarget
crates/ide-assists/src/handlers/generate_function.rs	Visitor	crates/ide-assists/src/handlers/generate_function.rs	Graph
crates/ide-assists/src/handlers/generate_getter_or_setter.rs	AssistInfo	crates/ide-assists/src/handlers/generate_getter_or_setter.rs	AssistType
crates/ide-assists/src/utils.rs	ReferenceConversion	crates/ide-assists/src/utils.rs	ReferenceConversionType
crates/ide-completion/src/completions.rs	Completions	crates/ide-completion/src/item.rs	CompletionItem
crates/ide-completion/src/completions/expr.rs	PathCallback	crates/ide-completion/src/completions.rs	Completions
crates/ide-completion/src/completions/expr.rs	PathCallback	crates/ide-completion/src/context.rs	CompletionContext
crates/ide-completion/src/config.rs	CompletionConfig	crates/ide-completion/src/config.rs	AutoImportExclusionType
crates/ide-completion/src/config.rs	CompletionConfig	crates/ide-completion/src/config.rs	CallableSnippets
crates/ide-completion/src/config.rs	CompletionConfig	crates/ide-completion/src/lib.rs	CompletionFieldsToResolve
crates/ide-completion/src/config.rs	CompletionConfig	crates/ide-completion/src/snippet.rs	Snippet
crates/ide-completion/src/context.rs	CompletionContext	crates/ide-completion/src/config.rs	AutoImportExclusionType
crates/ide-completion/src/context.rs	CompletionContext	crates/ide-completion/src/config.rs	CompletionConfig
crates/ide-completion/src/context.rs	CompletionContext	crates/ide-completion/src/context.rs	CompleteSemicolon
crates/ide-completion/src/context.rs	CompletionContext	crates/ide-completion/src/context.rs	QualifierCtx
crates/ide-completion/src/context.rs	DotAccess	crates/ide-completion/src/context.rs	DotAccessExprCtx
crates/ide-completion/src/context.rs	DotAccess	crates/ide-completion/src/context.rs	DotAccessKind
crates/ide-completion/src/context.rs	DotAccessExprCtx	crates/ide-completion/src/context.rs	BreakableKind
crates/ide-completion/src/context.rs	LifetimeContext	crates/ide-completion/src/context.rs	LifetimeKind
crates/ide-completion/src/context.rs	NameContext	crates/ide-completion/src/context.rs	NameKind
crates/ide-completion/src/context.rs	NameRefContext	crates/ide-completion/src/context.rs	NameRefKind
crates/ide-completion/src/context.rs	ParamContext	crates/ide-completion/src/context.rs	ParamKind
crates/ide-completion/src/context.rs	PathCompletionCtx	crates/ide-completion/src/context.rs	PathKind
crates/ide-completion/src/context.rs	PathCompletionCtx	crates/ide-completion/src/context.rs	Qualified
crates/ide-completion/src/context.rs	PathExprCtx	crates/ide-completion/src/context.rs	BreakableKind
crates/ide-completion/src/context.rs	PatternContext	crates/ide-completion/src/context.rs	ParamContext
crates/ide-completion/src/context.rs	PatternContext	crates/ide-completion/src/context.rs	PatternRefutability
crates/ide-completion/src/context/analysis.rs	AnalysisResult	crates/ide-completion/src/context.rs	CompletionAnalysis
crates/ide-completion/src/context/analysis.rs	AnalysisResult	crates/ide-completion/src/context.rs	QualifierCtx
crates/ide-completion/src/item.rs	Builder	crates/ide-completion/src/item.rs	CompletionItemKind
crates/ide-completion/src/item.rs	Builder	crates/ide-completion/src/item.rs	CompletionItemRefMode
crates/ide-completion/src/item.rs	Builder	crates/ide-completion/src/item.rs	CompletionRelevance
crates/ide-completion/src/item.rs	CompletionItem	crates/ide-completion/src/item.rs	CompletionItemImport
crates/ide-completion/src/item.rs	CompletionItem	crates/ide-completion/src/item.rs	CompletionItemKind
crates/ide-completion/src/item.rs	CompletionItem	crates/ide-completion/src/item.rs	CompletionItemLabel
crates/ide-completion/src/item.rs	CompletionItem	crates/ide-completion/src/item.rs	CompletionItemRefMode
crates/ide-completion/src/item.rs	CompletionItem	crates/ide-completion/src/item.rs	CompletionRelevance
crates/ide-completion/src/item.rs	CompletionRelevance	crates/ide-completion/src/item.rs	CompletionRelevanceFn
crates/ide-completion/src/item.rs	CompletionRelevance	crates/ide-completion/src/item.rs	CompletionRelevancePostfixMatch
crates/ide-completion/src/item.rs	CompletionRelevance	crates/ide-completion/src/item.rs	CompletionRelevanceTraitInfo
crates/ide-completion/src/item.rs	CompletionRelevance	crates/ide-completion/src/item.rs	CompletionRelevanceTypeMatch
crates/ide-completion/src/item.rs	CompletionRelevanceFn	crates/ide-completion/src/item.rs	CompletionRelevanceReturnType
crates/ide-completion/src/render.rs	RenderContext	crates/ide-completion/src/context.rs	CompletionContext
crates/ide-completion/src/snippet.rs	Snippet	crates/ide-completion/src/snippet.rs	SnippetScope
crates/ide-db/src/assists.rs	Assist	crates/ide-db/src/assists.rs	AssistId
crates/ide-db/src/assists.rs	Assist	crates/ide-db/src/assists.rs	Command
crates/ide-db/src/assists.rs	Assist	crates/ide-db/src/assists.rs	GroupLabel
crates/ide-db/src/assists.rs	Assist	crates/ide-db/src/label.rs	Label
crates/ide-db/src/assists.rs	Assist	crates/ide-db/src/source_change.rs	SourceChange
crates/ide-db/src/assists.rs	AssistId	crates/ide-db/src/assists.rs	AssistKind
crates/ide-db/src/assists.rs	SingleResolve	crates/ide-db/src/assists.rs	AssistKind
crates/ide-db/src/famous_defs.rs	FamousDefs	crates/ide-db/src/lib.rs	RootDatabase
crates/ide-db/src/generated/lints.rs	Lint	crates/ide-db/src/lib.rs	Severity
crates/ide-db/src/generated/lints.rs	LintGroup	crates/ide-db/src/generated/lints.rs	Lint
crates/ide-db/src/imports/import_assets.rs	ImportAssets	crates/ide-db/src/imports/import_assets.rs	ImportCandidate
crates/ide-db/src/imports/import_assets.rs	LocatedImport	crates/ide-db/src/imports/import_assets.rs	CompleteInFlyimport
crates/ide-db/src/imports/import_assets.rs	PathImportCandidate	crates/ide-db/src/imports/import_assets.rs	NameToImport
crates/ide-db/src/imports/import_assets.rs	PathImportCandidate	crates/ide-db/src/imports/import_assets.rs	PathDefinitionKinds
crates/ide-db/src/imports/import_assets.rs	TraitImportCandidate	crates/ide-db/src/imports/import_assets.rs	NameToImport
crates/ide-db/src/imports/insert_use.rs	ImportScope	crates/ide-db/src/imports/insert_use.rs	ImportScopeKind
crates/ide-db/src/imports/insert_use.rs	InsertUseConfig	crates/ide-db/src/imports/insert_use.rs	ImportGranularity
crates/ide-db/src/path_transform.rs	AstSubsts	crates/ide-db/src/path_transform.rs	TypeOrConst
crates/ide-db/src/path_transform.rs	PathTransform	crates/ide-db/src/path_transform.rs	AstSubsts
crates/ide-db/src/ra_fixture.rs	RaFixtureAnalysis	crates/ide-db/src/lib.rs	RootDatabase
crates/ide-db/src/ra_fixture.rs	RaFixtureAnalysis	crates/ide-db/src/range_mapper.rs	RangeMapper
crates/ide-db/src/ra_fixture.rs	RaFixtureConfig	crates/ide-db/src/lib.rs	MiniCore
crates/ide-db/src/search.rs	FileReference	crates/ide-db/src/search.rs	FileReferenceNode
crates/ide-db/src/search.rs	FindUsages	crates/ide-db/src/defs.rs	Definition
crates/ide-db/src/search.rs	FindUsages	crates/ide-db/src/lib.rs	RootDatabase
crates/ide-db/src/search.rs	FindUsages	crates/ide-db/src/search.rs	SearchScope
crates/ide-db/src/search.rs	UsageSearchResult	crates/ide-db/src/search.rs	FileReference
crates/ide-db/src/source_change.rs	SourceChange	crates/ide-db/src/source_change.rs	ChangeAnnotation
crates/ide-db/src/source_change.rs	SourceChange	crates/ide-db/src/source_change.rs	ChangeAnnotationId
crates/ide-db/src/source_change.rs	SourceChange	crates/ide-db/src/source_change.rs	FileSystemEdit
crates/ide-db/src/source_change.rs	SourceChange	crates/ide-db/src/source_change.rs	SnippetEdit
crates/ide-db/src/source_change.rs	SourceChange	crates/ide-db/src/text_edit.rs	TextEdit
crates/ide-db/src/source_change.rs	SourceChangeBuilder	crates/ide-db/src/assists.rs	Command
crates/ide-db/src/source_change.rs	SourceChangeBuilder	crates/ide-db/src/source_change.rs	AnnotationSnippet
crates/ide-db/src/source_change.rs	SourceChangeBuilder	crates/ide-db/src/source_change.rs	SourceChange
crates/ide-db/src/source_change.rs	SourceChangeBuilder	crates/ide-db/src/text_edit.rs	TextEditBuilder
crates/ide-db/src/syntax_helpers/tree_diff.rs	TreeDiff	crates/ide-db/src/syntax_helpers/tree_diff.rs	TreeDiffInsertPos
crates/ide-db/src/text_edit.rs	TextEdit	crates/ide-db/src/source_change.rs	ChangeAnnotationId
crates/ide-db/src/text_edit.rs	TextEdit	crates/ide-db/src/text_edit.rs	Indel
crates/ide-db/src/text_edit.rs	TextEditBuilder	crates/ide-db/src/source_change.rs	ChangeAnnotationId
crates/ide-db/src/text_edit.rs	TextEditBuilder	crates/ide-db/src/text_edit.rs	Indel
crates/ide-diagnostics/src/lib.rs	Diagnostic	crates/ide-diagnostics/src/lib.rs	DiagnosticCode
crates/ide-diagnostics/src/lib.rs	DiagnosticsContext	crates/ide-diagnostics/src/lib.rs	DiagnosticsConfig
crates/ide-ssr/src/lib.rs	MatchDebugInfo	crates/ide-ssr/src/matching.rs	Match
crates/ide-ssr/src/lib.rs	MatchDebugInfo	crates/ide-ssr/src/matching.rs	MatchFailureReason
crates/ide-ssr/src/lib.rs	MatchFinder	crates/ide-ssr/src/resolving.rs	ResolvedRule
crates/ide-ssr/src/lib.rs	SsrMatches	crates/ide-ssr/src/matching.rs	Match
crates/ide-ssr/src/matching.rs	Match	crates/ide-ssr/src/matching.rs	PlaceholderMatch
crates/ide-ssr/src/matching.rs	Match	crates/ide-ssr/src/parsing.rs	Var
crates/ide-ssr/src/matching.rs	Matcher	crates/ide-ssr/src/resolving.rs	ResolvedRule
crates/ide-ssr/src/matching.rs	PlaceholderMatch	crates/ide-ssr/src/lib.rs	SsrMatches
crates/ide-ssr/src/nester.rs	MatchCollector	crates/ide-ssr/src/matching.rs	Match
crates/ide-ssr/src/parsing.rs	ParsedRule	crates/ide-ssr/src/parsing.rs	Placeholder
crates/ide-ssr/src/parsing.rs	Placeholder	crates/ide-ssr/src/parsing.rs	Constraint
crates/ide-ssr/src/parsing.rs	Placeholder	crates/ide-ssr/src/parsing.rs	Var
crates/ide-ssr/src/parsing.rs	RawPattern	crates/ide-ssr/src/parsing.rs	PatternElement
crates/ide-ssr/src/parsing.rs	RuleBuilder	crates/ide-ssr/src/parsing.rs	ParsedRule
crates/ide-ssr/src/parsing.rs	RuleBuilder	crates/ide-ssr/src/parsing.rs	Placeholder
crates/ide-ssr/src/replacing.rs	ReplacementRenderer	crates/ide-ssr/src/matching.rs	Match
crates/ide-ssr/src/replacing.rs	ReplacementRenderer	crates/ide-ssr/src/resolving.rs	ResolvedRule
crates/ide-ssr/src/resolving.rs	ResolvedPattern	crates/ide-ssr/src/resolving.rs	ResolvedPath
crates/ide-ssr/src/resolving.rs	ResolvedPattern	crates/ide-ssr/src/resolving.rs	UfcsCallInfo
crates/ide-ssr/src/resolving.rs	ResolvedRule	crates/ide-ssr/src/resolving.rs	ResolvedPattern
crates/ide-ssr/src/resolving.rs	Resolver	crates/ide-ssr/src/resolving.rs	ResolutionScope
crates/ide/src/annotations.rs	Annotation	crates/ide/src/annotations.rs	AnnotationKind
crates/ide/src/annotations.rs	AnnotationConfig	crates/ide/src/annotations.rs	AnnotationLocation
crates/ide/src/call_hierarchy.rs	CallItem	crates/ide/src/navigation_target.rs	NavigationTarget
crates/ide/src/call_hierarchy.rs	CallLocations	crates/ide/src/navigation_target.rs	NavigationTarget
crates/ide/src/file_structure.rs	StructureNode	crates/ide/src/file_structure.rs	StructureNodeKind
crates/ide/src/folding_ranges.rs	Fold	crates/ide/src/folding_ranges.rs	FoldKind
crates/ide/src/hover.rs	HoverConfig	crates/ide/src/hover.rs	HoverDocFormat
crates/ide/src/hover.rs	HoverConfig	crates/ide/src/hover.rs	MemoryLayoutHoverConfig
crates/ide/src/hover.rs	HoverConfig	crates/ide/src/hover.rs	SubstTyLen
crates/ide/src/hover.rs	HoverGotoTypeData	crates/ide/src/navigation_target.rs	NavigationTarget
crates/ide/src/hover.rs	HoverResult	crates/ide/src/hover.rs	HoverAction
crates/ide/src/hover.rs	HoverResult	crates/ide/src/markup.rs	Markup
crates/ide/src/hover.rs	MemoryLayoutHoverConfig	crates/ide/src/hover.rs	MemoryLayoutHoverRenderKind
crates/ide/src/hover/render.rs	KeywordHint	crates/ide/src/hover.rs	HoverAction
crates/ide/src/inlay_hints.rs	InlayHint	crates/ide/src/inlay_hints.rs	InlayHintLabel
crates/ide/src/inlay_hints.rs	InlayHint	crates/ide/src/inlay_hints.rs	InlayHintPosition
crates/ide/src/inlay_hints.rs	InlayHint	crates/ide/src/inlay_hints.rs	InlayKind
crates/ide/src/inlay_hints.rs	InlayHint	crates/ide/src/inlay_hints.rs	LazyProperty
crates/ide/src/inlay_hints.rs	InlayHintLabel	crates/ide/src/inlay_hints.rs	InlayHintLabelPart
crates/ide/src/inlay_hints.rs	InlayHintLabelBuilder	crates/ide/src/inlay_hints.rs	InlayHintLabel
crates/ide/src/inlay_hints.rs	InlayHintLabelBuilder	crates/ide/src/inlay_hints.rs	LazyProperty
crates/ide/src/inlay_hints.rs	InlayHintLabelPart	crates/ide/src/inlay_hints.rs	InlayTooltip
crates/ide/src/inlay_hints.rs	InlayHintLabelPart	crates/ide/src/inlay_hints.rs	LazyProperty
crates/ide/src/inlay_hints.rs	InlayHintsConfig	crates/ide/src/inlay_hints.rs	AdjustmentHints
crates/ide/src/inlay_hints.rs	InlayHintsConfig	crates/ide/src/inlay_hints.rs	AdjustmentHintsMode
crates/ide/src/inlay_hints.rs	InlayHintsConfig	crates/ide/src/inlay_hints.rs	ClosureReturnTypeHints
crates/ide/src/inlay_hints.rs	InlayHintsConfig	crates/ide/src/inlay_hints.rs	DiscriminantHints
crates/ide/src/inlay_hints.rs	InlayHintsConfig	crates/ide/src/inlay_hints.rs	GenericParameterHints
crates/ide/src/inlay_hints.rs	InlayHintsConfig	crates/ide/src/inlay_hints.rs	InlayFieldsToResolve
crates/ide/src/inlay_hints.rs	InlayHintsConfig	crates/ide/src/inlay_hints.rs	LifetimeElisionHints
crates/ide/src/inlay_hints.rs	InlayHintsConfig	crates/ide/src/inlay_hints.rs	TypeHintsPlacement
crates/ide/src/moniker.rs	Moniker	crates/ide/src/moniker.rs	MonikerIdentifier
crates/ide/src/moniker.rs	Moniker	crates/ide/src/moniker.rs	MonikerKind
crates/ide/src/moniker.rs	Moniker	crates/ide/src/moniker.rs	PackageInformation
crates/ide/src/moniker.rs	MonikerDescriptor	crates/ide/src/moniker.rs	MonikerDescriptorKind
crates/ide/src/moniker.rs	MonikerIdentifier	crates/ide/src/moniker.rs	MonikerDescriptor
crates/ide/src/references.rs	Declaration	crates/ide/src/navigation_target.rs	NavigationTarget
crates/ide/src/references.rs	ReferenceSearchResult	crates/ide/src/references.rs	Declaration
crates/ide/src/runnables.rs	Runnable	crates/ide/src/navigation_target.rs	NavigationTarget
crates/ide/src/runnables.rs	Runnable	crates/ide/src/runnables.rs	RunnableKind
crates/ide/src/runnables.rs	Runnable	crates/ide/src/runnables.rs	UpdateTest
crates/ide/src/static_index.rs	StaticIndex	crates/ide/src/lib.rs	Analysis
crates/ide/src/static_index.rs	StaticIndex	crates/ide/src/static_index.rs	StaticIndexedFile
crates/ide/src/static_index.rs	StaticIndex	crates/ide/src/static_index.rs	TokenId
crates/ide/src/static_index.rs	StaticIndex	crates/ide/src/static_index.rs	TokenStore
crates/ide/src/static_index.rs	StaticIndexedFile	crates/ide/src/folding_ranges.rs	Fold
crates/ide/src/static_index.rs	StaticIndexedFile	crates/ide/src/static_index.rs	TokenId
crates/ide/src/static_index.rs	TokenStaticData	crates/ide/src/hover.rs	HoverResult
crates/ide/src/static_index.rs	TokenStaticData	crates/ide/src/moniker.rs	MonikerResult
crates/ide/src/static_index.rs	TokenStaticData	crates/ide/src/moniker.rs	SymbolInformationKind
crates/ide/src/static_index.rs	TokenStaticData	crates/ide/src/static_index.rs	ReferenceData
crates/ide/src/static_index.rs	TokenStore	crates/ide/src/static_index.rs	TokenStaticData
crates/ide/src/syntax_highlighting.rs	HlRange	crates/ide/src/syntax_highlighting/tags.rs	Highlight
crates/ide/src/syntax_highlighting/highlights.rs	Highlights	crates/ide/src/syntax_highlighting/highlights.rs	Node
crates/ide/src/syntax_highlighting/highlights.rs	Node	crates/ide/src/syntax_highlighting.rs	HlRange
crates/ide/src/syntax_highlighting/highlights.rs	Node	crates/ide/src/syntax_highlighting/highlights.rs	Node
crates/ide/src/syntax_highlighting/tags.rs	Highlight	crates/ide/src/syntax_highlighting/tags.rs	HlMods
crates/ide/src/syntax_highlighting/tags.rs	Highlight	crates/ide/src/syntax_highlighting/tags.rs	HlTag
crates/ide/src/test_explorer.rs	TestItem	crates/ide/src/runnables.rs	Runnable
crates/ide/src/test_explorer.rs	TestItem	crates/ide/src/test_explorer.rs	TestItemKind
crates/ide/src/view_memory_layout.rs	RecursiveMemoryLayout	crates/ide/src/view_memory_layout.rs	MemoryLayoutNode
crates/ide/src/view_syntax_tree.rs	SyntaxTreeCtx	crates/ide/src/view_syntax_tree.rs	InStringCtx
crates/intern/src/gc.rs	GarbageCollector	crates/intern/src/gc.rs	Storage
crates/intern/src/gc.rs	GcInternedSliceVisit	crates/intern/src/intern_slice.rs	SliceInternable
crates/intern/src/gc.rs	InternedSliceStorage	crates/intern/src/gc.rs	GcInternedSliceVisit
crates/intern/src/gc.rs	InternedSliceStorage	crates/intern/src/gc.rs	Storage
crates/intern/src/gc.rs	InternedSliceStorage	crates/intern/src/intern_slice.rs	SliceInternable
crates/intern/src/gc.rs	InternedStorage	crates/intern/src/gc.rs	GcInternedVisit
crates/intern/src/gc.rs	InternedStorage	crates/intern/src/gc.rs	Storage
crates/intern/src/gc.rs	InternedStorage	crates/intern/src/intern.rs	Internable
crates/intern/src/intern.rs	InternStorage	crates/intern/src/intern.rs	Internable
crates/intern/src/intern.rs	Internable	crates/intern/src/symbol/symbols.rs	
crates/intern/src/intern.rs	Interned	crates/intern/src/intern.rs	Internable
crates/intern/src/intern.rs	Interned	crates/intern/src/symbol/symbols.rs	
crates/intern/src/intern.rs	InternedRef	crates/intern/src/intern.rs	Internable
crates/intern/src/intern.rs	InternedRef	crates/intern/src/symbol/symbols.rs	
crates/intern/src/intern_slice.rs	InternSliceStorage	crates/intern/src/intern_slice.rs	SliceInternable
crates/intern/src/intern_slice.rs	InternedSlice	crates/intern/src/intern_slice.rs	SliceInternable
crates/intern/src/intern_slice.rs	InternedSlice	crates/intern/src/symbol/symbols.rs	
crates/intern/src/intern_slice.rs	InternedSliceRef	crates/intern/src/intern_slice.rs	SliceInternable
crates/intern/src/intern_slice.rs	InternedSliceRef	crates/intern/src/symbol/symbols.rs	
crates/intern/src/symbol.rs	Symbol	crates/intern/src/symbol.rs	TaggedArcPtr
crates/intern/src/symbol.rs	Symbol	crates/intern/src/symbol/symbols.rs	
crates/load-cargo/src/lib.rs	LoadCargoConfig	crates/load-cargo/src/lib.rs	ProcMacroServerChoice
crates/load-cargo/src/lib.rs	ProjectFolders	crates/load-cargo/src/lib.rs	SourceRootConfig
crates/mbe/src/expander.rs	Bindings	crates/mbe/src/expander.rs	Binding
crates/mbe/src/expander/matcher.rs	BindingsBuilder	crates/mbe/src/expander/matcher.rs	BindingKind
crates/mbe/src/expander/matcher.rs	BindingsBuilder	crates/mbe/src/expander/matcher.rs	LinkNode
crates/mbe/src/expander/matcher.rs	Match	crates/mbe/src/expander.rs	Bindings
crates/mbe/src/expander/matcher.rs	Match	crates/mbe/src/lib.rs	ExpandError
crates/mbe/src/expander/matcher.rs	MatchState	crates/mbe/src/expander.rs	Fragment
crates/mbe/src/expander/matcher.rs	MatchState	crates/mbe/src/expander/matcher.rs	BindingsIdx
crates/mbe/src/expander/matcher.rs	MatchState	crates/mbe/src/expander/matcher.rs	MatchState
crates/mbe/src/expander/matcher.rs	MatchState	crates/mbe/src/expander/matcher.rs	OpDelimitedIter
crates/mbe/src/expander/matcher.rs	MatchState	crates/mbe/src/parser.rs	RepeatKind
crates/mbe/src/expander/matcher.rs	MatchState	crates/mbe/src/parser.rs	Separator
crates/mbe/src/expander/matcher.rs	OpDelimitedIter	crates/mbe/src/parser.rs	Op
crates/mbe/src/expander/transcriber.rs	ExpandCtx	crates/mbe/src/expander.rs	Bindings
crates/mbe/src/expander/transcriber.rs	ExpandCtx	crates/mbe/src/expander/transcriber.rs	NestingState
crates/mbe/src/lib.rs	DeclarativeMacro	crates/mbe/src/lib.rs	ParseError
crates/mbe/src/lib.rs	DeclarativeMacro	crates/mbe/src/lib.rs	Rule
crates/mbe/src/lib.rs	ExpandError	crates/mbe/src/lib.rs	ExpandErrorKind
crates/mbe/src/lib.rs	Rule	crates/mbe/src/macro_call_style.rs	MacroCallStyle
crates/mbe/src/lib.rs	Rule	crates/mbe/src/parser.rs	MetaTemplate
crates/mbe/src/parser.rs	MetaTemplate	crates/mbe/src/parser.rs	Op
crates/parser/src/input.rs	Input	crates/parser/src/syntax_kind/generated.rs	SyntaxKind
crates/parser/src/lexed_str.rs	Converter	crates/parser/src/lexed_str.rs	LexedStr
crates/parser/src/lexed_str.rs	LexedStr	crates/parser/src/lexed_str.rs	LexError
crates/parser/src/lexed_str.rs	LexedStr	crates/parser/src/syntax_kind/generated.rs	SyntaxKind
crates/parser/src/parser.rs	CompletedMarker	crates/parser/src/syntax_kind/generated.rs	SyntaxKind
crates/parser/src/parser.rs	Parser	crates/parser/src/event.rs	Event
crates/parser/src/parser.rs	Parser	crates/parser/src/input.rs	Input
crates/parser/src/shortcuts.rs	Builder	crates/parser/src/lexed_str.rs	LexedStr
crates/parser/src/shortcuts.rs	Builder	crates/parser/src/shortcuts.rs	State
crates/parser/src/shortcuts.rs	Builder	crates/parser/src/shortcuts.rs	StrStep
crates/proc-macro-api/src/bidirectional_protocol/msg.rs	BidirectionalMessage	crates/proc-macro-api/src/legacy_protocol/msg.rs	Message
crates/proc-macro-api/src/bidirectional_protocol/msg.rs	ExpandMacro	crates/proc-macro-api/src/bidirectional_protocol/msg.rs	ExpandMacroData
crates/proc-macro-api/src/bidirectional_protocol/msg.rs	ExpandMacroData	crates/proc-macro-api/src/bidirectional_protocol/msg.rs	ExpnGlobals
crates/proc-macro-api/src/bidirectional_protocol/msg.rs	ExpandMacroData	crates/proc-macro-api/src/legacy_protocol/msg/flat.rs	FlatTree
crates/proc-macro-api/src/bidirectional_protocol/msg.rs	ExpandMacroResponse	crates/proc-macro-api/src/legacy_protocol/msg/flat.rs	FlatTree
crates/proc-macro-api/src/legacy_protocol/msg.rs	ExpandMacro	crates/proc-macro-api/src/legacy_protocol/msg.rs	ExpandMacroData
crates/proc-macro-api/src/legacy_protocol/msg.rs	ExpandMacroData	crates/proc-macro-api/src/legacy_protocol/msg.rs	ExpnGlobals
crates/proc-macro-api/src/legacy_protocol/msg.rs	ExpandMacroData	crates/proc-macro-api/src/legacy_protocol/msg/flat.rs	FlatTree
crates/proc-macro-api/src/legacy_protocol/msg.rs	ExpandMacroExtended	crates/proc-macro-api/src/legacy_protocol/msg/flat.rs	FlatTree
crates/proc-macro-api/src/legacy_protocol/msg.rs	Request	crates/proc-macro-api/src/legacy_protocol/msg.rs	Message
crates/proc-macro-api/src/legacy_protocol/msg.rs	Response	crates/proc-macro-api/src/legacy_protocol/msg.rs	Message
crates/proc-macro-api/src/legacy_protocol/msg.rs	ServerConfig	crates/proc-macro-api/src/legacy_protocol/msg.rs	SpanMode
crates/proc-macro-api/src/legacy_protocol/msg/flat.rs	IdentRepr	crates/proc-macro-api/src/legacy_protocol.rs	SpanId
crates/proc-macro-api/src/legacy_protocol/msg/flat.rs	LiteralRepr	crates/proc-macro-api/src/legacy_protocol.rs	SpanId
crates/proc-macro-api/src/legacy_protocol/msg/flat.rs	PunctRepr	crates/proc-macro-api/src/legacy_protocol.rs	SpanId
crates/proc-macro-api/src/legacy_protocol/msg/flat.rs	Reader	crates/proc-macro-api/src/legacy_protocol/msg/flat.rs	IdentRepr
crates/proc-macro-api/src/legacy_protocol/msg/flat.rs	Reader	crates/proc-macro-api/src/legacy_protocol/msg/flat.rs	LiteralRepr
crates/proc-macro-api/src/legacy_protocol/msg/flat.rs	Reader	crates/proc-macro-api/src/legacy_protocol/msg/flat.rs	PunctRepr
crates/proc-macro-api/src/legacy_protocol/msg/flat.rs	Reader	crates/proc-macro-api/src/legacy_protocol/msg/flat.rs	SpanTransformer
crates/proc-macro-api/src/legacy_protocol/msg/flat.rs	Reader	crates/proc-macro-api/src/legacy_protocol/msg/flat.rs	SubtreeRepr
crates/proc-macro-api/src/legacy_protocol/msg/flat.rs	SubtreeRepr	crates/proc-macro-api/src/legacy_protocol.rs	SpanId
crates/proc-macro-api/src/legacy_protocol/msg/flat.rs	Writer	crates/proc-macro-api/src/legacy_protocol/msg/flat.rs	IdentRepr
crates/proc-macro-api/src/legacy_protocol/msg/flat.rs	Writer	crates/proc-macro-api/src/legacy_protocol/msg/flat.rs	LiteralRepr
crates/proc-macro-api/src/legacy_protocol/msg/flat.rs	Writer	crates/proc-macro-api/src/legacy_protocol/msg/flat.rs	PunctRepr
crates/proc-macro-api/src/legacy_protocol/msg/flat.rs	Writer	crates/proc-macro-api/src/legacy_protocol/msg/flat.rs	SpanTransformer
crates/proc-macro-api/src/legacy_protocol/msg/flat.rs	Writer	crates/proc-macro-api/src/legacy_protocol/msg/flat.rs	SubtreeRepr
crates/proc-macro-api/src/lib.rs	ProcMacro	crates/proc-macro-api/src/lib.rs	ProcMacroKind
crates/proc-macro-api/src/lib.rs	ProcMacro	crates/proc-macro-api/src/pool.rs	ProcMacroServerPool
crates/proc-macro-api/src/lib.rs	ProcMacroClient	crates/proc-macro-api/src/pool.rs	ProcMacroServerPool
crates/proc-macro-api/src/pool.rs	ProcMacroServerPool	crates/proc-macro-api/src/process.rs	ProcMacroServerProcess
crates/proc-macro-api/src/process.rs	ProcMacroServerProcess	crates/proc-macro-api/src/lib.rs	ServerError
crates/proc-macro-api/src/process.rs	ProcMacroServerProcess	crates/proc-macro-api/src/process.rs	ProcessSrvState
crates/proc-macro-api/src/process.rs	ProcMacroServerProcess	crates/proc-macro-api/src/process.rs	Protocol
crates/proc-macro-api/src/process.rs	Process	crates/proc-macro-api/src/process.rs	ProcessExit
crates/proc-macro-api/src/process.rs	ProcessSrvState	crates/proc-macro-api/src/process.rs	ProcessExit
crates/proc-macro-srv-cli/src/version.rs	VersionInfo	crates/proc-macro-srv-cli/src/version.rs	CommitInfo
crates/proc-macro-srv/src/dylib.rs	Expander	crates/proc-macro-srv/src/dylib.rs	ProcMacroLibrary
crates/proc-macro-srv/src/dylib.rs	ProcMacroLibrary	crates/proc-macro-srv/src/dylib/proc_macros.rs	ProcMacros
crates/proc-macro-srv/src/lib.rs	EnvChange	crates/proc-macro-srv/src/lib.rs	EnvSnapshot
crates/proc-macro-srv/src/lib.rs	ProcMacroSrv	crates/proc-macro-srv/src/lib.rs	EnvSnapshot
crates/proc-macro-srv/src/server_impl/rust_analyzer_span.rs	RaSpanServer	crates/proc-macro-srv/src/lib.rs	TrackedEnv
crates/proc-macro-srv/src/tests/utils.rs	MockCallback	crates/proc-macro-srv/src/lib.rs	ProcMacroClientInterface
crates/proc-macro-srv/src/token_stream.rs	TokenStreamIter	crates/proc-macro-srv/src/token_stream.rs	TokenStream
crates/profile/src/memory_usage.rs	MemoryUsage	crates/profile/src/memory_usage.rs	Bytes
crates/profile/src/stop_watch.rs	StopWatch	crates/profile/src/memory_usage.rs	MemoryUsage
crates/profile/src/stop_watch.rs	StopWatchSpan	crates/profile/src/memory_usage.rs	MemoryUsage
crates/project-model/src/build_dependencies.rs	BuildScriptOutput	crates/project-model/src/build_dependencies.rs	ProcMacroDylibPath
crates/project-model/src/build_dependencies.rs	WorkspaceBuildScripts	crates/project-model/src/build_dependencies.rs	BuildScriptOutput
crates/project-model/src/cargo_config_file.rs	LockfileCopy	crates/project-model/src/cargo_config_file.rs	LockfileUsage
crates/project-model/src/cargo_workspace.rs	CargoConfig	crates/project-model/src/cargo_workspace.rs	CargoFeatures
crates/project-model/src/cargo_workspace.rs	CargoConfig	crates/project-model/src/cargo_workspace.rs	RustLibSource
crates/project-model/src/cargo_workspace.rs	CargoConfig	crates/project-model/src/cargo_workspace.rs	TargetDirectoryConfig
crates/project-model/src/cargo_workspace.rs	CargoConfig	crates/project-model/src/lib.rs	CfgOverrides
crates/project-model/src/cargo_workspace.rs	CargoConfig	crates/project-model/src/lib.rs	InvocationStrategy
crates/project-model/src/cargo_workspace.rs	CargoMetadataConfig	crates/project-model/src/cargo_workspace.rs	CargoFeatures
crates/project-model/src/cargo_workspace.rs	CargoWorkspace	crates/project-model/src/cargo_workspace.rs	PackageData
crates/project-model/src/cargo_workspace.rs	CargoWorkspace	crates/project-model/src/cargo_workspace.rs	TargetData
crates/project-model/src/cargo_workspace.rs	CargoWorkspace	crates/project-model/src/manifest_path.rs	ManifestPath
crates/project-model/src/cargo_workspace.rs	FetchMetadata	crates/project-model/src/cargo_config_file.rs	LockfileCopy
crates/project-model/src/cargo_workspace.rs	FetchMetadata	crates/project-model/src/manifest_path.rs	ManifestPath
crates/project-model/src/cargo_workspace.rs	PackageData	crates/project-model/src/cargo_workspace.rs	PackageDependency
crates/project-model/src/cargo_workspace.rs	PackageData	crates/project-model/src/cargo_workspace.rs	RustAnalyzerPackageMetaData
crates/project-model/src/cargo_workspace.rs	PackageData	crates/project-model/src/manifest_path.rs	ManifestPath
crates/project-model/src/cargo_workspace.rs	PackageDependency	crates/project-model/src/cargo_workspace.rs	DepKind
crates/project-model/src/cargo_workspace.rs	PackageMetadata	crates/project-model/src/cargo_workspace.rs	RustAnalyzerPackageMetaData
crates/project-model/src/cargo_workspace.rs	TargetData	crates/project-model/src/cargo_workspace.rs	TargetKind
crates/project-model/src/lib.rs	ProjectJsonFromCommand	crates/project-model/src/project_json.rs	ProjectJsonData
crates/project-model/src/project_json.rs	Build	crates/project-model/src/cargo_workspace.rs	TargetKind
crates/project-model/src/project_json.rs	BuildData	crates/project-model/src/project_json.rs	TargetKindData
crates/project-model/src/project_json.rs	Crate	crates/project-model/src/project_json.rs	Build
crates/project-model/src/project_json.rs	Crate	crates/project-model/src/project_json.rs	Dep
crates/project-model/src/project_json.rs	CrateData	crates/project-model/src/project_json.rs	BuildData
crates/project-model/src/project_json.rs	CrateData	crates/project-model/src/project_json.rs	CfgList
crates/project-model/src/project_json.rs	CrateData	crates/project-model/src/project_json.rs	CrateSource
crates/project-model/src/project_json.rs	CrateData	crates/project-model/src/project_json.rs	Dep
crates/project-model/src/project_json.rs	CrateData	crates/project-model/src/project_json.rs	EditionData
crates/project-model/src/project_json.rs	Dep	crates/project-model/src/project_json.rs	CrateArrayIdx
crates/project-model/src/project_json.rs	ProjectJson	crates/project-model/src/manifest_path.rs	ManifestPath
crates/project-model/src/project_json.rs	ProjectJson	crates/project-model/src/project_json.rs	Crate
crates/project-model/src/project_json.rs	ProjectJson	crates/project-model/src/project_json.rs	ProjectJson
crates/project-model/src/project_json.rs	ProjectJson	crates/project-model/src/project_json.rs	Runnable
crates/project-model/src/project_json.rs	ProjectJsonData	crates/project-model/src/project_json.rs	CfgList
crates/project-model/src/project_json.rs	ProjectJsonData	crates/project-model/src/project_json.rs	CrateData
crates/project-model/src/project_json.rs	ProjectJsonData	crates/project-model/src/project_json.rs	ProjectJsonData
crates/project-model/src/project_json.rs	ProjectJsonData	crates/project-model/src/project_json.rs	RunnableData
crates/project-model/src/project_json.rs	Runnable	crates/project-model/src/project_json.rs	RunnableKind
crates/project-model/src/project_json.rs	RunnableData	crates/project-model/src/project_json.rs	RunnableKindData
crates/project-model/src/sysroot.rs	RustLibSrcCrateData	crates/project-model/src/manifest_path.rs	ManifestPath
crates/project-model/src/sysroot.rs	Stitched	crates/project-model/src/sysroot.rs	RustLibSrcCrateData
crates/project-model/src/sysroot.rs	Sysroot	crates/project-model/src/sysroot.rs	RustLibSrcWorkspace
crates/project-model/src/toolchain_info/target_data.rs	TargetSpec	crates/project-model/src/toolchain_info/target_data.rs	Arch
crates/project-model/src/workspace.rs	ProjectWorkspace	crates/project-model/src/lib.rs	CfgOverrides
crates/project-model/src/workspace.rs	ProjectWorkspace	crates/project-model/src/sysroot.rs	Sysroot
crates/project-model/src/workspace.rs	ProjectWorkspace	crates/project-model/src/workspace.rs	ProjectWorkspaceKind
crates/rust-analyzer/src/cli/analysis_stats.rs	PrettyItemStats	crates/rust-analyzer/src/cli/analysis_stats.rs	UsizeWithUnderscore
crates/rust-analyzer/src/cli/flags.rs	AnalysisStats	crates/rust-analyzer/src/cli/flags.rs	OutputFormat
crates/rust-analyzer/src/cli/flags.rs	Diagnostics	crates/rust-analyzer/src/cli/flags.rs	Severity
crates/rust-analyzer/src/cli/flags.rs	RustAnalyzer	crates/rust-analyzer/src/cli/flags.rs	RustAnalyzerCmd
crates/rust-analyzer/src/cli/lsif.rs	LsifManager	crates/rust-analyzer/src/cli/lsif.rs	Id
crates/rust-analyzer/src/cli/lsif.rs	LsifManager	crates/rust-analyzer/src/cli/lsif/vendored.rs	PackageInformation
crates/rust-analyzer/src/cli/lsif/vendored.rs	EdgeData	crates/rust-analyzer/src/cli/lsif.rs	Id
crates/rust-analyzer/src/cli/lsif/vendored.rs	EdgeDataMultiIn	crates/rust-analyzer/src/cli/lsif.rs	Id
crates/rust-analyzer/src/cli/lsif/vendored.rs	Entry	crates/rust-analyzer/src/cli/lsif.rs	Id
crates/rust-analyzer/src/cli/lsif/vendored.rs	Entry	crates/rust-analyzer/src/cli/lsif/vendored.rs	Element
crates/rust-analyzer/src/cli/lsif/vendored.rs	Event	crates/rust-analyzer/src/cli/lsif.rs	Id
crates/rust-analyzer/src/cli/lsif/vendored.rs	Event	crates/rust-analyzer/src/cli/lsif/vendored.rs	EventKind
crates/rust-analyzer/src/cli/lsif/vendored.rs	Event	crates/rust-analyzer/src/cli/lsif/vendored.rs	EventScope
crates/rust-analyzer/src/cli/lsif/vendored.rs	Item	crates/rust-analyzer/src/cli/lsif.rs	Id
crates/rust-analyzer/src/cli/lsif/vendored.rs	Item	crates/rust-analyzer/src/cli/lsif/vendored.rs	EdgeDataMultiIn
crates/rust-analyzer/src/cli/lsif/vendored.rs	Item	crates/rust-analyzer/src/cli/lsif/vendored.rs	ItemKind
crates/rust-analyzer/src/cli/lsif/vendored.rs	MetaData	crates/rust-analyzer/src/cli/lsif/vendored.rs	Encoding
crates/rust-analyzer/src/cli/lsif/vendored.rs	MetaData	crates/rust-analyzer/src/cli/lsif/vendored.rs	ToolInfo
crates/rust-analyzer/src/cli/lsif/vendored.rs	PackageInformation	crates/rust-analyzer/src/cli/lsif/vendored.rs	Repository
crates/rust-analyzer/src/cli/lsif/vendored.rs	RangeBasedDocumentSymbol	crates/rust-analyzer/src/cli/lsif.rs	Id
crates/rust-analyzer/src/cli/lsif/vendored.rs	RangeBasedDocumentSymbol	crates/rust-analyzer/src/cli/lsif/vendored.rs	RangeBasedDocumentSymbol
crates/rust-analyzer/src/cli/parse.rs	JsonNode	crates/rust-analyzer/src/cli/parse.rs	JsonNode
crates/rust-analyzer/src/cli/scip.rs	SymbolGenerator	crates/rust-analyzer/src/cli/scip.rs	TokenSymbols
crates/rust-analyzer/src/command.rs	CommandActor	crates/rust-analyzer/src/command.rs	JsonLinesParser
crates/rust-analyzer/src/command.rs	CommandHandle	crates/rust-analyzer/src/command.rs	JodGroupChild
crates/rust-analyzer/src/config.rs	Config	crates/rust-analyzer/src/config.rs	ClientInfo
crates/rust-analyzer/src/config.rs	Config	crates/rust-analyzer/src/config.rs	ConfigErrors
crates/rust-analyzer/src/config.rs	Config	crates/rust-analyzer/src/config.rs	DefaultConfigData
crates/rust-analyzer/src/config.rs	Config	crates/rust-analyzer/src/config.rs	FullConfigInput
crates/rust-analyzer/src/config.rs	Config	crates/rust-analyzer/src/config.rs	GlobalWorkspaceLocalConfigInput
crates/rust-analyzer/src/config.rs	Config	crates/rust-analyzer/src/config.rs	RatomlFile
crates/rust-analyzer/src/config.rs	Config	crates/rust-analyzer/src/lsp/capabilities.rs	ClientCapabilities
crates/rust-analyzer/src/config.rs	ConfigChange	crates/rust-analyzer/src/config.rs	RatomlFileKind
crates/rust-analyzer/src/config.rs	ConfigErrors	crates/rust-analyzer/src/config.rs	ConfigErrorInner
crates/rust-analyzer/src/config.rs	FilesConfig	crates/rust-analyzer/src/config.rs	FilesWatcher
crates/rust-analyzer/src/config.rs	LensConfig	crates/rust-analyzer/src/config.rs	AnnotationLocation
crates/rust-analyzer/src/config.rs	SnippetDef	crates/rust-analyzer/src/config.rs	SnippetScopeDef
crates/rust-analyzer/src/config.rs	SnippetDefRepr	crates/rust-analyzer/src/config.rs	SnippetScopeDef
crates/rust-analyzer/src/config.rs	WorkspaceSymbolConfig	crates/rust-analyzer/src/lsp/ext.rs	WorkspaceSymbolSearchKind
crates/rust-analyzer/src/config.rs	WorkspaceSymbolConfig	crates/rust-analyzer/src/lsp/ext.rs	WorkspaceSymbolSearchScope
crates/rust-analyzer/src/diagnostics.rs	DiagnosticCollection	crates/rust-analyzer/src/diagnostics.rs	WorkspaceFlycheckDiagnostic
crates/rust-analyzer/src/diagnostics.rs	WorkspaceFlycheckDiagnostic	crates/rust-analyzer/src/diagnostics.rs	PackageFlycheckDiagnostic
crates/rust-analyzer/src/diagnostics.rs	WorkspaceFlycheckDiagnostic	crates/rust-analyzer/src/flycheck.rs	PackageSpecifier
crates/rust-analyzer/src/diagnostics/flycheck_to_proto.rs	MappedRustDiagnostic	crates/rust-analyzer/src/diagnostics.rs	Fix
crates/rust-analyzer/src/diagnostics/flycheck_to_proto.rs	SubDiagnostic	crates/rust-analyzer/src/diagnostics.rs	Fix
crates/rust-analyzer/src/discover.rs	DiscoverCommand	crates/rust-analyzer/src/discover.rs	DiscoverProjectMessage
crates/rust-analyzer/src/discover.rs	DiscoverHandle	crates/rust-analyzer/src/command.rs	CommandHandle
crates/rust-analyzer/src/discover.rs	DiscoverHandle	crates/rust-analyzer/src/discover.rs	DiscoverProjectMessage
crates/rust-analyzer/src/discover.rs	DiscoverProjectParser	crates/rust-analyzer/src/command.rs	JsonLinesParser
crates/rust-analyzer/src/flycheck.rs	CheckParser	crates/rust-analyzer/src/command.rs	JsonLinesParser
crates/rust-analyzer/src/flycheck.rs	FlycheckActor	crates/rust-analyzer/src/command.rs	CommandHandle
crates/rust-analyzer/src/flycheck.rs	FlycheckActor	crates/rust-analyzer/src/flycheck.rs	CheckMessage
crates/rust-analyzer/src/flycheck.rs	FlycheckActor	crates/rust-analyzer/src/flycheck.rs	DiagnosticsReceived
crates/rust-analyzer/src/flycheck.rs	FlycheckActor	crates/rust-analyzer/src/flycheck.rs	FlycheckConfig
crates/rust-analyzer/src/flycheck.rs	FlycheckActor	crates/rust-analyzer/src/flycheck.rs	FlycheckConfigJson
crates/rust-analyzer/src/flycheck.rs	FlycheckActor	crates/rust-analyzer/src/flycheck.rs	FlycheckMessage
crates/rust-analyzer/src/flycheck.rs	FlycheckActor	crates/rust-analyzer/src/flycheck.rs	FlycheckScope
crates/rust-analyzer/src/flycheck.rs	FlycheckActor	crates/rust-analyzer/src/flycheck.rs	PackageSpecifier
crates/rust-analyzer/src/flycheck.rs	FlycheckHandle	crates/rust-analyzer/src/flycheck.rs	StateChange
crates/rust-analyzer/src/global_state.rs	GlobalState	crates/rust-analyzer/src/config.rs	ConfigErrors
crates/rust-analyzer/src/global_state.rs	GlobalState	crates/rust-analyzer/src/diagnostics.rs	DiagnosticCollection
crates/rust-analyzer/src/global_state.rs	GlobalState	crates/rust-analyzer/src/flycheck.rs	FlycheckHandle
crates/rust-analyzer/src/global_state.rs	GlobalState	crates/rust-analyzer/src/flycheck.rs	FlycheckMessage
crates/rust-analyzer/src/global_state.rs	GlobalState	crates/rust-analyzer/src/global_state.rs	FetchBuildDataResponse
crates/rust-analyzer/src/global_state.rs	GlobalState	crates/rust-analyzer/src/global_state.rs	FetchWorkspaceRequest
crates/rust-analyzer/src/global_state.rs	GlobalState	crates/rust-analyzer/src/global_state.rs	FetchWorkspaceResponse
crates/rust-analyzer/src/global_state.rs	GlobalState	crates/rust-analyzer/src/global_state.rs	Handle
crates/rust-analyzer/src/global_state.rs	GlobalState	crates/rust-analyzer/src/global_state.rs	MiniCoreRustAnalyzerInternalOnly
crates/rust-analyzer/src/global_state.rs	GlobalState	crates/rust-analyzer/src/line_index.rs	LineEndings
crates/rust-analyzer/src/global_state.rs	GlobalState	crates/rust-analyzer/src/main_loop.rs	Task
crates/rust-analyzer/src/global_state.rs	GlobalState	crates/rust-analyzer/src/mem_docs.rs	MemDocs
crates/rust-analyzer/src/global_state.rs	GlobalState	crates/rust-analyzer/src/op_queue.rs	OpQueue
crates/rust-analyzer/src/global_state.rs	GlobalState	crates/rust-analyzer/src/task_pool.rs	DeferredTaskQueue
crates/rust-analyzer/src/global_state.rs	GlobalState	crates/rust-analyzer/src/task_pool.rs	TaskPool
crates/rust-analyzer/src/global_state.rs	GlobalState	crates/rust-analyzer/src/test_runner.rs	CargoTestHandle
crates/rust-analyzer/src/global_state.rs	GlobalState	crates/rust-analyzer/src/test_runner.rs	CargoTestMessage
crates/rust-analyzer/src/global_state.rs	GlobalStateSnapshot	crates/rust-analyzer/src/flycheck.rs	FlycheckHandle
crates/rust-analyzer/src/global_state.rs	GlobalStateSnapshot	crates/rust-analyzer/src/global_state.rs	MiniCoreRustAnalyzerInternalOnly
crates/rust-analyzer/src/global_state.rs	GlobalStateSnapshot	crates/rust-analyzer/src/line_index.rs	LineEndings
crates/rust-analyzer/src/global_state.rs	GlobalStateSnapshot	crates/rust-analyzer/src/mem_docs.rs	MemDocs
crates/rust-analyzer/src/handlers/dispatch.rs	NotificationDispatcher	crates/rust-analyzer/src/global_state.rs	GlobalState
crates/rust-analyzer/src/handlers/dispatch.rs	RequestDispatcher	crates/rust-analyzer/src/global_state.rs	GlobalState
crates/rust-analyzer/src/line_index.rs	LineIndex	crates/rust-analyzer/src/line_index.rs	LineEndings
crates/rust-analyzer/src/line_index.rs	LineIndex	crates/rust-analyzer/src/line_index.rs	PositionEncoding
crates/rust-analyzer/src/lsp/ext.rs	ChangeTestStateParams	crates/rust-analyzer/src/lsp/ext.rs	TestState
crates/rust-analyzer/src/lsp/ext.rs	CodeAction	crates/rust-analyzer/src/lsp/ext.rs	CodeActionData
crates/rust-analyzer/src/lsp/ext.rs	CodeAction	crates/rust-analyzer/src/lsp/ext.rs	SnippetWorkspaceEdit
crates/rust-analyzer/src/lsp/ext.rs	CodeLensResolveData	crates/rust-analyzer/src/lsp/ext.rs	CodeLensResolveDataKind
crates/rust-analyzer/src/lsp/ext.rs	CommandLinkGroup	crates/rust-analyzer/src/lsp/ext.rs	CommandLink
crates/rust-analyzer/src/lsp/ext.rs	CompletionResolveData	crates/rust-analyzer/src/lsp/ext.rs	CompletionImport
crates/rust-analyzer/src/lsp/ext.rs	DiscoverTestResults	crates/rust-analyzer/src/lsp/ext.rs	TestItem
crates/rust-analyzer/src/lsp/ext.rs	EvaluatePredicateResult	crates/rust-analyzer/src/lsp/ext.rs	PredicateEvaluationStatus
crates/rust-analyzer/src/lsp/ext.rs	FetchDependencyListResult	crates/rust-analyzer/src/lsp/ext.rs	CrateInfoResult
crates/rust-analyzer/src/lsp/ext.rs	Hover	crates/rust-analyzer/src/lsp/ext.rs	CommandLinkGroup
crates/rust-analyzer/src/lsp/ext.rs	HoverParams	crates/rust-analyzer/src/lsp/ext.rs	PositionOrRange
crates/rust-analyzer/src/lsp/ext.rs	InternalTestingFetchConfigParams	crates/rust-analyzer/src/lsp/ext.rs	InternalTestingFetchConfigOption
crates/rust-analyzer/src/lsp/ext.rs	MoveItemParams	crates/rust-analyzer/src/lsp/ext.rs	MoveItemDirection
crates/rust-analyzer/src/lsp/ext.rs	RecursiveMemoryLayout	crates/rust-analyzer/src/lsp/ext.rs	MemoryLayoutNode
crates/rust-analyzer/src/lsp/ext.rs	Runnable	crates/rust-analyzer/src/lsp/ext.rs	RunnableArgs
crates/rust-analyzer/src/lsp/ext.rs	ServerStatusParams	crates/rust-analyzer/src/lsp/ext.rs	Health
crates/rust-analyzer/src/lsp/ext.rs	SnippetTextDocumentEdit	crates/rust-analyzer/src/lsp/ext.rs	SnippetTextEdit
crates/rust-analyzer/src/lsp/ext.rs	SnippetWorkspaceEdit	crates/rust-analyzer/src/lsp/ext.rs	SnippetDocumentChangeOperation
crates/rust-analyzer/src/lsp/ext.rs	TestInfo	crates/rust-analyzer/src/lsp/ext.rs	Runnable
crates/rust-analyzer/src/lsp/ext.rs	TestItem	crates/rust-analyzer/src/lsp/ext.rs	Runnable
crates/rust-analyzer/src/lsp/ext.rs	TestItem	crates/rust-analyzer/src/lsp/ext.rs	TestItemKind
crates/rust-analyzer/src/lsp/ext.rs	WorkspaceSymbolParams	crates/rust-analyzer/src/lsp/ext.rs	WorkspaceSymbolSearchKind
crates/rust-analyzer/src/lsp/ext.rs	WorkspaceSymbolParams	crates/rust-analyzer/src/lsp/ext.rs	WorkspaceSymbolSearchScope
crates/rust-analyzer/src/mem_docs.rs	MemDocs	crates/rust-analyzer/src/mem_docs.rs	DocumentData
crates/rust-analyzer/src/target_spec.rs	ProjectJsonTargetSpec	crates/rust-analyzer/src/lsp/ext.rs	Runnable
crates/rust-analyzer/src/task_pool.rs	DeferredTaskQueue	crates/rust-analyzer/src/main_loop.rs	DeferredTask
crates/rust-analyzer/src/test_runner.rs	CargoTestHandle	crates/rust-analyzer/src/command.rs	CommandHandle
crates/rust-analyzer/src/test_runner.rs	CargoTestHandle	crates/rust-analyzer/src/test_runner.rs	CargoTestMessage
crates/rust-analyzer/src/test_runner.rs	CargoTestMessage	crates/rust-analyzer/src/test_runner.rs	CargoTestOutput
crates/rust-analyzer/src/test_runner.rs	CargoTestMessage	crates/rust-analyzer/src/test_runner.rs	TestTarget
crates/rust-analyzer/src/test_runner.rs	CargoTestOutputParser	crates/rust-analyzer/src/command.rs	JsonLinesParser
crates/rust-analyzer/src/test_runner.rs	CargoTestOutputParser	crates/rust-analyzer/src/test_runner.rs	TestTarget
crates/rust-analyzer/src/tracing/hprof.rs	Data	crates/rust-analyzer/src/tracing/hprof.rs	Node
crates/rust-analyzer/src/tracing/hprof.rs	Node	crates/rust-analyzer/src/tracing/hprof.rs	Node
crates/rust-analyzer/src/tracing/hprof.rs	SpanTree	crates/rust-analyzer/src/tracing/hprof.rs	WriteFilter
crates/rust-analyzer/src/version.rs	VersionInfo	crates/rust-analyzer/src/version.rs	CommitInfo
crates/span/src/ast_id.rs	AstIdMap	crates/span/src/ast_id.rs	ErasedFileAstId
crates/span/src/ast_id.rs	BlockExprFileAstId	crates/span/src/ast_id.rs	ErasedFileAstId
crates/span/src/ast_id.rs	ErasedAssocItemFileAstId	crates/span/src/ast_id.rs	ErasedFileAstId
crates/span/src/ast_id.rs	ErasedAssocItemFileAstId	crates/span/src/ast_id.rs	ErasedHasNameFileAstId
crates/span/src/ast_id.rs	ErasedAstIdNextIndexMap	crates/span/src/ast_id.rs	ErasedFileAstIdKind
crates/span/src/ast_id.rs	FileAstId	crates/span/src/ast_id.rs	ErasedFileAstId
crates/span/src/hygiene.rs	SyntaxContext	crates/span/src/hygiene.rs	SyntaxContext
crates/span/src/lib.rs	Span	crates/span/src/hygiene.rs	SyntaxContext
crates/span/src/lib.rs	Span	crates/span/src/lib.rs	SpanAnchor
crates/span/src/lib.rs	SpanAnchor	crates/span/src/ast_id.rs	ErasedFileAstId
crates/span/src/lib.rs	SpanAnchor	crates/span/src/lib.rs	EditionedFileId
crates/span/src/map.rs	RealSpanMap	crates/span/src/ast_id.rs	ErasedFileAstId
crates/span/src/map.rs	RealSpanMap	crates/span/src/lib.rs	EditionedFileId
crates/span/src/map.rs	SpanMap	crates/span/src/lib.rs	Span
crates/stdx/src/anymap.rs	Entry	crates/stdx/src/anymap.rs	Downcast
crates/stdx/src/anymap.rs	Entry	crates/stdx/src/anymap.rs	IntoBox
crates/stdx/src/anymap.rs	IntoBox	crates/stdx/src/anymap.rs	Downcast
crates/stdx/src/anymap.rs	Map	crates/stdx/src/anymap.rs	Downcast
crates/stdx/src/anymap.rs	OccupiedEntry	crates/stdx/src/anymap.rs	Downcast
crates/stdx/src/anymap.rs	OccupiedEntry	crates/stdx/src/anymap.rs	IntoBox
crates/stdx/src/anymap.rs	VacantEntry	crates/stdx/src/anymap.rs	Downcast
crates/stdx/src/anymap.rs	VacantEntry	crates/stdx/src/anymap.rs	IntoBox
crates/stdx/src/thread.rs	Builder	crates/stdx/src/thread/intent.rs	ThreadIntent
crates/stdx/src/thread/pool.rs	Job	crates/stdx/src/thread/intent.rs	ThreadIntent
crates/stdx/src/thread/pool.rs	Pool	crates/stdx/src/thread.rs	JoinHandle
crates/stdx/src/thread/pool.rs	Pool	crates/stdx/src/thread/pool.rs	Job
crates/stdx/src/thread/pool.rs	Scope	crates/stdx/src/thread/pool.rs	Pool
crates/syntax-bridge/src/lib.rs	Converter	crates/syntax-bridge/src/lib.rs	DocCommentDesugarMode
crates/syntax-bridge/src/lib.rs	Converter	crates/syntax-bridge/src/lib.rs	SpanMapper
crates/syntax-bridge/src/lib.rs	Converter	crates/syntax-bridge/src/lib.rs	TokenConverter
crates/syntax-bridge/src/lib.rs	DummyTestSpanMap	crates/syntax-bridge/src/lib.rs	SpanMapper
crates/syntax-bridge/src/lib.rs	RawConverter	crates/syntax-bridge/src/lib.rs	DocCommentDesugarMode
crates/syntax-bridge/src/lib.rs	RawConverter	crates/syntax-bridge/src/lib.rs	TokenConverter
crates/syntax-bridge/src/lib.rs	StaticRawConverter	crates/syntax-bridge/src/lib.rs	DocCommentDesugarMode
crates/syntax-bridge/src/lib.rs	StaticRawConverter	crates/syntax-bridge/src/lib.rs	TokenConverter
crates/syntax-bridge/src/lib.rs	SynToken	crates/syntax-bridge/src/lib.rs	SrcToken
crates/syntax/src/ast.rs	AstChildren	crates/syntax/src/ast.rs	AstNode
crates/syntax/src/ast/edit.rs	AstNodeEdit	crates/syntax/src/ast.rs	AstNode
crates/syntax/src/ast/expr_ext.rs	CallableExpr	crates/syntax/src/ast.rs	AstNode
crates/syntax/src/ast/expr_ext.rs	ElseBranch	crates/syntax/src/ast.rs	AstNode
crates/syntax/src/ast/generated/nodes.rs	Abi	crates/syntax/src/ast.rs	AstNode
crates/syntax/src/ast/generated/nodes.rs	Adt	crates/syntax/src/ast.rs	AstNode
crates/syntax/src/ast/generated/nodes.rs	AnyHasArgList	crates/syntax/src/ast.rs	AstNode
crates/syntax/src/ast/generated/nodes.rs	AnyHasAttrs	crates/syntax/src/ast.rs	AstNode
crates/syntax/src/ast/generated/nodes.rs	AnyHasDocComments	crates/syntax/src/ast.rs	AstNode
crates/syntax/src/ast/generated/nodes.rs	AnyHasGenericArgs	crates/syntax/src/ast.rs	AstNode
crates/syntax/src/ast/generated/nodes.rs	AnyHasGenericParams	crates/syntax/src/ast.rs	AstNode
crates/syntax/src/ast/generated/nodes.rs	AnyHasLoopBody	crates/syntax/src/ast.rs	AstNode
crates/syntax/src/ast/generated/nodes.rs	AnyHasModuleItem	crates/syntax/src/ast.rs	AstNode
crates/syntax/src/ast/generated/nodes.rs	AnyHasName	crates/syntax/src/ast.rs	AstNode
crates/syntax/src/ast/generated/nodes.rs	AnyHasTypeBounds	crates/syntax/src/ast.rs	AstNode
crates/syntax/src/ast/generated/nodes.rs	AnyHasVisibility	crates/syntax/src/ast.rs	AstNode
crates/syntax/src/ast/generated/nodes.rs	ArgList	crates/syntax/src/ast.rs	AstNode
crates/syntax/src/ast/generated/nodes.rs	ArrayExpr	crates/syntax/src/ast.rs	AstNode
crates/syntax/src/ast/generated/nodes.rs	ArrayType	crates/syntax/src/ast.rs	AstNode
crates/syntax/src/ast/generated/nodes.rs	AsmClobberAbi	crates/syntax/src/ast.rs	AstNode
crates/syntax/src/ast/generated/nodes.rs	AsmConst	crates/syntax/src/ast.rs	AstNode
crates/syntax/src/ast/generated/nodes.rs	AsmDirSpec	crates/syntax/src/ast.rs	AstNode
crates/syntax/src/ast/generated/nodes.rs	AsmExpr	crates/syntax/src/ast.rs	AstNode
crates/syntax/src/ast/generated/nodes.rs	AsmLabel	crates/syntax/src/ast.rs	AstNode
crates/syntax/src/ast/generated/nodes.rs	AsmOperand	crates/syntax/src/ast.rs	AstNode
crates/syntax/src/ast/generated/nodes.rs	AsmOperandExpr	crates/syntax/src/ast.rs	AstNode
crates/syntax/src/ast/generated/nodes.rs	AsmOperandNamed	crates/syntax/src/ast.rs	AstNode
crates/syntax/src/ast/generated/nodes.rs	AsmOption	crates/syntax/src/ast.rs	AstNode
crates/syntax/src/ast/generated/nodes.rs	AsmOptions	crates/syntax/src/ast.rs	AstNode
crates/syntax/src/ast/generated/nodes.rs	AsmPiece	crates/syntax/src/ast.rs	AstNode
crates/syntax/src/ast/generated/nodes.rs	AsmRegOperand	crates/syntax/src/ast.rs	AstNode
crates/syntax/src/ast/generated/nodes.rs	AsmRegSpec	crates/syntax/src/ast.rs	AstNode
crates/syntax/src/ast/generated/nodes.rs	AsmSym	crates/syntax/src/ast.rs	AstNode
crates/syntax/src/ast/generated/nodes.rs	AssocItem	crates/syntax/src/ast.rs	AstNode
crates/syntax/src/ast/generated/nodes.rs	AssocItemList	crates/syntax/src/ast.rs	AstNode
crates/syntax/src/ast/generated/nodes.rs	AssocTypeArg	crates/syntax/src/ast.rs	AstNode
crates/syntax/src/ast/generated/nodes.rs	Attr	crates/syntax/src/ast.rs	AstNode
crates/syntax/src/ast/generated/nodes.rs	AwaitExpr	crates/syntax/src/ast.rs	AstNode
crates/syntax/src/ast/generated/nodes.rs	BecomeExpr	crates/syntax/src/ast.rs	AstNode
crates/syntax/src/ast/generated/nodes.rs	BinExpr	crates/syntax/src/ast.rs	AstNode
crates/syntax/src/ast/generated/nodes.rs	BlockExpr	crates/syntax/src/ast.rs	AstNode
crates/syntax/src/ast/generated/nodes.rs	BoxPat	crates/syntax/src/ast.rs	AstNode
crates/syntax/src/ast/generated/nodes.rs	BreakExpr	crates/syntax/src/ast.rs	AstNode
crates/syntax/src/ast/generated/nodes.rs	CallExpr	crates/syntax/src/ast.rs	AstNode
crates/syntax/src/ast/generated/nodes.rs	CastExpr	crates/syntax/src/ast.rs	AstNode
crates/syntax/src/ast/generated/nodes.rs	CfgAtom	crates/syntax/src/ast.rs	AstNode
crates/syntax/src/ast/generated/nodes.rs	CfgAttrMeta	crates/syntax/src/ast.rs	AstNode
crates/syntax/src/ast/generated/nodes.rs	CfgComposite	crates/syntax/src/ast.rs	AstNode
crates/syntax/src/ast/generated/nodes.rs	CfgMeta	crates/syntax/src/ast.rs	AstNode
crates/syntax/src/ast/generated/nodes.rs	CfgPredicate	crates/syntax/src/ast.rs	AstNode
crates/syntax/src/ast/generated/nodes.rs	ClosureExpr	crates/syntax/src/ast.rs	AstNode
crates/syntax/src/ast/generated/nodes.rs	Const	crates/syntax/src/ast.rs	AstNode
crates/syntax/src/ast/generated/nodes.rs	ConstArg	crates/syntax/src/ast.rs	AstNode
crates/syntax/src/ast/generated/nodes.rs	ConstBlockPat	crates/syntax/src/ast.rs	AstNode
crates/syntax/src/ast/generated/nodes.rs	ConstParam	crates/syntax/src/ast.rs	AstNode
crates/syntax/src/ast/generated/nodes.rs	ContinueExpr	crates/syntax/src/ast.rs	AstNode
crates/syntax/src/ast/generated/nodes.rs	DerefPat	crates/syntax/src/ast.rs	AstNode
crates/syntax/src/ast/generated/nodes.rs	DynTraitType	crates/syntax/src/ast.rs	AstNode
crates/syntax/src/ast/generated/nodes.rs	Enum	crates/syntax/src/ast.rs	AstNode
crates/syntax/src/ast/generated/nodes.rs	Expr	crates/syntax/src/ast.rs	AstNode
crates/syntax/src/ast/generated/nodes.rs	ExprStmt	crates/syntax/src/ast.rs	AstNode
crates/syntax/src/ast/generated/nodes.rs	ExternBlock	crates/syntax/src/ast.rs	AstNode
crates/syntax/src/ast/generated/nodes.rs	ExternCrate	crates/syntax/src/ast.rs	AstNode
crates/syntax/src/ast/generated/nodes.rs	ExternItem	crates/syntax/src/ast.rs	AstNode
crates/syntax/src/ast/generated/nodes.rs	ExternItemList	crates/syntax/src/ast.rs	AstNode
crates/syntax/src/ast/generated/nodes.rs	FieldExpr	crates/syntax/src/ast.rs	AstNode
crates/syntax/src/ast/generated/nodes.rs	FieldList	crates/syntax/src/ast.rs	AstNode
crates/syntax/src/ast/generated/nodes.rs	Fn	crates/syntax/src/ast.rs	AstNode
crates/syntax/src/ast/generated/nodes.rs	FnPtrType	crates/syntax/src/ast.rs	AstNode
crates/syntax/src/ast/generated/nodes.rs	ForBinder	crates/syntax/src/ast.rs	AstNode
crates/syntax/src/ast/generated/nodes.rs	ForExpr	crates/syntax/src/ast.rs	AstNode
crates/syntax/src/ast/generated/nodes.rs	ForType	crates/syntax/src/ast.rs	AstNode
crates/syntax/src/ast/generated/nodes.rs	FormatArgsArg	crates/syntax/src/ast.rs	AstNode
crates/syntax/src/ast/generated/nodes.rs	FormatArgsExpr	crates/syntax/src/ast.rs	AstNode
crates/syntax/src/ast/generated/nodes.rs	GenericArg	crates/syntax/src/ast.rs	AstNode
crates/syntax/src/ast/generated/nodes.rs	GenericArgList	crates/syntax/src/ast.rs	AstNode
crates/syntax/src/ast/generated/nodes.rs	GenericParam	crates/syntax/src/ast.rs	AstNode
crates/syntax/src/ast/generated/nodes.rs	GenericParamList	crates/syntax/src/ast.rs	AstNode
crates/syntax/src/ast/generated/nodes.rs	IdentPat	crates/syntax/src/ast.rs	AstNode
crates/syntax/src/ast/generated/nodes.rs	IfExpr	crates/syntax/src/ast.rs	AstNode
crates/syntax/src/ast/generated/nodes.rs	Impl	crates/syntax/src/ast.rs	AstNode
crates/syntax/src/ast/generated/nodes.rs	ImplRestriction	crates/syntax/src/ast.rs	AstNode
crates/syntax/src/ast/generated/nodes.rs	ImplTraitType	crates/syntax/src/ast.rs	AstNode
crates/syntax/src/ast/generated/nodes.rs	IncludeBytesExpr	crates/syntax/src/ast.rs	AstNode
crates/syntax/src/ast/generated/nodes.rs	IndexExpr	crates/syntax/src/ast.rs	AstNode
crates/syntax/src/ast/generated/nodes.rs	InferType	crates/syntax/src/ast.rs	AstNode
crates/syntax/src/ast/generated/nodes.rs	Item	crates/syntax/src/ast.rs	AstNode
crates/syntax/src/ast/generated/nodes.rs	ItemList	crates/syntax/src/ast.rs	AstNode
crates/syntax/src/ast/generated/nodes.rs	KeyValueMeta	crates/syntax/src/ast.rs	AstNode
crates/syntax/src/ast/generated/nodes.rs	Label	crates/syntax/src/ast.rs	AstNode
crates/syntax/src/ast/generated/nodes.rs	LetElse	crates/syntax/src/ast.rs	AstNode
crates/syntax/src/ast/generated/nodes.rs	LetExpr	crates/syntax/src/ast.rs	AstNode
crates/syntax/src/ast/generated/nodes.rs	LetStmt	crates/syntax/src/ast.rs	AstNode
crates/syntax/src/ast/generated/nodes.rs	Lifetime	crates/syntax/src/ast.rs	AstNode
crates/syntax/src/ast/generated/nodes.rs	LifetimeArg	crates/syntax/src/ast.rs	AstNode
crates/syntax/src/ast/generated/nodes.rs	LifetimeParam	crates/syntax/src/ast.rs	AstNode
crates/syntax/src/ast/generated/nodes.rs	Literal	crates/syntax/src/ast.rs	AstNode
crates/syntax/src/ast/generated/nodes.rs	LiteralPat	crates/syntax/src/ast.rs	AstNode
crates/syntax/src/ast/generated/nodes.rs	LoopExpr	crates/syntax/src/ast.rs	AstNode
crates/syntax/src/ast/generated/nodes.rs	MacroCall	crates/syntax/src/ast.rs	AstNode
crates/syntax/src/ast/generated/nodes.rs	MacroDef	crates/syntax/src/ast.rs	AstNode
crates/syntax/src/ast/generated/nodes.rs	MacroExpr	crates/syntax/src/ast.rs	AstNode
crates/syntax/src/ast/generated/nodes.rs	MacroItems	crates/syntax/src/ast.rs	AstNode
crates/syntax/src/ast/generated/nodes.rs	MacroPat	crates/syntax/src/ast.rs	AstNode
crates/syntax/src/ast/generated/nodes.rs	MacroRules	crates/syntax/src/ast.rs	AstNode
crates/syntax/src/ast/generated/nodes.rs	MacroStmts	crates/syntax/src/ast.rs	AstNode
crates/syntax/src/ast/generated/nodes.rs	MacroType	crates/syntax/src/ast.rs	AstNode
crates/syntax/src/ast/generated/nodes.rs	MatchArm	crates/syntax/src/ast.rs	AstNode
crates/syntax/src/ast/generated/nodes.rs	MatchArmList	crates/syntax/src/ast.rs	AstNode
crates/syntax/src/ast/generated/nodes.rs	MatchExpr	crates/syntax/src/ast.rs	AstNode
crates/syntax/src/ast/generated/nodes.rs	MatchGuard	crates/syntax/src/ast.rs	AstNode
crates/syntax/src/ast/generated/nodes.rs	Meta	crates/syntax/src/ast.rs	AstNode
crates/syntax/src/ast/generated/nodes.rs	MethodCallExpr	crates/syntax/src/ast.rs	AstNode
crates/syntax/src/ast/generated/nodes.rs	Module	crates/syntax/src/ast.rs	AstNode
crates/syntax/src/ast/generated/nodes.rs	MutRestriction	crates/syntax/src/ast.rs	AstNode
crates/syntax/src/ast/generated/nodes.rs	Name	crates/syntax/src/ast.rs	AstNode
crates/syntax/src/ast/generated/nodes.rs	NameRef	crates/syntax/src/ast.rs	AstNode
crates/syntax/src/ast/generated/nodes.rs	NeverType	crates/syntax/src/ast.rs	AstNode
crates/syntax/src/ast/generated/nodes.rs	NotNull	crates/syntax/src/ast.rs	AstNode
crates/syntax/src/ast/generated/nodes.rs	OffsetOfExpr	crates/syntax/src/ast.rs	AstNode
crates/syntax/src/ast/generated/nodes.rs	OrPat	crates/syntax/src/ast.rs	AstNode
crates/syntax/src/ast/generated/nodes.rs	Param	crates/syntax/src/ast.rs	AstNode
crates/syntax/src/ast/generated/nodes.rs	ParamList	crates/syntax/src/ast.rs	AstNode
crates/syntax/src/ast/generated/nodes.rs	ParenExpr	crates/syntax/src/ast.rs	AstNode
crates/syntax/src/ast/generated/nodes.rs	ParenPat	crates/syntax/src/ast.rs	AstNode
crates/syntax/src/ast/generated/nodes.rs	ParenType	crates/syntax/src/ast.rs	AstNode
crates/syntax/src/ast/generated/nodes.rs	ParenthesizedArgList	crates/syntax/src/ast.rs	AstNode
crates/syntax/src/ast/generated/nodes.rs	Pat	crates/syntax/src/ast.rs	AstNode
crates/syntax/src/ast/generated/nodes.rs	Path	crates/syntax/src/ast.rs	AstNode
crates/syntax/src/ast/generated/nodes.rs	PathExpr	crates/syntax/src/ast.rs	AstNode
crates/syntax/src/ast/generated/nodes.rs	PathMeta	crates/syntax/src/ast.rs	AstNode
crates/syntax/src/ast/generated/nodes.rs	PathPat	crates/syntax/src/ast.rs	AstNode
crates/syntax/src/ast/generated/nodes.rs	PathSegment	crates/syntax/src/ast.rs	AstNode
crates/syntax/src/ast/generated/nodes.rs	PathType	crates/syntax/src/ast.rs	AstNode
crates/syntax/src/ast/generated/nodes.rs	PatternType	crates/syntax/src/ast.rs	AstNode
crates/syntax/src/ast/generated/nodes.rs	PrefixExpr	crates/syntax/src/ast.rs	AstNode
crates/syntax/src/ast/generated/nodes.rs	PtrType	crates/syntax/src/ast.rs	AstNode
crates/syntax/src/ast/generated/nodes.rs	RangeExpr	crates/syntax/src/ast.rs	AstNode
crates/syntax/src/ast/generated/nodes.rs	RangePat	crates/syntax/src/ast.rs	AstNode
crates/syntax/src/ast/generated/nodes.rs	RecordExpr	crates/syntax/src/ast.rs	AstNode
crates/syntax/src/ast/generated/nodes.rs	RecordExprField	crates/syntax/src/ast.rs	AstNode
crates/syntax/src/ast/generated/nodes.rs	RecordExprFieldList	crates/syntax/src/ast.rs	AstNode
crates/syntax/src/ast/generated/nodes.rs	RecordField	crates/syntax/src/ast.rs	AstNode
crates/syntax/src/ast/generated/nodes.rs	RecordFieldList	crates/syntax/src/ast.rs	AstNode
crates/syntax/src/ast/generated/nodes.rs	RecordPat	crates/syntax/src/ast.rs	AstNode
crates/syntax/src/ast/generated/nodes.rs	RecordPatField	crates/syntax/src/ast.rs	AstNode
crates/syntax/src/ast/generated/nodes.rs	RecordPatFieldList	crates/syntax/src/ast.rs	AstNode
crates/syntax/src/ast/generated/nodes.rs	RefExpr	crates/syntax/src/ast.rs	AstNode
crates/syntax/src/ast/generated/nodes.rs	RefPat	crates/syntax/src/ast.rs	AstNode
crates/syntax/src/ast/generated/nodes.rs	RefType	crates/syntax/src/ast.rs	AstNode
crates/syntax/src/ast/generated/nodes.rs	Rename	crates/syntax/src/ast.rs	AstNode
crates/syntax/src/ast/generated/nodes.rs	RestPat	crates/syntax/src/ast.rs	AstNode
crates/syntax/src/ast/generated/nodes.rs	RetType	crates/syntax/src/ast.rs	AstNode
crates/syntax/src/ast/generated/nodes.rs	ReturnExpr	crates/syntax/src/ast.rs	AstNode
crates/syntax/src/ast/generated/nodes.rs	ReturnTypeSyntax	crates/syntax/src/ast.rs	AstNode
crates/syntax/src/ast/generated/nodes.rs	SelfParam	crates/syntax/src/ast.rs	AstNode
crates/syntax/src/ast/generated/nodes.rs	SlicePat	crates/syntax/src/ast.rs	AstNode
crates/syntax/src/ast/generated/nodes.rs	SliceType	crates/syntax/src/ast.rs	AstNode
crates/syntax/src/ast/generated/nodes.rs	SourceFile	crates/syntax/src/ast.rs	AstNode
crates/syntax/src/ast/generated/nodes.rs	Static	crates/syntax/src/ast.rs	AstNode
crates/syntax/src/ast/generated/nodes.rs	StmtList	crates/syntax/src/ast.rs	AstNode
crates/syntax/src/ast/generated/nodes.rs	Struct	crates/syntax/src/ast.rs	AstNode
crates/syntax/src/ast/generated/nodes.rs	TokenTree	crates/syntax/src/ast.rs	AstNode
crates/syntax/src/ast/generated/nodes.rs	TokenTreeMeta	crates/syntax/src/ast.rs	AstNode
crates/syntax/src/ast/generated/nodes.rs	Trait	crates/syntax/src/ast.rs	AstNode
crates/syntax/src/ast/generated/nodes.rs	TryBlockModifier	crates/syntax/src/ast.rs	AstNode
crates/syntax/src/ast/generated/nodes.rs	TryExpr	crates/syntax/src/ast.rs	AstNode
crates/syntax/src/ast/generated/nodes.rs	TupleExpr	crates/syntax/src/ast.rs	AstNode
crates/syntax/src/ast/generated/nodes.rs	TupleField	crates/syntax/src/ast.rs	AstNode
crates/syntax/src/ast/generated/nodes.rs	TupleFieldList	crates/syntax/src/ast.rs	AstNode
crates/syntax/src/ast/generated/nodes.rs	TuplePat	crates/syntax/src/ast.rs	AstNode
crates/syntax/src/ast/generated/nodes.rs	TupleStructPat	crates/syntax/src/ast.rs	AstNode
crates/syntax/src/ast/generated/nodes.rs	TupleType	crates/syntax/src/ast.rs	AstNode
crates/syntax/src/ast/generated/nodes.rs	Type	crates/syntax/src/ast.rs	AstNode
crates/syntax/src/ast/generated/nodes.rs	TypeAlias	crates/syntax/src/ast.rs	AstNode
crates/syntax/src/ast/generated/nodes.rs	TypeAnchor	crates/syntax/src/ast.rs	AstNode
crates/syntax/src/ast/generated/nodes.rs	TypeArg	crates/syntax/src/ast.rs	AstNode
crates/syntax/src/ast/generated/nodes.rs	TypeBound	crates/syntax/src/ast.rs	AstNode
crates/syntax/src/ast/generated/nodes.rs	TypeBoundList	crates/syntax/src/ast.rs	AstNode
crates/syntax/src/ast/generated/nodes.rs	TypeParam	crates/syntax/src/ast.rs	AstNode
crates/syntax/src/ast/generated/nodes.rs	UnderscoreExpr	crates/syntax/src/ast.rs	AstNode
crates/syntax/src/ast/generated/nodes.rs	Union	crates/syntax/src/ast.rs	AstNode
crates/syntax/src/ast/generated/nodes.rs	UnsafeMeta	crates/syntax/src/ast.rs	AstNode
crates/syntax/src/ast/generated/nodes.rs	Use	crates/syntax/src/ast.rs	AstNode
crates/syntax/src/ast/generated/nodes.rs	UseBoundGenericArg	crates/syntax/src/ast.rs	AstNode
crates/syntax/src/ast/generated/nodes.rs	UseBoundGenericArgs	crates/syntax/src/ast.rs	AstNode
crates/syntax/src/ast/generated/nodes.rs	UseTree	crates/syntax/src/ast.rs	AstNode
crates/syntax/src/ast/generated/nodes.rs	UseTreeList	crates/syntax/src/ast.rs	AstNode
crates/syntax/src/ast/generated/nodes.rs	Variant	crates/syntax/src/ast.rs	AstNode
crates/syntax/src/ast/generated/nodes.rs	VariantDef	crates/syntax/src/ast.rs	AstNode
crates/syntax/src/ast/generated/nodes.rs	VariantList	crates/syntax/src/ast.rs	AstNode
crates/syntax/src/ast/generated/nodes.rs	Visibility	crates/syntax/src/ast.rs	AstNode
crates/syntax/src/ast/generated/nodes.rs	VisibilityInner	crates/syntax/src/ast.rs	AstNode
crates/syntax/src/ast/generated/nodes.rs	WhereClause	crates/syntax/src/ast.rs	AstNode
crates/syntax/src/ast/generated/nodes.rs	WherePred	crates/syntax/src/ast.rs	AstNode
crates/syntax/src/ast/generated/nodes.rs	WhileExpr	crates/syntax/src/ast.rs	AstNode
crates/syntax/src/ast/generated/nodes.rs	WildcardPat	crates/syntax/src/ast.rs	AstNode
crates/syntax/src/ast/generated/nodes.rs	YeetExpr	crates/syntax/src/ast.rs	AstNode
crates/syntax/src/ast/generated/nodes.rs	YieldExpr	crates/syntax/src/ast.rs	AstNode
crates/syntax/src/ast/generated/tokens.rs	Byte	crates/syntax/src/ast.rs	AstToken
crates/syntax/src/ast/generated/tokens.rs	ByteString	crates/syntax/src/ast.rs	AstToken
crates/syntax/src/ast/generated/tokens.rs	CString	crates/syntax/src/ast.rs	AstToken
crates/syntax/src/ast/generated/tokens.rs	Char	crates/syntax/src/ast.rs	AstToken
crates/syntax/src/ast/generated/tokens.rs	Comment	crates/syntax/src/ast.rs	AstToken
crates/syntax/src/ast/generated/tokens.rs	FloatNumber	crates/syntax/src/ast.rs	AstToken
crates/syntax/src/ast/generated/tokens.rs	Ident	crates/syntax/src/ast.rs	AstToken
crates/syntax/src/ast/generated/tokens.rs	IntNumber	crates/syntax/src/ast.rs	AstToken
crates/syntax/src/ast/generated/tokens.rs	String	crates/syntax/src/ast.rs	AstToken
crates/syntax/src/ast/generated/tokens.rs	Whitespace	crates/syntax/src/ast.rs	AstToken
crates/syntax/src/ast/node_ext.rs	Macro	crates/syntax/src/ast.rs	AstNode
crates/syntax/src/ast/node_ext.rs	Macro	crates/syntax/src/ast/traits.rs	HasAttrs
crates/syntax/src/ast/node_ext.rs	Macro	crates/syntax/src/ast/traits.rs	HasName
crates/syntax/src/ast/node_ext.rs	TypeOrConstParam	crates/syntax/src/ast.rs	AstNode
crates/syntax/src/ast/node_ext.rs	TypeOrConstParam	crates/syntax/src/ast/traits.rs	HasAttrs
crates/syntax/src/ast/syntax_factory.rs	SyntaxFactory	crates/syntax/src/syntax_editor/mapping.rs	SyntaxMapping
crates/syntax/src/ast/token_ext.rs	AnyString	crates/syntax/src/ast/token_ext.rs	IsString
crates/syntax/src/ast/token_ext.rs	CommentKind	crates/syntax/src/ast/token_ext.rs	CommentPlacement
crates/syntax/src/ast/token_ext.rs	CommentKind	crates/syntax/src/ast/token_ext.rs	CommentShape
crates/syntax/src/ast/token_ext.rs	IsString	crates/syntax/src/ast.rs	AstToken
crates/syntax/src/ast/traits.rs	HasArgList	crates/syntax/src/ast.rs	AstNode
crates/syntax/src/ast/traits.rs	HasAttrs	crates/syntax/src/ast.rs	AstNode
crates/syntax/src/ast/traits.rs	HasDocComments	crates/syntax/src/ast/traits.rs	HasAttrs
crates/syntax/src/ast/traits.rs	HasGenericArgs	crates/syntax/src/ast.rs	AstNode
crates/syntax/src/ast/traits.rs	HasGenericParams	crates/syntax/src/ast.rs	AstNode
crates/syntax/src/ast/traits.rs	HasLoopBody	crates/syntax/src/ast.rs	AstNode
crates/syntax/src/ast/traits.rs	HasModuleItem	crates/syntax/src/ast.rs	AstNode
crates/syntax/src/ast/traits.rs	HasName	crates/syntax/src/ast.rs	AstNode
crates/syntax/src/ast/traits.rs	HasTypeBounds	crates/syntax/src/ast.rs	AstNode
crates/syntax/src/ast/traits.rs	HasVisibility	crates/syntax/src/ast.rs	AstNode
crates/syntax/src/fuzz.rs	CheckReparse	crates/syntax/src/ast/generated/tokens.rs	String
crates/syntax/src/lib.rs	Parse	crates/syntax/src/ast.rs	AstNode
crates/syntax/src/lib.rs	Parse	crates/syntax/src/syntax_error.rs	SyntaxError
crates/syntax/src/ptr.rs	AstPtr	crates/syntax/src/ast.rs	AstNode
crates/syntax/src/syntax_editor.rs	Position	crates/syntax/src/syntax_editor.rs	PositionRepr
crates/syntax/src/syntax_editor.rs	SyntaxEdit	crates/syntax/src/syntax_editor.rs	SyntaxAnnotation
crates/syntax/src/syntax_editor.rs	SyntaxEditor	crates/syntax/src/ast/syntax_factory.rs	SyntaxFactory
crates/syntax/src/syntax_editor.rs	SyntaxEditor	crates/syntax/src/syntax_editor.rs	Change
crates/syntax/src/syntax_editor.rs	SyntaxEditor	crates/syntax/src/syntax_editor.rs	SyntaxAnnotation
crates/syntax/src/syntax_editor/edit_algo.rs	ChangedRegion	crates/syntax/src/syntax_editor/edit_algo.rs	NestedChanges
crates/syntax/src/syntax_editor/edit_algo.rs	EditPlan	crates/syntax/src/syntax_editor/edit_algo.rs	PlannedChange
crates/syntax/src/syntax_editor/edit_algo.rs	InvalidEditPlan	crates/syntax/src/syntax_editor.rs	Change
crates/syntax/src/syntax_editor/edit_algo.rs	PlannedChange	crates/syntax/src/syntax_editor.rs	Change
crates/syntax/src/syntax_editor/edit_algo.rs	PreparedElement	crates/syntax/src/syntax_editor/edit_algo.rs	TrackedAnnotation
crates/syntax/src/syntax_editor/edit_algo.rs	TrackedAnnotation	crates/syntax/src/syntax_editor.rs	SyntaxAnnotation
crates/syntax/src/syntax_editor/edit_algo.rs	TrackedAnnotation	crates/syntax/src/syntax_editor/edit_algo.rs	SyntaxPath
crates/syntax/src/syntax_editor/edit_algo.rs	TreeState	crates/syntax/src/syntax_editor/edit_algo.rs	PathEdit
crates/syntax/src/syntax_editor/edit_algo.rs	TreeState	crates/syntax/src/syntax_editor/edit_algo.rs	SyntaxPath
crates/syntax/src/syntax_editor/edit_algo.rs	TreeState	crates/syntax/src/syntax_editor/edit_algo.rs	TrackedAnnotation
crates/syntax/src/syntax_editor/edit_algo.rs	TreeStore	crates/syntax/src/syntax_editor/edit_algo.rs	TreeState
crates/syntax/src/syntax_editor/edits.rs	Removable	crates/syntax/src/ast.rs	AstNode
crates/syntax/src/syntax_editor/mapping.rs	SyntaxMapping	crates/syntax/src/syntax_editor/mapping.rs	MappingEntry
crates/syntax/src/syntax_error.rs	SyntaxError	crates/syntax/src/ast/generated/tokens.rs	String
crates/syntax/src/syntax_node.rs	SyntaxTreeBuilder	crates/syntax/src/syntax_error.rs	SyntaxError
crates/test-fixture/src/lib.rs	FileMeta	crates/test-fixture/src/lib.rs	SourceRootKind
crates/test-utils/src/assert_linear.rs	AssertLinear	crates/test-utils/src/assert_linear.rs	Round
crates/test-utils/src/fixture.rs	FixtureWithProjectMeta	crates/test-utils/src/fixture.rs	Fixture
crates/test-utils/src/fixture.rs	FixtureWithProjectMeta	crates/test-utils/src/fixture.rs	MiniCore
crates/tt/src/buffer.rs	Cursor	crates/tt/src/lib.rs	Subtree
crates/tt/src/buffer.rs	Cursor	crates/tt/src/lib.rs	TokenTree
crates/tt/src/buffer.rs	Cursor	crates/tt/src/storage.rs	TokenTreesSlice
crates/tt/src/iter.rs	TtIter	crates/tt/src/lib.rs	TokenTreesView
crates/tt/src/iter.rs	TtIterSavepoint	crates/tt/src/lib.rs	TokenTreesView
crates/tt/src/lib.rs	Delimiter	crates/tt/src/lib.rs	DelimiterKind
crates/tt/src/lib.rs	Ident	crates/tt/src/lib.rs	IdentIsRaw
crates/tt/src/lib.rs	Lit	crates/tt/src/lib.rs	LitKind
crates/tt/src/lib.rs	Literal	crates/tt/src/lib.rs	LitKind
crates/tt/src/lib.rs	Punct	crates/tt/src/lib.rs	Spacing
crates/tt/src/lib.rs	Subtree	crates/tt/src/lib.rs	Delimiter
crates/tt/src/lib.rs	SubtreeView	crates/tt/src/lib.rs	TokenTreesView
crates/tt/src/lib.rs	TokenTreesView	crates/tt/src/storage.rs	TokenTreesSlice
crates/tt/src/storage.rs	TokenTreesSlice	crates/tt/src/storage.rs	BufferReader
crates/tt/src/storage.rs	TokenTreesSlice	crates/tt/src/storage.rs	CompressedSpanPart
crates/tt/src/storage.rs	TopSubtree	crates/tt/src/storage.rs	CompressedSpanPart
crates/tt/src/storage.rs	TopSubtreeBuilder	crates/tt/src/lib.rs	TokenTree
crates/tt/src/storage.rs	TopSubtreeBuilder	crates/tt/src/storage.rs	CompressedSpanPart
crates/vfs-notify/src/lib.rs	NotifyHandle	crates/vfs-notify/src/lib.rs	Message
crates/vfs/src/anchored_path.rs	AnchoredPath	crates/vfs/src/lib.rs	FileId
crates/vfs/src/anchored_path.rs	AnchoredPathBuf	crates/vfs/src/lib.rs	FileId
crates/vfs/src/file_set.rs	FileSet	crates/vfs/src/lib.rs	FileId
crates/vfs/src/file_set.rs	FileSet	crates/vfs/src/vfs_path.rs	VfsPath
crates/vfs/src/file_set.rs	FileSetConfigBuilder	crates/vfs/src/vfs_path.rs	VfsPath
crates/vfs/src/lib.rs	ChangedFile	crates/vfs/src/lib.rs	Change
crates/vfs/src/lib.rs	ChangedFile	crates/vfs/src/lib.rs	FileId
crates/vfs/src/lib.rs	Vfs	crates/vfs/src/lib.rs	ChangedFile
crates/vfs/src/lib.rs	Vfs	crates/vfs/src/lib.rs	FileId
crates/vfs/src/lib.rs	Vfs	crates/vfs/src/lib.rs	FileState
crates/vfs/src/lib.rs	Vfs	crates/vfs/src/path_interner.rs	PathInterner
crates/vfs/src/loader.rs	Config	crates/vfs/src/loader.rs	Entry
crates/vfs/src/path_interner.rs	PathInterner	crates/vfs/src/vfs_path.rs	VfsPath
crates/vfs/src/vfs_path.rs	VfsPath	crates/vfs/src/vfs_path.rs	VfsPathRepr
