crates/base-db/src/change.rs	FileChange	crates/base-db/src/input.rs	CrateGraphBuilder
crates/base-db/src/change.rs	FileChange	crates/base-db/src/input.rs	SourceRoot
crates/base-db/src/change.rs	FileChange	crates/intern/src/symbol/symbols.rs	
crates/base-db/src/change.rs	FileChange	crates/vfs/src/lib.rs	FileId
crates/base-db/src/input.rs	Crate	crates/base-db/src/input.rs	Env
crates/base-db/src/input.rs	Crate	crates/base-db/src/input.rs	ExtraCrateData
crates/base-db/src/input.rs	Crate	crates/base-db/src/lib.rs	CrateWorkspaceData
crates/base-db/src/input.rs	Crate	crates/cfg/src/lib.rs	CfgOptions
crates/base-db/src/input.rs	CrateBuilder	crates/base-db/src/input.rs	Env
crates/base-db/src/input.rs	CrateBuilder	crates/base-db/src/input.rs	ExtraCrateData
crates/base-db/src/input.rs	CrateBuilder	crates/base-db/src/lib.rs	CrateWorkspaceData
crates/base-db/src/input.rs	CrateBuilder	crates/cfg/src/lib.rs	CfgOptions
crates/base-db/src/input.rs	CrateData	crates/base-db/src/input.rs	CrateOrigin
crates/base-db/src/input.rs	CrateData	crates/base-db/src/input.rs	Dependency
crates/base-db/src/input.rs	CrateData	crates/edition/src/lib.rs	Edition
crates/base-db/src/input.rs	CrateData	crates/intern/src/symbol/symbols.rs	
crates/base-db/src/input.rs	CrateData	crates/paths/src/lib.rs	AbsPathBuf
crates/base-db/src/input.rs	CrateData	crates/vfs/src/lib.rs	FileId
crates/base-db/src/input.rs	CrateDisplayName	crates/base-db/src/input.rs	CrateName
crates/base-db/src/input.rs	CrateDisplayName	crates/intern/src/symbol/symbols.rs	
crates/base-db/src/input.rs	CrateGraphBuilder	crates/base-db/src/input.rs	CrateBuilder
crates/base-db/src/input.rs	CratesMap	crates/base-db/src/input.rs	Crate
crates/base-db/src/input.rs	CratesMap	crates/base-db/src/input.rs	UniqueCrateData
crates/base-db/src/input.rs	CyclicDependenciesError	crates/base-db/src/input.rs	CrateDisplayName
crates/base-db/src/input.rs	CyclicDependenciesError	crates/intern/src/symbol/symbols.rs	
crates/base-db/src/input.rs	Dependency	crates/base-db/src/input.rs	CrateName
crates/base-db/src/input.rs	Env	crates/intern/src/symbol/symbols.rs	
crates/base-db/src/input.rs	ExtraCrateData	crates/base-db/src/input.rs	CrateDisplayName
crates/base-db/src/input.rs	ExtraCrateData	crates/cfg/src/lib.rs	CfgOptions
crates/base-db/src/input.rs	ExtraCrateData	crates/intern/src/symbol/symbols.rs	
crates/base-db/src/input.rs	LangCrateOrigin	crates/intern/src/symbol/symbols.rs	
crates/base-db/src/input.rs	SourceRoot	crates/vfs/src/file_set.rs	FileSet
crates/base-db/src/input.rs	UniqueCrateData	crates/cfg/src/lib.rs	HashableCfgOptions
crates/base-db/src/input.rs	UniqueCrateData	crates/intern/src/symbol/symbols.rs	
crates/base-db/src/input.rs	UniqueCrateData	crates/vfs/src/lib.rs	FileId
crates/base-db/src/lib.rs	AllCrates	crates/base-db/src/input.rs	Crate
crates/base-db/src/lib.rs	CrateWorkspaceData	crates/intern/src/symbol/symbols.rs	
crates/base-db/src/lib.rs	FileSourceRootInput	crates/base-db/src/input.rs	SourceRootId
crates/base-db/src/lib.rs	Files	crates/base-db/src/input.rs	SourceRootId
crates/base-db/src/lib.rs	Files	crates/base-db/src/lib.rs	FileSourceRootInput
crates/base-db/src/lib.rs	Files	crates/base-db/src/lib.rs	FileText
crates/base-db/src/lib.rs	Files	crates/base-db/src/lib.rs	SourceRootInput
crates/base-db/src/lib.rs	InternedSourceRootId	crates/base-db/src/input.rs	SourceRootId
crates/base-db/src/lib.rs	LibraryRoots	crates/base-db/src/input.rs	SourceRootId
crates/base-db/src/lib.rs	LocalRoots	crates/base-db/src/input.rs	SourceRootId
crates/base-db/src/lib.rs	Nonce	crates/intern/src/symbol/symbols.rs	
crates/base-db/src/lib.rs	SourceRootInput	crates/base-db/src/input.rs	SourceRoot
crates/base-db/src/target.rs	TargetData	crates/base-db/src/target.rs	Arch
crates/base-db/src/target.rs	TargetData	crates/intern/src/symbol/symbols.rs	
crates/base-db/src/target.rs	TargetLoadError	crates/intern/src/symbol/symbols.rs	
crates/cfg/src/cfg_expr.rs	CfgAtom	crates/intern/src/symbol/symbols.rs	
crates/cfg/src/cfg_expr.rs	CfgExpr	crates/intern/src/symbol/symbols.rs	
crates/cfg/src/dnf.rs	Builder	crates/cfg/src/dnf.rs	DnfExpr
crates/cfg/src/dnf.rs	Conjunction	crates/cfg/src/dnf.rs	Literal
crates/cfg/src/dnf.rs	DnfExpr	crates/cfg/src/dnf.rs	Conjunction
crates/cfg/src/dnf.rs	Literal	crates/intern/src/symbol/symbols.rs	
crates/cfg/src/lib.rs	CfgDiff	crates/cfg/src/cfg_expr.rs	CfgAtom
crates/cfg/src/lib.rs	CfgOptions	crates/cfg/src/cfg_expr.rs	CfgAtom
crates/cfg/src/lib.rs	CfgOptions	crates/intern/src/symbol/symbols.rs	
crates/cfg/src/lib.rs	HashableCfgOptions	crates/cfg/src/cfg_expr.rs	CfgAtom
crates/cfg/src/lib.rs	HashableCfgOptions	crates/intern/src/symbol/symbols.rs	
crates/cfg/src/lib.rs	InactiveReason	crates/cfg/src/cfg_expr.rs	CfgAtom
crates/hir-def/src/attrs.rs	DeriveInfo	crates/intern/src/symbol/symbols.rs	
crates/hir-def/src/attrs.rs	RustcLayoutScalarValidRange	crates/intern/src/symbol/symbols.rs	
crates/hir-def/src/attrs/docs.rs	DocMacroExpander	crates/base-db/src/input.rs	Crate
crates/hir-def/src/attrs/docs.rs	DocMacroExpander	crates/base-db/src/lib.rs	SourceDatabase
crates/hir-def/src/attrs/docs.rs	DocMacroExpander	crates/hir-def/src/resolver.rs	Resolver
crates/hir-def/src/attrs/docs.rs	DocMacroExpander	crates/hir-expand/src/lib.rs	HirFileId
crates/hir-def/src/attrs/docs.rs	DocMacroExpander	crates/hir-expand/src/span_map.rs	SpanMap
crates/hir-def/src/attrs/docs.rs	DocMacroExpander	crates/span/src/ast_id.rs	AstIdMap
crates/hir-def/src/attrs/docs.rs	Docs	crates/hir-def/src/attrs/docs.rs	DocsSourceMapLine
crates/hir-def/src/attrs/docs.rs	Docs	crates/hir-expand/src/lib.rs	HirFileId
crates/hir-def/src/attrs/docs.rs	Docs	crates/hir-expand/src/lib.rs	MacroCallId
crates/hir-def/src/attrs/docs.rs	Docs	crates/intern/src/symbol/symbols.rs	
crates/hir-def/src/attrs/docs.rs	DocsSourceMapLine	crates/intern/src/symbol/symbols.rs	
crates/hir-def/src/builtin_type.rs	BuiltinType	crates/hir-expand/src/name.rs	AsName
crates/hir-def/src/dyn_map.rs	AstPtrPolicy	crates/hir-def/src/dyn_map.rs	Policy
crates/hir-def/src/dyn_map.rs	AstPtrPolicy	crates/syntax/src/ast.rs	AstNode
crates/hir-def/src/dyn_map.rs	DynMap	crates/hir-def/src/dyn_map.rs	Policy
crates/hir-def/src/dyn_map.rs	DynMap	crates/intern/src/symbol/symbols.rs	
crates/hir-def/src/dyn_map.rs	DynMap	crates/stdx/src/anymap.rs	Map
crates/hir-def/src/dyn_map.rs	Key	crates/intern/src/symbol/symbols.rs	
crates/hir-def/src/dyn_map.rs	KeyMap	crates/hir-def/src/dyn_map.rs	DynMap
crates/hir-def/src/dyn_map.rs	KeyMap	crates/hir-def/src/dyn_map.rs	Policy
crates/hir-def/src/expr_store.rs	ExpressionOnlySourceMap	crates/hir-def/src/expr_store.rs	ExpressionStoreDiagnostics
crates/hir-def/src/expr_store.rs	ExpressionOnlySourceMap	crates/hir-def/src/expr_store.rs	FormatTemplate
crates/hir-def/src/expr_store.rs	ExpressionOnlySourceMap	crates/hir-def/src/hir.rs	ExprOrPatIdPacked
crates/hir-def/src/expr_store.rs	ExpressionOnlySourceMap	crates/hir-expand/src/lib.rs	MacroCallId
crates/hir-def/src/expr_store.rs	ExpressionOnlySourceMap	crates/hir/src/lib.rs	FieldSource
crates/hir-def/src/expr_store.rs	ExpressionOnlySourceMap	crates/intern/src/symbol/symbols.rs	
crates/hir-def/src/expr_store.rs	ExpressionOnlyStore	crates/hir-def/src/expr_store.rs	ExprRoot
crates/hir-def/src/expr_store.rs	ExpressionOnlyStore	crates/hir-def/src/expr_store.rs	HygieneId
crates/hir-def/src/expr_store.rs	ExpressionOnlyStore	crates/hir-def/src/hir.rs	Binding
crates/hir-def/src/expr_store.rs	ExpressionOnlyStore	crates/hir-def/src/hir.rs	Expr
crates/hir-def/src/expr_store.rs	ExpressionOnlyStore	crates/hir-def/src/hir.rs	ExprOrPatIdPacked
crates/hir-def/src/expr_store.rs	ExpressionOnlyStore	crates/hir-def/src/hir.rs	Label
crates/hir-def/src/expr_store.rs	ExpressionOnlyStore	crates/hir-def/src/hir.rs	Pat
crates/hir-def/src/expr_store.rs	ExpressionOnlyStore	crates/intern/src/symbol/symbols.rs	
crates/hir-def/src/expr_store.rs	ExpressionStore	crates/hir-def/src/expr_store.rs	ExpressionOnlyStore
crates/hir-def/src/expr_store.rs	ExpressionStore	crates/hir-def/src/hir/type_ref.rs	LifetimeRef
crates/hir-def/src/expr_store.rs	ExpressionStore	crates/hir-def/src/hir/type_ref.rs	TypeRef
crates/hir-def/src/expr_store.rs	ExpressionStore	crates/intern/src/symbol/symbols.rs	
crates/hir-def/src/expr_store.rs	ExpressionStoreBuilder	crates/hir-def/src/expr_store.rs	ExprRoot
crates/hir-def/src/expr_store.rs	ExpressionStoreBuilder	crates/hir-def/src/expr_store.rs	ExpressionStoreDiagnostics
crates/hir-def/src/expr_store.rs	ExpressionStoreBuilder	crates/hir-def/src/expr_store.rs	FormatTemplate
crates/hir-def/src/expr_store.rs	ExpressionStoreBuilder	crates/hir-def/src/expr_store.rs	HygieneId
crates/hir-def/src/expr_store.rs	ExpressionStoreBuilder	crates/hir-def/src/hir.rs	Binding
crates/hir-def/src/expr_store.rs	ExpressionStoreBuilder	crates/hir-def/src/hir.rs	Expr
crates/hir-def/src/expr_store.rs	ExpressionStoreBuilder	crates/hir-def/src/hir.rs	ExprOrPatIdPacked
crates/hir-def/src/expr_store.rs	ExpressionStoreBuilder	crates/hir-def/src/hir.rs	Label
crates/hir-def/src/expr_store.rs	ExpressionStoreBuilder	crates/hir-def/src/hir.rs	Pat
crates/hir-def/src/expr_store.rs	ExpressionStoreBuilder	crates/hir-def/src/hir/type_ref.rs	LifetimeRef
crates/hir-def/src/expr_store.rs	ExpressionStoreBuilder	crates/hir-def/src/hir/type_ref.rs	TypeRef
crates/hir-def/src/expr_store.rs	ExpressionStoreBuilder	crates/hir-expand/src/lib.rs	MacroCallId
crates/hir-def/src/expr_store.rs	ExpressionStoreBuilder	crates/hir/src/lib.rs	FieldSource
crates/hir-def/src/expr_store.rs	ExpressionStoreBuilder	crates/intern/src/symbol/symbols.rs	
crates/hir-def/src/expr_store.rs	ExpressionStoreSourceMap	crates/hir-def/src/expr_store.rs	ExpressionOnlySourceMap
crates/hir-def/src/expr_store.rs	ExpressionStoreSourceMap	crates/intern/src/symbol/symbols.rs	
crates/hir-def/src/expr_store.rs	FormatTemplate	crates/hir-def/src/expr_store.rs	HygieneId
crates/hir-def/src/expr_store.rs	FormatTemplate	crates/hir-expand/src/name.rs	Name
crates/hir-def/src/expr_store.rs	StoreVisitorExt	crates/hir-def/src/expr_store.rs	StoreVisitor
crates/hir-def/src/expr_store/body.rs	Body	crates/hir-def/src/expr_store.rs	ExpressionStore
crates/hir-def/src/expr_store/body.rs	Body	crates/hir-def/src/expr_store/body.rs	Param
crates/hir-def/src/expr_store/body.rs	Body	crates/intern/src/symbol/symbols.rs	
crates/hir-def/src/expr_store/body.rs	BodySourceMap	crates/hir-def/src/expr_store.rs	ExpressionStoreSourceMap
crates/hir-def/src/expr_store/body.rs	BodySourceMap	crates/intern/src/symbol/symbols.rs	
crates/hir-def/src/expr_store/body.rs	Param	crates/intern/src/symbol/symbols.rs	
crates/hir-def/src/expr_store/expander.rs	Expander	crates/hir-expand/src/lib.rs	HirFileId
crates/hir-def/src/expr_store/expander.rs	Expander	crates/hir-expand/src/span_map.rs	SpanMap
crates/hir-def/src/expr_store/expander.rs	Expander	crates/span/src/ast_id.rs	AstIdMap
crates/hir-def/src/expr_store/expander.rs	Mark	crates/hir-expand/src/lib.rs	HirFileId
crates/hir-def/src/expr_store/expander.rs	Mark	crates/hir-expand/src/span_map.rs	SpanMap
crates/hir-def/src/expr_store/expander.rs	Mark	crates/span/src/ast_id.rs	AstIdMap
crates/hir-def/src/expr_store/lower.rs	BindingList	crates/hir-def/src/expr_store.rs	HygieneId
crates/hir-def/src/expr_store/lower.rs	BindingList	crates/hir-expand/src/name.rs	Name
crates/hir-def/src/expr_store/lower.rs	ExprCollector	crates/base-db/src/lib.rs	SourceDatabase
crates/hir-def/src/expr_store/lower.rs	ExprCollector	crates/cfg/src/lib.rs	CfgOptions
crates/hir-def/src/expr_store/lower.rs	ExprCollector	crates/hir-def/src/expr_store.rs	ExpressionStoreBuilder
crates/hir-def/src/expr_store/lower.rs	ExprCollector	crates/hir-def/src/expr_store/expander.rs	Expander
crates/hir-def/src/expr_store/lower.rs	ExprCollector	crates/hir-def/src/expr_store/lower.rs	Awaitable
crates/hir-def/src/expr_store/lower.rs	ExprCollector	crates/hir-def/src/expr_store/lower.rs	LabelRib
crates/hir-def/src/expr_store/lower.rs	ExprCollector	crates/hir-def/src/expr_store/lower.rs	NamedLifetimeStore
crates/hir-def/src/expr_store/lower.rs	ExprCollector	crates/hir-def/src/expr_store/lower.rs	TryBlock
crates/hir-def/src/expr_store/lower.rs	ExprCollector	crates/hir-def/src/lib.rs	LoweringMode
crates/hir-def/src/expr_store/lower.rs	ExprCollector	crates/hir-def/src/nameres.rs	DefMap
crates/hir-def/src/expr_store/lower.rs	ExprCollector	crates/hir-def/src/nameres.rs	LocalDefMap
crates/hir-def/src/expr_store/lower.rs	ExprCollector	crates/hir-expand/src/name.rs	Name
crates/hir-def/src/expr_store/lower.rs	ExprCollector	crates/intern/src/symbol/symbols.rs	
crates/hir-def/src/expr_store/lower.rs	LabelRib	crates/hir-def/src/expr_store/lower.rs	RibKind
crates/hir-def/src/expr_store/lower.rs	NamedLifetimeStore	crates/hir-def/src/expr_store/lower.rs	LifetimeBoundScope
crates/hir-def/src/expr_store/lower.rs	NamedLifetimeStore	crates/hir-expand/src/name.rs	Name
crates/hir-def/src/expr_store/lower.rs	NamedLifetimeStore	crates/intern/src/symbol/symbols.rs	
crates/hir-def/src/expr_store/lower/generics.rs	GenericParamsCollector	crates/hir-def/src/hir/generics.rs	LifetimeParamData
crates/hir-def/src/expr_store/lower/generics.rs	GenericParamsCollector	crates/hir-def/src/hir/generics.rs	TypeOrConstParamData
crates/hir-def/src/expr_store/lower/generics.rs	GenericParamsCollector	crates/hir-def/src/hir/generics.rs	WherePredicate
crates/hir-def/src/expr_store/lower/generics.rs	GenericParamsCollector	crates/hir-def/src/lib.rs	GenericDefId
crates/hir-def/src/expr_store/path.rs	AssociatedTypeBinding	crates/hir-def/src/expr_store/path.rs	GenericArgs
crates/hir-def/src/expr_store/path.rs	AssociatedTypeBinding	crates/hir-def/src/hir/type_ref.rs	TypeBound
crates/hir-def/src/expr_store/path.rs	AssociatedTypeBinding	crates/hir-expand/src/name.rs	Name
crates/hir-def/src/expr_store/path.rs	AssociatedTypeBinding	crates/intern/src/symbol/symbols.rs	
crates/hir-def/src/expr_store/path.rs	GenericArgs	crates/hir-def/src/expr_store/path.rs	AssociatedTypeBinding
crates/hir-def/src/expr_store/path.rs	GenericArgs	crates/hir-def/src/expr_store/path.rs	GenericArg
crates/hir-def/src/expr_store/path.rs	GenericArgs	crates/hir-def/src/expr_store/path.rs	GenericArgsParentheses
crates/hir-def/src/expr_store/path.rs	GenericArgs	crates/intern/src/symbol/symbols.rs	
crates/hir-def/src/expr_store/path.rs	NormalPath	crates/hir-def/src/expr_store/path.rs	GenericArgs
crates/hir-def/src/expr_store/path.rs	NormalPath	crates/hir-expand/src/mod_path.rs	ModPath
crates/hir-def/src/expr_store/path.rs	NormalPath	crates/intern/src/intern.rs	Interned
crates/hir-def/src/expr_store/path.rs	NormalPath	crates/intern/src/symbol/symbols.rs	
crates/hir-def/src/expr_store/path.rs	Path	crates/intern/src/symbol/symbols.rs	
crates/hir-def/src/expr_store/path.rs	PathSegment	crates/hir-def/src/expr_store/path.rs	GenericArgs
crates/hir-def/src/expr_store/path.rs	PathSegment	crates/hir-expand/src/name.rs	Name
crates/hir-def/src/expr_store/path.rs	PathSegment	crates/intern/src/symbol/symbols.rs	
crates/hir-def/src/expr_store/path.rs	PathSegments	crates/hir-def/src/expr_store/path.rs	GenericArgs
crates/hir-def/src/expr_store/path.rs	PathSegments	crates/hir-expand/src/name.rs	Name
crates/hir-def/src/expr_store/path.rs	PathSegments	crates/intern/src/symbol/symbols.rs	
crates/hir-def/src/expr_store/pretty.rs	Printer	crates/base-db/src/lib.rs	SourceDatabase
crates/hir-def/src/expr_store/pretty.rs	Printer	crates/edition/src/lib.rs	Edition
crates/hir-def/src/expr_store/pretty.rs	Printer	crates/hir-def/src/expr_store.rs	ExpressionStore
crates/hir-def/src/expr_store/pretty.rs	Printer	crates/hir-def/src/expr_store/pretty.rs	LineFormat
crates/hir-def/src/expr_store/scope.rs	ExprScopeVisitor	crates/hir-def/src/expr_store.rs	ExpressionStore
crates/hir-def/src/expr_store/scope.rs	ExprScopeVisitor	crates/hir-def/src/expr_store.rs	StoreVisitor
crates/hir-def/src/expr_store/scope.rs	ExprScopeVisitor	crates/hir-def/src/expr_store/scope.rs	ExprScopes
crates/hir-def/src/expr_store/scope.rs	ExprScopes	crates/hir-def/src/expr_store/scope.rs	ScopeData
crates/hir-def/src/expr_store/scope.rs	ExprScopes	crates/hir-def/src/expr_store/scope.rs	ScopeEntry
crates/hir-def/src/expr_store/scope.rs	ScopeData	crates/hir-def/src/expr_store/scope.rs	ScopeEntry
crates/hir-def/src/expr_store/scope.rs	ScopeData	crates/hir-def/src/expr_store/scope.rs	ScopeKind
crates/hir-def/src/expr_store/scope.rs	ScopeData	crates/intern/src/symbol/symbols.rs	
crates/hir-def/src/expr_store/scope.rs	ScopeEntry	crates/hir-def/src/expr_store.rs	HygieneId
crates/hir-def/src/expr_store/scope.rs	ScopeEntry	crates/hir-expand/src/name.rs	Name
crates/hir-def/src/find_path.rs	Choice	crates/hir-def/src/find_path.rs	Stability
crates/hir-def/src/find_path.rs	Choice	crates/hir-expand/src/mod_path.rs	ModPath
crates/hir-def/src/find_path.rs	FindPathCtx	crates/base-db/src/input.rs	Crate
crates/hir-def/src/find_path.rs	FindPathCtx	crates/base-db/src/lib.rs	SourceDatabase
crates/hir-def/src/find_path.rs	FindPathCtx	crates/hir-def/src/find_path.rs	FindPathConfig
crates/hir-def/src/find_path.rs	FindPathCtx	crates/hir-def/src/find_path.rs	PrefixKind
crates/hir-def/src/find_path.rs	FindPathCtx	crates/hir-def/src/lib.rs	ModuleIdLt
crates/hir-def/src/find_path.rs	FindPathCtx	crates/hir-def/src/nameres.rs	DefMap
crates/hir-def/src/hir.rs	Binding	crates/hir-def/src/expr_store.rs	HygieneId
crates/hir-def/src/hir.rs	Binding	crates/hir-def/src/hir.rs	BindingAnnotation
crates/hir-def/src/hir.rs	Binding	crates/hir-def/src/hir.rs	BindingProblems
crates/hir-def/src/hir.rs	Binding	crates/hir-expand/src/name.rs	Name
crates/hir-def/src/hir.rs	Binding	crates/intern/src/symbol/symbols.rs	
crates/hir-def/src/hir.rs	ExprOrPatId	crates/intern/src/symbol/symbols.rs	
crates/hir-def/src/hir.rs	ExprOrPatIdPacked	crates/intern/src/symbol/symbols.rs	
crates/hir-def/src/hir.rs	InlineAsm	crates/hir-def/src/hir.rs	AsmOperand
crates/hir-def/src/hir.rs	InlineAsm	crates/hir-def/src/hir.rs	AsmOptions
crates/hir-def/src/hir.rs	InlineAsm	crates/hir-def/src/hir.rs	InlineAsmKind
crates/hir-def/src/hir.rs	InlineAsm	crates/hir-expand/src/name.rs	Name
crates/hir-def/src/hir.rs	InlineAsm	crates/intern/src/symbol/symbols.rs	
crates/hir-def/src/hir.rs	Label	crates/hir-expand/src/name.rs	Name
crates/hir-def/src/hir.rs	Literal	crates/intern/src/symbol/symbols.rs	
crates/hir-def/src/hir.rs	MatchArm	crates/intern/src/symbol/symbols.rs	
crates/hir-def/src/hir.rs	OffsetOf	crates/hir-expand/src/name.rs	Name
crates/hir-def/src/hir.rs	OffsetOf	crates/intern/src/symbol/symbols.rs	
crates/hir-def/src/hir.rs	RecordFieldPat	crates/hir-expand/src/name.rs	Name
crates/hir-def/src/hir.rs	RecordLitField	crates/hir-expand/src/name.rs	Name
crates/hir-def/src/hir/format_args.rs	FormatArgPosition	crates/hir-def/src/hir/format_args.rs	FormatArgPositionKind
crates/hir-def/src/hir/format_args.rs	FormatArgPosition	crates/hir-expand/src/name.rs	Name
crates/hir-def/src/hir/format_args.rs	FormatArgPosition	crates/intern/src/symbol/symbols.rs	
crates/hir-def/src/hir/format_args.rs	FormatArgs	crates/hir-def/src/hir/format_args.rs	FormatArgsPiece
crates/hir-def/src/hir/format_args.rs	FormatArgs	crates/hir-def/src/hir/format_args.rs	FormatArguments
crates/hir-def/src/hir/format_args.rs	FormatArgs	crates/intern/src/symbol/symbols.rs	
crates/hir-def/src/hir/format_args.rs	FormatArgument	crates/hir-def/src/hir/format_args.rs	FormatArgumentKind
crates/hir-def/src/hir/format_args.rs	FormatArgument	crates/intern/src/symbol/symbols.rs	
crates/hir-def/src/hir/format_args.rs	FormatArgument	crates/syntax/src/ptr.rs	AstPtr
crates/hir-def/src/hir/format_args.rs	FormatArguments	crates/hir-def/src/hir/format_args.rs	FormatArgument
crates/hir-def/src/hir/format_args.rs	FormatArguments	crates/hir-expand/src/name.rs	Name
crates/hir-def/src/hir/format_args.rs	FormatArguments	crates/intern/src/symbol/symbols.rs	
crates/hir-def/src/hir/format_args.rs	FormatArgumentsCollector	crates/hir-def/src/hir/format_args.rs	FormatArgument
crates/hir-def/src/hir/format_args.rs	FormatArgumentsCollector	crates/hir-expand/src/name.rs	Name
crates/hir-def/src/hir/format_args.rs	FormatOptions	crates/hir-def/src/hir/format_args.rs	FormatAlignment
crates/hir-def/src/hir/format_args.rs	FormatOptions	crates/hir-def/src/hir/format_args.rs	FormatCount
crates/hir-def/src/hir/format_args.rs	FormatOptions	crates/hir-def/src/hir/format_args.rs	FormatDebugHex
crates/hir-def/src/hir/format_args.rs	FormatOptions	crates/hir-def/src/hir/format_args.rs	FormatSign
crates/hir-def/src/hir/format_args.rs	FormatOptions	crates/intern/src/symbol/symbols.rs	
crates/hir-def/src/hir/format_args.rs	FormatPlaceholder	crates/hir-def/src/hir/format_args.rs	FormatArgPosition
crates/hir-def/src/hir/format_args.rs	FormatPlaceholder	crates/hir-def/src/hir/format_args.rs	FormatOptions
crates/hir-def/src/hir/format_args.rs	FormatPlaceholder	crates/hir-def/src/hir/format_args.rs	FormatTrait
crates/hir-def/src/hir/format_args.rs	FormatPlaceholder	crates/intern/src/symbol/symbols.rs	
crates/hir-def/src/hir/generics.rs	ConstParamData	crates/hir-def/src/hir/type_ref.rs	ConstRef
crates/hir-def/src/hir/generics.rs	ConstParamData	crates/hir-expand/src/name.rs	Name
crates/hir-def/src/hir/generics.rs	ConstParamData	crates/intern/src/symbol/symbols.rs	
crates/hir-def/src/hir/generics.rs	GenericParams	crates/hir-def/src/hir/generics.rs	LifetimeParamData
crates/hir-def/src/hir/generics.rs	GenericParams	crates/hir-def/src/hir/generics.rs	TypeOrConstParamData
crates/hir-def/src/hir/generics.rs	GenericParams	crates/hir-def/src/hir/generics.rs	WherePredicate
crates/hir-def/src/hir/generics.rs	GenericParams	crates/intern/src/symbol/symbols.rs	
crates/hir-def/src/hir/generics.rs	LifetimeParamData	crates/hir-def/src/hir/generics.rs	LifetimeBoundType
crates/hir-def/src/hir/generics.rs	LifetimeParamData	crates/hir-expand/src/name.rs	Name
crates/hir-def/src/hir/generics.rs	TypeParamData	crates/hir-def/src/hir/generics.rs	TypeParamProvenance
crates/hir-def/src/hir/generics.rs	TypeParamData	crates/hir-expand/src/name.rs	Name
crates/hir-def/src/hir/generics.rs	TypeParamData	crates/intern/src/symbol/symbols.rs	
crates/hir-def/src/hir/type_ref.rs	ArrayType	crates/hir-def/src/hir/type_ref.rs	ConstRef
crates/hir-def/src/hir/type_ref.rs	FnType	crates/hir-expand/src/name.rs	Name
crates/hir-def/src/hir/type_ref.rs	FnType	crates/intern/src/symbol/symbols.rs	
crates/hir-def/src/hir/type_ref.rs	RefType	crates/hir-def/src/hir/type_ref.rs	Mutability
crates/hir-def/src/hir/type_ref.rs	RefType	crates/intern/src/symbol/symbols.rs	
crates/hir-def/src/hir/type_ref.rs	TraitRef	crates/hir-def/src/hir/type_ref.rs	PathId
crates/hir-def/src/import_map.rs	ImportInfo	crates/hir-def/src/lib.rs	Complete
crates/hir-def/src/import_map.rs	ImportInfo	crates/hir-expand/src/name.rs	Name
crates/hir-def/src/import_map.rs	ImportMap	crates/hir-def/src/item_scope.rs	ItemInNs
crates/hir-def/src/import_map.rs	ImportMap	crates/intern/src/symbol/symbols.rs	
crates/hir-def/src/import_map.rs	Query	crates/hir-def/src/import_map.rs	AssocSearchMode
crates/hir-def/src/import_map.rs	Query	crates/hir-def/src/import_map.rs	SearchMode
crates/hir-def/src/item_scope.rs	DeriveMacroInvocation	crates/hir-def/src/lib.rs	BuiltinDeriveImplId
crates/hir-def/src/item_scope.rs	DeriveMacroInvocation	crates/hir-expand/src/attrs.rs	AttrId
crates/hir-def/src/item_scope.rs	DeriveMacroInvocation	crates/hir-expand/src/lib.rs	MacroCallId
crates/hir-def/src/item_scope.rs	DeriveMacroInvocation	crates/intern/src/symbol/symbols.rs	
crates/hir-def/src/item_scope.rs	ItemScope	crates/hir-def/src/item_scope.rs	DeriveMacroInvocation
crates/hir-def/src/item_scope.rs	ItemScope	crates/hir-def/src/item_scope.rs	ImportOrDef
crates/hir-def/src/item_scope.rs	ItemScope	crates/hir-def/src/item_scope.rs	ImportOrExternCrate
crates/hir-def/src/item_scope.rs	ItemScope	crates/hir-def/src/item_scope.rs	ImportOrGlob
crates/hir-def/src/item_scope.rs	ItemScope	crates/hir-def/src/lib.rs	BuiltinDeriveImplId
crates/hir-def/src/item_scope.rs	ItemScope	crates/hir-def/src/lib.rs	MacroId
crates/hir-def/src/item_scope.rs	ItemScope	crates/hir-def/src/lib.rs	ModuleDefId
crates/hir-def/src/item_scope.rs	ItemScope	crates/hir-def/src/per_ns.rs	Item
crates/hir-def/src/item_scope.rs	ItemScope	crates/hir-expand/src/lib.rs	MacroCallId
crates/hir-def/src/item_scope.rs	ItemScope	crates/hir-expand/src/name.rs	Name
crates/hir-def/src/item_scope.rs	PerNsGlobImports	crates/hir-expand/src/name.rs	Name
crates/hir-def/src/item_tree.rs	Const	crates/hir-def/src/item_tree.rs	RawVisibilityId
crates/hir-def/src/item_tree.rs	Const	crates/hir-expand/src/name.rs	Name
crates/hir-def/src/item_tree.rs	Const	crates/intern/src/symbol/symbols.rs	
crates/hir-def/src/item_tree.rs	Enum	crates/hir-def/src/item_tree.rs	RawVisibilityId
crates/hir-def/src/item_tree.rs	Enum	crates/hir-expand/src/name.rs	Name
crates/hir-def/src/item_tree.rs	ExternBlock	crates/hir-def/src/item_tree.rs	ModItemId
crates/hir-def/src/item_tree.rs	ExternBlock	crates/intern/src/symbol/symbols.rs	
crates/hir-def/src/item_tree.rs	ExternCrate	crates/hir-def/src/item_tree.rs	ImportAlias
crates/hir-def/src/item_tree.rs	ExternCrate	crates/hir-def/src/item_tree.rs	RawVisibilityId
crates/hir-def/src/item_tree.rs	ExternCrate	crates/hir-expand/src/name.rs	Name
crates/hir-def/src/item_tree.rs	ExternCrate	crates/intern/src/symbol/symbols.rs	
crates/hir-def/src/item_tree.rs	Function	crates/hir-def/src/item_tree.rs	RawVisibilityId
crates/hir-def/src/item_tree.rs	Function	crates/hir-expand/src/name.rs	Name
crates/hir-def/src/item_tree.rs	ImportAliasDisplay	crates/edition/src/lib.rs	Edition
crates/hir-def/src/item_tree.rs	ImportAliasDisplay	crates/hir-def/src/item_tree.rs	ImportAlias
crates/hir-def/src/item_tree.rs	ItemTree	crates/hir-def/src/item_tree.rs	BigModItem
crates/hir-def/src/item_tree.rs	ItemTree	crates/hir-def/src/item_tree.rs	ItemVisibilities
crates/hir-def/src/item_tree.rs	ItemTree	crates/hir-def/src/item_tree.rs	ModItemId
crates/hir-def/src/item_tree.rs	ItemTree	crates/hir-def/src/item_tree.rs	SmallModItem
crates/hir-def/src/item_tree.rs	ItemTree	crates/hir-def/src/item_tree/attrs.rs	AttrsOrCfg
crates/hir-def/src/item_tree.rs	ItemTree	crates/intern/src/symbol/symbols.rs	
crates/hir-def/src/item_tree.rs	ItemTree	crates/span/src/ast_id.rs	FileAstId
crates/hir-def/src/item_tree.rs	ItemTreeNode	crates/intern/src/symbol/symbols.rs	
crates/hir-def/src/item_tree.rs	ItemVisibilities	crates/hir-def/src/item_tree.rs	RawVisibility
crates/hir-def/src/item_tree.rs	Macro2	crates/hir-def/src/item_tree.rs	RawVisibilityId
crates/hir-def/src/item_tree.rs	Macro2	crates/hir-expand/src/name.rs	Name
crates/hir-def/src/item_tree.rs	MacroCall	crates/hir-expand/src/lib.rs	ExpandTo
crates/hir-def/src/item_tree.rs	MacroCall	crates/hir-expand/src/mod_path.rs	ModPath
crates/hir-def/src/item_tree.rs	MacroCall	crates/intern/src/intern.rs	Interned
crates/hir-def/src/item_tree.rs	MacroCall	crates/span/src/hygiene.rs	SyntaxContext
crates/hir-def/src/item_tree.rs	MacroRules	crates/hir-expand/src/name.rs	Name
crates/hir-def/src/item_tree.rs	Mod	crates/hir-def/src/item_tree.rs	ModKind
crates/hir-def/src/item_tree.rs	Mod	crates/hir-def/src/item_tree.rs	RawVisibilityId
crates/hir-def/src/item_tree.rs	Mod	crates/hir-expand/src/name.rs	Name
crates/hir-def/src/item_tree.rs	Static	crates/hir-def/src/item_tree.rs	RawVisibilityId
crates/hir-def/src/item_tree.rs	Static	crates/hir-expand/src/name.rs	Name
crates/hir-def/src/item_tree.rs	Struct	crates/hir-def/src/item_tree.rs	RawVisibilityId
crates/hir-def/src/item_tree.rs	Struct	crates/hir-def/src/item_tree.rs	StructValueNsCtor
crates/hir-def/src/item_tree.rs	Struct	crates/hir-expand/src/name.rs	Name
crates/hir-def/src/item_tree.rs	Trait	crates/hir-def/src/item_tree.rs	RawVisibilityId
crates/hir-def/src/item_tree.rs	Trait	crates/hir-expand/src/name.rs	Name
crates/hir-def/src/item_tree.rs	TreeId	crates/hir-expand/src/lib.rs	HirFileId
crates/hir-def/src/item_tree.rs	TreeId	crates/intern/src/symbol/symbols.rs	
crates/hir-def/src/item_tree.rs	TypeAlias	crates/hir-def/src/item_tree.rs	RawVisibilityId
crates/hir-def/src/item_tree.rs	TypeAlias	crates/hir-expand/src/name.rs	Name
crates/hir-def/src/item_tree.rs	Union	crates/hir-def/src/item_tree.rs	RawVisibilityId
crates/hir-def/src/item_tree.rs	Union	crates/hir-expand/src/name.rs	Name
crates/hir-def/src/item_tree.rs	Use	crates/hir-def/src/item_tree.rs	RawVisibilityId
crates/hir-def/src/item_tree.rs	Use	crates/hir-def/src/item_tree.rs	UseTree
crates/hir-def/src/item_tree.rs	UseTree	crates/hir-def/src/item_tree.rs	UseTreeKind
crates/hir-def/src/item_tree/attrs.rs	AttrQuery	crates/hir-def/src/item_tree/attrs.rs	Attrs
crates/hir-def/src/item_tree/attrs.rs	Attrs	crates/hir-expand/src/attrs.rs	Attr
crates/hir-def/src/item_tree/attrs.rs	AttrsOrCfg	crates/intern/src/symbol/symbols.rs	
crates/hir-def/src/item_tree/attrs.rs	AttrsOwned	crates/hir-expand/src/attrs.rs	Attr
crates/hir-def/src/item_tree/attrs.rs	AttrsOwned	crates/intern/src/symbol/symbols.rs	
crates/hir-def/src/item_tree/lower.rs	Ctx	crates/base-db/src/input.rs	Crate
crates/hir-def/src/item_tree/lower.rs	Ctx	crates/base-db/src/lib.rs	SourceDatabase
crates/hir-def/src/item_tree/lower.rs	Ctx	crates/cfg/src/lib.rs	CfgOptions
crates/hir-def/src/item_tree/lower.rs	Ctx	crates/hir-def/src/item_tree.rs	ItemTree
crates/hir-def/src/item_tree/lower.rs	Ctx	crates/hir-def/src/item_tree.rs	ModItemId
crates/hir-def/src/item_tree/lower.rs	Ctx	crates/hir-def/src/item_tree.rs	RawVisibility
crates/hir-def/src/item_tree/lower.rs	Ctx	crates/hir-expand/src/lib.rs	HirFileId
crates/hir-def/src/item_tree/lower.rs	Ctx	crates/hir-expand/src/span_map.rs	SpanMap
crates/hir-def/src/item_tree/lower.rs	Ctx	crates/span/src/ast_id.rs	AstIdMap
crates/hir-def/src/item_tree/lower.rs	UseTreeLowering	crates/base-db/src/lib.rs	SourceDatabase
crates/hir-def/src/item_tree/pretty.rs	Printer	crates/base-db/src/lib.rs	SourceDatabase
crates/hir-def/src/item_tree/pretty.rs	Printer	crates/edition/src/lib.rs	Edition
crates/hir-def/src/item_tree/pretty.rs	Printer	crates/hir-def/src/item_tree.rs	ItemTree
crates/hir-def/src/lib.rs	AdtId	crates/hir-def/src/lib.rs	HasModule
crates/hir-def/src/lib.rs	AssocItemLoc	crates/hir-def/src/lib.rs	AstIdLoc
crates/hir-def/src/lib.rs	AssocItemLoc	crates/hir-def/src/lib.rs	HasModule
crates/hir-def/src/lib.rs	AssocItemLoc	crates/hir-def/src/lib.rs	ItemContainerId
crates/hir-def/src/lib.rs	AssocItemLoc	crates/intern/src/symbol/symbols.rs	
crates/hir-def/src/lib.rs	AssocItemLoc	crates/span/src/ast_id.rs	AstIdNode
crates/hir-def/src/lib.rs	AstIdWithPath	crates/hir-expand/src/mod_path.rs	ModPath
crates/hir-def/src/lib.rs	AstIdWithPath	crates/intern/src/intern.rs	Interned
crates/hir-def/src/lib.rs	AstIdWithPath	crates/span/src/ast_id.rs	AstIdNode
crates/hir-def/src/lib.rs	AttrDefId	crates/hir-def/src/lib.rs	HasModule
crates/hir-def/src/lib.rs	BlockIdLt	crates/hir-def/src/lib.rs	ModuleIdLt
crates/hir-def/src/lib.rs	BuiltinDeriveImplId	crates/hir-def/src/lib.rs	BuiltinDeriveImplLoc
crates/hir-def/src/lib.rs	BuiltinDeriveImplId	crates/hir-def/src/lib.rs	HasModule
crates/hir-def/src/lib.rs	BuiltinDeriveImplLoc	crates/hir-def/src/lib.rs	AdtId
crates/hir-def/src/lib.rs	BuiltinDeriveImplLoc	crates/hir-def/src/lib.rs	HasModule
crates/hir-def/src/lib.rs	BuiltinDeriveImplLoc	crates/hir-expand/src/attrs.rs	AttrId
crates/hir-def/src/lib.rs	ConstParamId	crates/hir-def/src/lib.rs	TypeOrConstParamId
crates/hir-def/src/lib.rs	DefWithBodyId	crates/hir-def/src/lib.rs	HasModule
crates/hir-def/src/lib.rs	DefWithBodyId	crates/intern/src/symbol/symbols.rs	
crates/hir-def/src/lib.rs	EnumVariantLoc	crates/hir-expand/src/name.rs	Name
crates/hir-def/src/lib.rs	ExpressionStoreOwnerId	crates/hir-def/src/lib.rs	HasModule
crates/hir-def/src/lib.rs	ExpressionStoreOwnerId	crates/intern/src/symbol/symbols.rs	
crates/hir-def/src/lib.rs	FieldId	crates/hir-def/src/lib.rs	VariantId
crates/hir-def/src/lib.rs	GenericDefId	crates/hir-def/src/lib.rs	HasModule
crates/hir-def/src/lib.rs	HrtbLifetimeParamId	crates/hir-def/src/lib.rs	GenericDefId
crates/hir-def/src/lib.rs	ItemContainerId	crates/hir-def/src/lib.rs	HasModule
crates/hir-def/src/lib.rs	ItemLoc	crates/hir-def/src/lib.rs	AstIdLoc
crates/hir-def/src/lib.rs	ItemLoc	crates/hir-def/src/lib.rs	HasModule
crates/hir-def/src/lib.rs	ItemLoc	crates/intern/src/symbol/symbols.rs	
crates/hir-def/src/lib.rs	ItemLoc	crates/span/src/ast_id.rs	AstIdNode
crates/hir-def/src/lib.rs	LifetimeParamId	crates/hir-def/src/lib.rs	GenericDefId
crates/hir-def/src/lib.rs	Macro2Loc	crates/edition/src/lib.rs	Edition
crates/hir-def/src/lib.rs	Macro2Loc	crates/hir-def/src/lib.rs	MacroExpander
crates/hir-def/src/lib.rs	MacroId	crates/hir-def/src/lib.rs	HasModule
crates/hir-def/src/lib.rs	MacroRulesLoc	crates/edition/src/lib.rs	Edition
crates/hir-def/src/lib.rs	MacroRulesLoc	crates/hir-def/src/lib.rs	MacroExpander
crates/hir-def/src/lib.rs	ModuleDefId	crates/intern/src/symbol/symbols.rs	
crates/hir-def/src/lib.rs	ModuleIdLt	crates/base-db/src/input.rs	Crate
crates/hir-def/src/lib.rs	ModuleIdLt	crates/hir-def/src/lib.rs	BlockIdLt
crates/hir-def/src/lib.rs	ModuleIdLt	crates/hir-def/src/lib.rs	ModuleIdLt
crates/hir-def/src/lib.rs	ModuleIdLt	crates/hir-expand/src/name.rs	Name
crates/hir-def/src/lib.rs	ModuleIdLt	crates/intern/src/symbol/symbols.rs	
crates/hir-def/src/lib.rs	ProcMacroLoc	crates/edition/src/lib.rs	Edition
crates/hir-def/src/lib.rs	ProcMacroLoc	crates/hir-expand/src/proc_macro.rs	CustomProcMacroExpander
crates/hir-def/src/lib.rs	ProcMacroLoc	crates/hir-expand/src/proc_macro.rs	ProcMacroKind
crates/hir-def/src/lib.rs	TupleFieldId	crates/hir-def/src/lib.rs	TupleId
crates/hir-def/src/lib.rs	TypeOrConstParamId	crates/hir-def/src/lib.rs	GenericDefId
crates/hir-def/src/lib.rs	TypeOrConstParamId	crates/intern/src/symbol/symbols.rs	
crates/hir-def/src/lib.rs	TypeParamId	crates/hir-def/src/lib.rs	TypeOrConstParamId
crates/hir-def/src/lib.rs	UnresolvedMacro	crates/hir-expand/src/mod_path.rs	ModPath
crates/hir-def/src/lib.rs	VariantId	crates/hir-def/src/lib.rs	HasModule
crates/hir-def/src/macro_expansion_tests/mod.rs	IdentityWhenValidProcMacroExpander	crates/hir-expand/src/proc_macro.rs	ProcMacroExpander
crates/hir-def/src/nameres.rs	DefMap	crates/base-db/src/input.rs	Crate
crates/hir-def/src/nameres.rs	DefMap	crates/hir-def/src/lib.rs	BuiltinDeriveImplId
crates/hir-def/src/nameres.rs	DefMap	crates/hir-def/src/lib.rs	MacroId
crates/hir-def/src/nameres.rs	DefMap	crates/hir-def/src/nameres.rs	BlockInfo
crates/hir-def/src/nameres.rs	DefMap	crates/hir-def/src/nameres.rs	DefMapCrateData
crates/hir-def/src/nameres.rs	DefMap	crates/hir-def/src/nameres.rs	ModulesMap
crates/hir-def/src/nameres.rs	DefMap	crates/hir-def/src/nameres/diagnostics.rs	DefDiagnostic
crates/hir-def/src/nameres.rs	DefMap	crates/hir-expand/src/lib.rs	MacroCallId
crates/hir-def/src/nameres.rs	DefMap	crates/hir-expand/src/name.rs	Name
crates/hir-def/src/nameres.rs	DefMap	crates/intern/src/symbol/symbols.rs	
crates/hir-def/src/nameres.rs	DefMapCrateData	crates/edition/src/lib.rs	Edition
crates/hir-def/src/nameres.rs	DefMapCrateData	crates/hir-def/src/lib.rs	MacroId
crates/hir-def/src/nameres.rs	DefMapCrateData	crates/hir-expand/src/name.rs	Name
crates/hir-def/src/nameres.rs	DefMapCrateData	crates/intern/src/symbol/symbols.rs	
crates/hir-def/src/nameres.rs	DefMapPair	crates/hir-def/src/nameres.rs	DefMap
crates/hir-def/src/nameres.rs	DefMapPair	crates/hir-def/src/nameres.rs	LocalDefMap
crates/hir-def/src/nameres.rs	LocalDefMap	crates/hir-expand/src/name.rs	Name
crates/hir-def/src/nameres.rs	LocalDefMap	crates/intern/src/symbol/symbols.rs	
crates/hir-def/src/nameres.rs	ModuleData	crates/hir-def/src/item_scope.rs	ItemScope
crates/hir-def/src/nameres.rs	ModuleData	crates/hir-def/src/nameres.rs	ModuleOrigin
crates/hir-def/src/nameres.rs	ModuleData	crates/hir-def/src/visibility.rs	Visibility
crates/hir-def/src/nameres.rs	ModuleData	crates/hir-expand/src/name.rs	Name
crates/hir-def/src/nameres.rs	ModuleData	crates/intern/src/symbol/symbols.rs	
crates/hir-def/src/nameres.rs	ModulesMap	crates/hir-def/src/nameres.rs	ModuleData
crates/hir-def/src/nameres.rs	ModulesMap	crates/intern/src/symbol/symbols.rs	
crates/hir-def/src/nameres/assoc.rs	AssocItemCollector	crates/base-db/src/lib.rs	SourceDatabase
crates/hir-def/src/nameres/assoc.rs	AssocItemCollector	crates/cfg/src/lib.rs	CfgOptions
crates/hir-def/src/nameres/assoc.rs	AssocItemCollector	crates/hir-def/src/lib.rs	AssocItemId
crates/hir-def/src/nameres/assoc.rs	AssocItemCollector	crates/hir-def/src/lib.rs	ItemContainerId
crates/hir-def/src/nameres/assoc.rs	AssocItemCollector	crates/hir-def/src/nameres.rs	DefMap
crates/hir-def/src/nameres/assoc.rs	AssocItemCollector	crates/hir-def/src/nameres.rs	LocalDefMap
crates/hir-def/src/nameres/assoc.rs	AssocItemCollector	crates/hir-def/src/nameres/diagnostics.rs	DefDiagnostic
crates/hir-def/src/nameres/assoc.rs	AssocItemCollector	crates/hir-expand/src/lib.rs	HirFileId
crates/hir-def/src/nameres/assoc.rs	AssocItemCollector	crates/hir-expand/src/name.rs	Name
crates/hir-def/src/nameres/assoc.rs	AssocItemCollector	crates/hir-expand/src/span_map.rs	SpanMap
crates/hir-def/src/nameres/assoc.rs	AssocItemCollector	crates/span/src/ast_id.rs	AstIdMap
crates/hir-def/src/nameres/assoc.rs	ImplItems	crates/hir-def/src/lib.rs	AssocItemId
crates/hir-def/src/nameres/assoc.rs	ImplItems	crates/hir-expand/src/name.rs	Name
crates/hir-def/src/nameres/assoc.rs	ImplItems	crates/intern/src/symbol/symbols.rs	
crates/hir-def/src/nameres/assoc.rs	TraitItems	crates/hir-def/src/lib.rs	AssocItemId
crates/hir-def/src/nameres/assoc.rs	TraitItems	crates/hir-expand/src/name.rs	Name
crates/hir-def/src/nameres/assoc.rs	TraitItems	crates/intern/src/symbol/symbols.rs	
crates/hir-def/src/nameres/collector.rs	DefCollector	crates/base-db/src/lib.rs	SourceDatabase
crates/hir-def/src/nameres/collector.rs	DefCollector	crates/cfg/src/lib.rs	CfgOptions
crates/hir-def/src/nameres/collector.rs	DefCollector	crates/hir-def/src/item_scope.rs	GlobId
crates/hir-def/src/nameres/collector.rs	DefCollector	crates/hir-def/src/item_scope.rs	PerNsGlobImports
crates/hir-def/src/nameres/collector.rs	DefCollector	crates/hir-def/src/item_tree.rs	ModItemId
crates/hir-def/src/nameres/collector.rs	DefCollector	crates/hir-def/src/nameres.rs	DefMap
crates/hir-def/src/nameres/collector.rs	DefCollector	crates/hir-def/src/nameres.rs	LocalDefMap
crates/hir-def/src/nameres/collector.rs	DefCollector	crates/hir-def/src/nameres/collector.rs	DeferredBuiltinDerive
crates/hir-def/src/nameres/collector.rs	DefCollector	crates/hir-def/src/nameres/collector.rs	ImportDirective
crates/hir-def/src/nameres/collector.rs	DefCollector	crates/hir-def/src/nameres/collector.rs	MacroDirective
crates/hir-def/src/nameres/collector.rs	DefCollector	crates/hir-def/src/nameres/mod_resolution.rs	ModDir
crates/hir-def/src/nameres/collector.rs	DefCollector	crates/hir-def/src/per_ns.rs	PerNs
crates/hir-def/src/nameres/collector.rs	DefCollector	crates/hir-def/src/visibility.rs	Visibility
crates/hir-def/src/nameres/collector.rs	DefCollector	crates/hir-expand/src/attrs.rs	AttrId
crates/hir-def/src/nameres/collector.rs	DefCollector	crates/hir-expand/src/name.rs	Name
crates/hir-def/src/nameres/collector.rs	DefCollector	crates/hir-expand/src/proc_macro.rs	CustomProcMacroExpander
crates/hir-def/src/nameres/collector.rs	DefCollector	crates/intern/src/symbol/symbols.rs	
crates/hir-def/src/nameres/collector.rs	DeferredBuiltinDerive	crates/hir-def/src/lib.rs	ItemContainerId
crates/hir-def/src/nameres/collector.rs	DeferredBuiltinDerive	crates/hir-expand/src/attrs.rs	AttrId
crates/hir-def/src/nameres/collector.rs	DeferredBuiltinDerive	crates/hir-expand/src/lib.rs	MacroCallId
crates/hir-def/src/nameres/collector.rs	DeferredBuiltinDerive	crates/intern/src/symbol/symbols.rs	
crates/hir-def/src/nameres/collector.rs	Import	crates/hir-def/src/item_tree.rs	ImportAlias
crates/hir-def/src/nameres/collector.rs	Import	crates/hir-def/src/item_tree.rs	RawVisibility
crates/hir-def/src/nameres/collector.rs	Import	crates/hir-def/src/nameres/collector.rs	ImportSource
crates/hir-def/src/nameres/collector.rs	Import	crates/hir-expand/src/mod_path.rs	ModPath
crates/hir-def/src/nameres/collector.rs	Import	crates/intern/src/symbol/symbols.rs	
crates/hir-def/src/nameres/collector.rs	ImportDirective	crates/hir-def/src/nameres/collector.rs	Import
crates/hir-def/src/nameres/collector.rs	ImportDirective	crates/hir-def/src/nameres/collector.rs	PartialResolvedImport
crates/hir-def/src/nameres/collector.rs	ImportSource	crates/hir-def/src/item_tree.rs	ImportKind
crates/hir-def/src/nameres/collector.rs	MacroDirective	crates/hir-def/src/lib.rs	ItemContainerId
crates/hir-def/src/nameres/collector.rs	MacroDirective	crates/hir-def/src/nameres/collector.rs	MacroDirectiveKind
crates/hir-def/src/nameres/collector.rs	ModCollector	crates/hir-def/src/item_tree.rs	ItemTree
crates/hir-def/src/nameres/collector.rs	ModCollector	crates/hir-def/src/item_tree.rs	TreeId
crates/hir-def/src/nameres/collector.rs	ModCollector	crates/hir-def/src/nameres/collector.rs	DefCollector
crates/hir-def/src/nameres/collector.rs	ModCollector	crates/hir-def/src/nameres/mod_resolution.rs	ModDir
crates/hir-def/src/nameres/diagnostics.rs	DefDiagnostic	crates/hir-def/src/nameres/diagnostics.rs	DefDiagnosticKind
crates/hir-def/src/nameres/diagnostics.rs	DefDiagnostics	crates/hir-def/src/nameres/diagnostics.rs	DefDiagnostic
crates/hir-def/src/nameres/diagnostics.rs	DefDiagnostics	crates/intern/src/symbol/symbols.rs	
crates/hir-def/src/nameres/mod_resolution.rs	ModDir	crates/hir-def/src/nameres/mod_resolution.rs	DirPath
crates/hir-def/src/nameres/path_resolution.rs	ResolvePathResult	crates/hir-def/src/nameres/path_resolution.rs	ReachedFixedPoint
crates/hir-def/src/nameres/path_resolution.rs	ResolvePathResult	crates/hir-def/src/nameres/path_resolution.rs	ResolvePathResultPrefixInfo
crates/hir-def/src/nameres/path_resolution.rs	ResolvePathResult	crates/hir-def/src/per_ns.rs	PerNs
crates/hir-def/src/nameres/path_resolution.rs	ResolvePathResult	crates/intern/src/symbol/symbols.rs	
crates/hir-def/src/nameres/proc_macro.rs	ProcMacroDef	crates/hir-def/src/nameres/proc_macro.rs	ProcMacroKind
crates/hir-def/src/nameres/proc_macro.rs	ProcMacroDef	crates/hir-expand/src/name.rs	Name
crates/hir-def/src/per_ns.rs	Item	crates/hir-def/src/nameres/collector.rs	Import
crates/hir-def/src/per_ns.rs	Item	crates/hir-def/src/visibility.rs	Visibility
crates/hir-def/src/per_ns.rs	Item	crates/intern/src/symbol/symbols.rs	
crates/hir-def/src/per_ns.rs	PerNs	crates/intern/src/symbol/symbols.rs	
crates/hir-def/src/resolver.rs	ExprScope	crates/hir-def/src/expr_store/scope.rs	ExprScopes
crates/hir-def/src/resolver.rs	ExprScope	crates/hir-def/src/lib.rs	ExpressionStoreOwnerId
crates/hir-def/src/resolver.rs	HasResolver	crates/intern/src/symbol/symbols.rs	
crates/hir-def/src/resolver.rs	ModuleItemMap	crates/hir-def/src/nameres.rs	DefMap
crates/hir-def/src/resolver.rs	ModuleItemMap	crates/hir-def/src/nameres.rs	LocalDefMap
crates/hir-def/src/resolver.rs	Resolver	crates/hir-def/src/resolver.rs	ModuleItemMap
crates/hir-def/src/resolver.rs	Resolver	crates/hir-def/src/resolver.rs	Scope
crates/hir-def/src/resolver.rs	ScopeNames	crates/hir-def/src/resolver.rs	ScopeDef
crates/hir-def/src/resolver.rs	ScopeNames	crates/hir-expand/src/name.rs	Name
crates/hir-def/src/signatures.rs	ConstSignature	crates/hir-def/src/expr_store.rs	ExpressionStore
crates/hir-def/src/signatures.rs	ConstSignature	crates/hir-expand/src/name.rs	Name
crates/hir-def/src/signatures.rs	ConstSignature	crates/intern/src/symbol/symbols.rs	
crates/hir-def/src/signatures.rs	EnumSignature	crates/hir-def/src/expr_store.rs	ExpressionStore
crates/hir-def/src/signatures.rs	EnumSignature	crates/hir-def/src/hir/generics.rs	GenericParams
crates/hir-def/src/signatures.rs	EnumSignature	crates/hir-expand/src/name.rs	Name
crates/hir-def/src/signatures.rs	EnumVariants	crates/hir-def/src/item_tree.rs	FieldsShape
crates/hir-def/src/signatures.rs	EnumVariants	crates/hir-expand/src/name.rs	Name
crates/hir-def/src/signatures.rs	FieldData	crates/hir-def/src/hir/type_ref.rs	ConstRef
crates/hir-def/src/signatures.rs	FieldData	crates/hir-def/src/item_tree.rs	RawVisibility
crates/hir-def/src/signatures.rs	FieldData	crates/hir-expand/src/name.rs	Name
crates/hir-def/src/signatures.rs	FieldData	crates/intern/src/symbol/symbols.rs	
crates/hir-def/src/signatures.rs	FunctionBody	crates/hir-def/src/expr_store.rs	ExpressionStore
crates/hir-def/src/signatures.rs	FunctionBody	crates/intern/src/symbol/symbols.rs	
crates/hir-def/src/signatures.rs	FunctionSignature	crates/hir-def/src/expr_store.rs	ExpressionStore
crates/hir-def/src/signatures.rs	FunctionSignature	crates/hir-def/src/hir/generics.rs	GenericParams
crates/hir-def/src/signatures.rs	FunctionSignature	crates/hir-expand/src/name.rs	Name
crates/hir-def/src/signatures.rs	FunctionSignature	crates/intern/src/symbol/symbols.rs	
crates/hir-def/src/signatures.rs	ImplSignature	crates/hir-def/src/expr_store.rs	ExpressionStore
crates/hir-def/src/signatures.rs	ImplSignature	crates/hir-def/src/hir/generics.rs	GenericParams
crates/hir-def/src/signatures.rs	ImplSignature	crates/hir-def/src/hir/type_ref.rs	TraitRef
crates/hir-def/src/signatures.rs	ImplSignature	crates/intern/src/symbol/symbols.rs	
crates/hir-def/src/signatures.rs	InactiveEnumVariantCode	crates/cfg/src/cfg_expr.rs	CfgExpr
crates/hir-def/src/signatures.rs	InactiveEnumVariantCode	crates/cfg/src/lib.rs	CfgOptions
crates/hir-def/src/signatures.rs	SimpleBody	crates/hir-def/src/expr_store.rs	ExpressionStore
crates/hir-def/src/signatures.rs	StaticSignature	crates/hir-def/src/expr_store.rs	ExpressionStore
crates/hir-def/src/signatures.rs	StaticSignature	crates/hir-expand/src/name.rs	Name
crates/hir-def/src/signatures.rs	StructSignature	crates/hir-def/src/expr_store.rs	ExpressionStore
crates/hir-def/src/signatures.rs	StructSignature	crates/hir-def/src/hir/generics.rs	GenericParams
crates/hir-def/src/signatures.rs	StructSignature	crates/hir-def/src/item_tree.rs	FieldsShape
crates/hir-def/src/signatures.rs	StructSignature	crates/hir-expand/src/name.rs	Name
crates/hir-def/src/signatures.rs	TraitSignature	crates/hir-def/src/expr_store.rs	ExpressionStore
crates/hir-def/src/signatures.rs	TraitSignature	crates/hir-def/src/hir/generics.rs	GenericParams
crates/hir-def/src/signatures.rs	TraitSignature	crates/hir-expand/src/name.rs	Name
crates/hir-def/src/signatures.rs	TypeAliasSignature	crates/hir-def/src/expr_store.rs	ExpressionStore
crates/hir-def/src/signatures.rs	TypeAliasSignature	crates/hir-def/src/hir/generics.rs	GenericParams
crates/hir-def/src/signatures.rs	TypeAliasSignature	crates/hir-def/src/hir/type_ref.rs	TypeBound
crates/hir-def/src/signatures.rs	TypeAliasSignature	crates/hir-expand/src/name.rs	Name
crates/hir-def/src/signatures.rs	TypeAliasSignature	crates/intern/src/symbol/symbols.rs	
crates/hir-def/src/signatures.rs	UnionSignature	crates/hir-def/src/expr_store.rs	ExpressionStore
crates/hir-def/src/signatures.rs	UnionSignature	crates/hir-def/src/hir/generics.rs	GenericParams
crates/hir-def/src/signatures.rs	UnionSignature	crates/hir-expand/src/name.rs	Name
crates/hir-def/src/signatures.rs	VariantFields	crates/hir-def/src/expr_store.rs	ExpressionStore
crates/hir-def/src/signatures.rs	VariantFields	crates/hir-def/src/item_tree.rs	FieldsShape
crates/hir-def/src/signatures.rs	VariantFields	crates/hir-def/src/signatures.rs	FieldData
crates/hir-def/src/signatures.rs	VariantFieldsBody	crates/hir-def/src/expr_store.rs	ExpressionStore
crates/hir-def/src/signatures.rs	VariantFieldsBody	crates/intern/src/symbol/symbols.rs	
crates/hir-def/src/test_db.rs	TestDB	crates/base-db/src/input.rs	CratesMap
crates/hir-def/src/test_db.rs	TestDB	crates/base-db/src/lib.rs	Nonce
crates/hir-def/src/test_db.rs	TestDB	crates/base-db/src/lib.rs	SourceDatabase
crates/hir-def/src/test_db.rs	TestDB	crates/intern/src/symbol/symbols.rs	
crates/hir-expand/src/attrs.rs	Attr	crates/hir-expand/src/attrs.rs	AttrInput
crates/hir-expand/src/attrs.rs	Attr	crates/hir-expand/src/mod_path.rs	ModPath
crates/hir-expand/src/attrs.rs	Attr	crates/intern/src/intern.rs	Interned
crates/hir-expand/src/attrs.rs	Attr	crates/intern/src/symbol/symbols.rs	
crates/hir-expand/src/attrs.rs	Attr	crates/span/src/hygiene.rs	SyntaxContext
crates/hir-expand/src/builtin/derive_macro.rs	AdtParam	crates/intern/src/symbol/symbols.rs	
crates/hir-expand/src/builtin/derive_macro.rs	BasicAdtInfo	crates/hir-expand/src/builtin/derive_macro.rs	AdtParam
crates/hir-expand/src/builtin/derive_macro.rs	BasicAdtInfo	crates/hir-expand/src/builtin/derive_macro.rs	AdtShape
crates/hir-expand/src/builtin/quote.rs	WithDelimiter	crates/hir-expand/src/builtin/quote.rs	ToTokenTree
crates/hir-expand/src/cfg_process.rs	AstAttrToProcess	crates/hir-expand/src/cfg_process.rs	ExpandedAttrToProcess
crates/hir-expand/src/cfg_process.rs	AstAttrToProcess	crates/hir-expand/src/cfg_process.rs	NextExpandedAttrState
crates/hir-expand/src/cfg_process.rs	AstAttrToProcess	crates/intern/src/symbol/symbols.rs	
crates/hir-expand/src/cfg_process.rs	AstAttrToProcess	crates/tt/src/lib.rs	DelimSpan
crates/hir-expand/src/change.rs	ChangeWithProcMacros	crates/base-db/src/change.rs	FileChange
crates/hir-expand/src/change.rs	ChangeWithProcMacros	crates/hir-expand/src/proc_macro.rs	ProcMacrosBuilder
crates/hir-expand/src/change.rs	ChangeWithProcMacros	crates/intern/src/symbol/symbols.rs	
crates/hir-expand/src/declarative.rs	DeclarativeMacroExpander	crates/edition/src/lib.rs	Edition
crates/hir-expand/src/declarative.rs	DeclarativeMacroExpander	crates/span/src/hygiene.rs	Transparency
crates/hir-expand/src/files.rs	FileIdToSyntax	crates/intern/src/symbol/symbols.rs	
crates/hir-expand/src/files.rs	InFileWrapper	crates/hir-expand/src/files.rs	FileIdToSyntax
crates/hir-expand/src/files.rs	InFileWrapper	crates/intern/src/symbol/symbols.rs	
crates/hir-expand/src/files.rs	InFileWrapper	crates/syntax/src/ast.rs	AstNode
crates/hir-expand/src/fixup.rs	SyntaxFixupUndoInfo	crates/intern/src/symbol/symbols.rs	
crates/hir-expand/src/fixup.rs	SyntaxFixupUndoInfo	crates/tt/src/storage.rs	TopSubtree
crates/hir-expand/src/fixup.rs	SyntaxFixups	crates/hir-expand/src/fixup.rs	SyntaxFixupUndoInfo
crates/hir-expand/src/fixup.rs	SyntaxFixups	crates/tt/src/lib.rs	Leaf
crates/hir-expand/src/inert_attr_macro.rs	AttributeTemplate	crates/intern/src/symbol/symbols.rs	
crates/hir-expand/src/inert_attr_macro.rs	BuiltinAttribute	crates/hir-expand/src/inert_attr_macro.rs	AttributeTemplate
crates/hir-expand/src/lib.rs	AttrMacroAttrIds	crates/hir-expand/src/lib.rs	AttrMacroAttrIdsRepr
crates/hir-expand/src/lib.rs	EagerCallInfo	crates/hir-expand/src/lib.rs	ExpandError
crates/hir-expand/src/lib.rs	EagerCallInfo	crates/hir-expand/src/lib.rs	MacroCallId
crates/hir-expand/src/lib.rs	EagerCallInfo	crates/intern/src/symbol/symbols.rs	
crates/hir-expand/src/lib.rs	EagerCallInfo	crates/span/src/lib.rs	Span
crates/hir-expand/src/lib.rs	ExpandError	crates/hir-expand/src/lib.rs	ExpandErrorKind
crates/hir-expand/src/lib.rs	ExpandError	crates/intern/src/symbol/symbols.rs	
crates/hir-expand/src/lib.rs	ExpandError	crates/span/src/lib.rs	Span
crates/hir-expand/src/lib.rs	ExpansionInfo	crates/hir-expand/src/lib.rs	MacroCallLoc
crates/hir-expand/src/lib.rs	ExpansionInfo	crates/hir-expand/src/span_map.rs	SpanMap
crates/hir-expand/src/lib.rs	ExpansionInfo	crates/intern/src/symbol/symbols.rs	
crates/hir-expand/src/lib.rs	HirFileId	crates/intern/src/symbol/symbols.rs	
crates/hir-expand/src/lib.rs	MacroCallId	crates/hir-expand/src/lib.rs	MacroCallLoc
crates/hir-expand/src/lib.rs	MacroCallId	crates/intern/src/symbol/symbols.rs	
crates/hir-expand/src/lib.rs	MacroCallLoc	crates/base-db/src/input.rs	Crate
crates/hir-expand/src/lib.rs	MacroCallLoc	crates/hir-expand/src/lib.rs	MacroCallKind
crates/hir-expand/src/lib.rs	MacroCallLoc	crates/hir-expand/src/lib.rs	MacroDefId
crates/hir-expand/src/lib.rs	MacroCallLoc	crates/span/src/hygiene.rs	SyntaxContext
crates/hir-expand/src/lib.rs	MacroDefId	crates/base-db/src/input.rs	Crate
crates/hir-expand/src/lib.rs	MacroDefId	crates/edition/src/lib.rs	Edition
crates/hir-expand/src/lib.rs	MacroDefId	crates/hir-expand/src/lib.rs	MacroDefKind
crates/hir-expand/src/mod_path.rs	Display	crates/base-db/src/lib.rs	SourceDatabase
crates/hir-expand/src/mod_path.rs	Display	crates/edition/src/lib.rs	Edition
crates/hir-expand/src/mod_path.rs	Display	crates/hir-expand/src/mod_path.rs	ModPath
crates/hir-expand/src/mod_path.rs	Display	crates/intern/src/symbol/symbols.rs	
crates/hir-expand/src/mod_path.rs	ModPath	crates/hir-expand/src/mod_path.rs	PathKind
crates/hir-expand/src/mod_path.rs	ModPath	crates/hir-expand/src/name.rs	Name
crates/hir-expand/src/mod_path.rs	ModPath	crates/intern/src/symbol/symbols.rs	
crates/hir-expand/src/name.rs	Display	crates/edition/src/lib.rs	Edition
crates/hir-expand/src/name.rs	Display	crates/hir-expand/src/name.rs	Name
crates/hir-expand/src/name.rs	Name	crates/intern/src/symbol/symbols.rs	
crates/hir-expand/src/proc_macro.rs	ProcMacro	crates/hir-expand/src/proc_macro.rs	ProcMacroExpander
crates/hir-expand/src/proc_macro.rs	ProcMacro	crates/hir-expand/src/proc_macro.rs	ProcMacroKind
crates/hir-expand/src/proc_macro.rs	ProcMacro	crates/intern/src/symbol/symbols.rs	
crates/hir-expand/src/proc_macro.rs	ProcMacros	crates/base-db/src/input.rs	Crate
crates/hir-expand/src/proc_macro.rs	ProcMacros	crates/hir-expand/src/proc_macro.rs	CrateProcMacros
crates/hir-expand/src/proc_macro.rs	ProcMacrosBuilder	crates/hir-expand/src/proc_macro.rs	CrateProcMacros
crates/hir-ty/src/autoderef.rs	AutoderefSnapshot	crates/hir-ty/src/next_solver/ty.rs	Ty
crates/hir-ty/src/autoderef.rs	DefaultAutoderefCtx	crates/hir-ty/src/autoderef.rs	AutoderefCtx
crates/hir-ty/src/autoderef.rs	DefaultAutoderefCtx	crates/hir-ty/src/next_solver/infer/mod.rs	InferCtxt
crates/hir-ty/src/autoderef.rs	DefaultAutoderefCtx	crates/hir-ty/src/next_solver/predicate.rs	ParamEnv
crates/hir-ty/src/autoderef.rs	GeneralAutoderef	crates/hir-ty/src/autoderef.rs	AutoderefCtx
crates/hir-ty/src/autoderef.rs	GeneralAutoderef	crates/hir-ty/src/autoderef.rs	AutoderefSnapshot
crates/hir-ty/src/autoderef.rs	GeneralAutoderef	crates/hir-ty/src/autoderef.rs	AutoderefTraits
crates/hir-ty/src/autoderef.rs	GeneralAutoderef	crates/hir-ty/src/autoderef.rs	TrackAutoderefSteps
crates/hir-ty/src/autoderef.rs	GeneralAutoderef	crates/intern/src/symbol/symbols.rs	
crates/hir-ty/src/autoderef.rs	InferenceContextAutoderefCtx	crates/hir-ty/src/autoderef.rs	AutoderefCtx
crates/hir-ty/src/autoderef.rs	InferenceContextAutoderefCtx	crates/hir-ty/src/infer.rs	InferenceContext
crates/hir-ty/src/autoderef.rs	TrackAutoderefSteps	crates/intern/src/symbol/symbols.rs	
crates/hir-ty/src/consteval.rs	ConstEvalError	crates/intern/src/symbol/symbols.rs	
crates/hir-ty/src/db.rs	AnonConstId	crates/hir-def/src/lib.rs	HasModule
crates/hir-ty/src/db.rs	AnonConstId	crates/hir-def/src/resolver.rs	HasResolver
crates/hir-ty/src/db.rs	AnonConstId	crates/hir-ty/src/db.rs	AnonConstLoc
crates/hir-ty/src/db.rs	AnonConstLoc	crates/hir-def/src/lib.rs	ExpressionStoreOwnerId
crates/hir-ty/src/db.rs	AnonConstLoc	crates/hir-ty/src/next_solver/binder.rs	StoredEarlyBinder
crates/hir-ty/src/db.rs	HirDatabase	crates/base-db/src/lib.rs	SourceDatabase
crates/hir-ty/src/db.rs	InternedClosure	crates/hir-def/src/hir.rs	ClosureKind
crates/hir-ty/src/db.rs	InternedClosure	crates/hir-ty/src/lib.rs	InferBodyId
crates/hir-ty/src/db.rs	InternedClosureId	crates/hir-ty/src/db.rs	InternedClosure
crates/hir-ty/src/db.rs	InternedCoroutineClosureId	crates/hir-ty/src/db.rs	InternedClosure
crates/hir-ty/src/db.rs	InternedCoroutineId	crates/hir-ty/src/db.rs	InternedClosure
crates/hir-ty/src/db.rs	InternedOpaqueTyId	crates/hir-ty/src/lib.rs	ImplTraitId
crates/hir-ty/src/diagnostics/decl_check.rs	DeclValidator	crates/hir-ty/src/db.rs	HirDatabase
crates/hir-ty/src/diagnostics/decl_check.rs	DeclValidator	crates/hir-ty/src/diagnostics/decl_check.rs	IncorrectCase
crates/hir-ty/src/diagnostics/decl_check.rs	IncorrectCase	crates/hir-expand/src/lib.rs	HirFileId
crates/hir-ty/src/diagnostics/decl_check.rs	IncorrectCase	crates/hir-ty/src/diagnostics/decl_check.rs	CaseType
crates/hir-ty/src/diagnostics/decl_check.rs	IncorrectCase	crates/hir-ty/src/diagnostics/decl_check.rs	IdentType
crates/hir-ty/src/diagnostics/decl_check.rs	IncorrectCase	crates/syntax/src/ptr.rs	AstPtr
crates/hir-ty/src/diagnostics/decl_check.rs	Replacement	crates/hir-expand/src/name.rs	Name
crates/hir-ty/src/diagnostics/decl_check.rs	Replacement	crates/hir-ty/src/diagnostics/decl_check.rs	CaseType
crates/hir-ty/src/diagnostics/expr.rs	ExprValidator	crates/hir-def/src/expr_store/body.rs	Body
crates/hir-ty/src/diagnostics/expr.rs	ExprValidator	crates/hir-def/src/lib.rs	DefWithBodyId
crates/hir-ty/src/diagnostics/expr.rs	ExprValidator	crates/hir-ty/src/diagnostics/expr.rs	BodyValidationDiagnostic
crates/hir-ty/src/diagnostics/expr.rs	ExprValidator	crates/hir-ty/src/infer.rs	InferenceResult
crates/hir-ty/src/diagnostics/expr.rs	ExprValidator	crates/hir-ty/src/next_solver/infer/mod.rs	InferCtxt
crates/hir-ty/src/diagnostics/expr.rs	ExprValidator	crates/hir-ty/src/next_solver/predicate.rs	ParamEnv
crates/hir-ty/src/diagnostics/expr.rs	FilterMapNextChecker	crates/hir-ty/src/next_solver/ty.rs	Ty
crates/hir-ty/src/diagnostics/expr.rs	FilterMapNextChecker	crates/intern/src/symbol/symbols.rs	
crates/hir-ty/src/diagnostics/match_check.rs	FieldPat	crates/hir-ty/src/diagnostics/match_check.rs	Pat
crates/hir-ty/src/diagnostics/match_check.rs	Pat	crates/hir-ty/src/diagnostics/match_check.rs	PatKind
crates/hir-ty/src/diagnostics/match_check.rs	Pat	crates/hir-ty/src/display.rs	HirDisplay
crates/hir-ty/src/diagnostics/match_check.rs	Pat	crates/hir-ty/src/next_solver/ty.rs	Ty
crates/hir-ty/src/diagnostics/match_check.rs	Pat	crates/intern/src/symbol/symbols.rs	
crates/hir-ty/src/diagnostics/match_check.rs	PatCtxt	crates/hir-def/src/expr_store/body.rs	Body
crates/hir-ty/src/diagnostics/match_check.rs	PatCtxt	crates/hir-ty/src/db.rs	HirDatabase
crates/hir-ty/src/diagnostics/match_check.rs	PatCtxt	crates/hir-ty/src/diagnostics/match_check.rs	PatternError
crates/hir-ty/src/diagnostics/match_check.rs	PatCtxt	crates/hir-ty/src/infer.rs	InferenceResult
crates/hir-ty/src/diagnostics/match_check.rs	WriteWith	crates/hir-ty/src/display.rs	HirDisplay
crates/hir-ty/src/diagnostics/match_check.rs	WriteWith	crates/syntax/src/ast/generated/nodes.rs	Fn
crates/hir-ty/src/diagnostics/match_check/pat_analysis.rs	MatchCheckCtx	crates/hir-ty/src/db.rs	HirDatabase
crates/hir-ty/src/diagnostics/match_check/pat_analysis.rs	MatchCheckCtx	crates/hir-ty/src/next_solver/infer/mod.rs	InferCtxt
crates/hir-ty/src/diagnostics/match_check/pat_analysis.rs	MatchCheckCtx	crates/hir-ty/src/next_solver/predicate.rs	ParamEnv
crates/hir-ty/src/diagnostics/match_check/pat_util.rs	EnumerateAndAdjust	crates/intern/src/symbol/symbols.rs	
crates/hir-ty/src/diagnostics/unsafe_check.rs	MissingUnsafeResult	crates/hir-def/src/hir.rs	ExprOrPatId
crates/hir-ty/src/diagnostics/unsafe_check.rs	MissingUnsafeResult	crates/hir-ty/src/diagnostics/unsafe_check.rs	UnsafetyReason
crates/hir-ty/src/diagnostics/unsafe_check.rs	UnsafeVisitor	crates/edition/src/lib.rs	Edition
crates/hir-ty/src/diagnostics/unsafe_check.rs	UnsafeVisitor	crates/hir-def/src/expr_store.rs	ExpressionStore
crates/hir-ty/src/diagnostics/unsafe_check.rs	UnsafeVisitor	crates/hir-def/src/lib.rs	ExpressionStoreOwnerId
crates/hir-ty/src/diagnostics/unsafe_check.rs	UnsafeVisitor	crates/hir-def/src/resolver.rs	Resolver
crates/hir-ty/src/diagnostics/unsafe_check.rs	UnsafeVisitor	crates/hir-ty/src/db.rs	HirDatabase
crates/hir-ty/src/diagnostics/unsafe_check.rs	UnsafeVisitor	crates/hir-ty/src/diagnostics/unsafe_check.rs	InsideUnsafeBlock
crates/hir-ty/src/diagnostics/unsafe_check.rs	UnsafeVisitor	crates/hir-ty/src/diagnostics/unsafe_check.rs	UnsafeDiagnostic
crates/hir-ty/src/diagnostics/unsafe_check.rs	UnsafeVisitor	crates/hir-ty/src/infer.rs	InferenceResult
crates/hir-ty/src/diagnostics/unsafe_check.rs	UnsafeVisitor	crates/hir-ty/src/target_feature.rs	TargetFeatures
crates/hir-ty/src/diagnostics/unsafe_check.rs	UnsafeVisitor	crates/hir-ty/src/utils.rs	TargetFeatureIsSafeInTarget
crates/hir-ty/src/display.rs	DisplayTarget	crates/base-db/src/input.rs	Crate
crates/hir-ty/src/display.rs	DisplayTarget	crates/edition/src/lib.rs	Edition
crates/hir-ty/src/display.rs	ExpressionStoreAdapter	crates/hir-def/src/expr_store.rs	ExpressionStore
crates/hir-ty/src/display.rs	ExpressionStoreAdapter	crates/hir-def/src/lib.rs	ExpressionStoreOwnerId
crates/hir-ty/src/display.rs	ExpressionStoreAdapter	crates/hir-ty/src/display.rs	HirDisplay
crates/hir-ty/src/display.rs	ExpressionStoreAdapter	crates/hir-ty/src/display.rs	HirDisplayWithExpressionStore
crates/hir-ty/src/display.rs	HirDisplayError	crates/intern/src/symbol/symbols.rs	
crates/hir-ty/src/display.rs	HirDisplayWrapper	crates/hir-ty/src/db.rs	HirDatabase
crates/hir-ty/src/display.rs	HirDisplayWrapper	crates/hir-ty/src/display.rs	ClosureStyle
crates/hir-ty/src/display.rs	HirDisplayWrapper	crates/hir-ty/src/display.rs	DisplayKind
crates/hir-ty/src/display.rs	HirDisplayWrapper	crates/hir-ty/src/display.rs	DisplayLifetime
crates/hir-ty/src/display.rs	HirDisplayWrapper	crates/hir-ty/src/display.rs	DisplayTarget
crates/hir-ty/src/display.rs	HirDisplayWrapper	crates/hir-ty/src/display.rs	HirDisplay
crates/hir-ty/src/display.rs	HirDisplayWrapper	crates/intern/src/symbol/symbols.rs	
crates/hir-ty/src/display.rs	HirFormatter	crates/hir-ty/src/db.rs	HirDatabase
crates/hir-ty/src/display.rs	HirFormatter	crates/hir-ty/src/display.rs	ClosureStyle
crates/hir-ty/src/display.rs	HirFormatter	crates/hir-ty/src/display.rs	DisplayKind
crates/hir-ty/src/display.rs	HirFormatter	crates/hir-ty/src/display.rs	DisplayLifetime
crates/hir-ty/src/display.rs	HirFormatter	crates/hir-ty/src/display.rs	DisplayTarget
crates/hir-ty/src/display.rs	HirFormatter	crates/hir-ty/src/display.rs	HirWrite
crates/hir-ty/src/display.rs	HirFormatter	crates/hir-ty/src/next_solver/interner.rs	DbInterner
crates/hir-ty/src/display.rs	HirFormatter	crates/intern/src/symbol/symbols.rs	
crates/hir-ty/src/generics.rs	Generics	crates/hir-ty/src/generics.rs	SingleGenerics
crates/hir-ty/src/generics.rs	SingleGenerics	crates/hir-def/src/expr_store.rs	ExpressionStore
crates/hir-ty/src/generics.rs	SingleGenerics	crates/hir-def/src/hir/generics.rs	GenericParams
crates/hir-ty/src/generics.rs	SingleGenerics	crates/hir-def/src/lib.rs	GenericDefId
crates/hir-ty/src/infer.rs	Adjustment	crates/hir-ty/src/infer.rs	Adjust
crates/hir-ty/src/infer.rs	BindingMode	crates/hir-def/src/hir/type_ref.rs	Mutability
crates/hir-ty/src/infer.rs	BindingMode	crates/hir-ty/src/infer.rs	ByRef
crates/hir-ty/src/infer.rs	BreakableContext	crates/hir-ty/src/infer.rs	BreakableKind
crates/hir-ty/src/infer.rs	BreakableContext	crates/intern/src/symbol/symbols.rs	
crates/hir-ty/src/infer.rs	CaptureInfo	crates/hir-ty/src/infer.rs	CaptureSourceStack
crates/hir-ty/src/infer.rs	CaptureInfo	crates/hir-ty/src/infer.rs	UpvarCapture
crates/hir-ty/src/infer.rs	CaptureSourceStack	crates/hir-ty/src/infer.rs	CaptureSourceStackRepr
crates/hir-ty/src/infer.rs	CaptureSourceStack	crates/intern/src/symbol/symbols.rs	
crates/hir-ty/src/infer.rs	CapturedPlace	crates/hir-def/src/hir/type_ref.rs	Mutability
crates/hir-ty/src/infer.rs	CapturedPlace	crates/hir-ty/src/infer.rs	CaptureInfo
crates/hir-ty/src/infer.rs	CapturedPlace	crates/hir-ty/src/infer/closure/analysis/expr_use_visitor.rs	Place
crates/hir-ty/src/infer.rs	ClosureData	crates/hir-ty/src/infer.rs	CaptureSourceStack
crates/hir-ty/src/infer.rs	ClosureData	crates/hir-ty/src/infer/closure/analysis/expr_use_visitor.rs	FakeReadCause
crates/hir-ty/src/infer.rs	ClosureData	crates/hir-ty/src/infer/closure/analysis/expr_use_visitor.rs	Place
crates/hir-ty/src/infer.rs	ClosureData	crates/hir-ty/src/next_solver/binder.rs	StoredFnSig
crates/hir-ty/src/infer.rs	ClosureData	crates/intern/src/symbol/symbols.rs	
crates/hir-ty/src/infer.rs	InferenceContext	crates/edition/src/lib.rs	Edition
crates/hir-ty/src/infer.rs	InferenceContext	crates/hir-def/src/expr_store.rs	ExpressionStore
crates/hir-ty/src/infer.rs	InferenceContext	crates/hir-def/src/expr_store/path.rs	GenericArgs
crates/hir-ty/src/infer.rs	InferenceContext	crates/hir-def/src/lib.rs	ExpressionStoreOwnerId
crates/hir-ty/src/infer.rs	InferenceContext	crates/hir-def/src/lib.rs	GenericDefId
crates/hir-ty/src/infer.rs	InferenceContext	crates/hir-def/src/lib.rs	LoweringMode
crates/hir-ty/src/infer.rs	InferenceContext	crates/hir-def/src/resolver.rs	Resolver
crates/hir-ty/src/infer.rs	InferenceContext	crates/hir-ty/src/db.rs	AnonConstId
crates/hir-ty/src/infer.rs	InferenceContext	crates/hir-ty/src/db.rs	HirDatabase
crates/hir-ty/src/infer.rs	InferenceContext	crates/hir-ty/src/infer.rs	BreakableContext
crates/hir-ty/src/infer.rs	InferenceContext	crates/hir-ty/src/infer.rs	Diverges
crates/hir-ty/src/infer.rs	InferenceContext	crates/hir-ty/src/infer.rs	InferenceResult
crates/hir-ty/src/infer.rs	InferenceContext	crates/hir-ty/src/infer/callee.rs	DeferredCallResolution
crates/hir-ty/src/infer.rs	InferenceContext	crates/hir-ty/src/infer/cast.rs	CastCheck
crates/hir-ty/src/infer.rs	InferenceContext	crates/hir-ty/src/infer/diagnostics.rs	Diagnostics
crates/hir-ty/src/infer.rs	InferenceContext	crates/hir-ty/src/lib.rs	InferBodyId
crates/hir-ty/src/infer.rs	InferenceContext	crates/hir-ty/src/next_solver/generic_arg.rs	Term
crates/hir-ty/src/infer.rs	InferenceContext	crates/hir-ty/src/next_solver/ty.rs	Ty
crates/hir-ty/src/infer.rs	InferenceContext	crates/hir-ty/src/target_feature.rs	TargetFeatures
crates/hir-ty/src/infer.rs	InferenceContext	crates/hir-ty/src/utils.rs	TargetFeatureIsSafeInTarget
crates/hir-ty/src/infer.rs	InferenceContext	crates/intern/src/symbol/symbols.rs	
crates/hir-ty/src/infer.rs	InferenceResult	crates/hir-def/src/hir.rs	ExprOrPatIdPacked
crates/hir-ty/src/infer.rs	InferenceResult	crates/hir-def/src/lib.rs	FieldId
crates/hir-ty/src/infer.rs	InferenceResult	crates/hir-def/src/lib.rs	TupleFieldId
crates/hir-ty/src/infer.rs	InferenceResult	crates/hir-def/src/lib.rs	VariantId
crates/hir-ty/src/infer.rs	InferenceResult	crates/hir-ty/src/db.rs	AnonConstId
crates/hir-ty/src/infer.rs	InferenceResult	crates/hir-ty/src/db.rs	InternedOpaqueTyId
crates/hir-ty/src/infer.rs	InferenceResult	crates/hir-ty/src/infer.rs	Adjustment
crates/hir-ty/src/infer.rs	InferenceResult	crates/hir-ty/src/infer.rs	BindingMode
crates/hir-ty/src/infer.rs	InferenceResult	crates/hir-ty/src/infer.rs	ClosureData
crates/hir-ty/src/infer.rs	InferenceResult	crates/hir-ty/src/infer.rs	InferenceDiagnostic
crates/hir-ty/src/infer.rs	InferenceResult	crates/hir-ty/src/infer.rs	PatAdjustment
crates/hir-ty/src/infer.rs	InferenceResult	crates/hir-ty/src/method_resolution.rs	CandidateId
crates/hir-ty/src/infer.rs	InferenceResult	crates/intern/src/symbol/symbols.rs	
crates/hir-ty/src/infer.rs	OverloadedDeref	crates/hir-def/src/hir/type_ref.rs	Mutability
crates/hir-ty/src/infer.rs	PatAdjustment	crates/hir-ty/src/infer.rs	PatAdjust
crates/hir-ty/src/infer/callee.rs	DeferredCallResolution	crates/hir-ty/src/next_solver/ty.rs	Ty
crates/hir-ty/src/infer/cast.rs	CastCheck	crates/hir-ty/src/next_solver/ty.rs	Ty
crates/hir-ty/src/infer/closure/analysis.rs	InferBorrowKind	crates/hir-ty/src/infer.rs	CaptureSourceStack
crates/hir-ty/src/infer/closure/analysis.rs	InferBorrowKind	crates/hir-ty/src/infer/closure/analysis/expr_use_visitor.rs	FakeReadCause
crates/hir-ty/src/infer/closure/analysis.rs	InferBorrowKind	crates/hir-ty/src/infer/closure/analysis/expr_use_visitor.rs	Place
crates/hir-ty/src/infer/closure/analysis/expr_use_visitor.rs	ExprUseVisitor	crates/hir-ty/src/infer.rs	InferenceContext
crates/hir-ty/src/infer/closure/analysis/expr_use_visitor.rs	ExprUseVisitor	crates/hir-ty/src/infer/closure/analysis/expr_use_visitor.rs	Delegate
crates/hir-ty/src/infer/closure/analysis/expr_use_visitor.rs	ExprUseVisitor	crates/hir-ty/src/upvars.rs	UpvarsRef
crates/hir-ty/src/infer/closure/analysis/expr_use_visitor.rs	Place	crates/hir-ty/src/infer/closure/analysis/expr_use_visitor.rs	PlaceBase
crates/hir-ty/src/infer/closure/analysis/expr_use_visitor.rs	Place	crates/hir-ty/src/infer/closure/analysis/expr_use_visitor.rs	Projection
crates/hir-ty/src/infer/closure/analysis/expr_use_visitor.rs	PlaceWithOrigin	crates/hir-ty/src/infer.rs	CaptureSourceStack
crates/hir-ty/src/infer/closure/analysis/expr_use_visitor.rs	PlaceWithOrigin	crates/hir-ty/src/infer/closure/analysis/expr_use_visitor.rs	Place
crates/hir-ty/src/infer/closure/analysis/expr_use_visitor.rs	Projection	crates/hir-ty/src/infer/closure/analysis/expr_use_visitor.rs	ProjectionKind
crates/hir-ty/src/infer/coerce.rs	Coerce	crates/hir-ty/src/infer.rs	AllowTwoPhase
crates/hir-ty/src/infer/coerce.rs	Coerce	crates/hir-ty/src/infer/coerce.rs	CoerceDelegate
crates/hir-ty/src/infer/coerce.rs	Coerce	crates/hir-ty/src/next_solver/infer/traits.rs	ObligationCause
crates/hir-ty/src/infer/coerce.rs	CoerceMany	crates/hir-ty/src/infer/coerce.rs	Expressions
crates/hir-ty/src/infer/coerce.rs	CoerceMany	crates/hir-ty/src/next_solver/ty.rs	Ty
crates/hir-ty/src/infer/coerce.rs	CoerceMany	crates/intern/src/symbol/symbols.rs	
crates/hir-ty/src/infer/coerce.rs	CoerceVisitor	crates/hir-ty/src/infer/coerce.rs	CoerceDelegate
crates/hir-ty/src/infer/coerce.rs	CoerceVisitor	crates/hir-ty/src/next_solver/inspect.rs	ProofTreeVisitor
crates/hir-ty/src/infer/coerce.rs	HirCoercionDelegate	crates/hir-ty/src/infer/coerce.rs	CoerceDelegate
crates/hir-ty/src/infer/coerce.rs	HirCoercionDelegate	crates/hir-ty/src/next_solver/infer/mod.rs	InferCtxt
crates/hir-ty/src/infer/coerce.rs	HirCoercionDelegate	crates/hir-ty/src/next_solver/predicate.rs	ParamEnv
crates/hir-ty/src/infer/coerce.rs	HirCoercionDelegate	crates/hir-ty/src/target_feature.rs	TargetFeatures
crates/hir-ty/src/infer/coerce.rs	InferenceCoercionDelegate	crates/hir-ty/src/infer.rs	InferenceContext
crates/hir-ty/src/infer/coerce.rs	InferenceCoercionDelegate	crates/hir-ty/src/infer/coerce.rs	CoerceDelegate
crates/hir-ty/src/infer/diagnostics.rs	Diagnostics	crates/hir-ty/src/infer.rs	InferenceDiagnostic
crates/hir-ty/src/infer/diagnostics.rs	InferenceTyLoweringContext	crates/hir-ty/src/db.rs	AnonConstId
crates/hir-ty/src/infer/diagnostics.rs	InferenceTyLoweringContext	crates/hir-ty/src/infer.rs	InferenceTyDiagnosticSource
crates/hir-ty/src/infer/diagnostics.rs	InferenceTyLoweringContext	crates/hir-ty/src/infer/diagnostics.rs	Diagnostics
crates/hir-ty/src/infer/diagnostics.rs	InferenceTyLoweringContext	crates/hir-ty/src/lower.rs	TyLoweringContext
crates/hir-ty/src/infer/diagnostics.rs	InferenceTyLoweringVarsCtx	crates/hir-ty/src/infer/unify.rs	InferenceTable
crates/hir-ty/src/infer/diagnostics.rs	InferenceTyLoweringVarsCtx	crates/hir-ty/src/lower.rs	TyLoweringInferVarsCtx
crates/hir-ty/src/infer/diagnostics.rs	PathDiagnosticCallbackData	crates/hir-def/src/hir.rs	ExprOrPatIdPacked
crates/hir-ty/src/infer/diagnostics.rs	PathDiagnosticCallbackData	crates/hir-ty/src/infer/diagnostics.rs	Diagnostics
crates/hir-ty/src/infer/op.rs	BinOpCategory	crates/intern/src/symbol/symbols.rs	
crates/hir-ty/src/infer/pat.rs	PatInfo	crates/hir-ty/src/infer.rs	ByRef
crates/hir-ty/src/infer/pat.rs	PatInfo	crates/hir-ty/src/infer/pat.rs	MutblCap
crates/hir-ty/src/infer/pat.rs	PatInfo	crates/hir-ty/src/infer/pat.rs	PatOrigin
crates/hir-ty/src/infer/pat.rs	ResolvedPat	crates/hir-ty/src/infer/pat.rs	ResolvedPatKind
crates/hir-ty/src/infer/pat.rs	ResolvedPat	crates/hir-ty/src/next_solver/ty.rs	Ty
crates/hir-ty/src/infer/unify.rs	DiagnoseInferVars	crates/hir-ty/src/infer/unify.rs	WriteBackCtxt
crates/hir-ty/src/infer/unify.rs	DiagnoseInferVars	crates/hir-ty/src/next_solver/generic_arg.rs	Term
crates/hir-ty/src/infer/unify.rs	InferenceTable	crates/hir-ty/src/db.rs	HirDatabase
crates/hir-ty/src/infer/unify.rs	InferenceTable	crates/hir-ty/src/next_solver/fulfill.rs	FulfillmentCtxt
crates/hir-ty/src/infer/unify.rs	InferenceTable	crates/hir-ty/src/next_solver/fulfill.rs	NextSolverError
crates/hir-ty/src/infer/unify.rs	InferenceTable	crates/hir-ty/src/next_solver/infer/mod.rs	InferCtxt
crates/hir-ty/src/infer/unify.rs	InferenceTable	crates/hir-ty/src/next_solver/predicate.rs	ParamEnv
crates/hir-ty/src/infer/unify.rs	InferenceTable	crates/hir-ty/src/next_solver/ty.rs	Ty
crates/hir-ty/src/infer/unify.rs	NestedObligationsForSelfTy	crates/hir-ty/src/infer/unify.rs	InferenceTable
crates/hir-ty/src/infer/unify.rs	NestedObligationsForSelfTy	crates/hir-ty/src/next_solver/infer/traits.rs	Obligation
crates/hir-ty/src/infer/unify.rs	NestedObligationsForSelfTy	crates/hir-ty/src/next_solver/infer/traits.rs	ObligationCause
crates/hir-ty/src/infer/unify.rs	NestedObligationsForSelfTy	crates/hir-ty/src/next_solver/inspect.rs	ProofTreeVisitor
crates/hir-ty/src/infer/unify.rs	NestedObligationsForSelfTy	crates/hir-ty/src/next_solver/predicate.rs	Predicate
crates/hir-ty/src/infer/unify.rs	Resolver	crates/hir-ty/src/infer/unify.rs	WriteBackCtxt
crates/hir-ty/src/infer/unify.rs	Resolver	crates/hir-ty/src/next_solver/predicate.rs	Predicate
crates/hir-ty/src/infer/unify.rs	WriteBackCtxt	crates/hir-ty/src/infer.rs	InferenceDiagnostic
crates/hir-ty/src/infer/unify.rs	WriteBackCtxt	crates/hir-ty/src/infer/unify.rs	InferenceTable
crates/hir-ty/src/infer/unify.rs	WriteBackCtxt	crates/hir-ty/src/next_solver.rs	DefaultAny
crates/hir-ty/src/inhabitedness.rs	UninhabitedFrom	crates/hir-ty/src/next_solver/infer/mod.rs	InferCtxt
crates/hir-ty/src/inhabitedness.rs	UninhabitedFrom	crates/hir-ty/src/next_solver/predicate.rs	ParamEnv
crates/hir-ty/src/inhabitedness.rs	UninhabitedFrom	crates/hir-ty/src/next_solver/ty.rs	Ty
crates/hir-ty/src/layout.rs	LayoutError	crates/intern/src/symbol/symbols.rs	
crates/hir-ty/src/lib.rs	ComplexMemoryMap	crates/hir-ty/src/mir/eval.rs	VTableMap
crates/hir-ty/src/lib.rs	ComplexMemoryMap	crates/intern/src/symbol/symbols.rs	
crates/hir-ty/src/lib.rs	InferBodyId	crates/hir-def/src/lib.rs	HasModule
crates/hir-ty/src/lib.rs	InferBodyId	crates/hir-def/src/resolver.rs	HasResolver
crates/hir-ty/src/lib.rs	InferBodyId	crates/intern/src/symbol/symbols.rs	
crates/hir-ty/src/lib.rs	ParamCollector	crates/hir-def/src/lib.rs	TypeOrConstParamId
crates/hir-ty/src/lib.rs	Span	crates/intern/src/symbol/symbols.rs	
crates/hir-ty/src/lower.rs	FieldType	crates/hir-ty/src/next_solver/binder.rs	StoredEarlyBinder
crates/hir-ty/src/lower.rs	FieldType	crates/intern/src/symbol/symbols.rs	
crates/hir-ty/src/lower.rs	FieldTypes	crates/hir-ty/src/lower.rs	FieldType
crates/hir-ty/src/lower.rs	GenericDefaults	crates/hir-ty/src/next_solver/binder.rs	StoredEarlyBinder
crates/hir-ty/src/lower.rs	GenericDefaults	crates/hir-ty/src/next_solver/generic_arg.rs	StoredGenericArg
crates/hir-ty/src/lower.rs	GenericDefaults	crates/intern/src/symbol/symbols.rs	
crates/hir-ty/src/lower.rs	GenericDefaultsRef	crates/hir-ty/src/next_solver/binder.rs	StoredEarlyBinder
crates/hir-ty/src/lower.rs	GenericDefaultsRef	crates/hir-ty/src/next_solver/generic_arg.rs	StoredGenericArg
crates/hir-ty/src/lower.rs	GenericDefaultsRef	crates/intern/src/symbol/symbols.rs	
crates/hir-ty/src/lower.rs	GenericPredicates	crates/hir-ty/src/next_solver/binder.rs	StoredEarlyBinder
crates/hir-ty/src/lower.rs	ImplTrait	crates/hir-ty/src/next_solver/binder.rs	StoredEarlyBinder
crates/hir-ty/src/lower.rs	ImplTraitLoweringState	crates/hir-ty/src/lower.rs	ImplTrait
crates/hir-ty/src/lower.rs	ImplTraitLoweringState	crates/hir-ty/src/lower.rs	ImplTraitLoweringMode
crates/hir-ty/src/lower.rs	SupertraitsInfo	crates/hir-expand/src/name.rs	Name
crates/hir-ty/src/lower.rs	SupertraitsInfo	crates/intern/src/symbol/symbols.rs	
crates/hir-ty/src/lower.rs	TyLoweringContext	crates/hir-def/src/expr_store.rs	ExpressionStore
crates/hir-ty/src/lower.rs	TyLoweringContext	crates/hir-def/src/lib.rs	ExpressionStoreOwnerId
crates/hir-ty/src/lower.rs	TyLoweringContext	crates/hir-def/src/lib.rs	GenericDefId
crates/hir-ty/src/lower.rs	TyLoweringContext	crates/hir-def/src/lib.rs	LoweringMode
crates/hir-ty/src/lower.rs	TyLoweringContext	crates/hir-def/src/resolver.rs	Resolver
crates/hir-ty/src/lower.rs	TyLoweringContext	crates/hir-expand/src/name.rs	Name
crates/hir-ty/src/lower.rs	TyLoweringContext	crates/hir-ty/src/db.rs	AnonConstId
crates/hir-ty/src/lower.rs	TyLoweringContext	crates/hir-ty/src/db.rs	HirDatabase
crates/hir-ty/src/lower.rs	TyLoweringContext	crates/hir-ty/src/lower.rs	ForbidParamsAfterReason
crates/hir-ty/src/lower.rs	TyLoweringContext	crates/hir-ty/src/lower.rs	ImplTraitLoweringState
crates/hir-ty/src/lower.rs	TyLoweringContext	crates/hir-ty/src/lower.rs	LifetimeElisionKind
crates/hir-ty/src/lower.rs	TyLoweringContext	crates/hir-ty/src/lower.rs	LifetimeLoweringMode
crates/hir-ty/src/lower.rs	TyLoweringContext	crates/hir-ty/src/lower.rs	TyLoweringInferVarsCtx
crates/hir-ty/src/lower.rs	TyLoweringContext	crates/hir-ty/src/lower/diagnostics.rs	TyLoweringDiagnostic
crates/hir-ty/src/lower.rs	TyLoweringContext	crates/hir-ty/src/next_solver/interner.rs	DbInterner
crates/hir-ty/src/lower.rs	TyLoweringContext	crates/hir-ty/src/next_solver/ty.rs	Ty
crates/hir-ty/src/lower.rs	TyLoweringContext	crates/intern/src/symbol/symbols.rs	
crates/hir-ty/src/lower.rs	TyLoweringResult	crates/hir-ty/src/lower.rs	TyLoweringResultInfo
crates/hir-ty/src/lower.rs	TyLoweringResult	crates/intern/src/symbol/symbols.rs	
crates/hir-ty/src/lower.rs	TyLoweringResultInfo	crates/hir-ty/src/db.rs	AnonConstId
crates/hir-ty/src/lower.rs	TyLoweringResultInfo	crates/hir-ty/src/lower/diagnostics.rs	TyLoweringDiagnostic
crates/hir-ty/src/lower.rs	WithDefinedOpaques	crates/hir-ty/src/lower.rs	ImplTrait
crates/hir-ty/src/lower.rs	WithDefinedOpaques	crates/intern/src/symbol/symbols.rs	
crates/hir-ty/src/lower/path.rs	PathDiagnosticCallback	crates/hir-ty/src/lower.rs	TyLoweringContext
crates/hir-ty/src/lower/path.rs	PathDiagnosticCallback	crates/hir-ty/src/lower/diagnostics.rs	PathLoweringDiagnostic
crates/hir-ty/src/lower/path.rs	PathLoweringContext	crates/hir-def/src/expr_store/path.rs	Path
crates/hir-ty/src/lower/path.rs	PathLoweringContext	crates/hir-def/src/expr_store/path.rs	PathSegment
crates/hir-ty/src/lower/path.rs	PathLoweringContext	crates/hir-def/src/expr_store/path.rs	PathSegments
crates/hir-ty/src/lower/path.rs	PathLoweringContext	crates/hir-ty/src/lower.rs	TyLoweringContext
crates/hir-ty/src/lower/path.rs	PathLoweringContext	crates/hir-ty/src/lower/path.rs	PathDiagnosticCallback
crates/hir-ty/src/method_resolution.rs	InherentImpls	crates/intern/src/symbol/symbols.rs	
crates/hir-ty/src/method_resolution.rs	MethodCallee	crates/hir-def/src/expr_store/path.rs	GenericArgs
crates/hir-ty/src/method_resolution.rs	MethodResolutionContext	crates/edition/src/lib.rs	Edition
crates/hir-ty/src/method_resolution.rs	MethodResolutionContext	crates/hir-def/src/resolver.rs	Resolver
crates/hir-ty/src/method_resolution.rs	MethodResolutionContext	crates/hir-ty/src/next_solver/infer/mod.rs	InferCtxt
crates/hir-ty/src/method_resolution.rs	MethodResolutionContext	crates/hir-ty/src/next_solver/predicate.rs	ParamEnv
crates/hir-ty/src/method_resolution.rs	OneTraitImpls	crates/hir-def/src/lib.rs	BuiltinDeriveImplId
crates/hir-ty/src/method_resolution.rs	OneTraitImpls	crates/intern/src/symbol/symbols.rs	
crates/hir-ty/src/method_resolution.rs	OneTraitImplsBuilder	crates/hir-def/src/lib.rs	BuiltinDeriveImplId
crates/hir-ty/src/method_resolution.rs	TraitImpls	crates/hir-ty/src/method_resolution.rs	OneTraitImpls
crates/hir-ty/src/method_resolution/confirm.rs	ConfirmContext	crates/hir-ty/src/infer.rs	InferenceContext
crates/hir-ty/src/method_resolution/confirm.rs	ConfirmResult	crates/hir-ty/src/method_resolution.rs	MethodCallee
crates/hir-ty/src/method_resolution/confirm.rs	ConfirmResult	crates/intern/src/symbol/symbols.rs	
crates/hir-ty/src/method_resolution/probe.rs	Candidate	crates/hir-ty/src/method_resolution.rs	CandidateId
crates/hir-ty/src/method_resolution/probe.rs	Candidate	crates/hir-ty/src/method_resolution/probe.rs	CandidateKind
crates/hir-ty/src/method_resolution/probe.rs	CandidateStep	crates/hir-ty/src/next_solver/infer/canonical/mod.rs	QueryResponse
crates/hir-ty/src/method_resolution/probe.rs	CandidateStep	crates/hir-ty/src/next_solver/ty.rs	Ty
crates/hir-ty/src/method_resolution/probe.rs	CandidateWithPrivate	crates/hir-ty/src/method_resolution/probe.rs	Candidate
crates/hir-ty/src/method_resolution/probe.rs	MethodAutoderefBadTy	crates/hir-ty/src/next_solver/infer/canonical/mod.rs	QueryResponse
crates/hir-ty/src/method_resolution/probe.rs	MethodAutoderefBadTy	crates/hir-ty/src/next_solver/ty.rs	Ty
crates/hir-ty/src/method_resolution/probe.rs	MethodAutoderefStepsResult	crates/hir-ty/src/method_resolution/probe.rs	CandidateStep
crates/hir-ty/src/method_resolution/probe.rs	MethodAutoderefStepsResult	crates/hir-ty/src/method_resolution/probe.rs	MethodAutoderefBadTy
crates/hir-ty/src/method_resolution/probe.rs	MethodAutoderefStepsResult	crates/intern/src/symbol/symbols.rs	
crates/hir-ty/src/method_resolution/probe.rs	Pick	crates/hir-ty/src/method_resolution.rs	CandidateId
crates/hir-ty/src/method_resolution/probe.rs	Pick	crates/hir-ty/src/method_resolution/probe.rs	AutorefOrPtrAdjustment
crates/hir-ty/src/method_resolution/probe.rs	Pick	crates/hir-ty/src/method_resolution/probe.rs	PickKind
crates/hir-ty/src/method_resolution/probe.rs	Pick	crates/hir-ty/src/next_solver/ty.rs	Ty
crates/hir-ty/src/method_resolution/probe.rs	Pick	crates/intern/src/symbol/symbols.rs	
crates/hir-ty/src/method_resolution/probe.rs	PickConstraintsForShadowed	crates/hir-ty/src/method_resolution.rs	CandidateId
crates/hir-ty/src/method_resolution/probe.rs	PickConstraintsForShadowed	crates/intern/src/symbol/symbols.rs	
crates/hir-ty/src/method_resolution/probe.rs	ProbeAllChoice	crates/hir-ty/src/method_resolution.rs	CandidateId
crates/hir-ty/src/method_resolution/probe.rs	ProbeAllChoice	crates/hir-ty/src/method_resolution/probe.rs	CandidateWithPrivate
crates/hir-ty/src/method_resolution/probe.rs	ProbeAllChoice	crates/hir-ty/src/method_resolution/probe.rs	ProbeChoice
crates/hir-ty/src/method_resolution/probe.rs	ProbeContext	crates/hir-def/src/find_path.rs	Choice
crates/hir-ty/src/method_resolution/probe.rs	ProbeContext	crates/hir-ty/src/method_resolution.rs	CandidateSource
crates/hir-ty/src/method_resolution/probe.rs	ProbeContext	crates/hir-ty/src/method_resolution.rs	MethodResolutionContext
crates/hir-ty/src/method_resolution/probe.rs	ProbeContext	crates/hir-ty/src/method_resolution/probe.rs	Candidate
crates/hir-ty/src/method_resolution/probe.rs	ProbeContext	crates/hir-ty/src/method_resolution/probe.rs	CandidateStep
crates/hir-ty/src/method_resolution/probe.rs	ProbeContext	crates/hir-ty/src/method_resolution/probe.rs	Mode
crates/hir-ty/src/method_resolution/probe.rs	ProbeContext	crates/hir-ty/src/method_resolution/probe.rs	ProbeChoice
crates/hir-ty/src/method_resolution/probe.rs	ProbeContext	crates/hir-ty/src/next_solver/infer/canonical/canonicalizer.rs	OriginalQueryValues
crates/hir-ty/src/method_resolution/probe.rs	ProbeForNameChoice	crates/hir-expand/src/name.rs	Name
crates/hir-ty/src/method_resolution/probe.rs	ProbeForNameChoice	crates/hir-ty/src/method_resolution/probe.rs	Pick
crates/hir-ty/src/method_resolution/probe.rs	ProbeForNameChoice	crates/hir-ty/src/method_resolution/probe.rs	ProbeChoice
crates/hir-ty/src/method_resolution/probe.rs	ProbeForNameChoice	crates/intern/src/symbol/symbols.rs	
crates/hir-ty/src/mir.rs	BasicBlock	crates/hir-ty/src/mir.rs	Statement
crates/hir-ty/src/mir.rs	BasicBlock	crates/hir-ty/src/mir.rs	Terminator
crates/hir-ty/src/mir.rs	BasicBlock	crates/intern/src/symbol/symbols.rs	
crates/hir-ty/src/mir.rs	BinOp	crates/intern/src/symbol/symbols.rs	
crates/hir-ty/src/mir.rs	FieldIndex	crates/intern/src/symbol/symbols.rs	
crates/hir-ty/src/mir.rs	MirBody	crates/hir-ty/src/db.rs	InternedClosureId
crates/hir-ty/src/mir.rs	MirBody	crates/hir-ty/src/lib.rs	InferBodyId
crates/hir-ty/src/mir.rs	MirBody	crates/hir-ty/src/mir.rs	BasicBlock
crates/hir-ty/src/mir.rs	MirBody	crates/hir-ty/src/mir.rs	Local
crates/hir-ty/src/mir.rs	MirSpan	crates/intern/src/symbol/symbols.rs	
crates/hir-ty/src/mir.rs	Operand	crates/hir-ty/src/mir.rs	MirSpan
crates/hir-ty/src/mir.rs	Operand	crates/hir-ty/src/mir.rs	OperandKind
crates/hir-ty/src/mir.rs	Operand	crates/intern/src/symbol/symbols.rs	
crates/hir-ty/src/mir.rs	PlaceRef	crates/hir-ty/src/mir.rs	Projection
crates/hir-ty/src/mir.rs	PlaceRef	crates/intern/src/symbol/symbols.rs	
crates/hir-ty/src/mir.rs	PlaceTy	crates/hir-def/src/lib.rs	VariantId
crates/hir-ty/src/mir.rs	PlaceTy	crates/hir-ty/src/next_solver/ty.rs	Ty
crates/hir-ty/src/mir.rs	PlaceTy	crates/intern/src/symbol/symbols.rs	
crates/hir-ty/src/mir.rs	Projection	crates/intern/src/intern_slice.rs	InternedSliceRef
crates/hir-ty/src/mir.rs	ProjectionElem	crates/intern/src/symbol/symbols.rs	
crates/hir-ty/src/mir.rs	Rvalue	crates/intern/src/symbol/symbols.rs	
crates/hir-ty/src/mir.rs	Statement	crates/hir-ty/src/mir.rs	MirSpan
crates/hir-ty/src/mir.rs	Statement	crates/hir-ty/src/mir.rs	StatementKind
crates/hir-ty/src/mir.rs	Terminator	crates/hir-ty/src/mir.rs	MirSpan
crates/hir-ty/src/mir.rs	Terminator	crates/hir-ty/src/mir.rs	TerminatorKind
crates/hir-ty/src/mir/eval.rs	DropFlags	crates/hir-ty/src/mir.rs	PlaceRef
crates/hir-ty/src/mir/eval.rs	Evaluator	crates/base-db/src/input.rs	Crate
crates/hir-ty/src/mir/eval.rs	Evaluator	crates/hir-def/src/expr_store/path.rs	GenericArgs
crates/hir-ty/src/mir/eval.rs	Evaluator	crates/hir-ty/src/db.rs	HirDatabase
crates/hir-ty/src/mir/eval.rs	Evaluator	crates/hir-ty/src/lib.rs	InferBodyId
crates/hir-ty/src/mir/eval.rs	Evaluator	crates/hir-ty/src/mir.rs	PlaceTy
crates/hir-ty/src/mir/eval.rs	Evaluator	crates/hir-ty/src/mir/eval.rs	Address
crates/hir-ty/src/mir/eval.rs	Evaluator	crates/hir-ty/src/mir/eval.rs	Locals
crates/hir-ty/src/mir/eval.rs	Evaluator	crates/hir-ty/src/mir/eval.rs	MirOrDynIndex
crates/hir-ty/src/mir/eval.rs	Evaluator	crates/hir-ty/src/mir/eval.rs	StackFrame
crates/hir-ty/src/mir/eval.rs	Evaluator	crates/hir-ty/src/mir/eval.rs	TlsData
crates/hir-ty/src/mir/eval.rs	Evaluator	crates/hir-ty/src/mir/eval.rs	VTableMap
crates/hir-ty/src/mir/eval.rs	Evaluator	crates/hir-ty/src/next_solver/infer/mod.rs	InferCtxt
crates/hir-ty/src/mir/eval.rs	Evaluator	crates/hir-ty/src/next_solver/ty.rs	Ty
crates/hir-ty/src/mir/eval.rs	Evaluator	crates/hir-ty/src/traits.rs	ParamEnvAndCrate
crates/hir-ty/src/mir/eval.rs	Evaluator	crates/hir/src/lib.rs	Layout
crates/hir-ty/src/mir/eval.rs	Evaluator	crates/intern/src/symbol/symbols.rs	
crates/hir-ty/src/mir/eval.rs	Interval	crates/hir-ty/src/mir/eval.rs	Address
crates/hir-ty/src/mir/eval.rs	IntervalAndTy	crates/hir-ty/src/mir/eval.rs	Interval
crates/hir-ty/src/mir/eval.rs	IntervalAndTy	crates/hir-ty/src/next_solver/ty.rs	Ty
crates/hir-ty/src/mir/eval.rs	IntervalOrOwned	crates/intern/src/symbol/symbols.rs	
crates/hir-ty/src/mir/eval.rs	IsSigned	crates/intern/src/symbol/symbols.rs	
crates/hir-ty/src/mir/eval.rs	Locals	crates/hir-ty/src/mir.rs	MirBody
crates/hir-ty/src/mir/eval.rs	Locals	crates/hir-ty/src/mir/eval.rs	DropFlags
crates/hir-ty/src/mir/eval.rs	Locals	crates/hir-ty/src/mir/eval.rs	Interval
crates/hir-ty/src/mir/eval.rs	StackFrame	crates/hir-ty/src/lib.rs	InferBodyId
crates/hir-ty/src/mir/eval.rs	StackFrame	crates/hir-ty/src/mir.rs	MirSpan
crates/hir-ty/src/mir/eval.rs	StackFrame	crates/hir-ty/src/mir/eval.rs	Locals
crates/hir-ty/src/mir/eval.rs	StackFrame	crates/intern/src/symbol/symbols.rs	
crates/hir-ty/src/mir/eval.rs	VTableMap	crates/hir-ty/src/next_solver/ty.rs	Ty
crates/hir-ty/src/mir/lower.rs	LoopBlocks	crates/hir-ty/src/mir.rs	Place
crates/hir-ty/src/mir/lower.rs	LoopBlocks	crates/intern/src/symbol/symbols.rs	
crates/hir-ty/src/mir/lower.rs	MirLowerCtx	crates/hir-def/src/expr_store.rs	ExpressionStore
crates/hir-ty/src/mir/lower.rs	MirLowerCtx	crates/hir-def/src/lib.rs	ExpressionStoreOwnerId
crates/hir-ty/src/mir/lower.rs	MirLowerCtx	crates/hir-def/src/resolver.rs	Resolver
crates/hir-ty/src/mir/lower.rs	MirLowerCtx	crates/hir-ty/src/db.rs	HirDatabase
crates/hir-ty/src/mir/lower.rs	MirLowerCtx	crates/hir-ty/src/infer.rs	InferenceResult
crates/hir-ty/src/mir/lower.rs	MirLowerCtx	crates/hir-ty/src/lib.rs	InferBodyId
crates/hir-ty/src/mir/lower.rs	MirLowerCtx	crates/hir-ty/src/mir.rs	MirBody
crates/hir-ty/src/mir/lower.rs	MirLowerCtx	crates/hir-ty/src/mir.rs	Place
crates/hir-ty/src/mir/lower.rs	MirLowerCtx	crates/hir-ty/src/mir/lower.rs	DropScope
crates/hir-ty/src/mir/lower.rs	MirLowerCtx	crates/hir-ty/src/mir/lower.rs	LoopBlocks
crates/hir-ty/src/mir/lower.rs	MirLowerCtx	crates/hir-ty/src/next_solver/infer/mod.rs	InferCtxt
crates/hir-ty/src/mir/lower.rs	MirLowerCtx	crates/hir-ty/src/next_solver/predicate.rs	ParamEnv
crates/hir-ty/src/mir/lower.rs	MirLowerCtx	crates/intern/src/symbol/symbols.rs	
crates/hir-ty/src/mir/lower.rs	MirLowerError	crates/intern/src/symbol/symbols.rs	
crates/hir-ty/src/mir/monomorphization.rs	Filler	crates/hir-def/src/expr_store/path.rs	GenericArgs
crates/hir-ty/src/mir/monomorphization.rs	Filler	crates/hir-ty/src/next_solver/infer/mod.rs	InferCtxt
crates/hir-ty/src/mir/monomorphization.rs	Filler	crates/hir-ty/src/traits.rs	ParamEnvAndCrate
crates/hir-ty/src/mir/pretty.rs	LocalName	crates/hir-ty/src/display.rs	HirDisplay
crates/hir-ty/src/mir/pretty.rs	MirPrettyCtx	crates/hir-def/src/expr_store.rs	ExpressionStore
crates/hir-ty/src/mir/pretty.rs	MirPrettyCtx	crates/hir-ty/src/db.rs	HirDatabase
crates/hir-ty/src/mir/pretty.rs	MirPrettyCtx	crates/hir-ty/src/display.rs	DisplayTarget
crates/hir-ty/src/mir/pretty.rs	MirPrettyCtx	crates/hir-ty/src/mir.rs	MirBody
crates/hir-ty/src/next_solver.rs	DefaultAny	crates/hir-ty/src/next_solver.rs	DefaultConsts
crates/hir-ty/src/next_solver.rs	DefaultAny	crates/hir-ty/src/next_solver.rs	DefaultEmpty
crates/hir-ty/src/next_solver.rs	DefaultAny	crates/hir-ty/src/next_solver.rs	DefaultRegions
crates/hir-ty/src/next_solver.rs	DefaultAny	crates/hir-ty/src/next_solver.rs	DefaultTypes
crates/hir-ty/src/next_solver.rs	DefaultEmpty	crates/hir-def/src/expr_store/path.rs	GenericArgs
crates/hir-ty/src/next_solver.rs	DefaultEmpty	crates/hir-ty/src/next_solver/predicate.rs	Clauses
crates/hir-ty/src/next_solver.rs	DefaultRegions	crates/hir-ty/src/next_solver/region.rs	Region
crates/hir-ty/src/next_solver.rs	DefaultTypes	crates/hir-ty/src/next_solver/ty.rs	Ty
crates/hir-ty/src/next_solver/allocation.rs	Allocation	crates/hir-ty/src/next_solver/allocation.rs	AllocationInterned
crates/hir-ty/src/next_solver/allocation.rs	Allocation	crates/intern/src/intern.rs	InternedRef
crates/hir-ty/src/next_solver/allocation.rs	AllocationData	crates/hir-ty/src/lib.rs	MemoryMap
crates/hir-ty/src/next_solver/allocation.rs	AllocationData	crates/hir-ty/src/next_solver/ty.rs	Ty
crates/hir-ty/src/next_solver/allocation.rs	AllocationData	crates/intern/src/symbol/symbols.rs	
crates/hir-ty/src/next_solver/allocation.rs	AllocationInterned	crates/hir-ty/src/next_solver/allocation.rs	AllocationData
crates/hir-ty/src/next_solver/binder.rs	StoredPolyFnSig	crates/hir-ty/src/next_solver/binder.rs	StoredFnSig
crates/hir-ty/src/next_solver/consts.rs	Const	crates/hir-ty/src/next_solver/consts.rs	ConstInterned
crates/hir-ty/src/next_solver/consts.rs	Const	crates/intern/src/intern.rs	InternedRef
crates/hir-ty/src/next_solver/consts.rs	ParamConst	crates/hir-def/src/lib.rs	ConstParamId
crates/hir-ty/src/next_solver/consts/valtree.rs	ScalarInt	crates/intern/src/symbol/symbols.rs	
crates/hir-ty/src/next_solver/consts/valtree.rs	ValTree	crates/hir-ty/src/next_solver/consts/valtree.rs	ValTreeInterned
crates/hir-ty/src/next_solver/consts/valtree.rs	ValTree	crates/hir-ty/src/next_solver/interner.rs	WorldExposer
crates/hir-ty/src/next_solver/consts/valtree.rs	ValTree	crates/intern/src/intern.rs	InternedRef
crates/hir-ty/src/next_solver/consts/valtree.rs	ValueConst	crates/hir-ty/src/next_solver/consts/valtree.rs	ValTree
crates/hir-ty/src/next_solver/consts/valtree.rs	ValueConst	crates/hir-ty/src/next_solver/ty.rs	Ty
crates/hir-ty/src/next_solver/def_id.rs	AnyImplId	crates/intern/src/symbol/symbols.rs	
crates/hir-ty/src/next_solver/def_id.rs	CallableIdWrapper	crates/hir-def/src/lib.rs	CallableDefId
crates/hir-ty/src/next_solver/def_id.rs	CallableIdWrapper	crates/intern/src/symbol/symbols.rs	
crates/hir-ty/src/next_solver/def_id.rs	GeneralConstIdWrapper	crates/hir-ty/src/db.rs	GeneralConstId
crates/hir-ty/src/next_solver/def_id.rs	GeneralConstIdWrapper	crates/intern/src/symbol/symbols.rs	
crates/hir-ty/src/next_solver/def_id.rs	SolverDefId	crates/intern/src/symbol/symbols.rs	
crates/hir-ty/src/next_solver/fold.rs	BoundVarReplacer	crates/hir-ty/src/next_solver/fold.rs	BoundVarReplacerDelegate
crates/hir-ty/src/next_solver/fold.rs	BoundVarReplacer	crates/hir-ty/src/next_solver/interner.rs	DbInterner
crates/hir-ty/src/next_solver/fold.rs	FnMutDelegate	crates/hir-ty/src/next_solver/fold.rs	BoundVarReplacerDelegate
crates/hir-ty/src/next_solver/fold.rs	FnMutDelegate	crates/hir-ty/src/next_solver/region.rs	Region
crates/hir-ty/src/next_solver/fold.rs	FnMutDelegate	crates/hir-ty/src/next_solver/ty.rs	Ty
crates/hir-ty/src/next_solver/format_proof_tree.rs	CandidateData	crates/hir-ty/src/next_solver/format_proof_tree.rs	ProofTreeData
crates/hir-ty/src/next_solver/format_proof_tree.rs	CandidateData	crates/intern/src/symbol/symbols.rs	
crates/hir-ty/src/next_solver/format_proof_tree.rs	ProofTreeData	crates/hir-ty/src/next_solver/format_proof_tree.rs	CandidateData
crates/hir-ty/src/next_solver/format_proof_tree.rs	ProofTreeSerializer	crates/hir-ty/src/next_solver/infer/mod.rs	InferCtxt
crates/hir-ty/src/next_solver/fulfill.rs	FulfillmentCtxt	crates/hir-ty/src/next_solver/fulfill.rs	ObligationStorage
crates/hir-ty/src/next_solver/fulfill.rs	StalledOnCoroutines	crates/hir-ty/src/next_solver/def_id.rs	SolverDefId
crates/hir-ty/src/next_solver/fulfill.rs	StalledOnCoroutines	crates/hir-ty/src/next_solver/inspect.rs	ProofTreeVisitor
crates/hir-ty/src/next_solver/fulfill.rs	StalledOnCoroutines	crates/hir-ty/src/next_solver/ty.rs	Ty
crates/hir-ty/src/next_solver/generic_arg.rs	GenericArg	crates/hir-ty/src/next_solver/generic_arg.rs	GenericArgImpl
crates/hir-ty/src/next_solver/generic_arg.rs	GenericArg	crates/intern/src/symbol/symbols.rs	
crates/hir-ty/src/next_solver/generic_arg.rs	GenericArgImpl	crates/hir-ty/src/next_solver/region.rs	Region
crates/hir-ty/src/next_solver/generic_arg.rs	GenericArgImpl	crates/hir-ty/src/next_solver/ty.rs	Ty
crates/hir-ty/src/next_solver/generic_arg.rs	StoredGenericArg	crates/hir-ty/src/next_solver/generic_arg.rs	GenericArgImpl
crates/hir-ty/src/next_solver/generic_arg.rs	StoredGenericArg	crates/intern/src/symbol/symbols.rs	
crates/hir-ty/src/next_solver/generic_arg.rs	Term	crates/hir-ty/src/next_solver/generic_arg.rs	GenericArgImpl
crates/hir-ty/src/next_solver/generic_arg.rs	Term	crates/intern/src/symbol/symbols.rs	
crates/hir-ty/src/next_solver/generic_arg.rs	TermVid	crates/intern/src/symbol/symbols.rs	
crates/hir-ty/src/next_solver/generics.rs	Generics	crates/hir-def/src/lib.rs	GenericParamId
crates/hir-ty/src/next_solver/generics.rs	Generics	crates/intern/src/symbol/symbols.rs	
crates/hir-ty/src/next_solver/infer/at.rs	At	crates/hir-ty/src/next_solver/infer/mod.rs	InferCtxt
crates/hir-ty/src/next_solver/infer/at.rs	At	crates/hir-ty/src/next_solver/infer/traits.rs	ObligationCause
crates/hir-ty/src/next_solver/infer/at.rs	At	crates/hir-ty/src/next_solver/predicate.rs	ParamEnv
crates/hir-ty/src/next_solver/infer/canonical/canonicalizer.rs	CanonicalizeAllFreeRegions	crates/hir-ty/src/next_solver/infer/canonical/canonicalizer.rs	CanonicalizeMode
crates/hir-ty/src/next_solver/infer/canonical/canonicalizer.rs	CanonicalizeQueryResponse	crates/hir-ty/src/next_solver/infer/canonical/canonicalizer.rs	CanonicalizeMode
crates/hir-ty/src/next_solver/infer/canonical/canonicalizer.rs	CanonicalizeUserTypeAnnotation	crates/hir-ty/src/next_solver/infer/canonical/canonicalizer.rs	CanonicalizeMode
crates/hir-ty/src/next_solver/infer/canonical/canonicalizer.rs	Canonicalizer	crates/hir-ty/src/next_solver/generic_arg.rs	GenericArg
crates/hir-ty/src/next_solver/infer/canonical/canonicalizer.rs	Canonicalizer	crates/hir-ty/src/next_solver/infer/canonical/canonicalizer.rs	CanonicalizeMode
crates/hir-ty/src/next_solver/infer/canonical/canonicalizer.rs	Canonicalizer	crates/hir-ty/src/next_solver/infer/canonical/canonicalizer.rs	OriginalQueryValues
crates/hir-ty/src/next_solver/infer/canonical/canonicalizer.rs	Canonicalizer	crates/hir-ty/src/next_solver/infer/mod.rs	InferCtxt
crates/hir-ty/src/next_solver/infer/canonical/canonicalizer.rs	Canonicalizer	crates/hir-ty/src/next_solver/interner.rs	DbInterner
crates/hir-ty/src/next_solver/infer/canonical/canonicalizer.rs	OriginalQueryValues	crates/hir-ty/src/next_solver/generic_arg.rs	GenericArg
crates/hir-ty/src/next_solver/infer/canonical/canonicalizer.rs	OriginalQueryValues	crates/intern/src/symbol/symbols.rs	
crates/hir-ty/src/next_solver/infer/canonical/instantiate.rs	CanonicalInstantiator	crates/hir-ty/src/next_solver/generic_arg.rs	GenericArg
crates/hir-ty/src/next_solver/infer/canonical/instantiate.rs	CanonicalInstantiator	crates/hir-ty/src/next_solver/interner.rs	DbInterner
crates/hir-ty/src/next_solver/infer/canonical/instantiate.rs	CanonicalInstantiator	crates/hir-ty/src/next_solver/ty.rs	Ty
crates/hir-ty/src/next_solver/infer/canonical/mod.rs	QueryResponse	crates/hir-ty/src/next_solver/infer/canonical/mod.rs	QueryRegionConstraints
crates/hir-ty/src/next_solver/infer/canonical/mod.rs	QueryResponse	crates/hir-ty/src/next_solver/ty.rs	Ty
crates/hir-ty/src/next_solver/infer/errors.rs	BestObligation	crates/hir-ty/src/next_solver/inspect.rs	ProofTreeVisitor
crates/hir-ty/src/next_solver/infer/errors.rs	BestObligation	crates/hir-ty/src/next_solver/predicate.rs	Predicate
crates/hir-ty/src/next_solver/infer/errors.rs	FulfillmentError	crates/hir-ty/src/next_solver/infer/errors.rs	FulfillmentErrorCode
crates/hir-ty/src/next_solver/infer/errors.rs	FulfillmentError	crates/hir-ty/src/next_solver/predicate.rs	Predicate
crates/hir-ty/src/next_solver/infer/mod.rs	InferCtxt	crates/hir-ty/src/next_solver/infer/mod.rs	InferCtxtInner
crates/hir-ty/src/next_solver/infer/mod.rs	InferCtxt	crates/hir-ty/src/next_solver/interner.rs	DbInterner
crates/hir-ty/src/next_solver/infer/mod.rs	InferCtxt	crates/hir-ty/src/next_solver/ty.rs	ErrorGuaranteed
crates/hir-ty/src/next_solver/infer/mod.rs	InferCtxt	crates/intern/src/symbol/symbols.rs	
crates/hir-ty/src/next_solver/infer/mod.rs	InferCtxtBuilder	crates/hir-ty/src/next_solver/interner.rs	DbInterner
crates/hir-ty/src/next_solver/infer/mod.rs	InferCtxtInner	crates/hir-ty/src/next_solver/infer/mod.rs	TypeOutlivesConstraint
crates/hir-ty/src/next_solver/infer/mod.rs	InferCtxtInner	crates/hir-ty/src/next_solver/infer/opaque_types/table.rs	OpaqueTypeStorage
crates/hir-ty/src/next_solver/infer/mod.rs	InferCtxtInner	crates/hir-ty/src/next_solver/infer/region_constraints/mod.rs	RegionConstraintStorage
crates/hir-ty/src/next_solver/infer/mod.rs	InferCtxtInner	crates/hir-ty/src/next_solver/infer/snapshot/undo_log.rs	InferCtxtUndoLogs
crates/hir-ty/src/next_solver/infer/mod.rs	InferCtxtInner	crates/hir-ty/src/next_solver/infer/unify_key.rs	ConstVidKey
crates/hir-ty/src/next_solver/infer/mod.rs	InferCtxtInner	crates/intern/src/symbol/symbols.rs	
crates/hir-ty/src/next_solver/infer/mod.rs	MemberConstraint	crates/hir-ty/src/next_solver/region.rs	Region
crates/hir-ty/src/next_solver/infer/mod.rs	MemberConstraint	crates/hir-ty/src/next_solver/ty.rs	Ty
crates/hir-ty/src/next_solver/infer/mod.rs	TypeOutlivesConstraint	crates/hir-ty/src/next_solver/region.rs	Region
crates/hir-ty/src/next_solver/infer/mod.rs	TypeOutlivesConstraint	crates/hir-ty/src/next_solver/ty.rs	Ty
crates/hir-ty/src/next_solver/infer/mod.rs	TypeTrace	crates/hir-ty/src/next_solver/infer/mod.rs	ValuePairs
crates/hir-ty/src/next_solver/infer/mod.rs	TypeTrace	crates/hir-ty/src/next_solver/infer/traits.rs	ObligationCause
crates/hir-ty/src/next_solver/infer/opaque_types/mod.rs	OpaqueHiddenType	crates/hir-ty/src/next_solver/ty.rs	Ty
crates/hir-ty/src/next_solver/infer/opaque_types/table.rs	OpaqueTypeStorage	crates/hir-ty/src/next_solver/infer/opaque_types/mod.rs	OpaqueHiddenType
crates/hir-ty/src/next_solver/infer/opaque_types/table.rs	OpaqueTypeTable	crates/hir-ty/src/next_solver/infer/opaque_types/table.rs	OpaqueTypeStorage
crates/hir-ty/src/next_solver/infer/opaque_types/table.rs	OpaqueTypeTable	crates/hir-ty/src/next_solver/infer/snapshot/undo_log.rs	InferCtxtUndoLogs
crates/hir-ty/src/next_solver/infer/region_constraints/mod.rs	RegionConstraintCollector	crates/hir-ty/src/next_solver/infer/region_constraints/mod.rs	RegionConstraintStorage
crates/hir-ty/src/next_solver/infer/region_constraints/mod.rs	RegionConstraintCollector	crates/hir-ty/src/next_solver/infer/snapshot/undo_log.rs	InferCtxtUndoLogs
crates/hir-ty/src/next_solver/infer/region_constraints/mod.rs	RegionConstraintData	crates/hir-ty/src/next_solver/infer/mod.rs	MemberConstraint
crates/hir-ty/src/next_solver/infer/region_constraints/mod.rs	RegionConstraintData	crates/hir-ty/src/next_solver/infer/region_constraints/mod.rs	Constraint
crates/hir-ty/src/next_solver/infer/region_constraints/mod.rs	RegionConstraintData	crates/hir-ty/src/next_solver/infer/region_constraints/mod.rs	Verify
crates/hir-ty/src/next_solver/infer/region_constraints/mod.rs	RegionConstraintStorage	crates/hir-ty/src/next_solver/infer/region_constraints/mod.rs	RegionConstraintData
crates/hir-ty/src/next_solver/infer/region_constraints/mod.rs	RegionConstraintStorage	crates/hir-ty/src/next_solver/infer/region_constraints/mod.rs	RegionVariableInfo
crates/hir-ty/src/next_solver/infer/region_constraints/mod.rs	RegionConstraintStorage	crates/hir-ty/src/next_solver/infer/unify_key.rs	RegionVidKey
crates/hir-ty/src/next_solver/infer/region_constraints/mod.rs	TwoRegions	crates/hir-ty/src/next_solver/region.rs	Region
crates/hir-ty/src/next_solver/infer/region_constraints/mod.rs	Verify	crates/hir-ty/src/next_solver/infer/region_constraints/mod.rs	GenericKind
crates/hir-ty/src/next_solver/infer/region_constraints/mod.rs	Verify	crates/hir-ty/src/next_solver/infer/region_constraints/mod.rs	VerifyBound
crates/hir-ty/src/next_solver/infer/region_constraints/mod.rs	Verify	crates/hir-ty/src/next_solver/region.rs	Region
crates/hir-ty/src/next_solver/infer/region_constraints/mod.rs	VerifyIfEq	crates/hir-ty/src/next_solver/region.rs	Region
crates/hir-ty/src/next_solver/infer/region_constraints/mod.rs	VerifyIfEq	crates/hir-ty/src/next_solver/ty.rs	Ty
crates/hir-ty/src/next_solver/infer/relate/generalize.rs	Generalizer	crates/hir-ty/src/next_solver/generic_arg.rs	Term
crates/hir-ty/src/next_solver/infer/relate/generalize.rs	Generalizer	crates/hir-ty/src/next_solver/generic_arg.rs	TermVid
crates/hir-ty/src/next_solver/infer/relate/generalize.rs	Generalizer	crates/hir-ty/src/next_solver/infer/mod.rs	InferCtxt
crates/hir-ty/src/next_solver/infer/relate/generalize.rs	Generalizer	crates/hir-ty/src/next_solver/ty.rs	Ty
crates/hir-ty/src/next_solver/infer/relate/lattice.rs	LatticeOp	crates/hir-ty/src/next_solver/infer/mod.rs	InferCtxt
crates/hir-ty/src/next_solver/infer/relate/lattice.rs	LatticeOp	crates/hir-ty/src/next_solver/infer/mod.rs	TypeTrace
crates/hir-ty/src/next_solver/infer/relate/lattice.rs	LatticeOp	crates/hir-ty/src/next_solver/infer/relate/lattice.rs	LatticeOpKind
crates/hir-ty/src/next_solver/infer/relate/lattice.rs	LatticeOp	crates/hir-ty/src/next_solver/predicate.rs	ParamEnv
crates/hir-ty/src/next_solver/infer/resolve.rs	OpportunisticVarResolver	crates/hir-ty/src/next_solver/infer/mod.rs	InferCtxt
crates/hir-ty/src/next_solver/infer/resolve.rs	OpportunisticVarResolver	crates/hir-ty/src/next_solver/ty.rs	Ty
crates/hir-ty/src/next_solver/infer/resolve.rs	ReplaceInferWithError	crates/hir-ty/src/next_solver/interner.rs	DbInterner
crates/hir-ty/src/next_solver/infer/select.rs	ImplSourceUserDefinedData	crates/hir-def/src/expr_store/path.rs	GenericArgs
crates/hir-ty/src/next_solver/infer/select.rs	ImplSourceUserDefinedData	crates/hir-ty/src/next_solver/def_id.rs	AnyImplId
crates/hir-ty/src/next_solver/infer/select.rs	Select	crates/hir-ty/src/next_solver/inspect.rs	ProofTreeVisitor
crates/hir-ty/src/next_solver/infer/snapshot/fudge.rs	InferenceFudger	crates/hir-ty/src/next_solver/infer/mod.rs	InferCtxt
crates/hir-ty/src/next_solver/infer/snapshot/fudge.rs	InferenceFudger	crates/hir-ty/src/next_solver/infer/snapshot/fudge.rs	SnapshotVarData
crates/hir-ty/src/next_solver/infer/snapshot/fudge.rs	SnapshotVarData	crates/intern/src/symbol/symbols.rs	
crates/hir-ty/src/next_solver/infer/snapshot/mod.rs	CombinedSnapshot	crates/hir-ty/src/next_solver/infer/region_constraints/mod.rs	RegionSnapshot
crates/hir-ty/src/next_solver/infer/snapshot/mod.rs	CombinedSnapshot	crates/hir-ty/src/next_solver/infer/snapshot/undo_log.rs	Snapshot
crates/hir-ty/src/next_solver/infer/snapshot/undo_log.rs	InferCtxtUndoLogs	crates/hir-ty/src/next_solver/infer/snapshot/undo_log.rs	UndoLog
crates/hir-ty/src/next_solver/infer/snapshot/undo_log.rs	InferCtxtUndoLogs	crates/intern/src/symbol/symbols.rs	
crates/hir-ty/src/next_solver/infer/traits.rs	Obligation	crates/hir-ty/src/next_solver/infer/traits.rs	ObligationCause
crates/hir-ty/src/next_solver/infer/traits.rs	Obligation	crates/hir-ty/src/next_solver/predicate.rs	ParamEnv
crates/hir-ty/src/next_solver/infer/traits.rs	Obligation	crates/intern/src/symbol/symbols.rs	
crates/hir-ty/src/next_solver/infer/type_variable.rs	TyVidEqKey	crates/hir-ty/src/next_solver/infer/type_variable.rs	TypeVariableValue
crates/hir-ty/src/next_solver/infer/type_variable.rs	TyVidEqKey	crates/intern/src/symbol/symbols.rs	
crates/hir-ty/src/next_solver/infer/type_variable.rs	TyVidSubKey	crates/intern/src/symbol/symbols.rs	
crates/hir-ty/src/next_solver/infer/type_variable.rs	TypeVariableStorage	crates/hir-ty/src/next_solver/infer/type_variable.rs	TyVidEqKey
crates/hir-ty/src/next_solver/infer/type_variable.rs	TypeVariableStorage	crates/hir-ty/src/next_solver/infer/type_variable.rs	TyVidSubKey
crates/hir-ty/src/next_solver/infer/type_variable.rs	TypeVariableTable	crates/hir-ty/src/next_solver/infer/snapshot/undo_log.rs	InferCtxtUndoLogs
crates/hir-ty/src/next_solver/infer/type_variable.rs	TypeVariableTable	crates/hir-ty/src/next_solver/infer/type_variable.rs	TypeVariableStorage
crates/hir-ty/src/next_solver/infer/type_variable.rs	UndoLog	crates/intern/src/symbol/symbols.rs	
crates/hir-ty/src/next_solver/infer/unify_key.rs	ConstVidKey	crates/intern/src/symbol/symbols.rs	
crates/hir-ty/src/next_solver/infer/unify_key.rs	RegionVidKey	crates/hir-ty/src/next_solver/infer/unify_key.rs	RegionVariableValue
crates/hir-ty/src/next_solver/infer/unify_key.rs	RegionVidKey	crates/intern/src/symbol/symbols.rs	
crates/hir-ty/src/next_solver/inspect.rs	InspectCandidate	crates/hir-ty/src/next_solver/inspect.rs	InspectGoal
crates/hir-ty/src/next_solver/inspect.rs	InspectCandidate	crates/hir-ty/src/next_solver/interner.rs	DbInterner
crates/hir-ty/src/next_solver/inspect.rs	InspectGoal	crates/hir-ty/src/next_solver/generic_arg.rs	GenericArg
crates/hir-ty/src/next_solver/inspect.rs	InspectGoal	crates/hir-ty/src/next_solver/inspect.rs	NormalizesToTermHack
crates/hir-ty/src/next_solver/inspect.rs	InspectGoal	crates/hir-ty/src/next_solver/interner.rs	DbInterner
crates/hir-ty/src/next_solver/inspect.rs	InspectGoal	crates/hir-ty/src/next_solver/predicate.rs	Predicate
crates/hir-ty/src/next_solver/inspect.rs	InspectGoal	crates/hir-ty/src/next_solver/solver.rs	SolverContext
crates/hir-ty/src/next_solver/inspect.rs	InspectGoal	crates/intern/src/symbol/symbols.rs	
crates/hir-ty/src/next_solver/inspect.rs	NormalizesToTermHack	crates/hir-ty/src/next_solver/generic_arg.rs	Term
crates/hir-ty/src/next_solver/interner.rs	AdtDef	crates/hir-ty/src/next_solver/interner.rs	AdtDefInner
crates/hir-ty/src/next_solver/interner.rs	Attached	crates/hir-ty/src/db.rs	HirDatabase
crates/hir-ty/src/next_solver/interner.rs	Attached	crates/intern/src/symbol/symbols.rs	
crates/hir-ty/src/next_solver/interner.rs	Cache	crates/base-db/src/lib.rs	Nonce
crates/hir-ty/src/next_solver/interner.rs	Cache	crates/hir-ty/src/next_solver/interner.rs	DbInterner
crates/hir-ty/src/next_solver/interner.rs	DbInterner	crates/base-db/src/input.rs	Crate
crates/hir-ty/src/next_solver/interner.rs	DbInterner	crates/hir-ty/src/db.rs	HirDatabase
crates/hir-ty/src/next_solver/interner.rs	DbInterner	crates/intern/src/symbol/symbols.rs	
crates/hir-ty/src/next_solver/interner.rs	Pattern	crates/hir-ty/src/next_solver/interner.rs	PatternInterned
crates/hir-ty/src/next_solver/interner.rs	Pattern	crates/hir-ty/src/next_solver/interner.rs	WorldExposer
crates/hir-ty/src/next_solver/interner.rs	Pattern	crates/intern/src/intern.rs	InternedRef
crates/hir-ty/src/next_solver/interner.rs	Tracked	crates/intern/src/symbol/symbols.rs	
crates/hir-ty/src/next_solver/normalize.rs	DeeplyNormalizeForDiagnosticsFolder	crates/hir-ty/src/next_solver/infer/at.rs	At
crates/hir-ty/src/next_solver/normalize.rs	NormalizationFolder	crates/hir-ty/src/next_solver/fulfill.rs	FulfillmentCtxt
crates/hir-ty/src/next_solver/normalize.rs	NormalizationFolder	crates/hir-ty/src/next_solver/infer/at.rs	At
crates/hir-ty/src/next_solver/normalize.rs	NormalizationFolder	crates/hir-ty/src/next_solver/predicate.rs	Predicate
crates/hir-ty/src/next_solver/normalize.rs	NormalizationFolder	crates/intern/src/symbol/symbols.rs	
crates/hir-ty/src/next_solver/obligation_ctxt.rs	ObligationCtxt	crates/hir-ty/src/next_solver/fulfill.rs	FulfillmentCtxt
crates/hir-ty/src/next_solver/obligation_ctxt.rs	ObligationCtxt	crates/hir-ty/src/next_solver/infer/mod.rs	InferCtxt
crates/hir-ty/src/next_solver/opaques.rs	ExternalConstraints	crates/hir-ty/src/next_solver/opaques.rs	ExternalConstraintsInterned
crates/hir-ty/src/next_solver/opaques.rs	ExternalConstraints	crates/intern/src/intern.rs	InternedRef
crates/hir-ty/src/next_solver/predicate.rs	Clause	crates/hir-ty/src/next_solver/predicate.rs	Predicate
crates/hir-ty/src/next_solver/predicate.rs	Clauses	crates/intern/src/intern_slice.rs	InternedSliceRef
crates/hir-ty/src/next_solver/predicate.rs	Clauses	crates/intern/src/symbol/symbols.rs	
crates/hir-ty/src/next_solver/predicate.rs	ParamEnv	crates/hir-ty/src/next_solver/predicate.rs	Clauses
crates/hir-ty/src/next_solver/predicate.rs	ParamEnvAnd	crates/hir-ty/src/next_solver/predicate.rs	ParamEnv
crates/hir-ty/src/next_solver/predicate.rs	Predicate	crates/hir-ty/src/next_solver/predicate.rs	PredicateInterned
crates/hir-ty/src/next_solver/predicate.rs	Predicate	crates/intern/src/intern.rs	InternedRef
crates/hir-ty/src/next_solver/region.rs	EarlyParamRegion	crates/hir-def/src/lib.rs	LifetimeParamId
crates/hir-ty/src/next_solver/region.rs	LateParamRegion	crates/hir-ty/src/next_solver/def_id.rs	SolverDefId
crates/hir-ty/src/next_solver/region.rs	Region	crates/hir-ty/src/next_solver/region.rs	RegionInterned
crates/hir-ty/src/next_solver/region.rs	Region	crates/intern/src/intern.rs	InternedRef
crates/hir-ty/src/next_solver/solver.rs	SolverContext	crates/hir-ty/src/next_solver/infer/mod.rs	InferCtxt
crates/hir-ty/src/next_solver/solver.rs	SolverContext	crates/intern/src/symbol/symbols.rs	
crates/hir-ty/src/next_solver/ty.rs	ParamTy	crates/hir-def/src/lib.rs	TypeParamId
crates/hir-ty/src/next_solver/ty.rs	Ty	crates/hir-ty/src/next_solver/ty.rs	TyInterned
crates/hir-ty/src/next_solver/ty.rs	Ty	crates/intern/src/intern.rs	InternedRef
crates/hir-ty/src/next_solver/util.rs	BottomUpFolder	crates/hir-ty/src/next_solver/interner.rs	DbInterner
crates/hir-ty/src/next_solver/util.rs	Discr	crates/hir-ty/src/next_solver/ty.rs	Ty
crates/hir-ty/src/next_solver/util.rs	MaxUniverse	crates/intern/src/symbol/symbols.rs	
crates/hir-ty/src/next_solver/util.rs	PlaceholderReplacer	crates/hir-ty/src/next_solver/infer/mod.rs	InferCtxt
crates/hir-ty/src/next_solver/util.rs	PlaceholderReplacer	crates/intern/src/symbol/symbols.rs	
crates/hir-ty/src/solver_errors.rs	SolverDiagnostic	crates/hir-ty/src/solver_errors.rs	SolverDiagnosticKind
crates/hir-ty/src/solver_errors.rs	StoredTraitPredicate	crates/hir-ty/src/next_solver/binder.rs	StoredTraitRef
crates/hir-ty/src/solver_errors.rs	StoredTraitPredicate	crates/hir/src/lib.rs	PredicatePolarity
crates/hir-ty/src/test_db.rs	TestDB	crates/base-db/src/input.rs	CratesMap
crates/hir-ty/src/test_db.rs	TestDB	crates/base-db/src/lib.rs	Nonce
crates/hir-ty/src/test_db.rs	TestDB	crates/base-db/src/lib.rs	SourceDatabase
crates/hir-ty/src/test_db.rs	TestDB	crates/intern/src/symbol/symbols.rs	
crates/hir-ty/src/traits.rs	ParamEnvAndCrate	crates/base-db/src/input.rs	Crate
crates/hir-ty/src/traits.rs	ParamEnvAndCrate	crates/hir-ty/src/next_solver/predicate.rs	ParamEnv
crates/hir-ty/src/traits.rs	StoredParamEnvAndCrate	crates/base-db/src/input.rs	Crate
crates/hir-ty/src/upvars.rs	Upvars	crates/intern/src/symbol/symbols.rs	
crates/hir-ty/src/upvars.rs	UpvarsMentionedVisitor	crates/hir-def/src/expr_store.rs	ExpressionStore
crates/hir-ty/src/upvars.rs	UpvarsMentionedVisitor	crates/hir-def/src/expr_store.rs	StoreVisitor
crates/hir-ty/src/upvars.rs	UpvarsMentionedVisitor	crates/hir-def/src/lib.rs	ExpressionStoreOwnerId
crates/hir-ty/src/upvars.rs	UpvarsMentionedVisitor	crates/hir-def/src/resolver.rs	Resolver
crates/hir-ty/src/upvars.rs	UpvarsMentionedVisitor	crates/hir-ty/src/db.rs	HirDatabase
crates/hir-ty/src/upvars.rs	UpvarsMentionedVisitor	crates/hir-ty/src/upvars.rs	Upvars
crates/hir-ty/src/upvars.rs	UpvarsMentionedVisitor	crates/intern/src/symbol/symbols.rs	
crates/hir-ty/src/utils.rs	EnumerateAndAdjust	crates/intern/src/symbol/symbols.rs	
crates/hir-ty/src/variance.rs	Context	crates/hir-ty/src/db.rs	HirDatabase
crates/hir-ty/src/variance.rs	Context	crates/intern/src/symbol/symbols.rs	
crates/hir/src/attrs.rs	AttrsWithOwner	crates/hir/src/attrs.rs	AttrsOwner
crates/hir/src/diagnostics.rs	AwaitOutsideOfAsync	crates/syntax/src/ptr.rs	AstPtr
crates/hir/src/diagnostics.rs	BadRtn	crates/syntax/src/ptr.rs	AstPtr
crates/hir/src/diagnostics.rs	DuplicateField	crates/syntax/src/ptr.rs	AstPtr
crates/hir/src/diagnostics.rs	ElidedLifetimesInPath	crates/hir/src/lib.rs	GenericDef
crates/hir/src/diagnostics.rs	ElidedLifetimesInPath	crates/syntax/src/ptr.rs	AstPtr
crates/hir/src/diagnostics.rs	ExplicitDropMethodUse	crates/syntax/src/ptr.rs	AstPtr
crates/hir/src/diagnostics.rs	FruInDestructuringAssignment	crates/syntax/src/ptr.rs	AstPtr
crates/hir/src/diagnostics.rs	GenericArgsProhibited	crates/hir-ty/src/lower/diagnostics.rs	GenericArgsProhibitedReason
crates/hir/src/diagnostics.rs	GenericArgsProhibited	crates/syntax/src/ptr.rs	AstPtr
crates/hir/src/diagnostics.rs	GenericDefaultRefersToSelf	crates/syntax/src/ptr.rs	AstPtr
crates/hir/src/diagnostics.rs	InactiveCode	crates/cfg/src/cfg_expr.rs	CfgExpr
crates/hir/src/diagnostics.rs	InactiveCode	crates/cfg/src/lib.rs	CfgOptions
crates/hir/src/diagnostics.rs	IncoherentImpl	crates/hir-expand/src/lib.rs	HirFileId
crates/hir/src/diagnostics.rs	IncoherentImpl	crates/syntax/src/ptr.rs	AstPtr
crates/hir/src/diagnostics.rs	IncorrectGenericsLen	crates/hir-ty/src/lower/diagnostics.rs	IncorrectGenericsLenKind
crates/hir/src/diagnostics.rs	IncorrectGenericsLen	crates/hir/src/lib.rs	GenericDef
crates/hir/src/diagnostics.rs	IncorrectGenericsLen	crates/syntax/src/ptr.rs	AstPtr
crates/hir/src/diagnostics.rs	IncorrectGenericsOrder	crates/hir/src/diagnostics.rs	GenericArgKind
crates/hir/src/diagnostics.rs	IncorrectGenericsOrder	crates/syntax/src/ptr.rs	AstPtr
crates/hir/src/diagnostics.rs	InvalidCast	crates/hir-ty/src/infer/cast.rs	CastError
crates/hir/src/diagnostics.rs	InvalidLhsOfAssignment	crates/syntax/src/ptr.rs	AstPtr
crates/hir/src/diagnostics.rs	MacroDefError	crates/intern/src/symbol/symbols.rs	
crates/hir/src/diagnostics.rs	MacroDefError	crates/syntax/src/ptr.rs	AstPtr
crates/hir/src/diagnostics.rs	MacroExpansionParseError	crates/syntax/src/syntax_error.rs	SyntaxError
crates/hir/src/diagnostics.rs	MissingFields	crates/hir-expand/src/lib.rs	HirFileId
crates/hir/src/diagnostics.rs	MissingFields	crates/hir-expand/src/name.rs	Name
crates/hir/src/diagnostics.rs	MissingFields	crates/intern/src/symbol/symbols.rs	
crates/hir/src/diagnostics.rs	MissingFields	crates/syntax/src/ptr.rs	AstPtr
crates/hir/src/diagnostics.rs	MissingLifetime	crates/hir/src/lib.rs	GenericDef
crates/hir/src/diagnostics.rs	MissingLifetime	crates/syntax/src/ptr.rs	AstPtr
crates/hir/src/diagnostics.rs	MissingMatchArms	crates/syntax/src/ptr.rs	AstPtr
crates/hir/src/diagnostics.rs	MissingUnsafe	crates/hir-ty/src/diagnostics/unsafe_check.rs	UnsafetyReason
crates/hir/src/diagnostics.rs	MissingUnsafe	crates/hir/src/diagnostics.rs	UnsafeLint
crates/hir/src/diagnostics.rs	NoSuchField	crates/hir-def/src/lib.rs	VariantId
crates/hir/src/diagnostics.rs	NoSuchField	crates/intern/src/symbol/symbols.rs	
crates/hir/src/diagnostics.rs	NoSuchField	crates/syntax/src/ptr.rs	AstPtr
crates/hir/src/diagnostics.rs	NonExhaustiveLet	crates/syntax/src/ptr.rs	AstPtr
crates/hir/src/diagnostics.rs	ParenthesizedGenericArgsWithoutFnTrait	crates/syntax/src/ptr.rs	AstPtr
crates/hir/src/diagnostics.rs	PatternArgInExternFn	crates/syntax/src/ptr.rs	AstPtr
crates/hir/src/diagnostics.rs	RemoveTrailingReturn	crates/syntax/src/ptr.rs	AstPtr
crates/hir/src/diagnostics.rs	RemoveUnnecessaryElse	crates/syntax/src/ptr.rs	AstPtr
crates/hir/src/diagnostics.rs	ReplaceFilterMapNextWithFindMap	crates/hir-expand/src/lib.rs	HirFileId
crates/hir/src/diagnostics.rs	ReplaceFilterMapNextWithFindMap	crates/syntax/src/ptr.rs	AstPtr
crates/hir/src/diagnostics.rs	ReturnOutsideFunction	crates/hir-ty/src/infer.rs	ReturnKind
crates/hir/src/diagnostics.rs	SpanAst	crates/intern/src/symbol/symbols.rs	
crates/hir/src/diagnostics.rs	TraitImplIncorrectSafety	crates/hir-expand/src/lib.rs	HirFileId
crates/hir/src/diagnostics.rs	TraitImplIncorrectSafety	crates/syntax/src/ptr.rs	AstPtr
crates/hir/src/diagnostics.rs	TraitImplMissingAssocItems	crates/hir-expand/src/lib.rs	HirFileId
crates/hir/src/diagnostics.rs	TraitImplMissingAssocItems	crates/hir-expand/src/name.rs	Name
crates/hir/src/diagnostics.rs	TraitImplMissingAssocItems	crates/syntax/src/ptr.rs	AstPtr
crates/hir/src/diagnostics.rs	TraitImplOrphan	crates/hir-expand/src/lib.rs	HirFileId
crates/hir/src/diagnostics.rs	TraitImplOrphan	crates/syntax/src/ptr.rs	AstPtr
crates/hir/src/diagnostics.rs	TraitImplRedundantAssocItems	crates/hir-expand/src/lib.rs	HirFileId
crates/hir/src/diagnostics.rs	TraitImplRedundantAssocItems	crates/hir-expand/src/name.rs	Name
crates/hir/src/diagnostics.rs	TraitImplRedundantAssocItems	crates/syntax/src/ptr.rs	AstPtr
crates/hir/src/diagnostics.rs	TypeMustBeKnown	crates/intern/src/symbol/symbols.rs	
crates/hir/src/diagnostics.rs	UndeclaredLabel	crates/hir-expand/src/name.rs	Name
crates/hir/src/diagnostics.rs	UndeclaredLabel	crates/syntax/src/ptr.rs	AstPtr
crates/hir/src/diagnostics.rs	UnreachableLabel	crates/hir-expand/src/name.rs	Name
crates/hir/src/diagnostics.rs	UnreachableLabel	crates/syntax/src/ptr.rs	AstPtr
crates/hir/src/diagnostics.rs	UnresolvedExternCrate	crates/syntax/src/ptr.rs	AstPtr
crates/hir/src/diagnostics.rs	UnresolvedField	crates/hir-expand/src/name.rs	Name
crates/hir/src/diagnostics.rs	UnresolvedIdent	crates/intern/src/symbol/symbols.rs	
crates/hir/src/diagnostics.rs	UnresolvedImport	crates/syntax/src/ptr.rs	AstPtr
crates/hir/src/diagnostics.rs	UnresolvedMacroCall	crates/hir-expand/src/mod_path.rs	ModPath
crates/hir/src/diagnostics.rs	UnresolvedMethodCall	crates/hir-expand/src/name.rs	Name
crates/hir/src/diagnostics.rs	UnresolvedMethodCall	crates/intern/src/symbol/symbols.rs	
crates/hir/src/diagnostics.rs	UnresolvedModule	crates/intern/src/symbol/symbols.rs	
crates/hir/src/diagnostics.rs	UnresolvedModule	crates/syntax/src/ptr.rs	AstPtr
crates/hir/src/diagnostics.rs	UnusedMustUse	crates/intern/src/symbol/symbols.rs	
crates/hir/src/lib.rs	Access	crates/intern/src/symbol/symbols.rs	
crates/hir/src/lib.rs	Adjustment	crates/hir/src/lib.rs	Adjust
crates/hir/src/lib.rs	Adjustment	crates/hir/src/lib.rs	Type
crates/hir/src/lib.rs	Adt	crates/hir/src/lib.rs	HasCrate
crates/hir/src/lib.rs	Adt	crates/hir/src/lib.rs	HasVisibility
crates/hir/src/lib.rs	AnonConst	crates/hir-ty/src/db.rs	AnonConstId
crates/hir/src/lib.rs	AnonConst	crates/hir/src/lib.rs	HasCrate
crates/hir/src/lib.rs	AssocItem	crates/hir/src/lib.rs	HasCrate
crates/hir/src/lib.rs	AssocItem	crates/hir/src/lib.rs	HasVisibility
crates/hir/src/lib.rs	AssocItem	crates/intern/src/symbol/symbols.rs	
crates/hir/src/lib.rs	Callable	crates/hir/src/lib.rs	Callee
crates/hir/src/lib.rs	Callable	crates/hir/src/lib.rs	Type
crates/hir/src/lib.rs	CaptureUsageSource	crates/syntax/src/ptr.rs	AstPtr
crates/hir/src/lib.rs	CaptureUsages	crates/hir-def/src/lib.rs	ExpressionStoreOwnerId
crates/hir/src/lib.rs	Closure	crates/hir-def/src/expr_store/path.rs	GenericArgs
crates/hir/src/lib.rs	Closure	crates/hir/src/lib.rs	AnyClosureId
crates/hir/src/lib.rs	Closure	crates/hir/src/lib.rs	TypeOwnerId
crates/hir/src/lib.rs	ClosureCapture	crates/hir-def/src/lib.rs	ExpressionStoreOwnerId
crates/hir/src/lib.rs	ClosureCapture	crates/hir-ty/src/lib.rs	InferBodyId
crates/hir/src/lib.rs	Const	crates/hir/src/lib.rs	AsAssocItem
crates/hir/src/lib.rs	Const	crates/hir/src/lib.rs	HasContainer
crates/hir/src/lib.rs	Const	crates/hir/src/lib.rs	HasCrate
crates/hir/src/lib.rs	Const	crates/hir/src/lib.rs	HasVisibility
crates/hir/src/lib.rs	ConstParam	crates/hir-def/src/lib.rs	ConstParamId
crates/hir/src/lib.rs	Coroutine	crates/hir-ty/src/db.rs	InternedCoroutineId
crates/hir/src/lib.rs	CrateDependency	crates/hir-expand/src/name.rs	Name
crates/hir/src/lib.rs	CrateDependency	crates/hir/src/lib.rs	Crate
crates/hir/src/lib.rs	DefWithBody	crates/hir/src/lib.rs	AsAssocItem
crates/hir/src/lib.rs	DeriveHelper	crates/hir-def/src/lib.rs	MacroId
crates/hir/src/lib.rs	Enum	crates/hir/src/lib.rs	HasContainer
crates/hir/src/lib.rs	Enum	crates/hir/src/lib.rs	HasCrate
crates/hir/src/lib.rs	Enum	crates/hir/src/lib.rs	HasVisibility
crates/hir/src/lib.rs	EnumVariant	crates/hir/src/lib.rs	HasCrate
crates/hir/src/lib.rs	EnumVariant	crates/hir/src/lib.rs	HasVisibility
crates/hir/src/lib.rs	EvaluatedConst	crates/hir-ty/src/lib.rs	InferBodyId
crates/hir/src/lib.rs	EvaluatedConst	crates/hir-ty/src/next_solver/ty.rs	Ty
crates/hir/src/lib.rs	ExpressionStoreOwner	crates/intern/src/symbol/symbols.rs	
crates/hir/src/lib.rs	ExternBlock	crates/hir/src/lib.rs	HasContainer
crates/hir/src/lib.rs	ExternCrateDecl	crates/hir/src/lib.rs	HasContainer
crates/hir/src/lib.rs	ExternCrateDecl	crates/hir/src/lib.rs	HasVisibility
crates/hir/src/lib.rs	Field	crates/hir/src/lib.rs	HasCrate
crates/hir/src/lib.rs	Field	crates/hir/src/lib.rs	HasVisibility
crates/hir/src/lib.rs	Field	crates/hir/src/lib.rs	Variant
crates/hir/src/lib.rs	FieldSource	crates/syntax/src/ast.rs	AstNode
crates/hir/src/lib.rs	FnTrait	crates/intern/src/symbol/symbols.rs	
crates/hir/src/lib.rs	Function	crates/hir/src/lib.rs	AnyFunctionId
crates/hir/src/lib.rs	Function	crates/hir/src/lib.rs	AsAssocItem
crates/hir/src/lib.rs	Function	crates/hir/src/lib.rs	AsExternAssocItem
crates/hir/src/lib.rs	Function	crates/hir/src/lib.rs	HasContainer
crates/hir/src/lib.rs	Function	crates/hir/src/lib.rs	HasCrate
crates/hir/src/lib.rs	Function	crates/hir/src/lib.rs	HasVisibility
crates/hir/src/lib.rs	GenericDef	crates/hir/src/lib.rs	AsAssocItem
crates/hir/src/lib.rs	GenericSubstitution	crates/hir-def/src/expr_store/path.rs	GenericArgs
crates/hir/src/lib.rs	GenericSubstitution	crates/hir-def/src/lib.rs	GenericDefId
crates/hir/src/lib.rs	GenericSubstitution	crates/hir/src/lib.rs	TypeOwnerId
crates/hir/src/lib.rs	Impl	crates/hir-ty/src/next_solver/def_id.rs	AnyImplId
crates/hir/src/lib.rs	Impl	crates/hir/src/lib.rs	HasCrate
crates/hir/src/lib.rs	InlineAsmOperand	crates/hir-def/src/lib.rs	ExpressionStoreOwnerId
crates/hir/src/lib.rs	ItemInNs	crates/intern/src/symbol/symbols.rs	
crates/hir/src/lib.rs	Label	crates/hir-def/src/lib.rs	ExpressionStoreOwnerId
crates/hir/src/lib.rs	LifetimeParam	crates/hir-def/src/lib.rs	LifetimeParamId
crates/hir/src/lib.rs	Local	crates/hir-def/src/lib.rs	ExpressionStoreOwnerId
crates/hir/src/lib.rs	Local	crates/hir-ty/src/lib.rs	InferBodyId
crates/hir/src/lib.rs	Local	crates/hir/src/lib.rs	HasName
crates/hir/src/lib.rs	Local	crates/intern/src/symbol/symbols.rs	
crates/hir/src/lib.rs	LocalSource	crates/hir/src/lib.rs	Local
crates/hir/src/lib.rs	Macro	crates/hir-def/src/lib.rs	MacroId
crates/hir/src/lib.rs	Macro	crates/hir/src/lib.rs	HasCrate
crates/hir/src/lib.rs	Macro	crates/hir/src/lib.rs	HasVisibility
crates/hir/src/lib.rs	Module	crates/hir/src/lib.rs	HasContainer
crates/hir/src/lib.rs	Module	crates/hir/src/lib.rs	HasCrate
crates/hir/src/lib.rs	Module	crates/hir/src/lib.rs	HasVisibility
crates/hir/src/lib.rs	ModuleDef	crates/hir/src/attrs.rs	HasAttrs
crates/hir/src/lib.rs	ModuleDef	crates/hir/src/lib.rs	AsAssocItem
crates/hir/src/lib.rs	ModuleDef	crates/hir/src/lib.rs	HasCrate
crates/hir/src/lib.rs	ModuleDef	crates/hir/src/lib.rs	HasVisibility
crates/hir/src/lib.rs	OverloadedDeref	crates/hir-def/src/hir/type_ref.rs	Mutability
crates/hir/src/lib.rs	Param	crates/hir/src/lib.rs	Callee
crates/hir/src/lib.rs	Param	crates/hir/src/lib.rs	HasName
crates/hir/src/lib.rs	Param	crates/hir/src/lib.rs	Type
crates/hir/src/lib.rs	PredicateEvaluationResult	crates/hir/src/lib.rs	PredicateEvaluationStatus
crates/hir/src/lib.rs	SelfParam	crates/hir/src/lib.rs	Function
crates/hir/src/lib.rs	Static	crates/hir/src/lib.rs	AsExternAssocItem
crates/hir/src/lib.rs	Static	crates/hir/src/lib.rs	HasContainer
crates/hir/src/lib.rs	Static	crates/hir/src/lib.rs	HasCrate
crates/hir/src/lib.rs	Static	crates/hir/src/lib.rs	HasVisibility
crates/hir/src/lib.rs	Struct	crates/hir/src/lib.rs	HasContainer
crates/hir/src/lib.rs	Struct	crates/hir/src/lib.rs	HasCrate
crates/hir/src/lib.rs	Struct	crates/hir/src/lib.rs	HasVisibility
crates/hir/src/lib.rs	Trait	crates/hir/src/lib.rs	HasContainer
crates/hir/src/lib.rs	Trait	crates/hir/src/lib.rs	HasCrate
crates/hir/src/lib.rs	Trait	crates/hir/src/lib.rs	HasVisibility
crates/hir/src/lib.rs	TraitPredicate	crates/hir/src/lib.rs	TypeOwnerId
crates/hir/src/lib.rs	TraitRef	crates/hir/src/lib.rs	TypeOwnerId
crates/hir/src/lib.rs	TupleField	crates/hir-def/src/lib.rs	TupleId
crates/hir/src/lib.rs	TupleField	crates/hir-ty/src/lib.rs	InferBodyId
crates/hir/src/lib.rs	TupleField	crates/hir/src/lib.rs	HasName
crates/hir/src/lib.rs	Type	crates/hir-ty/src/next_solver/ty.rs	Ty
crates/hir/src/lib.rs	Type	crates/hir/src/lib.rs	HasCrate
crates/hir/src/lib.rs	Type	crates/hir/src/lib.rs	TypeOwnerId
crates/hir/src/lib.rs	Type	crates/intern/src/symbol/symbols.rs	
crates/hir/src/lib.rs	TypeAlias	crates/hir/src/lib.rs	AsAssocItem
crates/hir/src/lib.rs	TypeAlias	crates/hir/src/lib.rs	AsExternAssocItem
crates/hir/src/lib.rs	TypeAlias	crates/hir/src/lib.rs	HasContainer
crates/hir/src/lib.rs	TypeAlias	crates/hir/src/lib.rs	HasCrate
crates/hir/src/lib.rs	TypeAlias	crates/hir/src/lib.rs	HasVisibility
crates/hir/src/lib.rs	TypeOrConstParam	crates/hir-def/src/lib.rs	TypeOrConstParamId
crates/hir/src/lib.rs	TypeParam	crates/hir-def/src/lib.rs	TypeParamId
crates/hir/src/lib.rs	Union	crates/hir/src/lib.rs	HasContainer
crates/hir/src/lib.rs	Union	crates/hir/src/lib.rs	HasCrate
crates/hir/src/lib.rs	Union	crates/hir/src/lib.rs	HasVisibility
crates/hir/src/lib.rs	Variance	crates/intern/src/symbol/symbols.rs	
crates/hir/src/semantics.rs	PathResolutionPerNs	crates/hir/src/semantics.rs	PathResolution
crates/hir/src/semantics.rs	PathResolutionPerNs	crates/intern/src/symbol/symbols.rs	
crates/hir/src/semantics.rs	RenameConflictsVisitor	crates/hir-def/src/expr_store.rs	ExpressionStore
crates/hir/src/semantics.rs	RenameConflictsVisitor	crates/hir-def/src/lib.rs	ExpressionStoreOwnerId
crates/hir/src/semantics.rs	RenameConflictsVisitor	crates/hir-def/src/resolver.rs	Resolver
crates/hir/src/semantics.rs	RenameConflictsVisitor	crates/hir-ty/src/db.rs	HirDatabase
crates/hir/src/semantics.rs	Semantics	crates/hir-ty/src/db.rs	HirDatabase
crates/hir/src/semantics.rs	Semantics	crates/hir/src/semantics.rs	SemanticsImpl
crates/hir/src/semantics.rs	SemanticsImpl	crates/hir-expand/src/lib.rs	MacroCallId
crates/hir/src/semantics.rs	SemanticsImpl	crates/hir-ty/src/db.rs	HirDatabase
crates/hir/src/semantics.rs	SemanticsImpl	crates/hir/src/semantics/source_to_def.rs	SourceToDefCache
crates/hir/src/semantics.rs	SemanticsScope	crates/hir-def/src/resolver.rs	Resolver
crates/hir/src/semantics.rs	SemanticsScope	crates/hir-expand/src/lib.rs	HirFileId
crates/hir/src/semantics.rs	SemanticsScope	crates/hir-ty/src/db.rs	HirDatabase
crates/hir/src/semantics.rs	SemanticsScope	crates/hir-ty/src/lib.rs	InferBodyId
crates/hir/src/semantics.rs	SemanticsScope	crates/intern/src/symbol/symbols.rs	
crates/hir/src/semantics.rs	ToDef	crates/intern/src/symbol/symbols.rs	
crates/hir/src/semantics.rs	ToDef	crates/syntax/src/ast.rs	AstNode
crates/hir/src/semantics.rs	TypeInfo	crates/intern/src/symbol/symbols.rs	
crates/hir/src/semantics/source_to_def.rs	SourceToDefCache	crates/base-db/src/editioned_file_id.rs	EditionedFileId
crates/hir/src/semantics/source_to_def.rs	SourceToDefCache	crates/hir-def/src/dyn_map.rs	DynMap
crates/hir/src/semantics/source_to_def.rs	SourceToDefCache	crates/hir-expand/src/lib.rs	ExpansionInfo
crates/hir/src/semantics/source_to_def.rs	SourceToDefCache	crates/hir-expand/src/lib.rs	HirFileId
crates/hir/src/semantics/source_to_def.rs	SourceToDefCache	crates/hir-expand/src/lib.rs	MacroCallId
crates/hir/src/semantics/source_to_def.rs	SourceToDefCache	crates/hir/src/semantics/source_to_def.rs	ChildContainer
crates/hir/src/semantics/source_to_def.rs	SourceToDefCache	crates/intern/src/symbol/symbols.rs	
crates/hir/src/semantics/source_to_def.rs	SourceToDefCache	crates/vfs/src/lib.rs	FileId
crates/hir/src/semantics/source_to_def.rs	SourceToDefCtx	crates/hir-ty/src/db.rs	HirDatabase
crates/hir/src/semantics/source_to_def.rs	SourceToDefCtx	crates/hir/src/semantics/source_to_def.rs	SourceToDefCache
crates/hir/src/source_analyzer.rs	SourceAnalyzer	crates/hir-def/src/resolver.rs	Resolver
crates/hir/src/source_analyzer.rs	SourceAnalyzer	crates/hir-expand/src/lib.rs	HirFileId
crates/hir/src/source_analyzer.rs	SourceAnalyzer	crates/hir-ty/src/lib.rs	InferBodyId
crates/hir/src/source_analyzer.rs	SourceAnalyzer	crates/hir/src/lib.rs	TypeOwnerId
crates/hir/src/source_analyzer.rs	SourceAnalyzer	crates/hir/src/source_analyzer.rs	BodyOrSig
crates/hir/src/source_analyzer.rs	SourceAnalyzer	crates/intern/src/symbol/symbols.rs	
crates/hir/src/symbols.rs	DeclarationLocation	crates/hir-expand/src/lib.rs	HirFileId
crates/hir/src/symbols.rs	DeclarationLocation	crates/intern/src/symbol/symbols.rs	
crates/hir/src/symbols.rs	DeclarationLocation	crates/syntax/src/ptr.rs	AstPtr
crates/hir/src/symbols.rs	FileSymbol	crates/hir-def/src/lib.rs	Complete
crates/hir/src/symbols.rs	FileSymbol	crates/hir/src/lib.rs	ModuleDef
crates/hir/src/symbols.rs	FileSymbol	crates/hir/src/symbols.rs	DeclarationLocation
crates/hir/src/symbols.rs	FileSymbol	crates/intern/src/symbol/symbols.rs	
crates/hir/src/symbols.rs	SymbolCollector	crates/hir-ty/src/db.rs	HirDatabase
crates/hir/src/symbols.rs	SymbolCollector	crates/hir/src/symbols.rs	FileSymbol
crates/hir/src/symbols.rs	SymbolCollector	crates/hir/src/symbols.rs	SymbolCollectorWork
crates/hir/src/symbols.rs	SymbolCollector	crates/intern/src/symbol/symbols.rs	
crates/hir/src/symbols.rs	SymbolCollectorWork	crates/hir-expand/src/name.rs	Name
crates/hir/src/symbols.rs	SymbolCollectorWork	crates/intern/src/symbol/symbols.rs	
crates/hir/src/term_search.rs	LookupTable	crates/hir/src/term_search.rs	AlternativeExprs
crates/hir/src/term_search.rs	LookupTable	crates/hir/src/term_search.rs	NewTypesKey
crates/hir/src/term_search.rs	TermSearchConfig	crates/intern/src/symbol/symbols.rs	
crates/hir/src/term_search.rs	TermSearchCtx	crates/hir-ty/src/db.rs	HirDatabase
crates/hir/src/term_search.rs	TermSearchCtx	crates/hir/src/semantics.rs	Semantics
crates/hir/src/term_search.rs	TermSearchCtx	crates/hir/src/semantics.rs	SemanticsScope
crates/hir/src/term_search.rs	TermSearchCtx	crates/hir/src/term_search.rs	TermSearchConfig
crates/ide-assists/src/assist_config.rs	AssistConfig	crates/ide-db/src/assists.rs	AssistKind
crates/ide-assists/src/assist_config.rs	AssistConfig	crates/ide-db/src/assists.rs	ExprFillDefaultMode
crates/ide-assists/src/assist_config.rs	AssistConfig	crates/ide-db/src/imports/insert_use.rs	InsertUseConfig
crates/ide-assists/src/assist_config.rs	AssistConfig	crates/ide-db/src/lib.rs	SnippetCap
crates/ide-assists/src/assist_config.rs	AssistConfig	crates/intern/src/symbol/symbols.rs	
crates/ide-assists/src/assist_context.rs	AssistContext	crates/hir/src/semantics.rs	Semantics
crates/ide-assists/src/assist_context.rs	AssistContext	crates/ide-assists/src/assist_config.rs	AssistConfig
crates/ide-assists/src/assist_context.rs	AssistContext	crates/ide-db/src/lib.rs	RootDatabase
crates/ide-assists/src/assist_context.rs	AssistContext	crates/syntax/src/ast/generated/nodes.rs	SourceFile
crates/ide-assists/src/assist_context.rs	Assists	crates/ide-db/src/assists.rs	Assist
crates/ide-assists/src/assist_context.rs	Assists	crates/ide-db/src/assists.rs	AssistKind
crates/ide-assists/src/assist_context.rs	Assists	crates/ide-db/src/assists.rs	AssistResolveStrategy
crates/ide-assists/src/assist_context.rs	Assists	crates/intern/src/symbol/symbols.rs	
crates/ide-assists/src/assist_context.rs	Assists	crates/vfs/src/lib.rs	FileId
crates/ide-assists/src/handlers/add_missing_match_arms.rs	ArmsEdit	crates/intern/src/symbol/symbols.rs	
crates/ide-assists/src/handlers/add_missing_match_arms.rs	ArmsEdit	crates/syntax/src/ast/generated/nodes.rs	MatchArmList
crates/ide-assists/src/handlers/convert_bool_to_enum.rs	BoolNodeData	crates/ide-db/src/defs.rs	Definition
crates/ide-assists/src/handlers/convert_bool_to_enum.rs	BoolNodeData	crates/intern/src/symbol/symbols.rs	
crates/ide-assists/src/handlers/convert_bool_to_enum.rs	FileReferenceWithImport	crates/ide-db/src/imports/insert_use.rs	ImportScope
crates/ide-assists/src/handlers/convert_bool_to_enum.rs	FileReferenceWithImport	crates/intern/src/symbol/symbols.rs	
crates/ide-assists/src/handlers/convert_to_guarded_return.rs	ElseBlock	crates/ide-assists/src/handlers/convert_to_guarded_return.rs	EarlyKind
crates/ide-assists/src/handlers/convert_to_guarded_return.rs	ElseBlock	crates/intern/src/symbol/symbols.rs	
crates/ide-assists/src/handlers/destructure_struct_binding.rs	StructEditData	crates/edition/src/lib.rs	Edition
crates/ide-assists/src/handlers/destructure_struct_binding.rs	StructEditData	crates/ide-assists/src/handlers/destructure_struct_binding.rs	Target
crates/ide-assists/src/handlers/destructure_struct_binding.rs	StructEditData	crates/ide-db/src/search.rs	FileReference
crates/ide-assists/src/handlers/destructure_struct_binding.rs	Target	crates/syntax/src/ast.rs	AstNode
crates/ide-assists/src/handlers/destructure_struct_binding.rs	Target	crates/syntax/src/ast/traits.rs	HasName
crates/ide-assists/src/handlers/destructure_tuple_binding.rs	TupleData	crates/ide-assists/src/handlers/destructure_tuple_binding.rs	RefType
crates/ide-assists/src/handlers/destructure_tuple_binding.rs	TupleData	crates/ide-db/src/search.rs	FileReference
crates/ide-assists/src/handlers/destructure_tuple_binding.rs	TupleData	crates/intern/src/symbol/symbols.rs	
crates/ide-assists/src/handlers/destructure_tuple_binding.rs	TupleData	crates/syntax/src/ast/generated/nodes.rs	IdentPat
crates/ide-assists/src/handlers/destructure_tuple_binding.rs	TupleIndex	crates/syntax/src/ast/generated/nodes.rs	FieldExpr
crates/ide-assists/src/handlers/expand_glob_import.rs	Ref	crates/ide-db/src/defs.rs	Definition
crates/ide-assists/src/handlers/expand_glob_import.rs	Refs	crates/ide-assists/src/handlers/expand_glob_import.rs	Ref
crates/ide-assists/src/handlers/extract_function.rs	ContainerInfo	crates/edition/src/lib.rs	Edition
crates/ide-assists/src/handlers/extract_function.rs	ContainerInfo	crates/intern/src/symbol/symbols.rs	
crates/ide-assists/src/handlers/extract_function.rs	ControlFlow	crates/ide-assists/src/handlers/extract_function.rs	FlowKind
crates/ide-assists/src/handlers/extract_function.rs	ControlFlow	crates/intern/src/symbol/symbols.rs	
crates/ide-assists/src/handlers/extract_function.rs	Function	crates/ide-assists/src/handlers/extract_function.rs	ContainerInfo
crates/ide-assists/src/handlers/extract_function.rs	Function	crates/ide-assists/src/handlers/extract_function.rs	ControlFlow
crates/ide-assists/src/handlers/extract_function.rs	Function	crates/ide-assists/src/handlers/extract_function.rs	FunctionBody
crates/ide-assists/src/handlers/extract_function.rs	Function	crates/ide-assists/src/handlers/extract_function.rs	OutlivedLocal
crates/ide-assists/src/handlers/extract_function.rs	Function	crates/ide-assists/src/handlers/extract_function.rs	Param
crates/ide-assists/src/handlers/extract_function.rs	Function	crates/ide-assists/src/handlers/extract_function.rs	RetType
crates/ide-assists/src/handlers/extract_function.rs	Function	crates/intern/src/symbol/symbols.rs	
crates/ide-assists/src/handlers/flip_binexpr.rs	FlipAction	crates/intern/src/symbol/symbols.rs	
crates/ide-assists/src/handlers/generate_delegate_trait.rs	Field	crates/edition/src/lib.rs	Edition
crates/ide-assists/src/handlers/generate_delegate_trait.rs	Field	crates/ide-assists/src/handlers/generate_delegate_trait.rs	Delegee
crates/ide-assists/src/handlers/generate_from_impl_for_enum.rs	VariantInfo	crates/intern/src/symbol/symbols.rs	
crates/ide-assists/src/handlers/generate_function.rs	FunctionBuilder	crates/edition/src/lib.rs	Edition
crates/ide-assists/src/handlers/generate_function.rs	FunctionBuilder	crates/ide-assists/src/handlers/generate_function.rs	GeneratedFunctionTarget
crates/ide-assists/src/handlers/generate_function.rs	FunctionBuilder	crates/ide-assists/src/handlers/generate_function.rs	Visibility
crates/ide-assists/src/handlers/generate_function.rs	FunctionBuilder	crates/intern/src/symbol/symbols.rs	
crates/ide-assists/src/handlers/generate_function.rs	FunctionBuilder	crates/syntax/src/ast/generated/nodes.rs	BlockExpr
crates/ide-assists/src/handlers/generate_function.rs	TargetInfo	crates/ide-assists/src/handlers/generate_function.rs	AdtInfo
crates/ide-assists/src/handlers/generate_function.rs	TargetInfo	crates/ide-assists/src/handlers/generate_function.rs	GeneratedFunctionTarget
crates/ide-assists/src/handlers/generate_function.rs	TargetInfo	crates/intern/src/symbol/symbols.rs	
crates/ide-assists/src/handlers/generate_function.rs	TargetInfo	crates/vfs/src/lib.rs	FileId
crates/ide-assists/src/handlers/generate_function.rs	Visitor	crates/ide-assists/src/handlers/generate_function.rs	Graph
crates/ide-assists/src/handlers/generate_getter_or_setter.rs	AssistInfo	crates/ide-assists/src/handlers/generate_getter_or_setter.rs	AssistType
crates/ide-assists/src/handlers/generate_getter_or_setter.rs	AssistInfo	crates/intern/src/symbol/symbols.rs	
crates/ide-assists/src/handlers/inline_call.rs	CallInfo	crates/intern/src/symbol/symbols.rs	
crates/ide-assists/src/handlers/inline_local_variable.rs	InlineData	crates/ide-db/src/search.rs	FileReference
crates/ide-assists/src/utils.rs	ReferenceConversion	crates/ide-assists/src/utils.rs	ReferenceConversionType
crates/ide-completion/src/completions.rs	Completions	crates/ide-completion/src/item.rs	CompletionItem
crates/ide-completion/src/completions/attribute.rs	AttrCompletion	crates/intern/src/symbol/symbols.rs	
crates/ide-completion/src/completions/attribute/repr.rs	ReprCompletion	crates/intern/src/symbol/symbols.rs	
crates/ide-completion/src/completions/expr.rs	PathCallback	crates/hir/src/lib.rs	PathCandidateCallback
crates/ide-completion/src/completions/expr.rs	PathCallback	crates/ide-completion/src/completions.rs	Completions
crates/ide-completion/src/completions/expr.rs	PathCallback	crates/ide-completion/src/context.rs	CompletionContext
crates/ide-completion/src/config.rs	CompletionConfig	crates/ide-completion/src/config.rs	AutoImportExclusionType
crates/ide-completion/src/config.rs	CompletionConfig	crates/ide-completion/src/config.rs	CallableSnippets
crates/ide-completion/src/config.rs	CompletionConfig	crates/ide-completion/src/lib.rs	CompletionFieldsToResolve
crates/ide-completion/src/config.rs	CompletionConfig	crates/ide-db/src/imports/insert_use.rs	InsertUseConfig
crates/ide-completion/src/config.rs	CompletionConfig	crates/ide-db/src/lib.rs	SnippetCap
crates/ide-completion/src/config.rs	CompletionConfig	crates/ide-db/src/ra_fixture.rs	RaFixtureConfig
crates/ide-completion/src/config.rs	CompletionConfig	crates/intern/src/symbol/symbols.rs	
crates/ide-completion/src/context.rs	AttrCtx	crates/intern/src/symbol/symbols.rs	
crates/ide-completion/src/context.rs	AttrCtx	crates/parser/src/syntax_kind/generated.rs	SyntaxKind
crates/ide-completion/src/context.rs	AttrCtx	crates/syntax/src/ast/node_ext.rs	AttrKind
crates/ide-completion/src/context.rs	CompletionContext	crates/edition/src/lib.rs	Edition
crates/ide-completion/src/context.rs	CompletionContext	crates/hir-ty/src/display.rs	DisplayTarget
crates/ide-completion/src/context.rs	CompletionContext	crates/hir/src/lib.rs	ModuleDef
crates/ide-completion/src/context.rs	CompletionContext	crates/hir/src/semantics.rs	Semantics
crates/ide-completion/src/context.rs	CompletionContext	crates/hir/src/semantics.rs	SemanticsScope
crates/ide-completion/src/context.rs	CompletionContext	crates/ide-completion/src/config.rs	AutoImportExclusionType
crates/ide-completion/src/context.rs	CompletionContext	crates/ide-completion/src/config.rs	CompletionConfig
crates/ide-completion/src/context.rs	CompletionContext	crates/ide-completion/src/context.rs	CompleteSemicolon
crates/ide-completion/src/context.rs	CompletionContext	crates/ide-completion/src/context.rs	QualifierCtx
crates/ide-completion/src/context.rs	CompletionContext	crates/ide-db/src/lib.rs	RootDatabase
crates/ide-completion/src/context.rs	CompletionContext	crates/intern/src/symbol/symbols.rs	
crates/ide-completion/src/context.rs	CompletionContext	crates/syntax/src/ast/node_ext.rs	NameOrNameRef
crates/ide-completion/src/context.rs	DotAccess	crates/hir/src/semantics.rs	TypeInfo
crates/ide-completion/src/context.rs	DotAccess	crates/ide-completion/src/context.rs	DotAccessExprCtx
crates/ide-completion/src/context.rs	DotAccess	crates/ide-completion/src/context.rs	DotAccessKind
crates/ide-completion/src/context.rs	DotAccess	crates/intern/src/symbol/symbols.rs	
crates/ide-completion/src/context.rs	DotAccessExprCtx	crates/ide-completion/src/context.rs	BreakableKind
crates/ide-completion/src/context.rs	DotAccessExprCtx	crates/intern/src/symbol/symbols.rs	
crates/ide-completion/src/context.rs	LifetimeContext	crates/ide-completion/src/context.rs	LifetimeKind
crates/ide-completion/src/context.rs	NameContext	crates/ide-completion/src/context.rs	NameKind
crates/ide-completion/src/context.rs	NameContext	crates/intern/src/symbol/symbols.rs	
crates/ide-completion/src/context.rs	NameRefContext	crates/ide-completion/src/context.rs	NameRefKind
crates/ide-completion/src/context.rs	NameRefContext	crates/intern/src/symbol/symbols.rs	
crates/ide-completion/src/context.rs	ParamContext	crates/ide-completion/src/context.rs	ParamKind
crates/ide-completion/src/context.rs	PathCompletionCtx	crates/ide-completion/src/context.rs	PathKind
crates/ide-completion/src/context.rs	PathCompletionCtx	crates/ide-completion/src/context.rs	Qualified
crates/ide-completion/src/context.rs	PathCompletionCtx	crates/intern/src/symbol/symbols.rs	
crates/ide-completion/src/context.rs	PathExprCtx	crates/ide-completion/src/context.rs	BreakableKind
crates/ide-completion/src/context.rs	PathExprCtx	crates/intern/src/symbol/symbols.rs	
crates/ide-completion/src/context.rs	PatternContext	crates/ide-completion/src/context.rs	ParamContext
crates/ide-completion/src/context.rs	PatternContext	crates/ide-completion/src/context.rs	PatternRefutability
crates/ide-completion/src/context.rs	PatternContext	crates/intern/src/symbol/symbols.rs	
crates/ide-completion/src/context.rs	QualifierCtx	crates/intern/src/symbol/symbols.rs	
crates/ide-completion/src/context/analysis.rs	AnalysisResult	crates/ide-completion/src/context.rs	CompletionAnalysis
crates/ide-completion/src/context/analysis.rs	AnalysisResult	crates/ide-completion/src/context.rs	QualifierCtx
crates/ide-completion/src/context/analysis.rs	AnalysisResult	crates/intern/src/symbol/symbols.rs	
crates/ide-completion/src/context/analysis.rs	ExpansionResult	crates/intern/src/symbol/symbols.rs	
crates/ide-completion/src/item.rs	Builder	crates/edition/src/lib.rs	Edition
crates/ide-completion/src/item.rs	Builder	crates/ide-completion/src/item.rs	CompletionItemKind
crates/ide-completion/src/item.rs	Builder	crates/ide-completion/src/item.rs	CompletionItemRefMode
crates/ide-completion/src/item.rs	Builder	crates/ide-completion/src/item.rs	CompletionRelevance
crates/ide-completion/src/item.rs	Builder	crates/ide-db/src/documentation.rs	Documentation
crates/ide-completion/src/item.rs	Builder	crates/ide-db/src/imports/import_assets.rs	LocatedImport
crates/ide-completion/src/item.rs	Builder	crates/ide-db/src/text_edit.rs	TextEdit
crates/ide-completion/src/item.rs	Builder	crates/intern/src/symbol/symbols.rs	
crates/ide-completion/src/item.rs	CompletionItem	crates/ide-completion/src/item.rs	CompletionItemImport
crates/ide-completion/src/item.rs	CompletionItem	crates/ide-completion/src/item.rs	CompletionItemKind
crates/ide-completion/src/item.rs	CompletionItem	crates/ide-completion/src/item.rs	CompletionItemLabel
crates/ide-completion/src/item.rs	CompletionItem	crates/ide-completion/src/item.rs	CompletionItemRefMode
crates/ide-completion/src/item.rs	CompletionItem	crates/ide-completion/src/item.rs	CompletionRelevance
crates/ide-completion/src/item.rs	CompletionItem	crates/ide-db/src/documentation.rs	Documentation
crates/ide-completion/src/item.rs	CompletionItem	crates/ide-db/src/text_edit.rs	TextEdit
crates/ide-completion/src/item.rs	CompletionItem	crates/intern/src/symbol/symbols.rs	
crates/ide-completion/src/item.rs	CompletionItemLabel	crates/intern/src/symbol/symbols.rs	
crates/ide-completion/src/item.rs	CompletionRelevance	crates/ide-completion/src/item.rs	CompletionRelevanceFn
crates/ide-completion/src/item.rs	CompletionRelevance	crates/ide-completion/src/item.rs	CompletionRelevancePostfixMatch
crates/ide-completion/src/item.rs	CompletionRelevance	crates/ide-completion/src/item.rs	CompletionRelevanceTraitInfo
crates/ide-completion/src/item.rs	CompletionRelevance	crates/ide-completion/src/item.rs	CompletionRelevanceTypeMatch
crates/ide-completion/src/item.rs	CompletionRelevance	crates/intern/src/symbol/symbols.rs	
crates/ide-completion/src/item.rs	CompletionRelevanceFn	crates/ide-completion/src/item.rs	CompletionRelevanceReturnType
crates/ide-completion/src/render.rs	RenderContext	crates/ide-completion/src/context.rs	CompletionContext
crates/ide-completion/src/render.rs	RenderContext	crates/ide-db/src/imports/import_assets.rs	LocatedImport
crates/ide-completion/src/render.rs	RenderContext	crates/intern/src/symbol/symbols.rs	
crates/ide-completion/src/snippet.rs	Snippet	crates/hir-expand/src/mod_path.rs	ModPath
crates/ide-completion/src/snippet.rs	Snippet	crates/ide-completion/src/snippet.rs	SnippetScope
crates/ide-completion/src/snippet.rs	Snippet	crates/intern/src/symbol/symbols.rs	
crates/ide-db/src/active_parameter.rs	ActiveParameter	crates/intern/src/symbol/symbols.rs	
crates/ide-db/src/assists.rs	Assist	crates/ide-db/src/assists.rs	AssistId
crates/ide-db/src/assists.rs	Assist	crates/ide-db/src/assists.rs	Command
crates/ide-db/src/assists.rs	Assist	crates/ide-db/src/assists.rs	GroupLabel
crates/ide-db/src/assists.rs	Assist	crates/ide-db/src/label.rs	Label
crates/ide-db/src/assists.rs	Assist	crates/ide-db/src/source_change.rs	SourceChange
crates/ide-db/src/assists.rs	Assist	crates/intern/src/symbol/symbols.rs	
crates/ide-db/src/assists.rs	AssistId	crates/ide-db/src/assists.rs	AssistKind
crates/ide-db/src/assists.rs	AssistId	crates/intern/src/symbol/symbols.rs	
crates/ide-db/src/assists.rs	AssistKind	crates/intern/src/symbol/symbols.rs	
crates/ide-db/src/assists.rs	SingleResolve	crates/ide-db/src/assists.rs	AssistKind
crates/ide-db/src/assists.rs	SingleResolve	crates/intern/src/symbol/symbols.rs	
crates/ide-db/src/defs.rs	Definition	crates/hir/src/lib.rs	AsAssocItem
crates/ide-db/src/defs.rs	Definition	crates/hir/src/lib.rs	AsExternAssocItem
crates/ide-db/src/defs.rs	Definition	crates/intern/src/symbol/symbols.rs	
crates/ide-db/src/documentation.rs	HasDocs	crates/intern/src/symbol/symbols.rs	
crates/ide-db/src/famous_defs.rs	FamousDefs	crates/hir/src/semantics.rs	Semantics
crates/ide-db/src/famous_defs.rs	FamousDefs	crates/ide-db/src/lib.rs	RootDatabase
crates/ide-db/src/generated/lints.rs	Lint	crates/edition/src/lib.rs	Edition
crates/ide-db/src/generated/lints.rs	Lint	crates/intern/src/symbol/symbols.rs	
crates/ide-db/src/generated/lints.rs	LintGroup	crates/ide-db/src/generated/lints.rs	Lint
crates/ide-db/src/imports/import_assets.rs	ImportAssets	crates/ide-db/src/imports/import_assets.rs	ImportCandidate
crates/ide-db/src/imports/import_assets.rs	LocatedImport	crates/hir-expand/src/mod_path.rs	ModPath
crates/ide-db/src/imports/import_assets.rs	LocatedImport	crates/ide-db/src/imports/import_assets.rs	CompleteInFlyimport
crates/ide-db/src/imports/import_assets.rs	PathImportCandidate	crates/ide-db/src/imports/import_assets.rs	NameToImport
crates/ide-db/src/imports/import_assets.rs	PathImportCandidate	crates/ide-db/src/imports/import_assets.rs	PathDefinitionKinds
crates/ide-db/src/imports/import_assets.rs	TraitImportCandidate	crates/ide-db/src/imports/import_assets.rs	NameToImport
crates/ide-db/src/imports/insert_use.rs	ImportScope	crates/ide-db/src/imports/insert_use.rs	ImportScopeKind
crates/ide-db/src/imports/insert_use.rs	InsertUseConfig	crates/hir-def/src/find_path.rs	PrefixKind
crates/ide-db/src/imports/insert_use.rs	InsertUseConfig	crates/ide-db/src/imports/insert_use.rs	ImportGranularity
crates/ide-db/src/imports/merge_imports.rs	NormalizationStyle	crates/intern/src/symbol/symbols.rs	
crates/ide-db/src/imports/merge_imports.rs	VersionChunkIter	crates/intern/src/symbol/symbols.rs	
crates/ide-db/src/label.rs	Label	crates/intern/src/symbol/symbols.rs	
crates/ide-db/src/lib.rs	MiniCore	crates/intern/src/symbol/symbols.rs	
crates/ide-db/src/lib.rs	RootDatabase	crates/base-db/src/input.rs	CratesMap
crates/ide-db/src/lib.rs	RootDatabase	crates/base-db/src/lib.rs	Files
crates/ide-db/src/lib.rs	RootDatabase	crates/base-db/src/lib.rs	Nonce
crates/ide-db/src/lib.rs	RootDatabase	crates/base-db/src/lib.rs	SourceDatabase
crates/ide-db/src/lib.rs	RootDatabase	crates/intern/src/symbol/symbols.rs	
crates/ide-db/src/lib.rs	SymbolKind	crates/intern/src/symbol/symbols.rs	
crates/ide-db/src/path_transform.rs	AstSubsts	crates/ide-db/src/path_transform.rs	TypeOrConst
crates/ide-db/src/path_transform.rs	Ctx	crates/edition/src/lib.rs	Edition
crates/ide-db/src/path_transform.rs	Ctx	crates/hir/src/semantics.rs	SemanticsScope
crates/ide-db/src/path_transform.rs	PathTransform	crates/hir/src/semantics.rs	SemanticsScope
crates/ide-db/src/path_transform.rs	PathTransform	crates/ide-db/src/path_transform.rs	AstSubsts
crates/ide-db/src/path_transform.rs	PathTransform	crates/intern/src/symbol/symbols.rs	
crates/ide-db/src/ra_fixture.rs	RaFixtureAnalysis	crates/ide-db/src/lib.rs	RootDatabase
crates/ide-db/src/ra_fixture.rs	RaFixtureAnalysis	crates/ide-db/src/range_mapper.rs	RangeMapper
crates/ide-db/src/ra_fixture.rs	RaFixtureAnalysis	crates/vfs/src/lib.rs	FileId
crates/ide-db/src/range_mapper.rs	RangeMapper	crates/intern/src/symbol/symbols.rs	
crates/ide-db/src/search.rs	FileReference	crates/ide-db/src/search.rs	FileReferenceNode
crates/ide-db/src/search.rs	FindUsages	crates/hir/src/semantics.rs	Semantics
crates/ide-db/src/search.rs	FindUsages	crates/ide-db/src/defs.rs	Definition
crates/ide-db/src/search.rs	FindUsages	crates/ide-db/src/lib.rs	RootDatabase
crates/ide-db/src/search.rs	FindUsages	crates/ide-db/src/search.rs	SearchScope
crates/ide-db/src/search.rs	FindUsages	crates/intern/src/symbol/symbols.rs	
crates/ide-db/src/search.rs	FindUsages	crates/syntax/src/ast/generated/nodes.rs	Rename
crates/ide-db/src/search.rs	SearchScope	crates/intern/src/symbol/symbols.rs	
crates/ide-db/src/search.rs	UsageSearchResult	crates/ide-db/src/search.rs	FileReference
crates/ide-db/src/search.rs	UsageSearchResult	crates/intern/src/symbol/symbols.rs	
crates/ide-db/src/source_change.rs	ChangeAnnotation	crates/intern/src/symbol/symbols.rs	
crates/ide-db/src/source_change.rs	SourceChange	crates/ide-db/src/source_change.rs	ChangeAnnotation
crates/ide-db/src/source_change.rs	SourceChange	crates/ide-db/src/source_change.rs	ChangeAnnotationId
crates/ide-db/src/source_change.rs	SourceChange	crates/ide-db/src/source_change.rs	FileSystemEdit
crates/ide-db/src/source_change.rs	SourceChange	crates/ide-db/src/source_change.rs	SnippetEdit
crates/ide-db/src/source_change.rs	SourceChange	crates/ide-db/src/text_edit.rs	TextEdit
crates/ide-db/src/source_change.rs	SourceChange	crates/intern/src/symbol/symbols.rs	
crates/ide-db/src/source_change.rs	SourceChange	crates/vfs/src/lib.rs	FileId
crates/ide-db/src/source_change.rs	SourceChangeBuilder	crates/ide-db/src/assists.rs	Command
crates/ide-db/src/source_change.rs	SourceChangeBuilder	crates/ide-db/src/source_change.rs	AnnotationSnippet
crates/ide-db/src/source_change.rs	SourceChangeBuilder	crates/ide-db/src/source_change.rs	SourceChange
crates/ide-db/src/source_change.rs	SourceChangeBuilder	crates/ide-db/src/text_edit.rs	TextEditBuilder
crates/ide-db/src/source_change.rs	SourceChangeBuilder	crates/intern/src/symbol/symbols.rs	
crates/ide-db/src/source_change.rs	SourceChangeBuilder	crates/syntax/src/syntax_editor.rs	SyntaxAnnotation
crates/ide-db/src/source_change.rs	SourceChangeBuilder	crates/syntax/src/syntax_editor.rs	SyntaxEditor
crates/ide-db/src/source_change.rs	SourceChangeBuilder	crates/vfs/src/lib.rs	FileId
crates/ide-db/src/symbol_index.rs	Query	crates/hir-def/src/import_map.rs	AssocSearchMode
crates/ide-db/src/symbol_index.rs	Query	crates/hir-def/src/import_map.rs	SearchMode
crates/ide-db/src/symbol_index.rs	SymbolIndex	crates/hir/src/symbols.rs	FileSymbol
crates/ide-db/src/symbol_index.rs	SymbolIndex	crates/intern/src/symbol/symbols.rs	
crates/ide-db/src/syntax_helpers/node_ext.rs	TreeWithDepthIterator	crates/intern/src/symbol/symbols.rs	
crates/ide-db/src/syntax_helpers/node_ext.rs	TreeWithDepthIterator	crates/syntax/src/syntax_node.rs	RustLanguage
crates/ide-db/src/syntax_helpers/tree_diff.rs	TreeDiff	crates/ide-db/src/syntax_helpers/tree_diff.rs	TreeDiffInsertPos
crates/ide-db/src/text_edit.rs	TextEdit	crates/ide-db/src/source_change.rs	ChangeAnnotationId
crates/ide-db/src/text_edit.rs	TextEdit	crates/ide-db/src/text_edit.rs	Indel
crates/ide-db/src/text_edit.rs	TextEdit	crates/intern/src/symbol/symbols.rs	
crates/ide-db/src/text_edit.rs	TextEditBuilder	crates/ide-db/src/source_change.rs	ChangeAnnotationId
crates/ide-db/src/text_edit.rs	TextEditBuilder	crates/ide-db/src/text_edit.rs	Indel
crates/ide-db/src/text_edit.rs	TextEditBuilder	crates/intern/src/symbol/symbols.rs	
crates/ide-diagnostics/src/lib.rs	BuiltLint	crates/ide-db/src/generated/lints.rs	Lint
crates/ide-diagnostics/src/lib.rs	Diagnostic	crates/ide-db/src/assists.rs	Assist
crates/ide-diagnostics/src/lib.rs	Diagnostic	crates/ide-db/src/lib.rs	Severity
crates/ide-diagnostics/src/lib.rs	Diagnostic	crates/ide-diagnostics/src/lib.rs	DiagnosticCode
crates/ide-diagnostics/src/lib.rs	Diagnostic	crates/intern/src/symbol/symbols.rs	
crates/ide-diagnostics/src/lib.rs	DiagnosticsConfig	crates/ide-db/src/assists.rs	ExprFillDefaultMode
crates/ide-diagnostics/src/lib.rs	DiagnosticsConfig	crates/ide-db/src/imports/insert_use.rs	InsertUseConfig
crates/ide-diagnostics/src/lib.rs	DiagnosticsConfig	crates/ide-db/src/lib.rs	SnippetCap
crates/ide-diagnostics/src/lib.rs	DiagnosticsConfig	crates/intern/src/symbol/symbols.rs	
crates/ide-diagnostics/src/lib.rs	DiagnosticsContext	crates/edition/src/lib.rs	Edition
crates/ide-diagnostics/src/lib.rs	DiagnosticsContext	crates/hir-ty/src/display.rs	DisplayTarget
crates/ide-diagnostics/src/lib.rs	DiagnosticsContext	crates/hir/src/semantics.rs	Semantics
crates/ide-diagnostics/src/lib.rs	DiagnosticsContext	crates/ide-db/src/assists.rs	AssistResolveStrategy
crates/ide-diagnostics/src/lib.rs	DiagnosticsContext	crates/ide-db/src/lib.rs	RootDatabase
crates/ide-diagnostics/src/lib.rs	DiagnosticsContext	crates/ide-diagnostics/src/lib.rs	DiagnosticsConfig
crates/ide-ssr/src/lib.rs	MatchDebugInfo	crates/ide-ssr/src/matching.rs	Match
crates/ide-ssr/src/lib.rs	MatchDebugInfo	crates/ide-ssr/src/matching.rs	MatchFailureReason
crates/ide-ssr/src/lib.rs	MatchDebugInfo	crates/intern/src/symbol/symbols.rs	
crates/ide-ssr/src/lib.rs	MatchFinder	crates/hir/src/semantics.rs	Semantics
crates/ide-ssr/src/lib.rs	MatchFinder	crates/ide-ssr/src/resolving.rs	ResolvedRule
crates/ide-ssr/src/lib.rs	SsrMatches	crates/ide-ssr/src/matching.rs	Match
crates/ide-ssr/src/matching.rs	Match	crates/ide-ssr/src/matching.rs	PlaceholderMatch
crates/ide-ssr/src/matching.rs	Match	crates/ide-ssr/src/parsing.rs	Var
crates/ide-ssr/src/matching.rs	MatchFailed	crates/intern/src/symbol/symbols.rs	
crates/ide-ssr/src/matching.rs	Matcher	crates/hir/src/semantics.rs	Semantics
crates/ide-ssr/src/matching.rs	Matcher	crates/ide-ssr/src/resolving.rs	ResolvedRule
crates/ide-ssr/src/matching.rs	Matcher	crates/intern/src/symbol/symbols.rs	
crates/ide-ssr/src/matching.rs	PatternIterator	crates/intern/src/symbol/symbols.rs	
crates/ide-ssr/src/matching.rs	PlaceholderMatch	crates/ide-ssr/src/lib.rs	SsrMatches
crates/ide-ssr/src/parsing.rs	ParsedRule	crates/ide-ssr/src/parsing.rs	Placeholder
crates/ide-ssr/src/parsing.rs	ParsedRule	crates/intern/src/symbol/symbols.rs	
crates/ide-ssr/src/parsing.rs	Placeholder	crates/ide-ssr/src/parsing.rs	Constraint
crates/ide-ssr/src/parsing.rs	Placeholder	crates/ide-ssr/src/parsing.rs	Var
crates/ide-ssr/src/parsing.rs	RawPattern	crates/ide-ssr/src/parsing.rs	PatternElement
crates/ide-ssr/src/parsing.rs	RawPattern	crates/intern/src/symbol/symbols.rs	
crates/ide-ssr/src/parsing.rs	RuleBuilder	crates/ide-ssr/src/parsing.rs	ParsedRule
crates/ide-ssr/src/parsing.rs	RuleBuilder	crates/ide-ssr/src/parsing.rs	Placeholder
crates/ide-ssr/src/parsing.rs	Token	crates/parser/src/syntax_kind/generated.rs	SyntaxKind
crates/ide-ssr/src/replacing.rs	ReplacementRenderer	crates/edition/src/lib.rs	Edition
crates/ide-ssr/src/replacing.rs	ReplacementRenderer	crates/ide-ssr/src/resolving.rs	ResolvedRule
crates/ide-ssr/src/resolving.rs	ResolvedPattern	crates/ide-ssr/src/resolving.rs	ResolvedPath
crates/ide-ssr/src/resolving.rs	ResolvedPattern	crates/ide-ssr/src/resolving.rs	UfcsCallInfo
crates/ide-ssr/src/resolving.rs	ResolvedRule	crates/ide-ssr/src/resolving.rs	ResolvedPattern
crates/ide-ssr/src/resolving.rs	ResolvedRule	crates/intern/src/symbol/symbols.rs	
crates/ide-ssr/src/resolving.rs	Resolver	crates/ide-ssr/src/resolving.rs	ResolutionScope
crates/ide-ssr/src/resolving.rs	UfcsCallInfo	crates/intern/src/symbol/symbols.rs	
crates/ide-ssr/src/search.rs	UsageCache	crates/ide-db/src/defs.rs	Definition
crates/ide-ssr/src/search.rs	UsageCache	crates/ide-db/src/search.rs	UsageSearchResult
crates/ide/src/annotations.rs	Annotation	crates/ide/src/annotations.rs	AnnotationKind
crates/ide/src/annotations.rs	AnnotationConfig	crates/ide-db/src/ra_fixture.rs	RaFixtureConfig
crates/ide/src/annotations.rs	AnnotationConfig	crates/ide/src/annotations.rs	AnnotationLocation
crates/ide/src/call_hierarchy.rs	CallHierarchyConfig	crates/ide-db/src/ra_fixture.rs	RaFixtureConfig
crates/ide/src/call_hierarchy.rs	CallItem	crates/ide/src/navigation_target.rs	NavigationTarget
crates/ide/src/call_hierarchy.rs	CallLocations	crates/ide/src/navigation_target.rs	NavigationTarget
crates/ide/src/doc_links.rs	DocumentationLinks	crates/intern/src/symbol/symbols.rs	
crates/ide/src/fetch_crates.rs	CrateInfo	crates/intern/src/symbol/symbols.rs	
crates/ide/src/fetch_crates.rs	CrateInfo	crates/vfs/src/lib.rs	FileId
crates/ide/src/file_structure.rs	StructureNode	crates/ide/src/file_structure.rs	StructureNodeKind
crates/ide/src/file_structure.rs	StructureNode	crates/intern/src/symbol/symbols.rs	
crates/ide/src/folding_ranges.rs	Fold	crates/ide/src/folding_ranges.rs	FoldKind
crates/ide/src/folding_ranges.rs	Fold	crates/intern/src/symbol/symbols.rs	
crates/ide/src/goto_definition.rs	GotoDefinitionConfig	crates/ide-db/src/ra_fixture.rs	RaFixtureConfig
crates/ide/src/highlight_related.rs	WalkExpandedExprCtx	crates/hir/src/semantics.rs	Semantics
crates/ide/src/highlight_related.rs	WalkExpandedExprCtx	crates/ide-db/src/lib.rs	RootDatabase
crates/ide/src/highlight_related.rs	WalkExpandedExprCtx	crates/syntax/src/ast/generated/nodes.rs	Fn
crates/ide/src/hover.rs	HoverConfig	crates/ide-db/src/ra_fixture.rs	RaFixtureConfig
crates/ide/src/hover.rs	HoverConfig	crates/ide/src/hover.rs	HoverDocFormat
crates/ide/src/hover.rs	HoverConfig	crates/ide/src/hover.rs	MemoryLayoutHoverConfig
crates/ide/src/hover.rs	HoverConfig	crates/ide/src/hover.rs	SubstTyLen
crates/ide/src/hover.rs	HoverConfig	crates/intern/src/symbol/symbols.rs	
crates/ide/src/hover.rs	HoverGotoTypeData	crates/ide/src/navigation_target.rs	NavigationTarget
crates/ide/src/hover.rs	HoverResult	crates/ide/src/hover.rs	HoverAction
crates/ide/src/hover.rs	HoverResult	crates/ide/src/markup.rs	Markup
crates/ide/src/hover.rs	MemoryLayoutHoverConfig	crates/ide/src/hover.rs	MemoryLayoutHoverRenderKind
crates/ide/src/hover.rs	MemoryLayoutHoverConfig	crates/intern/src/symbol/symbols.rs	
crates/ide/src/hover/render.rs	DropInfo	crates/hir-ty/src/drop.rs	DropGlue
crates/ide/src/hover/render.rs	DropInfo	crates/intern/src/symbol/symbols.rs	
crates/ide/src/hover/render.rs	KeywordHint	crates/ide/src/hover.rs	HoverAction
crates/ide/src/inlay_hints.rs	InlayHint	crates/ide-db/src/text_edit.rs	TextEdit
crates/ide/src/inlay_hints.rs	InlayHint	crates/ide/src/inlay_hints.rs	InlayHintLabel
crates/ide/src/inlay_hints.rs	InlayHint	crates/ide/src/inlay_hints.rs	InlayHintPosition
crates/ide/src/inlay_hints.rs	InlayHint	crates/ide/src/inlay_hints.rs	InlayKind
crates/ide/src/inlay_hints.rs	InlayHint	crates/ide/src/inlay_hints.rs	LazyProperty
crates/ide/src/inlay_hints.rs	InlayHint	crates/intern/src/symbol/symbols.rs	
crates/ide/src/inlay_hints.rs	InlayHintCtx	crates/intern/src/symbol/symbols.rs	
crates/ide/src/inlay_hints.rs	InlayHintLabel	crates/ide/src/inlay_hints.rs	InlayHintLabelPart
crates/ide/src/inlay_hints.rs	InlayHintLabel	crates/intern/src/symbol/symbols.rs	
crates/ide/src/inlay_hints.rs	InlayHintLabelBuilder	crates/hir-ty/src/display.rs	HirWrite
crates/ide/src/inlay_hints.rs	InlayHintLabelBuilder	crates/hir/src/semantics.rs	Semantics
crates/ide/src/inlay_hints.rs	InlayHintLabelBuilder	crates/ide-db/src/lib.rs	RootDatabase
crates/ide/src/inlay_hints.rs	InlayHintLabelBuilder	crates/ide/src/inlay_hints.rs	InlayHintLabel
crates/ide/src/inlay_hints.rs	InlayHintLabelBuilder	crates/ide/src/inlay_hints.rs	LazyProperty
crates/ide/src/inlay_hints.rs	InlayHintLabelBuilder	crates/intern/src/symbol/symbols.rs	
crates/ide/src/inlay_hints.rs	InlayHintLabelPart	crates/ide/src/inlay_hints.rs	InlayTooltip
crates/ide/src/inlay_hints.rs	InlayHintLabelPart	crates/ide/src/inlay_hints.rs	LazyProperty
crates/ide/src/inlay_hints.rs	InlayHintLabelPart	crates/intern/src/symbol/symbols.rs	
crates/ide/src/inlay_hints.rs	InlayHintsConfig	crates/ide-db/src/ra_fixture.rs	RaFixtureConfig
crates/ide/src/inlay_hints.rs	InlayHintsConfig	crates/ide/src/inlay_hints.rs	AdjustmentHints
crates/ide/src/inlay_hints.rs	InlayHintsConfig	crates/ide/src/inlay_hints.rs	AdjustmentHintsMode
crates/ide/src/inlay_hints.rs	InlayHintsConfig	crates/ide/src/inlay_hints.rs	ClosureReturnTypeHints
crates/ide/src/inlay_hints.rs	InlayHintsConfig	crates/ide/src/inlay_hints.rs	DiscriminantHints
crates/ide/src/inlay_hints.rs	InlayHintsConfig	crates/ide/src/inlay_hints.rs	GenericParameterHints
crates/ide/src/inlay_hints.rs	InlayHintsConfig	crates/ide/src/inlay_hints.rs	InlayFieldsToResolve
crates/ide/src/inlay_hints.rs	InlayHintsConfig	crates/ide/src/inlay_hints.rs	LifetimeElisionHints
crates/ide/src/inlay_hints.rs	InlayHintsConfig	crates/ide/src/inlay_hints.rs	TypeHintsPlacement
crates/ide/src/inlay_hints.rs	InlayHintsConfig	crates/intern/src/symbol/symbols.rs	
crates/ide/src/lib.rs	Analysis	crates/ide-db/src/lib.rs	RootDatabase
crates/ide/src/lib.rs	AnalysisHost	crates/ide-db/src/lib.rs	RootDatabase
crates/ide/src/lib.rs	AnalysisHost	crates/intern/src/symbol/symbols.rs	
crates/ide/src/markup.rs	Markup	crates/intern/src/symbol/symbols.rs	
crates/ide/src/moniker.rs	Moniker	crates/ide/src/moniker.rs	MonikerIdentifier
crates/ide/src/moniker.rs	Moniker	crates/ide/src/moniker.rs	MonikerKind
crates/ide/src/moniker.rs	Moniker	crates/ide/src/moniker.rs	PackageInformation
crates/ide/src/moniker.rs	MonikerDescriptor	crates/ide/src/moniker.rs	MonikerDescriptorKind
crates/ide/src/moniker.rs	MonikerDescriptorKind	crates/intern/src/symbol/symbols.rs	
crates/ide/src/moniker.rs	MonikerIdentifier	crates/ide/src/moniker.rs	MonikerDescriptor
crates/ide/src/moniker.rs	PackageInformation	crates/intern/src/symbol/symbols.rs	
crates/ide/src/navigation_target.rs	NavigationTarget	crates/ide-db/src/lib.rs	SymbolKind
crates/ide/src/navigation_target.rs	NavigationTarget	crates/ide-db/src/ra_fixture.rs	UpmapFromRaFixture
crates/ide/src/navigation_target.rs	NavigationTarget	crates/intern/src/symbol/symbols.rs	
crates/ide/src/navigation_target.rs	NavigationTarget	crates/vfs/src/lib.rs	FileId
crates/ide/src/navigation_target.rs	UpmappingResult	crates/intern/src/symbol/symbols.rs	
crates/ide/src/references.rs	Declaration	crates/ide/src/navigation_target.rs	NavigationTarget
crates/ide/src/references.rs	FindAllRefsConfig	crates/ide-db/src/ra_fixture.rs	RaFixtureConfig
crates/ide/src/references.rs	FindAllRefsConfig	crates/ide-db/src/search.rs	SearchScope
crates/ide/src/references.rs	FindAllRefsConfig	crates/intern/src/symbol/symbols.rs	
crates/ide/src/references.rs	ReferenceSearchResult	crates/ide/src/references.rs	Declaration
crates/ide/src/references.rs	ReferenceSearchResult	crates/intern/src/symbol/symbols.rs	
crates/ide/src/references.rs	ReferenceSearchResult	crates/vfs/src/lib.rs	FileId
crates/ide/src/runnables.rs	Runnable	crates/cfg/src/cfg_expr.rs	CfgExpr
crates/ide/src/runnables.rs	Runnable	crates/ide/src/navigation_target.rs	NavigationTarget
crates/ide/src/runnables.rs	Runnable	crates/ide/src/runnables.rs	RunnableKind
crates/ide/src/runnables.rs	Runnable	crates/ide/src/runnables.rs	UpdateTest
crates/ide/src/runnables.rs	Runnable	crates/intern/src/symbol/symbols.rs	
crates/ide/src/signature_help.rs	SignatureHelp	crates/ide-db/src/documentation.rs	Documentation
crates/ide/src/signature_help.rs	SignatureHelp	crates/intern/src/symbol/symbols.rs	
crates/ide/src/static_index.rs	StaticIndex	crates/ide-db/src/defs.rs	Definition
crates/ide/src/static_index.rs	StaticIndex	crates/ide-db/src/lib.rs	RootDatabase
crates/ide/src/static_index.rs	StaticIndex	crates/ide/src/lib.rs	Analysis
crates/ide/src/static_index.rs	StaticIndex	crates/ide/src/static_index.rs	StaticIndexedFile
crates/ide/src/static_index.rs	StaticIndex	crates/ide/src/static_index.rs	TokenId
crates/ide/src/static_index.rs	StaticIndex	crates/ide/src/static_index.rs	TokenStore
crates/ide/src/static_index.rs	StaticIndexedFile	crates/ide/src/folding_ranges.rs	Fold
crates/ide/src/static_index.rs	StaticIndexedFile	crates/ide/src/static_index.rs	TokenId
crates/ide/src/static_index.rs	StaticIndexedFile	crates/vfs/src/lib.rs	FileId
crates/ide/src/static_index.rs	TokenStaticData	crates/ide-db/src/documentation.rs	Documentation
crates/ide/src/static_index.rs	TokenStaticData	crates/ide/src/hover.rs	HoverResult
crates/ide/src/static_index.rs	TokenStaticData	crates/ide/src/moniker.rs	MonikerResult
crates/ide/src/static_index.rs	TokenStaticData	crates/ide/src/moniker.rs	SymbolInformationKind
crates/ide/src/static_index.rs	TokenStaticData	crates/ide/src/static_index.rs	ReferenceData
crates/ide/src/static_index.rs	TokenStaticData	crates/intern/src/symbol/symbols.rs	
crates/ide/src/static_index.rs	TokenStore	crates/ide/src/static_index.rs	TokenStaticData
crates/ide/src/syntax_highlighting.rs	HighlightConfig	crates/ide-db/src/ra_fixture.rs	RaFixtureConfig
crates/ide/src/syntax_highlighting.rs	HlRange	crates/ide/src/syntax_highlighting/tags.rs	Highlight
crates/ide/src/syntax_highlighting.rs	HlRange	crates/intern/src/symbol/symbols.rs	
crates/ide/src/syntax_highlighting/highlights.rs	Highlights	crates/ide/src/syntax_highlighting/highlights.rs	Node
crates/ide/src/syntax_highlighting/highlights.rs	Node	crates/ide/src/syntax_highlighting.rs	HlRange
crates/ide/src/syntax_highlighting/highlights.rs	Node	crates/ide/src/syntax_highlighting/highlights.rs	Node
crates/ide/src/syntax_highlighting/tags.rs	Highlight	crates/ide/src/syntax_highlighting/tags.rs	HlMods
crates/ide/src/syntax_highlighting/tags.rs	Highlight	crates/ide/src/syntax_highlighting/tags.rs	HlTag
crates/ide/src/syntax_highlighting/tags.rs	Highlight	crates/intern/src/symbol/symbols.rs	
crates/ide/src/test_explorer.rs	TestItem	crates/ide/src/test_explorer.rs	TestItemKind
crates/ide/src/test_explorer.rs	TestItem	crates/intern/src/symbol/symbols.rs	
crates/ide/src/test_explorer.rs	TestItem	crates/vfs/src/lib.rs	FileId
crates/ide/src/typing.rs	ExtendedTextEdit	crates/ide-db/src/text_edit.rs	TextEdit
crates/ide/src/view_crate_graph.rs	DotCrateGraph	crates/base-db/src/input.rs	ExtraCrateData
crates/ide/src/view_memory_layout.rs	RecursiveMemoryLayout	crates/ide/src/view_memory_layout.rs	MemoryLayoutNode
crates/ide/src/view_syntax_tree.rs	SyntaxTreeCtx	crates/ide/src/view_syntax_tree.rs	InStringCtx
crates/ide/src/view_syntax_tree.rs	SyntaxTreeCtx	crates/intern/src/symbol/symbols.rs	
crates/ide/src/view_syntax_tree.rs	SyntaxTreeCtx	crates/rust-analyzer/src/line_index.rs	LineIndex
crates/intern/src/gc.rs	GarbageCollector	crates/intern/src/gc.rs	Storage
crates/intern/src/gc.rs	GcInternedSliceVisit	crates/intern/src/intern_slice.rs	SliceInternable
crates/intern/src/gc.rs	InternedSliceStorage	crates/intern/src/gc.rs	GcInternedSliceVisit
crates/intern/src/gc.rs	InternedSliceStorage	crates/intern/src/gc.rs	Storage
crates/intern/src/gc.rs	InternedSliceStorage	crates/intern/src/intern_slice.rs	SliceInternable
crates/intern/src/gc.rs	InternedStorage	crates/intern/src/gc.rs	GcInternedVisit
crates/intern/src/gc.rs	InternedStorage	crates/intern/src/gc.rs	Storage
crates/intern/src/gc.rs	InternedStorage	crates/intern/src/intern.rs	Internable
crates/intern/src/intern.rs	InternStorage	crates/intern/src/intern.rs	Internable
crates/intern/src/intern.rs	Internable	crates/intern/src/symbol/symbols.rs	
crates/intern/src/intern.rs	Interned	crates/intern/src/intern.rs	Internable
crates/intern/src/intern.rs	Interned	crates/intern/src/symbol/symbols.rs	
crates/intern/src/intern.rs	InternedRef	crates/intern/src/intern.rs	Internable
crates/intern/src/intern.rs	InternedRef	crates/intern/src/symbol/symbols.rs	
crates/intern/src/intern_slice.rs	InternSliceStorage	crates/intern/src/intern_slice.rs	SliceInternable
crates/intern/src/intern_slice.rs	InternedSlice	crates/intern/src/intern_slice.rs	SliceInternable
crates/intern/src/intern_slice.rs	InternedSlice	crates/intern/src/symbol/symbols.rs	
crates/intern/src/intern_slice.rs	InternedSliceRef	crates/intern/src/intern_slice.rs	SliceInternable
crates/intern/src/intern_slice.rs	InternedSliceRef	crates/intern/src/symbol/symbols.rs	
crates/intern/src/symbol.rs	Symbol	crates/intern/src/symbol.rs	TaggedArcPtr
crates/intern/src/symbol.rs	Symbol	crates/intern/src/symbol/symbols.rs	
crates/load-cargo/src/lib.rs	Expander	crates/hir-expand/src/proc_macro.rs	ProcMacroExpander
crates/load-cargo/src/lib.rs	LoadCargoConfig	crates/load-cargo/src/lib.rs	ProcMacroServerChoice
crates/load-cargo/src/lib.rs	ProjectFolders	crates/load-cargo/src/lib.rs	SourceRootConfig
crates/load-cargo/src/lib.rs	SourceRootConfig	crates/vfs/src/file_set.rs	FileSetConfig
crates/mbe/src/expander.rs	Bindings	crates/mbe/src/expander.rs	Binding
crates/mbe/src/expander/matcher.rs	BindingsBuilder	crates/mbe/src/expander/matcher.rs	BindingKind
crates/mbe/src/expander/matcher.rs	BindingsBuilder	crates/mbe/src/expander/matcher.rs	LinkNode
crates/mbe/src/expander/matcher.rs	Match	crates/intern/src/symbol/symbols.rs	
crates/mbe/src/expander/matcher.rs	Match	crates/mbe/src/expander.rs	Bindings
crates/mbe/src/expander/matcher.rs	MatchState	crates/intern/src/symbol/symbols.rs	
crates/mbe/src/expander/matcher.rs	MatchState	crates/mbe/src/expander.rs	Fragment
crates/mbe/src/expander/matcher.rs	MatchState	crates/mbe/src/expander/matcher.rs	BindingsIdx
crates/mbe/src/expander/matcher.rs	MatchState	crates/mbe/src/expander/matcher.rs	MatchState
crates/mbe/src/expander/matcher.rs	MatchState	crates/mbe/src/expander/matcher.rs	OpDelimitedIter
crates/mbe/src/expander/matcher.rs	MatchState	crates/mbe/src/parser.rs	RepeatKind
crates/mbe/src/expander/matcher.rs	MatchState	crates/mbe/src/parser.rs	Separator
crates/mbe/src/expander/matcher.rs	MatchState	crates/tt/src/iter.rs	TtIter
crates/mbe/src/expander/matcher.rs	OpDelimitedIter	crates/intern/src/symbol/symbols.rs	
crates/mbe/src/expander/matcher.rs	OpDelimitedIter	crates/mbe/src/parser.rs	Op
crates/mbe/src/expander/transcriber.rs	ExpandCtx	crates/mbe/src/expander.rs	Bindings
crates/mbe/src/expander/transcriber.rs	ExpandCtx	crates/mbe/src/expander/transcriber.rs	NestingState
crates/mbe/src/expander/transcriber.rs	ExpandCtx	crates/span/src/lib.rs	Span
crates/mbe/src/lib.rs	DeclarativeMacro	crates/intern/src/symbol/symbols.rs	
crates/mbe/src/lib.rs	DeclarativeMacro	crates/mbe/src/lib.rs	ParseError
crates/mbe/src/lib.rs	DeclarativeMacro	crates/mbe/src/lib.rs	Rule
crates/mbe/src/lib.rs	ExpandError	crates/mbe/src/lib.rs	ExpandErrorKind
crates/mbe/src/lib.rs	ExpandError	crates/span/src/lib.rs	Span
crates/mbe/src/lib.rs	Rule	crates/mbe/src/macro_call_style.rs	MacroCallStyle
crates/mbe/src/lib.rs	Rule	crates/mbe/src/parser.rs	MetaTemplate
crates/mbe/src/lib.rs	ValueResult	crates/intern/src/symbol/symbols.rs	
crates/mbe/src/parser.rs	MetaTemplate	crates/intern/src/symbol/symbols.rs	
crates/mbe/src/parser.rs	MetaTemplate	crates/mbe/src/parser.rs	Op
crates/mbe/src/parser.rs	Separator	crates/intern/src/symbol/symbols.rs	
crates/parser/src/frontmatter.rs	ScriptSource	crates/intern/src/symbol/symbols.rs	
crates/parser/src/input.rs	Input	crates/edition/src/lib.rs	Edition
crates/parser/src/input.rs	Input	crates/parser/src/syntax_kind/generated.rs	SyntaxKind
crates/parser/src/lexed_str.rs	Converter	crates/edition/src/lib.rs	Edition
crates/parser/src/lexed_str.rs	Converter	crates/parser/src/lexed_str.rs	LexedStr
crates/parser/src/lexed_str.rs	LexedStr	crates/parser/src/lexed_str.rs	LexError
crates/parser/src/lexed_str.rs	LexedStr	crates/parser/src/syntax_kind/generated.rs	SyntaxKind
crates/parser/src/parser.rs	CompletedMarker	crates/parser/src/syntax_kind/generated.rs	SyntaxKind
crates/parser/src/parser.rs	Parser	crates/parser/src/event.rs	Event
crates/parser/src/parser.rs	Parser	crates/parser/src/input.rs	Input
crates/parser/src/shortcuts.rs	Builder	crates/parser/src/lexed_str.rs	LexedStr
crates/parser/src/shortcuts.rs	Builder	crates/parser/src/shortcuts.rs	State
crates/parser/src/shortcuts.rs	Builder	crates/parser/src/shortcuts.rs	StrStep
crates/paths/src/lib.rs	AbsPath	crates/intern/src/symbol/symbols.rs	
crates/paths/src/lib.rs	AbsPathBuf	crates/intern/src/symbol/symbols.rs	
crates/paths/src/lib.rs	RelPathBuf	crates/intern/src/symbol/symbols.rs	
crates/proc-macro-api/src/bidirectional_protocol/msg.rs	BidirectionalMessage	crates/proc-macro-api/src/legacy_protocol/msg.rs	Message
crates/proc-macro-api/src/bidirectional_protocol/msg.rs	ExpandMacro	crates/intern/src/symbol/symbols.rs	
crates/proc-macro-api/src/bidirectional_protocol/msg.rs	ExpandMacro	crates/proc-macro-api/src/bidirectional_protocol/msg.rs	ExpandMacroData
crates/proc-macro-api/src/bidirectional_protocol/msg.rs	ExpandMacroData	crates/intern/src/symbol/symbols.rs	
crates/proc-macro-api/src/bidirectional_protocol/msg.rs	ExpandMacroData	crates/proc-macro-api/src/bidirectional_protocol/msg.rs	ExpnGlobals
crates/proc-macro-api/src/bidirectional_protocol/msg.rs	ExpandMacroData	crates/proc-macro-api/src/legacy_protocol/msg/flat.rs	FlatTree
crates/proc-macro-api/src/bidirectional_protocol/msg.rs	ExpandMacroResponse	crates/intern/src/symbol/symbols.rs	
crates/proc-macro-api/src/bidirectional_protocol/msg.rs	ExpandMacroResponse	crates/proc-macro-api/src/legacy_protocol/msg/flat.rs	FlatTree
crates/proc-macro-api/src/legacy_protocol/msg.rs	ExpandMacro	crates/intern/src/symbol/symbols.rs	
crates/proc-macro-api/src/legacy_protocol/msg.rs	ExpandMacro	crates/proc-macro-api/src/legacy_protocol/msg.rs	ExpandMacroData
crates/proc-macro-api/src/legacy_protocol/msg.rs	ExpandMacroData	crates/intern/src/symbol/symbols.rs	
crates/proc-macro-api/src/legacy_protocol/msg.rs	ExpandMacroData	crates/proc-macro-api/src/legacy_protocol/msg.rs	ExpnGlobals
crates/proc-macro-api/src/legacy_protocol/msg.rs	ExpandMacroData	crates/proc-macro-api/src/legacy_protocol/msg/flat.rs	FlatTree
crates/proc-macro-api/src/legacy_protocol/msg.rs	ExpandMacroExtended	crates/proc-macro-api/src/legacy_protocol/msg/flat.rs	FlatTree
crates/proc-macro-api/src/legacy_protocol/msg.rs	Request	crates/proc-macro-api/src/legacy_protocol/msg.rs	Message
crates/proc-macro-api/src/legacy_protocol/msg.rs	Response	crates/proc-macro-api/src/legacy_protocol/msg.rs	Message
crates/proc-macro-api/src/legacy_protocol/msg.rs	ServerConfig	crates/proc-macro-api/src/legacy_protocol/msg.rs	SpanMode
crates/proc-macro-api/src/legacy_protocol/msg/flat.rs	IdentRepr	crates/proc-macro-api/src/legacy_protocol.rs	SpanId
crates/proc-macro-api/src/legacy_protocol/msg/flat.rs	LiteralRepr	crates/proc-macro-api/src/legacy_protocol.rs	SpanId
crates/proc-macro-api/src/legacy_protocol/msg/flat.rs	PunctRepr	crates/proc-macro-api/src/legacy_protocol.rs	SpanId
crates/proc-macro-api/src/legacy_protocol/msg/flat.rs	Reader	crates/proc-macro-api/src/legacy_protocol/msg/flat.rs	IdentRepr
crates/proc-macro-api/src/legacy_protocol/msg/flat.rs	Reader	crates/proc-macro-api/src/legacy_protocol/msg/flat.rs	LiteralRepr
crates/proc-macro-api/src/legacy_protocol/msg/flat.rs	Reader	crates/proc-macro-api/src/legacy_protocol/msg/flat.rs	PunctRepr
crates/proc-macro-api/src/legacy_protocol/msg/flat.rs	Reader	crates/proc-macro-api/src/legacy_protocol/msg/flat.rs	SpanTransformer
crates/proc-macro-api/src/legacy_protocol/msg/flat.rs	Reader	crates/proc-macro-api/src/legacy_protocol/msg/flat.rs	SubtreeRepr
crates/proc-macro-api/src/legacy_protocol/msg/flat.rs	SubtreeRepr	crates/proc-macro-api/src/legacy_protocol.rs	SpanId
crates/proc-macro-api/src/legacy_protocol/msg/flat.rs	Writer	crates/proc-macro-api/src/legacy_protocol/msg/flat.rs	IdentRepr
crates/proc-macro-api/src/legacy_protocol/msg/flat.rs	Writer	crates/proc-macro-api/src/legacy_protocol/msg/flat.rs	LiteralRepr
crates/proc-macro-api/src/legacy_protocol/msg/flat.rs	Writer	crates/proc-macro-api/src/legacy_protocol/msg/flat.rs	PunctRepr
crates/proc-macro-api/src/legacy_protocol/msg/flat.rs	Writer	crates/proc-macro-api/src/legacy_protocol/msg/flat.rs	SpanTransformer
crates/proc-macro-api/src/legacy_protocol/msg/flat.rs	Writer	crates/proc-macro-api/src/legacy_protocol/msg/flat.rs	SubtreeRepr
crates/proc-macro-api/src/lib.rs	MacroDylib	crates/paths/src/lib.rs	AbsPathBuf
crates/proc-macro-api/src/lib.rs	ProcMacro	crates/intern/src/symbol/symbols.rs	
crates/proc-macro-api/src/lib.rs	ProcMacro	crates/paths/src/lib.rs	AbsPathBuf
crates/proc-macro-api/src/lib.rs	ProcMacro	crates/proc-macro-api/src/lib.rs	ProcMacroKind
crates/proc-macro-api/src/lib.rs	ProcMacro	crates/proc-macro-api/src/pool.rs	ProcMacroServerPool
crates/proc-macro-api/src/lib.rs	ProcMacroClient	crates/paths/src/lib.rs	AbsPathBuf
crates/proc-macro-api/src/lib.rs	ProcMacroClient	crates/proc-macro-api/src/pool.rs	ProcMacroServerPool
crates/proc-macro-api/src/lib.rs	ServerError	crates/intern/src/symbol/symbols.rs	
crates/proc-macro-api/src/pool.rs	ProcMacroServerPool	crates/proc-macro-api/src/process.rs	ProcMacroServerProcess
crates/proc-macro-api/src/process.rs	ProcMacroServerProcess	crates/proc-macro-api/src/lib.rs	ServerError
crates/proc-macro-api/src/process.rs	ProcMacroServerProcess	crates/proc-macro-api/src/process.rs	ProcessSrvState
crates/proc-macro-api/src/process.rs	ProcMacroServerProcess	crates/proc-macro-api/src/process.rs	Protocol
crates/proc-macro-api/src/process.rs	Process	crates/proc-macro-api/src/process.rs	ProcessExit
crates/proc-macro-api/src/process.rs	Process	crates/stdx/src/lib.rs	JodChild
crates/proc-macro-api/src/process.rs	ProcessSrvState	crates/intern/src/symbol/symbols.rs	
crates/proc-macro-api/src/process.rs	ProcessSrvState	crates/proc-macro-api/src/process.rs	ProcessExit
crates/proc-macro-srv-cli/src/main.rs	ProtocolFormatArg	crates/proc-macro-api/src/lib.rs	ProtocolFormat
crates/proc-macro-srv-cli/src/version.rs	VersionInfo	crates/intern/src/symbol/symbols.rs	
crates/proc-macro-srv-cli/src/version.rs	VersionInfo	crates/proc-macro-srv-cli/src/version.rs	CommitInfo
crates/proc-macro-srv/src/dylib.rs	Expander	crates/proc-macro-srv/src/dylib.rs	ProcMacroLibrary
crates/proc-macro-srv/src/dylib.rs	Expander	crates/stdx/src/tempfile.rs	NamedTempFile
crates/proc-macro-srv/src/dylib.rs	ProcMacroLibrary	crates/proc-macro-srv/src/dylib/proc_macros.rs	ProcMacros
crates/proc-macro-srv/src/lib.rs	EnvChange	crates/intern/src/symbol/symbols.rs	
crates/proc-macro-srv/src/lib.rs	EnvChange	crates/proc-macro-srv/src/lib.rs	EnvSnapshot
crates/proc-macro-srv/src/lib.rs	EnvSnapshot	crates/intern/src/symbol/symbols.rs	
crates/proc-macro-srv/src/lib.rs	PanicMessage	crates/intern/src/symbol/symbols.rs	
crates/proc-macro-srv/src/lib.rs	ProcMacroSrv	crates/proc-macro-srv/src/lib.rs	EnvSnapshot
crates/proc-macro-srv/src/lib.rs	ProcMacroSrvSpan	crates/intern/src/symbol/symbols.rs	
crates/proc-macro-srv/src/lib.rs	TrackedEnv	crates/intern/src/symbol/symbols.rs	
crates/proc-macro-srv/src/server_impl/rust_analyzer_span.rs	RaSpanServer	crates/intern/src/symbol/symbols.rs	
crates/proc-macro-srv/src/server_impl/rust_analyzer_span.rs	RaSpanServer	crates/proc-macro-srv-cli/src/main_loop.rs	ProcMacroClientHandle
crates/proc-macro-srv/src/server_impl/rust_analyzer_span.rs	RaSpanServer	crates/proc-macro-srv/src/lib.rs	TrackedEnv
crates/proc-macro-srv/src/server_impl/rust_analyzer_span.rs	RaSpanServer	crates/span/src/ast_id.rs	ErasedFileAstId
crates/proc-macro-srv/src/server_impl/rust_analyzer_span.rs	RaSpanServer	crates/span/src/lib.rs	Span
crates/proc-macro-srv/src/server_impl/token_id.rs	SpanIdServer	crates/intern/src/symbol/symbols.rs	
crates/proc-macro-srv/src/server_impl/token_id.rs	SpanIdServer	crates/proc-macro-srv-cli/src/main_loop.rs	ProcMacroClientHandle
crates/proc-macro-srv/src/tests/utils.rs	MockCallback	crates/proc-macro-srv/src/lib.rs	ProcMacroClientInterface
crates/proc-macro-srv/src/token_stream.rs	TokenStream	crates/intern/src/symbol/symbols.rs	
crates/proc-macro-srv/src/token_stream.rs	TokenStreamIter	crates/intern/src/symbol/symbols.rs	
crates/proc-macro-srv/src/token_stream.rs	TokenStreamIter	crates/proc-macro-srv/src/token_stream.rs	TokenStream
crates/profile/src/memory_usage.rs	MemoryUsage	crates/profile/src/memory_usage.rs	Bytes
crates/profile/src/stop_watch.rs	StopWatch	crates/intern/src/symbol/symbols.rs	
crates/profile/src/stop_watch.rs	StopWatch	crates/profile/src/memory_usage.rs	MemoryUsage
crates/profile/src/stop_watch.rs	StopWatchSpan	crates/intern/src/symbol/symbols.rs	
crates/profile/src/stop_watch.rs	StopWatchSpan	crates/profile/src/memory_usage.rs	MemoryUsage
crates/project-model/src/build_dependencies.rs	BuildScriptOutput	crates/base-db/src/input.rs	Env
crates/project-model/src/build_dependencies.rs	BuildScriptOutput	crates/intern/src/symbol/symbols.rs	
crates/project-model/src/build_dependencies.rs	BuildScriptOutput	crates/paths/src/lib.rs	AbsPathBuf
crates/project-model/src/build_dependencies.rs	BuildScriptOutput	crates/project-model/src/build_dependencies.rs	ProcMacroDylibPath
crates/project-model/src/build_dependencies.rs	WorkspaceBuildScripts	crates/intern/src/symbol/symbols.rs	
crates/project-model/src/build_dependencies.rs	WorkspaceBuildScripts	crates/project-model/src/build_dependencies.rs	BuildScriptOutput
crates/project-model/src/cargo_config_file.rs	LockfileCopy	crates/project-model/src/cargo_config_file.rs	LockfileUsage
crates/project-model/src/cargo_config_file.rs	LockfileCopy	crates/stdx/src/tempfile.rs	NamedTempFile
crates/project-model/src/cargo_workspace.rs	CargoConfig	crates/intern/src/symbol/symbols.rs	
crates/project-model/src/cargo_workspace.rs	CargoConfig	crates/paths/src/lib.rs	AbsPathBuf
crates/project-model/src/cargo_workspace.rs	CargoConfig	crates/project-model/src/cargo_workspace.rs	CargoFeatures
crates/project-model/src/cargo_workspace.rs	CargoConfig	crates/project-model/src/cargo_workspace.rs	RustLibSource
crates/project-model/src/cargo_workspace.rs	CargoConfig	crates/project-model/src/cargo_workspace.rs	TargetDirectoryConfig
crates/project-model/src/cargo_workspace.rs	CargoConfig	crates/project-model/src/lib.rs	CfgOverrides
crates/project-model/src/cargo_workspace.rs	CargoFeatures	crates/intern/src/symbol/symbols.rs	
crates/project-model/src/cargo_workspace.rs	CargoMetadataConfig	crates/intern/src/symbol/symbols.rs	
crates/project-model/src/cargo_workspace.rs	CargoMetadataConfig	crates/paths/src/lib.rs	AbsPathBuf
crates/project-model/src/cargo_workspace.rs	CargoMetadataConfig	crates/project-model/src/cargo_workspace.rs	CargoFeatures
crates/project-model/src/cargo_workspace.rs	CargoWorkspace	crates/base-db/src/input.rs	Env
crates/project-model/src/cargo_workspace.rs	CargoWorkspace	crates/intern/src/symbol/symbols.rs	
crates/project-model/src/cargo_workspace.rs	CargoWorkspace	crates/paths/src/lib.rs	AbsPathBuf
crates/project-model/src/cargo_workspace.rs	CargoWorkspace	crates/project-model/src/cargo_workspace.rs	PackageData
crates/project-model/src/cargo_workspace.rs	CargoWorkspace	crates/project-model/src/cargo_workspace.rs	TargetData
crates/project-model/src/cargo_workspace.rs	CargoWorkspace	crates/project-model/src/manifest_path.rs	ManifestPath
crates/project-model/src/cargo_workspace.rs	FetchMetadata	crates/intern/src/symbol/symbols.rs	
crates/project-model/src/cargo_workspace.rs	FetchMetadata	crates/project-model/src/cargo_config_file.rs	LockfileCopy
crates/project-model/src/cargo_workspace.rs	FetchMetadata	crates/project-model/src/manifest_path.rs	ManifestPath
crates/project-model/src/cargo_workspace.rs	PackageData	crates/edition/src/lib.rs	Edition
crates/project-model/src/cargo_workspace.rs	PackageData	crates/intern/src/symbol/symbols.rs	
crates/project-model/src/cargo_workspace.rs	PackageData	crates/project-model/src/cargo_workspace.rs	PackageDependency
crates/project-model/src/cargo_workspace.rs	PackageData	crates/project-model/src/cargo_workspace.rs	RustAnalyzerPackageMetaData
crates/project-model/src/cargo_workspace.rs	PackageData	crates/project-model/src/manifest_path.rs	ManifestPath
crates/project-model/src/cargo_workspace.rs	PackageDependency	crates/project-model/src/cargo_workspace.rs	DepKind
crates/project-model/src/cargo_workspace.rs	PackageMetadata	crates/intern/src/symbol/symbols.rs	
crates/project-model/src/cargo_workspace.rs	PackageMetadata	crates/project-model/src/cargo_workspace.rs	RustAnalyzerPackageMetaData
crates/project-model/src/cargo_workspace.rs	TargetData	crates/paths/src/lib.rs	AbsPathBuf
crates/project-model/src/cargo_workspace.rs	TargetData	crates/project-model/src/cargo_workspace.rs	TargetKind
crates/project-model/src/lib.rs	ProjectJsonFromCommand	crates/paths/src/lib.rs	AbsPathBuf
crates/project-model/src/lib.rs	ProjectJsonFromCommand	crates/project-model/src/project_json.rs	ProjectJsonData
crates/project-model/src/lib.rs	RustSourceWorkspaceConfig	crates/intern/src/symbol/symbols.rs	
crates/project-model/src/manifest_path.rs	ManifestPath	crates/intern/src/symbol/symbols.rs	
crates/project-model/src/manifest_path.rs	ManifestPath	crates/paths/src/lib.rs	AbsPathBuf
crates/project-model/src/project_json.rs	Build	crates/project-model/src/cargo_workspace.rs	TargetKind
crates/project-model/src/project_json.rs	BuildData	crates/project-model/src/project_json.rs	TargetKindData
crates/project-model/src/project_json.rs	Crate	crates/base-db/src/input.rs	CrateDisplayName
crates/project-model/src/project_json.rs	Crate	crates/edition/src/lib.rs	Edition
crates/project-model/src/project_json.rs	Crate	crates/intern/src/symbol/symbols.rs	
crates/project-model/src/project_json.rs	Crate	crates/paths/src/lib.rs	AbsPathBuf
crates/project-model/src/project_json.rs	Crate	crates/project-model/src/project_json.rs	Build
crates/project-model/src/project_json.rs	Crate	crates/project-model/src/project_json.rs	Dep
crates/project-model/src/project_json.rs	CrateData	crates/intern/src/symbol/symbols.rs	
crates/project-model/src/project_json.rs	CrateData	crates/project-model/src/project_json.rs	BuildData
crates/project-model/src/project_json.rs	CrateData	crates/project-model/src/project_json.rs	CfgList
crates/project-model/src/project_json.rs	CrateData	crates/project-model/src/project_json.rs	CrateSource
crates/project-model/src/project_json.rs	CrateData	crates/project-model/src/project_json.rs	Dep
crates/project-model/src/project_json.rs	CrateData	crates/project-model/src/project_json.rs	EditionData
crates/project-model/src/project_json.rs	Dep	crates/base-db/src/input.rs	CrateName
crates/project-model/src/project_json.rs	Dep	crates/project-model/src/project_json.rs	CrateArrayIdx
crates/project-model/src/project_json.rs	ProjectJson	crates/intern/src/symbol/symbols.rs	
crates/project-model/src/project_json.rs	ProjectJson	crates/paths/src/lib.rs	AbsPathBuf
crates/project-model/src/project_json.rs	ProjectJson	crates/project-model/src/manifest_path.rs	ManifestPath
crates/project-model/src/project_json.rs	ProjectJson	crates/project-model/src/project_json.rs	Crate
crates/project-model/src/project_json.rs	ProjectJson	crates/project-model/src/project_json.rs	ProjectJson
crates/project-model/src/project_json.rs	ProjectJson	crates/project-model/src/project_json.rs	Runnable
crates/project-model/src/project_json.rs	ProjectJsonData	crates/intern/src/symbol/symbols.rs	
crates/project-model/src/project_json.rs	ProjectJsonData	crates/project-model/src/project_json.rs	CfgList
crates/project-model/src/project_json.rs	ProjectJsonData	crates/project-model/src/project_json.rs	CrateData
crates/project-model/src/project_json.rs	ProjectJsonData	crates/project-model/src/project_json.rs	ProjectJsonData
crates/project-model/src/project_json.rs	ProjectJsonData	crates/project-model/src/project_json.rs	RunnableData
crates/project-model/src/project_json.rs	Runnable	crates/intern/src/symbol/symbols.rs	
crates/project-model/src/project_json.rs	Runnable	crates/project-model/src/project_json.rs	RunnableKind
crates/project-model/src/project_json.rs	RunnableData	crates/project-model/src/project_json.rs	RunnableKindData
crates/project-model/src/project_json.rs	RunnableKind	crates/intern/src/symbol/symbols.rs	
crates/project-model/src/sysroot.rs	RustLibSrcCrateData	crates/project-model/src/manifest_path.rs	ManifestPath
crates/project-model/src/sysroot.rs	Stitched	crates/project-model/src/sysroot.rs	RustLibSrcCrateData
crates/project-model/src/sysroot.rs	Sysroot	crates/intern/src/symbol/symbols.rs	
crates/project-model/src/sysroot.rs	Sysroot	crates/paths/src/lib.rs	AbsPathBuf
crates/project-model/src/sysroot.rs	Sysroot	crates/project-model/src/sysroot.rs	RustLibSrcWorkspace
crates/project-model/src/toolchain_info/target_data.rs	TargetSpec	crates/project-model/src/toolchain_info/target_data.rs	Arch
crates/project-model/src/workspace.rs	PackageRoot	crates/paths/src/lib.rs	AbsPathBuf
crates/project-model/src/workspace.rs	ProjectWorkspace	crates/intern/src/symbol/symbols.rs	
crates/project-model/src/workspace.rs	ProjectWorkspace	crates/paths/src/lib.rs	AbsPathBuf
crates/project-model/src/workspace.rs	ProjectWorkspace	crates/project-model/src/lib.rs	CfgOverrides
crates/project-model/src/workspace.rs	ProjectWorkspace	crates/project-model/src/sysroot.rs	Sysroot
crates/project-model/src/workspace.rs	ProjectWorkspace	crates/project-model/src/workspace.rs	ProjectWorkspaceKind
crates/project-model/src/workspace.rs	SysrootPublicDeps	crates/base-db/src/input.rs	CrateName
crates/rust-analyzer/src/cli/analysis_stats.rs	PrettyItemStats	crates/intern/src/symbol/symbols.rs	
crates/rust-analyzer/src/cli/analysis_stats.rs	PrettyItemStats	crates/rust-analyzer/src/cli/analysis_stats.rs	UsizeWithUnderscore
crates/rust-analyzer/src/cli/flags.rs	AnalysisStats	crates/intern/src/symbol/symbols.rs	
crates/rust-analyzer/src/cli/flags.rs	AnalysisStats	crates/rust-analyzer/src/cli/flags.rs	OutputFormat
crates/rust-analyzer/src/cli/flags.rs	Diagnostics	crates/intern/src/symbol/symbols.rs	
crates/rust-analyzer/src/cli/flags.rs	Diagnostics	crates/rust-analyzer/src/cli/flags.rs	Severity
crates/rust-analyzer/src/cli/flags.rs	OutputFormat	crates/intern/src/symbol/symbols.rs	
crates/rust-analyzer/src/cli/flags.rs	PrimeCaches	crates/intern/src/symbol/symbols.rs	
crates/rust-analyzer/src/cli/flags.rs	RustAnalyzer	crates/intern/src/symbol/symbols.rs	
crates/rust-analyzer/src/cli/flags.rs	RustAnalyzer	crates/rust-analyzer/src/cli/flags.rs	RustAnalyzerCmd
crates/rust-analyzer/src/cli/flags.rs	RustcTests	crates/intern/src/symbol/symbols.rs	
crates/rust-analyzer/src/cli/flags.rs	Scip	crates/intern/src/symbol/symbols.rs	
crates/rust-analyzer/src/cli/flags.rs	Search	crates/ide-ssr/src/lib.rs	SsrPattern
crates/rust-analyzer/src/cli/flags.rs	Search	crates/intern/src/symbol/symbols.rs	
crates/rust-analyzer/src/cli/flags.rs	Severity	crates/intern/src/symbol/symbols.rs	
crates/rust-analyzer/src/cli/flags.rs	Ssr	crates/ide-ssr/src/lib.rs	SsrRule
crates/rust-analyzer/src/cli/flags.rs	UnresolvedReferences	crates/intern/src/symbol/symbols.rs	
crates/rust-analyzer/src/cli/lsif.rs	LsifManager	crates/ide-db/src/lib.rs	RootDatabase
crates/rust-analyzer/src/cli/lsif.rs	LsifManager	crates/ide/src/lib.rs	Analysis
crates/rust-analyzer/src/cli/lsif.rs	LsifManager	crates/ide/src/moniker.rs	PackageInformation
crates/rust-analyzer/src/cli/lsif.rs	LsifManager	crates/ide/src/static_index.rs	TokenId
crates/rust-analyzer/src/cli/lsif.rs	LsifManager	crates/rust-analyzer/src/cli/lsif.rs	Id
crates/rust-analyzer/src/cli/lsif.rs	LsifManager	crates/vfs/src/lib.rs	FileId
crates/rust-analyzer/src/cli/lsif.rs	LsifManager	crates/vfs/src/lib.rs	Vfs
crates/rust-analyzer/src/cli/lsif/vendored.rs	DeclarationTag	crates/intern/src/symbol/symbols.rs	
crates/rust-analyzer/src/cli/lsif/vendored.rs	DefinitionTag	crates/intern/src/symbol/symbols.rs	
crates/rust-analyzer/src/cli/lsif/vendored.rs	Entry	crates/rust-analyzer/src/cli/lsif/vendored.rs	Element
crates/rust-analyzer/src/cli/lsif/vendored.rs	Event	crates/rust-analyzer/src/cli/lsif/vendored.rs	EventKind
crates/rust-analyzer/src/cli/lsif/vendored.rs	Event	crates/rust-analyzer/src/cli/lsif/vendored.rs	EventScope
crates/rust-analyzer/src/cli/lsif/vendored.rs	Item	crates/intern/src/symbol/symbols.rs	
crates/rust-analyzer/src/cli/lsif/vendored.rs	Item	crates/rust-analyzer/src/cli/lsif/vendored.rs	EdgeDataMultiIn
crates/rust-analyzer/src/cli/lsif/vendored.rs	Item	crates/rust-analyzer/src/cli/lsif/vendored.rs	ItemKind
crates/rust-analyzer/src/cli/lsif/vendored.rs	MetaData	crates/intern/src/symbol/symbols.rs	
crates/rust-analyzer/src/cli/lsif/vendored.rs	MetaData	crates/rust-analyzer/src/cli/lsif/vendored.rs	Encoding
crates/rust-analyzer/src/cli/lsif/vendored.rs	MetaData	crates/rust-analyzer/src/cli/lsif/vendored.rs	ToolInfo
crates/rust-analyzer/src/cli/lsif/vendored.rs	PackageInformation	crates/intern/src/symbol/symbols.rs	
crates/rust-analyzer/src/cli/lsif/vendored.rs	PackageInformation	crates/rust-analyzer/src/cli/lsif/vendored.rs	Repository
crates/rust-analyzer/src/cli/lsif/vendored.rs	Project	crates/intern/src/symbol/symbols.rs	
crates/rust-analyzer/src/cli/lsif/vendored.rs	RangeBasedDocumentSymbol	crates/rust-analyzer/src/cli/lsif/vendored.rs	RangeBasedDocumentSymbol
crates/rust-analyzer/src/cli/lsif/vendored.rs	Repository	crates/intern/src/symbol/symbols.rs	
crates/rust-analyzer/src/cli/lsif/vendored.rs	ResultSet	crates/intern/src/symbol/symbols.rs	
crates/rust-analyzer/src/cli/lsif/vendored.rs	ToolInfo	crates/intern/src/symbol/symbols.rs	
crates/rust-analyzer/src/cli/parse.rs	JsonNode	crates/intern/src/symbol/symbols.rs	
crates/rust-analyzer/src/cli/parse.rs	JsonNode	crates/rust-analyzer/src/cli/parse.rs	JsonNode
crates/rust-analyzer/src/cli/progress_report.rs	ProgressReport	crates/intern/src/symbol/symbols.rs	
crates/rust-analyzer/src/cli/progress_report.rs	ProgressReport	crates/syntax/src/ast/generated/nodes.rs	Fn
crates/rust-analyzer/src/cli/rustc_tests.rs	Tester	crates/ide/src/lib.rs	AnalysisHost
crates/rust-analyzer/src/cli/rustc_tests.rs	Tester	crates/profile/src/stop_watch.rs	StopWatch
crates/rust-analyzer/src/cli/rustc_tests.rs	Tester	crates/vfs/src/lib.rs	FileId
crates/rust-analyzer/src/cli/scip.rs	SymbolGenerator	crates/ide/src/static_index.rs	TokenId
crates/rust-analyzer/src/cli/scip.rs	SymbolGenerator	crates/intern/src/symbol/symbols.rs	
crates/rust-analyzer/src/cli/scip.rs	SymbolGenerator	crates/rust-analyzer/src/cli/scip.rs	TokenSymbols
crates/rust-analyzer/src/cli/scip.rs	TokenSymbols	crates/intern/src/symbol/symbols.rs	
crates/rust-analyzer/src/command.rs	CommandActor	crates/intern/src/symbol/symbols.rs	
crates/rust-analyzer/src/command.rs	CommandActor	crates/rust-analyzer/src/command.rs	JsonLinesParser
crates/rust-analyzer/src/command.rs	CommandHandle	crates/intern/src/symbol/symbols.rs	
crates/rust-analyzer/src/command.rs	CommandHandle	crates/rust-analyzer/src/command.rs	JodGroupChild
crates/rust-analyzer/src/command.rs	JodGroupChild	crates/intern/src/symbol/symbols.rs	
crates/rust-analyzer/src/config.rs	ClientInfo	crates/intern/src/symbol/symbols.rs	
crates/rust-analyzer/src/config.rs	Config	crates/base-db/src/input.rs	SourceRootId
crates/rust-analyzer/src/config.rs	Config	crates/intern/src/symbol/symbols.rs	
crates/rust-analyzer/src/config.rs	Config	crates/paths/src/lib.rs	AbsPathBuf
crates/rust-analyzer/src/config.rs	Config	crates/project-model/src/lib.rs	ProjectJsonFromCommand
crates/rust-analyzer/src/config.rs	Config	crates/project-model/src/lib.rs	ProjectManifest
crates/rust-analyzer/src/config.rs	Config	crates/rust-analyzer/src/config.rs	ClientInfo
crates/rust-analyzer/src/config.rs	Config	crates/rust-analyzer/src/config.rs	ConfigErrors
crates/rust-analyzer/src/config.rs	Config	crates/rust-analyzer/src/config.rs	DefaultConfigData
crates/rust-analyzer/src/config.rs	Config	crates/rust-analyzer/src/config.rs	FullConfigInput
crates/rust-analyzer/src/config.rs	Config	crates/rust-analyzer/src/config.rs	GlobalWorkspaceLocalConfigInput
crates/rust-analyzer/src/config.rs	Config	crates/rust-analyzer/src/config.rs	RatomlFile
crates/rust-analyzer/src/config.rs	Config	crates/rust-analyzer/src/lsp/capabilities.rs	ClientCapabilities
crates/rust-analyzer/src/config.rs	ConfigChange	crates/base-db/src/input.rs	SourceRootId
crates/rust-analyzer/src/config.rs	ConfigChange	crates/intern/src/symbol/symbols.rs	
crates/rust-analyzer/src/config.rs	ConfigChange	crates/rust-analyzer/src/config.rs	RatomlFileKind
crates/rust-analyzer/src/config.rs	ConfigChange	crates/vfs/src/vfs_path.rs	VfsPath
crates/rust-analyzer/src/config.rs	ConfigErrors	crates/rust-analyzer/src/config.rs	ConfigErrorInner
crates/rust-analyzer/src/config.rs	FilesConfig	crates/paths/src/lib.rs	AbsPathBuf
crates/rust-analyzer/src/config.rs	FilesConfig	crates/rust-analyzer/src/config.rs	FilesWatcher
crates/rust-analyzer/src/config.rs	LensConfig	crates/rust-analyzer/src/config.rs	AnnotationLocation
crates/rust-analyzer/src/config.rs	LinkedProject	crates/intern/src/symbol/symbols.rs	
crates/rust-analyzer/src/config.rs	RunnablesConfig	crates/intern/src/symbol/symbols.rs	
crates/rust-analyzer/src/config.rs	RunnablesConfig	crates/paths/src/lib.rs	AbsPathBuf
crates/rust-analyzer/src/config.rs	SnippetDef	crates/intern/src/symbol/symbols.rs	
crates/rust-analyzer/src/config.rs	SnippetDef	crates/rust-analyzer/src/config.rs	SnippetScopeDef
crates/rust-analyzer/src/config.rs	SnippetDefRepr	crates/intern/src/symbol/symbols.rs	
crates/rust-analyzer/src/config.rs	SnippetDefRepr	crates/rust-analyzer/src/config.rs	SnippetScopeDef
crates/rust-analyzer/src/config.rs	WorkspaceSymbolConfig	crates/rust-analyzer/src/lsp/ext.rs	WorkspaceSymbolSearchKind
crates/rust-analyzer/src/config.rs	WorkspaceSymbolConfig	crates/rust-analyzer/src/lsp/ext.rs	WorkspaceSymbolSearchScope
crates/rust-analyzer/src/diagnostics.rs	DiagnosticCollection	crates/rust-analyzer/src/diagnostics.rs	WorkspaceFlycheckDiagnostic
crates/rust-analyzer/src/diagnostics.rs	DiagnosticCollection	crates/vfs/src/lib.rs	FileId
crates/rust-analyzer/src/diagnostics.rs	PackageFlycheckDiagnostic	crates/vfs/src/lib.rs	FileId
crates/rust-analyzer/src/diagnostics.rs	WorkspaceFlycheckDiagnostic	crates/intern/src/symbol/symbols.rs	
crates/rust-analyzer/src/diagnostics.rs	WorkspaceFlycheckDiagnostic	crates/rust-analyzer/src/diagnostics.rs	PackageFlycheckDiagnostic
crates/rust-analyzer/src/diagnostics.rs	WorkspaceFlycheckDiagnostic	crates/rust-analyzer/src/flycheck.rs	PackageSpecifier
crates/rust-analyzer/src/diagnostics/flycheck_to_proto.rs	MappedRustDiagnostic	crates/intern/src/symbol/symbols.rs	
crates/rust-analyzer/src/diagnostics/flycheck_to_proto.rs	MappedRustDiagnostic	crates/rust-analyzer/src/diagnostics.rs	Fix
crates/rust-analyzer/src/diagnostics/flycheck_to_proto.rs	SubDiagnostic	crates/intern/src/symbol/symbols.rs	
crates/rust-analyzer/src/diagnostics/flycheck_to_proto.rs	SubDiagnostic	crates/rust-analyzer/src/diagnostics.rs	Fix
crates/rust-analyzer/src/discover.rs	DiscoverCommand	crates/rust-analyzer/src/discover.rs	DiscoverProjectMessage
crates/rust-analyzer/src/discover.rs	DiscoverHandle	crates/rust-analyzer/src/command.rs	CommandHandle
crates/rust-analyzer/src/discover.rs	DiscoverHandle	crates/rust-analyzer/src/discover.rs	DiscoverProjectMessage
crates/rust-analyzer/src/discover.rs	DiscoverProjectParser	crates/rust-analyzer/src/command.rs	JsonLinesParser
crates/rust-analyzer/src/flycheck.rs	CargoOptions	crates/intern/src/symbol/symbols.rs	
crates/rust-analyzer/src/flycheck.rs	CargoOptions	crates/paths/src/lib.rs	AbsPathBuf
crates/rust-analyzer/src/flycheck.rs	CargoOptions	crates/project-model/src/cargo_workspace.rs	TargetDirectoryConfig
crates/rust-analyzer/src/flycheck.rs	CheckParser	crates/rust-analyzer/src/command.rs	JsonLinesParser
crates/rust-analyzer/src/flycheck.rs	FlycheckActor	crates/intern/src/symbol/symbols.rs	
crates/rust-analyzer/src/flycheck.rs	FlycheckActor	crates/paths/src/lib.rs	AbsPathBuf
crates/rust-analyzer/src/flycheck.rs	FlycheckActor	crates/rust-analyzer/src/command.rs	CommandHandle
crates/rust-analyzer/src/flycheck.rs	FlycheckActor	crates/rust-analyzer/src/flycheck.rs	CheckMessage
crates/rust-analyzer/src/flycheck.rs	FlycheckActor	crates/rust-analyzer/src/flycheck.rs	DiagnosticsReceived
crates/rust-analyzer/src/flycheck.rs	FlycheckActor	crates/rust-analyzer/src/flycheck.rs	FlycheckConfig
crates/rust-analyzer/src/flycheck.rs	FlycheckActor	crates/rust-analyzer/src/flycheck.rs	FlycheckConfigJson
crates/rust-analyzer/src/flycheck.rs	FlycheckActor	crates/rust-analyzer/src/flycheck.rs	FlycheckMessage
crates/rust-analyzer/src/flycheck.rs	FlycheckActor	crates/rust-analyzer/src/flycheck.rs	FlycheckScope
crates/rust-analyzer/src/flycheck.rs	FlycheckActor	crates/rust-analyzer/src/flycheck.rs	PackageSpecifier
crates/rust-analyzer/src/flycheck.rs	FlycheckConfigJson	crates/intern/src/symbol/symbols.rs	
crates/rust-analyzer/src/flycheck.rs	FlycheckHandle	crates/rust-analyzer/src/flycheck.rs	StateChange
crates/rust-analyzer/src/flycheck.rs	Substitutions	crates/intern/src/symbol/symbols.rs	
crates/rust-analyzer/src/global_state.rs	FetchBuildDataResponse	crates/project-model/src/build_dependencies.rs	WorkspaceBuildScripts
crates/rust-analyzer/src/global_state.rs	FetchBuildDataResponse	crates/project-model/src/workspace.rs	ProjectWorkspace
crates/rust-analyzer/src/global_state.rs	FetchWorkspaceRequest	crates/intern/src/symbol/symbols.rs	
crates/rust-analyzer/src/global_state.rs	FetchWorkspaceRequest	crates/paths/src/lib.rs	AbsPathBuf
crates/rust-analyzer/src/global_state.rs	FetchWorkspaceResponse	crates/project-model/src/workspace.rs	ProjectWorkspace
crates/rust-analyzer/src/global_state.rs	GlobalState	crates/base-db/src/input.rs	SourceRootId
crates/rust-analyzer/src/global_state.rs	GlobalState	crates/hir-expand/src/change.rs	ChangeWithProcMacros
crates/rust-analyzer/src/global_state.rs	GlobalState	crates/ide/src/lib.rs	AnalysisHost
crates/rust-analyzer/src/global_state.rs	GlobalState	crates/intern/src/symbol/symbols.rs	
crates/rust-analyzer/src/global_state.rs	GlobalState	crates/load-cargo/src/lib.rs	SourceRootConfig
crates/rust-analyzer/src/global_state.rs	GlobalState	crates/proc-macro-api/src/lib.rs	ProcMacroClient
crates/rust-analyzer/src/global_state.rs	GlobalState	crates/project-model/src/manifest_path.rs	ManifestPath
crates/rust-analyzer/src/global_state.rs	GlobalState	crates/project-model/src/workspace.rs	ProjectWorkspace
crates/rust-analyzer/src/global_state.rs	GlobalState	crates/rust-analyzer/src/config.rs	ConfigErrors
crates/rust-analyzer/src/global_state.rs	GlobalState	crates/rust-analyzer/src/diagnostics.rs	DiagnosticCollection
crates/rust-analyzer/src/global_state.rs	GlobalState	crates/rust-analyzer/src/flycheck.rs	FlycheckHandle
crates/rust-analyzer/src/global_state.rs	GlobalState	crates/rust-analyzer/src/flycheck.rs	FlycheckMessage
crates/rust-analyzer/src/global_state.rs	GlobalState	crates/rust-analyzer/src/global_state.rs	FetchBuildDataResponse
crates/rust-analyzer/src/global_state.rs	GlobalState	crates/rust-analyzer/src/global_state.rs	FetchWorkspaceRequest
crates/rust-analyzer/src/global_state.rs	GlobalState	crates/rust-analyzer/src/global_state.rs	FetchWorkspaceResponse
crates/rust-analyzer/src/global_state.rs	GlobalState	crates/rust-analyzer/src/global_state.rs	Handle
crates/rust-analyzer/src/global_state.rs	GlobalState	crates/rust-analyzer/src/global_state.rs	MiniCoreRustAnalyzerInternalOnly
crates/rust-analyzer/src/global_state.rs	GlobalState	crates/rust-analyzer/src/line_index.rs	LineEndings
crates/rust-analyzer/src/global_state.rs	GlobalState	crates/rust-analyzer/src/main_loop.rs	Task
crates/rust-analyzer/src/global_state.rs	GlobalState	crates/rust-analyzer/src/mem_docs.rs	MemDocs
crates/rust-analyzer/src/global_state.rs	GlobalState	crates/rust-analyzer/src/op_queue.rs	OpQueue
crates/rust-analyzer/src/global_state.rs	GlobalState	crates/rust-analyzer/src/task_pool.rs	DeferredTaskQueue
crates/rust-analyzer/src/global_state.rs	GlobalState	crates/rust-analyzer/src/task_pool.rs	TaskPool
crates/rust-analyzer/src/global_state.rs	GlobalState	crates/rust-analyzer/src/test_runner.rs	CargoTestHandle
crates/rust-analyzer/src/global_state.rs	GlobalState	crates/rust-analyzer/src/test_runner.rs	CargoTestMessage
crates/rust-analyzer/src/global_state.rs	GlobalState	crates/vfs/src/lib.rs	FileId
crates/rust-analyzer/src/global_state.rs	GlobalStateSnapshot	crates/ide/src/lib.rs	Analysis
crates/rust-analyzer/src/global_state.rs	GlobalStateSnapshot	crates/project-model/src/workspace.rs	ProjectWorkspace
crates/rust-analyzer/src/global_state.rs	GlobalStateSnapshot	crates/rust-analyzer/src/flycheck.rs	FlycheckHandle
crates/rust-analyzer/src/global_state.rs	GlobalStateSnapshot	crates/rust-analyzer/src/global_state.rs	MiniCoreRustAnalyzerInternalOnly
crates/rust-analyzer/src/global_state.rs	GlobalStateSnapshot	crates/rust-analyzer/src/line_index.rs	LineEndings
crates/rust-analyzer/src/global_state.rs	GlobalStateSnapshot	crates/rust-analyzer/src/mem_docs.rs	MemDocs
crates/rust-analyzer/src/global_state.rs	GlobalStateSnapshot	crates/vfs/src/lib.rs	FileId
crates/rust-analyzer/src/global_state.rs	Handle	crates/intern/src/symbol/symbols.rs	
crates/rust-analyzer/src/global_state.rs	MiniCoreRustAnalyzerInternalOnly	crates/intern/src/symbol/symbols.rs	
crates/rust-analyzer/src/handlers/dispatch.rs	NotificationDispatcher	crates/intern/src/symbol/symbols.rs	
crates/rust-analyzer/src/handlers/dispatch.rs	NotificationDispatcher	crates/rust-analyzer/src/global_state.rs	GlobalState
crates/rust-analyzer/src/handlers/dispatch.rs	RequestDispatcher	crates/intern/src/symbol/symbols.rs	
crates/rust-analyzer/src/handlers/dispatch.rs	RequestDispatcher	crates/rust-analyzer/src/global_state.rs	GlobalState
crates/rust-analyzer/src/line_index.rs	LineIndex	crates/rust-analyzer/src/line_index.rs	LineEndings
crates/rust-analyzer/src/line_index.rs	LineIndex	crates/rust-analyzer/src/line_index.rs	PositionEncoding
crates/rust-analyzer/src/lsp/ext.rs	AnalyzerStatusParams	crates/intern/src/symbol/symbols.rs	
crates/rust-analyzer/src/lsp/ext.rs	CargoRunnableArgs	crates/intern/src/symbol/symbols.rs	
crates/rust-analyzer/src/lsp/ext.rs	ChangeTestStateParams	crates/rust-analyzer/src/lsp/ext.rs	TestState
crates/rust-analyzer/src/lsp/ext.rs	CodeAction	crates/intern/src/symbol/symbols.rs	
crates/rust-analyzer/src/lsp/ext.rs	CodeAction	crates/rust-analyzer/src/lsp/ext.rs	CodeActionData
crates/rust-analyzer/src/lsp/ext.rs	CodeAction	crates/rust-analyzer/src/lsp/ext.rs	SnippetWorkspaceEdit
crates/rust-analyzer/src/lsp/ext.rs	CodeActionData	crates/intern/src/symbol/symbols.rs	
crates/rust-analyzer/src/lsp/ext.rs	CodeLensResolveData	crates/rust-analyzer/src/lsp/ext.rs	CodeLensResolveDataKind
crates/rust-analyzer/src/lsp/ext.rs	CommandLink	crates/intern/src/symbol/symbols.rs	
crates/rust-analyzer/src/lsp/ext.rs	CommandLinkGroup	crates/intern/src/symbol/symbols.rs	
crates/rust-analyzer/src/lsp/ext.rs	CommandLinkGroup	crates/rust-analyzer/src/lsp/ext.rs	CommandLink
crates/rust-analyzer/src/lsp/ext.rs	CompletionResolveData	crates/intern/src/symbol/symbols.rs	
crates/rust-analyzer/src/lsp/ext.rs	CompletionResolveData	crates/rust-analyzer/src/lsp/ext.rs	CompletionImport
crates/rust-analyzer/src/lsp/ext.rs	CrateInfoResult	crates/intern/src/symbol/symbols.rs	
crates/rust-analyzer/src/lsp/ext.rs	DiscoverTestParams	crates/intern/src/symbol/symbols.rs	
crates/rust-analyzer/src/lsp/ext.rs	DiscoverTestResults	crates/intern/src/symbol/symbols.rs	
crates/rust-analyzer/src/lsp/ext.rs	DiscoverTestResults	crates/rust-analyzer/src/lsp/ext.rs	TestItem
crates/rust-analyzer/src/lsp/ext.rs	EvaluatePredicateParams	crates/syntax/src/syntax_editor.rs	Position
crates/rust-analyzer/src/lsp/ext.rs	EvaluatePredicateResult	crates/rust-analyzer/src/lsp/ext.rs	PredicateEvaluationStatus
crates/rust-analyzer/src/lsp/ext.rs	ExpandMacroParams	crates/syntax/src/syntax_editor.rs	Position
crates/rust-analyzer/src/lsp/ext.rs	ExternalDocsPair	crates/intern/src/symbol/symbols.rs	
crates/rust-analyzer/src/lsp/ext.rs	ExternalDocsResponse	crates/intern/src/symbol/symbols.rs	
crates/rust-analyzer/src/lsp/ext.rs	FetchDependencyListResult	crates/rust-analyzer/src/lsp/ext.rs	CrateInfoResult
crates/rust-analyzer/src/lsp/ext.rs	GetFailedObligationsParams	crates/syntax/src/syntax_editor.rs	Position
crates/rust-analyzer/src/lsp/ext.rs	Hover	crates/rust-analyzer/src/lsp/ext.rs	CommandLinkGroup
crates/rust-analyzer/src/lsp/ext.rs	HoverParams	crates/rust-analyzer/src/lsp/ext.rs	PositionOrRange
crates/rust-analyzer/src/lsp/ext.rs	InlayHintResolveData	crates/intern/src/symbol/symbols.rs	
crates/rust-analyzer/src/lsp/ext.rs	InternalTestingFetchConfigParams	crates/intern/src/symbol/symbols.rs	
crates/rust-analyzer/src/lsp/ext.rs	InternalTestingFetchConfigParams	crates/rust-analyzer/src/lsp/ext.rs	InternalTestingFetchConfigOption
crates/rust-analyzer/src/lsp/ext.rs	JoinLinesParams	crates/intern/src/symbol/symbols.rs	
crates/rust-analyzer/src/lsp/ext.rs	MatchingBraceParams	crates/syntax/src/syntax_editor.rs	Position
crates/rust-analyzer/src/lsp/ext.rs	MoveItemParams	crates/intern/src/symbol/symbols.rs	
crates/rust-analyzer/src/lsp/ext.rs	MoveItemParams	crates/rust-analyzer/src/lsp/ext.rs	MoveItemDirection
crates/rust-analyzer/src/lsp/ext.rs	RecursiveMemoryLayout	crates/rust-analyzer/src/lsp/ext.rs	MemoryLayoutNode
crates/rust-analyzer/src/lsp/ext.rs	RunFlycheckParams	crates/intern/src/symbol/symbols.rs	
crates/rust-analyzer/src/lsp/ext.rs	RunTestParams	crates/intern/src/symbol/symbols.rs	
crates/rust-analyzer/src/lsp/ext.rs	Runnable	crates/intern/src/symbol/symbols.rs	
crates/rust-analyzer/src/lsp/ext.rs	Runnable	crates/rust-analyzer/src/lsp/ext.rs	RunnableArgs
crates/rust-analyzer/src/lsp/ext.rs	RunnablesParams	crates/intern/src/symbol/symbols.rs	
crates/rust-analyzer/src/lsp/ext.rs	RunnablesParams	crates/syntax/src/syntax_editor.rs	Position
crates/rust-analyzer/src/lsp/ext.rs	ServerStatusParams	crates/intern/src/symbol/symbols.rs	
crates/rust-analyzer/src/lsp/ext.rs	ServerStatusParams	crates/rust-analyzer/src/lsp/ext.rs	Health
crates/rust-analyzer/src/lsp/ext.rs	SnippetTextDocumentEdit	crates/rust-analyzer/src/lsp/ext.rs	SnippetTextEdit
crates/rust-analyzer/src/lsp/ext.rs	SnippetTextEdit	crates/intern/src/symbol/symbols.rs	
crates/rust-analyzer/src/lsp/ext.rs	SnippetWorkspaceEdit	crates/intern/src/symbol/symbols.rs	
crates/rust-analyzer/src/lsp/ext.rs	SnippetWorkspaceEdit	crates/rust-analyzer/src/lsp/ext.rs	SnippetDocumentChangeOperation
crates/rust-analyzer/src/lsp/ext.rs	TestInfo	crates/rust-analyzer/src/lsp/ext.rs	Runnable
crates/rust-analyzer/src/lsp/ext.rs	TestItem	crates/intern/src/symbol/symbols.rs	
crates/rust-analyzer/src/lsp/ext.rs	TestItem	crates/rust-analyzer/src/lsp/ext.rs	Runnable
crates/rust-analyzer/src/lsp/ext.rs	TestItem	crates/rust-analyzer/src/lsp/ext.rs	TestItemKind
crates/rust-analyzer/src/lsp/ext.rs	WorkspaceSymbolParams	crates/intern/src/symbol/symbols.rs	
crates/rust-analyzer/src/lsp/ext.rs	WorkspaceSymbolParams	crates/rust-analyzer/src/lsp/ext.rs	WorkspaceSymbolSearchKind
crates/rust-analyzer/src/lsp/ext.rs	WorkspaceSymbolParams	crates/rust-analyzer/src/lsp/ext.rs	WorkspaceSymbolSearchScope
crates/rust-analyzer/src/mem_docs.rs	MemDocs	crates/rust-analyzer/src/mem_docs.rs	DocumentData
crates/rust-analyzer/src/mem_docs.rs	MemDocs	crates/vfs/src/vfs_path.rs	VfsPath
crates/rust-analyzer/src/op_queue.rs	OpQueue	crates/intern/src/symbol/symbols.rs	
crates/rust-analyzer/src/target_spec.rs	CargoTargetSpec	crates/intern/src/symbol/symbols.rs	
crates/rust-analyzer/src/target_spec.rs	CargoTargetSpec	crates/paths/src/lib.rs	AbsPathBuf
crates/rust-analyzer/src/target_spec.rs	CargoTargetSpec	crates/project-model/src/cargo_workspace.rs	TargetKind
crates/rust-analyzer/src/target_spec.rs	CargoTargetSpec	crates/project-model/src/manifest_path.rs	ManifestPath
crates/rust-analyzer/src/target_spec.rs	ProjectJsonTargetSpec	crates/paths/src/lib.rs	AbsPathBuf
crates/rust-analyzer/src/target_spec.rs	ProjectJsonTargetSpec	crates/project-model/src/cargo_workspace.rs	TargetKind
crates/rust-analyzer/src/target_spec.rs	ProjectJsonTargetSpec	crates/project-model/src/project_json.rs	Runnable
crates/rust-analyzer/src/task_pool.rs	DeferredTaskQueue	crates/rust-analyzer/src/main_loop.rs	DeferredTask
crates/rust-analyzer/src/task_pool.rs	TaskPool	crates/stdx/src/thread/pool.rs	Pool
crates/rust-analyzer/src/test_runner.rs	CargoTestHandle	crates/rust-analyzer/src/command.rs	CommandHandle
crates/rust-analyzer/src/test_runner.rs	CargoTestHandle	crates/rust-analyzer/src/test_runner.rs	CargoTestMessage
crates/rust-analyzer/src/test_runner.rs	CargoTestMessage	crates/rust-analyzer/src/test_runner.rs	CargoTestOutput
crates/rust-analyzer/src/test_runner.rs	CargoTestMessage	crates/rust-analyzer/src/test_runner.rs	TestTarget
crates/rust-analyzer/src/test_runner.rs	CargoTestOutputParser	crates/rust-analyzer/src/command.rs	JsonLinesParser
crates/rust-analyzer/src/test_runner.rs	CargoTestOutputParser	crates/rust-analyzer/src/test_runner.rs	TestTarget
crates/rust-analyzer/src/test_runner.rs	TestTarget	crates/project-model/src/cargo_workspace.rs	TargetKind
crates/rust-analyzer/src/tracing/config.rs	Config	crates/intern/src/symbol/symbols.rs	
crates/rust-analyzer/src/tracing/hprof.rs	Data	crates/rust-analyzer/src/tracing/hprof.rs	Node
crates/rust-analyzer/src/tracing/hprof.rs	Node	crates/rust-analyzer/src/tracing/hprof.rs	Node
crates/rust-analyzer/src/tracing/hprof.rs	SpanTree	crates/rust-analyzer/src/tracing/hprof.rs	WriteFilter
crates/rust-analyzer/src/tracing/json.rs	JsonFilter	crates/intern/src/symbol/symbols.rs	
crates/rust-analyzer/src/version.rs	VersionInfo	crates/intern/src/symbol/symbols.rs	
crates/rust-analyzer/src/version.rs	VersionInfo	crates/rust-analyzer/src/version.rs	CommitInfo
crates/span/src/ast_id.rs	AstIdMap	crates/intern/src/symbol/symbols.rs	
crates/span/src/ast_id.rs	AstIdMap	crates/span/src/ast_id.rs	ErasedFileAstId
crates/span/src/ast_id.rs	AstIdNode	crates/syntax/src/ast.rs	AstNode
crates/span/src/ast_id.rs	BlockExprFileAstId	crates/intern/src/symbol/symbols.rs	
crates/span/src/ast_id.rs	BlockExprFileAstId	crates/span/src/ast_id.rs	ErasedFileAstId
crates/span/src/ast_id.rs	ErasedAssocItemFileAstId	crates/intern/src/symbol/symbols.rs	
crates/span/src/ast_id.rs	ErasedAssocItemFileAstId	crates/span/src/ast_id.rs	ErasedFileAstId
crates/span/src/ast_id.rs	ErasedAssocItemFileAstId	crates/span/src/ast_id.rs	ErasedHasNameFileAstId
crates/span/src/ast_id.rs	ErasedAstIdNextIndexMap	crates/span/src/ast_id.rs	ErasedFileAstIdKind
crates/span/src/ast_id.rs	FileAstId	crates/intern/src/symbol/symbols.rs	
crates/span/src/ast_id.rs	FileAstId	crates/span/src/ast_id.rs	ErasedFileAstId
crates/span/src/ast_id.rs	ImplFileAstId	crates/intern/src/symbol/symbols.rs	
crates/span/src/hygiene.rs	SyntaxContext	crates/span/src/hygiene.rs	SyntaxContext
crates/span/src/lib.rs	Span	crates/span/src/hygiene.rs	SyntaxContext
crates/span/src/lib.rs	Span	crates/span/src/lib.rs	SpanAnchor
crates/span/src/lib.rs	SpanAnchor	crates/span/src/ast_id.rs	ErasedFileAstId
crates/span/src/lib.rs	SpanAnchor	crates/span/src/lib.rs	EditionedFileId
crates/span/src/map.rs	RealSpanMap	crates/intern/src/symbol/symbols.rs	
crates/span/src/map.rs	RealSpanMap	crates/span/src/ast_id.rs	ErasedFileAstId
crates/span/src/map.rs	SpanMap	crates/intern/src/symbol/symbols.rs	
crates/stdx/src/anymap.rs	Entry	crates/stdx/src/anymap.rs	Downcast
crates/stdx/src/anymap.rs	Entry	crates/stdx/src/anymap.rs	IntoBox
crates/stdx/src/anymap.rs	IntoBox	crates/stdx/src/anymap.rs	Downcast
crates/stdx/src/anymap.rs	Map	crates/intern/src/symbol/symbols.rs	
crates/stdx/src/anymap.rs	Map	crates/stdx/src/anymap.rs	Downcast
crates/stdx/src/anymap.rs	OccupiedEntry	crates/intern/src/symbol/symbols.rs	
crates/stdx/src/anymap.rs	OccupiedEntry	crates/stdx/src/anymap.rs	Downcast
crates/stdx/src/anymap.rs	OccupiedEntry	crates/stdx/src/anymap.rs	IntoBox
crates/stdx/src/anymap.rs	VacantEntry	crates/intern/src/symbol/symbols.rs	
crates/stdx/src/anymap.rs	VacantEntry	crates/stdx/src/anymap.rs	Downcast
crates/stdx/src/anymap.rs	VacantEntry	crates/stdx/src/anymap.rs	IntoBox
crates/stdx/src/tempfile.rs	NamedTempFile	crates/intern/src/symbol/symbols.rs	
crates/stdx/src/thread.rs	Builder	crates/stdx/src/thread/intent.rs	ThreadIntent
crates/stdx/src/thread.rs	JoinHandle	crates/intern/src/symbol/symbols.rs	
crates/stdx/src/thread/pool.rs	Job	crates/intern/src/symbol/symbols.rs	
crates/stdx/src/thread/pool.rs	Job	crates/stdx/src/thread/intent.rs	ThreadIntent
crates/stdx/src/thread/pool.rs	Pool	crates/intern/src/symbol/symbols.rs	
crates/stdx/src/thread/pool.rs	Pool	crates/stdx/src/thread.rs	JoinHandle
crates/stdx/src/thread/pool.rs	Pool	crates/stdx/src/thread/pool.rs	Job
crates/stdx/src/thread/pool.rs	Scope	crates/stdx/src/thread/pool.rs	Pool
crates/stdx/src/variance.rs	Variance	crates/intern/src/symbol/symbols.rs	
crates/syntax-bridge/src/lib.rs	Converter	crates/intern/src/symbol/symbols.rs	
crates/syntax-bridge/src/lib.rs	Converter	crates/span/src/lib.rs	Span
crates/syntax-bridge/src/lib.rs	Converter	crates/span/src/map.rs	SpanMap
crates/syntax-bridge/src/lib.rs	Converter	crates/syntax-bridge/src/lib.rs	DocCommentDesugarMode
crates/syntax-bridge/src/lib.rs	Converter	crates/syntax-bridge/src/lib.rs	SpanMapper
crates/syntax-bridge/src/lib.rs	Converter	crates/syntax-bridge/src/lib.rs	TokenConverter
crates/syntax-bridge/src/lib.rs	DummyTestSpanMap	crates/syntax-bridge/src/lib.rs	SpanMapper
crates/syntax-bridge/src/lib.rs	RawConverter	crates/span/src/hygiene.rs	SyntaxContext
crates/syntax-bridge/src/lib.rs	RawConverter	crates/span/src/lib.rs	SpanAnchor
crates/syntax-bridge/src/lib.rs	RawConverter	crates/syntax-bridge/src/lib.rs	DocCommentDesugarMode
crates/syntax-bridge/src/lib.rs	RawConverter	crates/syntax-bridge/src/lib.rs	TokenConverter
crates/syntax-bridge/src/lib.rs	StaticRawConverter	crates/span/src/lib.rs	Span
crates/syntax-bridge/src/lib.rs	StaticRawConverter	crates/syntax-bridge/src/lib.rs	DocCommentDesugarMode
crates/syntax-bridge/src/lib.rs	StaticRawConverter	crates/syntax-bridge/src/lib.rs	TokenConverter
crates/syntax-bridge/src/lib.rs	SynToken	crates/syntax-bridge/src/lib.rs	SrcToken
crates/syntax-bridge/src/lib.rs	TtTreeSink	crates/span/src/map.rs	SpanMap
crates/syntax-bridge/src/lib.rs	TtTreeSink	crates/syntax/src/syntax_node.rs	SyntaxTreeBuilder
crates/syntax-bridge/src/lib.rs	TtTreeSink	crates/tt/src/buffer.rs	Cursor
crates/syntax/src/ast.rs	AstChildren	crates/intern/src/symbol/symbols.rs	
crates/syntax/src/ast.rs	AstChildren	crates/syntax/src/ast.rs	AstNode
crates/syntax/src/ast/edit.rs	AstNodeEdit	crates/intern/src/symbol/symbols.rs	
crates/syntax/src/ast/edit.rs	AstNodeEdit	crates/syntax/src/ast.rs	AstNode
crates/syntax/src/ast/edit.rs	IndentLevel	crates/intern/src/symbol/symbols.rs	
crates/syntax/src/ast/expr_ext.rs	CallableExpr	crates/syntax/src/ast.rs	AstNode
crates/syntax/src/ast/expr_ext.rs	ElseBranch	crates/intern/src/symbol/symbols.rs	
crates/syntax/src/ast/expr_ext.rs	ElseBranch	crates/syntax/src/ast.rs	AstNode
crates/syntax/src/ast/generated/nodes.rs	Abi	crates/intern/src/symbol/symbols.rs	
crates/syntax/src/ast/generated/nodes.rs	Abi	crates/syntax/src/ast.rs	AstNode
crates/syntax/src/ast/generated/nodes.rs	Adt	crates/intern/src/symbol/symbols.rs	
crates/syntax/src/ast/generated/nodes.rs	Adt	crates/syntax/src/ast.rs	AstNode
crates/syntax/src/ast/generated/nodes.rs	AnyHasArgList	crates/intern/src/symbol/symbols.rs	
crates/syntax/src/ast/generated/nodes.rs	AnyHasArgList	crates/syntax/src/ast.rs	AstNode
crates/syntax/src/ast/generated/nodes.rs	AnyHasAttrs	crates/intern/src/symbol/symbols.rs	
crates/syntax/src/ast/generated/nodes.rs	AnyHasAttrs	crates/syntax/src/ast.rs	AstNode
crates/syntax/src/ast/generated/nodes.rs	AnyHasDocComments	crates/intern/src/symbol/symbols.rs	
crates/syntax/src/ast/generated/nodes.rs	AnyHasDocComments	crates/syntax/src/ast.rs	AstNode
crates/syntax/src/ast/generated/nodes.rs	AnyHasGenericArgs	crates/intern/src/symbol/symbols.rs	
crates/syntax/src/ast/generated/nodes.rs	AnyHasGenericArgs	crates/syntax/src/ast.rs	AstNode
crates/syntax/src/ast/generated/nodes.rs	AnyHasGenericParams	crates/intern/src/symbol/symbols.rs	
crates/syntax/src/ast/generated/nodes.rs	AnyHasGenericParams	crates/syntax/src/ast.rs	AstNode
crates/syntax/src/ast/generated/nodes.rs	AnyHasLoopBody	crates/intern/src/symbol/symbols.rs	
crates/syntax/src/ast/generated/nodes.rs	AnyHasLoopBody	crates/syntax/src/ast.rs	AstNode
crates/syntax/src/ast/generated/nodes.rs	AnyHasModuleItem	crates/intern/src/symbol/symbols.rs	
crates/syntax/src/ast/generated/nodes.rs	AnyHasModuleItem	crates/syntax/src/ast.rs	AstNode
crates/syntax/src/ast/generated/nodes.rs	AnyHasName	crates/intern/src/symbol/symbols.rs	
crates/syntax/src/ast/generated/nodes.rs	AnyHasName	crates/syntax/src/ast.rs	AstNode
crates/syntax/src/ast/generated/nodes.rs	AnyHasTypeBounds	crates/intern/src/symbol/symbols.rs	
crates/syntax/src/ast/generated/nodes.rs	AnyHasTypeBounds	crates/syntax/src/ast.rs	AstNode
crates/syntax/src/ast/generated/nodes.rs	AnyHasVisibility	crates/intern/src/symbol/symbols.rs	
crates/syntax/src/ast/generated/nodes.rs	AnyHasVisibility	crates/syntax/src/ast.rs	AstNode
crates/syntax/src/ast/generated/nodes.rs	ArgList	crates/intern/src/symbol/symbols.rs	
crates/syntax/src/ast/generated/nodes.rs	ArgList	crates/syntax/src/ast.rs	AstNode
crates/syntax/src/ast/generated/nodes.rs	ArrayExpr	crates/intern/src/symbol/symbols.rs	
crates/syntax/src/ast/generated/nodes.rs	ArrayExpr	crates/syntax/src/ast.rs	AstNode
crates/syntax/src/ast/generated/nodes.rs	ArrayType	crates/intern/src/symbol/symbols.rs	
crates/syntax/src/ast/generated/nodes.rs	ArrayType	crates/syntax/src/ast.rs	AstNode
crates/syntax/src/ast/generated/nodes.rs	AsmClobberAbi	crates/intern/src/symbol/symbols.rs	
crates/syntax/src/ast/generated/nodes.rs	AsmClobberAbi	crates/syntax/src/ast.rs	AstNode
crates/syntax/src/ast/generated/nodes.rs	AsmConst	crates/intern/src/symbol/symbols.rs	
crates/syntax/src/ast/generated/nodes.rs	AsmConst	crates/syntax/src/ast.rs	AstNode
crates/syntax/src/ast/generated/nodes.rs	AsmDirSpec	crates/intern/src/symbol/symbols.rs	
crates/syntax/src/ast/generated/nodes.rs	AsmDirSpec	crates/syntax/src/ast.rs	AstNode
crates/syntax/src/ast/generated/nodes.rs	AsmExpr	crates/intern/src/symbol/symbols.rs	
crates/syntax/src/ast/generated/nodes.rs	AsmExpr	crates/syntax/src/ast.rs	AstNode
crates/syntax/src/ast/generated/nodes.rs	AsmLabel	crates/intern/src/symbol/symbols.rs	
crates/syntax/src/ast/generated/nodes.rs	AsmLabel	crates/syntax/src/ast.rs	AstNode
crates/syntax/src/ast/generated/nodes.rs	AsmOperand	crates/intern/src/symbol/symbols.rs	
crates/syntax/src/ast/generated/nodes.rs	AsmOperand	crates/syntax/src/ast.rs	AstNode
crates/syntax/src/ast/generated/nodes.rs	AsmOperandExpr	crates/intern/src/symbol/symbols.rs	
crates/syntax/src/ast/generated/nodes.rs	AsmOperandExpr	crates/syntax/src/ast.rs	AstNode
crates/syntax/src/ast/generated/nodes.rs	AsmOperandNamed	crates/intern/src/symbol/symbols.rs	
crates/syntax/src/ast/generated/nodes.rs	AsmOperandNamed	crates/syntax/src/ast.rs	AstNode
crates/syntax/src/ast/generated/nodes.rs	AsmOption	crates/intern/src/symbol/symbols.rs	
crates/syntax/src/ast/generated/nodes.rs	AsmOption	crates/syntax/src/ast.rs	AstNode
crates/syntax/src/ast/generated/nodes.rs	AsmOptions	crates/intern/src/symbol/symbols.rs	
crates/syntax/src/ast/generated/nodes.rs	AsmOptions	crates/syntax/src/ast.rs	AstNode
crates/syntax/src/ast/generated/nodes.rs	AsmPiece	crates/intern/src/symbol/symbols.rs	
crates/syntax/src/ast/generated/nodes.rs	AsmPiece	crates/syntax/src/ast.rs	AstNode
crates/syntax/src/ast/generated/nodes.rs	AsmRegOperand	crates/intern/src/symbol/symbols.rs	
crates/syntax/src/ast/generated/nodes.rs	AsmRegOperand	crates/syntax/src/ast.rs	AstNode
crates/syntax/src/ast/generated/nodes.rs	AsmRegSpec	crates/intern/src/symbol/symbols.rs	
crates/syntax/src/ast/generated/nodes.rs	AsmRegSpec	crates/syntax/src/ast.rs	AstNode
crates/syntax/src/ast/generated/nodes.rs	AsmSym	crates/intern/src/symbol/symbols.rs	
crates/syntax/src/ast/generated/nodes.rs	AsmSym	crates/syntax/src/ast.rs	AstNode
crates/syntax/src/ast/generated/nodes.rs	AssocItem	crates/intern/src/symbol/symbols.rs	
crates/syntax/src/ast/generated/nodes.rs	AssocItem	crates/syntax/src/ast.rs	AstNode
crates/syntax/src/ast/generated/nodes.rs	AssocItemList	crates/intern/src/symbol/symbols.rs	
crates/syntax/src/ast/generated/nodes.rs	AssocItemList	crates/syntax/src/ast.rs	AstNode
crates/syntax/src/ast/generated/nodes.rs	AssocTypeArg	crates/intern/src/symbol/symbols.rs	
crates/syntax/src/ast/generated/nodes.rs	AssocTypeArg	crates/syntax/src/ast.rs	AstNode
crates/syntax/src/ast/generated/nodes.rs	Attr	crates/intern/src/symbol/symbols.rs	
crates/syntax/src/ast/generated/nodes.rs	Attr	crates/syntax/src/ast.rs	AstNode
crates/syntax/src/ast/generated/nodes.rs	AwaitExpr	crates/intern/src/symbol/symbols.rs	
crates/syntax/src/ast/generated/nodes.rs	AwaitExpr	crates/syntax/src/ast.rs	AstNode
crates/syntax/src/ast/generated/nodes.rs	BecomeExpr	crates/intern/src/symbol/symbols.rs	
crates/syntax/src/ast/generated/nodes.rs	BecomeExpr	crates/syntax/src/ast.rs	AstNode
crates/syntax/src/ast/generated/nodes.rs	BinExpr	crates/intern/src/symbol/symbols.rs	
crates/syntax/src/ast/generated/nodes.rs	BinExpr	crates/syntax/src/ast.rs	AstNode
crates/syntax/src/ast/generated/nodes.rs	BlockExpr	crates/intern/src/symbol/symbols.rs	
crates/syntax/src/ast/generated/nodes.rs	BlockExpr	crates/syntax/src/ast.rs	AstNode
crates/syntax/src/ast/generated/nodes.rs	BoxPat	crates/intern/src/symbol/symbols.rs	
crates/syntax/src/ast/generated/nodes.rs	BoxPat	crates/syntax/src/ast.rs	AstNode
crates/syntax/src/ast/generated/nodes.rs	BreakExpr	crates/intern/src/symbol/symbols.rs	
crates/syntax/src/ast/generated/nodes.rs	BreakExpr	crates/syntax/src/ast.rs	AstNode
crates/syntax/src/ast/generated/nodes.rs	CallExpr	crates/intern/src/symbol/symbols.rs	
crates/syntax/src/ast/generated/nodes.rs	CallExpr	crates/syntax/src/ast.rs	AstNode
crates/syntax/src/ast/generated/nodes.rs	CastExpr	crates/intern/src/symbol/symbols.rs	
crates/syntax/src/ast/generated/nodes.rs	CastExpr	crates/syntax/src/ast.rs	AstNode
crates/syntax/src/ast/generated/nodes.rs	CfgAtom	crates/intern/src/symbol/symbols.rs	
crates/syntax/src/ast/generated/nodes.rs	CfgAtom	crates/syntax/src/ast.rs	AstNode
crates/syntax/src/ast/generated/nodes.rs	CfgAttrMeta	crates/intern/src/symbol/symbols.rs	
crates/syntax/src/ast/generated/nodes.rs	CfgAttrMeta	crates/syntax/src/ast.rs	AstNode
crates/syntax/src/ast/generated/nodes.rs	CfgComposite	crates/intern/src/symbol/symbols.rs	
crates/syntax/src/ast/generated/nodes.rs	CfgComposite	crates/syntax/src/ast.rs	AstNode
crates/syntax/src/ast/generated/nodes.rs	CfgMeta	crates/intern/src/symbol/symbols.rs	
crates/syntax/src/ast/generated/nodes.rs	CfgMeta	crates/syntax/src/ast.rs	AstNode
crates/syntax/src/ast/generated/nodes.rs	CfgPredicate	crates/intern/src/symbol/symbols.rs	
crates/syntax/src/ast/generated/nodes.rs	CfgPredicate	crates/syntax/src/ast.rs	AstNode
crates/syntax/src/ast/generated/nodes.rs	ClosureExpr	crates/intern/src/symbol/symbols.rs	
crates/syntax/src/ast/generated/nodes.rs	ClosureExpr	crates/syntax/src/ast.rs	AstNode
crates/syntax/src/ast/generated/nodes.rs	Const	crates/intern/src/symbol/symbols.rs	
crates/syntax/src/ast/generated/nodes.rs	Const	crates/syntax/src/ast.rs	AstNode
crates/syntax/src/ast/generated/nodes.rs	ConstArg	crates/intern/src/symbol/symbols.rs	
crates/syntax/src/ast/generated/nodes.rs	ConstArg	crates/syntax/src/ast.rs	AstNode
crates/syntax/src/ast/generated/nodes.rs	ConstBlockPat	crates/intern/src/symbol/symbols.rs	
crates/syntax/src/ast/generated/nodes.rs	ConstBlockPat	crates/syntax/src/ast.rs	AstNode
crates/syntax/src/ast/generated/nodes.rs	ConstParam	crates/intern/src/symbol/symbols.rs	
crates/syntax/src/ast/generated/nodes.rs	ConstParam	crates/syntax/src/ast.rs	AstNode
crates/syntax/src/ast/generated/nodes.rs	ContinueExpr	crates/intern/src/symbol/symbols.rs	
crates/syntax/src/ast/generated/nodes.rs	ContinueExpr	crates/syntax/src/ast.rs	AstNode
crates/syntax/src/ast/generated/nodes.rs	DerefPat	crates/intern/src/symbol/symbols.rs	
crates/syntax/src/ast/generated/nodes.rs	DerefPat	crates/syntax/src/ast.rs	AstNode
crates/syntax/src/ast/generated/nodes.rs	DynTraitType	crates/intern/src/symbol/symbols.rs	
crates/syntax/src/ast/generated/nodes.rs	DynTraitType	crates/syntax/src/ast.rs	AstNode
crates/syntax/src/ast/generated/nodes.rs	Enum	crates/intern/src/symbol/symbols.rs	
crates/syntax/src/ast/generated/nodes.rs	Enum	crates/syntax/src/ast.rs	AstNode
crates/syntax/src/ast/generated/nodes.rs	Expr	crates/intern/src/symbol/symbols.rs	
crates/syntax/src/ast/generated/nodes.rs	Expr	crates/syntax/src/ast.rs	AstNode
crates/syntax/src/ast/generated/nodes.rs	ExprStmt	crates/intern/src/symbol/symbols.rs	
crates/syntax/src/ast/generated/nodes.rs	ExprStmt	crates/syntax/src/ast.rs	AstNode
crates/syntax/src/ast/generated/nodes.rs	ExternBlock	crates/intern/src/symbol/symbols.rs	
crates/syntax/src/ast/generated/nodes.rs	ExternBlock	crates/syntax/src/ast.rs	AstNode
crates/syntax/src/ast/generated/nodes.rs	ExternCrate	crates/intern/src/symbol/symbols.rs	
crates/syntax/src/ast/generated/nodes.rs	ExternCrate	crates/syntax/src/ast.rs	AstNode
crates/syntax/src/ast/generated/nodes.rs	ExternItem	crates/intern/src/symbol/symbols.rs	
crates/syntax/src/ast/generated/nodes.rs	ExternItem	crates/syntax/src/ast.rs	AstNode
crates/syntax/src/ast/generated/nodes.rs	ExternItemList	crates/intern/src/symbol/symbols.rs	
crates/syntax/src/ast/generated/nodes.rs	ExternItemList	crates/syntax/src/ast.rs	AstNode
crates/syntax/src/ast/generated/nodes.rs	FieldExpr	crates/intern/src/symbol/symbols.rs	
crates/syntax/src/ast/generated/nodes.rs	FieldExpr	crates/syntax/src/ast.rs	AstNode
crates/syntax/src/ast/generated/nodes.rs	FieldList	crates/intern/src/symbol/symbols.rs	
crates/syntax/src/ast/generated/nodes.rs	FieldList	crates/syntax/src/ast.rs	AstNode
crates/syntax/src/ast/generated/nodes.rs	Fn	crates/intern/src/symbol/symbols.rs	
crates/syntax/src/ast/generated/nodes.rs	Fn	crates/syntax/src/ast.rs	AstNode
crates/syntax/src/ast/generated/nodes.rs	FnPtrType	crates/intern/src/symbol/symbols.rs	
crates/syntax/src/ast/generated/nodes.rs	FnPtrType	crates/syntax/src/ast.rs	AstNode
crates/syntax/src/ast/generated/nodes.rs	ForBinder	crates/intern/src/symbol/symbols.rs	
crates/syntax/src/ast/generated/nodes.rs	ForBinder	crates/syntax/src/ast.rs	AstNode
crates/syntax/src/ast/generated/nodes.rs	ForExpr	crates/intern/src/symbol/symbols.rs	
crates/syntax/src/ast/generated/nodes.rs	ForExpr	crates/syntax/src/ast.rs	AstNode
crates/syntax/src/ast/generated/nodes.rs	ForType	crates/intern/src/symbol/symbols.rs	
crates/syntax/src/ast/generated/nodes.rs	ForType	crates/syntax/src/ast.rs	AstNode
crates/syntax/src/ast/generated/nodes.rs	FormatArgsArg	crates/intern/src/symbol/symbols.rs	
crates/syntax/src/ast/generated/nodes.rs	FormatArgsArg	crates/syntax/src/ast.rs	AstNode
crates/syntax/src/ast/generated/nodes.rs	FormatArgsExpr	crates/intern/src/symbol/symbols.rs	
crates/syntax/src/ast/generated/nodes.rs	FormatArgsExpr	crates/syntax/src/ast.rs	AstNode
crates/syntax/src/ast/generated/nodes.rs	GenericArg	crates/intern/src/symbol/symbols.rs	
crates/syntax/src/ast/generated/nodes.rs	GenericArg	crates/syntax/src/ast.rs	AstNode
crates/syntax/src/ast/generated/nodes.rs	GenericArgList	crates/intern/src/symbol/symbols.rs	
crates/syntax/src/ast/generated/nodes.rs	GenericArgList	crates/syntax/src/ast.rs	AstNode
crates/syntax/src/ast/generated/nodes.rs	GenericParam	crates/intern/src/symbol/symbols.rs	
crates/syntax/src/ast/generated/nodes.rs	GenericParam	crates/syntax/src/ast.rs	AstNode
crates/syntax/src/ast/generated/nodes.rs	GenericParamList	crates/intern/src/symbol/symbols.rs	
crates/syntax/src/ast/generated/nodes.rs	GenericParamList	crates/syntax/src/ast.rs	AstNode
crates/syntax/src/ast/generated/nodes.rs	IdentPat	crates/intern/src/symbol/symbols.rs	
crates/syntax/src/ast/generated/nodes.rs	IdentPat	crates/syntax/src/ast.rs	AstNode
crates/syntax/src/ast/generated/nodes.rs	IfExpr	crates/intern/src/symbol/symbols.rs	
crates/syntax/src/ast/generated/nodes.rs	IfExpr	crates/syntax/src/ast.rs	AstNode
crates/syntax/src/ast/generated/nodes.rs	Impl	crates/intern/src/symbol/symbols.rs	
crates/syntax/src/ast/generated/nodes.rs	Impl	crates/syntax/src/ast.rs	AstNode
crates/syntax/src/ast/generated/nodes.rs	ImplRestriction	crates/intern/src/symbol/symbols.rs	
crates/syntax/src/ast/generated/nodes.rs	ImplRestriction	crates/syntax/src/ast.rs	AstNode
crates/syntax/src/ast/generated/nodes.rs	ImplTraitType	crates/intern/src/symbol/symbols.rs	
crates/syntax/src/ast/generated/nodes.rs	ImplTraitType	crates/syntax/src/ast.rs	AstNode
crates/syntax/src/ast/generated/nodes.rs	IncludeBytesExpr	crates/intern/src/symbol/symbols.rs	
crates/syntax/src/ast/generated/nodes.rs	IncludeBytesExpr	crates/syntax/src/ast.rs	AstNode
crates/syntax/src/ast/generated/nodes.rs	IndexExpr	crates/intern/src/symbol/symbols.rs	
crates/syntax/src/ast/generated/nodes.rs	IndexExpr	crates/syntax/src/ast.rs	AstNode
crates/syntax/src/ast/generated/nodes.rs	InferType	crates/intern/src/symbol/symbols.rs	
crates/syntax/src/ast/generated/nodes.rs	InferType	crates/syntax/src/ast.rs	AstNode
crates/syntax/src/ast/generated/nodes.rs	Item	crates/intern/src/symbol/symbols.rs	
crates/syntax/src/ast/generated/nodes.rs	Item	crates/syntax/src/ast.rs	AstNode
crates/syntax/src/ast/generated/nodes.rs	ItemList	crates/intern/src/symbol/symbols.rs	
crates/syntax/src/ast/generated/nodes.rs	ItemList	crates/syntax/src/ast.rs	AstNode
crates/syntax/src/ast/generated/nodes.rs	KeyValueMeta	crates/intern/src/symbol/symbols.rs	
crates/syntax/src/ast/generated/nodes.rs	KeyValueMeta	crates/syntax/src/ast.rs	AstNode
crates/syntax/src/ast/generated/nodes.rs	Label	crates/intern/src/symbol/symbols.rs	
crates/syntax/src/ast/generated/nodes.rs	Label	crates/syntax/src/ast.rs	AstNode
crates/syntax/src/ast/generated/nodes.rs	LetElse	crates/intern/src/symbol/symbols.rs	
crates/syntax/src/ast/generated/nodes.rs	LetElse	crates/syntax/src/ast.rs	AstNode
crates/syntax/src/ast/generated/nodes.rs	LetExpr	crates/intern/src/symbol/symbols.rs	
crates/syntax/src/ast/generated/nodes.rs	LetExpr	crates/syntax/src/ast.rs	AstNode
crates/syntax/src/ast/generated/nodes.rs	LetStmt	crates/intern/src/symbol/symbols.rs	
crates/syntax/src/ast/generated/nodes.rs	LetStmt	crates/syntax/src/ast.rs	AstNode
crates/syntax/src/ast/generated/nodes.rs	Lifetime	crates/intern/src/symbol/symbols.rs	
crates/syntax/src/ast/generated/nodes.rs	Lifetime	crates/syntax/src/ast.rs	AstNode
crates/syntax/src/ast/generated/nodes.rs	LifetimeArg	crates/intern/src/symbol/symbols.rs	
crates/syntax/src/ast/generated/nodes.rs	LifetimeArg	crates/syntax/src/ast.rs	AstNode
crates/syntax/src/ast/generated/nodes.rs	LifetimeParam	crates/intern/src/symbol/symbols.rs	
crates/syntax/src/ast/generated/nodes.rs	LifetimeParam	crates/syntax/src/ast.rs	AstNode
crates/syntax/src/ast/generated/nodes.rs	Literal	crates/intern/src/symbol/symbols.rs	
crates/syntax/src/ast/generated/nodes.rs	Literal	crates/syntax/src/ast.rs	AstNode
crates/syntax/src/ast/generated/nodes.rs	LiteralPat	crates/intern/src/symbol/symbols.rs	
crates/syntax/src/ast/generated/nodes.rs	LiteralPat	crates/syntax/src/ast.rs	AstNode
crates/syntax/src/ast/generated/nodes.rs	LoopExpr	crates/intern/src/symbol/symbols.rs	
crates/syntax/src/ast/generated/nodes.rs	LoopExpr	crates/syntax/src/ast.rs	AstNode
crates/syntax/src/ast/generated/nodes.rs	MacroCall	crates/intern/src/symbol/symbols.rs	
crates/syntax/src/ast/generated/nodes.rs	MacroCall	crates/syntax/src/ast.rs	AstNode
crates/syntax/src/ast/generated/nodes.rs	MacroDef	crates/intern/src/symbol/symbols.rs	
crates/syntax/src/ast/generated/nodes.rs	MacroDef	crates/syntax/src/ast.rs	AstNode
crates/syntax/src/ast/generated/nodes.rs	MacroExpr	crates/intern/src/symbol/symbols.rs	
crates/syntax/src/ast/generated/nodes.rs	MacroExpr	crates/syntax/src/ast.rs	AstNode
crates/syntax/src/ast/generated/nodes.rs	MacroItems	crates/intern/src/symbol/symbols.rs	
crates/syntax/src/ast/generated/nodes.rs	MacroItems	crates/syntax/src/ast.rs	AstNode
crates/syntax/src/ast/generated/nodes.rs	MacroPat	crates/intern/src/symbol/symbols.rs	
crates/syntax/src/ast/generated/nodes.rs	MacroPat	crates/syntax/src/ast.rs	AstNode
crates/syntax/src/ast/generated/nodes.rs	MacroRules	crates/intern/src/symbol/symbols.rs	
crates/syntax/src/ast/generated/nodes.rs	MacroRules	crates/syntax/src/ast.rs	AstNode
crates/syntax/src/ast/generated/nodes.rs	MacroStmts	crates/intern/src/symbol/symbols.rs	
crates/syntax/src/ast/generated/nodes.rs	MacroStmts	crates/syntax/src/ast.rs	AstNode
crates/syntax/src/ast/generated/nodes.rs	MacroType	crates/intern/src/symbol/symbols.rs	
crates/syntax/src/ast/generated/nodes.rs	MacroType	crates/syntax/src/ast.rs	AstNode
crates/syntax/src/ast/generated/nodes.rs	MatchArm	crates/intern/src/symbol/symbols.rs	
crates/syntax/src/ast/generated/nodes.rs	MatchArm	crates/syntax/src/ast.rs	AstNode
crates/syntax/src/ast/generated/nodes.rs	MatchArmList	crates/intern/src/symbol/symbols.rs	
crates/syntax/src/ast/generated/nodes.rs	MatchArmList	crates/syntax/src/ast.rs	AstNode
crates/syntax/src/ast/generated/nodes.rs	MatchExpr	crates/intern/src/symbol/symbols.rs	
crates/syntax/src/ast/generated/nodes.rs	MatchExpr	crates/syntax/src/ast.rs	AstNode
crates/syntax/src/ast/generated/nodes.rs	MatchGuard	crates/intern/src/symbol/symbols.rs	
crates/syntax/src/ast/generated/nodes.rs	MatchGuard	crates/syntax/src/ast.rs	AstNode
crates/syntax/src/ast/generated/nodes.rs	Meta	crates/intern/src/symbol/symbols.rs	
crates/syntax/src/ast/generated/nodes.rs	Meta	crates/syntax/src/ast.rs	AstNode
crates/syntax/src/ast/generated/nodes.rs	MethodCallExpr	crates/intern/src/symbol/symbols.rs	
crates/syntax/src/ast/generated/nodes.rs	MethodCallExpr	crates/syntax/src/ast.rs	AstNode
crates/syntax/src/ast/generated/nodes.rs	Module	crates/intern/src/symbol/symbols.rs	
crates/syntax/src/ast/generated/nodes.rs	Module	crates/syntax/src/ast.rs	AstNode
crates/syntax/src/ast/generated/nodes.rs	MutRestriction	crates/intern/src/symbol/symbols.rs	
crates/syntax/src/ast/generated/nodes.rs	MutRestriction	crates/syntax/src/ast.rs	AstNode
crates/syntax/src/ast/generated/nodes.rs	Name	crates/intern/src/symbol/symbols.rs	
crates/syntax/src/ast/generated/nodes.rs	Name	crates/syntax/src/ast.rs	AstNode
crates/syntax/src/ast/generated/nodes.rs	NameRef	crates/intern/src/symbol/symbols.rs	
crates/syntax/src/ast/generated/nodes.rs	NameRef	crates/syntax/src/ast.rs	AstNode
crates/syntax/src/ast/generated/nodes.rs	NeverType	crates/intern/src/symbol/symbols.rs	
crates/syntax/src/ast/generated/nodes.rs	NeverType	crates/syntax/src/ast.rs	AstNode
crates/syntax/src/ast/generated/nodes.rs	NotNull	crates/intern/src/symbol/symbols.rs	
crates/syntax/src/ast/generated/nodes.rs	NotNull	crates/syntax/src/ast.rs	AstNode
crates/syntax/src/ast/generated/nodes.rs	OffsetOfExpr	crates/intern/src/symbol/symbols.rs	
crates/syntax/src/ast/generated/nodes.rs	OffsetOfExpr	crates/syntax/src/ast.rs	AstNode
crates/syntax/src/ast/generated/nodes.rs	OrPat	crates/intern/src/symbol/symbols.rs	
crates/syntax/src/ast/generated/nodes.rs	OrPat	crates/syntax/src/ast.rs	AstNode
crates/syntax/src/ast/generated/nodes.rs	Param	crates/intern/src/symbol/symbols.rs	
crates/syntax/src/ast/generated/nodes.rs	Param	crates/syntax/src/ast.rs	AstNode
crates/syntax/src/ast/generated/nodes.rs	ParamList	crates/intern/src/symbol/symbols.rs	
crates/syntax/src/ast/generated/nodes.rs	ParamList	crates/syntax/src/ast.rs	AstNode
crates/syntax/src/ast/generated/nodes.rs	ParenExpr	crates/intern/src/symbol/symbols.rs	
crates/syntax/src/ast/generated/nodes.rs	ParenExpr	crates/syntax/src/ast.rs	AstNode
crates/syntax/src/ast/generated/nodes.rs	ParenPat	crates/intern/src/symbol/symbols.rs	
crates/syntax/src/ast/generated/nodes.rs	ParenPat	crates/syntax/src/ast.rs	AstNode
crates/syntax/src/ast/generated/nodes.rs	ParenType	crates/intern/src/symbol/symbols.rs	
crates/syntax/src/ast/generated/nodes.rs	ParenType	crates/syntax/src/ast.rs	AstNode
crates/syntax/src/ast/generated/nodes.rs	ParenthesizedArgList	crates/intern/src/symbol/symbols.rs	
crates/syntax/src/ast/generated/nodes.rs	ParenthesizedArgList	crates/syntax/src/ast.rs	AstNode
crates/syntax/src/ast/generated/nodes.rs	Pat	crates/intern/src/symbol/symbols.rs	
crates/syntax/src/ast/generated/nodes.rs	Pat	crates/syntax/src/ast.rs	AstNode
crates/syntax/src/ast/generated/nodes.rs	Path	crates/intern/src/symbol/symbols.rs	
crates/syntax/src/ast/generated/nodes.rs	Path	crates/syntax/src/ast.rs	AstNode
crates/syntax/src/ast/generated/nodes.rs	PathExpr	crates/intern/src/symbol/symbols.rs	
crates/syntax/src/ast/generated/nodes.rs	PathExpr	crates/syntax/src/ast.rs	AstNode
crates/syntax/src/ast/generated/nodes.rs	PathMeta	crates/intern/src/symbol/symbols.rs	
crates/syntax/src/ast/generated/nodes.rs	PathMeta	crates/syntax/src/ast.rs	AstNode
crates/syntax/src/ast/generated/nodes.rs	PathPat	crates/intern/src/symbol/symbols.rs	
crates/syntax/src/ast/generated/nodes.rs	PathPat	crates/syntax/src/ast.rs	AstNode
crates/syntax/src/ast/generated/nodes.rs	PathSegment	crates/intern/src/symbol/symbols.rs	
crates/syntax/src/ast/generated/nodes.rs	PathSegment	crates/syntax/src/ast.rs	AstNode
crates/syntax/src/ast/generated/nodes.rs	PathType	crates/intern/src/symbol/symbols.rs	
crates/syntax/src/ast/generated/nodes.rs	PathType	crates/syntax/src/ast.rs	AstNode
crates/syntax/src/ast/generated/nodes.rs	PatternType	crates/intern/src/symbol/symbols.rs	
crates/syntax/src/ast/generated/nodes.rs	PatternType	crates/syntax/src/ast.rs	AstNode
crates/syntax/src/ast/generated/nodes.rs	PrefixExpr	crates/intern/src/symbol/symbols.rs	
crates/syntax/src/ast/generated/nodes.rs	PrefixExpr	crates/syntax/src/ast.rs	AstNode
crates/syntax/src/ast/generated/nodes.rs	PtrType	crates/intern/src/symbol/symbols.rs	
crates/syntax/src/ast/generated/nodes.rs	PtrType	crates/syntax/src/ast.rs	AstNode
crates/syntax/src/ast/generated/nodes.rs	RangeExpr	crates/intern/src/symbol/symbols.rs	
crates/syntax/src/ast/generated/nodes.rs	RangeExpr	crates/syntax/src/ast.rs	AstNode
crates/syntax/src/ast/generated/nodes.rs	RangePat	crates/intern/src/symbol/symbols.rs	
crates/syntax/src/ast/generated/nodes.rs	RangePat	crates/syntax/src/ast.rs	AstNode
crates/syntax/src/ast/generated/nodes.rs	RecordExpr	crates/intern/src/symbol/symbols.rs	
crates/syntax/src/ast/generated/nodes.rs	RecordExpr	crates/syntax/src/ast.rs	AstNode
crates/syntax/src/ast/generated/nodes.rs	RecordExprField	crates/intern/src/symbol/symbols.rs	
crates/syntax/src/ast/generated/nodes.rs	RecordExprField	crates/syntax/src/ast.rs	AstNode
crates/syntax/src/ast/generated/nodes.rs	RecordExprFieldList	crates/intern/src/symbol/symbols.rs	
crates/syntax/src/ast/generated/nodes.rs	RecordExprFieldList	crates/syntax/src/ast.rs	AstNode
crates/syntax/src/ast/generated/nodes.rs	RecordField	crates/intern/src/symbol/symbols.rs	
crates/syntax/src/ast/generated/nodes.rs	RecordField	crates/syntax/src/ast.rs	AstNode
crates/syntax/src/ast/generated/nodes.rs	RecordFieldList	crates/intern/src/symbol/symbols.rs	
crates/syntax/src/ast/generated/nodes.rs	RecordFieldList	crates/syntax/src/ast.rs	AstNode
crates/syntax/src/ast/generated/nodes.rs	RecordPat	crates/intern/src/symbol/symbols.rs	
crates/syntax/src/ast/generated/nodes.rs	RecordPat	crates/syntax/src/ast.rs	AstNode
crates/syntax/src/ast/generated/nodes.rs	RecordPatField	crates/intern/src/symbol/symbols.rs	
crates/syntax/src/ast/generated/nodes.rs	RecordPatField	crates/syntax/src/ast.rs	AstNode
crates/syntax/src/ast/generated/nodes.rs	RecordPatFieldList	crates/intern/src/symbol/symbols.rs	
crates/syntax/src/ast/generated/nodes.rs	RecordPatFieldList	crates/syntax/src/ast.rs	AstNode
crates/syntax/src/ast/generated/nodes.rs	RefExpr	crates/intern/src/symbol/symbols.rs	
crates/syntax/src/ast/generated/nodes.rs	RefExpr	crates/syntax/src/ast.rs	AstNode
crates/syntax/src/ast/generated/nodes.rs	RefPat	crates/intern/src/symbol/symbols.rs	
crates/syntax/src/ast/generated/nodes.rs	RefPat	crates/syntax/src/ast.rs	AstNode
crates/syntax/src/ast/generated/nodes.rs	RefType	crates/intern/src/symbol/symbols.rs	
crates/syntax/src/ast/generated/nodes.rs	RefType	crates/syntax/src/ast.rs	AstNode
crates/syntax/src/ast/generated/nodes.rs	Rename	crates/intern/src/symbol/symbols.rs	
crates/syntax/src/ast/generated/nodes.rs	Rename	crates/syntax/src/ast.rs	AstNode
crates/syntax/src/ast/generated/nodes.rs	RestPat	crates/intern/src/symbol/symbols.rs	
crates/syntax/src/ast/generated/nodes.rs	RestPat	crates/syntax/src/ast.rs	AstNode
crates/syntax/src/ast/generated/nodes.rs	RetType	crates/intern/src/symbol/symbols.rs	
crates/syntax/src/ast/generated/nodes.rs	RetType	crates/syntax/src/ast.rs	AstNode
crates/syntax/src/ast/generated/nodes.rs	ReturnExpr	crates/intern/src/symbol/symbols.rs	
crates/syntax/src/ast/generated/nodes.rs	ReturnExpr	crates/syntax/src/ast.rs	AstNode
crates/syntax/src/ast/generated/nodes.rs	ReturnTypeSyntax	crates/intern/src/symbol/symbols.rs	
crates/syntax/src/ast/generated/nodes.rs	ReturnTypeSyntax	crates/syntax/src/ast.rs	AstNode
crates/syntax/src/ast/generated/nodes.rs	SelfParam	crates/intern/src/symbol/symbols.rs	
crates/syntax/src/ast/generated/nodes.rs	SelfParam	crates/syntax/src/ast.rs	AstNode
crates/syntax/src/ast/generated/nodes.rs	SlicePat	crates/intern/src/symbol/symbols.rs	
crates/syntax/src/ast/generated/nodes.rs	SlicePat	crates/syntax/src/ast.rs	AstNode
crates/syntax/src/ast/generated/nodes.rs	SliceType	crates/intern/src/symbol/symbols.rs	
crates/syntax/src/ast/generated/nodes.rs	SliceType	crates/syntax/src/ast.rs	AstNode
crates/syntax/src/ast/generated/nodes.rs	SourceFile	crates/intern/src/symbol/symbols.rs	
crates/syntax/src/ast/generated/nodes.rs	SourceFile	crates/syntax/src/ast.rs	AstNode
crates/syntax/src/ast/generated/nodes.rs	Static	crates/intern/src/symbol/symbols.rs	
crates/syntax/src/ast/generated/nodes.rs	Static	crates/syntax/src/ast.rs	AstNode
crates/syntax/src/ast/generated/nodes.rs	Stmt	crates/intern/src/symbol/symbols.rs	
crates/syntax/src/ast/generated/nodes.rs	StmtList	crates/intern/src/symbol/symbols.rs	
crates/syntax/src/ast/generated/nodes.rs	StmtList	crates/syntax/src/ast.rs	AstNode
crates/syntax/src/ast/generated/nodes.rs	Struct	crates/intern/src/symbol/symbols.rs	
crates/syntax/src/ast/generated/nodes.rs	Struct	crates/syntax/src/ast.rs	AstNode
crates/syntax/src/ast/generated/nodes.rs	TokenTree	crates/intern/src/symbol/symbols.rs	
crates/syntax/src/ast/generated/nodes.rs	TokenTree	crates/syntax/src/ast.rs	AstNode
crates/syntax/src/ast/generated/nodes.rs	TokenTreeMeta	crates/intern/src/symbol/symbols.rs	
crates/syntax/src/ast/generated/nodes.rs	TokenTreeMeta	crates/syntax/src/ast.rs	AstNode
crates/syntax/src/ast/generated/nodes.rs	Trait	crates/intern/src/symbol/symbols.rs	
crates/syntax/src/ast/generated/nodes.rs	Trait	crates/syntax/src/ast.rs	AstNode
crates/syntax/src/ast/generated/nodes.rs	TryBlockModifier	crates/intern/src/symbol/symbols.rs	
crates/syntax/src/ast/generated/nodes.rs	TryBlockModifier	crates/syntax/src/ast.rs	AstNode
crates/syntax/src/ast/generated/nodes.rs	TryExpr	crates/intern/src/symbol/symbols.rs	
crates/syntax/src/ast/generated/nodes.rs	TryExpr	crates/syntax/src/ast.rs	AstNode
crates/syntax/src/ast/generated/nodes.rs	TupleExpr	crates/intern/src/symbol/symbols.rs	
crates/syntax/src/ast/generated/nodes.rs	TupleExpr	crates/syntax/src/ast.rs	AstNode
crates/syntax/src/ast/generated/nodes.rs	TupleField	crates/intern/src/symbol/symbols.rs	
crates/syntax/src/ast/generated/nodes.rs	TupleField	crates/syntax/src/ast.rs	AstNode
crates/syntax/src/ast/generated/nodes.rs	TupleFieldList	crates/intern/src/symbol/symbols.rs	
crates/syntax/src/ast/generated/nodes.rs	TupleFieldList	crates/syntax/src/ast.rs	AstNode
crates/syntax/src/ast/generated/nodes.rs	TuplePat	crates/intern/src/symbol/symbols.rs	
crates/syntax/src/ast/generated/nodes.rs	TuplePat	crates/syntax/src/ast.rs	AstNode
crates/syntax/src/ast/generated/nodes.rs	TupleStructPat	crates/intern/src/symbol/symbols.rs	
crates/syntax/src/ast/generated/nodes.rs	TupleStructPat	crates/syntax/src/ast.rs	AstNode
crates/syntax/src/ast/generated/nodes.rs	TupleType	crates/intern/src/symbol/symbols.rs	
crates/syntax/src/ast/generated/nodes.rs	TupleType	crates/syntax/src/ast.rs	AstNode
crates/syntax/src/ast/generated/nodes.rs	Type	crates/intern/src/symbol/symbols.rs	
crates/syntax/src/ast/generated/nodes.rs	Type	crates/syntax/src/ast.rs	AstNode
crates/syntax/src/ast/generated/nodes.rs	TypeAlias	crates/intern/src/symbol/symbols.rs	
crates/syntax/src/ast/generated/nodes.rs	TypeAlias	crates/syntax/src/ast.rs	AstNode
crates/syntax/src/ast/generated/nodes.rs	TypeAnchor	crates/intern/src/symbol/symbols.rs	
crates/syntax/src/ast/generated/nodes.rs	TypeAnchor	crates/syntax/src/ast.rs	AstNode
crates/syntax/src/ast/generated/nodes.rs	TypeArg	crates/intern/src/symbol/symbols.rs	
crates/syntax/src/ast/generated/nodes.rs	TypeArg	crates/syntax/src/ast.rs	AstNode
crates/syntax/src/ast/generated/nodes.rs	TypeBound	crates/intern/src/symbol/symbols.rs	
crates/syntax/src/ast/generated/nodes.rs	TypeBound	crates/syntax/src/ast.rs	AstNode
crates/syntax/src/ast/generated/nodes.rs	TypeBoundList	crates/intern/src/symbol/symbols.rs	
crates/syntax/src/ast/generated/nodes.rs	TypeBoundList	crates/syntax/src/ast.rs	AstNode
crates/syntax/src/ast/generated/nodes.rs	TypeParam	crates/intern/src/symbol/symbols.rs	
crates/syntax/src/ast/generated/nodes.rs	TypeParam	crates/syntax/src/ast.rs	AstNode
crates/syntax/src/ast/generated/nodes.rs	UnderscoreExpr	crates/intern/src/symbol/symbols.rs	
crates/syntax/src/ast/generated/nodes.rs	UnderscoreExpr	crates/syntax/src/ast.rs	AstNode
crates/syntax/src/ast/generated/nodes.rs	Union	crates/intern/src/symbol/symbols.rs	
crates/syntax/src/ast/generated/nodes.rs	Union	crates/syntax/src/ast.rs	AstNode
crates/syntax/src/ast/generated/nodes.rs	UnsafeMeta	crates/intern/src/symbol/symbols.rs	
crates/syntax/src/ast/generated/nodes.rs	UnsafeMeta	crates/syntax/src/ast.rs	AstNode
crates/syntax/src/ast/generated/nodes.rs	Use	crates/intern/src/symbol/symbols.rs	
crates/syntax/src/ast/generated/nodes.rs	Use	crates/syntax/src/ast.rs	AstNode
crates/syntax/src/ast/generated/nodes.rs	UseBoundGenericArg	crates/intern/src/symbol/symbols.rs	
crates/syntax/src/ast/generated/nodes.rs	UseBoundGenericArg	crates/syntax/src/ast.rs	AstNode
crates/syntax/src/ast/generated/nodes.rs	UseBoundGenericArgs	crates/intern/src/symbol/symbols.rs	
crates/syntax/src/ast/generated/nodes.rs	UseBoundGenericArgs	crates/syntax/src/ast.rs	AstNode
crates/syntax/src/ast/generated/nodes.rs	UseTree	crates/intern/src/symbol/symbols.rs	
crates/syntax/src/ast/generated/nodes.rs	UseTree	crates/syntax/src/ast.rs	AstNode
crates/syntax/src/ast/generated/nodes.rs	UseTreeList	crates/intern/src/symbol/symbols.rs	
crates/syntax/src/ast/generated/nodes.rs	UseTreeList	crates/syntax/src/ast.rs	AstNode
crates/syntax/src/ast/generated/nodes.rs	Variant	crates/intern/src/symbol/symbols.rs	
crates/syntax/src/ast/generated/nodes.rs	Variant	crates/syntax/src/ast.rs	AstNode
crates/syntax/src/ast/generated/nodes.rs	VariantDef	crates/intern/src/symbol/symbols.rs	
crates/syntax/src/ast/generated/nodes.rs	VariantDef	crates/syntax/src/ast.rs	AstNode
crates/syntax/src/ast/generated/nodes.rs	VariantList	crates/intern/src/symbol/symbols.rs	
crates/syntax/src/ast/generated/nodes.rs	VariantList	crates/syntax/src/ast.rs	AstNode
crates/syntax/src/ast/generated/nodes.rs	Visibility	crates/intern/src/symbol/symbols.rs	
crates/syntax/src/ast/generated/nodes.rs	Visibility	crates/syntax/src/ast.rs	AstNode
crates/syntax/src/ast/generated/nodes.rs	VisibilityInner	crates/intern/src/symbol/symbols.rs	
crates/syntax/src/ast/generated/nodes.rs	VisibilityInner	crates/syntax/src/ast.rs	AstNode
crates/syntax/src/ast/generated/nodes.rs	WhereClause	crates/intern/src/symbol/symbols.rs	
crates/syntax/src/ast/generated/nodes.rs	WhereClause	crates/syntax/src/ast.rs	AstNode
crates/syntax/src/ast/generated/nodes.rs	WherePred	crates/intern/src/symbol/symbols.rs	
crates/syntax/src/ast/generated/nodes.rs	WherePred	crates/syntax/src/ast.rs	AstNode
crates/syntax/src/ast/generated/nodes.rs	WhileExpr	crates/intern/src/symbol/symbols.rs	
crates/syntax/src/ast/generated/nodes.rs	WhileExpr	crates/syntax/src/ast.rs	AstNode
crates/syntax/src/ast/generated/nodes.rs	WildcardPat	crates/intern/src/symbol/symbols.rs	
crates/syntax/src/ast/generated/nodes.rs	WildcardPat	crates/syntax/src/ast.rs	AstNode
crates/syntax/src/ast/generated/nodes.rs	YeetExpr	crates/intern/src/symbol/symbols.rs	
crates/syntax/src/ast/generated/nodes.rs	YeetExpr	crates/syntax/src/ast.rs	AstNode
crates/syntax/src/ast/generated/nodes.rs	YieldExpr	crates/intern/src/symbol/symbols.rs	
crates/syntax/src/ast/generated/nodes.rs	YieldExpr	crates/syntax/src/ast.rs	AstNode
crates/syntax/src/ast/generated/tokens.rs	Byte	crates/intern/src/symbol/symbols.rs	
crates/syntax/src/ast/generated/tokens.rs	Byte	crates/syntax/src/ast.rs	AstToken
crates/syntax/src/ast/generated/tokens.rs	ByteString	crates/intern/src/symbol/symbols.rs	
crates/syntax/src/ast/generated/tokens.rs	ByteString	crates/syntax/src/ast.rs	AstToken
crates/syntax/src/ast/generated/tokens.rs	CString	crates/intern/src/symbol/symbols.rs	
crates/syntax/src/ast/generated/tokens.rs	CString	crates/syntax/src/ast.rs	AstToken
crates/syntax/src/ast/generated/tokens.rs	Char	crates/intern/src/symbol/symbols.rs	
crates/syntax/src/ast/generated/tokens.rs	Char	crates/syntax/src/ast.rs	AstToken
crates/syntax/src/ast/generated/tokens.rs	Comment	crates/intern/src/symbol/symbols.rs	
crates/syntax/src/ast/generated/tokens.rs	Comment	crates/syntax/src/ast.rs	AstToken
crates/syntax/src/ast/generated/tokens.rs	FloatNumber	crates/intern/src/symbol/symbols.rs	
crates/syntax/src/ast/generated/tokens.rs	FloatNumber	crates/syntax/src/ast.rs	AstToken
crates/syntax/src/ast/generated/tokens.rs	Ident	crates/intern/src/symbol/symbols.rs	
crates/syntax/src/ast/generated/tokens.rs	Ident	crates/syntax/src/ast.rs	AstToken
crates/syntax/src/ast/generated/tokens.rs	IntNumber	crates/intern/src/symbol/symbols.rs	
crates/syntax/src/ast/generated/tokens.rs	IntNumber	crates/syntax/src/ast.rs	AstToken
crates/syntax/src/ast/generated/tokens.rs	String	crates/intern/src/symbol/symbols.rs	
crates/syntax/src/ast/generated/tokens.rs	String	crates/syntax/src/ast.rs	AstToken
crates/syntax/src/ast/generated/tokens.rs	Whitespace	crates/intern/src/symbol/symbols.rs	
crates/syntax/src/ast/generated/tokens.rs	Whitespace	crates/syntax/src/ast.rs	AstToken
crates/syntax/src/ast/node_ext.rs	Macro	crates/intern/src/symbol/symbols.rs	
crates/syntax/src/ast/node_ext.rs	Macro	crates/syntax/src/ast.rs	AstNode
crates/syntax/src/ast/node_ext.rs	Macro	crates/syntax/src/ast/traits.rs	HasAttrs
crates/syntax/src/ast/node_ext.rs	Macro	crates/syntax/src/ast/traits.rs	HasName
crates/syntax/src/ast/node_ext.rs	SlicePatComponents	crates/intern/src/symbol/symbols.rs	
crates/syntax/src/ast/node_ext.rs	TokenTreeChildren	crates/intern/src/symbol/symbols.rs	
crates/syntax/src/ast/node_ext.rs	TypeOrConstParam	crates/syntax/src/ast.rs	AstNode
crates/syntax/src/ast/node_ext.rs	TypeOrConstParam	crates/syntax/src/ast/traits.rs	HasAttrs
crates/syntax/src/ast/syntax_factory.rs	SyntaxFactory	crates/intern/src/symbol/symbols.rs	
crates/syntax/src/ast/syntax_factory.rs	SyntaxFactory	crates/syntax/src/syntax_editor/mapping.rs	SyntaxMapping
crates/syntax/src/ast/token_ext.rs	AnyString	crates/syntax/src/ast/token_ext.rs	IsString
crates/syntax/src/ast/token_ext.rs	CommentKind	crates/intern/src/symbol/symbols.rs	
crates/syntax/src/ast/token_ext.rs	CommentKind	crates/syntax/src/ast/token_ext.rs	CommentPlacement
crates/syntax/src/ast/token_ext.rs	CommentKind	crates/syntax/src/ast/token_ext.rs	CommentShape
crates/syntax/src/ast/token_ext.rs	IsString	crates/syntax/src/ast.rs	AstToken
crates/syntax/src/ast/traits.rs	AttrDocCommentIter	crates/intern/src/symbol/symbols.rs	
crates/syntax/src/ast/traits.rs	DocCommentIter	crates/intern/src/symbol/symbols.rs	
crates/syntax/src/ast/traits.rs	HasArgList	crates/syntax/src/ast.rs	AstNode
crates/syntax/src/ast/traits.rs	HasAttrs	crates/syntax/src/ast.rs	AstNode
crates/syntax/src/ast/traits.rs	HasDocComments	crates/syntax/src/ast/traits.rs	HasAttrs
crates/syntax/src/ast/traits.rs	HasGenericArgs	crates/syntax/src/ast.rs	AstNode
crates/syntax/src/ast/traits.rs	HasGenericParams	crates/syntax/src/ast.rs	AstNode
crates/syntax/src/ast/traits.rs	HasLoopBody	crates/syntax/src/ast.rs	AstNode
crates/syntax/src/ast/traits.rs	HasModuleItem	crates/syntax/src/ast.rs	AstNode
crates/syntax/src/ast/traits.rs	HasName	crates/syntax/src/ast.rs	AstNode
crates/syntax/src/ast/traits.rs	HasTypeBounds	crates/syntax/src/ast.rs	AstNode
crates/syntax/src/ast/traits.rs	HasVisibility	crates/syntax/src/ast.rs	AstNode
crates/syntax/src/lib.rs	Parse	crates/intern/src/symbol/symbols.rs	
crates/syntax/src/lib.rs	Parse	crates/syntax/src/ast.rs	AstNode
crates/syntax/src/lib.rs	Parse	crates/syntax/src/syntax_error.rs	SyntaxError
crates/syntax/src/ptr.rs	AstPtr	crates/intern/src/symbol/symbols.rs	
crates/syntax/src/ptr.rs	AstPtr	crates/syntax/src/ast.rs	AstNode
crates/syntax/src/syntax_editor.rs	Position	crates/syntax/src/syntax_editor.rs	PositionRepr
crates/syntax/src/syntax_editor.rs	SyntaxAnnotation	crates/intern/src/symbol/symbols.rs	
crates/syntax/src/syntax_editor.rs	SyntaxEdit	crates/syntax/src/syntax_editor.rs	SyntaxAnnotation
crates/syntax/src/syntax_editor.rs	SyntaxEditor	crates/syntax/src/ast/syntax_factory.rs	SyntaxFactory
crates/syntax/src/syntax_editor.rs	SyntaxEditor	crates/syntax/src/syntax_editor.rs	Change
crates/syntax/src/syntax_editor.rs	SyntaxEditor	crates/syntax/src/syntax_editor.rs	SyntaxAnnotation
crates/syntax/src/syntax_editor/edit_algo.rs	ChangedRegion	crates/syntax/src/syntax_editor/edit_algo.rs	NestedChanges
crates/syntax/src/syntax_editor/edit_algo.rs	EditPlan	crates/syntax/src/syntax_editor/edit_algo.rs	PlannedChange
crates/syntax/src/syntax_editor/edit_algo.rs	InvalidEditPlan	crates/syntax/src/syntax_editor.rs	Change
crates/syntax/src/syntax_editor/edit_algo.rs	PlanEntry	crates/intern/src/symbol/symbols.rs	
crates/syntax/src/syntax_editor/edit_algo.rs	PlannedChange	crates/syntax/src/syntax_editor.rs	Change
crates/syntax/src/syntax_editor/edit_algo.rs	PreparedElement	crates/syntax/src/syntax_editor/edit_algo.rs	TrackedAnnotation
crates/syntax/src/syntax_editor/edit_algo.rs	TrackedAnnotation	crates/syntax/src/syntax_editor.rs	SyntaxAnnotation
crates/syntax/src/syntax_editor/edit_algo.rs	TrackedAnnotation	crates/syntax/src/syntax_editor/edit_algo.rs	SyntaxPath
crates/syntax/src/syntax_editor/edit_algo.rs	TreeState	crates/syntax/src/syntax_editor/edit_algo.rs	PathEdit
crates/syntax/src/syntax_editor/edit_algo.rs	TreeState	crates/syntax/src/syntax_editor/edit_algo.rs	SyntaxPath
crates/syntax/src/syntax_editor/edit_algo.rs	TreeState	crates/syntax/src/syntax_editor/edit_algo.rs	TrackedAnnotation
crates/syntax/src/syntax_editor/edit_algo.rs	TreeStore	crates/syntax/src/syntax_editor/edit_algo.rs	TreeState
crates/syntax/src/syntax_editor/edits.rs	Removable	crates/syntax/src/ast.rs	AstNode
crates/syntax/src/syntax_editor/mapping.rs	SyntaxMapping	crates/syntax/src/syntax_editor/mapping.rs	MappingEntry
crates/syntax/src/syntax_node.rs	SyntaxTreeBuilder	crates/syntax/src/syntax_error.rs	SyntaxError
crates/test-fixture/src/lib.rs	AttributeInputReplaceProcMacroExpander	crates/hir-expand/src/proc_macro.rs	ProcMacroExpander
crates/test-fixture/src/lib.rs	ChangeFixture	crates/hir-expand/src/change.rs	ChangeWithProcMacros
crates/test-fixture/src/lib.rs	ChangeFixture	crates/intern/src/symbol/symbols.rs	
crates/test-fixture/src/lib.rs	ChangeFixture	crates/test-utils/src/lib.rs	RangeOrOffset
crates/test-fixture/src/lib.rs	ChangeFixture	crates/vfs/src/lib.rs	FileId
crates/test-fixture/src/lib.rs	DisallowCfgProcMacroExpander	crates/hir-expand/src/proc_macro.rs	ProcMacroExpander
crates/test-fixture/src/lib.rs	FileMeta	crates/base-db/src/input.rs	CrateOrigin
crates/test-fixture/src/lib.rs	FileMeta	crates/base-db/src/input.rs	Env
crates/test-fixture/src/lib.rs	FileMeta	crates/cfg/src/lib.rs	CfgOptions
crates/test-fixture/src/lib.rs	FileMeta	crates/edition/src/lib.rs	Edition
crates/test-fixture/src/lib.rs	FileMeta	crates/intern/src/symbol/symbols.rs	
crates/test-fixture/src/lib.rs	FileMeta	crates/test-fixture/src/lib.rs	SourceRootKind
crates/test-fixture/src/lib.rs	GenerateSuffixedTypeProcMacroExpander	crates/hir-expand/src/proc_macro.rs	ProcMacroExpander
crates/test-fixture/src/lib.rs	IdentityProcMacroExpander	crates/hir-expand/src/proc_macro.rs	ProcMacroExpander
crates/test-fixture/src/lib.rs	Issue17479ProcMacroExpander	crates/hir-expand/src/proc_macro.rs	ProcMacroExpander
crates/test-fixture/src/lib.rs	Issue18089ProcMacroExpander	crates/hir-expand/src/proc_macro.rs	ProcMacroExpander
crates/test-fixture/src/lib.rs	Issue18840ProcMacroExpander	crates/hir-expand/src/proc_macro.rs	ProcMacroExpander
crates/test-fixture/src/lib.rs	Issue18898ProcMacroExpander	crates/hir-expand/src/proc_macro.rs	ProcMacroExpander
crates/test-fixture/src/lib.rs	MirrorProcMacroExpander	crates/hir-expand/src/proc_macro.rs	ProcMacroExpander
crates/test-fixture/src/lib.rs	ShortenProcMacroExpander	crates/hir-expand/src/proc_macro.rs	ProcMacroExpander
crates/test-fixture/src/lib.rs	WithFixture	crates/base-db/src/lib.rs	SourceDatabase
crates/test-fixture/src/lib.rs	WithFixture	crates/intern/src/symbol/symbols.rs	
crates/test-utils/src/assert_linear.rs	AssertLinear	crates/test-utils/src/assert_linear.rs	Round
crates/test-utils/src/fixture.rs	Fixture	crates/intern/src/symbol/symbols.rs	
crates/test-utils/src/fixture.rs	FixtureWithProjectMeta	crates/intern/src/symbol/symbols.rs	
crates/test-utils/src/fixture.rs	FixtureWithProjectMeta	crates/test-utils/src/fixture.rs	Fixture
crates/test-utils/src/fixture.rs	FixtureWithProjectMeta	crates/test-utils/src/fixture.rs	MiniCore
crates/tt/src/buffer.rs	Cursor	crates/intern/src/symbol/symbols.rs	
crates/tt/src/buffer.rs	Cursor	crates/tt/src/lib.rs	Subtree
crates/tt/src/buffer.rs	Cursor	crates/tt/src/storage.rs	TokenTreesSlice
crates/tt/src/iter.rs	TtIter	crates/intern/src/symbol/symbols.rs	
crates/tt/src/iter.rs	TtIter	crates/tt/src/lib.rs	TokenTreesView
crates/tt/src/iter.rs	TtIterSavepoint	crates/tt/src/lib.rs	TokenTreesView
crates/tt/src/lib.rs	DelimSpan	crates/span/src/lib.rs	Span
crates/tt/src/lib.rs	Delimiter	crates/span/src/lib.rs	Span
crates/tt/src/lib.rs	Delimiter	crates/tt/src/lib.rs	DelimiterKind
crates/tt/src/lib.rs	Ident	crates/span/src/lib.rs	Span
crates/tt/src/lib.rs	Ident	crates/tt/src/lib.rs	IdentIsRaw
crates/tt/src/lib.rs	Lit	crates/intern/src/symbol/symbols.rs	
crates/tt/src/lib.rs	Lit	crates/tt/src/lib.rs	LitKind
crates/tt/src/lib.rs	Literal	crates/span/src/lib.rs	Span
crates/tt/src/lib.rs	Literal	crates/tt/src/lib.rs	LitKind
crates/tt/src/lib.rs	Punct	crates/span/src/lib.rs	Span
crates/tt/src/lib.rs	Punct	crates/tt/src/lib.rs	Spacing
crates/tt/src/lib.rs	Subtree	crates/tt/src/lib.rs	Delimiter
crates/tt/src/lib.rs	SubtreeView	crates/tt/src/lib.rs	TokenTreesView
crates/tt/src/lib.rs	TokenTreesView	crates/tt/src/storage.rs	TokenTreesSlice
crates/tt/src/storage.rs	BufferReader	crates/intern/src/symbol/symbols.rs	
crates/tt/src/storage.rs	CompressedSpanPart	crates/span/src/hygiene.rs	SyntaxContext
crates/tt/src/storage.rs	CompressedSpanPart	crates/span/src/lib.rs	SpanAnchor
crates/tt/src/storage.rs	TokenTreesSlice	crates/tt/src/storage.rs	BufferReader
crates/tt/src/storage.rs	TokenTreesSlice	crates/tt/src/storage.rs	CompressedSpanPart
crates/tt/src/storage.rs	TopSubtree	crates/intern/src/symbol/symbols.rs	
crates/tt/src/storage.rs	TopSubtree	crates/tt/src/storage.rs	CompressedSpanPart
crates/tt/src/storage.rs	TopSubtreeBuilder	crates/intern/src/symbol/symbols.rs	
crates/tt/src/storage.rs	TopSubtreeBuilder	crates/tt/src/storage.rs	CompressedSpanPart
crates/tt/src/storage.rs	UninitBuffer	crates/intern/src/symbol/symbols.rs	
crates/vfs-notify/src/lib.rs	NotifyActor	crates/intern/src/symbol/symbols.rs	
crates/vfs-notify/src/lib.rs	NotifyActor	crates/paths/src/lib.rs	AbsPathBuf
crates/vfs-notify/src/lib.rs	NotifyHandle	crates/vfs-notify/src/lib.rs	Message
crates/vfs/src/anchored_path.rs	AnchoredPath	crates/vfs/src/lib.rs	FileId
crates/vfs/src/anchored_path.rs	AnchoredPathBuf	crates/vfs/src/lib.rs	FileId
crates/vfs/src/file_set.rs	FileSet	crates/vfs/src/lib.rs	FileId
crates/vfs/src/file_set.rs	FileSet	crates/vfs/src/vfs_path.rs	VfsPath
crates/vfs/src/file_set.rs	FileSetConfig	crates/intern/src/symbol/symbols.rs	
crates/vfs/src/file_set.rs	FileSetConfigBuilder	crates/vfs/src/vfs_path.rs	VfsPath
crates/vfs/src/lib.rs	ChangedFile	crates/vfs/src/lib.rs	Change
crates/vfs/src/lib.rs	ChangedFile	crates/vfs/src/lib.rs	FileId
crates/vfs/src/lib.rs	Vfs	crates/vfs/src/lib.rs	ChangedFile
crates/vfs/src/lib.rs	Vfs	crates/vfs/src/lib.rs	FileId
crates/vfs/src/lib.rs	Vfs	crates/vfs/src/lib.rs	FileState
crates/vfs/src/lib.rs	Vfs	crates/vfs/src/path_interner.rs	PathInterner
crates/vfs/src/loader.rs	Config	crates/vfs/src/loader.rs	Entry
crates/vfs/src/loader.rs	Directories	crates/paths/src/lib.rs	AbsPathBuf
crates/vfs/src/path_interner.rs	PathInterner	crates/vfs/src/vfs_path.rs	VfsPath
crates/vfs/src/vfs_path.rs	VfsPath	crates/intern/src/symbol/symbols.rs	
crates/vfs/src/vfs_path.rs	VfsPath	crates/vfs/src/vfs_path.rs	VfsPathRepr
