src/compiler/binder.ts	addAntecedent	src/compiler/tracing.ts	push
src/compiler/binder.ts	addLateBoundAssignmentDeclarationToSymbol	src/compiler/builderState.ts	set
src/compiler/binder.ts	addLateBoundAssignmentDeclarationToSymbol	src/compiler/factory/nodeFactory.ts	set
src/compiler/binder.ts	addLateBoundAssignmentDeclarationToSymbol	src/compiler/moduleNameResolver.ts	set
src/compiler/binder.ts	addLateBoundAssignmentDeclarationToSymbol	src/compiler/transformers/utilities.ts	set
src/compiler/binder.ts	addLateBoundAssignmentDeclarationToSymbol	src/compiler/types.ts	set
src/compiler/binder.ts	addLateBoundAssignmentDeclarationToSymbol	src/harness/collectionsImpl.ts	set
src/compiler/binder.ts	addLateBoundAssignmentDeclarationToSymbol	src/server/editorServices.ts	set
src/compiler/binder.ts	addLateBoundAssignmentDeclarationToSymbol	src/server/moduleSpecifierCache.ts	set
src/compiler/binder.ts	addLateBoundAssignmentDeclarationToSymbol	src/server/utilitiesPublic.ts	set
src/compiler/binder.ts	addLateBoundAssignmentDeclarationToSymbol	src/services/types.ts	set
src/compiler/binder.ts	addLateBoundAssignmentDeclarationToSymbol	src/testRunner/parallel/host.ts	set
src/compiler/binder.ts	bindAssignmentTargetFlow	src/compiler/sourcemap.ts	next
src/compiler/binder.ts	bindAssignmentTargetFlow	src/testRunner/parallel/worker.ts	next
src/compiler/binder.ts	bindClassLikeDeclaration	src/compiler/builderState.ts	set
src/compiler/binder.ts	bindClassLikeDeclaration	src/compiler/debug.ts	get
src/compiler/binder.ts	bindClassLikeDeclaration	src/compiler/factory/nodeFactory.ts	get
src/compiler/binder.ts	bindClassLikeDeclaration	src/compiler/factory/nodeFactory.ts	set
src/compiler/binder.ts	bindClassLikeDeclaration	src/compiler/moduleNameResolver.ts	get
src/compiler/binder.ts	bindClassLikeDeclaration	src/compiler/moduleNameResolver.ts	set
src/compiler/binder.ts	bindClassLikeDeclaration	src/compiler/transformers/utilities.ts	get
src/compiler/binder.ts	bindClassLikeDeclaration	src/compiler/transformers/utilities.ts	set
src/compiler/binder.ts	bindClassLikeDeclaration	src/compiler/types.ts	get
src/compiler/binder.ts	bindClassLikeDeclaration	src/compiler/types.ts	set
src/compiler/binder.ts	bindClassLikeDeclaration	src/harness/collectionsImpl.ts	get
src/compiler/binder.ts	bindClassLikeDeclaration	src/harness/collectionsImpl.ts	set
src/compiler/binder.ts	bindClassLikeDeclaration	src/server/editorServices.ts	get
src/compiler/binder.ts	bindClassLikeDeclaration	src/server/editorServices.ts	set
src/compiler/binder.ts	bindClassLikeDeclaration	src/server/moduleSpecifierCache.ts	get
src/compiler/binder.ts	bindClassLikeDeclaration	src/server/moduleSpecifierCache.ts	set
src/compiler/binder.ts	bindClassLikeDeclaration	src/server/utilitiesPublic.ts	get
src/compiler/binder.ts	bindClassLikeDeclaration	src/server/utilitiesPublic.ts	set
src/compiler/binder.ts	bindClassLikeDeclaration	src/services/exportInfoMap.ts	get
src/compiler/binder.ts	bindClassLikeDeclaration	src/services/formatting/formatting.ts	get
src/compiler/binder.ts	bindClassLikeDeclaration	src/services/types.ts	get
src/compiler/binder.ts	bindClassLikeDeclaration	src/services/types.ts	set
src/compiler/binder.ts	bindClassLikeDeclaration	src/services/utilities.ts	get
src/compiler/binder.ts	bindClassLikeDeclaration	src/testRunner/parallel/host.ts	get
src/compiler/binder.ts	bindClassLikeDeclaration	src/testRunner/parallel/host.ts	set
src/compiler/binder.ts	bindInitializedVariableFlow	src/compiler/sourcemap.ts	next
src/compiler/binder.ts	bindInitializedVariableFlow	src/testRunner/parallel/worker.ts	next
src/compiler/binder.ts	bindJSDoc	src/compiler/sourcemap.ts	next
src/compiler/binder.ts	bindJSDoc	src/testRunner/parallel/worker.ts	next
src/compiler/binder.ts	bindJSDocImports	src/compiler/sourcemap.ts	next
src/compiler/binder.ts	bindJSDocImports	src/testRunner/parallel/worker.ts	next
src/compiler/binder.ts	bindSourceFile	src/compiler/utilities.ts	getSymbolConstructor
src/compiler/binder.ts	bindWorker	src/compiler/tracing.ts	push
src/compiler/binder.ts	delayedBindJSDocTypedefTag	src/compiler/sourcemap.ts	next
src/compiler/binder.ts	delayedBindJSDocTypedefTag	src/testRunner/parallel/worker.ts	next
src/compiler/binder.ts	getModuleInstanceStateForAliasTarget	src/compiler/sourcemap.ts	next
src/compiler/binder.ts	getModuleInstanceStateForAliasTarget	src/testRunner/parallel/worker.ts	next
src/compiler/binder.ts	getModuleInstanceStateWorker	src/compiler/sourcemap.ts	next
src/compiler/binder.ts	getModuleInstanceStateWorker	src/testRunner/parallel/worker.ts	next
src/compiler/binder.ts	hasNarrowableArgument	src/compiler/sourcemap.ts	next
src/compiler/binder.ts	hasNarrowableArgument	src/testRunner/parallel/worker.ts	next
src/compiler/binder.ts	updateStrictModeStatementList	src/compiler/sourcemap.ts	next
src/compiler/binder.ts	updateStrictModeStatementList	src/testRunner/parallel/worker.ts	next
src/compiler/builder.ts	<lambda>13	src/compiler/builderState.ts	set
src/compiler/builder.ts	<lambda>13	src/compiler/core.ts	delete
src/compiler/builder.ts	<lambda>13	src/compiler/factory/nodeFactory.ts	set
src/compiler/builder.ts	<lambda>13	src/compiler/moduleNameResolver.ts	delete
src/compiler/builder.ts	<lambda>13	src/compiler/moduleNameResolver.ts	set
src/compiler/builder.ts	<lambda>13	src/compiler/transformers/utilities.ts	delete
src/compiler/builder.ts	<lambda>13	src/compiler/transformers/utilities.ts	set
src/compiler/builder.ts	<lambda>13	src/compiler/types.ts	set
src/compiler/builder.ts	<lambda>13	src/harness/collectionsImpl.ts	delete
src/compiler/builder.ts	<lambda>13	src/harness/collectionsImpl.ts	set
src/compiler/builder.ts	<lambda>13	src/server/editorServices.ts	set
src/compiler/builder.ts	<lambda>13	src/server/moduleSpecifierCache.ts	set
src/compiler/builder.ts	<lambda>13	src/server/packageJsonCache.ts	delete
src/compiler/builder.ts	<lambda>13	src/server/utilitiesPublic.ts	set
src/compiler/builder.ts	<lambda>13	src/services/textChanges.ts	delete
src/compiler/builder.ts	<lambda>13	src/services/types.ts	set
src/compiler/builder.ts	<lambda>13	src/testRunner/parallel/host.ts	set
src/compiler/builder.ts	<lambda>14	src/compiler/core.ts	delete
src/compiler/builder.ts	<lambda>14	src/compiler/moduleNameResolver.ts	delete
src/compiler/builder.ts	<lambda>14	src/compiler/transformers/utilities.ts	delete
src/compiler/builder.ts	<lambda>14	src/harness/collectionsImpl.ts	delete
src/compiler/builder.ts	<lambda>14	src/server/packageJsonCache.ts	delete
src/compiler/builder.ts	<lambda>14	src/services/textChanges.ts	delete
src/compiler/builder.ts	<lambda>15	src/compiler/core.ts	delete
src/compiler/builder.ts	<lambda>15	src/compiler/moduleNameResolver.ts	delete
src/compiler/builder.ts	<lambda>15	src/compiler/transformers/utilities.ts	delete
src/compiler/builder.ts	<lambda>15	src/harness/collectionsImpl.ts	delete
src/compiler/builder.ts	<lambda>15	src/server/packageJsonCache.ts	delete
src/compiler/builder.ts	<lambda>15	src/services/textChanges.ts	delete
src/compiler/builder.ts	<lambda>2	src/compiler/builderState.ts	set
src/compiler/builder.ts	<lambda>2	src/compiler/core.ts	add
src/compiler/builder.ts	<lambda>2	src/compiler/debug.ts	get
src/compiler/builder.ts	<lambda>2	src/compiler/factory/nodeFactory.ts	get
src/compiler/builder.ts	<lambda>2	src/compiler/factory/nodeFactory.ts	set
src/compiler/builder.ts	<lambda>2	src/compiler/moduleNameResolver.ts	get
src/compiler/builder.ts	<lambda>2	src/compiler/moduleNameResolver.ts	set
src/compiler/builder.ts	<lambda>2	src/compiler/transformers/utilities.ts	add
src/compiler/builder.ts	<lambda>2	src/compiler/transformers/utilities.ts	get
src/compiler/builder.ts	<lambda>2	src/compiler/transformers/utilities.ts	set
src/compiler/builder.ts	<lambda>2	src/compiler/types.ts	add
src/compiler/builder.ts	<lambda>2	src/compiler/types.ts	get
src/compiler/builder.ts	<lambda>2	src/compiler/types.ts	set
src/compiler/builder.ts	<lambda>2	src/compiler/utilities.ts	add
src/compiler/builder.ts	<lambda>2	src/harness/collectionsImpl.ts	get
src/compiler/builder.ts	<lambda>2	src/harness/collectionsImpl.ts	set
src/compiler/builder.ts	<lambda>2	src/harness/watchUtils.ts	add
src/compiler/builder.ts	<lambda>2	src/server/editorServices.ts	get
src/compiler/builder.ts	<lambda>2	src/server/editorServices.ts	set
src/compiler/builder.ts	<lambda>2	src/server/moduleSpecifierCache.ts	get
src/compiler/builder.ts	<lambda>2	src/server/moduleSpecifierCache.ts	set
src/compiler/builder.ts	<lambda>2	src/server/scriptVersionCache.ts	add
src/compiler/builder.ts	<lambda>2	src/server/utilitiesPublic.ts	get
src/compiler/builder.ts	<lambda>2	src/server/utilitiesPublic.ts	set
src/compiler/builder.ts	<lambda>2	src/services/completions.ts	add
src/compiler/builder.ts	<lambda>2	src/services/exportInfoMap.ts	add
src/compiler/builder.ts	<lambda>2	src/services/exportInfoMap.ts	get
src/compiler/builder.ts	<lambda>2	src/services/formatting/formatting.ts	get
src/compiler/builder.ts	<lambda>2	src/services/stringCompletions.ts	add
src/compiler/builder.ts	<lambda>2	src/services/types.ts	get
src/compiler/builder.ts	<lambda>2	src/services/types.ts	set
src/compiler/builder.ts	<lambda>2	src/services/utilities.ts	get
src/compiler/builder.ts	<lambda>2	src/testRunner/parallel/host.ts	get
src/compiler/builder.ts	<lambda>2	src/testRunner/parallel/host.ts	set
src/compiler/builder.ts	<lambda>20	src/compiler/builderState.ts	getKeys
src/compiler/builder.ts	<lambda>3	src/compiler/core.ts	has
src/compiler/builder.ts	<lambda>3	src/compiler/corePublic.ts	has
src/compiler/builder.ts	<lambda>3	src/compiler/moduleNameResolver.ts	has
src/compiler/builder.ts	<lambda>3	src/compiler/transformers/utilities.ts	has
src/compiler/builder.ts	<lambda>3	src/harness/collectionsImpl.ts	has
src/compiler/builder.ts	<lambda>3	src/services/completions.ts	has
src/compiler/builder.ts	<lambda>3	src/services/stringCompletions.ts	has
src/compiler/builder.ts	<lambda>3	src/services/types.ts	has
src/compiler/builder.ts	<lambda>3	src/services/utilities.ts	has
src/compiler/builder.ts	<lambda>36	src/compiler/builderState.ts	getValues
src/compiler/builder.ts	<lambda>39	src/compiler/builderState.ts	set
src/compiler/builder.ts	<lambda>39	src/compiler/factory/nodeFactory.ts	set
src/compiler/builder.ts	<lambda>39	src/compiler/moduleNameResolver.ts	set
src/compiler/builder.ts	<lambda>39	src/compiler/transformers/utilities.ts	set
src/compiler/builder.ts	<lambda>39	src/compiler/types.ts	set
src/compiler/builder.ts	<lambda>39	src/harness/collectionsImpl.ts	set
src/compiler/builder.ts	<lambda>39	src/server/editorServices.ts	set
src/compiler/builder.ts	<lambda>39	src/server/moduleSpecifierCache.ts	set
src/compiler/builder.ts	<lambda>39	src/server/utilitiesPublic.ts	set
src/compiler/builder.ts	<lambda>39	src/services/types.ts	set
src/compiler/builder.ts	<lambda>39	src/testRunner/parallel/host.ts	set
src/compiler/builder.ts	<lambda>40	src/compiler/builderState.ts	set
src/compiler/builder.ts	<lambda>40	src/compiler/factory/nodeFactory.ts	set
src/compiler/builder.ts	<lambda>40	src/compiler/moduleNameResolver.ts	set
src/compiler/builder.ts	<lambda>40	src/compiler/transformers/utilities.ts	set
src/compiler/builder.ts	<lambda>40	src/compiler/types.ts	set
src/compiler/builder.ts	<lambda>40	src/harness/collectionsImpl.ts	set
src/compiler/builder.ts	<lambda>40	src/server/editorServices.ts	set
src/compiler/builder.ts	<lambda>40	src/server/moduleSpecifierCache.ts	set
src/compiler/builder.ts	<lambda>40	src/server/utilitiesPublic.ts	set
src/compiler/builder.ts	<lambda>40	src/services/types.ts	set
src/compiler/builder.ts	<lambda>40	src/testRunner/parallel/host.ts	set
src/compiler/builder.ts	<lambda>54	src/compiler/builderState.ts	set
src/compiler/builder.ts	<lambda>54	src/compiler/core.ts	delete
src/compiler/builder.ts	<lambda>54	src/compiler/debug.ts	get
src/compiler/builder.ts	<lambda>54	src/compiler/factory/nodeFactory.ts	get
src/compiler/builder.ts	<lambda>54	src/compiler/factory/nodeFactory.ts	set
src/compiler/builder.ts	<lambda>54	src/compiler/moduleNameResolver.ts	delete
src/compiler/builder.ts	<lambda>54	src/compiler/moduleNameResolver.ts	get
src/compiler/builder.ts	<lambda>54	src/compiler/moduleNameResolver.ts	set
src/compiler/builder.ts	<lambda>54	src/compiler/transformers/utilities.ts	delete
src/compiler/builder.ts	<lambda>54	src/compiler/transformers/utilities.ts	get
src/compiler/builder.ts	<lambda>54	src/compiler/transformers/utilities.ts	set
src/compiler/builder.ts	<lambda>54	src/compiler/types.ts	get
src/compiler/builder.ts	<lambda>54	src/compiler/types.ts	set
src/compiler/builder.ts	<lambda>54	src/harness/collectionsImpl.ts	delete
src/compiler/builder.ts	<lambda>54	src/harness/collectionsImpl.ts	get
src/compiler/builder.ts	<lambda>54	src/harness/collectionsImpl.ts	set
src/compiler/builder.ts	<lambda>54	src/server/editorServices.ts	get
src/compiler/builder.ts	<lambda>54	src/server/editorServices.ts	set
src/compiler/builder.ts	<lambda>54	src/server/moduleSpecifierCache.ts	get
src/compiler/builder.ts	<lambda>54	src/server/moduleSpecifierCache.ts	set
src/compiler/builder.ts	<lambda>54	src/server/packageJsonCache.ts	delete
src/compiler/builder.ts	<lambda>54	src/server/utilitiesPublic.ts	get
src/compiler/builder.ts	<lambda>54	src/server/utilitiesPublic.ts	set
src/compiler/builder.ts	<lambda>54	src/services/exportInfoMap.ts	get
src/compiler/builder.ts	<lambda>54	src/services/formatting/formatting.ts	get
src/compiler/builder.ts	<lambda>54	src/services/textChanges.ts	delete
src/compiler/builder.ts	<lambda>54	src/services/types.ts	get
src/compiler/builder.ts	<lambda>54	src/services/types.ts	set
src/compiler/builder.ts	<lambda>54	src/services/utilities.ts	get
src/compiler/builder.ts	<lambda>54	src/testRunner/parallel/host.ts	get
src/compiler/builder.ts	<lambda>54	src/testRunner/parallel/host.ts	set
src/compiler/builder.ts	addToAffectedFilesPendingEmit	src/compiler/builderState.ts	set
src/compiler/builder.ts	addToAffectedFilesPendingEmit	src/compiler/factory/nodeFactory.ts	set
src/compiler/builder.ts	addToAffectedFilesPendingEmit	src/compiler/moduleNameResolver.ts	set
src/compiler/builder.ts	addToAffectedFilesPendingEmit	src/compiler/transformers/utilities.ts	set
src/compiler/builder.ts	addToAffectedFilesPendingEmit	src/compiler/types.ts	set
src/compiler/builder.ts	addToAffectedFilesPendingEmit	src/harness/collectionsImpl.ts	set
src/compiler/builder.ts	addToAffectedFilesPendingEmit	src/server/editorServices.ts	set
src/compiler/builder.ts	addToAffectedFilesPendingEmit	src/server/moduleSpecifierCache.ts	set
src/compiler/builder.ts	addToAffectedFilesPendingEmit	src/server/utilitiesPublic.ts	set
src/compiler/builder.ts	addToAffectedFilesPendingEmit	src/services/types.ts	set
src/compiler/builder.ts	addToAffectedFilesPendingEmit	src/testRunner/parallel/host.ts	set
src/compiler/builder.ts	emitNextAffectedFileOrDtsErrors	src/compiler/builderState.ts	set
src/compiler/builder.ts	emitNextAffectedFileOrDtsErrors	src/compiler/core.ts	add
src/compiler/builder.ts	emitNextAffectedFileOrDtsErrors	src/compiler/factory/nodeFactory.ts	set
src/compiler/builder.ts	emitNextAffectedFileOrDtsErrors	src/compiler/moduleNameResolver.ts	set
src/compiler/builder.ts	emitNextAffectedFileOrDtsErrors	src/compiler/transformers/utilities.ts	add
src/compiler/builder.ts	emitNextAffectedFileOrDtsErrors	src/compiler/transformers/utilities.ts	set
src/compiler/builder.ts	emitNextAffectedFileOrDtsErrors	src/compiler/types.ts	add
src/compiler/builder.ts	emitNextAffectedFileOrDtsErrors	src/compiler/types.ts	set
src/compiler/builder.ts	emitNextAffectedFileOrDtsErrors	src/compiler/utilities.ts	add
src/compiler/builder.ts	emitNextAffectedFileOrDtsErrors	src/harness/collectionsImpl.ts	set
src/compiler/builder.ts	emitNextAffectedFileOrDtsErrors	src/harness/watchUtils.ts	add
src/compiler/builder.ts	emitNextAffectedFileOrDtsErrors	src/server/editorServices.ts	set
src/compiler/builder.ts	emitNextAffectedFileOrDtsErrors	src/server/moduleSpecifierCache.ts	set
src/compiler/builder.ts	emitNextAffectedFileOrDtsErrors	src/server/scriptVersionCache.ts	add
src/compiler/builder.ts	emitNextAffectedFileOrDtsErrors	src/server/utilitiesPublic.ts	set
src/compiler/builder.ts	emitNextAffectedFileOrDtsErrors	src/services/completions.ts	add
src/compiler/builder.ts	emitNextAffectedFileOrDtsErrors	src/services/exportInfoMap.ts	add
src/compiler/builder.ts	emitNextAffectedFileOrDtsErrors	src/services/stringCompletions.ts	add
src/compiler/builder.ts	emitNextAffectedFileOrDtsErrors	src/services/types.ts	set
src/compiler/builder.ts	emitNextAffectedFileOrDtsErrors	src/testRunner/parallel/host.ts	set
src/compiler/builder.ts	getBuildInfo	src/compiler/core.ts	map
src/compiler/builder.ts	getBuildInfo	src/compiler/sourcemap.ts	next
src/compiler/builder.ts	getBuildInfo	src/testRunner/parallel/worker.ts	next
src/compiler/builder.ts	getSemanticDiagnostics	src/compiler/sourcemap.ts	next
src/compiler/builder.ts	getSemanticDiagnostics	src/testRunner/parallel/worker.ts	next
src/compiler/builder.ts	getSemanticDiagnosticsOfNextAffectedFile	src/compiler/core.ts	add
src/compiler/builder.ts	getSemanticDiagnosticsOfNextAffectedFile	src/compiler/transformers/utilities.ts	add
src/compiler/builder.ts	getSemanticDiagnosticsOfNextAffectedFile	src/compiler/types.ts	add
src/compiler/builder.ts	getSemanticDiagnosticsOfNextAffectedFile	src/compiler/utilities.ts	add
src/compiler/builder.ts	getSemanticDiagnosticsOfNextAffectedFile	src/harness/watchUtils.ts	add
src/compiler/builder.ts	getSemanticDiagnosticsOfNextAffectedFile	src/server/scriptVersionCache.ts	add
src/compiler/builder.ts	getSemanticDiagnosticsOfNextAffectedFile	src/services/completions.ts	add
src/compiler/builder.ts	getSemanticDiagnosticsOfNextAffectedFile	src/services/exportInfoMap.ts	add
src/compiler/builder.ts	getSemanticDiagnosticsOfNextAffectedFile	src/services/stringCompletions.ts	add
src/compiler/builder.ts	handleDtsMayChangeOfFileAndExportsOfFile	src/compiler/builderState.ts	getKeys
src/compiler/builder.ts	toChangeFileSet	src/compiler/sourcemap.ts	next
src/compiler/builder.ts	toChangeFileSet	src/testRunner/parallel/worker.ts	next
src/compiler/builder.ts	toFileIdListId	src/compiler/builderState.ts	set
src/compiler/builder.ts	toFileIdListId	src/compiler/factory/nodeFactory.ts	set
src/compiler/builder.ts	toFileIdListId	src/compiler/moduleNameResolver.ts	set
src/compiler/builder.ts	toFileIdListId	src/compiler/transformers/utilities.ts	set
src/compiler/builder.ts	toFileIdListId	src/compiler/types.ts	set
src/compiler/builder.ts	toFileIdListId	src/harness/collectionsImpl.ts	set
src/compiler/builder.ts	toFileIdListId	src/server/editorServices.ts	set
src/compiler/builder.ts	toFileIdListId	src/server/moduleSpecifierCache.ts	set
src/compiler/builder.ts	toFileIdListId	src/server/utilitiesPublic.ts	set
src/compiler/builder.ts	toFileIdListId	src/services/types.ts	set
src/compiler/builder.ts	toFileIdListId	src/testRunner/parallel/host.ts	set
src/compiler/builder.ts	toIncrementalBuildInfoCompilerOptions	src/compiler/sourcemap.ts	next
src/compiler/builder.ts	toIncrementalBuildInfoCompilerOptions	src/testRunner/parallel/worker.ts	next
src/compiler/builder.ts	toIncrementalBuildInfoEmitDiagnostics	src/compiler/sourcemap.ts	next
src/compiler/builder.ts	toIncrementalBuildInfoEmitDiagnostics	src/testRunner/parallel/worker.ts	next
src/compiler/builder.ts	tryAddRoot	src/compiler/core.ts	some
src/compiler/builderState.ts	<lambda>15	src/compiler/factory/nodeFactory.ts	set
src/compiler/builderState.ts	<lambda>15	src/compiler/moduleNameResolver.ts	set
src/compiler/builderState.ts	<lambda>15	src/compiler/transformers/utilities.ts	set
src/compiler/builderState.ts	<lambda>15	src/compiler/types.ts	set
src/compiler/builderState.ts	<lambda>15	src/harness/collectionsImpl.ts	set
src/compiler/builderState.ts	<lambda>15	src/server/editorServices.ts	set
src/compiler/builderState.ts	<lambda>15	src/server/moduleSpecifierCache.ts	set
src/compiler/builderState.ts	<lambda>15	src/server/utilitiesPublic.ts	set
src/compiler/builderState.ts	<lambda>15	src/services/types.ts	set
src/compiler/builderState.ts	<lambda>15	src/testRunner/parallel/host.ts	set
src/compiler/builderState.ts	addReferenceFromAmbientModule	src/compiler/sourcemap.ts	next
src/compiler/builderState.ts	addReferenceFromAmbientModule	src/testRunner/parallel/worker.ts	next
src/compiler/builderState.ts	addReferencedFile	src/compiler/core.ts	add
src/compiler/builderState.ts	addReferencedFile	src/compiler/transformers/utilities.ts	add
src/compiler/builderState.ts	addReferencedFile	src/compiler/types.ts	add
src/compiler/builderState.ts	addReferencedFile	src/compiler/utilities.ts	add
src/compiler/builderState.ts	addReferencedFile	src/harness/watchUtils.ts	add
src/compiler/builderState.ts	addReferencedFile	src/server/scriptVersionCache.ts	add
src/compiler/builderState.ts	addReferencedFile	src/services/completions.ts	add
src/compiler/builderState.ts	addReferencedFile	src/services/exportInfoMap.ts	add
src/compiler/builderState.ts	addReferencedFile	src/services/stringCompletions.ts	add
src/compiler/builderState.ts	addSourceFile	src/compiler/tracing.ts	push
src/compiler/builderState.ts	containsOnlyAmbientModules	src/compiler/sourcemap.ts	next
src/compiler/builderState.ts	containsOnlyAmbientModules	src/testRunner/parallel/worker.ts	next
src/compiler/builderState.ts	create	src/compiler/debug.ts	get
src/compiler/builderState.ts	create	src/compiler/factory/nodeFactory.ts	get
src/compiler/builderState.ts	create	src/compiler/moduleNameResolver.ts	get
src/compiler/builderState.ts	create	src/compiler/sourcemap.ts	next
src/compiler/builderState.ts	create	src/compiler/transformers/utilities.ts	get
src/compiler/builderState.ts	create	src/compiler/types.ts	get
src/compiler/builderState.ts	create	src/harness/collectionsImpl.ts	get
src/compiler/builderState.ts	create	src/server/editorServices.ts	get
src/compiler/builderState.ts	create	src/server/moduleSpecifierCache.ts	get
src/compiler/builderState.ts	create	src/server/utilitiesPublic.ts	get
src/compiler/builderState.ts	create	src/services/exportInfoMap.ts	get
src/compiler/builderState.ts	create	src/services/formatting/formatting.ts	get
src/compiler/builderState.ts	create	src/services/types.ts	get
src/compiler/builderState.ts	create	src/services/utilities.ts	get
src/compiler/builderState.ts	create	src/testRunner/parallel/host.ts	get
src/compiler/builderState.ts	create	src/testRunner/parallel/worker.ts	next
src/compiler/builderState.ts	getAllDependencies	src/compiler/sourcemap.ts	next
src/compiler/builderState.ts	getAllDependencies	src/testRunner/parallel/worker.ts	next
src/compiler/builderState.ts	getAllFilesExcludingDefaultLibraryFile	src/compiler/sourcemap.ts	next
src/compiler/builderState.ts	getAllFilesExcludingDefaultLibraryFile	src/testRunner/parallel/worker.ts	next
src/compiler/builderState.ts	getReferencedFiles	src/compiler/sourcemap.ts	next
src/compiler/builderState.ts	getReferencedFiles	src/testRunner/parallel/worker.ts	next
src/compiler/builderState.ts	updateShapeSignature	src/compiler/factory/nodeFactory.ts	set
src/compiler/builderState.ts	updateShapeSignature	src/compiler/moduleNameResolver.ts	set
src/compiler/builderState.ts	updateShapeSignature	src/compiler/transformers/utilities.ts	set
src/compiler/builderState.ts	updateShapeSignature	src/compiler/types.ts	set
src/compiler/builderState.ts	updateShapeSignature	src/harness/collectionsImpl.ts	set
src/compiler/builderState.ts	updateShapeSignature	src/server/editorServices.ts	set
src/compiler/builderState.ts	updateShapeSignature	src/server/moduleSpecifierCache.ts	set
src/compiler/builderState.ts	updateShapeSignature	src/server/utilitiesPublic.ts	set
src/compiler/builderState.ts	updateShapeSignature	src/services/types.ts	set
src/compiler/builderState.ts	updateShapeSignature	src/testRunner/parallel/host.ts	set
src/compiler/commandLineParser.ts	<lambda>0	src/compiler/core.ts	has
src/compiler/commandLineParser.ts	<lambda>0	src/compiler/corePublic.ts	has
src/compiler/commandLineParser.ts	<lambda>0	src/compiler/moduleNameResolver.ts	has
src/compiler/commandLineParser.ts	<lambda>0	src/compiler/transformers/utilities.ts	has
src/compiler/commandLineParser.ts	<lambda>0	src/harness/collectionsImpl.ts	has
src/compiler/commandLineParser.ts	<lambda>0	src/services/completions.ts	has
src/compiler/commandLineParser.ts	<lambda>0	src/services/stringCompletions.ts	has
src/compiler/commandLineParser.ts	<lambda>0	src/services/types.ts	has
src/compiler/commandLineParser.ts	<lambda>0	src/services/utilities.ts	has
src/compiler/commandLineParser.ts	<lambda>42	src/compiler/sys.ts	readFile
src/compiler/commandLineParser.ts	<lambda>42	src/harness/fakesHosts.ts	readFile
src/compiler/commandLineParser.ts	convertCompilerOptionsForTelemetry	src/compiler/sourcemap.ts	next
src/compiler/commandLineParser.ts	convertCompilerOptionsForTelemetry	src/testRunner/parallel/worker.ts	next
src/compiler/commandLineParser.ts	convertObjectLiteralExpressionToJson	src/compiler/sourcemap.ts	next
src/compiler/commandLineParser.ts	convertObjectLiteralExpressionToJson	src/testRunner/parallel/worker.ts	next
src/compiler/commandLineParser.ts	convertOptionsFromJson	src/compiler/sourcemap.ts	next
src/compiler/commandLineParser.ts	convertOptionsFromJson	src/testRunner/parallel/worker.ts	next
src/compiler/commandLineParser.ts	convertToOptionsWithAbsolutePaths	src/compiler/sourcemap.ts	next
src/compiler/commandLineParser.ts	convertToOptionsWithAbsolutePaths	src/testRunner/parallel/worker.ts	next
src/compiler/commandLineParser.ts	convertToTSConfig	src/compiler/sourcemap.ts	next
src/compiler/commandLineParser.ts	convertToTSConfig	src/testRunner/parallel/worker.ts	next
src/compiler/commandLineParser.ts	createDiagnosticForInvalidCustomType	src/compiler/core.ts	map
src/compiler/commandLineParser.ts	getExtendedConfig	src/compiler/core.ts	add
src/compiler/commandLineParser.ts	getExtendedConfig	src/compiler/sourcemap.ts	next
src/compiler/commandLineParser.ts	getExtendedConfig	src/compiler/transformers/utilities.ts	add
src/compiler/commandLineParser.ts	getExtendedConfig	src/compiler/types.ts	add
src/compiler/commandLineParser.ts	getExtendedConfig	src/compiler/utilities.ts	add
src/compiler/commandLineParser.ts	getExtendedConfig	src/harness/watchUtils.ts	add
src/compiler/commandLineParser.ts	getExtendedConfig	src/server/scriptVersionCache.ts	add
src/compiler/commandLineParser.ts	getExtendedConfig	src/services/completions.ts	add
src/compiler/commandLineParser.ts	getExtendedConfig	src/services/exportInfoMap.ts	add
src/compiler/commandLineParser.ts	getExtendedConfig	src/services/stringCompletions.ts	add
src/compiler/commandLineParser.ts	getExtendedConfig	src/testRunner/parallel/worker.ts	next
src/compiler/commandLineParser.ts	getFileNamesFromConfigSpecs	src/compiler/sourcemap.ts	next
src/compiler/commandLineParser.ts	getFileNamesFromConfigSpecs	src/testRunner/parallel/worker.ts	next
src/compiler/commandLineParser.ts	getProjectReferences	src/compiler/sourcemap.ts	next
src/compiler/commandLineParser.ts	getProjectReferences	src/compiler/tracing.ts	push
src/compiler/commandLineParser.ts	getProjectReferences	src/testRunner/parallel/worker.ts	next
src/compiler/commandLineParser.ts	getWildcardDirectories	src/compiler/sourcemap.ts	next
src/compiler/commandLineParser.ts	getWildcardDirectories	src/testRunner/parallel/worker.ts	next
src/compiler/commandLineParser.ts	handleOptionConfigDirTemplateSubstitution	src/compiler/sourcemap.ts	next
src/compiler/commandLineParser.ts	handleOptionConfigDirTemplateSubstitution	src/testRunner/parallel/worker.ts	next
src/compiler/commandLineParser.ts	hasFileWithHigherPriorityExtension	src/compiler/sourcemap.ts	next
src/compiler/commandLineParser.ts	hasFileWithHigherPriorityExtension	src/testRunner/parallel/worker.ts	next
src/compiler/commandLineParser.ts	isExcludedFile	src/compiler/sourcemap.ts	next
src/compiler/commandLineParser.ts	isExcludedFile	src/testRunner/parallel/worker.ts	next
src/compiler/commandLineParser.ts	serializeOptionBaseObject	src/compiler/sourcemap.ts	next
src/compiler/commandLineParser.ts	serializeOptionBaseObject	src/testRunner/parallel/worker.ts	next
src/compiler/core.ts	<lambda>13	src/compiler/sourcemap.ts	next
src/compiler/core.ts	<lambda>13	src/testRunner/parallel/worker.ts	next
src/compiler/core.ts	arrayFrom2	src/compiler/sourcemap.ts	next
src/compiler/core.ts	arrayFrom2	src/testRunner/parallel/worker.ts	next
src/compiler/core.ts	assign	src/compiler/sourcemap.ts	next
src/compiler/core.ts	assign	src/testRunner/parallel/worker.ts	next
src/compiler/core.ts	cartesianProductWorker	src/compiler/sourcemap.ts	next
src/compiler/core.ts	cartesianProductWorker	src/testRunner/parallel/worker.ts	next
src/compiler/core.ts	clone	src/compiler/sourcemap.ts	next
src/compiler/core.ts	clone	src/testRunner/parallel/worker.ts	next
src/compiler/core.ts	copyProperties	src/compiler/sourcemap.ts	next
src/compiler/core.ts	copyProperties	src/testRunner/parallel/worker.ts	next
src/compiler/core.ts	entries	src/compiler/sourcemap.ts	next
src/compiler/core.ts	entries	src/testRunner/parallel/worker.ts	next
src/compiler/core.ts	equalOwnProperties	src/compiler/sourcemap.ts	next
src/compiler/core.ts	equalOwnProperties	src/testRunner/parallel/worker.ts	next
src/compiler/core.ts	extend	src/compiler/sourcemap.ts	next
src/compiler/core.ts	extend	src/testRunner/parallel/worker.ts	next
src/compiler/core.ts	firstDefinedIterator	src/compiler/sourcemap.ts	next
src/compiler/core.ts	firstDefinedIterator	src/testRunner/parallel/worker.ts	next
src/compiler/core.ts	firstIterator	src/compiler/sourcemap.ts	next
src/compiler/core.ts	firstIterator	src/testRunner/parallel/worker.ts	next
src/compiler/core.ts	firstOrUndefinedIterator	src/compiler/sourcemap.ts	next
src/compiler/core.ts	firstOrUndefinedIterator	src/testRunner/parallel/worker.ts	next
src/compiler/core.ts	flatMapIterator	src/compiler/sourcemap.ts	next
src/compiler/core.ts	flatMapIterator	src/testRunner/parallel/worker.ts	next
src/compiler/core.ts	forEach	src/compiler/sourcemap.ts	next
src/compiler/core.ts	forEach	src/testRunner/parallel/worker.ts	next
src/compiler/core.ts	getAllKeys	src/compiler/sourcemap.ts	next
src/compiler/core.ts	getAllKeys	src/testRunner/parallel/worker.ts	next
src/compiler/core.ts	getElementIterator	src/compiler/sourcemap.ts	next
src/compiler/core.ts	getElementIterator	src/testRunner/parallel/worker.ts	next
src/compiler/core.ts	getOwnKeys	src/compiler/sourcemap.ts	next
src/compiler/core.ts	getOwnKeys	src/testRunner/parallel/worker.ts	next
src/compiler/core.ts	getOwnValues	src/compiler/sourcemap.ts	next
src/compiler/core.ts	getOwnValues	src/testRunner/parallel/worker.ts	next
src/compiler/core.ts	getSpellingSuggestion	src/compiler/sourcemap.ts	next
src/compiler/core.ts	getSpellingSuggestion	src/testRunner/parallel/worker.ts	next
src/compiler/core.ts	levenshteinWithMax	src/services/patternMatcher.ts	toLowerCase
src/compiler/core.ts	mapDefinedIterator	src/compiler/sourcemap.ts	next
src/compiler/core.ts	mapDefinedIterator	src/testRunner/parallel/worker.ts	next
src/compiler/core.ts	mapIterator	src/compiler/sourcemap.ts	next
src/compiler/core.ts	mapIterator	src/testRunner/parallel/worker.ts	next
src/compiler/core.ts	reduceLeftIterator	src/compiler/sourcemap.ts	next
src/compiler/core.ts	reduceLeftIterator	src/testRunner/parallel/worker.ts	next
src/compiler/debug.ts	assertEachIsDefined2	src/compiler/sourcemap.ts	next
src/compiler/debug.ts	assertEachIsDefined2	src/testRunner/parallel/worker.ts	next
src/compiler/debug.ts	buildGraphNode	src/compiler/sourcemap.ts	next
src/compiler/debug.ts	buildGraphNode	src/testRunner/parallel/worker.ts	next
src/compiler/debug.ts	computeColumnWidths	src/compiler/sourcemap.ts	next
src/compiler/debug.ts	computeColumnWidths	src/testRunner/parallel/worker.ts	next
src/compiler/debug.ts	computeHeight	src/compiler/sourcemap.ts	next
src/compiler/debug.ts	computeHeight	src/testRunner/parallel/worker.ts	next
src/compiler/debug.ts	computeLevel	src/compiler/sourcemap.ts	next
src/compiler/debug.ts	computeLevel	src/testRunner/parallel/worker.ts	next
src/compiler/debug.ts	enableDebugInfo	src/compiler/sourcemap.ts	next
src/compiler/debug.ts	enableDebugInfo	src/compiler/utilities.ts	getIdentifierConstructor
src/compiler/debug.ts	enableDebugInfo	src/compiler/utilities.ts	getNodeConstructor
src/compiler/debug.ts	enableDebugInfo	src/compiler/utilities.ts	getSignatureConstructor
src/compiler/debug.ts	enableDebugInfo	src/compiler/utilities.ts	getSourceFileConstructor
src/compiler/debug.ts	enableDebugInfo	src/compiler/utilities.ts	getSymbolConstructor
src/compiler/debug.ts	enableDebugInfo	src/compiler/utilities.ts	getTokenConstructor
src/compiler/debug.ts	enableDebugInfo	src/compiler/utilities.ts	getTypeConstructor
src/compiler/debug.ts	enableDebugInfo	src/testRunner/parallel/worker.ts	next
src/compiler/debug.ts	formatControlFlowGraph	src/compiler/sourcemap.ts	next
src/compiler/debug.ts	formatControlFlowGraph	src/testRunner/parallel/worker.ts	next
src/compiler/debug.ts	formatEnum	src/compiler/sourcemap.ts	next
src/compiler/debug.ts	formatEnum	src/testRunner/parallel/worker.ts	next
src/compiler/debug.ts	getChildren	src/compiler/sourcemap.ts	next
src/compiler/debug.ts	getChildren	src/testRunner/parallel/worker.ts	next
src/compiler/debug.ts	getEnumMembers	src/compiler/sourcemap.ts	next
src/compiler/debug.ts	getEnumMembers	src/testRunner/parallel/worker.ts	next
src/compiler/debug.ts	getParents	src/compiler/sourcemap.ts	next
src/compiler/debug.ts	getParents	src/testRunner/parallel/worker.ts	next
src/compiler/debug.ts	renderGraph	src/compiler/sourcemap.ts	next
src/compiler/debug.ts	renderGraph	src/testRunner/parallel/worker.ts	next
src/compiler/debug.ts	setAssertionLevel	src/compiler/sourcemap.ts	next
src/compiler/debug.ts	setAssertionLevel	src/testRunner/parallel/worker.ts	next
src/compiler/emitter.ts	addOutput	src/compiler/tracing.ts	push
src/compiler/emitter.ts	emitDeclarationFileOrBundle	src/compiler/sourcemap.ts	next
src/compiler/emitter.ts	emitDeclarationFileOrBundle	src/compiler/types.ts	add
src/compiler/emitter.ts	emitDeclarationFileOrBundle	src/compiler/types.ts	createBundle
src/compiler/emitter.ts	emitDeclarationFileOrBundle	src/testRunner/parallel/worker.ts	next
src/compiler/emitter.ts	emitExportAssignment	src/compiler/types.ts	getParenthesizeRightSideOfBinaryForOperator
src/compiler/emitter.ts	emitFiles	src/compiler/types.ts	getDiagnostics
src/compiler/emitter.ts	emitHelpers	src/compiler/sourcemap.ts	next
src/compiler/emitter.ts	emitHelpers	src/testRunner/parallel/worker.ts	next
src/compiler/emitter.ts	emitJSDoc	src/compiler/sourcemap.ts	next
src/compiler/emitter.ts	emitJSDoc	src/testRunner/parallel/worker.ts	next
src/compiler/emitter.ts	emitJSDocSignature	src/compiler/types.ts	createNodeArray
src/compiler/emitter.ts	emitJSDocTypeLiteral	src/compiler/types.ts	createNodeArray
src/compiler/emitter.ts	emitJsFileOrBundle	src/compiler/core.ts	forEach
src/compiler/emitter.ts	emitJsFileOrBundle	src/compiler/moduleNameResolver.ts	forEach
src/compiler/emitter.ts	emitJsFileOrBundle	src/compiler/types.ts	forEach
src/compiler/emitter.ts	emitJsFileOrBundle	src/harness/collectionsImpl.ts	forEach
src/compiler/emitter.ts	emitJsFileOrBundle	src/harness/watchUtils.ts	forEach
src/compiler/emitter.ts	emitListItemWithParenthesizerRuleSelector	src/harness/fourslashImpl.ts	select
src/compiler/emitter.ts	emitListItemWithParenthesizerRuleSelector	src/harness/fourslashInterfaceImpl.ts	select
src/compiler/emitter.ts	emitPos	src/compiler/sourcemap.ts	addMapping
src/compiler/emitter.ts	emitPos	src/compiler/types.ts	addMapping
src/compiler/emitter.ts	emitPrologueDirectivesIfNeeded	src/compiler/sourcemap.ts	next
src/compiler/emitter.ts	emitPrologueDirectivesIfNeeded	src/testRunner/parallel/worker.ts	next
src/compiler/emitter.ts	emitPropertyAccessExpression	src/compiler/types.ts	createToken
src/compiler/emitter.ts	emitShebangIfNeeded	src/compiler/sourcemap.ts	next
src/compiler/emitter.ts	emitShebangIfNeeded	src/testRunner/parallel/worker.ts	next
src/compiler/emitter.ts	emitTripleSlashDirectives	src/compiler/sourcemap.ts	next
src/compiler/emitter.ts	emitTripleSlashDirectives	src/testRunner/parallel/worker.ts	next
src/compiler/emitter.ts	forEachEmittedFile	src/compiler/sourcemap.ts	next
src/compiler/emitter.ts	forEachEmittedFile	src/compiler/types.ts	createBundle
src/compiler/emitter.ts	forEachEmittedFile	src/testRunner/parallel/worker.ts	next
src/compiler/emitter.ts	forEachLeadingCommentWithoutDetachedComments	src/compiler/tracing.ts	pop
src/compiler/emitter.ts	getAllProjectOutputs	src/compiler/sourcemap.ts	next
src/compiler/emitter.ts	getAllProjectOutputs	src/testRunner/parallel/worker.ts	next
src/compiler/emitter.ts	getFirstProjectOutput	src/compiler/sourcemap.ts	next
src/compiler/emitter.ts	getFirstProjectOutput	src/testRunner/parallel/worker.ts	next
src/compiler/emitter.ts	maybeEmitExpression	src/compiler/types.ts	getParenthesizeLeftSideOfBinaryForOperator
src/compiler/emitter.ts	maybeEmitExpression	src/compiler/types.ts	getParenthesizeRightSideOfBinaryForOperator
src/compiler/emitter.ts	parenthesizeExpressionForNoAsi	src/compiler/types.ts	createParenthesizedExpression
src/compiler/emitter.ts	parenthesizeExpressionForNoAsi	src/compiler/types.ts	updateAsExpression
src/compiler/emitter.ts	parenthesizeExpressionForNoAsi	src/compiler/types.ts	updateBinaryExpression
src/compiler/emitter.ts	parenthesizeExpressionForNoAsi	src/compiler/types.ts	updateCallExpression
src/compiler/emitter.ts	parenthesizeExpressionForNoAsi	src/compiler/types.ts	updateConditionalExpression
src/compiler/emitter.ts	parenthesizeExpressionForNoAsi	src/compiler/types.ts	updateElementAccessExpression
src/compiler/emitter.ts	parenthesizeExpressionForNoAsi	src/compiler/types.ts	updateNonNullExpression
src/compiler/emitter.ts	parenthesizeExpressionForNoAsi	src/compiler/types.ts	updatePartiallyEmittedExpression
src/compiler/emitter.ts	parenthesizeExpressionForNoAsi	src/compiler/types.ts	updatePostfixUnaryExpression
src/compiler/emitter.ts	parenthesizeExpressionForNoAsi	src/compiler/types.ts	updatePropertyAccessExpression
src/compiler/emitter.ts	parenthesizeExpressionForNoAsi	src/compiler/types.ts	updateSatisfiesExpression
src/compiler/emitter.ts	parenthesizeExpressionForNoAsi	src/compiler/types.ts	updateTaggedTemplateExpression
src/compiler/emitter.ts	parenthesizeExpressionForNoAsiAndDisallowedComma	src/compiler/types.ts	parenthesizeExpressionForDisallowedComma
src/compiler/emitter.ts	setSourceMapSource	src/compiler/sourcemap.ts	addSource
src/compiler/emitter.ts	setSourceMapSource	src/compiler/sourcemap.ts	setSourceContent
src/compiler/emitter.ts	setSourceMapSource	src/compiler/types.ts	addSource
src/compiler/emitter.ts	setSourceMapSource	src/compiler/types.ts	setSourceContent
src/compiler/emitter.ts	shouldEmitBlockFunctionBodyOnSingleLine	src/compiler/sourcemap.ts	next
src/compiler/emitter.ts	shouldEmitBlockFunctionBodyOnSingleLine	src/testRunner/parallel/worker.ts	next
src/compiler/emitter.ts	writeBundle	src/compiler/sourcemap.ts	next
src/compiler/emitter.ts	writeBundle	src/testRunner/parallel/worker.ts	next
src/compiler/emitter.ts	writeDirectives	src/compiler/sourcemap.ts	next
src/compiler/emitter.ts	writeDirectives	src/testRunner/parallel/worker.ts	next
src/compiler/emitter.ts	writeLines	src/compiler/sourcemap.ts	next
src/compiler/emitter.ts	writeLines	src/testRunner/parallel/worker.ts	next
src/compiler/executeCommandLine.ts	addAggregateStatistic	src/compiler/builderState.ts	set
src/compiler/executeCommandLine.ts	addAggregateStatistic	src/compiler/factory/nodeFactory.ts	set
src/compiler/executeCommandLine.ts	addAggregateStatistic	src/compiler/moduleNameResolver.ts	set
src/compiler/executeCommandLine.ts	addAggregateStatistic	src/compiler/transformers/utilities.ts	set
src/compiler/executeCommandLine.ts	addAggregateStatistic	src/compiler/types.ts	set
src/compiler/executeCommandLine.ts	addAggregateStatistic	src/harness/collectionsImpl.ts	set
src/compiler/executeCommandLine.ts	addAggregateStatistic	src/server/editorServices.ts	set
src/compiler/executeCommandLine.ts	addAggregateStatistic	src/server/moduleSpecifierCache.ts	set
src/compiler/executeCommandLine.ts	addAggregateStatistic	src/server/utilitiesPublic.ts	set
src/compiler/executeCommandLine.ts	addAggregateStatistic	src/services/types.ts	set
src/compiler/executeCommandLine.ts	addAggregateStatistic	src/testRunner/parallel/host.ts	set
src/compiler/executeCommandLine.ts	createColors	src/services/findAllReferences.ts	includes
src/compiler/executeCommandLine.ts	example	src/compiler/sourcemap.ts	next
src/compiler/executeCommandLine.ts	example	src/testRunner/parallel/worker.ts	next
src/compiler/executeCommandLine.ts	formatDefaultValue	src/compiler/core.ts	map
src/compiler/executeCommandLine.ts	generateGroupOptionOutput	src/compiler/sourcemap.ts	next
src/compiler/executeCommandLine.ts	generateGroupOptionOutput	src/testRunner/parallel/worker.ts	next
src/compiler/executeCommandLine.ts	generateSectionOptionsOutput	src/compiler/sourcemap.ts	next
src/compiler/executeCommandLine.ts	generateSectionOptionsOutput	src/testRunner/parallel/worker.ts	next
src/compiler/executeCommandLine.ts	isBuildCommand	src/compiler/core.ts	toLowerCase
src/compiler/executeCommandLine.ts	isBuildCommand	src/services/patternMatcher.ts	toLowerCase
src/compiler/executeCommandLine.ts	printAllHelp	src/compiler/sourcemap.ts	next
src/compiler/executeCommandLine.ts	printAllHelp	src/testRunner/parallel/worker.ts	next
src/compiler/executeCommandLine.ts	printBuildHelp	src/compiler/sourcemap.ts	next
src/compiler/executeCommandLine.ts	printBuildHelp	src/testRunner/parallel/worker.ts	next
src/compiler/executeCommandLine.ts	printEasyHelp	src/compiler/sourcemap.ts	next
src/compiler/executeCommandLine.ts	printEasyHelp	src/testRunner/parallel/worker.ts	next
src/compiler/executeCommandLine.ts	reportAllStatistics	src/compiler/sourcemap.ts	next
src/compiler/executeCommandLine.ts	reportAllStatistics	src/testRunner/parallel/worker.ts	next
src/compiler/executeCommandLine.ts	reportStatistics	src/compiler/sourcemap.ts	next
src/compiler/executeCommandLine.ts	reportStatistics	src/testRunner/parallel/worker.ts	next
src/compiler/executeCommandLine.ts	writeConfigFile	src/compiler/sourcemap.ts	next
src/compiler/executeCommandLine.ts	writeConfigFile	src/testRunner/parallel/worker.ts	next
src/compiler/expressionToTypeNode.ts	<lambda>0	src/compiler/types.ts	createKeywordTypeNode
src/compiler/expressionToTypeNode.ts	<lambda>0	src/compiler/types.ts	createPropertySignature
src/compiler/expressionToTypeNode.ts	<lambda>0	src/compiler/types.ts	createToken
src/compiler/expressionToTypeNode.ts	<lambda>1	src/compiler/types.ts	cloneNode
src/compiler/expressionToTypeNode.ts	<lambda>1	src/compiler/types.ts	createIdentifier
src/compiler/expressionToTypeNode.ts	<lambda>1	src/compiler/types.ts	createParameterDeclaration
src/compiler/expressionToTypeNode.ts	<lambda>11	src/compiler/types.ts	updateGetAccessorDeclaration
src/compiler/expressionToTypeNode.ts	<lambda>11	src/compiler/types.ts	updateSetAccessorDeclaration
src/compiler/expressionToTypeNode.ts	<lambda>2	src/compiler/types.ts	cloneNode
src/compiler/expressionToTypeNode.ts	<lambda>2	src/compiler/types.ts	createIdentifier
src/compiler/expressionToTypeNode.ts	<lambda>2	src/compiler/types.ts	createParameterDeclaration
src/compiler/expressionToTypeNode.ts	<lambda>8	src/compiler/types.ts	updateTypeParameterDeclaration
src/compiler/expressionToTypeNode.ts	addUndefinedIfNeeded	src/compiler/types.ts	createKeywordTypeNode
src/compiler/expressionToTypeNode.ts	addUndefinedIfNeeded	src/compiler/types.ts	createUnionTypeNode
src/compiler/expressionToTypeNode.ts	canAddUndefined	src/compiler/core.ts	every
src/compiler/expressionToTypeNode.ts	canAddUndefined	src/server/scriptVersionCache.ts	every
src/compiler/expressionToTypeNode.ts	canAddUndefined	src/services/patternMatcher.ts	every
src/compiler/expressionToTypeNode.ts	canGetTypeFromArrayLiteral	src/compiler/sourcemap.ts	next
src/compiler/expressionToTypeNode.ts	canGetTypeFromArrayLiteral	src/testRunner/parallel/worker.ts	next
src/compiler/expressionToTypeNode.ts	canGetTypeFromObjectLiteral	src/compiler/sourcemap.ts	next
src/compiler/expressionToTypeNode.ts	canGetTypeFromObjectLiteral	src/testRunner/parallel/worker.ts	next
src/compiler/expressionToTypeNode.ts	createUndefinedTypeNode	src/compiler/types.ts	createKeywordTypeNode
src/compiler/expressionToTypeNode.ts	ensureParameter	src/compiler/types.ts	createToken
src/compiler/expressionToTypeNode.ts	ensureParameter	src/compiler/types.ts	updateParameterDeclaration
src/compiler/expressionToTypeNode.ts	getEffectiveDotDotDotForParameter	src/compiler/types.ts	createToken
src/compiler/expressionToTypeNode.ts	inferAccessorType	src/compiler/types.ts	createKeywordTypeNode
src/compiler/expressionToTypeNode.ts	inferExpressionType	src/compiler/types.ts	createKeywordTypeNode
src/compiler/expressionToTypeNode.ts	inferReturnTypeOfSignatureSignature	src/compiler/types.ts	createKeywordTypeNode
src/compiler/expressionToTypeNode.ts	inferTypeOfDeclaration	src/compiler/types.ts	createKeywordTypeNode
src/compiler/expressionToTypeNode.ts	reuseNode	src/compiler/types.ts	cloneNode
src/compiler/expressionToTypeNode.ts	rewriteModuleSpecifier	src/compiler/types.ts	createStringLiteral
src/compiler/expressionToTypeNode.ts	serializeExistingTypeNodeWithFallback	src/compiler/types.ts	createKeywordTypeNode
src/compiler/expressionToTypeNode.ts	serializeTypeAnnotationOfDeclaration	src/compiler/types.ts	createKeywordTypeNode
src/compiler/expressionToTypeNode.ts	tryVisitIndexedAccess	src/compiler/types.ts	updateIndexedAccessTypeNode
src/compiler/expressionToTypeNode.ts	tryVisitKeyOf	src/compiler/types.ts	updateTypeOperatorNode
src/compiler/expressionToTypeNode.ts	tryVisitTypeQuery	src/compiler/types.ts	updateTypeQueryNode
src/compiler/expressionToTypeNode.ts	tryVisitTypeReference	src/compiler/types.ts	updateTypeReferenceNode
src/compiler/expressionToTypeNode.ts	typeFromArrayLiteral	src/compiler/sourcemap.ts	next
src/compiler/expressionToTypeNode.ts	typeFromArrayLiteral	src/compiler/types.ts	createTupleTypeNode
src/compiler/expressionToTypeNode.ts	typeFromArrayLiteral	src/testRunner/parallel/worker.ts	next
src/compiler/expressionToTypeNode.ts	typeFromExpression	src/compiler/types.ts	createKeywordTypeNode
src/compiler/expressionToTypeNode.ts	typeFromExpression	src/compiler/types.ts	createLiteralTypeNode
src/compiler/expressionToTypeNode.ts	typeFromExpression	src/compiler/types.ts	createNull
src/compiler/expressionToTypeNode.ts	typeFromExpression	src/compiler/types.ts	createStringLiteral
src/compiler/expressionToTypeNode.ts	typeFromFunctionLikeExpression	src/compiler/types.ts	createFunctionTypeNode
src/compiler/expressionToTypeNode.ts	typeFromObjectLiteral	src/compiler/sourcemap.ts	next
src/compiler/expressionToTypeNode.ts	typeFromObjectLiteral	src/compiler/types.ts	createTypeLiteralNode
src/compiler/expressionToTypeNode.ts	typeFromObjectLiteral	src/testRunner/parallel/worker.ts	next
src/compiler/expressionToTypeNode.ts	typeFromObjectLiteralAccessor	src/compiler/types.ts	createModifier
src/compiler/expressionToTypeNode.ts	typeFromObjectLiteralAccessor	src/compiler/types.ts	createPropertySignature
src/compiler/expressionToTypeNode.ts	typeFromObjectLiteralMethod	src/compiler/types.ts	createFunctionTypeNode
src/compiler/expressionToTypeNode.ts	typeFromObjectLiteralMethod	src/compiler/types.ts	createMethodSignature
src/compiler/expressionToTypeNode.ts	typeFromObjectLiteralMethod	src/compiler/types.ts	createModifier
src/compiler/expressionToTypeNode.ts	typeFromObjectLiteralMethod	src/compiler/types.ts	createPropertySignature
src/compiler/expressionToTypeNode.ts	typeFromObjectLiteralMethod	src/compiler/types.ts	createStringLiteral
src/compiler/expressionToTypeNode.ts	typeFromObjectLiteralPropertyAssignment	src/compiler/types.ts	createModifier
src/compiler/expressionToTypeNode.ts	typeFromObjectLiteralPropertyAssignment	src/compiler/types.ts	createPropertySignature
src/compiler/expressionToTypeNode.ts	typeFromPrimitiveLiteral	src/compiler/types.ts	createKeywordTypeNode
src/compiler/expressionToTypeNode.ts	typeFromPrimitiveLiteral	src/compiler/types.ts	createLiteralTypeNode
src/compiler/expressionToTypeNode.ts	visitExistingNodeTreeSymbolsWorker	src/compiler/types.ts	cloneNode
src/compiler/expressionToTypeNode.ts	visitExistingNodeTreeSymbolsWorker	src/compiler/types.ts	createArrayTypeNode
src/compiler/expressionToTypeNode.ts	visitExistingNodeTreeSymbolsWorker	src/compiler/types.ts	createConstructorTypeNode
src/compiler/expressionToTypeNode.ts	visitExistingNodeTreeSymbolsWorker	src/compiler/types.ts	createFunctionTypeNode
src/compiler/expressionToTypeNode.ts	visitExistingNodeTreeSymbolsWorker	src/compiler/types.ts	createIdentifier
src/compiler/expressionToTypeNode.ts	visitExistingNodeTreeSymbolsWorker	src/compiler/types.ts	createIndexSignature
src/compiler/expressionToTypeNode.ts	visitExistingNodeTreeSymbolsWorker	src/compiler/types.ts	createKeywordTypeNode
src/compiler/expressionToTypeNode.ts	visitExistingNodeTreeSymbolsWorker	src/compiler/types.ts	createLiteralTypeNode
src/compiler/expressionToTypeNode.ts	visitExistingNodeTreeSymbolsWorker	src/compiler/types.ts	createNull
src/compiler/expressionToTypeNode.ts	visitExistingNodeTreeSymbolsWorker	src/compiler/types.ts	createNumericLiteral
src/compiler/expressionToTypeNode.ts	visitExistingNodeTreeSymbolsWorker	src/compiler/types.ts	createParameterDeclaration
src/compiler/expressionToTypeNode.ts	visitExistingNodeTreeSymbolsWorker	src/compiler/types.ts	createStringLiteral
src/compiler/expressionToTypeNode.ts	visitExistingNodeTreeSymbolsWorker	src/compiler/types.ts	createTypeLiteralNode
src/compiler/expressionToTypeNode.ts	visitExistingNodeTreeSymbolsWorker	src/compiler/types.ts	createUnionTypeNode
src/compiler/expressionToTypeNode.ts	visitExistingNodeTreeSymbolsWorker	src/compiler/types.ts	updateComputedPropertyName
src/compiler/expressionToTypeNode.ts	visitExistingNodeTreeSymbolsWorker	src/compiler/types.ts	updateConditionalTypeNode
src/compiler/expressionToTypeNode.ts	visitExistingNodeTreeSymbolsWorker	src/compiler/types.ts	updateImportTypeNode
src/compiler/expressionToTypeNode.ts	visitExistingNodeTreeSymbolsWorker	src/compiler/types.ts	updateTypeParameterDeclaration
src/compiler/expressionToTypeNode.ts	visitExistingNodeTreeSymbolsWorker	src/compiler/types.ts	updateTypePredicateNode
src/compiler/expressionToTypeNode.ts	visitNodesWithoutCopyingPositions	src/compiler/types.ts	createNodeArray
src/compiler/factory/baseNodeFactory.ts	createBaseIdentifierNode	src/compiler/utilities.ts	getIdentifierConstructor
src/compiler/factory/baseNodeFactory.ts	createBaseNode	src/compiler/utilities.ts	getNodeConstructor
src/compiler/factory/baseNodeFactory.ts	createBasePrivateIdentifierNode	src/compiler/utilities.ts	getPrivateIdentifierConstructor
src/compiler/factory/baseNodeFactory.ts	createBaseSourceFileNode	src/compiler/utilities.ts	getSourceFileConstructor
src/compiler/factory/baseNodeFactory.ts	createBaseTokenNode	src/compiler/utilities.ts	getTokenConstructor
src/compiler/factory/emitHelpers.ts	<lambda>1	src/compiler/types.ts	createTrue
src/compiler/factory/emitHelpers.ts	<lambda>2	src/compiler/types.ts	createFalse
src/compiler/factory/emitHelpers.ts	createAddDisposableResourceHelper	src/compiler/types.ts	createCallExpression
src/compiler/factory/emitHelpers.ts	createAddDisposableResourceHelper	src/compiler/types.ts	createFalse
src/compiler/factory/emitHelpers.ts	createAddDisposableResourceHelper	src/compiler/types.ts	createTrue
src/compiler/factory/emitHelpers.ts	createAssignHelper	src/compiler/types.ts	createCallExpression
src/compiler/factory/emitHelpers.ts	createAssignHelper	src/compiler/types.ts	createIdentifier
src/compiler/factory/emitHelpers.ts	createAssignHelper	src/compiler/types.ts	createPropertyAccessExpression
src/compiler/factory/emitHelpers.ts	createAsyncDelegatorHelper	src/compiler/types.ts	createCallExpression
src/compiler/factory/emitHelpers.ts	createAsyncGeneratorHelper	src/compiler/types.ts	createCallExpression
src/compiler/factory/emitHelpers.ts	createAsyncGeneratorHelper	src/compiler/types.ts	createIdentifier
src/compiler/factory/emitHelpers.ts	createAsyncGeneratorHelper	src/compiler/types.ts	createThis
src/compiler/factory/emitHelpers.ts	createAsyncGeneratorHelper	src/compiler/types.ts	createVoidZero
src/compiler/factory/emitHelpers.ts	createAsyncValuesHelper	src/compiler/types.ts	createCallExpression
src/compiler/factory/emitHelpers.ts	createAwaitHelper	src/compiler/types.ts	createCallExpression
src/compiler/factory/emitHelpers.ts	createAwaiterHelper	src/compiler/types.ts	createCallExpression
src/compiler/factory/emitHelpers.ts	createAwaiterHelper	src/compiler/types.ts	createFunctionExpression
src/compiler/factory/emitHelpers.ts	createAwaiterHelper	src/compiler/types.ts	createThis
src/compiler/factory/emitHelpers.ts	createAwaiterHelper	src/compiler/types.ts	createToken
src/compiler/factory/emitHelpers.ts	createAwaiterHelper	src/compiler/types.ts	createVoidZero
src/compiler/factory/emitHelpers.ts	createClassPrivateFieldGetHelper	src/compiler/types.ts	createCallExpression
src/compiler/factory/emitHelpers.ts	createClassPrivateFieldGetHelper	src/compiler/types.ts	createStringLiteral
src/compiler/factory/emitHelpers.ts	createClassPrivateFieldInHelper	src/compiler/types.ts	createCallExpression
src/compiler/factory/emitHelpers.ts	createClassPrivateFieldSetHelper	src/compiler/types.ts	createCallExpression
src/compiler/factory/emitHelpers.ts	createClassPrivateFieldSetHelper	src/compiler/types.ts	createStringLiteral
src/compiler/factory/emitHelpers.ts	createDecorateHelper	src/compiler/types.ts	createArrayLiteralExpression
src/compiler/factory/emitHelpers.ts	createDecorateHelper	src/compiler/types.ts	createCallExpression
src/compiler/factory/emitHelpers.ts	createDisposeResourcesHelper	src/compiler/types.ts	createCallExpression
src/compiler/factory/emitHelpers.ts	createESDecorateClassContextObject	src/compiler/types.ts	createIdentifier
src/compiler/factory/emitHelpers.ts	createESDecorateClassContextObject	src/compiler/types.ts	createObjectLiteralExpression
src/compiler/factory/emitHelpers.ts	createESDecorateClassContextObject	src/compiler/types.ts	createPropertyAssignment
src/compiler/factory/emitHelpers.ts	createESDecorateClassContextObject	src/compiler/types.ts	createStringLiteral
src/compiler/factory/emitHelpers.ts	createESDecorateClassElementAccessGetMethod	src/compiler/types.ts	createArrowFunction
src/compiler/factory/emitHelpers.ts	createESDecorateClassElementAccessGetMethod	src/compiler/types.ts	createElementAccessExpression
src/compiler/factory/emitHelpers.ts	createESDecorateClassElementAccessGetMethod	src/compiler/types.ts	createIdentifier
src/compiler/factory/emitHelpers.ts	createESDecorateClassElementAccessGetMethod	src/compiler/types.ts	createParameterDeclaration
src/compiler/factory/emitHelpers.ts	createESDecorateClassElementAccessGetMethod	src/compiler/types.ts	createPropertyAccessExpression
src/compiler/factory/emitHelpers.ts	createESDecorateClassElementAccessGetMethod	src/compiler/types.ts	createPropertyAssignment
src/compiler/factory/emitHelpers.ts	createESDecorateClassElementAccessHasMethod	src/compiler/types.ts	createArrowFunction
src/compiler/factory/emitHelpers.ts	createESDecorateClassElementAccessHasMethod	src/compiler/types.ts	createBinaryExpression
src/compiler/factory/emitHelpers.ts	createESDecorateClassElementAccessHasMethod	src/compiler/types.ts	createIdentifier
src/compiler/factory/emitHelpers.ts	createESDecorateClassElementAccessHasMethod	src/compiler/types.ts	createParameterDeclaration
src/compiler/factory/emitHelpers.ts	createESDecorateClassElementAccessHasMethod	src/compiler/types.ts	createPropertyAssignment
src/compiler/factory/emitHelpers.ts	createESDecorateClassElementAccessHasMethod	src/compiler/types.ts	createStringLiteralFromNode
src/compiler/factory/emitHelpers.ts	createESDecorateClassElementAccessObject	src/compiler/types.ts	createObjectLiteralExpression
src/compiler/factory/emitHelpers.ts	createESDecorateClassElementAccessSetMethod	src/compiler/types.ts	createArrowFunction
src/compiler/factory/emitHelpers.ts	createESDecorateClassElementAccessSetMethod	src/compiler/types.ts	createAssignment
src/compiler/factory/emitHelpers.ts	createESDecorateClassElementAccessSetMethod	src/compiler/types.ts	createBlock
src/compiler/factory/emitHelpers.ts	createESDecorateClassElementAccessSetMethod	src/compiler/types.ts	createElementAccessExpression
src/compiler/factory/emitHelpers.ts	createESDecorateClassElementAccessSetMethod	src/compiler/types.ts	createExpressionStatement
src/compiler/factory/emitHelpers.ts	createESDecorateClassElementAccessSetMethod	src/compiler/types.ts	createIdentifier
src/compiler/factory/emitHelpers.ts	createESDecorateClassElementAccessSetMethod	src/compiler/types.ts	createParameterDeclaration
src/compiler/factory/emitHelpers.ts	createESDecorateClassElementAccessSetMethod	src/compiler/types.ts	createPropertyAccessExpression
src/compiler/factory/emitHelpers.ts	createESDecorateClassElementAccessSetMethod	src/compiler/types.ts	createPropertyAssignment
src/compiler/factory/emitHelpers.ts	createESDecorateClassElementContextObject	src/compiler/types.ts	createFalse
src/compiler/factory/emitHelpers.ts	createESDecorateClassElementContextObject	src/compiler/types.ts	createIdentifier
src/compiler/factory/emitHelpers.ts	createESDecorateClassElementContextObject	src/compiler/types.ts	createObjectLiteralExpression
src/compiler/factory/emitHelpers.ts	createESDecorateClassElementContextObject	src/compiler/types.ts	createPropertyAssignment
src/compiler/factory/emitHelpers.ts	createESDecorateClassElementContextObject	src/compiler/types.ts	createStringLiteral
src/compiler/factory/emitHelpers.ts	createESDecorateClassElementContextObject	src/compiler/types.ts	createStringLiteralFromNode
src/compiler/factory/emitHelpers.ts	createESDecorateClassElementContextObject	src/compiler/types.ts	createTrue
src/compiler/factory/emitHelpers.ts	createESDecorateHelper	src/compiler/types.ts	createCallExpression
src/compiler/factory/emitHelpers.ts	createESDecorateHelper	src/compiler/types.ts	createNull
src/compiler/factory/emitHelpers.ts	createExportStarHelper	src/compiler/types.ts	createCallExpression
src/compiler/factory/emitHelpers.ts	createExportStarHelper	src/compiler/types.ts	createIdentifier
src/compiler/factory/emitHelpers.ts	createExtendsHelper	src/compiler/types.ts	createCallExpression
src/compiler/factory/emitHelpers.ts	createExtendsHelper	src/compiler/types.ts	createUniqueName
src/compiler/factory/emitHelpers.ts	createGeneratorHelper	src/compiler/types.ts	createCallExpression
src/compiler/factory/emitHelpers.ts	createGeneratorHelper	src/compiler/types.ts	createThis
src/compiler/factory/emitHelpers.ts	createImportDefaultHelper	src/compiler/types.ts	createCallExpression
src/compiler/factory/emitHelpers.ts	createImportStarHelper	src/compiler/types.ts	createCallExpression
src/compiler/factory/emitHelpers.ts	createMetadataHelper	src/compiler/types.ts	createCallExpression
src/compiler/factory/emitHelpers.ts	createMetadataHelper	src/compiler/types.ts	createStringLiteral
src/compiler/factory/emitHelpers.ts	createParamHelper	src/compiler/types.ts	createCallExpression
src/compiler/factory/emitHelpers.ts	createParamHelper	src/compiler/types.ts	createNumericLiteral
src/compiler/factory/emitHelpers.ts	createPropKeyHelper	src/compiler/types.ts	createCallExpression
src/compiler/factory/emitHelpers.ts	createReadHelper	src/compiler/types.ts	createCallExpression
src/compiler/factory/emitHelpers.ts	createReadHelper	src/compiler/types.ts	createNumericLiteral
src/compiler/factory/emitHelpers.ts	createRestHelper	src/compiler/types.ts	createAdd
src/compiler/factory/emitHelpers.ts	createRestHelper	src/compiler/types.ts	createArrayLiteralExpression
src/compiler/factory/emitHelpers.ts	createRestHelper	src/compiler/types.ts	createCallExpression
src/compiler/factory/emitHelpers.ts	createRestHelper	src/compiler/types.ts	createConditionalExpression
src/compiler/factory/emitHelpers.ts	createRestHelper	src/compiler/types.ts	createStringLiteral
src/compiler/factory/emitHelpers.ts	createRestHelper	src/compiler/types.ts	createStringLiteralFromNode
src/compiler/factory/emitHelpers.ts	createRestHelper	src/compiler/types.ts	createTypeCheck
src/compiler/factory/emitHelpers.ts	createRewriteRelativeImportExtensionsHelper	src/compiler/types.ts	createCallExpression
src/compiler/factory/emitHelpers.ts	createRewriteRelativeImportExtensionsHelper	src/compiler/types.ts	createTrue
src/compiler/factory/emitHelpers.ts	createRunInitializersHelper	src/compiler/types.ts	createCallExpression
src/compiler/factory/emitHelpers.ts	createSetFunctionNameHelper	src/compiler/types.ts	createCallExpression
src/compiler/factory/emitHelpers.ts	createSetFunctionNameHelper	src/compiler/types.ts	createStringLiteral
src/compiler/factory/emitHelpers.ts	createSpreadArrayHelper	src/compiler/types.ts	createCallExpression
src/compiler/factory/emitHelpers.ts	createTemplateObjectHelper	src/compiler/types.ts	createCallExpression
src/compiler/factory/emitHelpers.ts	createValuesHelper	src/compiler/types.ts	createCallExpression
src/compiler/factory/emitHelpers.ts	getUnscopedHelperName	src/compiler/types.ts	createIdentifier
src/compiler/factory/emitNode.ts	addEmitHelpers	src/compiler/sourcemap.ts	next
src/compiler/factory/emitNode.ts	addEmitHelpers	src/testRunner/parallel/worker.ts	next
src/compiler/factory/emitNode.ts	disposeEmitNodes	src/compiler/sourcemap.ts	next
src/compiler/factory/emitNode.ts	disposeEmitNodes	src/testRunner/parallel/worker.ts	next
src/compiler/factory/emitNode.ts	getOrCreateEmitNode	src/compiler/tracing.ts	push
src/compiler/factory/nodeFactory.ts	aggregateChildrenFlags	src/compiler/sourcemap.ts	next
src/compiler/factory/nodeFactory.ts	aggregateChildrenFlags	src/testRunner/parallel/worker.ts	next
src/compiler/factory/nodeFactory.ts	cloneNode	src/compiler/sourcemap.ts	next
src/compiler/factory/nodeFactory.ts	cloneNode	src/testRunner/parallel/worker.ts	next
src/compiler/factory/nodeFactory.ts	cloneSourceFileWorker	src/compiler/sourcemap.ts	next
src/compiler/factory/nodeFactory.ts	cloneSourceFileWorker	src/testRunner/parallel/worker.ts	next
src/compiler/factory/nodeFactory.ts	createSourceMapSource	src/compiler/utilities.ts	getSourceMapSourceConstructor
src/compiler/factory/nodeFactory.ts	mergeEmitNode	src/compiler/sourcemap.ts	next
src/compiler/factory/nodeFactory.ts	mergeEmitNode	src/testRunner/parallel/worker.ts	next
src/compiler/factory/nodeFactory.ts	mergeTokenSourceMapRanges	src/compiler/sourcemap.ts	next
src/compiler/factory/nodeFactory.ts	mergeTokenSourceMapRanges	src/testRunner/parallel/worker.ts	next
src/compiler/factory/utilities.ts	containsObjectRestOrSpread	src/compiler/sourcemap.ts	next
src/compiler/factory/utilities.ts	containsObjectRestOrSpread	src/testRunner/parallel/worker.ts	next
src/compiler/factory/utilities.ts	createExpressionForJsxElement	src/compiler/sourcemap.ts	next
src/compiler/factory/utilities.ts	createExpressionForJsxElement	src/testRunner/parallel/worker.ts	next
src/compiler/factory/utilities.ts	createExpressionForJsxFragment	src/compiler/sourcemap.ts	next
src/compiler/factory/utilities.ts	createExpressionForJsxFragment	src/testRunner/parallel/worker.ts	next
src/compiler/factory/utilities.ts	createExternalHelpersImportDeclarationIfNeeded	src/compiler/sourcemap.ts	next
src/compiler/factory/utilities.ts	createExternalHelpersImportDeclarationIfNeeded	src/testRunner/parallel/worker.ts	next
src/compiler/factory/utilities.ts	findUseStrictPrologue	src/compiler/sourcemap.ts	next
src/compiler/factory/utilities.ts	findUseStrictPrologue	src/testRunner/parallel/worker.ts	next
src/compiler/factory/utilities.ts	flattenCommaListWorker	src/compiler/sourcemap.ts	next
src/compiler/factory/utilities.ts	flattenCommaListWorker	src/testRunner/parallel/worker.ts	next
src/compiler/moduleNameResolver.ts	<lambda>0	src/compiler/tracing.ts	push
src/compiler/moduleNameResolver.ts	clear	src/compiler/core.ts	clear
src/compiler/moduleNameResolver.ts	clear	src/compiler/executeCommandLine.ts	clear
src/compiler/moduleNameResolver.ts	clear	src/compiler/resolutionCache.ts	clear
src/compiler/moduleNameResolver.ts	clear	src/compiler/transformers/utilities.ts	clear
src/compiler/moduleNameResolver.ts	clear	src/compiler/types.ts	clear
src/compiler/moduleNameResolver.ts	clear	src/compiler/utilities.ts	clear
src/compiler/moduleNameResolver.ts	clear	src/harness/collectionsImpl.ts	clear
src/compiler/moduleNameResolver.ts	clear	src/harness/typeWriter.ts	clear
src/compiler/moduleNameResolver.ts	clear	src/server/editorServices.ts	clear
src/compiler/moduleNameResolver.ts	clear	src/server/moduleSpecifierCache.ts	clear
src/compiler/moduleNameResolver.ts	clear	src/services/exportInfoMap.ts	clear
src/compiler/moduleNameResolver.ts	clear	src/services/textChanges.ts	clear
src/compiler/moduleNameResolver.ts	clear	src/services/types.ts	clear
src/compiler/moduleNameResolver.ts	compilerOptionValueToString	src/compiler/sourcemap.ts	next
src/compiler/moduleNameResolver.ts	compilerOptionValueToString	src/testRunner/parallel/worker.ts	next
src/compiler/moduleNameResolver.ts	getAutomaticTypeDirectiveNames	src/compiler/sourcemap.ts	next
src/compiler/moduleNameResolver.ts	getAutomaticTypeDirectiveNames	src/testRunner/parallel/worker.ts	next
src/compiler/moduleNameResolver.ts	getEntrypointsFromPackageJsonInfo	src/compiler/sourcemap.ts	next
src/compiler/moduleNameResolver.ts	getEntrypointsFromPackageJsonInfo	src/testRunner/parallel/worker.ts	next
src/compiler/moduleNameResolver.ts	getPackageJsonTypesVersionsPaths	src/compiler/sourcemap.ts	next
src/compiler/moduleNameResolver.ts	getPackageJsonTypesVersionsPaths	src/testRunner/parallel/worker.ts	next
src/compiler/moduleNameResolver.ts	loadEntrypointsFromExportMap	src/compiler/sourcemap.ts	next
src/compiler/moduleNameResolver.ts	loadEntrypointsFromExportMap	src/testRunner/parallel/worker.ts	next
src/compiler/moduleNameResolver.ts	loadEntrypointsFromTargetExports	src/compiler/sourcemap.ts	next
src/compiler/moduleNameResolver.ts	loadEntrypointsFromTargetExports	src/testRunner/parallel/worker.ts	next
src/compiler/moduleNameResolver.ts	loadModuleFromExportsOrImports	src/compiler/sourcemap.ts	next
src/compiler/moduleNameResolver.ts	loadModuleFromExportsOrImports	src/testRunner/parallel/worker.ts	next
src/compiler/moduleNameResolver.ts	loadModuleFromTargetExportOrImport	src/compiler/sourcemap.ts	next
src/compiler/moduleNameResolver.ts	loadModuleFromTargetExportOrImport	src/testRunner/parallel/worker.ts	next
src/compiler/moduleNameResolver.ts	readPackageJsonPeerDependencies	src/compiler/sourcemap.ts	next
src/compiler/moduleNameResolver.ts	readPackageJsonPeerDependencies	src/testRunner/parallel/worker.ts	next
src/compiler/moduleNameResolver.ts	readPackageJsonTypesVersionPaths	src/compiler/sourcemap.ts	next
src/compiler/moduleNameResolver.ts	readPackageJsonTypesVersionPaths	src/testRunner/parallel/worker.ts	next
src/compiler/moduleNameResolver.ts	resolveFromTypeRoot	src/compiler/sourcemap.ts	next
src/compiler/moduleNameResolver.ts	resolveFromTypeRoot	src/testRunner/parallel/worker.ts	next
src/compiler/moduleNameResolver.ts	tryLoadInputFileForPath	src/compiler/sourcemap.ts	next
src/compiler/moduleNameResolver.ts	tryLoadInputFileForPath	src/testRunner/parallel/worker.ts	next
src/compiler/moduleNameResolver.ts	tryLoadModuleUsingRootDirs	src/compiler/sourcemap.ts	next
src/compiler/moduleNameResolver.ts	tryLoadModuleUsingRootDirs	src/testRunner/parallel/worker.ts	next
src/compiler/moduleSpecifiers.ts	<lambda>28	src/compiler/sourcemap.ts	next
src/compiler/moduleSpecifiers.ts	<lambda>28	src/testRunner/parallel/worker.ts	next
src/compiler/moduleSpecifiers.ts	computeModuleSpecifiers	src/compiler/sourcemap.ts	next
src/compiler/moduleSpecifiers.ts	computeModuleSpecifiers	src/testRunner/parallel/worker.ts	next
src/compiler/moduleSpecifiers.ts	getAllModulePathsWorker	src/compiler/sourcemap.ts	next
src/compiler/moduleSpecifiers.ts	getAllModulePathsWorker	src/testRunner/parallel/worker.ts	next
src/compiler/moduleSpecifiers.ts	getAllRuntimeDependencies	src/compiler/sourcemap.ts	next
src/compiler/moduleSpecifiers.ts	getAllRuntimeDependencies	src/testRunner/parallel/worker.ts	next
src/compiler/moduleSpecifiers.ts	tryGetAnyFileFromPath	src/compiler/sourcemap.ts	next
src/compiler/moduleSpecifiers.ts	tryGetAnyFileFromPath	src/testRunner/parallel/worker.ts	next
src/compiler/moduleSpecifiers.ts	tryGetModuleNameFromExportsOrImports	src/compiler/sourcemap.ts	next
src/compiler/moduleSpecifiers.ts	tryGetModuleNameFromExportsOrImports	src/testRunner/parallel/worker.ts	next
src/compiler/moduleSpecifiers.ts	tryGetModuleNameFromPaths	src/compiler/sourcemap.ts	next
src/compiler/moduleSpecifiers.ts	tryGetModuleNameFromPaths	src/testRunner/parallel/worker.ts	next
src/compiler/parser.ts	<lambda>50	src/compiler/sourcemap.ts	next
src/compiler/parser.ts	<lambda>50	src/testRunner/parallel/worker.ts	next
src/compiler/parser.ts	checkNodePositions	src/compiler/sourcemap.ts	next
src/compiler/parser.ts	checkNodePositions	src/testRunner/parallel/worker.ts	next
src/compiler/parser.ts	createBaseIdentifierNode	src/compiler/utilities.ts	getIdentifierConstructor
src/compiler/parser.ts	createBaseNode	src/compiler/utilities.ts	getNodeConstructor
src/compiler/parser.ts	createBasePrivateIdentifierNode	src/compiler/utilities.ts	getPrivateIdentifierConstructor
src/compiler/parser.ts	createBaseSourceFileNode	src/compiler/utilities.ts	getSourceFileConstructor
src/compiler/parser.ts	createBaseTokenNode	src/compiler/utilities.ts	getTokenConstructor
src/compiler/parser.ts	extractPragmas	src/compiler/sourcemap.ts	next
src/compiler/parser.ts	extractPragmas	src/testRunner/parallel/worker.ts	next
src/compiler/parser.ts	forEachChildRecursively	src/compiler/sourcemap.ts	next
src/compiler/parser.ts	forEachChildRecursively	src/testRunner/parallel/worker.ts	next
src/compiler/parser.ts	getNewCommentDirectives	src/compiler/sourcemap.ts	next
src/compiler/parser.ts	getNewCommentDirectives	src/testRunner/parallel/worker.ts	next
src/compiler/parser.ts	getSpaceSuggestion	src/compiler/sourcemap.ts	next
src/compiler/parser.ts	getSpaceSuggestion	src/testRunner/parallel/worker.ts	next
src/compiler/parser.ts	initializeState	src/compiler/utilities.ts	getIdentifierConstructor
src/compiler/parser.ts	initializeState	src/compiler/utilities.ts	getNodeConstructor
src/compiler/parser.ts	initializeState	src/compiler/utilities.ts	getPrivateIdentifierConstructor
src/compiler/parser.ts	initializeState	src/compiler/utilities.ts	getSourceFileConstructor
src/compiler/parser.ts	initializeState	src/compiler/utilities.ts	getTokenConstructor
src/compiler/parser.ts	parseClassElement	src/compiler/sourcemap.ts	next
src/compiler/parser.ts	parseClassElement	src/testRunner/parallel/worker.ts	next
src/compiler/parser.ts	parseDeclaration	src/compiler/sourcemap.ts	next
src/compiler/parser.ts	parseDeclaration	src/testRunner/parallel/worker.ts	next
src/compiler/parser.ts	parsePossibleParenthesizedArrowFunctionExpression	src/compiler/core.ts	add
src/compiler/parser.ts	parsePossibleParenthesizedArrowFunctionExpression	src/compiler/transformers/utilities.ts	add
src/compiler/parser.ts	parsePossibleParenthesizedArrowFunctionExpression	src/compiler/types.ts	add
src/compiler/parser.ts	parsePossibleParenthesizedArrowFunctionExpression	src/compiler/utilities.ts	add
src/compiler/parser.ts	parsePossibleParenthesizedArrowFunctionExpression	src/harness/watchUtils.ts	add
src/compiler/parser.ts	parsePossibleParenthesizedArrowFunctionExpression	src/server/scriptVersionCache.ts	add
src/compiler/parser.ts	parsePossibleParenthesizedArrowFunctionExpression	src/services/completions.ts	add
src/compiler/parser.ts	parsePossibleParenthesizedArrowFunctionExpression	src/services/exportInfoMap.ts	add
src/compiler/parser.ts	parsePossibleParenthesizedArrowFunctionExpression	src/services/stringCompletions.ts	add
src/compiler/parser.ts	processCommentPragmas	src/compiler/sourcemap.ts	next
src/compiler/parser.ts	processCommentPragmas	src/testRunner/parallel/worker.ts	next
src/compiler/parser.ts	processPragmasIntoFields	src/compiler/core.ts	forEach
src/compiler/parser.ts	processPragmasIntoFields	src/compiler/moduleNameResolver.ts	forEach
src/compiler/parser.ts	processPragmasIntoFields	src/compiler/types.ts	forEach
src/compiler/parser.ts	processPragmasIntoFields	src/harness/collectionsImpl.ts	forEach
src/compiler/parser.ts	processPragmasIntoFields	src/harness/watchUtils.ts	forEach
src/compiler/parser.ts	visitArray	src/compiler/sourcemap.ts	next
src/compiler/parser.ts	visitArray	src/testRunner/parallel/worker.ts	next
src/compiler/parser.ts	visitNode	src/compiler/sourcemap.ts	next
src/compiler/parser.ts	visitNode	src/testRunner/parallel/worker.ts	next
src/compiler/parser.ts	visitNodes	src/compiler/sourcemap.ts	next
src/compiler/parser.ts	visitNodes	src/testRunner/parallel/worker.ts	next
src/compiler/path.ts	combinePaths	src/compiler/sourcemap.ts	next
src/compiler/path.ts	combinePaths	src/testRunner/parallel/worker.ts	next
src/compiler/path.ts	fileExtensionIsOneOf	src/compiler/sourcemap.ts	next
src/compiler/path.ts	fileExtensionIsOneOf	src/testRunner/parallel/worker.ts	next
src/compiler/path.ts	getAnyExtensionFromPathWorker	src/compiler/sourcemap.ts	next
src/compiler/path.ts	getAnyExtensionFromPathWorker	src/testRunner/parallel/worker.ts	next
src/compiler/program.ts	<lambda>105	src/compiler/programDiagnostics.ts	addConfigDiagnostic
src/compiler/program.ts	<lambda>108	src/compiler/programDiagnostics.ts	addConfigDiagnostic
src/compiler/program.ts	<lambda>118	src/compiler/sourcemap.ts	next
src/compiler/program.ts	<lambda>118	src/testRunner/parallel/worker.ts	next
src/compiler/program.ts	<lambda>122	src/compiler/builder.ts	getCompilerOptions
src/compiler/program.ts	<lambda>122	src/compiler/builderPublic.ts	getCompilerOptions
src/compiler/program.ts	<lambda>122	src/compiler/transformer.ts	getCompilerOptions
src/compiler/program.ts	<lambda>122	src/compiler/tsbuildPublic.ts	getCompilerOptions
src/compiler/program.ts	<lambda>122	src/compiler/types.ts	getCompilerOptions
src/compiler/program.ts	<lambda>122	src/server/project.ts	getCompilerOptions
src/compiler/program.ts	<lambda>123	src/compiler/builder.ts	getCompilerOptions
src/compiler/program.ts	<lambda>123	src/compiler/builderPublic.ts	getCompilerOptions
src/compiler/program.ts	<lambda>123	src/compiler/commandLineParser.ts	getProjectReferences
src/compiler/program.ts	<lambda>123	src/compiler/transformer.ts	getCompilerOptions
src/compiler/program.ts	<lambda>123	src/compiler/tsbuildPublic.ts	getCompilerOptions
src/compiler/program.ts	<lambda>123	src/compiler/types.ts	getCompilerOptions
src/compiler/program.ts	<lambda>123	src/compiler/types.ts	getProjectReferences
src/compiler/program.ts	<lambda>123	src/server/project.ts	getCompilerOptions
src/compiler/program.ts	<lambda>123	src/server/project.ts	getProjectReferences
src/compiler/program.ts	<lambda>123	src/services/types.ts	getProjectReferences
src/compiler/program.ts	<lambda>123	src/testRunner/unittests/services/languageService.ts	getProjectReferences
src/compiler/program.ts	<lambda>3	src/compiler/core.ts	add
src/compiler/program.ts	<lambda>3	src/compiler/transformers/utilities.ts	add
src/compiler/program.ts	<lambda>3	src/compiler/types.ts	add
src/compiler/program.ts	<lambda>3	src/compiler/utilities.ts	add
src/compiler/program.ts	<lambda>3	src/harness/watchUtils.ts	add
src/compiler/program.ts	<lambda>3	src/server/scriptVersionCache.ts	add
src/compiler/program.ts	<lambda>3	src/services/completions.ts	add
src/compiler/program.ts	<lambda>3	src/services/exportInfoMap.ts	add
src/compiler/program.ts	<lambda>3	src/services/stringCompletions.ts	add
src/compiler/program.ts	<lambda>31	src/compiler/builderState.ts	set
src/compiler/program.ts	<lambda>31	src/compiler/factory/nodeFactory.ts	set
src/compiler/program.ts	<lambda>31	src/compiler/moduleNameResolver.ts	set
src/compiler/program.ts	<lambda>31	src/compiler/transformers/utilities.ts	set
src/compiler/program.ts	<lambda>31	src/compiler/types.ts	set
src/compiler/program.ts	<lambda>31	src/harness/collectionsImpl.ts	set
src/compiler/program.ts	<lambda>31	src/server/editorServices.ts	set
src/compiler/program.ts	<lambda>31	src/server/moduleSpecifierCache.ts	set
src/compiler/program.ts	<lambda>31	src/server/utilitiesPublic.ts	set
src/compiler/program.ts	<lambda>31	src/services/types.ts	set
src/compiler/program.ts	<lambda>31	src/testRunner/parallel/host.ts	set
src/compiler/program.ts	<lambda>49	src/compiler/builderState.ts	set
src/compiler/program.ts	<lambda>49	src/compiler/debug.ts	get
src/compiler/program.ts	<lambda>49	src/compiler/factory/nodeFactory.ts	get
src/compiler/program.ts	<lambda>49	src/compiler/factory/nodeFactory.ts	set
src/compiler/program.ts	<lambda>49	src/compiler/moduleNameResolver.ts	get
src/compiler/program.ts	<lambda>49	src/compiler/moduleNameResolver.ts	set
src/compiler/program.ts	<lambda>49	src/compiler/transformers/utilities.ts	get
src/compiler/program.ts	<lambda>49	src/compiler/transformers/utilities.ts	set
src/compiler/program.ts	<lambda>49	src/compiler/types.ts	get
src/compiler/program.ts	<lambda>49	src/compiler/types.ts	set
src/compiler/program.ts	<lambda>49	src/harness/collectionsImpl.ts	get
src/compiler/program.ts	<lambda>49	src/harness/collectionsImpl.ts	set
src/compiler/program.ts	<lambda>49	src/server/editorServices.ts	get
src/compiler/program.ts	<lambda>49	src/server/editorServices.ts	set
src/compiler/program.ts	<lambda>49	src/server/moduleSpecifierCache.ts	get
src/compiler/program.ts	<lambda>49	src/server/moduleSpecifierCache.ts	set
src/compiler/program.ts	<lambda>49	src/server/utilitiesPublic.ts	get
src/compiler/program.ts	<lambda>49	src/server/utilitiesPublic.ts	set
src/compiler/program.ts	<lambda>49	src/services/exportInfoMap.ts	get
src/compiler/program.ts	<lambda>49	src/services/formatting/formatting.ts	get
src/compiler/program.ts	<lambda>49	src/services/types.ts	get
src/compiler/program.ts	<lambda>49	src/services/types.ts	set
src/compiler/program.ts	<lambda>49	src/services/utilities.ts	get
src/compiler/program.ts	<lambda>49	src/testRunner/parallel/host.ts	get
src/compiler/program.ts	<lambda>49	src/testRunner/parallel/host.ts	set
src/compiler/program.ts	<lambda>74	src/compiler/debug.ts	get
src/compiler/program.ts	<lambda>74	src/compiler/factory/nodeFactory.ts	get
src/compiler/program.ts	<lambda>74	src/compiler/moduleNameResolver.ts	get
src/compiler/program.ts	<lambda>74	src/compiler/transformers/utilities.ts	get
src/compiler/program.ts	<lambda>74	src/compiler/types.ts	get
src/compiler/program.ts	<lambda>74	src/harness/collectionsImpl.ts	get
src/compiler/program.ts	<lambda>74	src/server/editorServices.ts	get
src/compiler/program.ts	<lambda>74	src/server/moduleSpecifierCache.ts	get
src/compiler/program.ts	<lambda>74	src/server/utilitiesPublic.ts	get
src/compiler/program.ts	<lambda>74	src/services/exportInfoMap.ts	get
src/compiler/program.ts	<lambda>74	src/services/formatting/formatting.ts	get
src/compiler/program.ts	<lambda>74	src/services/types.ts	get
src/compiler/program.ts	<lambda>74	src/services/utilities.ts	get
src/compiler/program.ts	<lambda>74	src/testRunner/parallel/host.ts	get
src/compiler/program.ts	<lambda>86	src/compiler/programDiagnostics.ts	getCombinedDiagnostics
src/compiler/program.ts	<lambda>86	src/compiler/types.ts	getDiagnostics
src/compiler/program.ts	<lambda>94	src/compiler/programDiagnostics.ts	addFileProcessingDiagnostic
src/compiler/program.ts	<lambda>96	src/compiler/builderState.ts	set
src/compiler/program.ts	<lambda>96	src/compiler/factory/nodeFactory.ts	set
src/compiler/program.ts	<lambda>96	src/compiler/moduleNameResolver.ts	set
src/compiler/program.ts	<lambda>96	src/compiler/transformers/utilities.ts	set
src/compiler/program.ts	<lambda>96	src/compiler/types.ts	set
src/compiler/program.ts	<lambda>96	src/harness/collectionsImpl.ts	set
src/compiler/program.ts	<lambda>96	src/server/editorServices.ts	set
src/compiler/program.ts	<lambda>96	src/server/moduleSpecifierCache.ts	set
src/compiler/program.ts	<lambda>96	src/server/utilitiesPublic.ts	set
src/compiler/program.ts	<lambda>96	src/services/types.ts	set
src/compiler/program.ts	<lambda>96	src/testRunner/parallel/host.ts	set
src/compiler/program.ts	addFileIncludeReason	src/compiler/programDiagnostics.ts	getFileReasons
src/compiler/program.ts	addFilePreprocessingFileExplainingDiagnostic	src/compiler/programDiagnostics.ts	addFileProcessingDiagnostic
src/compiler/program.ts	addResolutionDiagnostics	src/compiler/programDiagnostics.ts	addFileProcessingDiagnostic
src/compiler/program.ts	blockEmittingOfFile	src/compiler/programDiagnostics.ts	addConfigDiagnostic
src/compiler/program.ts	canReuseProjectReferences	src/compiler/commandLineParser.ts	getProjectReferences
src/compiler/program.ts	canReuseProjectReferences	src/compiler/types.ts	getProjectReferences
src/compiler/program.ts	canReuseProjectReferences	src/compiler/types.ts	getResolvedProjectReferences
src/compiler/program.ts	canReuseProjectReferences	src/server/project.ts	getProjectReferences
src/compiler/program.ts	canReuseProjectReferences	src/services/types.ts	getProjectReferences
src/compiler/program.ts	canReuseProjectReferences	src/testRunner/unittests/services/languageService.ts	getProjectReferences
src/compiler/program.ts	checkModifiers	src/compiler/sourcemap.ts	next
src/compiler/program.ts	checkModifiers	src/testRunner/parallel/worker.ts	next
src/compiler/program.ts	checkSourceFilesBelongToPath	src/compiler/programDiagnostics.ts	addLazyConfigDiagnostic
src/compiler/program.ts	checkSourceFilesBelongToPath	src/compiler/sourcemap.ts	next
src/compiler/program.ts	checkSourceFilesBelongToPath	src/testRunner/parallel/worker.ts	next
src/compiler/program.ts	collectExternalModuleReferences	src/compiler/sourcemap.ts	next
src/compiler/program.ts	collectExternalModuleReferences	src/testRunner/parallel/worker.ts	next
src/compiler/program.ts	collectModuleReferences	src/compiler/sourcemap.ts	next
src/compiler/program.ts	collectModuleReferences	src/compiler/tracing.ts	push
src/compiler/program.ts	collectModuleReferences	src/testRunner/parallel/worker.ts	next
src/compiler/program.ts	createCompilerOptionsDiagnostic	src/compiler/programDiagnostics.ts	addConfigDiagnostic
src/compiler/program.ts	createDiagnosticForReference	src/compiler/programDiagnostics.ts	addConfigDiagnostic
src/compiler/program.ts	createProgram2	src/compiler/sourcemap.ts	next
src/compiler/program.ts	createProgram2	src/testRunner/parallel/worker.ts	next
src/compiler/program.ts	createRedirectedSourceFile	src/compiler/types.ts	createRedirectedSourceFile
src/compiler/program.ts	createSyntheticImport	src/compiler/types.ts	createImportDeclaration
src/compiler/program.ts	createSyntheticImport	src/compiler/types.ts	createStringLiteral
src/compiler/program.ts	findSourceFileWorker	src/compiler/builderState.ts	set
src/compiler/program.ts	findSourceFileWorker	src/compiler/core.ts	add
src/compiler/program.ts	findSourceFileWorker	src/compiler/debug.ts	get
src/compiler/program.ts	findSourceFileWorker	src/compiler/factory/nodeFactory.ts	get
src/compiler/program.ts	findSourceFileWorker	src/compiler/factory/nodeFactory.ts	set
src/compiler/program.ts	findSourceFileWorker	src/compiler/moduleNameResolver.ts	get
src/compiler/program.ts	findSourceFileWorker	src/compiler/moduleNameResolver.ts	set
src/compiler/program.ts	findSourceFileWorker	src/compiler/tracing.ts	push
src/compiler/program.ts	findSourceFileWorker	src/compiler/transformers/utilities.ts	add
src/compiler/program.ts	findSourceFileWorker	src/compiler/transformers/utilities.ts	get
src/compiler/program.ts	findSourceFileWorker	src/compiler/transformers/utilities.ts	set
src/compiler/program.ts	findSourceFileWorker	src/compiler/types.ts	add
src/compiler/program.ts	findSourceFileWorker	src/compiler/types.ts	get
src/compiler/program.ts	findSourceFileWorker	src/compiler/types.ts	set
src/compiler/program.ts	findSourceFileWorker	src/compiler/utilities.ts	add
src/compiler/program.ts	findSourceFileWorker	src/harness/collectionsImpl.ts	get
src/compiler/program.ts	findSourceFileWorker	src/harness/collectionsImpl.ts	set
src/compiler/program.ts	findSourceFileWorker	src/harness/watchUtils.ts	add
src/compiler/program.ts	findSourceFileWorker	src/server/editorServices.ts	get
src/compiler/program.ts	findSourceFileWorker	src/server/editorServices.ts	set
src/compiler/program.ts	findSourceFileWorker	src/server/moduleSpecifierCache.ts	get
src/compiler/program.ts	findSourceFileWorker	src/server/moduleSpecifierCache.ts	set
src/compiler/program.ts	findSourceFileWorker	src/server/scriptVersionCache.ts	add
src/compiler/program.ts	findSourceFileWorker	src/server/utilitiesPublic.ts	get
src/compiler/program.ts	findSourceFileWorker	src/server/utilitiesPublic.ts	set
src/compiler/program.ts	findSourceFileWorker	src/services/completions.ts	add
src/compiler/program.ts	findSourceFileWorker	src/services/exportInfoMap.ts	add
src/compiler/program.ts	findSourceFileWorker	src/services/exportInfoMap.ts	get
src/compiler/program.ts	findSourceFileWorker	src/services/formatting/formatting.ts	get
src/compiler/program.ts	findSourceFileWorker	src/services/stringCompletions.ts	add
src/compiler/program.ts	findSourceFileWorker	src/services/types.ts	get
src/compiler/program.ts	findSourceFileWorker	src/services/types.ts	set
src/compiler/program.ts	findSourceFileWorker	src/services/utilities.ts	get
src/compiler/program.ts	findSourceFileWorker	src/testRunner/parallel/host.ts	get
src/compiler/program.ts	findSourceFileWorker	src/testRunner/parallel/host.ts	set
src/compiler/program.ts	flattenDiagnosticMessageText	src/compiler/sourcemap.ts	next
src/compiler/program.ts	flattenDiagnosticMessageText	src/testRunner/parallel/worker.ts	next
src/compiler/program.ts	formatDiagnostics	src/compiler/sourcemap.ts	next
src/compiler/program.ts	formatDiagnostics	src/testRunner/parallel/worker.ts	next
src/compiler/program.ts	formatDiagnosticsWithColorAndContext	src/compiler/sourcemap.ts	next
src/compiler/program.ts	formatDiagnosticsWithColorAndContext	src/testRunner/parallel/worker.ts	next
src/compiler/program.ts	getBindAndCheckDiagnosticsForFile	src/compiler/builderState.ts	set
src/compiler/program.ts	getBindAndCheckDiagnosticsForFile	src/compiler/factory/nodeFactory.ts	set
src/compiler/program.ts	getBindAndCheckDiagnosticsForFile	src/compiler/moduleNameResolver.ts	set
src/compiler/program.ts	getBindAndCheckDiagnosticsForFile	src/compiler/transformers/utilities.ts	set
src/compiler/program.ts	getBindAndCheckDiagnosticsForFile	src/compiler/types.ts	set
src/compiler/program.ts	getBindAndCheckDiagnosticsForFile	src/harness/collectionsImpl.ts	set
src/compiler/program.ts	getBindAndCheckDiagnosticsForFile	src/server/editorServices.ts	set
src/compiler/program.ts	getBindAndCheckDiagnosticsForFile	src/server/moduleSpecifierCache.ts	set
src/compiler/program.ts	getBindAndCheckDiagnosticsForFile	src/server/utilitiesPublic.ts	set
src/compiler/program.ts	getBindAndCheckDiagnosticsForFile	src/services/types.ts	set
src/compiler/program.ts	getBindAndCheckDiagnosticsForFile	src/testRunner/parallel/host.ts	set
src/compiler/program.ts	getClassifiableNames	src/compiler/sourcemap.ts	next
src/compiler/program.ts	getClassifiableNames	src/testRunner/parallel/worker.ts	next
src/compiler/program.ts	getCommonSourceDirectory	src/compiler/programDiagnostics.ts	getCommonSourceDirectory
src/compiler/program.ts	getCommonSourceDirectory	src/compiler/programDiagnostics.ts	setCommonSourceDirectory
src/compiler/program.ts	getDeclarationDiagnosticsWorker	src/compiler/builderState.ts	set
src/compiler/program.ts	getDeclarationDiagnosticsWorker	src/compiler/factory/nodeFactory.ts	set
src/compiler/program.ts	getDeclarationDiagnosticsWorker	src/compiler/moduleNameResolver.ts	set
src/compiler/program.ts	getDeclarationDiagnosticsWorker	src/compiler/transformers/utilities.ts	set
src/compiler/program.ts	getDeclarationDiagnosticsWorker	src/compiler/types.ts	set
src/compiler/program.ts	getDeclarationDiagnosticsWorker	src/harness/collectionsImpl.ts	set
src/compiler/program.ts	getDeclarationDiagnosticsWorker	src/server/editorServices.ts	set
src/compiler/program.ts	getDeclarationDiagnosticsWorker	src/server/moduleSpecifierCache.ts	set
src/compiler/program.ts	getDeclarationDiagnosticsWorker	src/server/utilitiesPublic.ts	set
src/compiler/program.ts	getDeclarationDiagnosticsWorker	src/services/types.ts	set
src/compiler/program.ts	getDeclarationDiagnosticsWorker	src/testRunner/parallel/host.ts	set
src/compiler/program.ts	getFileIncludeReasons	src/compiler/programDiagnostics.ts	getFileReasons
src/compiler/program.ts	getFileProcessingDiagnostics	src/compiler/programDiagnostics.ts	getFileProcessingDiagnostics
src/compiler/program.ts	getMergedBindAndCheckDiagnostics	src/compiler/sourcemap.ts	next
src/compiler/program.ts	getMergedBindAndCheckDiagnostics	src/testRunner/parallel/worker.ts	next
src/compiler/program.ts	getModuleNameStringLiteralAt	src/compiler/sourcemap.ts	next
src/compiler/program.ts	getModuleNameStringLiteralAt	src/testRunner/parallel/worker.ts	next
src/compiler/program.ts	getModuleNames	src/compiler/sourcemap.ts	next
src/compiler/program.ts	getModuleNames	src/testRunner/parallel/worker.ts	next
src/compiler/program.ts	getOptionsDiagnostics	src/compiler/programDiagnostics.ts	getCombinedDiagnostics
src/compiler/program.ts	getOptionsDiagnostics	src/compiler/types.ts	getGlobalDiagnostics
src/compiler/program.ts	getOptionsDiagnosticsOfConfigFile	src/compiler/programDiagnostics.ts	getCombinedDiagnostics
src/compiler/program.ts	getOptionsDiagnosticsOfConfigFile	src/compiler/types.ts	getDiagnostics
src/compiler/program.ts	getProgramDiagnostics	src/compiler/programDiagnostics.ts	getCombinedDiagnostics
src/compiler/program.ts	getProgramDiagnostics	src/compiler/types.ts	getDiagnostics
src/compiler/program.ts	loadWithModeAwareCache	src/compiler/sourcemap.ts	next
src/compiler/program.ts	loadWithModeAwareCache	src/testRunner/parallel/worker.ts	next
src/compiler/program.ts	pathForLibFile	src/compiler/builderState.ts	set
src/compiler/program.ts	pathForLibFile	src/compiler/factory/nodeFactory.ts	set
src/compiler/program.ts	pathForLibFile	src/compiler/moduleNameResolver.ts	set
src/compiler/program.ts	pathForLibFile	src/compiler/transformers/utilities.ts	set
src/compiler/program.ts	pathForLibFile	src/compiler/types.ts	set
src/compiler/program.ts	pathForLibFile	src/harness/collectionsImpl.ts	set
src/compiler/program.ts	pathForLibFile	src/server/editorServices.ts	set
src/compiler/program.ts	pathForLibFile	src/server/moduleSpecifierCache.ts	set
src/compiler/program.ts	pathForLibFile	src/server/utilitiesPublic.ts	set
src/compiler/program.ts	pathForLibFile	src/services/types.ts	set
src/compiler/program.ts	pathForLibFile	src/testRunner/parallel/host.ts	set
src/compiler/program.ts	pathForLibFileWorker	src/compiler/builderState.ts	set
src/compiler/program.ts	pathForLibFileWorker	src/compiler/factory/nodeFactory.ts	set
src/compiler/program.ts	pathForLibFileWorker	src/compiler/moduleNameResolver.ts	set
src/compiler/program.ts	pathForLibFileWorker	src/compiler/transformers/utilities.ts	set
src/compiler/program.ts	pathForLibFileWorker	src/compiler/types.ts	set
src/compiler/program.ts	pathForLibFileWorker	src/harness/collectionsImpl.ts	set
src/compiler/program.ts	pathForLibFileWorker	src/server/editorServices.ts	set
src/compiler/program.ts	pathForLibFileWorker	src/server/moduleSpecifierCache.ts	set
src/compiler/program.ts	pathForLibFileWorker	src/server/utilitiesPublic.ts	set
src/compiler/program.ts	pathForLibFileWorker	src/services/types.ts	set
src/compiler/program.ts	pathForLibFileWorker	src/testRunner/parallel/host.ts	set
src/compiler/program.ts	processImportedModules	src/compiler/builderState.ts	set
src/compiler/program.ts	processImportedModules	src/compiler/factory/nodeFactory.ts	set
src/compiler/program.ts	processImportedModules	src/compiler/moduleNameResolver.ts	set
src/compiler/program.ts	processImportedModules	src/compiler/transformers/utilities.ts	set
src/compiler/program.ts	processImportedModules	src/compiler/types.ts	set
src/compiler/program.ts	processImportedModules	src/harness/collectionsImpl.ts	set
src/compiler/program.ts	processImportedModules	src/server/editorServices.ts	set
src/compiler/program.ts	processImportedModules	src/server/moduleSpecifierCache.ts	set
src/compiler/program.ts	processImportedModules	src/server/utilitiesPublic.ts	set
src/compiler/program.ts	processImportedModules	src/services/types.ts	set
src/compiler/program.ts	processImportedModules	src/testRunner/parallel/host.ts	set
src/compiler/program.ts	processTypeReferenceDirectives	src/compiler/builderState.ts	set
src/compiler/program.ts	processTypeReferenceDirectives	src/compiler/factory/nodeFactory.ts	set
src/compiler/program.ts	processTypeReferenceDirectives	src/compiler/moduleNameResolver.ts	set
src/compiler/program.ts	processTypeReferenceDirectives	src/compiler/transformers/utilities.ts	set
src/compiler/program.ts	processTypeReferenceDirectives	src/compiler/types.ts	set
src/compiler/program.ts	processTypeReferenceDirectives	src/harness/collectionsImpl.ts	set
src/compiler/program.ts	processTypeReferenceDirectives	src/server/editorServices.ts	set
src/compiler/program.ts	processTypeReferenceDirectives	src/server/moduleSpecifierCache.ts	set
src/compiler/program.ts	processTypeReferenceDirectives	src/server/utilitiesPublic.ts	set
src/compiler/program.ts	processTypeReferenceDirectives	src/services/types.ts	set
src/compiler/program.ts	processTypeReferenceDirectives	src/testRunner/parallel/host.ts	set
src/compiler/program.ts	projectReferenceUptoDate	src/compiler/types.ts	getResolvedProjectReferences
src/compiler/program.ts	reportFileNamesDifferOnlyInCasingError	src/compiler/programDiagnostics.ts	getFileReasons
src/compiler/program.ts	resolveNamesReusingOldState	src/compiler/tracing.ts	push
src/compiler/program.ts	resolvedProjectReferenceUptoDate	src/compiler/tracing.ts	push
src/compiler/program.ts	tryReuseStructureFromOldProgram	src/compiler/builderState.ts	set
src/compiler/program.ts	tryReuseStructureFromOldProgram	src/compiler/factory/nodeFactory.ts	set
src/compiler/program.ts	tryReuseStructureFromOldProgram	src/compiler/moduleNameResolver.ts	set
src/compiler/program.ts	tryReuseStructureFromOldProgram	src/compiler/programDiagnostics.ts	reuseStateFromOldProgram
src/compiler/program.ts	tryReuseStructureFromOldProgram	src/compiler/sourcemap.ts	next
src/compiler/program.ts	tryReuseStructureFromOldProgram	src/compiler/transformers/utilities.ts	set
src/compiler/program.ts	tryReuseStructureFromOldProgram	src/compiler/types.ts	set
src/compiler/program.ts	tryReuseStructureFromOldProgram	src/harness/collectionsImpl.ts	set
src/compiler/program.ts	tryReuseStructureFromOldProgram	src/server/editorServices.ts	set
src/compiler/program.ts	tryReuseStructureFromOldProgram	src/server/moduleSpecifierCache.ts	set
src/compiler/program.ts	tryReuseStructureFromOldProgram	src/server/utilitiesPublic.ts	set
src/compiler/program.ts	tryReuseStructureFromOldProgram	src/services/types.ts	set
src/compiler/program.ts	tryReuseStructureFromOldProgram	src/testRunner/parallel/host.ts	set
src/compiler/program.ts	tryReuseStructureFromOldProgram	src/testRunner/parallel/worker.ts	next
src/compiler/program.ts	verifyCompilerOptions	src/compiler/programDiagnostics.ts	addConfigDiagnostic
src/compiler/program.ts	verifyCompilerOptions	src/compiler/programDiagnostics.ts	addLazyConfigDiagnostic
src/compiler/program.ts	verifyCompilerOptions	src/compiler/sourcemap.ts	next
src/compiler/program.ts	verifyCompilerOptions	src/testRunner/parallel/worker.ts	next
src/compiler/program.ts	walkArray	src/compiler/sourcemap.ts	next
src/compiler/program.ts	walkArray	src/testRunner/parallel/worker.ts	next
src/compiler/programDiagnostics.ts	<lambda>2	src/compiler/core.ts	add
src/compiler/programDiagnostics.ts	<lambda>2	src/compiler/transformers/utilities.ts	add
src/compiler/programDiagnostics.ts	<lambda>2	src/compiler/types.ts	add
src/compiler/programDiagnostics.ts	<lambda>2	src/compiler/utilities.ts	add
src/compiler/programDiagnostics.ts	<lambda>2	src/harness/watchUtils.ts	add
src/compiler/programDiagnostics.ts	<lambda>2	src/server/scriptVersionCache.ts	add
src/compiler/programDiagnostics.ts	<lambda>2	src/services/completions.ts	add
src/compiler/programDiagnostics.ts	<lambda>2	src/services/exportInfoMap.ts	add
src/compiler/programDiagnostics.ts	<lambda>2	src/services/stringCompletions.ts	add
src/compiler/programDiagnostics.ts	<lambda>3	src/compiler/core.ts	add
src/compiler/programDiagnostics.ts	<lambda>3	src/compiler/transformers/utilities.ts	add
src/compiler/programDiagnostics.ts	<lambda>3	src/compiler/types.ts	add
src/compiler/programDiagnostics.ts	<lambda>3	src/compiler/utilities.ts	add
src/compiler/programDiagnostics.ts	<lambda>3	src/harness/watchUtils.ts	add
src/compiler/programDiagnostics.ts	<lambda>3	src/server/scriptVersionCache.ts	add
src/compiler/programDiagnostics.ts	<lambda>3	src/services/completions.ts	add
src/compiler/programDiagnostics.ts	<lambda>3	src/services/exportInfoMap.ts	add
src/compiler/programDiagnostics.ts	<lambda>3	src/services/stringCompletions.ts	add
src/compiler/programDiagnostics.ts	<lambda>4	src/compiler/core.ts	add
src/compiler/programDiagnostics.ts	<lambda>4	src/compiler/transformers/utilities.ts	add
src/compiler/programDiagnostics.ts	<lambda>4	src/compiler/types.ts	add
src/compiler/programDiagnostics.ts	<lambda>4	src/compiler/utilities.ts	add
src/compiler/programDiagnostics.ts	<lambda>4	src/harness/watchUtils.ts	add
src/compiler/programDiagnostics.ts	<lambda>4	src/server/scriptVersionCache.ts	add
src/compiler/programDiagnostics.ts	<lambda>4	src/services/completions.ts	add
src/compiler/programDiagnostics.ts	<lambda>4	src/services/exportInfoMap.ts	add
src/compiler/programDiagnostics.ts	<lambda>4	src/services/stringCompletions.ts	add
src/compiler/programDiagnostics.ts	<lambda>5	src/compiler/core.ts	add
src/compiler/programDiagnostics.ts	<lambda>5	src/compiler/transformers/utilities.ts	add
src/compiler/programDiagnostics.ts	<lambda>5	src/compiler/types.ts	add
src/compiler/programDiagnostics.ts	<lambda>5	src/compiler/utilities.ts	add
src/compiler/programDiagnostics.ts	<lambda>5	src/harness/watchUtils.ts	add
src/compiler/programDiagnostics.ts	<lambda>5	src/server/scriptVersionCache.ts	add
src/compiler/programDiagnostics.ts	<lambda>5	src/services/completions.ts	add
src/compiler/programDiagnostics.ts	<lambda>5	src/services/exportInfoMap.ts	add
src/compiler/programDiagnostics.ts	<lambda>5	src/services/stringCompletions.ts	add
src/compiler/programDiagnostics.ts	addConfigDiagnostic	src/compiler/core.ts	add
src/compiler/programDiagnostics.ts	addConfigDiagnostic	src/compiler/transformers/utilities.ts	add
src/compiler/programDiagnostics.ts	addConfigDiagnostic	src/compiler/types.ts	add
src/compiler/programDiagnostics.ts	addConfigDiagnostic	src/compiler/utilities.ts	add
src/compiler/programDiagnostics.ts	addConfigDiagnostic	src/harness/watchUtils.ts	add
src/compiler/programDiagnostics.ts	addConfigDiagnostic	src/server/scriptVersionCache.ts	add
src/compiler/programDiagnostics.ts	addConfigDiagnostic	src/services/completions.ts	add
src/compiler/programDiagnostics.ts	addConfigDiagnostic	src/services/exportInfoMap.ts	add
src/compiler/programDiagnostics.ts	addConfigDiagnostic	src/services/stringCompletions.ts	add
src/compiler/programDiagnostics.ts	addFileProcessingDiagnostic	src/compiler/tracing.ts	push
src/compiler/programDiagnostics.ts	addLazyConfigDiagnostic	src/compiler/tracing.ts	push
src/compiler/programDiagnostics.ts	createDiagnosticExplainingFile	src/compiler/builderState.ts	set
src/compiler/programDiagnostics.ts	createDiagnosticExplainingFile	src/compiler/factory/nodeFactory.ts	set
src/compiler/programDiagnostics.ts	createDiagnosticExplainingFile	src/compiler/moduleNameResolver.ts	set
src/compiler/programDiagnostics.ts	createDiagnosticExplainingFile	src/compiler/transformers/utilities.ts	set
src/compiler/programDiagnostics.ts	createDiagnosticExplainingFile	src/compiler/types.ts	set
src/compiler/programDiagnostics.ts	createDiagnosticExplainingFile	src/harness/collectionsImpl.ts	set
src/compiler/programDiagnostics.ts	createDiagnosticExplainingFile	src/server/editorServices.ts	set
src/compiler/programDiagnostics.ts	createDiagnosticExplainingFile	src/server/moduleSpecifierCache.ts	set
src/compiler/programDiagnostics.ts	createDiagnosticExplainingFile	src/server/utilitiesPublic.ts	set
src/compiler/programDiagnostics.ts	createDiagnosticExplainingFile	src/services/types.ts	set
src/compiler/programDiagnostics.ts	createDiagnosticExplainingFile	src/testRunner/parallel/host.ts	set
src/compiler/programDiagnostics.ts	getFileIncludeReasonToRelatedInformation	src/compiler/builderState.ts	set
src/compiler/programDiagnostics.ts	getFileIncludeReasonToRelatedInformation	src/compiler/factory/nodeFactory.ts	set
src/compiler/programDiagnostics.ts	getFileIncludeReasonToRelatedInformation	src/compiler/moduleNameResolver.ts	set
src/compiler/programDiagnostics.ts	getFileIncludeReasonToRelatedInformation	src/compiler/transformers/utilities.ts	set
src/compiler/programDiagnostics.ts	getFileIncludeReasonToRelatedInformation	src/compiler/types.ts	set
src/compiler/programDiagnostics.ts	getFileIncludeReasonToRelatedInformation	src/harness/collectionsImpl.ts	set
src/compiler/programDiagnostics.ts	getFileIncludeReasonToRelatedInformation	src/server/editorServices.ts	set
src/compiler/programDiagnostics.ts	getFileIncludeReasonToRelatedInformation	src/server/moduleSpecifierCache.ts	set
src/compiler/programDiagnostics.ts	getFileIncludeReasonToRelatedInformation	src/server/utilitiesPublic.ts	set
src/compiler/programDiagnostics.ts	getFileIncludeReasonToRelatedInformation	src/services/types.ts	set
src/compiler/programDiagnostics.ts	getFileIncludeReasonToRelatedInformation	src/testRunner/parallel/host.ts	set
src/compiler/programDiagnostics.ts	processReason	src/compiler/core.ts	add
src/compiler/programDiagnostics.ts	processReason	src/compiler/tracing.ts	push
src/compiler/programDiagnostics.ts	processReason	src/compiler/transformers/utilities.ts	add
src/compiler/programDiagnostics.ts	processReason	src/compiler/types.ts	add
src/compiler/programDiagnostics.ts	processReason	src/compiler/utilities.ts	add
src/compiler/programDiagnostics.ts	processReason	src/harness/watchUtils.ts	add
src/compiler/programDiagnostics.ts	processReason	src/server/scriptVersionCache.ts	add
src/compiler/programDiagnostics.ts	processReason	src/services/completions.ts	add
src/compiler/programDiagnostics.ts	processReason	src/services/exportInfoMap.ts	add
src/compiler/programDiagnostics.ts	processReason	src/services/stringCompletions.ts	add
src/compiler/resolutionCache.ts	<lambda>19	src/compiler/core.ts	add
src/compiler/resolutionCache.ts	<lambda>19	src/compiler/sourcemap.ts	next
src/compiler/resolutionCache.ts	<lambda>19	src/compiler/transformers/utilities.ts	add
src/compiler/resolutionCache.ts	<lambda>19	src/compiler/types.ts	add
src/compiler/resolutionCache.ts	<lambda>19	src/compiler/utilities.ts	add
src/compiler/resolutionCache.ts	<lambda>19	src/harness/watchUtils.ts	add
src/compiler/resolutionCache.ts	<lambda>19	src/server/scriptVersionCache.ts	add
src/compiler/resolutionCache.ts	<lambda>19	src/services/completions.ts	add
src/compiler/resolutionCache.ts	<lambda>19	src/services/exportInfoMap.ts	add
src/compiler/resolutionCache.ts	<lambda>19	src/services/stringCompletions.ts	add
src/compiler/resolutionCache.ts	<lambda>19	src/testRunner/parallel/worker.ts	next
src/compiler/resolutionCache.ts	<lambda>21	src/compiler/core.ts	add
src/compiler/resolutionCache.ts	<lambda>21	src/compiler/transformers/utilities.ts	add
src/compiler/resolutionCache.ts	<lambda>21	src/compiler/types.ts	add
src/compiler/resolutionCache.ts	<lambda>21	src/compiler/utilities.ts	add
src/compiler/resolutionCache.ts	<lambda>21	src/harness/watchUtils.ts	add
src/compiler/resolutionCache.ts	<lambda>21	src/server/scriptVersionCache.ts	add
src/compiler/resolutionCache.ts	<lambda>21	src/services/completions.ts	add
src/compiler/resolutionCache.ts	<lambda>21	src/services/exportInfoMap.ts	add
src/compiler/resolutionCache.ts	<lambda>21	src/services/stringCompletions.ts	add
src/compiler/resolutionCache.ts	<lambda>22	src/compiler/core.ts	has
src/compiler/resolutionCache.ts	<lambda>22	src/compiler/corePublic.ts	has
src/compiler/resolutionCache.ts	<lambda>22	src/compiler/moduleNameResolver.ts	has
src/compiler/resolutionCache.ts	<lambda>22	src/compiler/transformers/utilities.ts	has
src/compiler/resolutionCache.ts	<lambda>22	src/harness/collectionsImpl.ts	has
src/compiler/resolutionCache.ts	<lambda>22	src/services/completions.ts	has
src/compiler/resolutionCache.ts	<lambda>22	src/services/stringCompletions.ts	has
src/compiler/resolutionCache.ts	<lambda>22	src/services/types.ts	has
src/compiler/resolutionCache.ts	<lambda>22	src/services/utilities.ts	has
src/compiler/resolutionCache.ts	<lambda>26	src/compiler/core.ts	has
src/compiler/resolutionCache.ts	<lambda>26	src/compiler/corePublic.ts	has
src/compiler/resolutionCache.ts	<lambda>26	src/compiler/moduleNameResolver.ts	has
src/compiler/resolutionCache.ts	<lambda>26	src/compiler/transformers/utilities.ts	has
src/compiler/resolutionCache.ts	<lambda>26	src/harness/collectionsImpl.ts	has
src/compiler/resolutionCache.ts	<lambda>26	src/services/completions.ts	has
src/compiler/resolutionCache.ts	<lambda>26	src/services/stringCompletions.ts	has
src/compiler/resolutionCache.ts	<lambda>26	src/services/types.ts	has
src/compiler/resolutionCache.ts	<lambda>26	src/services/utilities.ts	has
src/compiler/resolutionCache.ts	createFileWatcherOfAffectingLocation	src/compiler/core.ts	add
src/compiler/resolutionCache.ts	createFileWatcherOfAffectingLocation	src/compiler/transformers/utilities.ts	add
src/compiler/resolutionCache.ts	createFileWatcherOfAffectingLocation	src/compiler/types.ts	add
src/compiler/resolutionCache.ts	createFileWatcherOfAffectingLocation	src/compiler/utilities.ts	add
src/compiler/resolutionCache.ts	createFileWatcherOfAffectingLocation	src/harness/watchUtils.ts	add
src/compiler/resolutionCache.ts	createFileWatcherOfAffectingLocation	src/server/scriptVersionCache.ts	add
src/compiler/resolutionCache.ts	createFileWatcherOfAffectingLocation	src/services/completions.ts	add
src/compiler/resolutionCache.ts	createFileWatcherOfAffectingLocation	src/services/exportInfoMap.ts	add
src/compiler/resolutionCache.ts	createFileWatcherOfAffectingLocation	src/services/stringCompletions.ts	add
src/compiler/resolutionCache.ts	invalidateAffectingFileWatcher	src/compiler/core.ts	add
src/compiler/resolutionCache.ts	invalidateAffectingFileWatcher	src/compiler/transformers/utilities.ts	add
src/compiler/resolutionCache.ts	invalidateAffectingFileWatcher	src/compiler/types.ts	add
src/compiler/resolutionCache.ts	invalidateAffectingFileWatcher	src/compiler/utilities.ts	add
src/compiler/resolutionCache.ts	invalidateAffectingFileWatcher	src/harness/watchUtils.ts	add
src/compiler/resolutionCache.ts	invalidateAffectingFileWatcher	src/server/scriptVersionCache.ts	add
src/compiler/resolutionCache.ts	invalidateAffectingFileWatcher	src/services/completions.ts	add
src/compiler/resolutionCache.ts	invalidateAffectingFileWatcher	src/services/exportInfoMap.ts	add
src/compiler/resolutionCache.ts	invalidateAffectingFileWatcher	src/services/stringCompletions.ts	add
src/compiler/resolutionCache.ts	onChangesAffectModuleResolution	src/compiler/moduleNameResolver.ts	clearAllExceptPackageJsonInfoCache
src/compiler/resolutionCache.ts	resolveNamesWithLocalCache	src/compiler/sourcemap.ts	next
src/compiler/resolutionCache.ts	resolveNamesWithLocalCache	src/testRunner/parallel/worker.ts	next
src/compiler/resolutionCache.ts	startCachingPerDirectoryResolution	src/compiler/moduleNameResolver.ts	clearAllExceptPackageJsonInfoCache
src/compiler/resolutionCache.ts	stopWatchFailedLookupLocationOfResolution	src/compiler/sourcemap.ts	next
src/compiler/resolutionCache.ts	stopWatchFailedLookupLocationOfResolution	src/testRunner/parallel/worker.ts	next
src/compiler/resolutionCache.ts	watchAffectingLocationsOfResolution	src/compiler/sourcemap.ts	next
src/compiler/resolutionCache.ts	watchAffectingLocationsOfResolution	src/testRunner/parallel/worker.ts	next
src/compiler/resolutionCache.ts	watchFailedLookupLocationOfResolution	src/compiler/sourcemap.ts	next
src/compiler/resolutionCache.ts	watchFailedLookupLocationOfResolution	src/testRunner/parallel/worker.ts	next
src/compiler/resolutionCache.ts	watchFailedLookupLocationsOfExternalModuleResolutions	src/compiler/core.ts	add
src/compiler/resolutionCache.ts	watchFailedLookupLocationsOfExternalModuleResolutions	src/compiler/transformers/utilities.ts	add
src/compiler/resolutionCache.ts	watchFailedLookupLocationsOfExternalModuleResolutions	src/compiler/types.ts	add
src/compiler/resolutionCache.ts	watchFailedLookupLocationsOfExternalModuleResolutions	src/compiler/utilities.ts	add
src/compiler/resolutionCache.ts	watchFailedLookupLocationsOfExternalModuleResolutions	src/harness/watchUtils.ts	add
src/compiler/resolutionCache.ts	watchFailedLookupLocationsOfExternalModuleResolutions	src/server/scriptVersionCache.ts	add
src/compiler/resolutionCache.ts	watchFailedLookupLocationsOfExternalModuleResolutions	src/services/completions.ts	add
src/compiler/resolutionCache.ts	watchFailedLookupLocationsOfExternalModuleResolutions	src/services/exportInfoMap.ts	add
src/compiler/resolutionCache.ts	watchFailedLookupLocationsOfExternalModuleResolutions	src/services/stringCompletions.ts	add
src/compiler/semver.ts	parseRange	src/compiler/sourcemap.ts	next
src/compiler/semver.ts	parseRange	src/testRunner/parallel/worker.ts	next
src/compiler/semver.ts	testAlternative	src/compiler/sourcemap.ts	next
src/compiler/semver.ts	testAlternative	src/testRunner/parallel/worker.ts	next
src/compiler/semver.ts	testDisjunction	src/compiler/sourcemap.ts	next
src/compiler/semver.ts	testDisjunction	src/testRunner/parallel/worker.ts	next
src/compiler/sourcemap.ts	appendSourceMap	src/testRunner/parallel/worker.ts	next
src/compiler/sourcemap.ts	getGeneratedMappings	src/testRunner/parallel/worker.ts	next
src/compiler/sourcemap.ts	getSourceMappings	src/testRunner/parallel/worker.ts	next
src/compiler/symbolWalker.ts	visitObjectType	src/compiler/sourcemap.ts	next
src/compiler/symbolWalker.ts	visitObjectType	src/testRunner/parallel/worker.ts	next
src/compiler/symbolWalker.ts	visitSignature	src/compiler/sourcemap.ts	next
src/compiler/symbolWalker.ts	visitSignature	src/testRunner/parallel/worker.ts	next
src/compiler/sys.ts	<lambda>2	src/compiler/sourcemap.ts	next
src/compiler/sys.ts	<lambda>2	src/testRunner/parallel/worker.ts	next
src/compiler/sys.ts	<lambda>33	src/harness/fakesHosts.ts	createDirectory
src/compiler/sys.ts	<lambda>34	src/harness/fakesHosts.ts	directoryExists
src/compiler/sys.ts	<lambda>41	src/harness/vfsUtil.ts	cwd
src/compiler/sys.ts	<lambda>44	src/compiler/factory/utilities.ts	exit
src/compiler/sys.ts	<lambda>44	src/compiler/performance.ts	exit
src/compiler/sys.ts	<lambda>44	src/harness/fakesHosts.ts	exit
src/compiler/sys.ts	<lambda>44	src/harness/harnessIO.ts	exit
src/compiler/sys.ts	<lambda>44	src/server/session.ts	exit
src/compiler/sys.ts	<lambda>44	src/testRunner/unittests/helpers/virtualFileSystemWithWatch.ts	exit
src/compiler/sys.ts	<lambda>44	src/tsserver/nodeServer.ts	exit
src/compiler/sys.ts	addChildDirectoryWatcher	src/compiler/tracing.ts	push
src/compiler/sys.ts	cleanupPaths	src/compiler/debug.ts	get
src/compiler/sys.ts	cleanupPaths	src/compiler/factory/nodeFactory.ts	get
src/compiler/sys.ts	cleanupPaths	src/compiler/moduleNameResolver.ts	get
src/compiler/sys.ts	cleanupPaths	src/compiler/sourcemap.ts	next
src/compiler/sys.ts	cleanupPaths	src/compiler/transformers/utilities.ts	get
src/compiler/sys.ts	cleanupPaths	src/compiler/types.ts	get
src/compiler/sys.ts	cleanupPaths	src/harness/collectionsImpl.ts	get
src/compiler/sys.ts	cleanupPaths	src/server/editorServices.ts	get
src/compiler/sys.ts	cleanupPaths	src/server/moduleSpecifierCache.ts	get
src/compiler/sys.ts	cleanupPaths	src/server/utilitiesPublic.ts	get
src/compiler/sys.ts	cleanupPaths	src/services/exportInfoMap.ts	get
src/compiler/sys.ts	cleanupPaths	src/services/formatting/formatting.ts	get
src/compiler/sys.ts	cleanupPaths	src/services/types.ts	get
src/compiler/sys.ts	cleanupPaths	src/services/utilities.ts	get
src/compiler/sys.ts	cleanupPaths	src/testRunner/parallel/host.ts	get
src/compiler/sys.ts	cleanupPaths	src/testRunner/parallel/worker.ts	next
src/compiler/sys.ts	createDirectory	src/harness/fakesHosts.ts	directoryExists
src/compiler/sys.ts	createDirectoryWatcher	src/compiler/core.ts	add
src/compiler/sys.ts	createDirectoryWatcher	src/compiler/transformers/utilities.ts	add
src/compiler/sys.ts	createDirectoryWatcher	src/compiler/types.ts	add
src/compiler/sys.ts	createDirectoryWatcher	src/compiler/utilities.ts	add
src/compiler/sys.ts	createDirectoryWatcher	src/harness/watchUtils.ts	add
src/compiler/sys.ts	createDirectoryWatcher	src/server/scriptVersionCache.ts	add
src/compiler/sys.ts	createDirectoryWatcher	src/services/completions.ts	add
src/compiler/sys.ts	createDirectoryWatcher	src/services/exportInfoMap.ts	add
src/compiler/sys.ts	createDirectoryWatcher	src/services/stringCompletions.ts	add
src/compiler/sys.ts	createSHA256Hash	src/compiler/factory/nodeFactory.ts	update
src/compiler/sys.ts	createSHA256Hash	src/compiler/moduleNameResolver.ts	update
src/compiler/sys.ts	createSHA256Hash	src/compiler/types.ts	createHash
src/compiler/sys.ts	createSHA256Hash	src/compiler/watchPublic.ts	createHash
src/compiler/sys.ts	createSHA256Hash	src/harness/fakesHosts.ts	createHash
src/compiler/sys.ts	createSHA256Hash	src/harness/fourslashImpl.ts	update
src/compiler/sys.ts	createSHA256Hash	src/harness/harnessLanguageService.ts	createHash
src/compiler/sys.ts	createSHA256Hash	src/services/services.ts	update
src/compiler/sys.ts	createSHA256Hash	src/services/types.ts	update
src/compiler/sys.ts	createSHA256Hash	src/testRunner/parallel/host.ts	update
src/compiler/sys.ts	createSHA256Hash	src/testRunner/unittests/helpers/virtualFileSystemWithWatch.ts	createHash
src/compiler/sys.ts	getAccessibleFileSystemEntries	src/compiler/sourcemap.ts	next
src/compiler/sys.ts	getAccessibleFileSystemEntries	src/testRunner/parallel/worker.ts	next
src/compiler/sys.ts	getMemoryUsage	src/server/types.ts	gc
src/compiler/sys.ts	getNodeSystem	src/compiler/core.ts	endsWith
src/compiler/sys.ts	readDirectory	src/harness/vfsUtil.ts	cwd
src/compiler/sys.ts	removeChildWatches	src/compiler/sourcemap.ts	next
src/compiler/sys.ts	removeChildWatches	src/testRunner/parallel/worker.ts	next
src/compiler/tracing.ts	dumpTypes	src/compiler/core.ts	map
src/compiler/transformer.ts	addBlockScopedVariable	src/compiler/tracing.ts	push
src/compiler/transformer.ts	dispose	src/compiler/sourcemap.ts	next
src/compiler/transformer.ts	dispose	src/testRunner/parallel/worker.ts	next
src/compiler/transformer.ts	requestEmitHelper	src/compiler/sourcemap.ts	next
src/compiler/transformer.ts	requestEmitHelper	src/testRunner/parallel/worker.ts	next
src/compiler/transformer.ts	transformNodes	src/compiler/sourcemap.ts	next
src/compiler/transformer.ts	transformNodes	src/testRunner/parallel/worker.ts	next
src/compiler/transformer.ts	transformation	src/compiler/sourcemap.ts	next
src/compiler/transformer.ts	transformation	src/testRunner/parallel/worker.ts	next
src/compiler/transformers/classFields.ts	addPropertyOrClassStaticBlockStatements	src/compiler/sourcemap.ts	next
src/compiler/transformers/classFields.ts	addPropertyOrClassStaticBlockStatements	src/testRunner/parallel/worker.ts	next
src/compiler/transformers/classFields.ts	createHoistedVariableForClass	src/compiler/types.ts	hasNodeCheckFlag
src/compiler/transformers/classFields.ts	generateInitializedPropertyExpressionsOrClassStaticBlock	src/compiler/sourcemap.ts	next
src/compiler/transformers/classFields.ts	generateInitializedPropertyExpressionsOrClassStaticBlock	src/testRunner/parallel/worker.ts	next
src/compiler/transformers/classFields.ts	getClassFacts	src/compiler/sourcemap.ts	next
src/compiler/transformers/classFields.ts	getClassFacts	src/compiler/types.ts	hasNodeCheckFlag
src/compiler/transformers/classFields.ts	getClassFacts	src/testRunner/parallel/worker.ts	next
src/compiler/transformers/classFields.ts	getPropertyNameExpressionIfNeeded	src/compiler/types.ts	hasNodeCheckFlag
src/compiler/transformers/classFields.ts	transformClassMembers	src/compiler/sourcemap.ts	next
src/compiler/transformers/classFields.ts	transformClassMembers	src/testRunner/parallel/worker.ts	next
src/compiler/transformers/classFields.ts	trySubstituteClassAlias	src/compiler/types.ts	getReferencedValueDeclaration
src/compiler/transformers/classFields.ts	trySubstituteClassAlias	src/compiler/types.ts	hasNodeCheckFlag
src/compiler/transformers/classFields.ts	visitClassDeclarationInNewClassLexicalEnvironment	src/compiler/types.ts	hasNodeCheckFlag
src/compiler/transformers/classFields.ts	visitClassExpressionInNewClassLexicalEnvironment	src/compiler/types.ts	hasNodeCheckFlag
src/compiler/transformers/declarations.ts	handleSymbolAccessibilityError	src/compiler/sourcemap.ts	next
src/compiler/transformers/declarations.ts	handleSymbolAccessibilityError	src/testRunner/parallel/worker.ts	next
src/compiler/transformers/declarations.ts	reportNonlocalAugmentation	src/compiler/sourcemap.ts	next
src/compiler/transformers/declarations.ts	reportNonlocalAugmentation	src/testRunner/parallel/worker.ts	next
src/compiler/transformers/declarations.ts	walkBindingPattern	src/compiler/sourcemap.ts	next
src/compiler/transformers/declarations.ts	walkBindingPattern	src/testRunner/parallel/worker.ts	next
src/compiler/transformers/destructuring.ts	bindingOrAssignmentPatternAssignsToName	src/compiler/sourcemap.ts	next
src/compiler/transformers/destructuring.ts	bindingOrAssignmentPatternAssignsToName	src/testRunner/parallel/worker.ts	next
src/compiler/transformers/destructuring.ts	flattenArrayBindingOrAssignmentPattern	src/compiler/sourcemap.ts	next
src/compiler/transformers/destructuring.ts	flattenArrayBindingOrAssignmentPattern	src/testRunner/parallel/worker.ts	next
src/compiler/transformers/destructuring.ts	flattenDestructuringBinding	src/compiler/sourcemap.ts	next
src/compiler/transformers/destructuring.ts	flattenDestructuringBinding	src/testRunner/parallel/worker.ts	next
src/compiler/transformers/es2015.ts	<lambda>2	src/compiler/types.ts	createBreakStatement
src/compiler/transformers/es2015.ts	<lambda>2	src/compiler/types.ts	createCaseClause
src/compiler/transformers/es2015.ts	<lambda>2	src/compiler/types.ts	createContinueStatement
src/compiler/transformers/es2015.ts	<lambda>2	src/compiler/types.ts	createIdentifier
src/compiler/transformers/es2015.ts	<lambda>2	src/compiler/types.ts	createReturnStatement
src/compiler/transformers/es2015.ts	<lambda>2	src/compiler/types.ts	createStringLiteral
src/compiler/transformers/es2015.ts	addClassMembers	src/compiler/sourcemap.ts	next
src/compiler/transformers/es2015.ts	addClassMembers	src/testRunner/parallel/worker.ts	next
src/compiler/transformers/es2015.ts	addConstructor	src/compiler/types.ts	createFunctionDeclaration
src/compiler/transformers/es2015.ts	addDefaultValueAssignmentsIfNeeded	src/compiler/sourcemap.ts	next
src/compiler/transformers/es2015.ts	addDefaultValueAssignmentsIfNeeded	src/testRunner/parallel/worker.ts	next
src/compiler/transformers/es2015.ts	addExtendsHelperIfNeeded	src/compiler/types.ts	createExpressionStatement
src/compiler/transformers/es2015.ts	addExtendsHelperIfNeeded	src/compiler/types.ts	getInternalName
src/compiler/transformers/es2015.ts	addExtraDeclarationsForConvertedLoop	src/compiler/sourcemap.ts	next
src/compiler/transformers/es2015.ts	addExtraDeclarationsForConvertedLoop	src/compiler/tracing.ts	push
src/compiler/transformers/es2015.ts	addExtraDeclarationsForConvertedLoop	src/compiler/types.ts	createFalse
src/compiler/transformers/es2015.ts	addExtraDeclarationsForConvertedLoop	src/compiler/types.ts	createIdentifier
src/compiler/transformers/es2015.ts	addExtraDeclarationsForConvertedLoop	src/compiler/types.ts	createVariableDeclaration
src/compiler/transformers/es2015.ts	addExtraDeclarationsForConvertedLoop	src/compiler/types.ts	createVariableDeclarationList
src/compiler/transformers/es2015.ts	addExtraDeclarationsForConvertedLoop	src/compiler/types.ts	createVariableStatement
src/compiler/transformers/es2015.ts	addExtraDeclarationsForConvertedLoop	src/testRunner/parallel/worker.ts	next
src/compiler/transformers/es2015.ts	addRestParameterIfNeeded	src/compiler/types.ts	cloneNode
src/compiler/transformers/es2015.ts	addRestParameterIfNeeded	src/compiler/types.ts	createArrayLiteralExpression
src/compiler/transformers/es2015.ts	addRestParameterIfNeeded	src/compiler/types.ts	createAssignment
src/compiler/transformers/es2015.ts	addRestParameterIfNeeded	src/compiler/types.ts	createBlock
src/compiler/transformers/es2015.ts	addRestParameterIfNeeded	src/compiler/types.ts	createElementAccessExpression
src/compiler/transformers/es2015.ts	addRestParameterIfNeeded	src/compiler/types.ts	createExpressionStatement
src/compiler/transformers/es2015.ts	addRestParameterIfNeeded	src/compiler/types.ts	createForStatement
src/compiler/transformers/es2015.ts	addRestParameterIfNeeded	src/compiler/types.ts	createIdentifier
src/compiler/transformers/es2015.ts	addRestParameterIfNeeded	src/compiler/types.ts	createLessThan
src/compiler/transformers/es2015.ts	addRestParameterIfNeeded	src/compiler/types.ts	createLoopVariable
src/compiler/transformers/es2015.ts	addRestParameterIfNeeded	src/compiler/types.ts	createNumericLiteral
src/compiler/transformers/es2015.ts	addRestParameterIfNeeded	src/compiler/types.ts	createPostfixIncrement
src/compiler/transformers/es2015.ts	addRestParameterIfNeeded	src/compiler/types.ts	createPropertyAccessExpression
src/compiler/transformers/es2015.ts	addRestParameterIfNeeded	src/compiler/types.ts	createSubtract
src/compiler/transformers/es2015.ts	addRestParameterIfNeeded	src/compiler/types.ts	createTempVariable
src/compiler/transformers/es2015.ts	addRestParameterIfNeeded	src/compiler/types.ts	createVariableDeclaration
src/compiler/transformers/es2015.ts	addRestParameterIfNeeded	src/compiler/types.ts	createVariableDeclarationList
src/compiler/transformers/es2015.ts	addRestParameterIfNeeded	src/compiler/types.ts	createVariableStatement
src/compiler/transformers/es2015.ts	addStatementToStartOfBlock	src/compiler/types.ts	updateBlock
src/compiler/transformers/es2015.ts	complicateConstructorInjectSuperPresenceCheck	src/compiler/types.ts	updateBlock
src/compiler/transformers/es2015.ts	convertDoStatement	src/compiler/types.ts	updateDoStatement
src/compiler/transformers/es2015.ts	convertForInStatement	src/compiler/types.ts	updateForInStatement
src/compiler/transformers/es2015.ts	convertForOfStatement	src/compiler/types.ts	updateForOfStatement
src/compiler/transformers/es2015.ts	convertForOfStatementForArray	src/compiler/types.ts	createElementAccessExpression
src/compiler/transformers/es2015.ts	convertForOfStatementForArray	src/compiler/types.ts	createForStatement
src/compiler/transformers/es2015.ts	convertForOfStatementForArray	src/compiler/types.ts	createLessThan
src/compiler/transformers/es2015.ts	convertForOfStatementForArray	src/compiler/types.ts	createLoopVariable
src/compiler/transformers/es2015.ts	convertForOfStatementForArray	src/compiler/types.ts	createNumericLiteral
src/compiler/transformers/es2015.ts	convertForOfStatementForArray	src/compiler/types.ts	createPostfixIncrement
src/compiler/transformers/es2015.ts	convertForOfStatementForArray	src/compiler/types.ts	createPropertyAccessExpression
src/compiler/transformers/es2015.ts	convertForOfStatementForArray	src/compiler/types.ts	createTempVariable
src/compiler/transformers/es2015.ts	convertForOfStatementForArray	src/compiler/types.ts	createVariableDeclaration
src/compiler/transformers/es2015.ts	convertForOfStatementForArray	src/compiler/types.ts	createVariableDeclarationList
src/compiler/transformers/es2015.ts	convertForOfStatementForArray	src/compiler/types.ts	getGeneratedNameForNode
src/compiler/transformers/es2015.ts	convertForOfStatementForArray	src/compiler/types.ts	restoreEnclosingLabel
src/compiler/transformers/es2015.ts	convertForOfStatementForIterable	src/compiler/types.ts	createAssignment
src/compiler/transformers/es2015.ts	convertForOfStatementForIterable	src/compiler/types.ts	createBlock
src/compiler/transformers/es2015.ts	convertForOfStatementForIterable	src/compiler/types.ts	createCallExpression
src/compiler/transformers/es2015.ts	convertForOfStatementForIterable	src/compiler/types.ts	createCatchClause
src/compiler/transformers/es2015.ts	convertForOfStatementForIterable	src/compiler/types.ts	createExpressionStatement
src/compiler/transformers/es2015.ts	convertForOfStatementForIterable	src/compiler/types.ts	createForStatement
src/compiler/transformers/es2015.ts	convertForOfStatementForIterable	src/compiler/types.ts	createFunctionCallCall
src/compiler/transformers/es2015.ts	convertForOfStatementForIterable	src/compiler/types.ts	createIfStatement
src/compiler/transformers/es2015.ts	convertForOfStatementForIterable	src/compiler/types.ts	createLogicalAnd
src/compiler/transformers/es2015.ts	convertForOfStatementForIterable	src/compiler/types.ts	createLogicalNot
src/compiler/transformers/es2015.ts	convertForOfStatementForIterable	src/compiler/types.ts	createObjectLiteralExpression
src/compiler/transformers/es2015.ts	convertForOfStatementForIterable	src/compiler/types.ts	createPropertyAccessExpression
src/compiler/transformers/es2015.ts	convertForOfStatementForIterable	src/compiler/types.ts	createPropertyAssignment
src/compiler/transformers/es2015.ts	convertForOfStatementForIterable	src/compiler/types.ts	createTempVariable
src/compiler/transformers/es2015.ts	convertForOfStatementForIterable	src/compiler/types.ts	createThrowStatement
src/compiler/transformers/es2015.ts	convertForOfStatementForIterable	src/compiler/types.ts	createTryStatement
src/compiler/transformers/es2015.ts	convertForOfStatementForIterable	src/compiler/types.ts	createUniqueName
src/compiler/transformers/es2015.ts	convertForOfStatementForIterable	src/compiler/types.ts	createVariableDeclaration
src/compiler/transformers/es2015.ts	convertForOfStatementForIterable	src/compiler/types.ts	createVariableDeclarationList
src/compiler/transformers/es2015.ts	convertForOfStatementForIterable	src/compiler/types.ts	createVoidZero
src/compiler/transformers/es2015.ts	convertForOfStatementForIterable	src/compiler/types.ts	getGeneratedNameForNode
src/compiler/transformers/es2015.ts	convertForOfStatementForIterable	src/compiler/types.ts	inlineExpressions
src/compiler/transformers/es2015.ts	convertForOfStatementForIterable	src/compiler/types.ts	restoreEnclosingLabel
src/compiler/transformers/es2015.ts	convertForOfStatementHead	src/compiler/types.ts	createAssignment
src/compiler/transformers/es2015.ts	convertForOfStatementHead	src/compiler/types.ts	createExpressionStatement
src/compiler/transformers/es2015.ts	convertForOfStatementHead	src/compiler/types.ts	createNodeArray
src/compiler/transformers/es2015.ts	convertForOfStatementHead	src/compiler/types.ts	createTempVariable
src/compiler/transformers/es2015.ts	convertForOfStatementHead	src/compiler/types.ts	createVariableDeclaration
src/compiler/transformers/es2015.ts	convertForOfStatementHead	src/compiler/types.ts	createVariableDeclarationList
src/compiler/transformers/es2015.ts	convertForOfStatementHead	src/compiler/types.ts	createVariableStatement
src/compiler/transformers/es2015.ts	convertForOfStatementHead	src/compiler/types.ts	updateBlock
src/compiler/transformers/es2015.ts	convertForStatement	src/compiler/types.ts	updateForStatement
src/compiler/transformers/es2015.ts	convertIterationStatementBodyIfNecessary	src/compiler/types.ts	createBlock
src/compiler/transformers/es2015.ts	convertIterationStatementBodyIfNecessary	src/compiler/types.ts	restoreEnclosingLabel
src/compiler/transformers/es2015.ts	convertWhileStatement	src/compiler/types.ts	updateWhileStatement
src/compiler/transformers/es2015.ts	copyOutParameter	src/compiler/types.ts	createBinaryExpression
src/compiler/transformers/es2015.ts	copyOutParameters	src/compiler/sourcemap.ts	next
src/compiler/transformers/es2015.ts	copyOutParameters	src/compiler/types.ts	createExpressionStatement
src/compiler/transformers/es2015.ts	copyOutParameters	src/testRunner/parallel/worker.ts	next
src/compiler/transformers/es2015.ts	createActualThis	src/compiler/types.ts	createThis
src/compiler/transformers/es2015.ts	createCapturedThis	src/compiler/types.ts	createUniqueName
src/compiler/transformers/es2015.ts	createConvertedLoopState	src/compiler/sourcemap.ts	next
src/compiler/transformers/es2015.ts	createConvertedLoopState	src/testRunner/parallel/worker.ts	next
src/compiler/transformers/es2015.ts	createDefaultConstructorBody	src/compiler/types.ts	createBlock
src/compiler/transformers/es2015.ts	createDefaultConstructorBody	src/compiler/types.ts	createNodeArray
src/compiler/transformers/es2015.ts	createDefaultConstructorBody	src/compiler/types.ts	createReturnStatement
src/compiler/transformers/es2015.ts	createDefaultConstructorBody	src/compiler/types.ts	mergeLexicalEnvironment
src/compiler/transformers/es2015.ts	createDefaultSuperCallOrThis	src/compiler/types.ts	createFunctionApplyCall
src/compiler/transformers/es2015.ts	createDefaultSuperCallOrThis	src/compiler/types.ts	createIdentifier
src/compiler/transformers/es2015.ts	createDefaultSuperCallOrThis	src/compiler/types.ts	createLogicalAnd
src/compiler/transformers/es2015.ts	createDefaultSuperCallOrThis	src/compiler/types.ts	createLogicalOr
src/compiler/transformers/es2015.ts	createDefaultSuperCallOrThis	src/compiler/types.ts	createNull
src/compiler/transformers/es2015.ts	createDefaultSuperCallOrThis	src/compiler/types.ts	createStrictInequality
src/compiler/transformers/es2015.ts	createFunctionForBodyOfIterationStatement	src/compiler/types.ts	createAssignment
src/compiler/transformers/es2015.ts	createFunctionForBodyOfIterationStatement	src/compiler/types.ts	createBlock
src/compiler/transformers/es2015.ts	createFunctionForBodyOfIterationStatement	src/compiler/types.ts	createBreakStatement
src/compiler/transformers/es2015.ts	createFunctionForBodyOfIterationStatement	src/compiler/types.ts	createExpressionStatement
src/compiler/transformers/es2015.ts	createFunctionForBodyOfIterationStatement	src/compiler/types.ts	createFunctionExpression
src/compiler/transformers/es2015.ts	createFunctionForBodyOfIterationStatement	src/compiler/types.ts	createIfStatement
src/compiler/transformers/es2015.ts	createFunctionForBodyOfIterationStatement	src/compiler/types.ts	createLogicalNot
src/compiler/transformers/es2015.ts	createFunctionForBodyOfIterationStatement	src/compiler/types.ts	createPrefixUnaryExpression
src/compiler/transformers/es2015.ts	createFunctionForBodyOfIterationStatement	src/compiler/types.ts	createToken
src/compiler/transformers/es2015.ts	createFunctionForBodyOfIterationStatement	src/compiler/types.ts	createTrue
src/compiler/transformers/es2015.ts	createFunctionForBodyOfIterationStatement	src/compiler/types.ts	createUniqueName
src/compiler/transformers/es2015.ts	createFunctionForBodyOfIterationStatement	src/compiler/types.ts	createVariableDeclaration
src/compiler/transformers/es2015.ts	createFunctionForBodyOfIterationStatement	src/compiler/types.ts	createVariableDeclarationList
src/compiler/transformers/es2015.ts	createFunctionForBodyOfIterationStatement	src/compiler/types.ts	createVariableStatement
src/compiler/transformers/es2015.ts	createFunctionForInitializerOfForStatement	src/compiler/types.ts	createBlock
src/compiler/transformers/es2015.ts	createFunctionForInitializerOfForStatement	src/compiler/types.ts	createFunctionExpression
src/compiler/transformers/es2015.ts	createFunctionForInitializerOfForStatement	src/compiler/types.ts	createToken
src/compiler/transformers/es2015.ts	createFunctionForInitializerOfForStatement	src/compiler/types.ts	createUniqueName
src/compiler/transformers/es2015.ts	createFunctionForInitializerOfForStatement	src/compiler/types.ts	createVariableDeclaration
src/compiler/transformers/es2015.ts	createFunctionForInitializerOfForStatement	src/compiler/types.ts	createVariableDeclarationList
src/compiler/transformers/es2015.ts	createFunctionForInitializerOfForStatement	src/compiler/types.ts	createVariableStatement
src/compiler/transformers/es2015.ts	createOutVariable	src/compiler/types.ts	createVariableDeclaration
src/compiler/transformers/es2015.ts	createSyntheticBlockForConvertedStatements	src/compiler/types.ts	createBlock
src/compiler/transformers/es2015.ts	createSyntheticBlockForConvertedStatements	src/compiler/types.ts	createNodeArray
src/compiler/transformers/es2015.ts	createSyntheticSuper	src/compiler/types.ts	createUniqueName
src/compiler/transformers/es2015.ts	elideUnusedThisCaptureWorker	src/compiler/types.ts	createPartiallyEmittedExpression
src/compiler/transformers/es2015.ts	elideUnusedThisCaptureWorker	src/compiler/types.ts	replacePropertyName
src/compiler/transformers/es2015.ts	generateCallToConvertedLoop	src/compiler/types.ts	createBreakStatement
src/compiler/transformers/es2015.ts	generateCallToConvertedLoop	src/compiler/types.ts	createCallExpression
src/compiler/transformers/es2015.ts	generateCallToConvertedLoop	src/compiler/types.ts	createCaseBlock
src/compiler/transformers/es2015.ts	generateCallToConvertedLoop	src/compiler/types.ts	createExpressionStatement
src/compiler/transformers/es2015.ts	generateCallToConvertedLoop	src/compiler/types.ts	createIfStatement
src/compiler/transformers/es2015.ts	generateCallToConvertedLoop	src/compiler/types.ts	createPropertyAccessExpression
src/compiler/transformers/es2015.ts	generateCallToConvertedLoop	src/compiler/types.ts	createReturnStatement
src/compiler/transformers/es2015.ts	generateCallToConvertedLoop	src/compiler/types.ts	createStrictEquality
src/compiler/transformers/es2015.ts	generateCallToConvertedLoop	src/compiler/types.ts	createStringLiteral
src/compiler/transformers/es2015.ts	generateCallToConvertedLoop	src/compiler/types.ts	createSwitchStatement
src/compiler/transformers/es2015.ts	generateCallToConvertedLoop	src/compiler/types.ts	createToken
src/compiler/transformers/es2015.ts	generateCallToConvertedLoop	src/compiler/types.ts	createTypeCheck
src/compiler/transformers/es2015.ts	generateCallToConvertedLoop	src/compiler/types.ts	createUniqueName
src/compiler/transformers/es2015.ts	generateCallToConvertedLoop	src/compiler/types.ts	createVariableDeclaration
src/compiler/transformers/es2015.ts	generateCallToConvertedLoop	src/compiler/types.ts	createVariableDeclarationList
src/compiler/transformers/es2015.ts	generateCallToConvertedLoop	src/compiler/types.ts	createVariableStatement
src/compiler/transformers/es2015.ts	generateCallToConvertedLoop	src/compiler/types.ts	createYieldExpression
src/compiler/transformers/es2015.ts	generateCallToConvertedLoopInitializer	src/compiler/types.ts	createCallExpression
src/compiler/transformers/es2015.ts	generateCallToConvertedLoopInitializer	src/compiler/types.ts	createExpressionStatement
src/compiler/transformers/es2015.ts	generateCallToConvertedLoopInitializer	src/compiler/types.ts	createToken
src/compiler/transformers/es2015.ts	generateCallToConvertedLoopInitializer	src/compiler/types.ts	createYieldExpression
src/compiler/transformers/es2015.ts	getClassMemberPrefix	src/compiler/types.ts	createPropertyAccessExpression
src/compiler/transformers/es2015.ts	getClassMemberPrefix	src/compiler/types.ts	getInternalName
src/compiler/transformers/es2015.ts	getRangeUnion	src/compiler/sourcemap.ts	next
src/compiler/transformers/es2015.ts	getRangeUnion	src/testRunner/parallel/worker.ts	next
src/compiler/transformers/es2015.ts	injectSuperPresenceCheckWorker	src/compiler/types.ts	createLogicalAnd
src/compiler/transformers/es2015.ts	injectSuperPresenceCheckWorker	src/compiler/types.ts	createNull
src/compiler/transformers/es2015.ts	injectSuperPresenceCheckWorker	src/compiler/types.ts	createStrictInequality
src/compiler/transformers/es2015.ts	injectSuperPresenceCheckWorker	src/compiler/types.ts	replacePropertyName
src/compiler/transformers/es2015.ts	insertCaptureNewTargetIfNeeded	src/compiler/types.ts	createBinaryExpression
src/compiler/transformers/es2015.ts	insertCaptureNewTargetIfNeeded	src/compiler/types.ts	createConditionalExpression
src/compiler/transformers/es2015.ts	insertCaptureNewTargetIfNeeded	src/compiler/types.ts	createLogicalAnd
src/compiler/transformers/es2015.ts	insertCaptureNewTargetIfNeeded	src/compiler/types.ts	createPropertyAccessExpression
src/compiler/transformers/es2015.ts	insertCaptureNewTargetIfNeeded	src/compiler/types.ts	createThis
src/compiler/transformers/es2015.ts	insertCaptureNewTargetIfNeeded	src/compiler/types.ts	createUniqueName
src/compiler/transformers/es2015.ts	insertCaptureNewTargetIfNeeded	src/compiler/types.ts	createVariableDeclaration
src/compiler/transformers/es2015.ts	insertCaptureNewTargetIfNeeded	src/compiler/types.ts	createVariableDeclarationList
src/compiler/transformers/es2015.ts	insertCaptureNewTargetIfNeeded	src/compiler/types.ts	createVariableStatement
src/compiler/transformers/es2015.ts	insertCaptureNewTargetIfNeeded	src/compiler/types.ts	createVoidZero
src/compiler/transformers/es2015.ts	insertCaptureNewTargetIfNeeded	src/compiler/types.ts	getLocalName
src/compiler/transformers/es2015.ts	insertCaptureThisForNode	src/compiler/types.ts	createVariableDeclaration
src/compiler/transformers/es2015.ts	insertCaptureThisForNode	src/compiler/types.ts	createVariableDeclarationList
src/compiler/transformers/es2015.ts	insertCaptureThisForNode	src/compiler/types.ts	createVariableStatement
src/compiler/transformers/es2015.ts	insertCaptureThisForNodeIfNeeded	src/compiler/types.ts	createThis
src/compiler/transformers/es2015.ts	insertDefaultValueAssignmentForBindingPattern	src/compiler/types.ts	createAssignment
src/compiler/transformers/es2015.ts	insertDefaultValueAssignmentForBindingPattern	src/compiler/types.ts	createExpressionStatement
src/compiler/transformers/es2015.ts	insertDefaultValueAssignmentForBindingPattern	src/compiler/types.ts	createVariableDeclarationList
src/compiler/transformers/es2015.ts	insertDefaultValueAssignmentForBindingPattern	src/compiler/types.ts	createVariableStatement
src/compiler/transformers/es2015.ts	insertDefaultValueAssignmentForBindingPattern	src/compiler/types.ts	getGeneratedNameForNode
src/compiler/transformers/es2015.ts	insertDefaultValueAssignmentForInitializer	src/compiler/types.ts	cloneNode
src/compiler/transformers/es2015.ts	insertDefaultValueAssignmentForInitializer	src/compiler/types.ts	createAssignment
src/compiler/transformers/es2015.ts	insertDefaultValueAssignmentForInitializer	src/compiler/types.ts	createBlock
src/compiler/transformers/es2015.ts	insertDefaultValueAssignmentForInitializer	src/compiler/types.ts	createExpressionStatement
src/compiler/transformers/es2015.ts	insertDefaultValueAssignmentForInitializer	src/compiler/types.ts	createIfStatement
src/compiler/transformers/es2015.ts	insertDefaultValueAssignmentForInitializer	src/compiler/types.ts	createTypeCheck
src/compiler/transformers/es2015.ts	isNameOfDeclarationWithCollidingName	src/compiler/types.ts	isDeclarationWithCollidingName
src/compiler/transformers/es2015.ts	processLoopVariableDeclaration	src/compiler/sourcemap.ts	next
src/compiler/transformers/es2015.ts	processLoopVariableDeclaration	src/compiler/types.ts	createParameterDeclaration
src/compiler/transformers/es2015.ts	processLoopVariableDeclaration	src/compiler/types.ts	createUniqueName
src/compiler/transformers/es2015.ts	processLoopVariableDeclaration	src/compiler/types.ts	hasNodeCheckFlag
src/compiler/transformers/es2015.ts	processLoopVariableDeclaration	src/compiler/types.ts	isBindingCapturedByNode
src/compiler/transformers/es2015.ts	processLoopVariableDeclaration	src/testRunner/parallel/worker.ts	next
src/compiler/transformers/es2015.ts	recordLabel	src/compiler/builderState.ts	set
src/compiler/transformers/es2015.ts	recordLabel	src/compiler/factory/nodeFactory.ts	set
src/compiler/transformers/es2015.ts	recordLabel	src/compiler/moduleNameResolver.ts	set
src/compiler/transformers/es2015.ts	recordLabel	src/compiler/transformers/utilities.ts	set
src/compiler/transformers/es2015.ts	recordLabel	src/compiler/types.ts	set
src/compiler/transformers/es2015.ts	recordLabel	src/harness/collectionsImpl.ts	set
src/compiler/transformers/es2015.ts	recordLabel	src/server/editorServices.ts	set
src/compiler/transformers/es2015.ts	recordLabel	src/server/moduleSpecifierCache.ts	set
src/compiler/transformers/es2015.ts	recordLabel	src/server/utilitiesPublic.ts	set
src/compiler/transformers/es2015.ts	recordLabel	src/services/types.ts	set
src/compiler/transformers/es2015.ts	recordLabel	src/testRunner/parallel/host.ts	set
src/compiler/transformers/es2015.ts	recordTaggedTemplateString	src/compiler/types.ts	createVariableDeclaration
src/compiler/transformers/es2015.ts	resetLabel	src/compiler/builderState.ts	set
src/compiler/transformers/es2015.ts	resetLabel	src/compiler/factory/nodeFactory.ts	set
src/compiler/transformers/es2015.ts	resetLabel	src/compiler/moduleNameResolver.ts	set
src/compiler/transformers/es2015.ts	resetLabel	src/compiler/transformers/utilities.ts	set
src/compiler/transformers/es2015.ts	resetLabel	src/compiler/types.ts	set
src/compiler/transformers/es2015.ts	resetLabel	src/harness/collectionsImpl.ts	set
src/compiler/transformers/es2015.ts	resetLabel	src/server/editorServices.ts	set
src/compiler/transformers/es2015.ts	resetLabel	src/server/moduleSpecifierCache.ts	set
src/compiler/transformers/es2015.ts	resetLabel	src/server/utilitiesPublic.ts	set
src/compiler/transformers/es2015.ts	resetLabel	src/services/types.ts	set
src/compiler/transformers/es2015.ts	resetLabel	src/testRunner/parallel/host.ts	set
src/compiler/transformers/es2015.ts	returnCapturedThis	src/compiler/types.ts	createReturnStatement
src/compiler/transformers/es2015.ts	shouldConvertBodyOfIterationStatement	src/compiler/types.ts	hasNodeCheckFlag
src/compiler/transformers/es2015.ts	shouldConvertPartOfIterationStatement	src/compiler/types.ts	hasNodeCheckFlag
src/compiler/transformers/es2015.ts	shouldEmitExplicitInitializerForLetDeclaration	src/compiler/types.ts	hasNodeCheckFlag
src/compiler/transformers/es2015.ts	shouldEmitExplicitInitializerForLetDeclaration	src/compiler/types.ts	isDeclarationWithCollidingName
src/compiler/transformers/es2015.ts	simplifyConstructorElideUnusedThisCapture	src/compiler/sourcemap.ts	next
src/compiler/transformers/es2015.ts	simplifyConstructorElideUnusedThisCapture	src/compiler/types.ts	updateBlock
src/compiler/transformers/es2015.ts	simplifyConstructorElideUnusedThisCapture	src/testRunner/parallel/worker.ts	next
src/compiler/transformers/es2015.ts	simplifyConstructorInlineSuperInThisCaptureVariable	src/compiler/types.ts	createNodeArray
src/compiler/transformers/es2015.ts	simplifyConstructorInlineSuperInThisCaptureVariable	src/compiler/types.ts	createVariableStatement
src/compiler/transformers/es2015.ts	simplifyConstructorInlineSuperInThisCaptureVariable	src/compiler/types.ts	updateBlock
src/compiler/transformers/es2015.ts	simplifyConstructorInlineSuperInThisCaptureVariable	src/compiler/types.ts	updateVariableDeclaration
src/compiler/transformers/es2015.ts	simplifyConstructorInlineSuperInThisCaptureVariable	src/compiler/types.ts	updateVariableDeclarationList
src/compiler/transformers/es2015.ts	simplifyConstructorInlineSuperReturn	src/compiler/sourcemap.ts	next
src/compiler/transformers/es2015.ts	simplifyConstructorInlineSuperReturn	src/compiler/types.ts	createAssignment
src/compiler/transformers/es2015.ts	simplifyConstructorInlineSuperReturn	src/compiler/types.ts	createNodeArray
src/compiler/transformers/es2015.ts	simplifyConstructorInlineSuperReturn	src/compiler/types.ts	createReturnStatement
src/compiler/transformers/es2015.ts	simplifyConstructorInlineSuperReturn	src/compiler/types.ts	updateBlock
src/compiler/transformers/es2015.ts	simplifyConstructorInlineSuperReturn	src/testRunner/parallel/worker.ts	next
src/compiler/transformers/es2015.ts	substituteExpressionIdentifier	src/compiler/types.ts	getGeneratedNameForNode
src/compiler/transformers/es2015.ts	substituteExpressionIdentifier	src/compiler/types.ts	getReferencedDeclarationWithCollidingName
src/compiler/transformers/es2015.ts	substituteIdentifier	src/compiler/types.ts	getGeneratedNameForNode
src/compiler/transformers/es2015.ts	transformAccessorsToExpression	src/compiler/types.ts	cloneNode
src/compiler/transformers/es2015.ts	transformAccessorsToExpression	src/compiler/types.ts	createCallExpression
src/compiler/transformers/es2015.ts	transformAccessorsToExpression	src/compiler/types.ts	createFalse
src/compiler/transformers/es2015.ts	transformAccessorsToExpression	src/compiler/types.ts	createIdentifier
src/compiler/transformers/es2015.ts	transformAccessorsToExpression	src/compiler/types.ts	createObjectLiteralExpression
src/compiler/transformers/es2015.ts	transformAccessorsToExpression	src/compiler/types.ts	createPropertyAccessExpression
src/compiler/transformers/es2015.ts	transformAccessorsToExpression	src/compiler/types.ts	createPropertyAssignment
src/compiler/transformers/es2015.ts	transformAccessorsToExpression	src/compiler/types.ts	createTrue
src/compiler/transformers/es2015.ts	transformAccessorsToStatement	src/compiler/types.ts	createExpressionStatement
src/compiler/transformers/es2015.ts	transformAndSpreadElements	src/compiler/factory/emitHelpers.ts	createSpreadArrayHelper
src/compiler/transformers/es2015.ts	transformAndSpreadElements	src/compiler/types.ts	createArrayLiteralExpression
src/compiler/transformers/es2015.ts	transformClassBody	src/compiler/types.ts	createBlock
src/compiler/transformers/es2015.ts	transformClassBody	src/compiler/types.ts	createNodeArray
src/compiler/transformers/es2015.ts	transformClassBody	src/compiler/types.ts	createPartiallyEmittedExpression
src/compiler/transformers/es2015.ts	transformClassBody	src/compiler/types.ts	createReturnStatement
src/compiler/transformers/es2015.ts	transformClassBody	src/compiler/types.ts	getGeneratedNameForNode
src/compiler/transformers/es2015.ts	transformClassBody	src/compiler/types.ts	getInternalName
src/compiler/transformers/es2015.ts	transformClassLikeDeclarationToExpression	src/compiler/types.ts	createCallExpression
src/compiler/transformers/es2015.ts	transformClassLikeDeclarationToExpression	src/compiler/types.ts	createFunctionExpression
src/compiler/transformers/es2015.ts	transformClassLikeDeclarationToExpression	src/compiler/types.ts	createParameterDeclaration
src/compiler/transformers/es2015.ts	transformClassLikeDeclarationToExpression	src/compiler/types.ts	createParenthesizedExpression
src/compiler/transformers/es2015.ts	transformClassLikeDeclarationToExpression	src/compiler/types.ts	createPartiallyEmittedExpression
src/compiler/transformers/es2015.ts	transformClassMethodDeclarationToStatement	src/compiler/types.ts	createAssignment
src/compiler/transformers/es2015.ts	transformClassMethodDeclarationToStatement	src/compiler/types.ts	createExpressionStatement
src/compiler/transformers/es2015.ts	transformClassMethodDeclarationToStatement	src/compiler/types.ts	createObjectDefinePropertyCall
src/compiler/transformers/es2015.ts	transformClassMethodDeclarationToStatement	src/compiler/types.ts	createPropertyDescriptor
src/compiler/transformers/es2015.ts	transformClassMethodDeclarationToStatement	src/compiler/types.ts	createStringLiteral
src/compiler/transformers/es2015.ts	transformConstructorBody	src/compiler/types.ts	copyStandardPrologue
src/compiler/transformers/es2015.ts	transformConstructorBody	src/compiler/types.ts	createBlock
src/compiler/transformers/es2015.ts	transformConstructorBody	src/compiler/types.ts	createNodeArray
src/compiler/transformers/es2015.ts	transformConstructorBody	src/compiler/types.ts	createReturnStatement
src/compiler/transformers/es2015.ts	transformConstructorBody	src/compiler/types.ts	mergeLexicalEnvironment
src/compiler/transformers/es2015.ts	transformFunctionBody	src/compiler/types.ts	copyCustomPrologue
src/compiler/transformers/es2015.ts	transformFunctionBody	src/compiler/types.ts	copyStandardPrologue
src/compiler/transformers/es2015.ts	transformFunctionBody	src/compiler/types.ts	createBlock
src/compiler/transformers/es2015.ts	transformFunctionBody	src/compiler/types.ts	createNodeArray
src/compiler/transformers/es2015.ts	transformFunctionBody	src/compiler/types.ts	createReturnStatement
src/compiler/transformers/es2015.ts	transformFunctionBody	src/compiler/types.ts	mergeLexicalEnvironment
src/compiler/transformers/es2015.ts	transformFunctionLikeToExpression	src/compiler/types.ts	createFunctionExpression
src/compiler/transformers/es2015.ts	transformFunctionLikeToExpression	src/compiler/types.ts	getGeneratedNameForNode
src/compiler/transformers/es2015.ts	transformObjectLiteralMethodDeclarationToExpression	src/compiler/types.ts	createAssignment
src/compiler/transformers/es2015.ts	transformPropertyAssignmentToExpression	src/compiler/types.ts	createAssignment
src/compiler/transformers/es2015.ts	transformSemicolonClassElementToStatement	src/compiler/types.ts	createEmptyStatement
src/compiler/transformers/es2015.ts	transformShorthandPropertyAssignmentToExpression	src/compiler/types.ts	cloneNode
src/compiler/transformers/es2015.ts	transformShorthandPropertyAssignmentToExpression	src/compiler/types.ts	createAssignment
src/compiler/transformers/es2015.ts	visit	src/compiler/sourcemap.ts	next
src/compiler/transformers/es2015.ts	visit	src/compiler/tracing.ts	push
src/compiler/transformers/es2015.ts	visit	src/testRunner/parallel/worker.ts	next
src/compiler/transformers/es2015.ts	visitAccessorDeclaration	src/compiler/types.ts	updateGetAccessorDeclaration
src/compiler/transformers/es2015.ts	visitAccessorDeclaration	src/compiler/types.ts	updateSetAccessorDeclaration
src/compiler/transformers/es2015.ts	visitArrowFunction	src/compiler/types.ts	createFunctionExpression
src/compiler/transformers/es2015.ts	visitBinaryExpression	src/compiler/types.ts	updateBinaryExpression
src/compiler/transformers/es2015.ts	visitBreakOrContinueStatement	src/compiler/types.ts	createBinaryExpression
src/compiler/transformers/es2015.ts	visitBreakOrContinueStatement	src/compiler/types.ts	createReturnStatement
src/compiler/transformers/es2015.ts	visitBreakOrContinueStatement	src/compiler/types.ts	createStringLiteral
src/compiler/transformers/es2015.ts	visitCallExpression	src/compiler/types.ts	updateCallExpression
src/compiler/transformers/es2015.ts	visitCallExpressionWithPotentialCapturedThisAssignment	src/compiler/types.ts	createAssignment
src/compiler/transformers/es2015.ts	visitCallExpressionWithPotentialCapturedThisAssignment	src/compiler/types.ts	createCallBinding
src/compiler/transformers/es2015.ts	visitCallExpressionWithPotentialCapturedThisAssignment	src/compiler/types.ts	createFunctionApplyCall
src/compiler/transformers/es2015.ts	visitCallExpressionWithPotentialCapturedThisAssignment	src/compiler/types.ts	createFunctionCallCall
src/compiler/transformers/es2015.ts	visitCallExpressionWithPotentialCapturedThisAssignment	src/compiler/types.ts	createLogicalOr
src/compiler/transformers/es2015.ts	visitCatchClause	src/compiler/types.ts	createTempVariable
src/compiler/transformers/es2015.ts	visitCatchClause	src/compiler/types.ts	createVariableDeclaration
src/compiler/transformers/es2015.ts	visitCatchClause	src/compiler/types.ts	createVariableDeclarationList
src/compiler/transformers/es2015.ts	visitCatchClause	src/compiler/types.ts	createVariableStatement
src/compiler/transformers/es2015.ts	visitCatchClause	src/compiler/types.ts	updateCatchClause
src/compiler/transformers/es2015.ts	visitClassDeclaration	src/compiler/types.ts	createExportDefault
src/compiler/transformers/es2015.ts	visitClassDeclaration	src/compiler/types.ts	createExternalModuleExport
src/compiler/transformers/es2015.ts	visitClassDeclaration	src/compiler/types.ts	createVariableDeclaration
src/compiler/transformers/es2015.ts	visitClassDeclaration	src/compiler/types.ts	createVariableDeclarationList
src/compiler/transformers/es2015.ts	visitClassDeclaration	src/compiler/types.ts	createVariableStatement
src/compiler/transformers/es2015.ts	visitClassDeclaration	src/compiler/types.ts	getLocalName
src/compiler/transformers/es2015.ts	visitCommaListExpression	src/compiler/types.ts	createNodeArray
src/compiler/transformers/es2015.ts	visitCommaListExpression	src/compiler/types.ts	updateCommaListExpression
src/compiler/transformers/es2015.ts	visitEachChildOfForStatement	src/compiler/types.ts	updateForStatement
src/compiler/transformers/es2015.ts	visitFunctionDeclaration	src/compiler/types.ts	getLocalName
src/compiler/transformers/es2015.ts	visitFunctionDeclaration	src/compiler/types.ts	updateFunctionDeclaration
src/compiler/transformers/es2015.ts	visitFunctionExpression	src/compiler/types.ts	getLocalName
src/compiler/transformers/es2015.ts	visitFunctionExpression	src/compiler/types.ts	updateFunctionExpression
src/compiler/transformers/es2015.ts	visitIdentifier	src/compiler/types.ts	createIdentifier
src/compiler/transformers/es2015.ts	visitIdentifier	src/compiler/types.ts	createUniqueName
src/compiler/transformers/es2015.ts	visitIdentifier	src/compiler/types.ts	isArgumentsLocalBinding
src/compiler/transformers/es2015.ts	visitLabeledStatement	src/compiler/types.ts	createEmptyStatement
src/compiler/transformers/es2015.ts	visitLabeledStatement	src/compiler/types.ts	restoreEnclosingLabel
src/compiler/transformers/es2015.ts	visitMetaProperty	src/compiler/types.ts	createUniqueName
src/compiler/transformers/es2015.ts	visitMethodDeclaration	src/compiler/types.ts	createPropertyAssignment
src/compiler/transformers/es2015.ts	visitNewExpression	src/compiler/types.ts	createCallBinding
src/compiler/transformers/es2015.ts	visitNewExpression	src/compiler/types.ts	createFunctionApplyCall
src/compiler/transformers/es2015.ts	visitNewExpression	src/compiler/types.ts	createNewExpression
src/compiler/transformers/es2015.ts	visitNewExpression	src/compiler/types.ts	createNodeArray
src/compiler/transformers/es2015.ts	visitNewExpression	src/compiler/types.ts	createPropertyAccessExpression
src/compiler/transformers/es2015.ts	visitNewExpression	src/compiler/types.ts	createVoidZero
src/compiler/transformers/es2015.ts	visitNumericLiteral	src/compiler/types.ts	createNumericLiteral
src/compiler/transformers/es2015.ts	visitObjectLiteralExpression	src/compiler/types.ts	cloneNode
src/compiler/transformers/es2015.ts	visitObjectLiteralExpression	src/compiler/types.ts	createAssignment
src/compiler/transformers/es2015.ts	visitObjectLiteralExpression	src/compiler/types.ts	createObjectLiteralExpression
src/compiler/transformers/es2015.ts	visitObjectLiteralExpression	src/compiler/types.ts	createTempVariable
src/compiler/transformers/es2015.ts	visitObjectLiteralExpression	src/compiler/types.ts	inlineExpressions
src/compiler/transformers/es2015.ts	visitParameter	src/compiler/types.ts	createParameterDeclaration
src/compiler/transformers/es2015.ts	visitParameter	src/compiler/types.ts	getGeneratedNameForNode
src/compiler/transformers/es2015.ts	visitReturnStatement	src/compiler/types.ts	createIdentifier
src/compiler/transformers/es2015.ts	visitReturnStatement	src/compiler/types.ts	createObjectLiteralExpression
src/compiler/transformers/es2015.ts	visitReturnStatement	src/compiler/types.ts	createPropertyAssignment
src/compiler/transformers/es2015.ts	visitReturnStatement	src/compiler/types.ts	createReturnStatement
src/compiler/transformers/es2015.ts	visitReturnStatement	src/compiler/types.ts	createVoidZero
src/compiler/transformers/es2015.ts	visitShorthandPropertyAssignment	src/compiler/types.ts	cloneNode
src/compiler/transformers/es2015.ts	visitShorthandPropertyAssignment	src/compiler/types.ts	createPropertyAssignment
src/compiler/transformers/es2015.ts	visitSourceFile	src/compiler/types.ts	copyPrologue
src/compiler/transformers/es2015.ts	visitSourceFile	src/compiler/types.ts	createNodeArray
src/compiler/transformers/es2015.ts	visitSourceFile	src/compiler/types.ts	createVariableDeclarationList
src/compiler/transformers/es2015.ts	visitSourceFile	src/compiler/types.ts	createVariableStatement
src/compiler/transformers/es2015.ts	visitSourceFile	src/compiler/types.ts	mergeLexicalEnvironment
src/compiler/transformers/es2015.ts	visitSourceFile	src/compiler/types.ts	updateSourceFile
src/compiler/transformers/es2015.ts	visitSpanOfNonSpreads	src/compiler/types.ts	createArrayLiteralExpression
src/compiler/transformers/es2015.ts	visitSpanOfNonSpreads	src/compiler/types.ts	createNodeArray
src/compiler/transformers/es2015.ts	visitStringLiteral	src/compiler/types.ts	createStringLiteral
src/compiler/transformers/es2015.ts	visitSuperKeyword	src/compiler/types.ts	createPropertyAccessExpression
src/compiler/transformers/es2015.ts	visitTemplateExpression	src/compiler/sourcemap.ts	next
src/compiler/transformers/es2015.ts	visitTemplateExpression	src/compiler/types.ts	createCallExpression
src/compiler/transformers/es2015.ts	visitTemplateExpression	src/compiler/types.ts	createPropertyAccessExpression
src/compiler/transformers/es2015.ts	visitTemplateExpression	src/compiler/types.ts	createStringLiteral
src/compiler/transformers/es2015.ts	visitTemplateExpression	src/testRunner/parallel/worker.ts	next
src/compiler/transformers/es2015.ts	visitTemplateLiteral	src/compiler/types.ts	createStringLiteral
src/compiler/transformers/es2015.ts	visitThisKeyword	src/compiler/types.ts	createUniqueName
src/compiler/transformers/es2015.ts	visitTypeScriptClassWrapper	src/compiler/sourcemap.ts	next
src/compiler/transformers/es2015.ts	visitTypeScriptClassWrapper	src/compiler/types.ts	createAssignment
src/compiler/transformers/es2015.ts	visitTypeScriptClassWrapper	src/compiler/types.ts	createExpressionStatement
src/compiler/transformers/es2015.ts	visitTypeScriptClassWrapper	src/compiler/types.ts	restoreOuterExpressions
src/compiler/transformers/es2015.ts	visitTypeScriptClassWrapper	src/compiler/types.ts	updateBlock
src/compiler/transformers/es2015.ts	visitTypeScriptClassWrapper	src/compiler/types.ts	updateCallExpression
src/compiler/transformers/es2015.ts	visitTypeScriptClassWrapper	src/compiler/types.ts	updateFunctionExpression
src/compiler/transformers/es2015.ts	visitTypeScriptClassWrapper	src/testRunner/parallel/worker.ts	next
src/compiler/transformers/es2015.ts	visitVariableDeclarationInLetDeclarationList	src/compiler/types.ts	createVoidZero
src/compiler/transformers/es2015.ts	visitVariableDeclarationInLetDeclarationList	src/compiler/types.ts	updateVariableDeclaration
src/compiler/transformers/es2015.ts	visitVariableDeclarationList	src/compiler/types.ts	createVariableDeclarationList
src/compiler/transformers/es2015.ts	visitVariableStatement	src/compiler/sourcemap.ts	next
src/compiler/transformers/es2015.ts	visitVariableStatement	src/compiler/types.ts	createBinaryExpression
src/compiler/transformers/es2015.ts	visitVariableStatement	src/compiler/types.ts	createExpressionStatement
src/compiler/transformers/es2015.ts	visitVariableStatement	src/compiler/types.ts	inlineExpressions
src/compiler/transformers/es2015.ts	visitVariableStatement	src/testRunner/parallel/worker.ts	next
src/compiler/transformers/es2016.ts	visitExponentiationAssignmentExpression	src/compiler/types.ts	createAssignment
src/compiler/transformers/es2016.ts	visitExponentiationAssignmentExpression	src/compiler/types.ts	createElementAccessExpression
src/compiler/transformers/es2016.ts	visitExponentiationAssignmentExpression	src/compiler/types.ts	createGlobalMethodCall
src/compiler/transformers/es2016.ts	visitExponentiationAssignmentExpression	src/compiler/types.ts	createPropertyAccessExpression
src/compiler/transformers/es2016.ts	visitExponentiationAssignmentExpression	src/compiler/types.ts	createTempVariable
src/compiler/transformers/es2016.ts	visitExponentiationExpression	src/compiler/types.ts	createGlobalMethodCall
src/compiler/transformers/es2017.ts	collidesWithParameterName	src/compiler/sourcemap.ts	next
src/compiler/transformers/es2017.ts	collidesWithParameterName	src/testRunner/parallel/worker.ts	next
src/compiler/transformers/es2017.ts	hoistVariable	src/compiler/sourcemap.ts	next
src/compiler/transformers/es2017.ts	hoistVariable	src/testRunner/parallel/worker.ts	next
src/compiler/transformers/es2017.ts	recordDeclarationName	src/compiler/sourcemap.ts	next
src/compiler/transformers/es2017.ts	recordDeclarationName	src/testRunner/parallel/worker.ts	next
src/compiler/transformers/es2017.ts	transformAsyncFunctionBody	src/compiler/sourcemap.ts	next
src/compiler/transformers/es2017.ts	transformAsyncFunctionBody	src/testRunner/parallel/worker.ts	next
src/compiler/transformers/es2017.ts	transformAsyncFunctionParameterList	src/compiler/sourcemap.ts	next
src/compiler/transformers/es2017.ts	transformAsyncFunctionParameterList	src/testRunner/parallel/worker.ts	next
src/compiler/transformers/es2018.ts	appendObjectRestAssignmentsIfNeeded	src/compiler/sourcemap.ts	next
src/compiler/transformers/es2018.ts	appendObjectRestAssignmentsIfNeeded	src/compiler/types.ts	cloneNode
src/compiler/transformers/es2018.ts	appendObjectRestAssignmentsIfNeeded	src/compiler/types.ts	createAssignment
src/compiler/transformers/es2018.ts	appendObjectRestAssignmentsIfNeeded	src/compiler/types.ts	createBlock
src/compiler/transformers/es2018.ts	appendObjectRestAssignmentsIfNeeded	src/compiler/types.ts	createExpressionStatement
src/compiler/transformers/es2018.ts	appendObjectRestAssignmentsIfNeeded	src/compiler/types.ts	createIfStatement
src/compiler/transformers/es2018.ts	appendObjectRestAssignmentsIfNeeded	src/compiler/types.ts	createTypeCheck
src/compiler/transformers/es2018.ts	appendObjectRestAssignmentsIfNeeded	src/compiler/types.ts	createVariableDeclarationList
src/compiler/transformers/es2018.ts	appendObjectRestAssignmentsIfNeeded	src/compiler/types.ts	createVariableStatement
src/compiler/transformers/es2018.ts	appendObjectRestAssignmentsIfNeeded	src/compiler/types.ts	getGeneratedNameForNode
src/compiler/transformers/es2018.ts	appendObjectRestAssignmentsIfNeeded	src/testRunner/parallel/worker.ts	next
src/compiler/transformers/es2018.ts	chunkObjectLiteralElements	src/compiler/sourcemap.ts	next
src/compiler/transformers/es2018.ts	chunkObjectLiteralElements	src/compiler/types.ts	createObjectLiteralExpression
src/compiler/transformers/es2018.ts	chunkObjectLiteralElements	src/compiler/types.ts	createPropertyAssignment
src/compiler/transformers/es2018.ts	chunkObjectLiteralElements	src/testRunner/parallel/worker.ts	next
src/compiler/transformers/es2018.ts	collectParametersWithPrecedingObjectRestOrSpread	src/compiler/sourcemap.ts	next
src/compiler/transformers/es2018.ts	collectParametersWithPrecedingObjectRestOrSpread	src/testRunner/parallel/worker.ts	next
src/compiler/transformers/es2018.ts	convertForOfStatementHead	src/compiler/types.ts	createAssignment
src/compiler/transformers/es2018.ts	convertForOfStatementHead	src/compiler/types.ts	createBlock
src/compiler/transformers/es2018.ts	convertForOfStatementHead	src/compiler/types.ts	createExpressionStatement
src/compiler/transformers/es2018.ts	convertForOfStatementHead	src/compiler/types.ts	createFalse
src/compiler/transformers/es2018.ts	convertForOfStatementHead	src/compiler/types.ts	createNodeArray
src/compiler/transformers/es2018.ts	convertForOfStatementHead	src/compiler/types.ts	createTempVariable
src/compiler/transformers/es2018.ts	createDownlevelAwait	src/compiler/types.ts	createAwaitExpression
src/compiler/transformers/es2018.ts	createDownlevelAwait	src/compiler/types.ts	createYieldExpression
src/compiler/transformers/es2018.ts	createSuperElementAccessInAsyncMethod	src/compiler/types.ts	createCallExpression
src/compiler/transformers/es2018.ts	createSuperElementAccessInAsyncMethod	src/compiler/types.ts	createIdentifier
src/compiler/transformers/es2018.ts	createSuperElementAccessInAsyncMethod	src/compiler/types.ts	createPropertyAccessExpression
src/compiler/transformers/es2018.ts	onEmitNode	src/compiler/types.ts	hasNodeCheckFlag
src/compiler/transformers/es2018.ts	recordTaggedTemplateString	src/compiler/types.ts	createVariableDeclaration
src/compiler/transformers/es2018.ts	substituteCallExpression	src/compiler/types.ts	createCallExpression
src/compiler/transformers/es2018.ts	substituteCallExpression	src/compiler/types.ts	createPropertyAccessExpression
src/compiler/transformers/es2018.ts	substituteCallExpression	src/compiler/types.ts	createThis
src/compiler/transformers/es2018.ts	substitutePropertyAccessExpression	src/compiler/types.ts	createPropertyAccessExpression
src/compiler/transformers/es2018.ts	substitutePropertyAccessExpression	src/compiler/types.ts	createUniqueName
src/compiler/transformers/es2018.ts	transformAsyncGeneratorFunctionBody	src/compiler/types.ts	createFunctionExpression
src/compiler/transformers/es2018.ts	transformAsyncGeneratorFunctionBody	src/compiler/types.ts	createReturnStatement
src/compiler/transformers/es2018.ts	transformAsyncGeneratorFunctionBody	src/compiler/types.ts	createToken
src/compiler/transformers/es2018.ts	transformAsyncGeneratorFunctionBody	src/compiler/types.ts	getGeneratedNameForNode
src/compiler/transformers/es2018.ts	transformAsyncGeneratorFunctionBody	src/compiler/types.ts	hasNodeCheckFlag
src/compiler/transformers/es2018.ts	transformAsyncGeneratorFunctionBody	src/compiler/types.ts	mergeLexicalEnvironment
src/compiler/transformers/es2018.ts	transformAsyncGeneratorFunctionBody	src/compiler/types.ts	updateBlock
src/compiler/transformers/es2018.ts	transformAsyncGeneratorFunctionParameterList	src/compiler/sourcemap.ts	next
src/compiler/transformers/es2018.ts	transformAsyncGeneratorFunctionParameterList	src/compiler/types.ts	createNodeArray
src/compiler/transformers/es2018.ts	transformAsyncGeneratorFunctionParameterList	src/compiler/types.ts	createParameterDeclaration
src/compiler/transformers/es2018.ts	transformAsyncGeneratorFunctionParameterList	src/compiler/types.ts	getGeneratedNameForNode
src/compiler/transformers/es2018.ts	transformAsyncGeneratorFunctionParameterList	src/testRunner/parallel/worker.ts	next
src/compiler/transformers/es2018.ts	transformForAwaitOfStatement	src/compiler/types.ts	createAssignment
src/compiler/transformers/es2018.ts	transformForAwaitOfStatement	src/compiler/types.ts	createBlock
src/compiler/transformers/es2018.ts	transformForAwaitOfStatement	src/compiler/types.ts	createCallExpression
src/compiler/transformers/es2018.ts	transformForAwaitOfStatement	src/compiler/types.ts	createCatchClause
src/compiler/transformers/es2018.ts	transformForAwaitOfStatement	src/compiler/types.ts	createExpressionStatement
src/compiler/transformers/es2018.ts	transformForAwaitOfStatement	src/compiler/types.ts	createForStatement
src/compiler/transformers/es2018.ts	transformForAwaitOfStatement	src/compiler/types.ts	createFunctionCallCall
src/compiler/transformers/es2018.ts	transformForAwaitOfStatement	src/compiler/types.ts	createIfStatement
src/compiler/transformers/es2018.ts	transformForAwaitOfStatement	src/compiler/types.ts	createLogicalAnd
src/compiler/transformers/es2018.ts	transformForAwaitOfStatement	src/compiler/types.ts	createLogicalNot
src/compiler/transformers/es2018.ts	transformForAwaitOfStatement	src/compiler/types.ts	createObjectLiteralExpression
src/compiler/transformers/es2018.ts	transformForAwaitOfStatement	src/compiler/types.ts	createPropertyAccessExpression
src/compiler/transformers/es2018.ts	transformForAwaitOfStatement	src/compiler/types.ts	createPropertyAssignment
src/compiler/transformers/es2018.ts	transformForAwaitOfStatement	src/compiler/types.ts	createTempVariable
src/compiler/transformers/es2018.ts	transformForAwaitOfStatement	src/compiler/types.ts	createThrowStatement
src/compiler/transformers/es2018.ts	transformForAwaitOfStatement	src/compiler/types.ts	createTrue
src/compiler/transformers/es2018.ts	transformForAwaitOfStatement	src/compiler/types.ts	createTryStatement
src/compiler/transformers/es2018.ts	transformForAwaitOfStatement	src/compiler/types.ts	createUniqueName
src/compiler/transformers/es2018.ts	transformForAwaitOfStatement	src/compiler/types.ts	createVariableDeclaration
src/compiler/transformers/es2018.ts	transformForAwaitOfStatement	src/compiler/types.ts	createVariableDeclarationList
src/compiler/transformers/es2018.ts	transformForAwaitOfStatement	src/compiler/types.ts	createVoidZero
src/compiler/transformers/es2018.ts	transformForAwaitOfStatement	src/compiler/types.ts	getGeneratedNameForNode
src/compiler/transformers/es2018.ts	transformForAwaitOfStatement	src/compiler/types.ts	inlineExpressions
src/compiler/transformers/es2018.ts	transformForAwaitOfStatement	src/compiler/types.ts	restoreEnclosingLabel
src/compiler/transformers/es2018.ts	transformForOfStatementWithObjectRest	src/compiler/types.ts	createBlock
src/compiler/transformers/es2018.ts	transformForOfStatementWithObjectRest	src/compiler/types.ts	createNodeArray
src/compiler/transformers/es2018.ts	transformForOfStatementWithObjectRest	src/compiler/types.ts	createTempVariable
src/compiler/transformers/es2018.ts	transformForOfStatementWithObjectRest	src/compiler/types.ts	createVariableDeclaration
src/compiler/transformers/es2018.ts	transformForOfStatementWithObjectRest	src/compiler/types.ts	createVariableDeclarationList
src/compiler/transformers/es2018.ts	transformForOfStatementWithObjectRest	src/compiler/types.ts	updateForOfStatement
src/compiler/transformers/es2018.ts	transformFunctionBody	src/compiler/types.ts	convertToFunctionBlock
src/compiler/transformers/es2018.ts	transformFunctionBody	src/compiler/types.ts	copyPrologue
src/compiler/transformers/es2018.ts	transformFunctionBody	src/compiler/types.ts	createBlock
src/compiler/transformers/es2018.ts	transformFunctionBody	src/compiler/types.ts	createNodeArray
src/compiler/transformers/es2018.ts	transformFunctionBody	src/compiler/types.ts	updateBlock
src/compiler/transformers/es2018.ts	visitArrowFunction	src/compiler/types.ts	updateArrowFunction
src/compiler/transformers/es2018.ts	visitAwaitExpression	src/compiler/types.ts	createYieldExpression
src/compiler/transformers/es2018.ts	visitBinaryExpression	src/compiler/types.ts	updateBinaryExpression
src/compiler/transformers/es2018.ts	visitCatchClause	src/compiler/types.ts	createVariableStatement
src/compiler/transformers/es2018.ts	visitCatchClause	src/compiler/types.ts	getGeneratedNameForNode
src/compiler/transformers/es2018.ts	visitCatchClause	src/compiler/types.ts	updateBlock
src/compiler/transformers/es2018.ts	visitCatchClause	src/compiler/types.ts	updateCatchClause
src/compiler/transformers/es2018.ts	visitCatchClause	src/compiler/types.ts	updateVariableDeclaration
src/compiler/transformers/es2018.ts	visitCommaListExpression	src/compiler/types.ts	createNodeArray
src/compiler/transformers/es2018.ts	visitCommaListExpression	src/compiler/types.ts	updateCommaListExpression
src/compiler/transformers/es2018.ts	visitConstructorDeclaration	src/compiler/types.ts	updateConstructorDeclaration
src/compiler/transformers/es2018.ts	visitForOfStatement	src/compiler/types.ts	restoreEnclosingLabel
src/compiler/transformers/es2018.ts	visitForStatement	src/compiler/types.ts	updateForStatement
src/compiler/transformers/es2018.ts	visitFunctionDeclaration	src/compiler/types.ts	updateFunctionDeclaration
src/compiler/transformers/es2018.ts	visitFunctionExpression	src/compiler/types.ts	updateFunctionExpression
src/compiler/transformers/es2018.ts	visitGetAccessorDeclaration	src/compiler/types.ts	updateGetAccessorDeclaration
src/compiler/transformers/es2018.ts	visitLabeledStatement	src/compiler/types.ts	restoreEnclosingLabel
src/compiler/transformers/es2018.ts	visitMethodDeclaration	src/compiler/types.ts	updateMethodDeclaration
src/compiler/transformers/es2018.ts	visitObjectLiteralExpression	src/compiler/types.ts	createObjectLiteralExpression
src/compiler/transformers/es2018.ts	visitParameter	src/compiler/types.ts	getGeneratedNameForNode
src/compiler/transformers/es2018.ts	visitParameter	src/compiler/types.ts	updateParameterDeclaration
src/compiler/transformers/es2018.ts	visitReturnStatement	src/compiler/types.ts	createVoidZero
src/compiler/transformers/es2018.ts	visitReturnStatement	src/compiler/types.ts	updateReturnStatement
src/compiler/transformers/es2018.ts	visitSetAccessorDeclaration	src/compiler/types.ts	updateSetAccessorDeclaration
src/compiler/transformers/es2018.ts	visitSourceFile	src/compiler/types.ts	createNodeArray
src/compiler/transformers/es2018.ts	visitSourceFile	src/compiler/types.ts	createVariableDeclarationList
src/compiler/transformers/es2018.ts	visitSourceFile	src/compiler/types.ts	createVariableStatement
src/compiler/transformers/es2018.ts	visitSourceFile	src/compiler/types.ts	updateSourceFile
src/compiler/transformers/es2018.ts	visitYieldExpression	src/compiler/types.ts	createVoidZero
src/compiler/transformers/es2018.ts	visitYieldExpression	src/compiler/types.ts	createYieldExpression
src/compiler/transformers/es2018.ts	visitYieldExpression	src/compiler/types.ts	updateYieldExpression
src/compiler/transformers/es2019.ts	visitCatchClause	src/compiler/types.ts	createTempVariable
src/compiler/transformers/es2019.ts	visitCatchClause	src/compiler/types.ts	createVariableDeclaration
src/compiler/transformers/es2019.ts	visitCatchClause	src/compiler/types.ts	updateCatchClause
src/compiler/transformers/es2020.ts	createNotNullCondition	src/compiler/types.ts	createBinaryExpression
src/compiler/transformers/es2020.ts	createNotNullCondition	src/compiler/types.ts	createNull
src/compiler/transformers/es2020.ts	createNotNullCondition	src/compiler/types.ts	createToken
src/compiler/transformers/es2020.ts	createNotNullCondition	src/compiler/types.ts	createVoidZero
src/compiler/transformers/es2020.ts	transformNullishCoalescingExpression	src/compiler/types.ts	createAssignment
src/compiler/transformers/es2020.ts	transformNullishCoalescingExpression	src/compiler/types.ts	createConditionalExpression
src/compiler/transformers/es2020.ts	transformNullishCoalescingExpression	src/compiler/types.ts	createTempVariable
src/compiler/transformers/es2020.ts	visitDeleteExpression	src/compiler/types.ts	updateDeleteExpression
src/compiler/transformers/es2020.ts	visitNonOptionalCallExpression	src/compiler/types.ts	createFunctionCallCall
src/compiler/transformers/es2020.ts	visitNonOptionalCallExpression	src/compiler/types.ts	updateCallExpression
src/compiler/transformers/es2020.ts	visitNonOptionalParenthesizedExpression	src/compiler/types.ts	createSyntheticReferenceExpression
src/compiler/transformers/es2020.ts	visitNonOptionalParenthesizedExpression	src/compiler/types.ts	updateParenthesizedExpression
src/compiler/transformers/es2020.ts	visitNonOptionalPropertyOrElementAccessExpression	src/compiler/types.ts	createAssignment
src/compiler/transformers/es2020.ts	visitNonOptionalPropertyOrElementAccessExpression	src/compiler/types.ts	createSyntheticReferenceExpression
src/compiler/transformers/es2020.ts	visitNonOptionalPropertyOrElementAccessExpression	src/compiler/types.ts	createTempVariable
src/compiler/transformers/es2020.ts	visitNonOptionalPropertyOrElementAccessExpression	src/compiler/types.ts	updateElementAccessExpression
src/compiler/transformers/es2020.ts	visitNonOptionalPropertyOrElementAccessExpression	src/compiler/types.ts	updatePropertyAccessExpression
src/compiler/transformers/es2020.ts	visitOptionalExpression	src/compiler/types.ts	cloneNode
src/compiler/transformers/es2020.ts	visitOptionalExpression	src/compiler/types.ts	createAssignment
src/compiler/transformers/es2020.ts	visitOptionalExpression	src/compiler/types.ts	createCallExpression
src/compiler/transformers/es2020.ts	visitOptionalExpression	src/compiler/types.ts	createConditionalExpression
src/compiler/transformers/es2020.ts	visitOptionalExpression	src/compiler/types.ts	createDeleteExpression
src/compiler/transformers/es2020.ts	visitOptionalExpression	src/compiler/types.ts	createElementAccessExpression
src/compiler/transformers/es2020.ts	visitOptionalExpression	src/compiler/types.ts	createFunctionCallCall
src/compiler/transformers/es2020.ts	visitOptionalExpression	src/compiler/types.ts	createPropertyAccessExpression
src/compiler/transformers/es2020.ts	visitOptionalExpression	src/compiler/types.ts	createSyntheticReferenceExpression
src/compiler/transformers/es2020.ts	visitOptionalExpression	src/compiler/types.ts	createTempVariable
src/compiler/transformers/es2020.ts	visitOptionalExpression	src/compiler/types.ts	createThis
src/compiler/transformers/es2020.ts	visitOptionalExpression	src/compiler/types.ts	createTrue
src/compiler/transformers/es2020.ts	visitOptionalExpression	src/compiler/types.ts	createVoidZero
src/compiler/transformers/es2020.ts	visitOptionalExpression	src/compiler/types.ts	restoreOuterExpressions
src/compiler/transformers/es2021.ts	transformLogicalAssignment	src/compiler/types.ts	createAssignment
src/compiler/transformers/es2021.ts	transformLogicalAssignment	src/compiler/types.ts	createBinaryExpression
src/compiler/transformers/es2021.ts	transformLogicalAssignment	src/compiler/types.ts	createElementAccessExpression
src/compiler/transformers/es2021.ts	transformLogicalAssignment	src/compiler/types.ts	createParenthesizedExpression
src/compiler/transformers/es2021.ts	transformLogicalAssignment	src/compiler/types.ts	createPropertyAccessExpression
src/compiler/transformers/es2021.ts	transformLogicalAssignment	src/compiler/types.ts	createTempVariable
src/compiler/transformers/esDecorators.ts	<lambda>10	src/compiler/types.ts	createArrayLiteralExpression
src/compiler/transformers/esDecorators.ts	<lambda>11	src/compiler/types.ts	createArrayLiteralExpression
src/compiler/transformers/esDecorators.ts	createAccessorPropertyDescriptorObject	src/compiler/types.ts	createAssignment
src/compiler/transformers/esDecorators.ts	createAccessorPropertyDescriptorObject	src/compiler/types.ts	createBlock
src/compiler/transformers/esDecorators.ts	createAccessorPropertyDescriptorObject	src/compiler/types.ts	createExpressionStatement
src/compiler/transformers/esDecorators.ts	createAccessorPropertyDescriptorObject	src/compiler/types.ts	createIdentifier
src/compiler/transformers/esDecorators.ts	createAccessorPropertyDescriptorObject	src/compiler/types.ts	createObjectLiteralExpression
src/compiler/transformers/esDecorators.ts	createAccessorPropertyDescriptorObject	src/compiler/types.ts	createParameterDeclaration
src/compiler/transformers/esDecorators.ts	createAccessorPropertyDescriptorObject	src/compiler/types.ts	createPropertyAccessExpression
src/compiler/transformers/esDecorators.ts	createAccessorPropertyDescriptorObject	src/compiler/types.ts	createReturnStatement
src/compiler/transformers/esDecorators.ts	createAccessorPropertyDescriptorObject	src/compiler/types.ts	createThis
src/compiler/transformers/esDecorators.ts	createAccessorPropertyDescriptorObject	src/compiler/types.ts	getGeneratedPrivateNameForNode
src/compiler/transformers/esDecorators.ts	createClassInfo	src/compiler/sourcemap.ts	next
src/compiler/transformers/esDecorators.ts	createClassInfo	src/compiler/types.ts	createThis
src/compiler/transformers/esDecorators.ts	createClassInfo	src/compiler/types.ts	createUniqueName
src/compiler/transformers/esDecorators.ts	createClassInfo	src/testRunner/parallel/worker.ts	next
src/compiler/transformers/esDecorators.ts	createDescriptorMethod	src/compiler/types.ts	createBlock
src/compiler/transformers/esDecorators.ts	createDescriptorMethod	src/compiler/types.ts	createFunctionExpression
src/compiler/transformers/esDecorators.ts	createDescriptorMethod	src/compiler/types.ts	createIdentifier
src/compiler/transformers/esDecorators.ts	createDescriptorMethod	src/compiler/types.ts	createPropertyAssignment
src/compiler/transformers/esDecorators.ts	createDescriptorMethod	src/compiler/types.ts	createStringLiteralFromNode
src/compiler/transformers/esDecorators.ts	createGetAccessorDescriptorForwarder	src/compiler/types.ts	createBlock
src/compiler/transformers/esDecorators.ts	createGetAccessorDescriptorForwarder	src/compiler/types.ts	createFunctionCallCall
src/compiler/transformers/esDecorators.ts	createGetAccessorDescriptorForwarder	src/compiler/types.ts	createGetAccessorDeclaration
src/compiler/transformers/esDecorators.ts	createGetAccessorDescriptorForwarder	src/compiler/types.ts	createIdentifier
src/compiler/transformers/esDecorators.ts	createGetAccessorDescriptorForwarder	src/compiler/types.ts	createPropertyAccessExpression
src/compiler/transformers/esDecorators.ts	createGetAccessorDescriptorForwarder	src/compiler/types.ts	createReturnStatement
src/compiler/transformers/esDecorators.ts	createGetAccessorDescriptorForwarder	src/compiler/types.ts	createThis
src/compiler/transformers/esDecorators.ts	createGetAccessorDescriptorObject	src/compiler/types.ts	createObjectLiteralExpression
src/compiler/transformers/esDecorators.ts	createHelperVariable	src/compiler/types.ts	createUniqueName
src/compiler/transformers/esDecorators.ts	createLet	src/compiler/types.ts	createVariableDeclaration
src/compiler/transformers/esDecorators.ts	createLet	src/compiler/types.ts	createVariableDeclarationList
src/compiler/transformers/esDecorators.ts	createLet	src/compiler/types.ts	createVariableStatement
src/compiler/transformers/esDecorators.ts	createMetadata	src/compiler/types.ts	createCallExpression
src/compiler/transformers/esDecorators.ts	createMetadata	src/compiler/types.ts	createConditionalExpression
src/compiler/transformers/esDecorators.ts	createMetadata	src/compiler/types.ts	createIdentifier
src/compiler/transformers/esDecorators.ts	createMetadata	src/compiler/types.ts	createLogicalAnd
src/compiler/transformers/esDecorators.ts	createMetadata	src/compiler/types.ts	createNull
src/compiler/transformers/esDecorators.ts	createMetadata	src/compiler/types.ts	createPropertyAccessExpression
src/compiler/transformers/esDecorators.ts	createMetadata	src/compiler/types.ts	createToken
src/compiler/transformers/esDecorators.ts	createMetadata	src/compiler/types.ts	createTypeCheck
src/compiler/transformers/esDecorators.ts	createMetadata	src/compiler/types.ts	createVariableDeclaration
src/compiler/transformers/esDecorators.ts	createMetadata	src/compiler/types.ts	createVariableDeclarationList
src/compiler/transformers/esDecorators.ts	createMetadata	src/compiler/types.ts	createVariableStatement
src/compiler/transformers/esDecorators.ts	createMetadata	src/compiler/types.ts	createVoidZero
src/compiler/transformers/esDecorators.ts	createMethodDescriptorForwarder	src/compiler/types.ts	createBlock
src/compiler/transformers/esDecorators.ts	createMethodDescriptorForwarder	src/compiler/types.ts	createGetAccessorDeclaration
src/compiler/transformers/esDecorators.ts	createMethodDescriptorForwarder	src/compiler/types.ts	createIdentifier
src/compiler/transformers/esDecorators.ts	createMethodDescriptorForwarder	src/compiler/types.ts	createPropertyAccessExpression
src/compiler/transformers/esDecorators.ts	createMethodDescriptorForwarder	src/compiler/types.ts	createReturnStatement
src/compiler/transformers/esDecorators.ts	createMethodDescriptorObject	src/compiler/types.ts	createObjectLiteralExpression
src/compiler/transformers/esDecorators.ts	createSetAccessorDescriptorForwarder	src/compiler/types.ts	createBlock
src/compiler/transformers/esDecorators.ts	createSetAccessorDescriptorForwarder	src/compiler/types.ts	createFunctionCallCall
src/compiler/transformers/esDecorators.ts	createSetAccessorDescriptorForwarder	src/compiler/types.ts	createIdentifier
src/compiler/transformers/esDecorators.ts	createSetAccessorDescriptorForwarder	src/compiler/types.ts	createParameterDeclaration
src/compiler/transformers/esDecorators.ts	createSetAccessorDescriptorForwarder	src/compiler/types.ts	createPropertyAccessExpression
src/compiler/transformers/esDecorators.ts	createSetAccessorDescriptorForwarder	src/compiler/types.ts	createReturnStatement
src/compiler/transformers/esDecorators.ts	createSetAccessorDescriptorForwarder	src/compiler/types.ts	createSetAccessorDeclaration
src/compiler/transformers/esDecorators.ts	createSetAccessorDescriptorForwarder	src/compiler/types.ts	createThis
src/compiler/transformers/esDecorators.ts	createSetAccessorDescriptorObject	src/compiler/types.ts	createObjectLiteralExpression
src/compiler/transformers/esDecorators.ts	createSymbolMetadata	src/compiler/types.ts	createExpressionStatement
src/compiler/transformers/esDecorators.ts	createSymbolMetadata	src/compiler/types.ts	createIdentifier
src/compiler/transformers/esDecorators.ts	createSymbolMetadata	src/compiler/types.ts	createIfStatement
src/compiler/transformers/esDecorators.ts	createSymbolMetadata	src/compiler/types.ts	createObjectDefinePropertyCall
src/compiler/transformers/esDecorators.ts	createSymbolMetadata	src/compiler/types.ts	createPropertyAccessExpression
src/compiler/transformers/esDecorators.ts	createSymbolMetadata	src/compiler/types.ts	createPropertyDescriptor
src/compiler/transformers/esDecorators.ts	createSymbolMetadataReference	src/compiler/types.ts	createBinaryExpression
src/compiler/transformers/esDecorators.ts	createSymbolMetadataReference	src/compiler/types.ts	createElementAccessExpression
src/compiler/transformers/esDecorators.ts	createSymbolMetadataReference	src/compiler/types.ts	createIdentifier
src/compiler/transformers/esDecorators.ts	createSymbolMetadataReference	src/compiler/types.ts	createNull
src/compiler/transformers/esDecorators.ts	createSymbolMetadataReference	src/compiler/types.ts	createPropertyAccessExpression
src/compiler/transformers/esDecorators.ts	injectPendingExpressionsCommon	src/compiler/types.ts	inlineExpressions
src/compiler/transformers/esDecorators.ts	injectPendingExpressionsCommon	src/compiler/types.ts	updateParenthesizedExpression
src/compiler/transformers/esDecorators.ts	partialTransformClassElement	src/compiler/types.ts	createArrayLiteralExpression
src/compiler/transformers/esDecorators.ts	partialTransformClassElement	src/compiler/types.ts	createAssignment
src/compiler/transformers/esDecorators.ts	partialTransformClassElement	src/compiler/types.ts	createExpressionStatement
src/compiler/transformers/esDecorators.ts	partialTransformClassElement	src/compiler/types.ts	createNull
src/compiler/transformers/esDecorators.ts	partialTransformClassElement	src/compiler/types.ts	createStringLiteralFromNode
src/compiler/transformers/esDecorators.ts	partialTransformClassElement	src/compiler/types.ts	createThis
src/compiler/transformers/esDecorators.ts	prepareConstructor	src/compiler/types.ts	createExpressionStatement
src/compiler/transformers/esDecorators.ts	prepareConstructor	src/compiler/types.ts	inlineExpressions
src/compiler/transformers/esDecorators.ts	thisVisitor	src/compiler/types.ts	createThis
src/compiler/transformers/esDecorators.ts	thisVisitor	src/compiler/types.ts	createUniqueName
src/compiler/transformers/esDecorators.ts	transformClassLike	src/compiler/sourcemap.ts	next
src/compiler/transformers/esDecorators.ts	transformClassLike	src/compiler/types.ts	createArrayLiteralExpression
src/compiler/transformers/esDecorators.ts	transformClassLike	src/compiler/types.ts	createAssignment
src/compiler/transformers/esDecorators.ts	transformClassLike	src/compiler/types.ts	createBlock
src/compiler/transformers/esDecorators.ts	transformClassLike	src/compiler/types.ts	createCallExpression
src/compiler/transformers/esDecorators.ts	transformClassLike	src/compiler/types.ts	createClassExpression
src/compiler/transformers/esDecorators.ts	transformClassLike	src/compiler/types.ts	createClassStaticBlockDeclaration
src/compiler/transformers/esDecorators.ts	transformClassLike	src/compiler/types.ts	createComma
src/compiler/transformers/esDecorators.ts	transformClassLike	src/compiler/types.ts	createConstructorDeclaration
src/compiler/transformers/esDecorators.ts	transformClassLike	src/compiler/types.ts	createExpressionStatement
src/compiler/transformers/esDecorators.ts	transformClassLike	src/compiler/types.ts	createIdentifier
src/compiler/transformers/esDecorators.ts	transformClassLike	src/compiler/types.ts	createImmediatelyInvokedArrowFunction
src/compiler/transformers/esDecorators.ts	transformClassLike	src/compiler/types.ts	createNodeArray
src/compiler/transformers/esDecorators.ts	transformClassLike	src/compiler/types.ts	createNull
src/compiler/transformers/esDecorators.ts	transformClassLike	src/compiler/types.ts	createNumericLiteral
src/compiler/transformers/esDecorators.ts	transformClassLike	src/compiler/types.ts	createObjectLiteralExpression
src/compiler/transformers/esDecorators.ts	transformClassLike	src/compiler/types.ts	createPropertyAccessExpression
src/compiler/transformers/esDecorators.ts	transformClassLike	src/compiler/types.ts	createPropertyAssignment
src/compiler/transformers/esDecorators.ts	transformClassLike	src/compiler/types.ts	createReturnStatement
src/compiler/transformers/esDecorators.ts	transformClassLike	src/compiler/types.ts	createSpreadElement
src/compiler/transformers/esDecorators.ts	transformClassLike	src/compiler/types.ts	createStringLiteral
src/compiler/transformers/esDecorators.ts	transformClassLike	src/compiler/types.ts	createSuper
src/compiler/transformers/esDecorators.ts	transformClassLike	src/compiler/types.ts	createThis
src/compiler/transformers/esDecorators.ts	transformClassLike	src/compiler/types.ts	createUniqueName
src/compiler/transformers/esDecorators.ts	transformClassLike	src/compiler/types.ts	createVariableDeclaration
src/compiler/transformers/esDecorators.ts	transformClassLike	src/compiler/types.ts	createVariableDeclarationList
src/compiler/transformers/esDecorators.ts	transformClassLike	src/compiler/types.ts	createVariableStatement
src/compiler/transformers/esDecorators.ts	transformClassLike	src/compiler/types.ts	getLocalName
src/compiler/transformers/esDecorators.ts	transformClassLike	src/compiler/types.ts	mergeLexicalEnvironment
src/compiler/transformers/esDecorators.ts	transformClassLike	src/compiler/types.ts	updateExpressionWithTypeArguments
src/compiler/transformers/esDecorators.ts	transformClassLike	src/compiler/types.ts	updateHeritageClause
src/compiler/transformers/esDecorators.ts	transformClassLike	src/testRunner/parallel/worker.ts	next
src/compiler/transformers/esDecorators.ts	transformConstructorBodyWorker	src/compiler/types.ts	createNodeArray
src/compiler/transformers/esDecorators.ts	transformConstructorBodyWorker	src/compiler/types.ts	updateBlock
src/compiler/transformers/esDecorators.ts	transformConstructorBodyWorker	src/compiler/types.ts	updateTryStatement
src/compiler/transformers/esDecorators.ts	transformDecorator	src/compiler/types.ts	createCallBinding
src/compiler/transformers/esDecorators.ts	transformDecorator	src/compiler/types.ts	createFunctionBindCall
src/compiler/transformers/esDecorators.ts	transformDecorator	src/compiler/types.ts	restoreOuterExpressions
src/compiler/transformers/esDecorators.ts	visitAssignmentElement	src/compiler/types.ts	updateBinaryExpression
src/compiler/transformers/esDecorators.ts	visitAssignmentPattern	src/compiler/types.ts	updateArrayLiteralExpression
src/compiler/transformers/esDecorators.ts	visitAssignmentPattern	src/compiler/types.ts	updateObjectLiteralExpression
src/compiler/transformers/esDecorators.ts	visitAssignmentProperty	src/compiler/types.ts	updatePropertyAssignment
src/compiler/transformers/esDecorators.ts	visitAssignmentRestElement	src/compiler/types.ts	updateSpreadElement
src/compiler/transformers/esDecorators.ts	visitAssignmentRestProperty	src/compiler/types.ts	updateSpreadAssignment
src/compiler/transformers/esDecorators.ts	visitBinaryExpression	src/compiler/types.ts	createAssignment
src/compiler/transformers/esDecorators.ts	visitBinaryExpression	src/compiler/types.ts	createBinaryExpression
src/compiler/transformers/esDecorators.ts	visitBinaryExpression	src/compiler/types.ts	createComma
src/compiler/transformers/esDecorators.ts	visitBinaryExpression	src/compiler/types.ts	createReflectGetCall
src/compiler/transformers/esDecorators.ts	visitBinaryExpression	src/compiler/types.ts	createReflectSetCall
src/compiler/transformers/esDecorators.ts	visitBinaryExpression	src/compiler/types.ts	createStringLiteralFromNode
src/compiler/transformers/esDecorators.ts	visitBinaryExpression	src/compiler/types.ts	createTempVariable
src/compiler/transformers/esDecorators.ts	visitBinaryExpression	src/compiler/types.ts	updateBinaryExpression
src/compiler/transformers/esDecorators.ts	visitCallExpression	src/compiler/types.ts	createFunctionCallCall
src/compiler/transformers/esDecorators.ts	visitClassDeclaration	src/compiler/types.ts	createExportDefault
src/compiler/transformers/esDecorators.ts	visitClassDeclaration	src/compiler/types.ts	createExternalModuleExport
src/compiler/transformers/esDecorators.ts	visitClassDeclaration	src/compiler/types.ts	createStringLiteral
src/compiler/transformers/esDecorators.ts	visitClassDeclaration	src/compiler/types.ts	createStringLiteralFromNode
src/compiler/transformers/esDecorators.ts	visitClassDeclaration	src/compiler/types.ts	createVariableDeclaration
src/compiler/transformers/esDecorators.ts	visitClassDeclaration	src/compiler/types.ts	createVariableDeclarationList
src/compiler/transformers/esDecorators.ts	visitClassDeclaration	src/compiler/types.ts	createVariableStatement
src/compiler/transformers/esDecorators.ts	visitClassDeclaration	src/compiler/types.ts	getDeclarationName
src/compiler/transformers/esDecorators.ts	visitClassDeclaration	src/compiler/types.ts	getLocalName
src/compiler/transformers/esDecorators.ts	visitClassDeclaration	src/compiler/types.ts	updateClassDeclaration
src/compiler/transformers/esDecorators.ts	visitClassExpression	src/compiler/types.ts	updateClassExpression
src/compiler/transformers/esDecorators.ts	visitClassStaticBlockDeclaration	src/compiler/sourcemap.ts	next
src/compiler/transformers/esDecorators.ts	visitClassStaticBlockDeclaration	src/compiler/types.ts	createBlock
src/compiler/transformers/esDecorators.ts	visitClassStaticBlockDeclaration	src/compiler/types.ts	createClassStaticBlockDeclaration
src/compiler/transformers/esDecorators.ts	visitClassStaticBlockDeclaration	src/compiler/types.ts	createExpressionStatement
src/compiler/transformers/esDecorators.ts	visitClassStaticBlockDeclaration	src/testRunner/parallel/worker.ts	next
src/compiler/transformers/esDecorators.ts	visitCommaListExpression	src/compiler/types.ts	updateCommaListExpression
src/compiler/transformers/esDecorators.ts	visitComputedPropertyName	src/compiler/types.ts	updateComputedPropertyName
src/compiler/transformers/esDecorators.ts	visitConstructorDeclaration	src/compiler/types.ts	copyPrologue
src/compiler/transformers/esDecorators.ts	visitConstructorDeclaration	src/compiler/types.ts	createBlock
src/compiler/transformers/esDecorators.ts	visitConstructorDeclaration	src/compiler/types.ts	updateConstructorDeclaration
src/compiler/transformers/esDecorators.ts	visitDestructuringAssignmentTarget	src/compiler/types.ts	createAssignmentTargetWrapper
src/compiler/transformers/esDecorators.ts	visitDestructuringAssignmentTarget	src/compiler/types.ts	createReflectSetCall
src/compiler/transformers/esDecorators.ts	visitDestructuringAssignmentTarget	src/compiler/types.ts	createStringLiteralFromNode
src/compiler/transformers/esDecorators.ts	visitDestructuringAssignmentTarget	src/compiler/types.ts	createTempVariable
src/compiler/transformers/esDecorators.ts	visitElementAccessExpression	src/compiler/types.ts	createReflectGetCall
src/compiler/transformers/esDecorators.ts	visitForStatement	src/compiler/types.ts	updateForStatement
src/compiler/transformers/esDecorators.ts	visitGetAccessorDeclaration	src/compiler/types.ts	updateGetAccessorDeclaration
src/compiler/transformers/esDecorators.ts	visitMethodDeclaration	src/compiler/types.ts	updateMethodDeclaration
src/compiler/transformers/esDecorators.ts	visitParameterDeclaration	src/compiler/types.ts	updateParameterDeclaration
src/compiler/transformers/esDecorators.ts	visitParenthesizedExpression	src/compiler/types.ts	updateParenthesizedExpression
src/compiler/transformers/esDecorators.ts	visitPartiallyEmittedExpression	src/compiler/types.ts	updatePartiallyEmittedExpression
src/compiler/transformers/esDecorators.ts	visitPreOrPostfixUnaryExpression	src/compiler/types.ts	createAssignment
src/compiler/transformers/esDecorators.ts	visitPreOrPostfixUnaryExpression	src/compiler/types.ts	createComma
src/compiler/transformers/esDecorators.ts	visitPreOrPostfixUnaryExpression	src/compiler/types.ts	createReflectGetCall
src/compiler/transformers/esDecorators.ts	visitPreOrPostfixUnaryExpression	src/compiler/types.ts	createReflectSetCall
src/compiler/transformers/esDecorators.ts	visitPreOrPostfixUnaryExpression	src/compiler/types.ts	createStringLiteralFromNode
src/compiler/transformers/esDecorators.ts	visitPreOrPostfixUnaryExpression	src/compiler/types.ts	createTempVariable
src/compiler/transformers/esDecorators.ts	visitPropertyAccessExpression	src/compiler/types.ts	createReflectGetCall
src/compiler/transformers/esDecorators.ts	visitPropertyAccessExpression	src/compiler/types.ts	createStringLiteralFromNode
src/compiler/transformers/esDecorators.ts	visitPropertyDeclaration	src/compiler/types.ts	createAssignment
src/compiler/transformers/esDecorators.ts	visitPropertyDeclaration	src/compiler/types.ts	createImmediatelyInvokedArrowFunction
src/compiler/transformers/esDecorators.ts	visitPropertyDeclaration	src/compiler/types.ts	createReturnStatement
src/compiler/transformers/esDecorators.ts	visitPropertyDeclaration	src/compiler/types.ts	createTempVariable
src/compiler/transformers/esDecorators.ts	visitPropertyDeclaration	src/compiler/types.ts	createThis
src/compiler/transformers/esDecorators.ts	visitPropertyDeclaration	src/compiler/types.ts	createVoidZero
src/compiler/transformers/esDecorators.ts	visitPropertyDeclaration	src/compiler/types.ts	updateComputedPropertyName
src/compiler/transformers/esDecorators.ts	visitPropertyDeclaration	src/compiler/types.ts	updatePropertyDeclaration
src/compiler/transformers/esDecorators.ts	visitReferencedPropertyName	src/compiler/types.ts	createAssignment
src/compiler/transformers/esDecorators.ts	visitReferencedPropertyName	src/compiler/types.ts	createStringLiteralFromNode
src/compiler/transformers/esDecorators.ts	visitReferencedPropertyName	src/compiler/types.ts	getGeneratedNameForNode
src/compiler/transformers/esDecorators.ts	visitReferencedPropertyName	src/compiler/types.ts	updateComputedPropertyName
src/compiler/transformers/esDecorators.ts	visitSetAccessorDeclaration	src/compiler/types.ts	updateSetAccessorDeclaration
src/compiler/transformers/esDecorators.ts	visitTaggedTemplateExpression	src/compiler/types.ts	createFunctionBindCall
src/compiler/transformers/esDecorators.ts	visitTaggedTemplateExpression	src/compiler/types.ts	updateTaggedTemplateExpression
src/compiler/transformers/esnext.ts	createDownlevelUsingStatements	src/compiler/types.ts	createArrayLiteralExpression
src/compiler/transformers/esnext.ts	createDownlevelUsingStatements	src/compiler/types.ts	createAssignment
src/compiler/transformers/esnext.ts	createDownlevelUsingStatements	src/compiler/types.ts	createAwaitExpression
src/compiler/transformers/esnext.ts	createDownlevelUsingStatements	src/compiler/types.ts	createBlock
src/compiler/transformers/esnext.ts	createDownlevelUsingStatements	src/compiler/types.ts	createCatchClause
src/compiler/transformers/esnext.ts	createDownlevelUsingStatements	src/compiler/types.ts	createExpressionStatement
src/compiler/transformers/esnext.ts	createDownlevelUsingStatements	src/compiler/types.ts	createFalse
src/compiler/transformers/esnext.ts	createDownlevelUsingStatements	src/compiler/types.ts	createIfStatement
src/compiler/transformers/esnext.ts	createDownlevelUsingStatements	src/compiler/types.ts	createObjectLiteralExpression
src/compiler/transformers/esnext.ts	createDownlevelUsingStatements	src/compiler/types.ts	createPropertyAccessExpression
src/compiler/transformers/esnext.ts	createDownlevelUsingStatements	src/compiler/types.ts	createPropertyAssignment
src/compiler/transformers/esnext.ts	createDownlevelUsingStatements	src/compiler/types.ts	createTrue
src/compiler/transformers/esnext.ts	createDownlevelUsingStatements	src/compiler/types.ts	createTryStatement
src/compiler/transformers/esnext.ts	createDownlevelUsingStatements	src/compiler/types.ts	createUniqueName
src/compiler/transformers/esnext.ts	createDownlevelUsingStatements	src/compiler/types.ts	createVariableDeclaration
src/compiler/transformers/esnext.ts	createDownlevelUsingStatements	src/compiler/types.ts	createVariableDeclarationList
src/compiler/transformers/esnext.ts	createDownlevelUsingStatements	src/compiler/types.ts	createVariableStatement
src/compiler/transformers/esnext.ts	createDownlevelUsingStatements	src/compiler/types.ts	createVoidZero
src/compiler/transformers/esnext.ts	createEnvBinding	src/compiler/types.ts	createUniqueName
src/compiler/transformers/esnext.ts	getUsingKindOfCaseOrDefaultClauses	src/compiler/sourcemap.ts	next
src/compiler/transformers/esnext.ts	getUsingKindOfCaseOrDefaultClauses	src/testRunner/parallel/worker.ts	next
src/compiler/transformers/esnext.ts	getUsingKindOfStatements	src/compiler/sourcemap.ts	next
src/compiler/transformers/esnext.ts	getUsingKindOfStatements	src/testRunner/parallel/worker.ts	next
src/compiler/transformers/esnext.ts	hoistBindingElement	src/compiler/sourcemap.ts	next
src/compiler/transformers/esnext.ts	hoistBindingElement	src/testRunner/parallel/worker.ts	next
src/compiler/transformers/esnext.ts	hoistBindingIdentifier	src/compiler/types.ts	cloneNode
src/compiler/transformers/esnext.ts	hoistBindingIdentifier	src/compiler/types.ts	createExportSpecifier
src/compiler/transformers/esnext.ts	hoistBindingIdentifier	src/compiler/types.ts	createVariableDeclaration
src/compiler/transformers/esnext.ts	hoistClassDeclaration	src/compiler/types.ts	convertToClassExpression
src/compiler/transformers/esnext.ts	hoistClassDeclaration	src/compiler/types.ts	createAssignment
src/compiler/transformers/esnext.ts	hoistClassDeclaration	src/compiler/types.ts	createExpressionStatement
src/compiler/transformers/esnext.ts	hoistClassDeclaration	src/compiler/types.ts	createUniqueName
src/compiler/transformers/esnext.ts	hoistClassDeclaration	src/compiler/types.ts	getDeclarationName
src/compiler/transformers/esnext.ts	hoistClassDeclaration	src/compiler/types.ts	getLocalName
src/compiler/transformers/esnext.ts	hoistExportDefault	src/compiler/types.ts	createAssignment
src/compiler/transformers/esnext.ts	hoistExportDefault	src/compiler/types.ts	createExpressionStatement
src/compiler/transformers/esnext.ts	hoistExportDefault	src/compiler/types.ts	createUniqueName
src/compiler/transformers/esnext.ts	hoistExportDefault	src/compiler/types.ts	restoreOuterExpressions
src/compiler/transformers/esnext.ts	hoistExportEquals	src/compiler/types.ts	createAssignment
src/compiler/transformers/esnext.ts	hoistExportEquals	src/compiler/types.ts	createExpressionStatement
src/compiler/transformers/esnext.ts	hoistExportEquals	src/compiler/types.ts	createUniqueName
src/compiler/transformers/esnext.ts	hoistInitializedVariable	src/compiler/types.ts	cloneNode
src/compiler/transformers/esnext.ts	hoistInitializedVariable	src/compiler/types.ts	convertToAssignmentPattern
src/compiler/transformers/esnext.ts	hoistInitializedVariable	src/compiler/types.ts	createAssignment
src/compiler/transformers/esnext.ts	hoistVariableStatement	src/compiler/sourcemap.ts	next
src/compiler/transformers/esnext.ts	hoistVariableStatement	src/compiler/types.ts	createExpressionStatement
src/compiler/transformers/esnext.ts	hoistVariableStatement	src/compiler/types.ts	inlineExpressions
src/compiler/transformers/esnext.ts	hoistVariableStatement	src/testRunner/parallel/worker.ts	next
src/compiler/transformers/esnext.ts	transformUsingDeclarations	src/compiler/sourcemap.ts	next
src/compiler/transformers/esnext.ts	transformUsingDeclarations	src/compiler/types.ts	createVariableDeclarationList
src/compiler/transformers/esnext.ts	transformUsingDeclarations	src/compiler/types.ts	createVoidZero
src/compiler/transformers/esnext.ts	transformUsingDeclarations	src/compiler/types.ts	updateVariableDeclaration
src/compiler/transformers/esnext.ts	transformUsingDeclarations	src/compiler/types.ts	updateVariableStatement
src/compiler/transformers/esnext.ts	transformUsingDeclarations	src/testRunner/parallel/worker.ts	next
src/compiler/transformers/esnext.ts	visitBlock	src/compiler/types.ts	updateBlock
src/compiler/transformers/esnext.ts	visitCaseOrDefaultClause	src/compiler/types.ts	updateCaseClause
src/compiler/transformers/esnext.ts	visitCaseOrDefaultClause	src/compiler/types.ts	updateDefaultClause
src/compiler/transformers/esnext.ts	visitForOfStatement	src/compiler/types.ts	createBlock
src/compiler/transformers/esnext.ts	visitForOfStatement	src/compiler/types.ts	createTempVariable
src/compiler/transformers/esnext.ts	visitForOfStatement	src/compiler/types.ts	createVariableDeclaration
src/compiler/transformers/esnext.ts	visitForOfStatement	src/compiler/types.ts	createVariableDeclarationList
src/compiler/transformers/esnext.ts	visitForOfStatement	src/compiler/types.ts	createVariableStatement
src/compiler/transformers/esnext.ts	visitForOfStatement	src/compiler/types.ts	getGeneratedNameForNode
src/compiler/transformers/esnext.ts	visitForOfStatement	src/compiler/types.ts	updateBlock
src/compiler/transformers/esnext.ts	visitForOfStatement	src/compiler/types.ts	updateForOfStatement
src/compiler/transformers/esnext.ts	visitForOfStatement	src/compiler/types.ts	updateVariableDeclaration
src/compiler/transformers/esnext.ts	visitForStatement	src/compiler/types.ts	createBlock
src/compiler/transformers/esnext.ts	visitForStatement	src/compiler/types.ts	createVariableStatement
src/compiler/transformers/esnext.ts	visitForStatement	src/compiler/types.ts	updateForStatement
src/compiler/transformers/esnext.ts	visitSourceFile	src/compiler/types.ts	createExportAssignment
src/compiler/transformers/esnext.ts	visitSourceFile	src/compiler/types.ts	createExportDeclaration
src/compiler/transformers/esnext.ts	visitSourceFile	src/compiler/types.ts	createModifiersFromModifierFlags
src/compiler/transformers/esnext.ts	visitSourceFile	src/compiler/types.ts	createNamedExports
src/compiler/transformers/esnext.ts	visitSourceFile	src/compiler/types.ts	createVariableDeclarationList
src/compiler/transformers/esnext.ts	visitSourceFile	src/compiler/types.ts	createVariableStatement
src/compiler/transformers/esnext.ts	visitSourceFile	src/compiler/types.ts	updateSourceFile
src/compiler/transformers/esnext.ts	visitSwitchStatement	src/compiler/types.ts	updateCaseBlock
src/compiler/transformers/esnext.ts	visitSwitchStatement	src/compiler/types.ts	updateSwitchStatement
src/compiler/transformers/generators.ts	appendLabel	src/compiler/types.ts	createArrayLiteralExpression
src/compiler/transformers/generators.ts	appendLabel	src/compiler/types.ts	createAssignment
src/compiler/transformers/generators.ts	appendLabel	src/compiler/types.ts	createBlock
src/compiler/transformers/generators.ts	appendLabel	src/compiler/types.ts	createCallExpression
src/compiler/transformers/generators.ts	appendLabel	src/compiler/types.ts	createCaseClause
src/compiler/transformers/generators.ts	appendLabel	src/compiler/types.ts	createExpressionStatement
src/compiler/transformers/generators.ts	appendLabel	src/compiler/types.ts	createNumericLiteral
src/compiler/transformers/generators.ts	appendLabel	src/compiler/types.ts	createPropertyAccessExpression
src/compiler/transformers/generators.ts	appendLabel	src/compiler/types.ts	createWithStatement
src/compiler/transformers/generators.ts	beginBlock	src/compiler/tracing.ts	push
src/compiler/transformers/generators.ts	beginCatchBlock	src/compiler/types.ts	createCallExpression
src/compiler/transformers/generators.ts	beginCatchBlock	src/compiler/types.ts	createPropertyAccessExpression
src/compiler/transformers/generators.ts	build	src/compiler/types.ts	createBlock
src/compiler/transformers/generators.ts	build	src/compiler/types.ts	createFunctionExpression
src/compiler/transformers/generators.ts	build	src/compiler/types.ts	createParameterDeclaration
src/compiler/transformers/generators.ts	buildStatements	src/compiler/types.ts	createCaseBlock
src/compiler/transformers/generators.ts	buildStatements	src/compiler/types.ts	createPropertyAccessExpression
src/compiler/transformers/generators.ts	buildStatements	src/compiler/types.ts	createSwitchStatement
src/compiler/transformers/generators.ts	cacheExpression	src/compiler/types.ts	createTempVariable
src/compiler/transformers/generators.ts	createGeneratorResume	src/compiler/types.ts	createCallExpression
src/compiler/transformers/generators.ts	createGeneratorResume	src/compiler/types.ts	createPropertyAccessExpression
src/compiler/transformers/generators.ts	createInlineBreak	src/compiler/types.ts	createArrayLiteralExpression
src/compiler/transformers/generators.ts	createInlineBreak	src/compiler/types.ts	createReturnStatement
src/compiler/transformers/generators.ts	createInlineReturn	src/compiler/types.ts	createArrayLiteralExpression
src/compiler/transformers/generators.ts	createInlineReturn	src/compiler/types.ts	createReturnStatement
src/compiler/transformers/generators.ts	createInstruction	src/compiler/types.ts	createNumericLiteral
src/compiler/transformers/generators.ts	createLabel	src/compiler/types.ts	createNumericLiteral
src/compiler/transformers/generators.ts	createLabel	src/compiler/types.ts	createOmittedExpression
src/compiler/transformers/generators.ts	declareLocal	src/compiler/types.ts	createTempVariable
src/compiler/transformers/generators.ts	declareLocal	src/compiler/types.ts	createUniqueName
src/compiler/transformers/generators.ts	endBlock	src/compiler/tracing.ts	pop
src/compiler/transformers/generators.ts	reduceElement	src/compiler/types.ts	createArrayConcatCall
src/compiler/transformers/generators.ts	reduceElement	src/compiler/types.ts	createArrayLiteralExpression
src/compiler/transformers/generators.ts	reduceProperty	src/compiler/types.ts	createExpressionStatement
src/compiler/transformers/generators.ts	reduceProperty	src/compiler/types.ts	inlineExpressions
src/compiler/transformers/generators.ts	substituteExpressionIdentifier	src/compiler/types.ts	cloneNode
src/compiler/transformers/generators.ts	substituteExpressionIdentifier	src/compiler/types.ts	getReferencedValueDeclaration
src/compiler/transformers/generators.ts	transformAndEmitForInStatement	src/compiler/sourcemap.ts	next
src/compiler/transformers/generators.ts	transformAndEmitForInStatement	src/compiler/types.ts	cloneNode
src/compiler/transformers/generators.ts	transformAndEmitForInStatement	src/compiler/types.ts	createArrayLiteralExpression
src/compiler/transformers/generators.ts	transformAndEmitForInStatement	src/compiler/types.ts	createBinaryExpression
src/compiler/transformers/generators.ts	transformAndEmitForInStatement	src/compiler/types.ts	createCallExpression
src/compiler/transformers/generators.ts	transformAndEmitForInStatement	src/compiler/types.ts	createElementAccessExpression
src/compiler/transformers/generators.ts	transformAndEmitForInStatement	src/compiler/types.ts	createExpressionStatement
src/compiler/transformers/generators.ts	transformAndEmitForInStatement	src/compiler/types.ts	createForInStatement
src/compiler/transformers/generators.ts	transformAndEmitForInStatement	src/compiler/types.ts	createLessThan
src/compiler/transformers/generators.ts	transformAndEmitForInStatement	src/compiler/types.ts	createLoopVariable
src/compiler/transformers/generators.ts	transformAndEmitForInStatement	src/compiler/types.ts	createNumericLiteral
src/compiler/transformers/generators.ts	transformAndEmitForInStatement	src/compiler/types.ts	createPostfixIncrement
src/compiler/transformers/generators.ts	transformAndEmitForInStatement	src/compiler/types.ts	createPropertyAccessExpression
src/compiler/transformers/generators.ts	transformAndEmitForInStatement	src/testRunner/parallel/worker.ts	next
src/compiler/transformers/generators.ts	transformAndEmitForStatement	src/compiler/types.ts	createExpressionStatement
src/compiler/transformers/generators.ts	transformAndEmitSwitchStatement	src/compiler/types.ts	createCaseBlock
src/compiler/transformers/generators.ts	transformAndEmitSwitchStatement	src/compiler/types.ts	createCaseClause
src/compiler/transformers/generators.ts	transformAndEmitSwitchStatement	src/compiler/types.ts	createSwitchStatement
src/compiler/transformers/generators.ts	transformAndEmitThrowStatement	src/compiler/types.ts	createVoidZero
src/compiler/transformers/generators.ts	transformAndEmitVariableDeclarationList	src/compiler/sourcemap.ts	next
src/compiler/transformers/generators.ts	transformAndEmitVariableDeclarationList	src/compiler/types.ts	cloneNode
src/compiler/transformers/generators.ts	transformAndEmitVariableDeclarationList	src/compiler/types.ts	createExpressionStatement
src/compiler/transformers/generators.ts	transformAndEmitVariableDeclarationList	src/compiler/types.ts	inlineExpressions
src/compiler/transformers/generators.ts	transformAndEmitVariableDeclarationList	src/testRunner/parallel/worker.ts	next
src/compiler/transformers/generators.ts	transformGeneratorFunctionBody	src/compiler/types.ts	copyPrologue
src/compiler/transformers/generators.ts	transformGeneratorFunctionBody	src/compiler/types.ts	createBlock
src/compiler/transformers/generators.ts	transformGeneratorFunctionBody	src/compiler/types.ts	createReturnStatement
src/compiler/transformers/generators.ts	transformGeneratorFunctionBody	src/compiler/types.ts	createTempVariable
src/compiler/transformers/generators.ts	transformInitializedVariable	src/compiler/types.ts	cloneNode
src/compiler/transformers/generators.ts	transformInitializedVariable	src/compiler/types.ts	createAssignment
src/compiler/transformers/generators.ts	tryEnterOrLeaveBlock	src/compiler/tracing.ts	pop
src/compiler/transformers/generators.ts	updateLabelExpressions	src/compiler/sourcemap.ts	next
src/compiler/transformers/generators.ts	updateLabelExpressions	src/testRunner/parallel/worker.ts	next
src/compiler/transformers/generators.ts	visit	src/compiler/types.ts	createExpressionStatement
src/compiler/transformers/generators.ts	visit	src/compiler/types.ts	inlineExpressions
src/compiler/transformers/generators.ts	visitCallExpression	src/compiler/types.ts	createCallBinding
src/compiler/transformers/generators.ts	visitCallExpression	src/compiler/types.ts	createFunctionApplyCall
src/compiler/transformers/generators.ts	visitCommaExpression	src/compiler/types.ts	inlineExpressions
src/compiler/transformers/generators.ts	visitCommaListExpression	src/compiler/sourcemap.ts	next
src/compiler/transformers/generators.ts	visitCommaListExpression	src/compiler/types.ts	createExpressionStatement
src/compiler/transformers/generators.ts	visitCommaListExpression	src/compiler/types.ts	inlineExpressions
src/compiler/transformers/generators.ts	visitCommaListExpression	src/testRunner/parallel/worker.ts	next
src/compiler/transformers/generators.ts	visitElementAccessExpression	src/compiler/types.ts	updateElementAccessExpression
src/compiler/transformers/generators.ts	visitElements	src/compiler/types.ts	createArrayConcatCall
src/compiler/transformers/generators.ts	visitElements	src/compiler/types.ts	createArrayLiteralExpression
src/compiler/transformers/generators.ts	visitForInStatement	src/compiler/sourcemap.ts	next
src/compiler/transformers/generators.ts	visitForInStatement	src/compiler/types.ts	updateForInStatement
src/compiler/transformers/generators.ts	visitForInStatement	src/testRunner/parallel/worker.ts	next
src/compiler/transformers/generators.ts	visitForStatement	src/compiler/sourcemap.ts	next
src/compiler/transformers/generators.ts	visitForStatement	src/compiler/types.ts	inlineExpressions
src/compiler/transformers/generators.ts	visitForStatement	src/compiler/types.ts	updateForStatement
src/compiler/transformers/generators.ts	visitForStatement	src/testRunner/parallel/worker.ts	next
src/compiler/transformers/generators.ts	visitFunctionDeclaration	src/compiler/types.ts	createFunctionDeclaration
src/compiler/transformers/generators.ts	visitFunctionExpression	src/compiler/types.ts	createFunctionExpression
src/compiler/transformers/generators.ts	visitLeftAssociativeBinaryExpression	src/compiler/types.ts	updateBinaryExpression
src/compiler/transformers/generators.ts	visitNewExpression	src/compiler/types.ts	createCallBinding
src/compiler/transformers/generators.ts	visitNewExpression	src/compiler/types.ts	createFunctionApplyCall
src/compiler/transformers/generators.ts	visitNewExpression	src/compiler/types.ts	createNewExpression
src/compiler/transformers/generators.ts	visitNewExpression	src/compiler/types.ts	createPropertyAccessExpression
src/compiler/transformers/generators.ts	visitNewExpression	src/compiler/types.ts	createVoidZero
src/compiler/transformers/generators.ts	visitObjectLiteralExpression	src/compiler/types.ts	cloneNode
src/compiler/transformers/generators.ts	visitObjectLiteralExpression	src/compiler/types.ts	createObjectLiteralExpression
src/compiler/transformers/generators.ts	visitObjectLiteralExpression	src/compiler/types.ts	inlineExpressions
src/compiler/transformers/generators.ts	visitRightAssociativeBinaryExpression	src/compiler/types.ts	createAssignment
src/compiler/transformers/generators.ts	visitRightAssociativeBinaryExpression	src/compiler/types.ts	createBinaryExpression
src/compiler/transformers/generators.ts	visitRightAssociativeBinaryExpression	src/compiler/types.ts	updateBinaryExpression
src/compiler/transformers/generators.ts	visitRightAssociativeBinaryExpression	src/compiler/types.ts	updateElementAccessExpression
src/compiler/transformers/generators.ts	visitRightAssociativeBinaryExpression	src/compiler/types.ts	updatePropertyAccessExpression
src/compiler/transformers/generators.ts	visitVariableStatement	src/compiler/sourcemap.ts	next
src/compiler/transformers/generators.ts	visitVariableStatement	src/compiler/types.ts	createExpressionStatement
src/compiler/transformers/generators.ts	visitVariableStatement	src/compiler/types.ts	inlineExpressions
src/compiler/transformers/generators.ts	visitVariableStatement	src/testRunner/parallel/worker.ts	next
src/compiler/transformers/generators.ts	writeAssign	src/compiler/types.ts	createAssignment
src/compiler/transformers/generators.ts	writeAssign	src/compiler/types.ts	createExpressionStatement
src/compiler/transformers/generators.ts	writeBreak	src/compiler/types.ts	createArrayLiteralExpression
src/compiler/transformers/generators.ts	writeBreak	src/compiler/types.ts	createReturnStatement
src/compiler/transformers/generators.ts	writeBreakWhenFalse	src/compiler/types.ts	createArrayLiteralExpression
src/compiler/transformers/generators.ts	writeBreakWhenFalse	src/compiler/types.ts	createIfStatement
src/compiler/transformers/generators.ts	writeBreakWhenFalse	src/compiler/types.ts	createLogicalNot
src/compiler/transformers/generators.ts	writeBreakWhenFalse	src/compiler/types.ts	createReturnStatement
src/compiler/transformers/generators.ts	writeBreakWhenTrue	src/compiler/types.ts	createArrayLiteralExpression
src/compiler/transformers/generators.ts	writeBreakWhenTrue	src/compiler/types.ts	createIfStatement
src/compiler/transformers/generators.ts	writeBreakWhenTrue	src/compiler/types.ts	createReturnStatement
src/compiler/transformers/generators.ts	writeEndfinally	src/compiler/types.ts	createArrayLiteralExpression
src/compiler/transformers/generators.ts	writeEndfinally	src/compiler/types.ts	createReturnStatement
src/compiler/transformers/generators.ts	writeReturn	src/compiler/types.ts	createArrayLiteralExpression
src/compiler/transformers/generators.ts	writeReturn	src/compiler/types.ts	createReturnStatement
src/compiler/transformers/generators.ts	writeThrow	src/compiler/types.ts	createThrowStatement
src/compiler/transformers/generators.ts	writeYield	src/compiler/types.ts	createArrayLiteralExpression
src/compiler/transformers/generators.ts	writeYield	src/compiler/types.ts	createReturnStatement
src/compiler/transformers/generators.ts	writeYieldStar	src/compiler/types.ts	createArrayLiteralExpression
src/compiler/transformers/generators.ts	writeYieldStar	src/compiler/types.ts	createReturnStatement
src/compiler/transformers/jsx.ts	<lambda>0	src/compiler/types.ts	createBindingElement
src/compiler/transformers/jsx.ts	convertJsxChildrenToChildrenPropAssignment	src/compiler/types.ts	createArrayLiteralExpression
src/compiler/transformers/jsx.ts	convertJsxChildrenToChildrenPropAssignment	src/compiler/types.ts	createPropertyAssignment
src/compiler/transformers/jsx.ts	convertJsxChildrenToChildrenPropObject	src/compiler/types.ts	createObjectLiteralExpression
src/compiler/transformers/jsx.ts	finishObjectLiteralIfNeeded	src/compiler/types.ts	createObjectLiteralExpression
src/compiler/transformers/jsx.ts	getAttributeName	src/compiler/types.ts	createStringLiteral
src/compiler/transformers/jsx.ts	getCurrentFileNameExpression	src/compiler/types.ts	createStringLiteral
src/compiler/transformers/jsx.ts	getCurrentFileNameExpression	src/compiler/types.ts	createUniqueName
src/compiler/transformers/jsx.ts	getCurrentFileNameExpression	src/compiler/types.ts	createVariableDeclaration
src/compiler/transformers/jsx.ts	getImplicitImportForName	src/compiler/types.ts	createIdentifier
src/compiler/transformers/jsx.ts	getImplicitImportForName	src/compiler/types.ts	createImportSpecifier
src/compiler/transformers/jsx.ts	getImplicitImportForName	src/compiler/types.ts	createUniqueName
src/compiler/transformers/jsx.ts	getTagName	src/compiler/types.ts	createStringLiteral
src/compiler/transformers/jsx.ts	hasKeyAfterPropsSpread	src/compiler/sourcemap.ts	next
src/compiler/transformers/jsx.ts	hasKeyAfterPropsSpread	src/testRunner/parallel/worker.ts	next
src/compiler/transformers/jsx.ts	transformJsxAttributeInitializer	src/compiler/types.ts	createStringLiteral
src/compiler/transformers/jsx.ts	transformJsxAttributeInitializer	src/compiler/types.ts	createTrue
src/compiler/transformers/jsx.ts	transformJsxAttributeToObjectLiteralElement	src/compiler/types.ts	createPropertyAssignment
src/compiler/transformers/jsx.ts	transformJsxAttributesToExpression	src/compiler/sourcemap.ts	next
src/compiler/transformers/jsx.ts	transformJsxAttributesToExpression	src/compiler/types.ts	createObjectLiteralExpression
src/compiler/transformers/jsx.ts	transformJsxAttributesToExpression	src/testRunner/parallel/worker.ts	next
src/compiler/transformers/jsx.ts	transformJsxAttributesToObjectProps	src/compiler/types.ts	createObjectLiteralExpression
src/compiler/transformers/jsx.ts	transformJsxSpreadAttributeToProps	src/compiler/types.ts	createSpreadAssignment
src/compiler/transformers/jsx.ts	transformSourceFile	src/compiler/sourcemap.ts	next
src/compiler/transformers/jsx.ts	transformSourceFile	src/compiler/types.ts	createCallExpression
src/compiler/transformers/jsx.ts	transformSourceFile	src/compiler/types.ts	createIdentifier
src/compiler/transformers/jsx.ts	transformSourceFile	src/compiler/types.ts	createImportClause
src/compiler/transformers/jsx.ts	transformSourceFile	src/compiler/types.ts	createImportDeclaration
src/compiler/transformers/jsx.ts	transformSourceFile	src/compiler/types.ts	createNamedImports
src/compiler/transformers/jsx.ts	transformSourceFile	src/compiler/types.ts	createObjectBindingPattern
src/compiler/transformers/jsx.ts	transformSourceFile	src/compiler/types.ts	createStringLiteral
src/compiler/transformers/jsx.ts	transformSourceFile	src/compiler/types.ts	createVariableDeclaration
src/compiler/transformers/jsx.ts	transformSourceFile	src/compiler/types.ts	createVariableDeclarationList
src/compiler/transformers/jsx.ts	transformSourceFile	src/compiler/types.ts	createVariableStatement
src/compiler/transformers/jsx.ts	transformSourceFile	src/compiler/types.ts	updateSourceFile
src/compiler/transformers/jsx.ts	transformSourceFile	src/testRunner/parallel/worker.ts	next
src/compiler/transformers/jsx.ts	visitJsxExpression	src/compiler/types.ts	createSpreadElement
src/compiler/transformers/jsx.ts	visitJsxOpeningFragmentJSX	src/compiler/types.ts	createObjectLiteralExpression
src/compiler/transformers/jsx.ts	visitJsxOpeningLikeElementCreateElement	src/compiler/types.ts	createNull
src/compiler/transformers/jsx.ts	visitJsxOpeningLikeElementJSX	src/compiler/types.ts	createObjectLiteralExpression
src/compiler/transformers/jsx.ts	visitJsxOpeningLikeElementOrFragmentJSX	src/compiler/types.ts	createCallExpression
src/compiler/transformers/jsx.ts	visitJsxOpeningLikeElementOrFragmentJSX	src/compiler/types.ts	createFalse
src/compiler/transformers/jsx.ts	visitJsxOpeningLikeElementOrFragmentJSX	src/compiler/types.ts	createNumericLiteral
src/compiler/transformers/jsx.ts	visitJsxOpeningLikeElementOrFragmentJSX	src/compiler/types.ts	createObjectLiteralExpression
src/compiler/transformers/jsx.ts	visitJsxOpeningLikeElementOrFragmentJSX	src/compiler/types.ts	createPropertyAssignment
src/compiler/transformers/jsx.ts	visitJsxOpeningLikeElementOrFragmentJSX	src/compiler/types.ts	createThis
src/compiler/transformers/jsx.ts	visitJsxOpeningLikeElementOrFragmentJSX	src/compiler/types.ts	createTrue
src/compiler/transformers/jsx.ts	visitJsxOpeningLikeElementOrFragmentJSX	src/compiler/types.ts	createVoidZero
src/compiler/transformers/jsx.ts	visitJsxText	src/compiler/types.ts	createStringLiteral
src/compiler/transformers/legacyDecorators.ts	<lambda>2	src/compiler/types.ts	createExpressionStatement
src/compiler/transformers/legacyDecorators.ts	addConstructorDecorationStatement	src/compiler/types.ts	createExpressionStatement
src/compiler/transformers/legacyDecorators.ts	generateClassElementDecorationExpression	src/compiler/types.ts	createNull
src/compiler/transformers/legacyDecorators.ts	generateClassElementDecorationExpression	src/compiler/types.ts	createVoidZero
src/compiler/transformers/legacyDecorators.ts	generateClassElementDecorationExpressions	src/compiler/sourcemap.ts	next
src/compiler/transformers/legacyDecorators.ts	generateClassElementDecorationExpressions	src/testRunner/parallel/worker.ts	next
src/compiler/transformers/legacyDecorators.ts	generateConstructorDecorationExpression	src/compiler/types.ts	createAssignment
src/compiler/transformers/legacyDecorators.ts	generateConstructorDecorationExpression	src/compiler/types.ts	getDeclarationName
src/compiler/transformers/legacyDecorators.ts	generateConstructorDecorationExpression	src/compiler/types.ts	getInternalName
src/compiler/transformers/legacyDecorators.ts	getClassAliasIfNeeded	src/compiler/types.ts	createUniqueName
src/compiler/transformers/legacyDecorators.ts	getClassAliasIfNeeded	src/compiler/types.ts	hasNodeCheckFlag
src/compiler/transformers/legacyDecorators.ts	getClassMemberPrefix	src/compiler/types.ts	getDeclarationName
src/compiler/transformers/legacyDecorators.ts	getClassPrototype	src/compiler/types.ts	createPropertyAccessExpression
src/compiler/transformers/legacyDecorators.ts	getClassPrototype	src/compiler/types.ts	getDeclarationName
src/compiler/transformers/legacyDecorators.ts	getExpressionForPropertyName	src/compiler/types.ts	cloneNode
src/compiler/transformers/legacyDecorators.ts	getExpressionForPropertyName	src/compiler/types.ts	createIdentifier
src/compiler/transformers/legacyDecorators.ts	getExpressionForPropertyName	src/compiler/types.ts	createStringLiteral
src/compiler/transformers/legacyDecorators.ts	getExpressionForPropertyName	src/compiler/types.ts	getGeneratedNameForNode
src/compiler/transformers/legacyDecorators.ts	hasClassElementWithDecoratorContainingPrivateIdentifierInExpression	src/compiler/sourcemap.ts	next
src/compiler/transformers/legacyDecorators.ts	hasClassElementWithDecoratorContainingPrivateIdentifierInExpression	src/testRunner/parallel/worker.ts	next
src/compiler/transformers/legacyDecorators.ts	transformClassDeclarationWithClassDecorators	src/compiler/types.ts	createAssignment
src/compiler/transformers/legacyDecorators.ts	transformClassDeclarationWithClassDecorators	src/compiler/types.ts	createBlock
src/compiler/transformers/legacyDecorators.ts	transformClassDeclarationWithClassDecorators	src/compiler/types.ts	createClassExpression
src/compiler/transformers/legacyDecorators.ts	transformClassDeclarationWithClassDecorators	src/compiler/types.ts	createClassStaticBlockDeclaration
src/compiler/transformers/legacyDecorators.ts	transformClassDeclarationWithClassDecorators	src/compiler/types.ts	createExportDefault
src/compiler/transformers/legacyDecorators.ts	transformClassDeclarationWithClassDecorators	src/compiler/types.ts	createExpressionStatement
src/compiler/transformers/legacyDecorators.ts	transformClassDeclarationWithClassDecorators	src/compiler/types.ts	createExternalModuleExport
src/compiler/transformers/legacyDecorators.ts	transformClassDeclarationWithClassDecorators	src/compiler/types.ts	createNodeArray
src/compiler/transformers/legacyDecorators.ts	transformClassDeclarationWithClassDecorators	src/compiler/types.ts	createThis
src/compiler/transformers/legacyDecorators.ts	transformClassDeclarationWithClassDecorators	src/compiler/types.ts	createVariableDeclaration
src/compiler/transformers/legacyDecorators.ts	transformClassDeclarationWithClassDecorators	src/compiler/types.ts	createVariableDeclarationList
src/compiler/transformers/legacyDecorators.ts	transformClassDeclarationWithClassDecorators	src/compiler/types.ts	createVariableStatement
src/compiler/transformers/legacyDecorators.ts	transformClassDeclarationWithClassDecorators	src/compiler/types.ts	getDeclarationName
src/compiler/transformers/legacyDecorators.ts	transformClassDeclarationWithClassDecorators	src/compiler/types.ts	getInternalName
src/compiler/transformers/legacyDecorators.ts	transformClassDeclarationWithClassDecorators	src/compiler/types.ts	getLocalName
src/compiler/transformers/legacyDecorators.ts	transformClassDeclarationWithoutClassDecorators	src/compiler/types.ts	updateClassDeclaration
src/compiler/transformers/legacyDecorators.ts	transformDecoratorsOfClassElements	src/compiler/types.ts	createBlock
src/compiler/transformers/legacyDecorators.ts	transformDecoratorsOfClassElements	src/compiler/types.ts	createClassStaticBlockDeclaration
src/compiler/transformers/legacyDecorators.ts	transformDecoratorsOfClassElements	src/compiler/types.ts	createNodeArray
src/compiler/transformers/legacyDecorators.ts	transformDecoratorsOfParameter	src/compiler/sourcemap.ts	next
src/compiler/transformers/legacyDecorators.ts	transformDecoratorsOfParameter	src/testRunner/parallel/worker.ts	next
src/compiler/transformers/legacyDecorators.ts	trySubstituteClassAlias	src/compiler/types.ts	cloneNode
src/compiler/transformers/legacyDecorators.ts	trySubstituteClassAlias	src/compiler/types.ts	getReferencedValueDeclaration
src/compiler/transformers/legacyDecorators.ts	trySubstituteClassAlias	src/compiler/types.ts	hasNodeCheckFlag
src/compiler/transformers/legacyDecorators.ts	visitClassExpression	src/compiler/types.ts	updateClassExpression
src/compiler/transformers/legacyDecorators.ts	visitConstructorDeclaration	src/compiler/types.ts	updateConstructorDeclaration
src/compiler/transformers/legacyDecorators.ts	visitGetAccessorDeclaration	src/compiler/types.ts	updateGetAccessorDeclaration
src/compiler/transformers/legacyDecorators.ts	visitMethodDeclaration	src/compiler/types.ts	updateMethodDeclaration
src/compiler/transformers/legacyDecorators.ts	visitParameterDeclaration	src/compiler/types.ts	updateParameterDeclaration
src/compiler/transformers/legacyDecorators.ts	visitPropertyDeclaration	src/compiler/types.ts	updatePropertyDeclaration
src/compiler/transformers/legacyDecorators.ts	visitSetAccessorDeclaration	src/compiler/types.ts	updateSetAccessorDeclaration
src/compiler/transformers/module/esnextAnd2015.ts	appendExportsOfImportEqualsDeclaration	src/compiler/types.ts	createExportDeclaration
src/compiler/transformers/module/esnextAnd2015.ts	appendExportsOfImportEqualsDeclaration	src/compiler/types.ts	createExportSpecifier
src/compiler/transformers/module/esnextAnd2015.ts	appendExportsOfImportEqualsDeclaration	src/compiler/types.ts	createNamedExports
src/compiler/transformers/module/esnextAnd2015.ts	createRequireCall	src/compiler/types.ts	cloneNode
src/compiler/transformers/module/esnextAnd2015.ts	createRequireCall	src/compiler/types.ts	createCallExpression
src/compiler/transformers/module/esnextAnd2015.ts	createRequireCall	src/compiler/types.ts	createIdentifier
src/compiler/transformers/module/esnextAnd2015.ts	createRequireCall	src/compiler/types.ts	createImportClause
src/compiler/transformers/module/esnextAnd2015.ts	createRequireCall	src/compiler/types.ts	createImportDeclaration
src/compiler/transformers/module/esnextAnd2015.ts	createRequireCall	src/compiler/types.ts	createImportSpecifier
src/compiler/transformers/module/esnextAnd2015.ts	createRequireCall	src/compiler/types.ts	createMetaProperty
src/compiler/transformers/module/esnextAnd2015.ts	createRequireCall	src/compiler/types.ts	createNamedImports
src/compiler/transformers/module/esnextAnd2015.ts	createRequireCall	src/compiler/types.ts	createPropertyAccessExpression
src/compiler/transformers/module/esnextAnd2015.ts	createRequireCall	src/compiler/types.ts	createStringLiteral
src/compiler/transformers/module/esnextAnd2015.ts	createRequireCall	src/compiler/types.ts	createUniqueName
src/compiler/transformers/module/esnextAnd2015.ts	createRequireCall	src/compiler/types.ts	createVariableDeclaration
src/compiler/transformers/module/esnextAnd2015.ts	createRequireCall	src/compiler/types.ts	createVariableDeclarationList
src/compiler/transformers/module/esnextAnd2015.ts	createRequireCall	src/compiler/types.ts	createVariableStatement
src/compiler/transformers/module/esnextAnd2015.ts	substituteHelperName	src/compiler/types.ts	createPropertyAccessExpression
src/compiler/transformers/module/esnextAnd2015.ts	substituteHelperName	src/compiler/types.ts	createUniqueName
src/compiler/transformers/module/esnextAnd2015.ts	transformSourceFile	src/compiler/types.ts	createNodeArray
src/compiler/transformers/module/esnextAnd2015.ts	transformSourceFile	src/compiler/types.ts	updateSourceFile
src/compiler/transformers/module/esnextAnd2015.ts	updateExternalModule	src/compiler/types.ts	copyPrologue
src/compiler/transformers/module/esnextAnd2015.ts	updateExternalModule	src/compiler/types.ts	createNodeArray
src/compiler/transformers/module/esnextAnd2015.ts	updateExternalModule	src/compiler/types.ts	updateSourceFile
src/compiler/transformers/module/esnextAnd2015.ts	visitExportAssignment	src/compiler/types.ts	createAssignment
src/compiler/transformers/module/esnextAnd2015.ts	visitExportAssignment	src/compiler/types.ts	createExpressionStatement
src/compiler/transformers/module/esnextAnd2015.ts	visitExportAssignment	src/compiler/types.ts	createIdentifier
src/compiler/transformers/module/esnextAnd2015.ts	visitExportAssignment	src/compiler/types.ts	createPropertyAccessExpression
src/compiler/transformers/module/esnextAnd2015.ts	visitExportDeclaration	src/compiler/types.ts	createExportDeclaration
src/compiler/transformers/module/esnextAnd2015.ts	visitExportDeclaration	src/compiler/types.ts	createExportDefault
src/compiler/transformers/module/esnextAnd2015.ts	visitExportDeclaration	src/compiler/types.ts	createExportSpecifier
src/compiler/transformers/module/esnextAnd2015.ts	visitExportDeclaration	src/compiler/types.ts	createImportClause
src/compiler/transformers/module/esnextAnd2015.ts	visitExportDeclaration	src/compiler/types.ts	createImportDeclaration
src/compiler/transformers/module/esnextAnd2015.ts	visitExportDeclaration	src/compiler/types.ts	createNamedExports
src/compiler/transformers/module/esnextAnd2015.ts	visitExportDeclaration	src/compiler/types.ts	createNamespaceImport
src/compiler/transformers/module/esnextAnd2015.ts	visitExportDeclaration	src/compiler/types.ts	getGeneratedNameForNode
src/compiler/transformers/module/esnextAnd2015.ts	visitExportDeclaration	src/compiler/types.ts	updateExportDeclaration
src/compiler/transformers/module/esnextAnd2015.ts	visitImportDeclaration	src/compiler/types.ts	updateImportDeclaration
src/compiler/transformers/module/esnextAnd2015.ts	visitImportEqualsDeclaration	src/compiler/types.ts	cloneNode
src/compiler/transformers/module/esnextAnd2015.ts	visitImportEqualsDeclaration	src/compiler/types.ts	createVariableDeclaration
src/compiler/transformers/module/esnextAnd2015.ts	visitImportEqualsDeclaration	src/compiler/types.ts	createVariableDeclarationList
src/compiler/transformers/module/esnextAnd2015.ts	visitImportEqualsDeclaration	src/compiler/types.ts	createVariableStatement
src/compiler/transformers/module/esnextAnd2015.ts	visitImportOrRequireCall	src/compiler/types.ts	updateCallExpression
src/compiler/transformers/module/module.ts	<lambda>1	src/compiler/types.ts	createAssignment
src/compiler/transformers/module/module.ts	<lambda>1	src/compiler/types.ts	createElementAccessExpression
src/compiler/transformers/module/module.ts	<lambda>1	src/compiler/types.ts	createIdentifier
src/compiler/transformers/module/module.ts	<lambda>1	src/compiler/types.ts	createPropertyAccessExpression
src/compiler/transformers/module/module.ts	<lambda>1	src/compiler/types.ts	createStringLiteral
src/compiler/transformers/module/module.ts	<lambda>2	src/compiler/types.ts	createAssignment
src/compiler/transformers/module/module.ts	<lambda>2	src/compiler/types.ts	createElementAccessExpression
src/compiler/transformers/module/module.ts	<lambda>2	src/compiler/types.ts	createIdentifier
src/compiler/transformers/module/module.ts	<lambda>2	src/compiler/types.ts	createPropertyAccessExpression
src/compiler/transformers/module/module.ts	<lambda>2	src/compiler/types.ts	createStringLiteral
src/compiler/transformers/module/module.ts	addExportEqualsIfNeeded	src/compiler/types.ts	createAssignment
src/compiler/transformers/module/module.ts	addExportEqualsIfNeeded	src/compiler/types.ts	createExpressionStatement
src/compiler/transformers/module/module.ts	addExportEqualsIfNeeded	src/compiler/types.ts	createIdentifier
src/compiler/transformers/module/module.ts	addExportEqualsIfNeeded	src/compiler/types.ts	createPropertyAccessExpression
src/compiler/transformers/module/module.ts	addExportEqualsIfNeeded	src/compiler/types.ts	createReturnStatement
src/compiler/transformers/module/module.ts	appendExportsOfBindingElement	src/compiler/sourcemap.ts	next
src/compiler/transformers/module/module.ts	appendExportsOfBindingElement	src/testRunner/parallel/worker.ts	next
src/compiler/transformers/module/module.ts	appendExportsOfDeclaration	src/compiler/sourcemap.ts	next
src/compiler/transformers/module/module.ts	appendExportsOfDeclaration	src/compiler/types.ts	getDeclarationName
src/compiler/transformers/module/module.ts	appendExportsOfDeclaration	src/testRunner/parallel/worker.ts	next
src/compiler/transformers/module/module.ts	appendExportsOfHoistedDeclaration	src/compiler/types.ts	createIdentifier
src/compiler/transformers/module/module.ts	appendExportsOfHoistedDeclaration	src/compiler/types.ts	getDeclarationName
src/compiler/transformers/module/module.ts	appendExportsOfHoistedDeclaration	src/compiler/types.ts	getLocalName
src/compiler/transformers/module/module.ts	appendExportsOfImportDeclaration	src/compiler/sourcemap.ts	next
src/compiler/transformers/module/module.ts	appendExportsOfImportDeclaration	src/testRunner/parallel/worker.ts	next
src/compiler/transformers/module/module.ts	appendExportsOfVariableDeclarationList	src/compiler/sourcemap.ts	next
src/compiler/transformers/module/module.ts	appendExportsOfVariableDeclarationList	src/testRunner/parallel/worker.ts	next
src/compiler/transformers/module/module.ts	collectAsynchronousDependencies	src/compiler/sourcemap.ts	next
src/compiler/transformers/module/module.ts	collectAsynchronousDependencies	src/compiler/types.ts	createParameterDeclaration
src/compiler/transformers/module/module.ts	collectAsynchronousDependencies	src/compiler/types.ts	createStringLiteral
src/compiler/transformers/module/module.ts	collectAsynchronousDependencies	src/testRunner/parallel/worker.ts	next
src/compiler/transformers/module/module.ts	createAllExportExpressions	src/compiler/sourcemap.ts	next
src/compiler/transformers/module/module.ts	createAllExportExpressions	src/compiler/types.ts	createAssignment
src/compiler/transformers/module/module.ts	createAllExportExpressions	src/testRunner/parallel/worker.ts	next
src/compiler/transformers/module/module.ts	createExportExpression	src/compiler/types.ts	cloneNode
src/compiler/transformers/module/module.ts	createExportExpression	src/compiler/types.ts	createAssignment
src/compiler/transformers/module/module.ts	createExportExpression	src/compiler/types.ts	createBlock
src/compiler/transformers/module/module.ts	createExportExpression	src/compiler/types.ts	createCallExpression
src/compiler/transformers/module/module.ts	createExportExpression	src/compiler/types.ts	createElementAccessExpression
src/compiler/transformers/module/module.ts	createExportExpression	src/compiler/types.ts	createFunctionExpression
src/compiler/transformers/module/module.ts	createExportExpression	src/compiler/types.ts	createIdentifier
src/compiler/transformers/module/module.ts	createExportExpression	src/compiler/types.ts	createObjectLiteralExpression
src/compiler/transformers/module/module.ts	createExportExpression	src/compiler/types.ts	createPropertyAccessExpression
src/compiler/transformers/module/module.ts	createExportExpression	src/compiler/types.ts	createPropertyAssignment
src/compiler/transformers/module/module.ts	createExportExpression	src/compiler/types.ts	createReturnStatement
src/compiler/transformers/module/module.ts	createExportExpression	src/compiler/types.ts	createStringLiteralFromNode
src/compiler/transformers/module/module.ts	createExportExpression	src/compiler/types.ts	createTrue
src/compiler/transformers/module/module.ts	createExportStatement	src/compiler/types.ts	createExpressionStatement
src/compiler/transformers/module/module.ts	createImportCallExpressionAMD	src/compiler/types.ts	createArrayLiteralExpression
src/compiler/transformers/module/module.ts	createImportCallExpressionAMD	src/compiler/types.ts	createArrowFunction
src/compiler/transformers/module/module.ts	createImportCallExpressionAMD	src/compiler/types.ts	createBlock
src/compiler/transformers/module/module.ts	createImportCallExpressionAMD	src/compiler/types.ts	createCallExpression
src/compiler/transformers/module/module.ts	createImportCallExpressionAMD	src/compiler/types.ts	createExpressionStatement
src/compiler/transformers/module/module.ts	createImportCallExpressionAMD	src/compiler/types.ts	createFunctionExpression
src/compiler/transformers/module/module.ts	createImportCallExpressionAMD	src/compiler/types.ts	createIdentifier
src/compiler/transformers/module/module.ts	createImportCallExpressionAMD	src/compiler/types.ts	createNewExpression
src/compiler/transformers/module/module.ts	createImportCallExpressionAMD	src/compiler/types.ts	createOmittedExpression
src/compiler/transformers/module/module.ts	createImportCallExpressionAMD	src/compiler/types.ts	createParameterDeclaration
src/compiler/transformers/module/module.ts	createImportCallExpressionAMD	src/compiler/types.ts	createPropertyAccessExpression
src/compiler/transformers/module/module.ts	createImportCallExpressionAMD	src/compiler/types.ts	createUniqueName
src/compiler/transformers/module/module.ts	createImportCallExpressionCommonJS	src/compiler/types.ts	createArrowFunction
src/compiler/transformers/module/module.ts	createImportCallExpressionCommonJS	src/compiler/types.ts	createBlock
src/compiler/transformers/module/module.ts	createImportCallExpressionCommonJS	src/compiler/types.ts	createCallExpression
src/compiler/transformers/module/module.ts	createImportCallExpressionCommonJS	src/compiler/types.ts	createFunctionExpression
src/compiler/transformers/module/module.ts	createImportCallExpressionCommonJS	src/compiler/types.ts	createIdentifier
src/compiler/transformers/module/module.ts	createImportCallExpressionCommonJS	src/compiler/types.ts	createParameterDeclaration
src/compiler/transformers/module/module.ts	createImportCallExpressionCommonJS	src/compiler/types.ts	createPropertyAccessExpression
src/compiler/transformers/module/module.ts	createImportCallExpressionCommonJS	src/compiler/types.ts	createReturnStatement
src/compiler/transformers/module/module.ts	createImportCallExpressionCommonJS	src/compiler/types.ts	createStringLiteral
src/compiler/transformers/module/module.ts	createImportCallExpressionCommonJS	src/compiler/types.ts	createTemplateExpression
src/compiler/transformers/module/module.ts	createImportCallExpressionCommonJS	src/compiler/types.ts	createTemplateHead
src/compiler/transformers/module/module.ts	createImportCallExpressionCommonJS	src/compiler/types.ts	createTemplateSpan
src/compiler/transformers/module/module.ts	createImportCallExpressionCommonJS	src/compiler/types.ts	createTemplateTail
src/compiler/transformers/module/module.ts	createImportCallExpressionUMD	src/compiler/types.ts	cloneNode
src/compiler/transformers/module/module.ts	createImportCallExpressionUMD	src/compiler/types.ts	createAssignment
src/compiler/transformers/module/module.ts	createImportCallExpressionUMD	src/compiler/types.ts	createComma
src/compiler/transformers/module/module.ts	createImportCallExpressionUMD	src/compiler/types.ts	createConditionalExpression
src/compiler/transformers/module/module.ts	createImportCallExpressionUMD	src/compiler/types.ts	createIdentifier
src/compiler/transformers/module/module.ts	createImportCallExpressionUMD	src/compiler/types.ts	createStringLiteralFromNode
src/compiler/transformers/module/module.ts	createImportCallExpressionUMD	src/compiler/types.ts	createTempVariable
src/compiler/transformers/module/module.ts	createRequireCall	src/compiler/types.ts	createCallExpression
src/compiler/transformers/module/module.ts	createRequireCall	src/compiler/types.ts	createIdentifier
src/compiler/transformers/module/module.ts	createUnderscoreUnderscoreESModule	src/compiler/types.ts	createCallExpression
src/compiler/transformers/module/module.ts	createUnderscoreUnderscoreESModule	src/compiler/types.ts	createExpressionStatement
src/compiler/transformers/module/module.ts	createUnderscoreUnderscoreESModule	src/compiler/types.ts	createIdentifier
src/compiler/transformers/module/module.ts	createUnderscoreUnderscoreESModule	src/compiler/types.ts	createObjectLiteralExpression
src/compiler/transformers/module/module.ts	createUnderscoreUnderscoreESModule	src/compiler/types.ts	createPropertyAccessExpression
src/compiler/transformers/module/module.ts	createUnderscoreUnderscoreESModule	src/compiler/types.ts	createPropertyAssignment
src/compiler/transformers/module/module.ts	createUnderscoreUnderscoreESModule	src/compiler/types.ts	createStringLiteral
src/compiler/transformers/module/module.ts	createUnderscoreUnderscoreESModule	src/compiler/types.ts	createTrue
src/compiler/transformers/module/module.ts	destructuringNeedsFlattening	src/compiler/sourcemap.ts	next
src/compiler/transformers/module/module.ts	destructuringNeedsFlattening	src/testRunner/parallel/worker.ts	next
src/compiler/transformers/module/module.ts	getAMDImportExpressionForImport	src/compiler/types.ts	createAssignment
src/compiler/transformers/module/module.ts	getAMDImportExpressionForImport	src/compiler/types.ts	createExpressionStatement
src/compiler/transformers/module/module.ts	getExports	src/compiler/sourcemap.ts	next
src/compiler/transformers/module/module.ts	getExports	src/compiler/types.ts	getReferencedImportDeclaration
src/compiler/transformers/module/module.ts	getExports	src/compiler/types.ts	getReferencedValueDeclarations
src/compiler/transformers/module/module.ts	getExports	src/testRunner/parallel/worker.ts	next
src/compiler/transformers/module/module.ts	shimOrRewriteImportOrRequireCall	src/compiler/types.ts	updateCallExpression
src/compiler/transformers/module/module.ts	substituteBinaryExpression	src/compiler/sourcemap.ts	next
src/compiler/transformers/module/module.ts	substituteBinaryExpression	src/testRunner/parallel/worker.ts	next
src/compiler/transformers/module/module.ts	substituteCallExpression	src/compiler/types.ts	updateCallExpression
src/compiler/transformers/module/module.ts	substituteExpressionIdentifier	src/compiler/types.ts	cloneNode
src/compiler/transformers/module/module.ts	substituteExpressionIdentifier	src/compiler/types.ts	createElementAccessExpression
src/compiler/transformers/module/module.ts	substituteExpressionIdentifier	src/compiler/types.ts	createIdentifier
src/compiler/transformers/module/module.ts	substituteExpressionIdentifier	src/compiler/types.ts	createPropertyAccessExpression
src/compiler/transformers/module/module.ts	substituteExpressionIdentifier	src/compiler/types.ts	getGeneratedNameForNode
src/compiler/transformers/module/module.ts	substituteExpressionIdentifier	src/compiler/types.ts	getReferencedExportContainer
src/compiler/transformers/module/module.ts	substituteExpressionIdentifier	src/compiler/types.ts	getReferencedImportDeclaration
src/compiler/transformers/module/module.ts	substituteShorthandPropertyAssignment	src/compiler/types.ts	createAssignment
src/compiler/transformers/module/module.ts	substituteShorthandPropertyAssignment	src/compiler/types.ts	createPropertyAssignment
src/compiler/transformers/module/module.ts	substituteTaggedTemplateExpression	src/compiler/types.ts	updateTaggedTemplateExpression
src/compiler/transformers/module/module.ts	transformAMDModule	src/compiler/types.ts	createArrayLiteralExpression
src/compiler/transformers/module/module.ts	transformAMDModule	src/compiler/types.ts	createCallExpression
src/compiler/transformers/module/module.ts	transformAMDModule	src/compiler/types.ts	createExpressionStatement
src/compiler/transformers/module/module.ts	transformAMDModule	src/compiler/types.ts	createFunctionExpression
src/compiler/transformers/module/module.ts	transformAMDModule	src/compiler/types.ts	createIdentifier
src/compiler/transformers/module/module.ts	transformAMDModule	src/compiler/types.ts	createNodeArray
src/compiler/transformers/module/module.ts	transformAMDModule	src/compiler/types.ts	createObjectLiteralExpression
src/compiler/transformers/module/module.ts	transformAMDModule	src/compiler/types.ts	createParameterDeclaration
src/compiler/transformers/module/module.ts	transformAMDModule	src/compiler/types.ts	createStringLiteral
src/compiler/transformers/module/module.ts	transformAMDModule	src/compiler/types.ts	updateSourceFile
src/compiler/transformers/module/module.ts	transformAsynchronousModuleBody	src/compiler/sourcemap.ts	next
src/compiler/transformers/module/module.ts	transformAsynchronousModuleBody	src/compiler/types.ts	copyPrologue
src/compiler/transformers/module/module.ts	transformAsynchronousModuleBody	src/compiler/types.ts	createBlock
src/compiler/transformers/module/module.ts	transformAsynchronousModuleBody	src/compiler/types.ts	createExpressionStatement
src/compiler/transformers/module/module.ts	transformAsynchronousModuleBody	src/compiler/types.ts	createVoidZero
src/compiler/transformers/module/module.ts	transformAsynchronousModuleBody	src/testRunner/parallel/worker.ts	next
src/compiler/transformers/module/module.ts	transformCommonJSModule	src/compiler/sourcemap.ts	next
src/compiler/transformers/module/module.ts	transformCommonJSModule	src/compiler/types.ts	copyPrologue
src/compiler/transformers/module/module.ts	transformCommonJSModule	src/compiler/types.ts	createExpressionStatement
src/compiler/transformers/module/module.ts	transformCommonJSModule	src/compiler/types.ts	createNodeArray
src/compiler/transformers/module/module.ts	transformCommonJSModule	src/compiler/types.ts	createVoidZero
src/compiler/transformers/module/module.ts	transformCommonJSModule	src/compiler/types.ts	updateSourceFile
src/compiler/transformers/module/module.ts	transformCommonJSModule	src/testRunner/parallel/worker.ts	next
src/compiler/transformers/module/module.ts	transformInitializedVariable	src/compiler/types.ts	createAssignment
src/compiler/transformers/module/module.ts	transformInitializedVariable	src/compiler/types.ts	createIdentifier
src/compiler/transformers/module/module.ts	transformInitializedVariable	src/compiler/types.ts	createPropertyAccessExpression
src/compiler/transformers/module/module.ts	transformInitializedVariable	src/compiler/types.ts	createVoidZero
src/compiler/transformers/module/module.ts	transformUMDModule	src/compiler/types.ts	createArrayLiteralExpression
src/compiler/transformers/module/module.ts	transformUMDModule	src/compiler/types.ts	createAssignment
src/compiler/transformers/module/module.ts	transformUMDModule	src/compiler/types.ts	createBlock
src/compiler/transformers/module/module.ts	transformUMDModule	src/compiler/types.ts	createCallExpression
src/compiler/transformers/module/module.ts	transformUMDModule	src/compiler/types.ts	createExpressionStatement
src/compiler/transformers/module/module.ts	transformUMDModule	src/compiler/types.ts	createFunctionExpression
src/compiler/transformers/module/module.ts	transformUMDModule	src/compiler/types.ts	createIdentifier
src/compiler/transformers/module/module.ts	transformUMDModule	src/compiler/types.ts	createIfStatement
src/compiler/transformers/module/module.ts	transformUMDModule	src/compiler/types.ts	createLogicalAnd
src/compiler/transformers/module/module.ts	transformUMDModule	src/compiler/types.ts	createNodeArray
src/compiler/transformers/module/module.ts	transformUMDModule	src/compiler/types.ts	createParameterDeclaration
src/compiler/transformers/module/module.ts	transformUMDModule	src/compiler/types.ts	createPropertyAccessExpression
src/compiler/transformers/module/module.ts	transformUMDModule	src/compiler/types.ts	createStrictInequality
src/compiler/transformers/module/module.ts	transformUMDModule	src/compiler/types.ts	createStringLiteral
src/compiler/transformers/module/module.ts	transformUMDModule	src/compiler/types.ts	createTypeCheck
src/compiler/transformers/module/module.ts	transformUMDModule	src/compiler/types.ts	createVariableDeclaration
src/compiler/transformers/module/module.ts	transformUMDModule	src/compiler/types.ts	createVariableStatement
src/compiler/transformers/module/module.ts	transformUMDModule	src/compiler/types.ts	updateSourceFile
src/compiler/transformers/module/module.ts	visitCaseBlock	src/compiler/types.ts	updateCaseBlock
src/compiler/transformers/module/module.ts	visitCaseClause	src/compiler/types.ts	updateCaseClause
src/compiler/transformers/module/module.ts	visitCatchClause	src/compiler/types.ts	updateCatchClause
src/compiler/transformers/module/module.ts	visitClassDeclaration	src/compiler/types.ts	createClassDeclaration
src/compiler/transformers/module/module.ts	visitClassDeclaration	src/compiler/types.ts	getDeclarationName
src/compiler/transformers/module/module.ts	visitDoStatement	src/compiler/types.ts	updateDoStatement
src/compiler/transformers/module/module.ts	visitExpressionStatement	src/compiler/types.ts	updateExpressionStatement
src/compiler/transformers/module/module.ts	visitForInStatement	src/compiler/types.ts	createBlock
src/compiler/transformers/module/module.ts	visitForInStatement	src/compiler/types.ts	updateBlock
src/compiler/transformers/module/module.ts	visitForInStatement	src/compiler/types.ts	updateForInStatement
src/compiler/transformers/module/module.ts	visitForOfStatement	src/compiler/types.ts	createBlock
src/compiler/transformers/module/module.ts	visitForOfStatement	src/compiler/types.ts	updateBlock
src/compiler/transformers/module/module.ts	visitForOfStatement	src/compiler/types.ts	updateForOfStatement
src/compiler/transformers/module/module.ts	visitForStatement	src/compiler/types.ts	createVariableStatement
src/compiler/transformers/module/module.ts	visitForStatement	src/compiler/types.ts	updateForStatement
src/compiler/transformers/module/module.ts	visitFunctionDeclaration	src/compiler/types.ts	createFunctionDeclaration
src/compiler/transformers/module/module.ts	visitFunctionDeclaration	src/compiler/types.ts	getDeclarationName
src/compiler/transformers/module/module.ts	visitIfStatement	src/compiler/types.ts	createBlock
src/compiler/transformers/module/module.ts	visitIfStatement	src/compiler/types.ts	updateIfStatement
src/compiler/transformers/module/module.ts	visitImportCallExpression	src/compiler/types.ts	createVoidZero
src/compiler/transformers/module/module.ts	visitLabeledStatement	src/compiler/types.ts	createEmptyStatement
src/compiler/transformers/module/module.ts	visitLabeledStatement	src/compiler/types.ts	updateLabeledStatement
src/compiler/transformers/module/module.ts	visitParenthesizedExpression	src/compiler/types.ts	updateParenthesizedExpression
src/compiler/transformers/module/module.ts	visitPartiallyEmittedExpression	src/compiler/types.ts	updatePartiallyEmittedExpression
src/compiler/transformers/module/module.ts	visitPreOrPostfixUnaryExpression	src/compiler/sourcemap.ts	next
src/compiler/transformers/module/module.ts	visitPreOrPostfixUnaryExpression	src/compiler/types.ts	cloneNode
src/compiler/transformers/module/module.ts	visitPreOrPostfixUnaryExpression	src/compiler/types.ts	createAssignment
src/compiler/transformers/module/module.ts	visitPreOrPostfixUnaryExpression	src/compiler/types.ts	createComma
src/compiler/transformers/module/module.ts	visitPreOrPostfixUnaryExpression	src/compiler/types.ts	createTempVariable
src/compiler/transformers/module/module.ts	visitPreOrPostfixUnaryExpression	src/compiler/types.ts	updatePostfixUnaryExpression
src/compiler/transformers/module/module.ts	visitPreOrPostfixUnaryExpression	src/compiler/types.ts	updatePrefixUnaryExpression
src/compiler/transformers/module/module.ts	visitPreOrPostfixUnaryExpression	src/testRunner/parallel/worker.ts	next
src/compiler/transformers/module/module.ts	visitSwitchStatement	src/compiler/types.ts	updateSwitchStatement
src/compiler/transformers/module/module.ts	visitTopLevelExportAssignment	src/compiler/types.ts	createIdentifier
src/compiler/transformers/module/module.ts	visitTopLevelExportDeclaration	src/compiler/sourcemap.ts	next
src/compiler/transformers/module/module.ts	visitTopLevelExportDeclaration	src/compiler/types.ts	cloneNode
src/compiler/transformers/module/module.ts	visitTopLevelExportDeclaration	src/compiler/types.ts	createElementAccessExpression
src/compiler/transformers/module/module.ts	visitTopLevelExportDeclaration	src/compiler/types.ts	createExpressionStatement
src/compiler/transformers/module/module.ts	visitTopLevelExportDeclaration	src/compiler/types.ts	createIdentifier
src/compiler/transformers/module/module.ts	visitTopLevelExportDeclaration	src/compiler/types.ts	createPropertyAccessExpression
src/compiler/transformers/module/module.ts	visitTopLevelExportDeclaration	src/compiler/types.ts	createVariableDeclaration
src/compiler/transformers/module/module.ts	visitTopLevelExportDeclaration	src/compiler/types.ts	createVariableDeclarationList
src/compiler/transformers/module/module.ts	visitTopLevelExportDeclaration	src/compiler/types.ts	createVariableStatement
src/compiler/transformers/module/module.ts	visitTopLevelExportDeclaration	src/compiler/types.ts	getExportName
src/compiler/transformers/module/module.ts	visitTopLevelExportDeclaration	src/compiler/types.ts	getGeneratedNameForNode
src/compiler/transformers/module/module.ts	visitTopLevelExportDeclaration	src/testRunner/parallel/worker.ts	next
src/compiler/transformers/module/module.ts	visitTopLevelImportDeclaration	src/compiler/types.ts	cloneNode
src/compiler/transformers/module/module.ts	visitTopLevelImportDeclaration	src/compiler/types.ts	createExpressionStatement
src/compiler/transformers/module/module.ts	visitTopLevelImportDeclaration	src/compiler/types.ts	createVariableDeclaration
src/compiler/transformers/module/module.ts	visitTopLevelImportDeclaration	src/compiler/types.ts	createVariableDeclarationList
src/compiler/transformers/module/module.ts	visitTopLevelImportDeclaration	src/compiler/types.ts	createVariableStatement
src/compiler/transformers/module/module.ts	visitTopLevelImportDeclaration	src/compiler/types.ts	getGeneratedNameForNode
src/compiler/transformers/module/module.ts	visitTopLevelImportEqualsDeclaration	src/compiler/types.ts	cloneNode
src/compiler/transformers/module/module.ts	visitTopLevelImportEqualsDeclaration	src/compiler/types.ts	createExpressionStatement
src/compiler/transformers/module/module.ts	visitTopLevelImportEqualsDeclaration	src/compiler/types.ts	createVariableDeclaration
src/compiler/transformers/module/module.ts	visitTopLevelImportEqualsDeclaration	src/compiler/types.ts	createVariableDeclarationList
src/compiler/transformers/module/module.ts	visitTopLevelImportEqualsDeclaration	src/compiler/types.ts	createVariableStatement
src/compiler/transformers/module/module.ts	visitTopLevelImportEqualsDeclaration	src/compiler/types.ts	getExportName
src/compiler/transformers/module/module.ts	visitTopLevelImportEqualsDeclaration	src/compiler/types.ts	getLocalName
src/compiler/transformers/module/module.ts	visitVariableStatement	src/compiler/sourcemap.ts	next
src/compiler/transformers/module/module.ts	visitVariableStatement	src/compiler/types.ts	createAssignment
src/compiler/transformers/module/module.ts	visitVariableStatement	src/compiler/types.ts	createExpressionStatement
src/compiler/transformers/module/module.ts	visitVariableStatement	src/compiler/types.ts	createIdentifier
src/compiler/transformers/module/module.ts	visitVariableStatement	src/compiler/types.ts	createPropertyAccessExpression
src/compiler/transformers/module/module.ts	visitVariableStatement	src/compiler/types.ts	createVariableDeclaration
src/compiler/transformers/module/module.ts	visitVariableStatement	src/compiler/types.ts	inlineExpressions
src/compiler/transformers/module/module.ts	visitVariableStatement	src/compiler/types.ts	updateVariableDeclaration
src/compiler/transformers/module/module.ts	visitVariableStatement	src/compiler/types.ts	updateVariableDeclarationList
src/compiler/transformers/module/module.ts	visitVariableStatement	src/compiler/types.ts	updateVariableStatement
src/compiler/transformers/module/module.ts	visitVariableStatement	src/testRunner/parallel/worker.ts	next
src/compiler/transformers/module/module.ts	visitWhileStatement	src/compiler/types.ts	updateWhileStatement
src/compiler/transformers/module/module.ts	visitWithStatement	src/compiler/types.ts	updateWithStatement
src/compiler/transformers/module/module.ts	visitorWorker	src/compiler/types.ts	shouldTransformImportCall
src/compiler/transformers/module/system.ts	addExportStarIfNeeded	src/compiler/sourcemap.ts	next
src/compiler/transformers/module/system.ts	addExportStarIfNeeded	src/compiler/types.ts	createObjectLiteralExpression
src/compiler/transformers/module/system.ts	addExportStarIfNeeded	src/compiler/types.ts	createPropertyAssignment
src/compiler/transformers/module/system.ts	addExportStarIfNeeded	src/compiler/types.ts	createStringLiteralFromNode
src/compiler/transformers/module/system.ts	addExportStarIfNeeded	src/compiler/types.ts	createTrue
src/compiler/transformers/module/system.ts	addExportStarIfNeeded	src/compiler/types.ts	createUniqueName
src/compiler/transformers/module/system.ts	addExportStarIfNeeded	src/compiler/types.ts	createVariableDeclaration
src/compiler/transformers/module/system.ts	addExportStarIfNeeded	src/compiler/types.ts	createVariableDeclarationList
src/compiler/transformers/module/system.ts	addExportStarIfNeeded	src/compiler/types.ts	createVariableStatement
src/compiler/transformers/module/system.ts	addExportStarIfNeeded	src/testRunner/parallel/worker.ts	next
src/compiler/transformers/module/system.ts	appendExportsOfBindingElement	src/compiler/sourcemap.ts	next
src/compiler/transformers/module/system.ts	appendExportsOfBindingElement	src/compiler/types.ts	getLocalName
src/compiler/transformers/module/system.ts	appendExportsOfBindingElement	src/testRunner/parallel/worker.ts	next
src/compiler/transformers/module/system.ts	appendExportsOfDeclaration	src/compiler/sourcemap.ts	next
src/compiler/transformers/module/system.ts	appendExportsOfDeclaration	src/compiler/types.ts	getDeclarationName
src/compiler/transformers/module/system.ts	appendExportsOfDeclaration	src/testRunner/parallel/worker.ts	next
src/compiler/transformers/module/system.ts	appendExportsOfHoistedDeclaration	src/compiler/types.ts	createStringLiteral
src/compiler/transformers/module/system.ts	appendExportsOfHoistedDeclaration	src/compiler/types.ts	getLocalName
src/compiler/transformers/module/system.ts	appendExportsOfImportDeclaration	src/compiler/sourcemap.ts	next
src/compiler/transformers/module/system.ts	appendExportsOfImportDeclaration	src/testRunner/parallel/worker.ts	next
src/compiler/transformers/module/system.ts	appendExportsOfVariableStatement	src/compiler/sourcemap.ts	next
src/compiler/transformers/module/system.ts	appendExportsOfVariableStatement	src/testRunner/parallel/worker.ts	next
src/compiler/transformers/module/system.ts	collectDependencyGroups	src/compiler/sourcemap.ts	next
src/compiler/transformers/module/system.ts	collectDependencyGroups	src/compiler/tracing.ts	push
src/compiler/transformers/module/system.ts	collectDependencyGroups	src/testRunner/parallel/worker.ts	next
src/compiler/transformers/module/system.ts	createExportExpression	src/compiler/types.ts	createCallExpression
src/compiler/transformers/module/system.ts	createExportExpression	src/compiler/types.ts	createStringLiteralFromNode
src/compiler/transformers/module/system.ts	createExportStarFunction	src/compiler/types.ts	createAssignment
src/compiler/transformers/module/system.ts	createExportStarFunction	src/compiler/types.ts	createBlock
src/compiler/transformers/module/system.ts	createExportStarFunction	src/compiler/types.ts	createCallExpression
src/compiler/transformers/module/system.ts	createExportStarFunction	src/compiler/types.ts	createElementAccessExpression
src/compiler/transformers/module/system.ts	createExportStarFunction	src/compiler/types.ts	createExpressionStatement
src/compiler/transformers/module/system.ts	createExportStarFunction	src/compiler/types.ts	createForInStatement
src/compiler/transformers/module/system.ts	createExportStarFunction	src/compiler/types.ts	createFunctionDeclaration
src/compiler/transformers/module/system.ts	createExportStarFunction	src/compiler/types.ts	createIdentifier
src/compiler/transformers/module/system.ts	createExportStarFunction	src/compiler/types.ts	createIfStatement
src/compiler/transformers/module/system.ts	createExportStarFunction	src/compiler/types.ts	createLogicalAnd
src/compiler/transformers/module/system.ts	createExportStarFunction	src/compiler/types.ts	createLogicalNot
src/compiler/transformers/module/system.ts	createExportStarFunction	src/compiler/types.ts	createObjectLiteralExpression
src/compiler/transformers/module/system.ts	createExportStarFunction	src/compiler/types.ts	createParameterDeclaration
src/compiler/transformers/module/system.ts	createExportStarFunction	src/compiler/types.ts	createPropertyAccessExpression
src/compiler/transformers/module/system.ts	createExportStarFunction	src/compiler/types.ts	createStrictInequality
src/compiler/transformers/module/system.ts	createExportStarFunction	src/compiler/types.ts	createStringLiteral
src/compiler/transformers/module/system.ts	createExportStarFunction	src/compiler/types.ts	createUniqueName
src/compiler/transformers/module/system.ts	createExportStarFunction	src/compiler/types.ts	createVariableDeclaration
src/compiler/transformers/module/system.ts	createExportStarFunction	src/compiler/types.ts	createVariableDeclarationList
src/compiler/transformers/module/system.ts	createExportStarFunction	src/compiler/types.ts	createVariableStatement
src/compiler/transformers/module/system.ts	createExportStatement	src/compiler/types.ts	createExpressionStatement
src/compiler/transformers/module/system.ts	createSettersArray	src/compiler/sourcemap.ts	next
src/compiler/transformers/module/system.ts	createSettersArray	src/compiler/types.ts	createArrayLiteralExpression
src/compiler/transformers/module/system.ts	createSettersArray	src/compiler/types.ts	createAssignment
src/compiler/transformers/module/system.ts	createSettersArray	src/compiler/types.ts	createBlock
src/compiler/transformers/module/system.ts	createSettersArray	src/compiler/types.ts	createCallExpression
src/compiler/transformers/module/system.ts	createSettersArray	src/compiler/types.ts	createElementAccessExpression
src/compiler/transformers/module/system.ts	createSettersArray	src/compiler/types.ts	createExpressionStatement
src/compiler/transformers/module/system.ts	createSettersArray	src/compiler/types.ts	createFunctionExpression
src/compiler/transformers/module/system.ts	createSettersArray	src/compiler/types.ts	createObjectLiteralExpression
src/compiler/transformers/module/system.ts	createSettersArray	src/compiler/types.ts	createParameterDeclaration
src/compiler/transformers/module/system.ts	createSettersArray	src/compiler/types.ts	createPropertyAssignment
src/compiler/transformers/module/system.ts	createSettersArray	src/compiler/types.ts	createStringLiteral
src/compiler/transformers/module/system.ts	createSettersArray	src/compiler/types.ts	createUniqueName
src/compiler/transformers/module/system.ts	createSettersArray	src/compiler/types.ts	getGeneratedNameForNode
src/compiler/transformers/module/system.ts	createSettersArray	src/testRunner/parallel/worker.ts	next
src/compiler/transformers/module/system.ts	createSystemModuleBody	src/compiler/types.ts	copyPrologue
src/compiler/transformers/module/system.ts	createSystemModuleBody	src/compiler/types.ts	createBlock
src/compiler/transformers/module/system.ts	createSystemModuleBody	src/compiler/types.ts	createFunctionExpression
src/compiler/transformers/module/system.ts	createSystemModuleBody	src/compiler/types.ts	createLogicalAnd
src/compiler/transformers/module/system.ts	createSystemModuleBody	src/compiler/types.ts	createModifiersFromModifierFlags
src/compiler/transformers/module/system.ts	createSystemModuleBody	src/compiler/types.ts	createObjectLiteralExpression
src/compiler/transformers/module/system.ts	createSystemModuleBody	src/compiler/types.ts	createPropertyAccessExpression
src/compiler/transformers/module/system.ts	createSystemModuleBody	src/compiler/types.ts	createPropertyAssignment
src/compiler/transformers/module/system.ts	createSystemModuleBody	src/compiler/types.ts	createReturnStatement
src/compiler/transformers/module/system.ts	createSystemModuleBody	src/compiler/types.ts	createVariableDeclaration
src/compiler/transformers/module/system.ts	createSystemModuleBody	src/compiler/types.ts	createVariableDeclarationList
src/compiler/transformers/module/system.ts	createSystemModuleBody	src/compiler/types.ts	createVariableStatement
src/compiler/transformers/module/system.ts	createVariableAssignment	src/compiler/types.ts	cloneNode
src/compiler/transformers/module/system.ts	createVariableAssignment	src/compiler/types.ts	createAssignment
src/compiler/transformers/module/system.ts	getExports	src/compiler/sourcemap.ts	next
src/compiler/transformers/module/system.ts	getExports	src/compiler/types.ts	getDeclarationName
src/compiler/transformers/module/system.ts	getExports	src/compiler/types.ts	getReferencedExportContainer
src/compiler/transformers/module/system.ts	getExports	src/testRunner/parallel/worker.ts	next
src/compiler/transformers/module/system.ts	getReferencedDeclaration	src/compiler/sourcemap.ts	next
src/compiler/transformers/module/system.ts	getReferencedDeclaration	src/compiler/types.ts	getReferencedImportDeclaration
src/compiler/transformers/module/system.ts	getReferencedDeclaration	src/compiler/types.ts	getReferencedValueDeclaration
src/compiler/transformers/module/system.ts	getReferencedDeclaration	src/compiler/types.ts	getReferencedValueDeclarations
src/compiler/transformers/module/system.ts	getReferencedDeclaration	src/testRunner/parallel/worker.ts	next
src/compiler/transformers/module/system.ts	hasExportedReferenceInDestructuringTarget	src/compiler/types.ts	getReferencedExportContainer
src/compiler/transformers/module/system.ts	hoistBindingElement	src/compiler/sourcemap.ts	next
src/compiler/transformers/module/system.ts	hoistBindingElement	src/compiler/types.ts	cloneNode
src/compiler/transformers/module/system.ts	hoistBindingElement	src/testRunner/parallel/worker.ts	next
src/compiler/transformers/module/system.ts	substituteBinaryExpression	src/compiler/sourcemap.ts	next
src/compiler/transformers/module/system.ts	substituteBinaryExpression	src/testRunner/parallel/worker.ts	next
src/compiler/transformers/module/system.ts	substituteExpressionIdentifier	src/compiler/types.ts	cloneNode
src/compiler/transformers/module/system.ts	substituteExpressionIdentifier	src/compiler/types.ts	createElementAccessExpression
src/compiler/transformers/module/system.ts	substituteExpressionIdentifier	src/compiler/types.ts	createIdentifier
src/compiler/transformers/module/system.ts	substituteExpressionIdentifier	src/compiler/types.ts	createPropertyAccessExpression
src/compiler/transformers/module/system.ts	substituteExpressionIdentifier	src/compiler/types.ts	getGeneratedNameForNode
src/compiler/transformers/module/system.ts	substituteExpressionIdentifier	src/compiler/types.ts	getReferencedImportDeclaration
src/compiler/transformers/module/system.ts	substituteMetaProperty	src/compiler/types.ts	createIdentifier
src/compiler/transformers/module/system.ts	substituteMetaProperty	src/compiler/types.ts	createPropertyAccessExpression
src/compiler/transformers/module/system.ts	substituteShorthandPropertyAssignment	src/compiler/types.ts	cloneNode
src/compiler/transformers/module/system.ts	substituteShorthandPropertyAssignment	src/compiler/types.ts	createElementAccessExpression
src/compiler/transformers/module/system.ts	substituteShorthandPropertyAssignment	src/compiler/types.ts	createIdentifier
src/compiler/transformers/module/system.ts	substituteShorthandPropertyAssignment	src/compiler/types.ts	createPropertyAccessExpression
src/compiler/transformers/module/system.ts	substituteShorthandPropertyAssignment	src/compiler/types.ts	createPropertyAssignment
src/compiler/transformers/module/system.ts	substituteShorthandPropertyAssignment	src/compiler/types.ts	getGeneratedNameForNode
src/compiler/transformers/module/system.ts	substituteShorthandPropertyAssignment	src/compiler/types.ts	getReferencedImportDeclaration
src/compiler/transformers/module/system.ts	transformSourceFile	src/compiler/types.ts	createArrayLiteralExpression
src/compiler/transformers/module/system.ts	transformSourceFile	src/compiler/types.ts	createCallExpression
src/compiler/transformers/module/system.ts	transformSourceFile	src/compiler/types.ts	createExpressionStatement
src/compiler/transformers/module/system.ts	transformSourceFile	src/compiler/types.ts	createFunctionExpression
src/compiler/transformers/module/system.ts	transformSourceFile	src/compiler/types.ts	createIdentifier
src/compiler/transformers/module/system.ts	transformSourceFile	src/compiler/types.ts	createNodeArray
src/compiler/transformers/module/system.ts	transformSourceFile	src/compiler/types.ts	createParameterDeclaration
src/compiler/transformers/module/system.ts	transformSourceFile	src/compiler/types.ts	createPropertyAccessExpression
src/compiler/transformers/module/system.ts	transformSourceFile	src/compiler/types.ts	createUniqueName
src/compiler/transformers/module/system.ts	transformSourceFile	src/compiler/types.ts	updateSourceFile
src/compiler/transformers/module/system.ts	visitCaseBlock	src/compiler/types.ts	updateCaseBlock
src/compiler/transformers/module/system.ts	visitCaseClause	src/compiler/types.ts	updateCaseClause
src/compiler/transformers/module/system.ts	visitCatchClause	src/compiler/types.ts	updateCatchClause
src/compiler/transformers/module/system.ts	visitClassDeclaration	src/compiler/types.ts	createAssignment
src/compiler/transformers/module/system.ts	visitClassDeclaration	src/compiler/types.ts	createClassExpression
src/compiler/transformers/module/system.ts	visitClassDeclaration	src/compiler/types.ts	createExpressionStatement
src/compiler/transformers/module/system.ts	visitClassDeclaration	src/compiler/types.ts	getLocalName
src/compiler/transformers/module/system.ts	visitDoStatement	src/compiler/types.ts	updateDoStatement
src/compiler/transformers/module/system.ts	visitExportAssignment	src/compiler/types.ts	createIdentifier
src/compiler/transformers/module/system.ts	visitExpressionStatement	src/compiler/types.ts	updateExpressionStatement
src/compiler/transformers/module/system.ts	visitForInStatement	src/compiler/types.ts	updateForInStatement
src/compiler/transformers/module/system.ts	visitForInitializer	src/compiler/sourcemap.ts	next
src/compiler/transformers/module/system.ts	visitForInitializer	src/compiler/types.ts	createOmittedExpression
src/compiler/transformers/module/system.ts	visitForInitializer	src/compiler/types.ts	inlineExpressions
src/compiler/transformers/module/system.ts	visitForInitializer	src/testRunner/parallel/worker.ts	next
src/compiler/transformers/module/system.ts	visitForOfStatement	src/compiler/types.ts	updateForOfStatement
src/compiler/transformers/module/system.ts	visitForStatement	src/compiler/types.ts	updateForStatement
src/compiler/transformers/module/system.ts	visitFunctionDeclaration	src/compiler/types.ts	getDeclarationName
src/compiler/transformers/module/system.ts	visitFunctionDeclaration	src/compiler/types.ts	updateFunctionDeclaration
src/compiler/transformers/module/system.ts	visitIfStatement	src/compiler/types.ts	createBlock
src/compiler/transformers/module/system.ts	visitIfStatement	src/compiler/types.ts	updateIfStatement
src/compiler/transformers/module/system.ts	visitImportCallExpression	src/compiler/types.ts	createCallExpression
src/compiler/transformers/module/system.ts	visitImportCallExpression	src/compiler/types.ts	createIdentifier
src/compiler/transformers/module/system.ts	visitImportCallExpression	src/compiler/types.ts	createPropertyAccessExpression
src/compiler/transformers/module/system.ts	visitLabeledStatement	src/compiler/types.ts	createExpressionStatement
src/compiler/transformers/module/system.ts	visitLabeledStatement	src/compiler/types.ts	createIdentifier
src/compiler/transformers/module/system.ts	visitLabeledStatement	src/compiler/types.ts	updateLabeledStatement
src/compiler/transformers/module/system.ts	visitParenthesizedExpression	src/compiler/types.ts	updateParenthesizedExpression
src/compiler/transformers/module/system.ts	visitPartiallyEmittedExpression	src/compiler/types.ts	updatePartiallyEmittedExpression
src/compiler/transformers/module/system.ts	visitPrefixOrPostfixUnaryExpression	src/compiler/sourcemap.ts	next
src/compiler/transformers/module/system.ts	visitPrefixOrPostfixUnaryExpression	src/compiler/types.ts	cloneNode
src/compiler/transformers/module/system.ts	visitPrefixOrPostfixUnaryExpression	src/compiler/types.ts	createAssignment
src/compiler/transformers/module/system.ts	visitPrefixOrPostfixUnaryExpression	src/compiler/types.ts	createComma
src/compiler/transformers/module/system.ts	visitPrefixOrPostfixUnaryExpression	src/compiler/types.ts	createTempVariable
src/compiler/transformers/module/system.ts	visitPrefixOrPostfixUnaryExpression	src/compiler/types.ts	updatePostfixUnaryExpression
src/compiler/transformers/module/system.ts	visitPrefixOrPostfixUnaryExpression	src/compiler/types.ts	updatePrefixUnaryExpression
src/compiler/transformers/module/system.ts	visitPrefixOrPostfixUnaryExpression	src/testRunner/parallel/worker.ts	next
src/compiler/transformers/module/system.ts	visitSwitchStatement	src/compiler/types.ts	updateSwitchStatement
src/compiler/transformers/module/system.ts	visitVariableStatement	src/compiler/sourcemap.ts	next
src/compiler/transformers/module/system.ts	visitVariableStatement	src/compiler/types.ts	createExpressionStatement
src/compiler/transformers/module/system.ts	visitVariableStatement	src/compiler/types.ts	getGeneratedNameForNode
src/compiler/transformers/module/system.ts	visitVariableStatement	src/compiler/types.ts	inlineExpressions
src/compiler/transformers/module/system.ts	visitVariableStatement	src/compiler/types.ts	updateVariableDeclaration
src/compiler/transformers/module/system.ts	visitVariableStatement	src/compiler/types.ts	updateVariableDeclarationList
src/compiler/transformers/module/system.ts	visitVariableStatement	src/compiler/types.ts	updateVariableStatement
src/compiler/transformers/module/system.ts	visitVariableStatement	src/testRunner/parallel/worker.ts	next
src/compiler/transformers/module/system.ts	visitWhileStatement	src/compiler/types.ts	updateWhileStatement
src/compiler/transformers/module/system.ts	visitWithStatement	src/compiler/types.ts	updateWithStatement
src/compiler/transformers/taggedTemplate.ts	processTaggedTemplateExpression	src/compiler/sourcemap.ts	next
src/compiler/transformers/taggedTemplate.ts	processTaggedTemplateExpression	src/testRunner/parallel/worker.ts	next
src/compiler/transformers/ts.ts	addVarForEnumOrModuleDeclaration	src/compiler/types.ts	createVariableDeclaration
src/compiler/transformers/ts.ts	addVarForEnumOrModuleDeclaration	src/compiler/types.ts	createVariableDeclarationList
src/compiler/transformers/ts.ts	addVarForEnumOrModuleDeclaration	src/compiler/types.ts	createVariableStatement
src/compiler/transformers/ts.ts	addVarForEnumOrModuleDeclaration	src/compiler/types.ts	getLocalName
src/compiler/transformers/ts.ts	createExportMemberAssignmentStatement	src/compiler/types.ts	createAssignment
src/compiler/transformers/ts.ts	createExportMemberAssignmentStatement	src/compiler/types.ts	createExpressionStatement
src/compiler/transformers/ts.ts	createExportMemberAssignmentStatement	src/compiler/types.ts	getExternalModuleOrNamespaceExportName
src/compiler/transformers/ts.ts	createExportMemberAssignmentStatement	src/compiler/types.ts	getLocalName
src/compiler/transformers/ts.ts	createNamespaceExport	src/compiler/types.ts	createAssignment
src/compiler/transformers/ts.ts	createNamespaceExport	src/compiler/types.ts	createExpressionStatement
src/compiler/transformers/ts.ts	createNamespaceExport	src/compiler/types.ts	getNamespaceMemberName
src/compiler/transformers/ts.ts	createNamespaceExportExpression	src/compiler/types.ts	createAssignment
src/compiler/transformers/ts.ts	getExpressionForPropertyName	src/compiler/types.ts	cloneNode
src/compiler/transformers/ts.ts	getExpressionForPropertyName	src/compiler/types.ts	createIdentifier
src/compiler/transformers/ts.ts	getExpressionForPropertyName	src/compiler/types.ts	createStringLiteral
src/compiler/transformers/ts.ts	getExpressionForPropertyName	src/compiler/types.ts	getGeneratedNameForNode
src/compiler/transformers/ts.ts	getNamespaceContainerName	src/compiler/types.ts	getGeneratedNameForNode
src/compiler/transformers/ts.ts	getNamespaceMemberNameWithSourceMapsAndWithoutComments	src/compiler/types.ts	getNamespaceMemberName
src/compiler/transformers/ts.ts	getNamespaceParameterName	src/compiler/types.ts	getGeneratedNameForNode
src/compiler/transformers/ts.ts	getNewTypeMetadata	src/compiler/types.ts	createArrowFunction
src/compiler/transformers/ts.ts	getNewTypeMetadata	src/compiler/types.ts	createDecorator
src/compiler/transformers/ts.ts	getNewTypeMetadata	src/compiler/types.ts	createObjectLiteralExpression
src/compiler/transformers/ts.ts	getNewTypeMetadata	src/compiler/types.ts	createPropertyAssignment
src/compiler/transformers/ts.ts	getNewTypeMetadata	src/compiler/types.ts	createToken
src/compiler/transformers/ts.ts	getOldTypeMetadata	src/compiler/types.ts	createDecorator
src/compiler/transformers/ts.ts	injectClassElementTypeMetadata	src/compiler/types.ts	createNodeArray
src/compiler/transformers/ts.ts	injectClassTypeMetadata	src/compiler/types.ts	createNodeArray
src/compiler/transformers/ts.ts	shouldEmitAliasDeclaration	src/compiler/types.ts	isReferencedAliasDeclaration
src/compiler/transformers/ts.ts	shouldEmitImportEqualsDeclaration	src/compiler/types.ts	isTopLevelValueImportEqualsWithEntityName
src/compiler/transformers/ts.ts	substituteConstantValue	src/compiler/types.ts	createNumericLiteral
src/compiler/transformers/ts.ts	substituteConstantValue	src/compiler/types.ts	createPrefixUnaryExpression
src/compiler/transformers/ts.ts	substituteConstantValue	src/compiler/types.ts	createStringLiteral
src/compiler/transformers/ts.ts	substituteShorthandPropertyAssignment	src/compiler/types.ts	createAssignment
src/compiler/transformers/ts.ts	substituteShorthandPropertyAssignment	src/compiler/types.ts	createPropertyAssignment
src/compiler/transformers/ts.ts	transformBundle	src/compiler/types.ts	createBundle
src/compiler/transformers/ts.ts	transformClassMembers	src/compiler/sourcemap.ts	next
src/compiler/transformers/ts.ts	transformClassMembers	src/compiler/types.ts	createNodeArray
src/compiler/transformers/ts.ts	transformClassMembers	src/compiler/types.ts	createPropertyDeclaration
src/compiler/transformers/ts.ts	transformClassMembers	src/testRunner/parallel/worker.ts	next
src/compiler/transformers/ts.ts	transformConstructorBody	src/compiler/types.ts	copyPrologue
src/compiler/transformers/ts.ts	transformConstructorBody	src/compiler/types.ts	createBlock
src/compiler/transformers/ts.ts	transformConstructorBody	src/compiler/types.ts	createNodeArray
src/compiler/transformers/ts.ts	transformConstructorBody	src/compiler/types.ts	mergeLexicalEnvironment
src/compiler/transformers/ts.ts	transformConstructorBodyWorker	src/compiler/types.ts	createNodeArray
src/compiler/transformers/ts.ts	transformConstructorBodyWorker	src/compiler/types.ts	updateBlock
src/compiler/transformers/ts.ts	transformConstructorBodyWorker	src/compiler/types.ts	updateTryStatement
src/compiler/transformers/ts.ts	transformEnumBody	src/compiler/types.ts	createBlock
src/compiler/transformers/ts.ts	transformEnumBody	src/compiler/types.ts	createNodeArray
src/compiler/transformers/ts.ts	transformEnumMember	src/compiler/types.ts	createAssignment
src/compiler/transformers/ts.ts	transformEnumMember	src/compiler/types.ts	createElementAccessExpression
src/compiler/transformers/ts.ts	transformEnumMember	src/compiler/types.ts	createExpressionStatement
src/compiler/transformers/ts.ts	transformEnumMember	src/compiler/types.ts	getEnumMemberValue
src/compiler/transformers/ts.ts	transformEnumMemberDeclarationValue	src/compiler/types.ts	createNumericLiteral
src/compiler/transformers/ts.ts	transformEnumMemberDeclarationValue	src/compiler/types.ts	createPrefixUnaryExpression
src/compiler/transformers/ts.ts	transformEnumMemberDeclarationValue	src/compiler/types.ts	createStringLiteral
src/compiler/transformers/ts.ts	transformEnumMemberDeclarationValue	src/compiler/types.ts	createVoidZero
src/compiler/transformers/ts.ts	transformInitializedVariable	src/compiler/types.ts	createAssignment
src/compiler/transformers/ts.ts	transformModuleBody	src/compiler/types.ts	createBlock
src/compiler/transformers/ts.ts	transformModuleBody	src/compiler/types.ts	createNodeArray
src/compiler/transformers/ts.ts	transformParameterWithPropertyAssignment	src/compiler/types.ts	cloneNode
src/compiler/transformers/ts.ts	transformParameterWithPropertyAssignment	src/compiler/types.ts	createAssignment
src/compiler/transformers/ts.ts	transformParameterWithPropertyAssignment	src/compiler/types.ts	createExpressionStatement
src/compiler/transformers/ts.ts	transformParameterWithPropertyAssignment	src/compiler/types.ts	createPropertyAccessExpression
src/compiler/transformers/ts.ts	transformParameterWithPropertyAssignment	src/compiler/types.ts	createThis
src/compiler/transformers/ts.ts	tryGetConstEnumValue	src/compiler/types.ts	getConstantValue
src/compiler/transformers/ts.ts	trySubstituteNamespaceExportedName	src/compiler/types.ts	createPropertyAccessExpression
src/compiler/transformers/ts.ts	trySubstituteNamespaceExportedName	src/compiler/types.ts	getGeneratedNameForNode
src/compiler/transformers/ts.ts	trySubstituteNamespaceExportedName	src/compiler/types.ts	getReferencedExportContainer
src/compiler/transformers/ts.ts	visitArrowFunction	src/compiler/types.ts	updateArrowFunction
src/compiler/transformers/ts.ts	visitAssertionExpression	src/compiler/types.ts	createPartiallyEmittedExpression
src/compiler/transformers/ts.ts	visitCallExpression	src/compiler/types.ts	updateCallExpression
src/compiler/transformers/ts.ts	visitClassDeclaration	src/compiler/types.ts	createExportDefault
src/compiler/transformers/ts.ts	visitClassDeclaration	src/compiler/types.ts	createExternalModuleExport
src/compiler/transformers/ts.ts	visitClassDeclaration	src/compiler/types.ts	createImmediatelyInvokedArrowFunction
src/compiler/transformers/ts.ts	visitClassDeclaration	src/compiler/types.ts	createPartiallyEmittedExpression
src/compiler/transformers/ts.ts	visitClassDeclaration	src/compiler/types.ts	createReturnStatement
src/compiler/transformers/ts.ts	visitClassDeclaration	src/compiler/types.ts	createVariableDeclaration
src/compiler/transformers/ts.ts	visitClassDeclaration	src/compiler/types.ts	createVariableDeclarationList
src/compiler/transformers/ts.ts	visitClassDeclaration	src/compiler/types.ts	createVariableStatement
src/compiler/transformers/ts.ts	visitClassDeclaration	src/compiler/types.ts	getDeclarationName
src/compiler/transformers/ts.ts	visitClassDeclaration	src/compiler/types.ts	getGeneratedNameForNode
src/compiler/transformers/ts.ts	visitClassDeclaration	src/compiler/types.ts	getInternalName
src/compiler/transformers/ts.ts	visitClassDeclaration	src/compiler/types.ts	getLocalName
src/compiler/transformers/ts.ts	visitClassDeclaration	src/compiler/types.ts	updateClassDeclaration
src/compiler/transformers/ts.ts	visitClassExpression	src/compiler/types.ts	updateClassExpression
src/compiler/transformers/ts.ts	visitConstructor	src/compiler/types.ts	updateConstructorDeclaration
src/compiler/transformers/ts.ts	visitEnumDeclaration	src/compiler/types.ts	createAssignment
src/compiler/transformers/ts.ts	visitEnumDeclaration	src/compiler/types.ts	createCallExpression
src/compiler/transformers/ts.ts	visitEnumDeclaration	src/compiler/types.ts	createExpressionStatement
src/compiler/transformers/ts.ts	visitEnumDeclaration	src/compiler/types.ts	createFunctionExpression
src/compiler/transformers/ts.ts	visitEnumDeclaration	src/compiler/types.ts	createLogicalOr
src/compiler/transformers/ts.ts	visitEnumDeclaration	src/compiler/types.ts	createNotEmittedStatement
src/compiler/transformers/ts.ts	visitEnumDeclaration	src/compiler/types.ts	createObjectLiteralExpression
src/compiler/transformers/ts.ts	visitEnumDeclaration	src/compiler/types.ts	createParameterDeclaration
src/compiler/transformers/ts.ts	visitEnumDeclaration	src/compiler/types.ts	getDeclarationName
src/compiler/transformers/ts.ts	visitEnumDeclaration	src/compiler/types.ts	getExternalModuleOrNamespaceExportName
src/compiler/transformers/ts.ts	visitEnumDeclaration	src/compiler/types.ts	getLocalName
src/compiler/transformers/ts.ts	visitExportAssignment	src/compiler/types.ts	isValueAliasDeclaration
src/compiler/transformers/ts.ts	visitExportDeclaration	src/compiler/types.ts	updateExportDeclaration
src/compiler/transformers/ts.ts	visitExportSpecifier	src/compiler/types.ts	isValueAliasDeclaration
src/compiler/transformers/ts.ts	visitExpressionWithTypeArguments	src/compiler/types.ts	updateExpressionWithTypeArguments
src/compiler/transformers/ts.ts	visitFunctionDeclaration	src/compiler/types.ts	createBlock
src/compiler/transformers/ts.ts	visitFunctionDeclaration	src/compiler/types.ts	createNotEmittedStatement
src/compiler/transformers/ts.ts	visitFunctionDeclaration	src/compiler/types.ts	updateFunctionDeclaration
src/compiler/transformers/ts.ts	visitFunctionExpression	src/compiler/types.ts	createBlock
src/compiler/transformers/ts.ts	visitFunctionExpression	src/compiler/types.ts	createOmittedExpression
src/compiler/transformers/ts.ts	visitFunctionExpression	src/compiler/types.ts	updateFunctionExpression
src/compiler/transformers/ts.ts	visitGetAccessor	src/compiler/types.ts	createBlock
src/compiler/transformers/ts.ts	visitGetAccessor	src/compiler/types.ts	updateGetAccessorDeclaration
src/compiler/transformers/ts.ts	visitImportClause	src/compiler/types.ts	updateImportClause
src/compiler/transformers/ts.ts	visitImportDeclaration	src/compiler/types.ts	updateImportDeclaration
src/compiler/transformers/ts.ts	visitImportEqualsDeclaration	src/compiler/types.ts	createVariableDeclaration
src/compiler/transformers/ts.ts	visitImportEqualsDeclaration	src/compiler/types.ts	createVariableDeclarationList
src/compiler/transformers/ts.ts	visitImportEqualsDeclaration	src/compiler/types.ts	createVariableStatement
src/compiler/transformers/ts.ts	visitJsxJsxOpeningElement	src/compiler/types.ts	updateJsxOpeningElement
src/compiler/transformers/ts.ts	visitJsxSelfClosingElement	src/compiler/types.ts	updateJsxSelfClosingElement
src/compiler/transformers/ts.ts	visitMethodDeclaration	src/compiler/types.ts	updateMethodDeclaration
src/compiler/transformers/ts.ts	visitModuleDeclaration	src/compiler/types.ts	createAssignment
src/compiler/transformers/ts.ts	visitModuleDeclaration	src/compiler/types.ts	createCallExpression
src/compiler/transformers/ts.ts	visitModuleDeclaration	src/compiler/types.ts	createExpressionStatement
src/compiler/transformers/ts.ts	visitModuleDeclaration	src/compiler/types.ts	createFunctionExpression
src/compiler/transformers/ts.ts	visitModuleDeclaration	src/compiler/types.ts	createLogicalOr
src/compiler/transformers/ts.ts	visitModuleDeclaration	src/compiler/types.ts	createNotEmittedStatement
src/compiler/transformers/ts.ts	visitModuleDeclaration	src/compiler/types.ts	createObjectLiteralExpression
src/compiler/transformers/ts.ts	visitModuleDeclaration	src/compiler/types.ts	createParameterDeclaration
src/compiler/transformers/ts.ts	visitModuleDeclaration	src/compiler/types.ts	getDeclarationName
src/compiler/transformers/ts.ts	visitModuleDeclaration	src/compiler/types.ts	getExternalModuleOrNamespaceExportName
src/compiler/transformers/ts.ts	visitModuleDeclaration	src/compiler/types.ts	getLocalName
src/compiler/transformers/ts.ts	visitNamedExports	src/compiler/types.ts	updateNamedExports
src/compiler/transformers/ts.ts	visitNamedImportBindings	src/compiler/types.ts	updateNamedImports
src/compiler/transformers/ts.ts	visitNamespaceExports	src/compiler/types.ts	updateNamespaceExport
src/compiler/transformers/ts.ts	visitNewExpression	src/compiler/types.ts	updateNewExpression
src/compiler/transformers/ts.ts	visitNonNullExpression	src/compiler/types.ts	createPartiallyEmittedExpression
src/compiler/transformers/ts.ts	visitObjectLiteralExpression	src/compiler/types.ts	updateObjectLiteralExpression
src/compiler/transformers/ts.ts	visitParameter	src/compiler/types.ts	updateParameterDeclaration
src/compiler/transformers/ts.ts	visitParenthesizedExpression	src/compiler/types.ts	createPartiallyEmittedExpression
src/compiler/transformers/ts.ts	visitPropertyDeclaration	src/compiler/types.ts	createModifiersFromModifierFlags
src/compiler/transformers/ts.ts	visitPropertyDeclaration	src/compiler/types.ts	updatePropertyDeclaration
src/compiler/transformers/ts.ts	visitPropertyNameOfClassElement	src/compiler/types.ts	createAssignment
src/compiler/transformers/ts.ts	visitPropertyNameOfClassElement	src/compiler/types.ts	getGeneratedNameForNode
src/compiler/transformers/ts.ts	visitPropertyNameOfClassElement	src/compiler/types.ts	updateComputedPropertyName
src/compiler/transformers/ts.ts	visitSatisfiesExpression	src/compiler/types.ts	createPartiallyEmittedExpression
src/compiler/transformers/ts.ts	visitSetAccessor	src/compiler/types.ts	createBlock
src/compiler/transformers/ts.ts	visitSetAccessor	src/compiler/types.ts	updateSetAccessorDeclaration
src/compiler/transformers/ts.ts	visitSourceFile	src/compiler/types.ts	updateSourceFile
src/compiler/transformers/ts.ts	visitTaggedTemplateExpression	src/compiler/types.ts	updateTaggedTemplateExpression
src/compiler/transformers/ts.ts	visitTypeScript	src/compiler/types.ts	createNotEmittedStatement
src/compiler/transformers/ts.ts	visitVariableDeclaration	src/compiler/types.ts	updateVariableDeclaration
src/compiler/transformers/ts.ts	visitVariableStatement	src/compiler/types.ts	createExpressionStatement
src/compiler/transformers/ts.ts	visitVariableStatement	src/compiler/types.ts	inlineExpressions
src/compiler/transformers/typeSerializer.ts	createCheckedValue	src/compiler/types.ts	createLogicalAnd
src/compiler/transformers/typeSerializer.ts	createCheckedValue	src/compiler/types.ts	createStrictInequality
src/compiler/transformers/typeSerializer.ts	createCheckedValue	src/compiler/types.ts	createStringLiteral
src/compiler/transformers/typeSerializer.ts	createCheckedValue	src/compiler/types.ts	createTypeOfExpression
src/compiler/transformers/typeSerializer.ts	getGlobalConstructor	src/compiler/types.ts	createIdentifier
src/compiler/transformers/typeSerializer.ts	getGlobalConstructorWithFallback	src/compiler/types.ts	createConditionalExpression
src/compiler/transformers/typeSerializer.ts	getGlobalConstructorWithFallback	src/compiler/types.ts	createIdentifier
src/compiler/transformers/typeSerializer.ts	getGlobalConstructorWithFallback	src/compiler/types.ts	createTypeCheck
src/compiler/transformers/typeSerializer.ts	serializeEntityNameAsExpression	src/compiler/types.ts	cloneNode
src/compiler/transformers/typeSerializer.ts	serializeEntityNameAsExpressionFallback	src/compiler/types.ts	createAssignment
src/compiler/transformers/typeSerializer.ts	serializeEntityNameAsExpressionFallback	src/compiler/types.ts	createLogicalAnd
src/compiler/transformers/typeSerializer.ts	serializeEntityNameAsExpressionFallback	src/compiler/types.ts	createPropertyAccessExpression
src/compiler/transformers/typeSerializer.ts	serializeEntityNameAsExpressionFallback	src/compiler/types.ts	createStrictInequality
src/compiler/transformers/typeSerializer.ts	serializeEntityNameAsExpressionFallback	src/compiler/types.ts	createTempVariable
src/compiler/transformers/typeSerializer.ts	serializeEntityNameAsExpressionFallback	src/compiler/types.ts	createVoidZero
src/compiler/transformers/typeSerializer.ts	serializeLiteralOfLiteralTypeNode	src/compiler/types.ts	createIdentifier
src/compiler/transformers/typeSerializer.ts	serializeLiteralOfLiteralTypeNode	src/compiler/types.ts	createVoidZero
src/compiler/transformers/typeSerializer.ts	serializeParameterTypesOfNode	src/compiler/types.ts	createArrayLiteralExpression
src/compiler/transformers/typeSerializer.ts	serializeQualifiedNameAsExpression	src/compiler/types.ts	createPropertyAccessExpression
src/compiler/transformers/typeSerializer.ts	serializeReturnTypeOfNode	src/compiler/types.ts	createIdentifier
src/compiler/transformers/typeSerializer.ts	serializeReturnTypeOfNode	src/compiler/types.ts	createVoidZero
src/compiler/transformers/typeSerializer.ts	serializeTypeNode	src/compiler/types.ts	createIdentifier
src/compiler/transformers/typeSerializer.ts	serializeTypeNode	src/compiler/types.ts	createVoidZero
src/compiler/transformers/typeSerializer.ts	serializeTypeOfNode	src/compiler/types.ts	createIdentifier
src/compiler/transformers/typeSerializer.ts	serializeTypeOfNode	src/compiler/types.ts	createVoidZero
src/compiler/transformers/typeSerializer.ts	serializeTypeReferenceNode	src/compiler/types.ts	createAssignment
src/compiler/transformers/typeSerializer.ts	serializeTypeReferenceNode	src/compiler/types.ts	createConditionalExpression
src/compiler/transformers/typeSerializer.ts	serializeTypeReferenceNode	src/compiler/types.ts	createIdentifier
src/compiler/transformers/typeSerializer.ts	serializeTypeReferenceNode	src/compiler/types.ts	createTempVariable
src/compiler/transformers/typeSerializer.ts	serializeTypeReferenceNode	src/compiler/types.ts	createTypeCheck
src/compiler/transformers/typeSerializer.ts	serializeTypeReferenceNode	src/compiler/types.ts	createVoidZero
src/compiler/transformers/typeSerializer.ts	serializeTypeReferenceNode	src/compiler/types.ts	getTypeReferenceSerializationKind
src/compiler/transformers/typeSerializer.ts	serializeUnionOrIntersectionConstituents	src/compiler/sourcemap.ts	next
src/compiler/transformers/typeSerializer.ts	serializeUnionOrIntersectionConstituents	src/compiler/types.ts	createIdentifier
src/compiler/transformers/typeSerializer.ts	serializeUnionOrIntersectionConstituents	src/compiler/types.ts	createVoidZero
src/compiler/transformers/typeSerializer.ts	serializeUnionOrIntersectionConstituents	src/testRunner/parallel/worker.ts	next
src/compiler/transformers/utilities.ts	addExportedFunctionDeclaration	src/compiler/types.ts	getDeclarationName
src/compiler/transformers/utilities.ts	addExportedNamesForExportDeclaration	src/compiler/sourcemap.ts	next
src/compiler/transformers/utilities.ts	addExportedNamesForExportDeclaration	src/compiler/types.ts	getReferencedImportDeclaration
src/compiler/transformers/utilities.ts	addExportedNamesForExportDeclaration	src/compiler/types.ts	getReferencedValueDeclaration
src/compiler/transformers/utilities.ts	addExportedNamesForExportDeclaration	src/testRunner/parallel/worker.ts	next
src/compiler/transformers/utilities.ts	collectExportedVariableInfo	src/compiler/sourcemap.ts	next
src/compiler/transformers/utilities.ts	collectExportedVariableInfo	src/testRunner/parallel/worker.ts	next
src/compiler/transformers/utilities.ts	collectExternalModuleInfo	src/compiler/sourcemap.ts	next
src/compiler/transformers/utilities.ts	collectExternalModuleInfo	src/compiler/types.ts	getDeclarationName
src/compiler/transformers/utilities.ts	collectExternalModuleInfo	src/testRunner/parallel/worker.ts	next
src/compiler/transformers/utilities.ts	getImportNeedsImportStarHelper	src/compiler/sourcemap.ts	next
src/compiler/transformers/utilities.ts	getImportNeedsImportStarHelper	src/testRunner/parallel/worker.ts	next
src/compiler/transformers/utilities.ts	rewriteModuleSpecifier2	src/compiler/types.ts	createStringLiteral
src/compiler/transformers/utilities.ts	transformBundle	src/compiler/types.ts	createBundle
src/compiler/tsbuildPublic.ts	<lambda>31	src/compiler/builderPublic.ts	hasChangedEmitSignature
src/compiler/tsbuildPublic.ts	<lambda>64	src/compiler/core.ts	has
src/compiler/tsbuildPublic.ts	<lambda>64	src/compiler/corePublic.ts	has
src/compiler/tsbuildPublic.ts	<lambda>64	src/compiler/moduleNameResolver.ts	has
src/compiler/tsbuildPublic.ts	<lambda>64	src/compiler/transformers/utilities.ts	has
src/compiler/tsbuildPublic.ts	<lambda>64	src/harness/collectionsImpl.ts	has
src/compiler/tsbuildPublic.ts	<lambda>64	src/services/completions.ts	has
src/compiler/tsbuildPublic.ts	<lambda>64	src/services/stringCompletions.ts	has
src/compiler/tsbuildPublic.ts	<lambda>64	src/services/types.ts	has
src/compiler/tsbuildPublic.ts	<lambda>64	src/services/utilities.ts	has
src/compiler/tsbuildPublic.ts	cleanWorker	src/compiler/sourcemap.ts	next
src/compiler/tsbuildPublic.ts	cleanWorker	src/testRunner/parallel/worker.ts	next
src/compiler/tsbuildPublic.ts	createBuildOrder	src/compiler/sourcemap.ts	next
src/compiler/tsbuildPublic.ts	createBuildOrder	src/testRunner/parallel/worker.ts	next
src/compiler/tsbuildPublic.ts	getUpToDateStatusWorker	src/compiler/sourcemap.ts	next
src/compiler/tsbuildPublic.ts	getUpToDateStatusWorker	src/testRunner/parallel/worker.ts	next
src/compiler/tsbuildPublic.ts	queueReferencingProjects	src/compiler/sourcemap.ts	next
src/compiler/tsbuildPublic.ts	queueReferencingProjects	src/testRunner/parallel/worker.ts	next
src/compiler/tsbuildPublic.ts	startWatching	src/compiler/sourcemap.ts	next
src/compiler/tsbuildPublic.ts	startWatching	src/testRunner/parallel/worker.ts	next
src/compiler/tsbuildPublic.ts	updateOutputTimestampsWorker	src/compiler/core.ts	add
src/compiler/tsbuildPublic.ts	updateOutputTimestampsWorker	src/compiler/sourcemap.ts	next
src/compiler/tsbuildPublic.ts	updateOutputTimestampsWorker	src/compiler/transformers/utilities.ts	add
src/compiler/tsbuildPublic.ts	updateOutputTimestampsWorker	src/compiler/types.ts	add
src/compiler/tsbuildPublic.ts	updateOutputTimestampsWorker	src/compiler/utilities.ts	add
src/compiler/tsbuildPublic.ts	updateOutputTimestampsWorker	src/harness/watchUtils.ts	add
src/compiler/tsbuildPublic.ts	updateOutputTimestampsWorker	src/server/scriptVersionCache.ts	add
src/compiler/tsbuildPublic.ts	updateOutputTimestampsWorker	src/services/completions.ts	add
src/compiler/tsbuildPublic.ts	updateOutputTimestampsWorker	src/services/exportInfoMap.ts	add
src/compiler/tsbuildPublic.ts	updateOutputTimestampsWorker	src/services/stringCompletions.ts	add
src/compiler/tsbuildPublic.ts	updateOutputTimestampsWorker	src/testRunner/parallel/worker.ts	next
src/compiler/tsbuildPublic.ts	visit	src/compiler/sourcemap.ts	next
src/compiler/tsbuildPublic.ts	visit	src/compiler/tracing.ts	push
src/compiler/tsbuildPublic.ts	visit	src/testRunner/parallel/worker.ts	next
src/compiler/utilities.ts	<lambda>159	src/compiler/core.ts	add
src/compiler/utilities.ts	<lambda>159	src/compiler/transformers/utilities.ts	add
src/compiler/utilities.ts	<lambda>159	src/compiler/types.ts	add
src/compiler/utilities.ts	<lambda>159	src/harness/watchUtils.ts	add
src/compiler/utilities.ts	<lambda>159	src/server/scriptVersionCache.ts	add
src/compiler/utilities.ts	<lambda>159	src/services/completions.ts	add
src/compiler/utilities.ts	<lambda>159	src/services/exportInfoMap.ts	add
src/compiler/utilities.ts	<lambda>159	src/services/stringCompletions.ts	add
src/compiler/utilities.ts	attachFileToDiagnostic	src/compiler/sourcemap.ts	next
src/compiler/utilities.ts	attachFileToDiagnostic	src/testRunner/parallel/worker.ts	next
src/compiler/utilities.ts	attachFileToDiagnostics	src/compiler/sourcemap.ts	next
src/compiler/utilities.ts	attachFileToDiagnostics	src/testRunner/parallel/worker.ts	next
src/compiler/utilities.ts	bindJSDoc	src/compiler/sourcemap.ts	next
src/compiler/utilities.ts	bindJSDoc	src/testRunner/parallel/worker.ts	next
src/compiler/utilities.ts	classElementOrClassElementParameterIsDecorated	src/compiler/sourcemap.ts	next
src/compiler/utilities.ts	classElementOrClassElementParameterIsDecorated	src/testRunner/parallel/worker.ts	next
src/compiler/utilities.ts	compareDataObjects	src/compiler/sourcemap.ts	next
src/compiler/utilities.ts	compareDataObjects	src/testRunner/parallel/worker.ts	next
src/compiler/utilities.ts	createPropertyNameNodeForIdentifierOrLiteral	src/compiler/types.ts	createIdentifier
src/compiler/utilities.ts	createPropertyNameNodeForIdentifierOrLiteral	src/compiler/types.ts	createNumericLiteral
src/compiler/utilities.ts	createPropertyNameNodeForIdentifierOrLiteral	src/compiler/types.ts	createStringLiteral
src/compiler/utilities.ts	createSymbolTable	src/compiler/sourcemap.ts	next
src/compiler/utilities.ts	createSymbolTable	src/testRunner/parallel/worker.ts	next
src/compiler/utilities.ts	emitComments	src/compiler/sourcemap.ts	next
src/compiler/utilities.ts	emitComments	src/testRunner/parallel/worker.ts	next
src/compiler/utilities.ts	emitDetachedComments	src/compiler/sourcemap.ts	next
src/compiler/utilities.ts	emitDetachedComments	src/testRunner/parallel/worker.ts	next
src/compiler/utilities.ts	evaluateTemplateExpression	src/compiler/sourcemap.ts	next
src/compiler/utilities.ts	evaluateTemplateExpression	src/testRunner/parallel/worker.ts	next
src/compiler/utilities.ts	findConstructorDeclaration	src/compiler/sourcemap.ts	next
src/compiler/utilities.ts	findConstructorDeclaration	src/testRunner/parallel/worker.ts	next
src/compiler/utilities.ts	forEachEntry	src/compiler/sourcemap.ts	next
src/compiler/utilities.ts	forEachEntry	src/testRunner/parallel/worker.ts	next
src/compiler/utilities.ts	forEachKey	src/compiler/sourcemap.ts	next
src/compiler/utilities.ts	forEachKey	src/testRunner/parallel/worker.ts	next
src/compiler/utilities.ts	getBasePaths	src/compiler/sourcemap.ts	next
src/compiler/utilities.ts	getBasePaths	src/testRunner/parallel/worker.ts	next
src/compiler/utilities.ts	getDeclarationOfKind	src/compiler/sourcemap.ts	next
src/compiler/utilities.ts	getDeclarationOfKind	src/testRunner/parallel/worker.ts	next
src/compiler/utilities.ts	getHeritageClause	src/compiler/sourcemap.ts	next
src/compiler/utilities.ts	getHeritageClause	src/testRunner/parallel/worker.ts	next
src/compiler/utilities.ts	getLocalSymbolForExportDefault	src/compiler/sourcemap.ts	next
src/compiler/utilities.ts	getLocalSymbolForExportDefault	src/testRunner/parallel/worker.ts	next
src/compiler/utilities.ts	getRequiresAtTopOfFile	src/compiler/sourcemap.ts	next
src/compiler/utilities.ts	getRequiresAtTopOfFile	src/testRunner/parallel/worker.ts	next
src/compiler/utilities.ts	getSubPatternFromSpec	src/compiler/sourcemap.ts	next
src/compiler/utilities.ts	getSubPatternFromSpec	src/testRunner/parallel/worker.ts	next
src/compiler/utilities.ts	getSynthesizedDeepCloneWorker	src/compiler/types.ts	cloneNode
src/compiler/utilities.ts	getSynthesizedDeepCloneWorker	src/compiler/types.ts	createNumericLiteral
src/compiler/utilities.ts	getSynthesizedDeepCloneWorker	src/compiler/types.ts	createStringLiteralFromNode
src/compiler/utilities.ts	getSynthesizedDeepClones2	src/compiler/types.ts	createNodeArray
src/compiler/utilities.ts	getSynthesizedDeepClonesWithReplacements	src/compiler/types.ts	createNodeArray
src/compiler/utilities.ts	getUnusedExpectations	src/compiler/core.ts	map
src/compiler/utilities.ts	inferPreference	src/compiler/sourcemap.ts	next
src/compiler/utilities.ts	inferPreference	src/testRunner/parallel/worker.ts	next
src/compiler/utilities.ts	isNonTypeAliasTemplate	src/compiler/core.ts	some
src/compiler/utilities.ts	isNumericLiteralName	src/compiler/semver.ts	toString
src/compiler/utilities.ts	isNumericLiteralName	src/compiler/sourcemap.ts	toString
src/compiler/utilities.ts	isNumericLiteralName	src/compiler/types.ts	toString
src/compiler/utilities.ts	isSupportedSourceFileName	src/compiler/sourcemap.ts	next
src/compiler/utilities.ts	isSupportedSourceFileName	src/testRunner/parallel/worker.ts	next
src/compiler/utilities.ts	isTypeParameterSymbolDeclaredInContainer	src/compiler/sourcemap.ts	next
src/compiler/utilities.ts	isTypeParameterSymbolDeclaredInContainer	src/testRunner/parallel/worker.ts	next
src/compiler/utilities.ts	makeIdentifierFromModuleName	src/harness/fourslashImpl.ts	replace
src/compiler/utilities.ts	makeIdentifierFromModuleName	src/harness/fourslashInterfaceImpl.ts	replace
src/compiler/utilities.ts	matchFiles	src/compiler/sourcemap.ts	next
src/compiler/utilities.ts	matchFiles	src/testRunner/parallel/worker.ts	next
src/compiler/utilities.ts	modifiersToFlags	src/compiler/sourcemap.ts	next
src/compiler/utilities.ts	modifiersToFlags	src/testRunner/parallel/worker.ts	next
src/compiler/utilities.ts	removeFileExtension	src/compiler/sourcemap.ts	next
src/compiler/utilities.ts	removeFileExtension	src/testRunner/parallel/worker.ts	next
src/compiler/utilities.ts	setSymlinkedDirectory	src/compiler/builderState.ts	set
src/compiler/utilities.ts	setSymlinkedDirectory	src/compiler/factory/nodeFactory.ts	set
src/compiler/utilities.ts	setSymlinkedDirectory	src/compiler/moduleNameResolver.ts	set
src/compiler/utilities.ts	setSymlinkedDirectory	src/compiler/transformers/utilities.ts	set
src/compiler/utilities.ts	setSymlinkedDirectory	src/compiler/types.ts	set
src/compiler/utilities.ts	setSymlinkedDirectory	src/harness/collectionsImpl.ts	set
src/compiler/utilities.ts	setSymlinkedDirectory	src/server/editorServices.ts	set
src/compiler/utilities.ts	setSymlinkedDirectory	src/server/moduleSpecifierCache.ts	set
src/compiler/utilities.ts	setSymlinkedDirectory	src/server/utilitiesPublic.ts	set
src/compiler/utilities.ts	setSymlinkedDirectory	src/services/types.ts	set
src/compiler/utilities.ts	setSymlinkedDirectory	src/testRunner/parallel/host.ts	set
src/compiler/utilities.ts	setSymlinkedFile	src/compiler/builderState.ts	set
src/compiler/utilities.ts	setSymlinkedFile	src/compiler/factory/nodeFactory.ts	set
src/compiler/utilities.ts	setSymlinkedFile	src/compiler/moduleNameResolver.ts	set
src/compiler/utilities.ts	setSymlinkedFile	src/compiler/transformers/utilities.ts	set
src/compiler/utilities.ts	setSymlinkedFile	src/compiler/types.ts	set
src/compiler/utilities.ts	setSymlinkedFile	src/harness/collectionsImpl.ts	set
src/compiler/utilities.ts	setSymlinkedFile	src/server/editorServices.ts	set
src/compiler/utilities.ts	setSymlinkedFile	src/server/moduleSpecifierCache.ts	set
src/compiler/utilities.ts	setSymlinkedFile	src/server/utilitiesPublic.ts	set
src/compiler/utilities.ts	setSymlinkedFile	src/services/types.ts	set
src/compiler/utilities.ts	setSymlinkedFile	src/testRunner/parallel/host.ts	set
src/compiler/utilities.ts	tryParsePatterns	src/compiler/core.ts	add
src/compiler/utilities.ts	tryParsePatterns	src/compiler/sourcemap.ts	next
src/compiler/utilities.ts	tryParsePatterns	src/compiler/tracing.ts	push
src/compiler/utilities.ts	tryParsePatterns	src/compiler/transformers/utilities.ts	add
src/compiler/utilities.ts	tryParsePatterns	src/compiler/types.ts	add
src/compiler/utilities.ts	tryParsePatterns	src/harness/watchUtils.ts	add
src/compiler/utilities.ts	tryParsePatterns	src/server/scriptVersionCache.ts	add
src/compiler/utilities.ts	tryParsePatterns	src/services/completions.ts	add
src/compiler/utilities.ts	tryParsePatterns	src/services/exportInfoMap.ts	add
src/compiler/utilities.ts	tryParsePatterns	src/services/stringCompletions.ts	add
src/compiler/utilities.ts	tryParsePatterns	src/testRunner/parallel/worker.ts	next
src/compiler/utilities.ts	visitDirectory	src/compiler/sourcemap.ts	next
src/compiler/utilities.ts	visitDirectory	src/testRunner/parallel/worker.ts	next
src/compiler/utilitiesPublic.ts	guessIndentation	src/compiler/sourcemap.ts	next
src/compiler/utilitiesPublic.ts	guessIndentation	src/testRunner/parallel/worker.ts	next
src/compiler/visitorPublic.ts	ArrayBindingPattern	src/compiler/types.ts	updateArrayBindingPattern
src/compiler/visitorPublic.ts	ArrayLiteralExpression	src/compiler/types.ts	updateArrayLiteralExpression
src/compiler/visitorPublic.ts	ArrayType	src/compiler/types.ts	updateArrayTypeNode
src/compiler/visitorPublic.ts	ArrowFunction	src/compiler/types.ts	updateArrowFunction
src/compiler/visitorPublic.ts	AsExpression	src/compiler/types.ts	updateAsExpression
src/compiler/visitorPublic.ts	AwaitExpression	src/compiler/types.ts	updateAwaitExpression
src/compiler/visitorPublic.ts	BinaryExpression	src/compiler/types.ts	updateBinaryExpression
src/compiler/visitorPublic.ts	BindingElement	src/compiler/types.ts	updateBindingElement
src/compiler/visitorPublic.ts	Block	src/compiler/types.ts	updateBlock
src/compiler/visitorPublic.ts	BreakStatement	src/compiler/types.ts	updateBreakStatement
src/compiler/visitorPublic.ts	CallExpression	src/compiler/types.ts	updateCallChain
src/compiler/visitorPublic.ts	CallExpression	src/compiler/types.ts	updateCallExpression
src/compiler/visitorPublic.ts	CallSignature	src/compiler/types.ts	updateCallSignature
src/compiler/visitorPublic.ts	CaseBlock	src/compiler/types.ts	updateCaseBlock
src/compiler/visitorPublic.ts	CaseClause	src/compiler/types.ts	updateCaseClause
src/compiler/visitorPublic.ts	CatchClause	src/compiler/types.ts	updateCatchClause
src/compiler/visitorPublic.ts	ClassDeclaration	src/compiler/types.ts	updateClassDeclaration
src/compiler/visitorPublic.ts	ClassExpression	src/compiler/types.ts	updateClassExpression
src/compiler/visitorPublic.ts	ClassStaticBlockDeclaration	src/compiler/types.ts	updateClassStaticBlockDeclaration
src/compiler/visitorPublic.ts	CommaListExpression	src/compiler/types.ts	updateCommaListExpression
src/compiler/visitorPublic.ts	ComputedPropertyName	src/compiler/types.ts	updateComputedPropertyName
src/compiler/visitorPublic.ts	ConditionalExpression	src/compiler/types.ts	updateConditionalExpression
src/compiler/visitorPublic.ts	ConditionalType	src/compiler/types.ts	updateConditionalTypeNode
src/compiler/visitorPublic.ts	ConstructSignature	src/compiler/types.ts	updateConstructSignature
src/compiler/visitorPublic.ts	Constructor	src/compiler/types.ts	updateConstructorDeclaration
src/compiler/visitorPublic.ts	ConstructorType	src/compiler/types.ts	updateConstructorTypeNode
src/compiler/visitorPublic.ts	ContinueStatement	src/compiler/types.ts	updateContinueStatement
src/compiler/visitorPublic.ts	Decorator	src/compiler/types.ts	updateDecorator
src/compiler/visitorPublic.ts	DefaultClause	src/compiler/types.ts	updateDefaultClause
src/compiler/visitorPublic.ts	DeleteExpression	src/compiler/types.ts	updateDeleteExpression
src/compiler/visitorPublic.ts	DoStatement	src/compiler/types.ts	updateDoStatement
src/compiler/visitorPublic.ts	ElementAccessExpression	src/compiler/types.ts	updateElementAccessChain
src/compiler/visitorPublic.ts	ElementAccessExpression	src/compiler/types.ts	updateElementAccessExpression
src/compiler/visitorPublic.ts	EnumDeclaration	src/compiler/types.ts	updateEnumDeclaration
src/compiler/visitorPublic.ts	EnumMember	src/compiler/types.ts	updateEnumMember
src/compiler/visitorPublic.ts	ExportAssignment	src/compiler/types.ts	updateExportAssignment
src/compiler/visitorPublic.ts	ExportDeclaration	src/compiler/types.ts	updateExportDeclaration
src/compiler/visitorPublic.ts	ExportSpecifier	src/compiler/types.ts	updateExportSpecifier
src/compiler/visitorPublic.ts	ExpressionStatement	src/compiler/types.ts	updateExpressionStatement
src/compiler/visitorPublic.ts	ExpressionWithTypeArguments	src/compiler/types.ts	updateExpressionWithTypeArguments
src/compiler/visitorPublic.ts	ExternalModuleReference	src/compiler/types.ts	updateExternalModuleReference
src/compiler/visitorPublic.ts	ForInStatement	src/compiler/types.ts	updateForInStatement
src/compiler/visitorPublic.ts	ForOfStatement	src/compiler/types.ts	updateForOfStatement
src/compiler/visitorPublic.ts	ForStatement	src/compiler/types.ts	updateForStatement
src/compiler/visitorPublic.ts	FunctionDeclaration	src/compiler/types.ts	updateFunctionDeclaration
src/compiler/visitorPublic.ts	FunctionExpression	src/compiler/types.ts	updateFunctionExpression
src/compiler/visitorPublic.ts	FunctionType	src/compiler/types.ts	updateFunctionTypeNode
src/compiler/visitorPublic.ts	GetAccessor	src/compiler/types.ts	updateGetAccessorDeclaration
src/compiler/visitorPublic.ts	HeritageClause	src/compiler/types.ts	updateHeritageClause
src/compiler/visitorPublic.ts	IfStatement	src/compiler/types.ts	updateIfStatement
src/compiler/visitorPublic.ts	ImportAttribute	src/compiler/types.ts	updateImportAttribute
src/compiler/visitorPublic.ts	ImportAttributes	src/compiler/types.ts	updateImportAttributes
src/compiler/visitorPublic.ts	ImportClause	src/compiler/types.ts	updateImportClause
src/compiler/visitorPublic.ts	ImportDeclaration	src/compiler/types.ts	updateImportDeclaration
src/compiler/visitorPublic.ts	ImportEqualsDeclaration	src/compiler/types.ts	updateImportEqualsDeclaration
src/compiler/visitorPublic.ts	ImportSpecifier	src/compiler/types.ts	updateImportSpecifier
src/compiler/visitorPublic.ts	ImportType	src/compiler/types.ts	updateImportTypeNode
src/compiler/visitorPublic.ts	ImportTypeAssertionContainer	src/compiler/types.ts	updateImportTypeAssertionContainer
src/compiler/visitorPublic.ts	IndexSignature	src/compiler/types.ts	updateIndexSignature
src/compiler/visitorPublic.ts	IndexedAccessType	src/compiler/types.ts	updateIndexedAccessTypeNode
src/compiler/visitorPublic.ts	InferType	src/compiler/types.ts	updateInferTypeNode
src/compiler/visitorPublic.ts	InterfaceDeclaration	src/compiler/types.ts	updateInterfaceDeclaration
src/compiler/visitorPublic.ts	IntersectionType	src/compiler/types.ts	updateIntersectionTypeNode
src/compiler/visitorPublic.ts	JsxAttribute	src/compiler/types.ts	updateJsxAttribute
src/compiler/visitorPublic.ts	JsxAttributes	src/compiler/types.ts	updateJsxAttributes
src/compiler/visitorPublic.ts	JsxClosingElement	src/compiler/types.ts	updateJsxClosingElement
src/compiler/visitorPublic.ts	JsxElement	src/compiler/types.ts	updateJsxElement
src/compiler/visitorPublic.ts	JsxExpression	src/compiler/types.ts	updateJsxExpression
src/compiler/visitorPublic.ts	JsxFragment	src/compiler/types.ts	updateJsxFragment
src/compiler/visitorPublic.ts	JsxNamespacedName	src/compiler/types.ts	updateJsxNamespacedName
src/compiler/visitorPublic.ts	JsxOpeningElement	src/compiler/types.ts	updateJsxOpeningElement
src/compiler/visitorPublic.ts	JsxSelfClosingElement	src/compiler/types.ts	updateJsxSelfClosingElement
src/compiler/visitorPublic.ts	JsxSpreadAttribute	src/compiler/types.ts	updateJsxSpreadAttribute
src/compiler/visitorPublic.ts	LabeledStatement	src/compiler/types.ts	updateLabeledStatement
src/compiler/visitorPublic.ts	LiteralType	src/compiler/types.ts	updateLiteralTypeNode
src/compiler/visitorPublic.ts	MappedType	src/compiler/types.ts	updateMappedTypeNode
src/compiler/visitorPublic.ts	MetaProperty	src/compiler/types.ts	updateMetaProperty
src/compiler/visitorPublic.ts	MethodDeclaration	src/compiler/types.ts	updateMethodDeclaration
src/compiler/visitorPublic.ts	MethodSignature	src/compiler/types.ts	updateMethodSignature
src/compiler/visitorPublic.ts	ModuleBlock	src/compiler/types.ts	updateModuleBlock
src/compiler/visitorPublic.ts	ModuleDeclaration	src/compiler/types.ts	updateModuleDeclaration
src/compiler/visitorPublic.ts	NamedExports	src/compiler/types.ts	updateNamedExports
src/compiler/visitorPublic.ts	NamedImports	src/compiler/types.ts	updateNamedImports
src/compiler/visitorPublic.ts	NamedTupleMember	src/compiler/types.ts	updateNamedTupleMember
src/compiler/visitorPublic.ts	NamespaceExport	src/compiler/types.ts	updateNamespaceExport
src/compiler/visitorPublic.ts	NamespaceExportDeclaration	src/compiler/types.ts	updateNamespaceExportDeclaration
src/compiler/visitorPublic.ts	NamespaceImport	src/compiler/types.ts	updateNamespaceImport
src/compiler/visitorPublic.ts	NewExpression	src/compiler/types.ts	updateNewExpression
src/compiler/visitorPublic.ts	NonNullExpression	src/compiler/types.ts	updateNonNullChain
src/compiler/visitorPublic.ts	NonNullExpression	src/compiler/types.ts	updateNonNullExpression
src/compiler/visitorPublic.ts	ObjectBindingPattern	src/compiler/types.ts	updateObjectBindingPattern
src/compiler/visitorPublic.ts	ObjectLiteralExpression	src/compiler/types.ts	updateObjectLiteralExpression
src/compiler/visitorPublic.ts	OptionalType	src/compiler/types.ts	updateOptionalTypeNode
src/compiler/visitorPublic.ts	Parameter	src/compiler/types.ts	updateParameterDeclaration
src/compiler/visitorPublic.ts	ParenthesizedExpression	src/compiler/types.ts	updateParenthesizedExpression
src/compiler/visitorPublic.ts	ParenthesizedType	src/compiler/types.ts	updateParenthesizedType
src/compiler/visitorPublic.ts	PartiallyEmittedExpression	src/compiler/types.ts	updatePartiallyEmittedExpression
src/compiler/visitorPublic.ts	PostfixUnaryExpression	src/compiler/types.ts	updatePostfixUnaryExpression
src/compiler/visitorPublic.ts	PrefixUnaryExpression	src/compiler/types.ts	updatePrefixUnaryExpression
src/compiler/visitorPublic.ts	PropertyAccessExpression	src/compiler/types.ts	updatePropertyAccessChain
src/compiler/visitorPublic.ts	PropertyAccessExpression	src/compiler/types.ts	updatePropertyAccessExpression
src/compiler/visitorPublic.ts	PropertyAssignment	src/compiler/types.ts	updatePropertyAssignment
src/compiler/visitorPublic.ts	PropertyDeclaration	src/compiler/types.ts	updatePropertyDeclaration
src/compiler/visitorPublic.ts	PropertySignature	src/compiler/types.ts	updatePropertySignature
src/compiler/visitorPublic.ts	QualifiedName	src/compiler/types.ts	updateQualifiedName
src/compiler/visitorPublic.ts	RestType	src/compiler/types.ts	updateRestTypeNode
src/compiler/visitorPublic.ts	ReturnStatement	src/compiler/types.ts	updateReturnStatement
src/compiler/visitorPublic.ts	SatisfiesExpression	src/compiler/types.ts	updateSatisfiesExpression
src/compiler/visitorPublic.ts	SetAccessor	src/compiler/types.ts	updateSetAccessorDeclaration
src/compiler/visitorPublic.ts	ShorthandPropertyAssignment	src/compiler/types.ts	updateShorthandPropertyAssignment
src/compiler/visitorPublic.ts	SourceFile	src/compiler/types.ts	updateSourceFile
src/compiler/visitorPublic.ts	SpreadAssignment	src/compiler/types.ts	updateSpreadAssignment
src/compiler/visitorPublic.ts	SpreadElement	src/compiler/types.ts	updateSpreadElement
src/compiler/visitorPublic.ts	SwitchStatement	src/compiler/types.ts	updateSwitchStatement
src/compiler/visitorPublic.ts	TaggedTemplateExpression	src/compiler/types.ts	updateTaggedTemplateExpression
src/compiler/visitorPublic.ts	TemplateExpression	src/compiler/types.ts	updateTemplateExpression
src/compiler/visitorPublic.ts	TemplateLiteralType	src/compiler/types.ts	updateTemplateLiteralType
src/compiler/visitorPublic.ts	TemplateLiteralTypeSpan	src/compiler/types.ts	updateTemplateLiteralTypeSpan
src/compiler/visitorPublic.ts	TemplateSpan	src/compiler/types.ts	updateTemplateSpan
src/compiler/visitorPublic.ts	ThrowStatement	src/compiler/types.ts	updateThrowStatement
src/compiler/visitorPublic.ts	TryStatement	src/compiler/types.ts	updateTryStatement
src/compiler/visitorPublic.ts	TupleType	src/compiler/types.ts	updateTupleTypeNode
src/compiler/visitorPublic.ts	TypeAliasDeclaration	src/compiler/types.ts	updateTypeAliasDeclaration
src/compiler/visitorPublic.ts	TypeAssertionExpression	src/compiler/types.ts	updateTypeAssertion
src/compiler/visitorPublic.ts	TypeLiteral	src/compiler/types.ts	updateTypeLiteralNode
src/compiler/visitorPublic.ts	TypeOfExpression	src/compiler/types.ts	updateTypeOfExpression
src/compiler/visitorPublic.ts	TypeOperator	src/compiler/types.ts	updateTypeOperatorNode
src/compiler/visitorPublic.ts	TypeParameter	src/compiler/types.ts	updateTypeParameterDeclaration
src/compiler/visitorPublic.ts	TypePredicate	src/compiler/types.ts	updateTypePredicateNode
src/compiler/visitorPublic.ts	TypeQuery	src/compiler/types.ts	updateTypeQueryNode
src/compiler/visitorPublic.ts	TypeReference	src/compiler/types.ts	updateTypeReferenceNode
src/compiler/visitorPublic.ts	UnionType	src/compiler/types.ts	updateUnionTypeNode
src/compiler/visitorPublic.ts	VariableDeclaration	src/compiler/types.ts	updateVariableDeclaration
src/compiler/visitorPublic.ts	VariableDeclarationList	src/compiler/types.ts	updateVariableDeclarationList
src/compiler/visitorPublic.ts	VariableStatement	src/compiler/types.ts	updateVariableStatement
src/compiler/visitorPublic.ts	VoidExpression	src/compiler/types.ts	updateVoidExpression
src/compiler/visitorPublic.ts	WhileStatement	src/compiler/types.ts	updateWhileStatement
src/compiler/visitorPublic.ts	WithStatement	src/compiler/types.ts	updateWithStatement
src/compiler/visitorPublic.ts	YieldExpression	src/compiler/types.ts	updateYieldExpression
src/compiler/visitorPublic.ts	addDefaultValueAssignmentForBindingPattern	src/compiler/types.ts	createConditionalExpression
src/compiler/visitorPublic.ts	addDefaultValueAssignmentForBindingPattern	src/compiler/types.ts	createStrictEquality
src/compiler/visitorPublic.ts	addDefaultValueAssignmentForBindingPattern	src/compiler/types.ts	createVariableDeclaration
src/compiler/visitorPublic.ts	addDefaultValueAssignmentForBindingPattern	src/compiler/types.ts	createVariableDeclarationList
src/compiler/visitorPublic.ts	addDefaultValueAssignmentForBindingPattern	src/compiler/types.ts	createVariableStatement
src/compiler/visitorPublic.ts	addDefaultValueAssignmentForBindingPattern	src/compiler/types.ts	createVoidZero
src/compiler/visitorPublic.ts	addDefaultValueAssignmentForBindingPattern	src/compiler/types.ts	getGeneratedNameForNode
src/compiler/visitorPublic.ts	addDefaultValueAssignmentForBindingPattern	src/compiler/types.ts	updateParameterDeclaration
src/compiler/visitorPublic.ts	addDefaultValueAssignmentForInitializer	src/compiler/types.ts	cloneNode
src/compiler/visitorPublic.ts	addDefaultValueAssignmentForInitializer	src/compiler/types.ts	createAssignment
src/compiler/visitorPublic.ts	addDefaultValueAssignmentForInitializer	src/compiler/types.ts	createBlock
src/compiler/visitorPublic.ts	addDefaultValueAssignmentForInitializer	src/compiler/types.ts	createExpressionStatement
src/compiler/visitorPublic.ts	addDefaultValueAssignmentForInitializer	src/compiler/types.ts	createIfStatement
src/compiler/visitorPublic.ts	addDefaultValueAssignmentForInitializer	src/compiler/types.ts	createTypeCheck
src/compiler/visitorPublic.ts	addDefaultValueAssignmentForInitializer	src/compiler/types.ts	updateParameterDeclaration
src/compiler/visitorPublic.ts	addDefaultValueAssignmentsIfNeeded	src/compiler/types.ts	createNodeArray
src/compiler/visitorPublic.ts	visitArrayWorker	src/compiler/sourcemap.ts	next
src/compiler/visitorPublic.ts	visitArrayWorker	src/testRunner/parallel/worker.ts	next
src/compiler/visitorPublic.ts	visitFunctionBody6	src/compiler/types.ts	createBlock
src/compiler/visitorPublic.ts	visitFunctionBody6	src/compiler/types.ts	mergeLexicalEnvironment
src/compiler/visitorPublic.ts	visitFunctionBody6	src/compiler/types.ts	updateBlock
src/compiler/visitorPublic.ts	visitIterationBody2	src/compiler/types.ts	createBlock
src/compiler/visitorPublic.ts	visitIterationBody2	src/compiler/types.ts	updateBlock
src/compiler/visitorPublic.ts	visitLexicalEnvironment	src/compiler/types.ts	ensureUseStrict
src/compiler/visitorPublic.ts	visitLexicalEnvironment	src/compiler/types.ts	mergeLexicalEnvironment
src/compiler/visitorPublic.ts	visitNodes2	src/compiler/types.ts	createNodeArray
src/compiler/watch.ts	explainFiles	src/compiler/sourcemap.ts	next
src/compiler/watch.ts	explainFiles	src/testRunner/parallel/worker.ts	next
src/compiler/watch.ts	explainIfFileIsRedirectAndImpliedFormat	src/compiler/tracing.ts	push
src/compiler/watch.ts	getLocaleTimeString	src/harness/fourslashImpl.ts	replace
src/compiler/watch.ts	getLocaleTimeString	src/harness/fourslashInterfaceImpl.ts	replace
src/compiler/watchPublic.ts	createNewProgram	src/compiler/sourcemap.ts	next
src/compiler/watchPublic.ts	createNewProgram	src/testRunner/parallel/worker.ts	next
src/compiler/watchPublic.ts	createWatchProgram2	src/compiler/binder.ts	bind
src/compiler/watchPublic.ts	createWatchProgram2	src/deprecatedCompat/deprecations.ts	bind
src/compiler/watchPublic.ts	getParsedCommandLine	src/compiler/builderState.ts	set
src/compiler/watchPublic.ts	getParsedCommandLine	src/compiler/factory/nodeFactory.ts	set
src/compiler/watchPublic.ts	getParsedCommandLine	src/compiler/moduleNameResolver.ts	set
src/compiler/watchPublic.ts	getParsedCommandLine	src/compiler/transformers/utilities.ts	set
src/compiler/watchPublic.ts	getParsedCommandLine	src/compiler/types.ts	set
src/compiler/watchPublic.ts	getParsedCommandLine	src/harness/collectionsImpl.ts	set
src/compiler/watchPublic.ts	getParsedCommandLine	src/server/editorServices.ts	set
src/compiler/watchPublic.ts	getParsedCommandLine	src/server/moduleSpecifierCache.ts	set
src/compiler/watchPublic.ts	getParsedCommandLine	src/server/utilitiesPublic.ts	set
src/compiler/watchPublic.ts	getParsedCommandLine	src/services/types.ts	set
src/compiler/watchPublic.ts	getParsedCommandLine	src/testRunner/parallel/host.ts	set
src/compiler/watchPublic.ts	onMissingFileChange	src/compiler/builderPublic.ts	close
src/compiler/watchPublic.ts	onMissingFileChange	src/compiler/resolutionCache.ts	close
src/compiler/watchPublic.ts	onMissingFileChange	src/compiler/sys.ts	close
src/compiler/watchPublic.ts	onMissingFileChange	src/compiler/tsbuildPublic.ts	close
src/compiler/watchPublic.ts	onMissingFileChange	src/compiler/watchUtilities.ts	close
src/compiler/watchPublic.ts	onMissingFileChange	src/harness/sourceMapRecorder.ts	close
src/compiler/watchPublic.ts	onMissingFileChange	src/harness/watchUtils.ts	close
src/compiler/watchPublic.ts	onMissingFileChange	src/server/editorServices.ts	close
src/compiler/watchPublic.ts	onMissingFileChange	src/server/project.ts	close
src/compiler/watchPublic.ts	onMissingFileChange	src/server/scriptInfo.ts	close
src/compiler/watchPublic.ts	onMissingFileChange	src/server/utilitiesPublic.ts	close
src/compiler/watchPublic.ts	onMissingFileChange	src/tsserver/nodeServer.ts	close
src/compiler/watchPublic.ts	onReleaseOldSourceFile	src/compiler/tracing.ts	push
src/compiler/watchPublic.ts	onReleaseParsedCommandLine	src/compiler/core.ts	delete
src/compiler/watchPublic.ts	onReleaseParsedCommandLine	src/compiler/moduleNameResolver.ts	delete
src/compiler/watchPublic.ts	onReleaseParsedCommandLine	src/compiler/transformers/utilities.ts	delete
src/compiler/watchPublic.ts	onReleaseParsedCommandLine	src/harness/collectionsImpl.ts	delete
src/compiler/watchPublic.ts	onReleaseParsedCommandLine	src/server/packageJsonCache.ts	delete
src/compiler/watchPublic.ts	onReleaseParsedCommandLine	src/services/textChanges.ts	delete
src/compiler/watchPublic.ts	reloadConfigFile	src/compiler/builderState.ts	set
src/compiler/watchPublic.ts	reloadConfigFile	src/compiler/factory/nodeFactory.ts	set
src/compiler/watchPublic.ts	reloadConfigFile	src/compiler/moduleNameResolver.ts	set
src/compiler/watchPublic.ts	reloadConfigFile	src/compiler/transformers/utilities.ts	set
src/compiler/watchPublic.ts	reloadConfigFile	src/compiler/types.ts	set
src/compiler/watchPublic.ts	reloadConfigFile	src/harness/collectionsImpl.ts	set
src/compiler/watchPublic.ts	reloadConfigFile	src/server/editorServices.ts	set
src/compiler/watchPublic.ts	reloadConfigFile	src/server/moduleSpecifierCache.ts	set
src/compiler/watchPublic.ts	reloadConfigFile	src/server/utilitiesPublic.ts	set
src/compiler/watchPublic.ts	reloadConfigFile	src/services/types.ts	set
src/compiler/watchPublic.ts	reloadConfigFile	src/testRunner/parallel/host.ts	set
src/compiler/watchUtilities.ts	createDirectoryWatcherWithLogging	src/compiler/sys.ts	watchDirectory
src/compiler/watchUtilities.ts	createDirectoryWatcherWithLogging	src/compiler/watchPublic.ts	watchDirectory
src/compiler/watchUtilities.ts	createDirectoryWatcherWithLogging	src/harness/harnessLanguageService.ts	watchDirectory
src/compiler/watchUtilities.ts	createDirectoryWatcherWithLogging	src/server/editorServices.ts	watchDirectory
src/compiler/watchUtilities.ts	createDirectoryWatcherWithLogging	src/server/types.ts	watchDirectory
src/compiler/watchUtilities.ts	createDirectoryWatcherWithLogging	src/testRunner/unittests/helpers/tsserver.ts	watchDirectory
src/compiler/watchUtilities.ts	createDirectoryWatcherWithLogging	src/testRunner/unittests/sys/symlinkWatching.ts	watchDirectory
src/compiler/watchUtilities.ts	createDirectoryWatcherWithLogging	src/testRunner/unittests/tsserver/session.ts	watchDirectory
src/compiler/watchUtilities.ts	createFileWatcherWithLogging	src/compiler/sys.ts	watchFile
src/compiler/watchUtilities.ts	createFileWatcherWithLogging	src/compiler/tsbuildPublic.ts	watchFile
src/compiler/watchUtilities.ts	createFileWatcherWithLogging	src/compiler/watchPublic.ts	watchFile
src/compiler/watchUtilities.ts	createFileWatcherWithLogging	src/harness/harnessLanguageService.ts	watchFile
src/compiler/watchUtilities.ts	createFileWatcherWithLogging	src/server/editorServices.ts	watchFile
src/compiler/watchUtilities.ts	createFileWatcherWithLogging	src/server/types.ts	watchFile
src/compiler/watchUtilities.ts	createFileWatcherWithLogging	src/testRunner/unittests/helpers/tsserver.ts	watchFile
src/compiler/watchUtilities.ts	createFileWatcherWithLogging	src/testRunner/unittests/sys/symlinkWatching.ts	watchFile
src/compiler/watchUtilities.ts	createFileWatcherWithLogging	src/testRunner/unittests/tsserver/session.ts	watchFile
src/deprecatedCompat/deprecations.ts	createOverload	src/compiler/sourcemap.ts	next
src/deprecatedCompat/deprecations.ts	createOverload	src/testRunner/parallel/worker.ts	next
src/harness/client.ts	getBraceMatchingAtPosition	src/compiler/core.ts	map
src/harness/client.ts	getCodeFixesAtPosition	src/compiler/core.ts	map
src/harness/client.ts	getCompletionsAtPosition	src/compiler/core.ts	map
src/harness/client.ts	getDefinitionAtPosition	src/compiler/core.ts	map
src/harness/client.ts	getDocumentHighlights	src/compiler/core.ts	map
src/harness/client.ts	getFileReferences	src/compiler/core.ts	map
src/harness/client.ts	getFileReferences	src/harness/harnessLanguageService.ts	openFile
src/harness/client.ts	getFormattingEditsAfterKeystroke	src/compiler/core.ts	map
src/harness/client.ts	getFormattingEditsForDocument	src/harness/harnessLanguageService.ts	getLength
src/harness/client.ts	getFormattingEditsForDocument	src/server/scriptVersionCache.ts	getLength
src/harness/client.ts	getFormattingEditsForDocument	src/services/types.ts	getLength
src/harness/client.ts	getFormattingEditsForDocument	src/testRunner/unittests/helpers.ts	getLength
src/harness/client.ts	getFormattingEditsForRange	src/compiler/core.ts	map
src/harness/client.ts	getImplementationAtPosition	src/compiler/core.ts	map
src/harness/client.ts	getNavigateToItems	src/compiler/core.ts	map
src/harness/client.ts	getOutliningSpans	src/compiler/core.ts	map
src/harness/client.ts	getReferencesAtPosition	src/compiler/core.ts	map
src/harness/client.ts	getRenameInfo	src/compiler/sourcemap.ts	next
src/harness/client.ts	getRenameInfo	src/testRunner/parallel/worker.ts	next
src/harness/client.ts	getTypeDefinitionAtPosition	src/compiler/core.ts	map
src/harness/client.ts	provideInlayHints	src/compiler/core.ts	map
src/harness/collectionsImpl.ts	<init>	src/compiler/sourcemap.ts	next
src/harness/collectionsImpl.ts	<init>	src/testRunner/parallel/worker.ts	next
src/harness/collectionsImpl.ts	entries	src/compiler/sourcemap.ts	next
src/harness/collectionsImpl.ts	entries	src/testRunner/parallel/worker.ts	next
src/harness/collectionsImpl.ts	forEach	src/compiler/sourcemap.ts	next
src/harness/collectionsImpl.ts	forEach	src/testRunner/parallel/worker.ts	next
src/harness/collectionsImpl.ts	keys	src/compiler/sourcemap.ts	next
src/harness/collectionsImpl.ts	keys	src/testRunner/parallel/worker.ts	next
src/harness/collectionsImpl.ts	size	src/compiler/sourcemap.ts	next
src/harness/collectionsImpl.ts	size	src/testRunner/parallel/worker.ts	next
src/harness/collectionsImpl.ts	values	src/compiler/sourcemap.ts	next
src/harness/collectionsImpl.ts	values	src/testRunner/parallel/worker.ts	next
src/harness/compilerImpl.ts	<init>	src/compiler/sourcemap.ts	next
src/harness/compilerImpl.ts	<init>	src/compiler/types.ts	getSourceFiles
src/harness/compilerImpl.ts	<init>	src/testRunner/parallel/worker.ts	next
src/harness/compilerImpl.ts	<lambda>5	src/compiler/types.ts	getSuggestionDiagnostics
src/harness/compilerImpl.ts	commonSourceDirectory	src/compiler/types.ts	getCommonSourceDirectory
src/harness/compilerImpl.ts	compileFiles	src/compiler/types.ts	emit
src/harness/compilerImpl.ts	compileFiles	src/compiler/types.ts	getSourceFiles
src/harness/evaluatorImpl.ts	evaluate	src/compiler/sourcemap.ts	next
src/harness/evaluatorImpl.ts	evaluate	src/testRunner/parallel/worker.ts	next
src/harness/evaluatorImpl.ts	evaluateModule	src/compiler/sourcemap.ts	next
src/harness/evaluatorImpl.ts	evaluateModule	src/testRunner/parallel/worker.ts	next
src/harness/evaluatorImpl.ts	evaluateTypeScript	src/services/callHierarchy.ts	isDefined
src/harness/evaluatorImpl.ts	exporter	src/compiler/sourcemap.ts	next
src/harness/evaluatorImpl.ts	exporter	src/testRunner/parallel/worker.ts	next
src/harness/evaluatorImpl.ts	instantiateModule	src/compiler/core.ts	map
src/harness/evaluatorImpl.ts	instantiateModule	src/compiler/sourcemap.ts	next
src/harness/evaluatorImpl.ts	instantiateModule	src/testRunner/parallel/worker.ts	next
src/harness/evaluatorImpl.ts	linkModule	src/compiler/sourcemap.ts	next
src/harness/evaluatorImpl.ts	linkModule	src/testRunner/parallel/worker.ts	next
src/harness/evaluatorImpl.ts	resetDependers	src/compiler/sourcemap.ts	next
src/harness/evaluatorImpl.ts	resetDependers	src/testRunner/parallel/worker.ts	next
src/harness/fakesHosts.ts	deleteFile	src/compiler/sys.ts	deleteFile
src/harness/fakesHosts.ts	directoryExists	src/compiler/sys.ts	directoryExists
src/harness/fakesHosts.ts	directoryExists	src/harness/vfsUtil.ts	isDirectory
src/harness/fakesHosts.ts	fileExists	src/compiler/sys.ts	fileExists
src/harness/fakesHosts.ts	fileExists	src/harness/vfsUtil.ts	isFile
src/harness/fakesHosts.ts	getAccessibleFileSystemEntries	src/compiler/sourcemap.ts	next
src/harness/fakesHosts.ts	getAccessibleFileSystemEntries	src/harness/vfsUtil.ts	isDirectory
src/harness/fakesHosts.ts	getAccessibleFileSystemEntries	src/harness/vfsUtil.ts	isFile
src/harness/fakesHosts.ts	getAccessibleFileSystemEntries	src/testRunner/parallel/worker.ts	next
src/harness/fakesHosts.ts	getCurrentDirectory	src/compiler/sys.ts	getCurrentDirectory
src/harness/fakesHosts.ts	getDirectories	src/compiler/sourcemap.ts	next
src/harness/fakesHosts.ts	getDirectories	src/compiler/sys.ts	getDirectories
src/harness/fakesHosts.ts	getDirectories	src/testRunner/parallel/worker.ts	next
src/harness/fakesHosts.ts	getFileSize	src/harness/vfsUtil.ts	isFile
src/harness/fakesHosts.ts	getModifiedTime	src/compiler/sys.ts	getModifiedTime
src/harness/fakesHosts.ts	getSourceFile	src/harness/collectionsImpl.ts	get
src/harness/fakesHosts.ts	getSourceFile	src/harness/vfsUtil.ts	filemeta
src/harness/fakesHosts.ts	readDirectory	src/compiler/sys.ts	readDirectory
src/harness/fakesHosts.ts	readFile	src/compiler/sys.ts	readFile
src/harness/fakesHosts.ts	realpath	src/compiler/sys.ts	realpath
src/harness/fakesHosts.ts	setModifiedTime	src/compiler/sys.ts	setModifiedTime
src/harness/fakesHosts.ts	writeFile	src/compiler/sys.ts	writeFile
src/harness/fakesHosts.ts	writeFile	src/harness/collectionsImpl.ts	set
src/harness/fourslashImpl.ts	<init>	src/compiler/sourcemap.ts	next
src/harness/fourslashImpl.ts	<init>	src/harness/harnessLanguageService.ts	addScript
src/harness/fourslashImpl.ts	<init>	src/harness/harnessLanguageService.ts	getHost
src/harness/fourslashImpl.ts	<init>	src/harness/harnessLanguageService.ts	getLanguageService
src/harness/fourslashImpl.ts	<init>	src/harness/harnessLanguageService.ts	getLogger
src/harness/fourslashImpl.ts	<init>	src/harness/harnessLanguageService.ts	getPreProcessedFileInfo
src/harness/fourslashImpl.ts	<init>	src/testRunner/parallel/worker.ts	next
src/harness/fourslashImpl.ts	<lambda>103	src/services/types.ts	getSyntacticDiagnostics
src/harness/fourslashImpl.ts	<lambda>104	src/services/types.ts	getSemanticDiagnostics
src/harness/fourslashImpl.ts	<lambda>113	src/services/types.ts	getSignatureHelpItems
src/harness/fourslashImpl.ts	<lambda>135	src/harness/fourslashInterfaceImpl.ts	replace
src/harness/fourslashImpl.ts	<lambda>17	src/harness/harnessLanguageService.ts	getScriptInfo
src/harness/fourslashImpl.ts	<lambda>173	src/services/types.ts	getCodeFixesAtPosition
src/harness/fourslashImpl.ts	<lambda>24	src/harness/harnessLanguageService.ts	addScript
src/harness/fourslashImpl.ts	<lambda>25	src/harness/harnessLanguageService.ts	addScript
src/harness/fourslashImpl.ts	<lambda>41	src/compiler/sourcemap.ts	next
src/harness/fourslashImpl.ts	<lambda>41	src/testRunner/parallel/worker.ts	next
src/harness/fourslashImpl.ts	<lambda>54	src/services/types.ts	getTypeDefinitionAtPosition
src/harness/fourslashImpl.ts	<lambda>56	src/services/types.ts	getImplementationAtPosition
src/harness/fourslashImpl.ts	<lambda>59	src/harness/harnessLanguageService.ts	positionToLineAndCharacter
src/harness/fourslashImpl.ts	<lambda>84	src/compiler/core.ts	endsWith
src/harness/fourslashImpl.ts	<lambda>99	src/services/types.ts	getEmitOutput
src/harness/fourslashImpl.ts	addSourceFile	src/compiler/sourcemap.ts	next
src/harness/fourslashImpl.ts	addSourceFile	src/harness/harnessLanguageService.ts	addScript
src/harness/fourslashImpl.ts	addSourceFile	src/testRunner/parallel/worker.ts	next
src/harness/fourslashImpl.ts	annotateContentWithTooltips	src/compiler/sourcemap.ts	next
src/harness/fourslashImpl.ts	annotateContentWithTooltips	src/harness/harnessLanguageService.ts	positionToLineAndCharacter
src/harness/fourslashImpl.ts	annotateContentWithTooltips	src/testRunner/parallel/worker.ts	next
src/harness/fourslashImpl.ts	applyChanges	src/compiler/sourcemap.ts	next
src/harness/fourslashImpl.ts	applyChanges	src/testRunner/parallel/worker.ts	next
src/harness/fourslashImpl.ts	applyRefactor	src/compiler/sourcemap.ts	next
src/harness/fourslashImpl.ts	applyRefactor	src/services/types.ts	getEditsForRefactor
src/harness/fourslashImpl.ts	applyRefactor	src/testRunner/parallel/worker.ts	next
src/harness/fourslashImpl.ts	baselineAutoImports	src/compiler/sourcemap.ts	next
src/harness/fourslashImpl.ts	baselineAutoImports	src/harness/harnessLanguageService.ts	getScriptInfo
src/harness/fourslashImpl.ts	baselineAutoImports	src/testRunner/parallel/worker.ts	next
src/harness/fourslashImpl.ts	baselineCompletions	src/compiler/sourcemap.ts	next
src/harness/fourslashImpl.ts	baselineCompletions	src/testRunner/parallel/worker.ts	next
src/harness/fourslashImpl.ts	baselineGetEmitOutput	src/compiler/sourcemap.ts	next
src/harness/fourslashImpl.ts	baselineGetEmitOutput	src/services/types.ts	getProgram
src/harness/fourslashImpl.ts	baselineGetEmitOutput	src/testRunner/parallel/worker.ts	next
src/harness/fourslashImpl.ts	baselineGoToDefs	src/compiler/core.ts	forEach
src/harness/fourslashImpl.ts	baselineGoToDefs	src/compiler/moduleNameResolver.ts	forEach
src/harness/fourslashImpl.ts	baselineGoToDefs	src/compiler/types.ts	forEach
src/harness/fourslashImpl.ts	baselineGoToDefs	src/harness/collectionsImpl.ts	forEach
src/harness/fourslashImpl.ts	baselineGoToDefs	src/harness/watchUtils.ts	forEach
src/harness/fourslashImpl.ts	baselineLinkedEditing	src/compiler/sourcemap.ts	next
src/harness/fourslashImpl.ts	baselineLinkedEditing	src/testRunner/parallel/worker.ts	next
src/harness/fourslashImpl.ts	baselineMapCode	src/compiler/sourcemap.ts	next
src/harness/fourslashImpl.ts	baselineMapCode	src/testRunner/parallel/worker.ts	next
src/harness/fourslashImpl.ts	checkPostEditInvariants	src/services/types.ts	getProgram
src/harness/fourslashImpl.ts	chompLeadingSpace	src/compiler/sourcemap.ts	next
src/harness/fourslashImpl.ts	chompLeadingSpace	src/testRunner/parallel/worker.ts	next
src/harness/fourslashImpl.ts	commentSelection	src/compiler/sourcemap.ts	next
src/harness/fourslashImpl.ts	commentSelection	src/services/types.ts	commentSelection
src/harness/fourslashImpl.ts	commentSelection	src/testRunner/parallel/worker.ts	next
src/harness/fourslashImpl.ts	convertDocumentSpanToString	src/compiler/sourcemap.ts	next
src/harness/fourslashImpl.ts	convertDocumentSpanToString	src/testRunner/parallel/worker.ts	next
src/harness/fourslashImpl.ts	deleteLineRange	src/harness/harnessLanguageService.ts	lineAndCharacterToPosition
src/harness/fourslashImpl.ts	editScriptAndUpdateMarkers	src/compiler/sourcemap.ts	next
src/harness/fourslashImpl.ts	editScriptAndUpdateMarkers	src/harness/harnessLanguageService.ts	editScript
src/harness/fourslashImpl.ts	editScriptAndUpdateMarkers	src/testRunner/parallel/worker.ts	next
src/harness/fourslashImpl.ts	findReferencesAtCaret	src/services/types.ts	findReferences
src/harness/fourslashImpl.ts	flattenChainedMessage	src/compiler/sourcemap.ts	next
src/harness/fourslashImpl.ts	flattenChainedMessage	src/testRunner/parallel/worker.ts	next
src/harness/fourslashImpl.ts	formatCallHierarchyItem	src/services/types.ts	provideCallHierarchyIncomingCalls
src/harness/fourslashImpl.ts	formatCallHierarchyItem	src/services/types.ts	provideCallHierarchyOutgoingCalls
src/harness/fourslashImpl.ts	formatCallHierarchyItemSpan	src/compiler/sourcemap.ts	next
src/harness/fourslashImpl.ts	formatCallHierarchyItemSpan	src/harness/harnessLanguageService.ts	positionToLineAndCharacter
src/harness/fourslashImpl.ts	formatCallHierarchyItemSpan	src/testRunner/parallel/worker.ts	next
src/harness/fourslashImpl.ts	getAllDiagnostics	src/harness/harnessLanguageService.ts	getFilenames
src/harness/fourslashImpl.ts	getApplicableRefactorsWorker	src/services/types.ts	getApplicableRefactors
src/harness/fourslashImpl.ts	getBaselineContentForFile	src/compiler/sourcemap.ts	next
src/harness/fourslashImpl.ts	getBaselineContentForFile	src/harness/harnessLanguageService.ts	useCaseSensitiveFileNames
src/harness/fourslashImpl.ts	getBaselineContentForFile	src/testRunner/parallel/worker.ts	next
src/harness/fourslashImpl.ts	getBaselineForGroupedDocumentSpansWithFileContents	src/compiler/sourcemap.ts	next
src/harness/fourslashImpl.ts	getBaselineForGroupedDocumentSpansWithFileContents	src/testRunner/parallel/worker.ts	next
src/harness/fourslashImpl.ts	getBreakpointStatementLocation	src/services/types.ts	getBreakpointStatementAtPosition
src/harness/fourslashImpl.ts	getCompletionEntryDetails	src/services/types.ts	getCompletionEntryDetails
src/harness/fourslashImpl.ts	getCompletionListAtCaret	src/services/types.ts	getCompletionsAtPosition
src/harness/fourslashImpl.ts	getCurrentLineContent	src/harness/harnessLanguageService.ts	positionToLineAndCharacter
src/harness/fourslashImpl.ts	getDiagnostics	src/services/types.ts	getSemanticDiagnostics
src/harness/fourslashImpl.ts	getDiagnostics	src/services/types.ts	getSuggestionDiagnostics
src/harness/fourslashImpl.ts	getDiagnostics	src/services/types.ts	getSyntacticDiagnostics
src/harness/fourslashImpl.ts	getDocumentHighlightsAtCurrentPosition	src/services/types.ts	getDocumentHighlights
src/harness/fourslashImpl.ts	getEditsForFileRename	src/harness/harnessLanguageService.ts	renameFileOrDirectory
src/harness/fourslashImpl.ts	getEditsForFileRename	src/services/types.ts	cleanupSemanticCache
src/harness/fourslashImpl.ts	getEmitFiles	src/compiler/sourcemap.ts	next
src/harness/fourslashImpl.ts	getEmitFiles	src/testRunner/parallel/worker.ts	next
src/harness/fourslashImpl.ts	getGoToDefinition	src/services/types.ts	getDefinitionAtPosition
src/harness/fourslashImpl.ts	getGoToDefinitionAndBoundSpan	src/services/types.ts	getDefinitionAndBoundSpan
src/harness/fourslashImpl.ts	getIndentation	src/services/types.ts	getIndentationAtPosition
src/harness/fourslashImpl.ts	getLineColStringAtPosition	src/harness/harnessLanguageService.ts	positionToLineAndCharacter
src/harness/fourslashImpl.ts	getLineContent	src/harness/harnessLanguageService.ts	lineAndCharacterToPosition
src/harness/fourslashImpl.ts	getLinkedEditingBaselineWorker	src/compiler/sourcemap.ts	next
src/harness/fourslashImpl.ts	getLinkedEditingBaselineWorker	src/services/types.ts	getLinkedEditingRangeAtPosition
src/harness/fourslashImpl.ts	getLinkedEditingBaselineWorker	src/testRunner/parallel/worker.ts	next
src/harness/fourslashImpl.ts	getNameOrDottedNameSpan	src/services/types.ts	getNameOrDottedNameSpan
src/harness/fourslashImpl.ts	getNonFileNameOptionInObject	src/compiler/sourcemap.ts	next
src/harness/fourslashImpl.ts	getNonFileNameOptionInObject	src/testRunner/parallel/worker.ts	next
src/harness/fourslashImpl.ts	getProgram	src/services/types.ts	getProgram
src/harness/fourslashImpl.ts	getSemanticDiagnostics	src/services/types.ts	getSemanticDiagnostics
src/harness/fourslashImpl.ts	getSignatureHelp	src/services/types.ts	getSignatureHelpItems
src/harness/fourslashImpl.ts	getSuggestionDiagnostics	src/services/types.ts	getSuggestionDiagnostics
src/harness/fourslashImpl.ts	goToEachRange	src/compiler/sourcemap.ts	next
src/harness/fourslashImpl.ts	goToEachRange	src/testRunner/parallel/worker.ts	next
src/harness/fourslashImpl.ts	goToPosition	src/harness/harnessLanguageService.ts	lineAndCharacterToPosition
src/harness/fourslashImpl.ts	makeWhitespaceVisible	src/harness/fourslashInterfaceImpl.ts	replace
src/harness/fourslashImpl.ts	memoWrap	src/compiler/sourcemap.ts	next
src/harness/fourslashImpl.ts	memoWrap	src/testRunner/parallel/worker.ts	next
src/harness/fourslashImpl.ts	moveToFile	src/services/types.ts	getEditsForRefactor
src/harness/fourslashImpl.ts	moveToNewFile	src/services/types.ts	getEditsForRefactor
src/harness/fourslashImpl.ts	noMoveToNewFile	src/compiler/sourcemap.ts	next
src/harness/fourslashImpl.ts	noMoveToNewFile	src/testRunner/parallel/worker.ts	next
src/harness/fourslashImpl.ts	openFile	src/harness/harnessLanguageService.ts	openFile
src/harness/fourslashImpl.ts	parseTestData	src/compiler/sourcemap.ts	next
src/harness/fourslashImpl.ts	parseTestData	src/testRunner/parallel/worker.ts	next
src/harness/fourslashImpl.ts	printContext	src/harness/harnessLanguageService.ts	getFilenames
src/harness/fourslashImpl.ts	printCurrentFileState	src/compiler/sourcemap.ts	next
src/harness/fourslashImpl.ts	printCurrentFileState	src/testRunner/parallel/worker.ts	next
src/harness/fourslashImpl.ts	printCurrentQuickInfo	src/compiler/core.ts	map
src/harness/fourslashImpl.ts	printCurrentQuickInfo	src/services/types.ts	getQuickInfoAtPosition
src/harness/fourslashImpl.ts	printErrorLog	src/compiler/sourcemap.ts	next
src/harness/fourslashImpl.ts	printErrorLog	src/testRunner/parallel/worker.ts	next
src/harness/fourslashImpl.ts	printNavigationBar	src/compiler/sourcemap.ts	next
src/harness/fourslashImpl.ts	printNavigationBar	src/testRunner/parallel/worker.ts	next
src/harness/fourslashImpl.ts	printNavigationItems	src/compiler/sourcemap.ts	next
src/harness/fourslashImpl.ts	printNavigationItems	src/testRunner/parallel/worker.ts	next
src/harness/fourslashImpl.ts	rangesByText	src/compiler/sourcemap.ts	next
src/harness/fourslashImpl.ts	rangesByText	src/testRunner/parallel/worker.ts	next
src/harness/fourslashImpl.ts	recur	src/compiler/sourcemap.ts	next
src/harness/fourslashImpl.ts	recur	src/testRunner/parallel/worker.ts	next
src/harness/fourslashImpl.ts	renameKeys	src/compiler/sourcemap.ts	next
src/harness/fourslashImpl.ts	renameKeys	src/testRunner/parallel/worker.ts	next
src/harness/fourslashImpl.ts	replaceWithSemanticClassifications	src/compiler/sourcemap.ts	next
src/harness/fourslashImpl.ts	replaceWithSemanticClassifications	src/testRunner/parallel/worker.ts	next
src/harness/fourslashImpl.ts	selectLine	src/harness/harnessLanguageService.ts	lineAndCharacterToPosition
src/harness/fourslashImpl.ts	spanLines	src/compiler/semver.ts	toString
src/harness/fourslashImpl.ts	spanLines	src/compiler/sourcemap.ts	toString
src/harness/fourslashImpl.ts	spanLines	src/compiler/types.ts	toString
src/harness/fourslashImpl.ts	symbolsInScope	src/compiler/types.ts	getSymbolsInScope
src/harness/fourslashImpl.ts	testNewFileContents	src/compiler/sourcemap.ts	next
src/harness/fourslashImpl.ts	testNewFileContents	src/testRunner/parallel/worker.ts	next
src/harness/fourslashImpl.ts	toggleLineComment	src/compiler/sourcemap.ts	next
src/harness/fourslashImpl.ts	toggleLineComment	src/services/types.ts	toggleLineComment
src/harness/fourslashImpl.ts	toggleLineComment	src/testRunner/parallel/worker.ts	next
src/harness/fourslashImpl.ts	toggleMultilineComment	src/compiler/sourcemap.ts	next
src/harness/fourslashImpl.ts	toggleMultilineComment	src/services/types.ts	toggleMultilineComment
src/harness/fourslashImpl.ts	toggleMultilineComment	src/testRunner/parallel/worker.ts	next
src/harness/fourslashImpl.ts	tryAdd	src/harness/harnessLanguageService.ts	addScript
src/harness/fourslashImpl.ts	tryGetFileContent	src/harness/harnessLanguageService.ts	getScriptInfo
src/harness/fourslashImpl.ts	type	src/services/types.ts	getBraceMatchingAtPosition
src/harness/fourslashImpl.ts	type	src/services/types.ts	getCompletionsAtPosition
src/harness/fourslashImpl.ts	type	src/services/types.ts	getSignatureHelpItems
src/harness/fourslashImpl.ts	uncommentSelection	src/compiler/sourcemap.ts	next
src/harness/fourslashImpl.ts	uncommentSelection	src/services/types.ts	uncommentSelection
src/harness/fourslashImpl.ts	uncommentSelection	src/testRunner/parallel/worker.ts	next
src/harness/fourslashImpl.ts	unique	src/compiler/sourcemap.ts	next
src/harness/fourslashImpl.ts	unique	src/testRunner/parallel/worker.ts	next
src/harness/fourslashImpl.ts	verifyCodeFix	src/compiler/sourcemap.ts	next
src/harness/fourslashImpl.ts	verifyCodeFix	src/testRunner/parallel/worker.ts	next
src/harness/fourslashImpl.ts	verifyCompletions	src/compiler/sourcemap.ts	next
src/harness/fourslashImpl.ts	verifyCompletions	src/testRunner/parallel/worker.ts	next
src/harness/fourslashImpl.ts	verifyCompletionsWorker	src/compiler/sourcemap.ts	next
src/harness/fourslashImpl.ts	verifyCompletionsWorker	src/testRunner/parallel/worker.ts	next
src/harness/fourslashImpl.ts	verifyDocCommentTemplate	src/services/types.ts	getDocCommentTemplateAtPosition
src/harness/fourslashImpl.ts	verifyFileAfterApplyingRefactorAtMarker	src/compiler/sourcemap.ts	next
src/harness/fourslashImpl.ts	verifyFileAfterApplyingRefactorAtMarker	src/services/types.ts	getEditsForRefactor
src/harness/fourslashImpl.ts	verifyFileAfterApplyingRefactorAtMarker	src/testRunner/parallel/worker.ts	next
src/harness/fourslashImpl.ts	verifyGetEmitOutput	src/compiler/sourcemap.ts	next
src/harness/fourslashImpl.ts	verifyGetEmitOutput	src/testRunner/parallel/worker.ts	next
src/harness/fourslashImpl.ts	verifyImportFixAtPosition	src/compiler/sourcemap.ts	next
src/harness/fourslashImpl.ts	verifyImportFixAtPosition	src/harness/harnessLanguageService.ts	getScriptInfo
src/harness/fourslashImpl.ts	verifyImportFixAtPosition	src/testRunner/parallel/worker.ts	next
src/harness/fourslashImpl.ts	verifyJsxClosingTag	src/compiler/sourcemap.ts	next
src/harness/fourslashImpl.ts	verifyJsxClosingTag	src/testRunner/parallel/worker.ts	next
src/harness/fourslashImpl.ts	verifyLinkedEditingRange	src/compiler/sourcemap.ts	next
src/harness/fourslashImpl.ts	verifyLinkedEditingRange	src/testRunner/parallel/worker.ts	next
src/harness/fourslashImpl.ts	verifyNavigateTo	src/compiler/sourcemap.ts	next
src/harness/fourslashImpl.ts	verifyNavigateTo	src/testRunner/parallel/worker.ts	next
src/harness/fourslashImpl.ts	verifyNavigationBar	src/services/types.ts	getNavigationBarItems
src/harness/fourslashImpl.ts	verifyNavigationTree	src/services/types.ts	getNavigationTree
src/harness/fourslashImpl.ts	verifyNewContent	src/compiler/sourcemap.ts	next
src/harness/fourslashImpl.ts	verifyNewContent	src/testRunner/parallel/worker.ts	next
src/harness/fourslashImpl.ts	verifyNewContentAfterChange	src/compiler/sourcemap.ts	next
src/harness/fourslashImpl.ts	verifyNewContentAfterChange	src/testRunner/parallel/worker.ts	next
src/harness/fourslashImpl.ts	verifyProjectInfo	src/compiler/core.ts	map
src/harness/fourslashImpl.ts	verifyQuickInfoDisplayParts	src/services/types.ts	getQuickInfoAtPosition
src/harness/fourslashImpl.ts	verifyQuickInfos	src/compiler/sourcemap.ts	next
src/harness/fourslashImpl.ts	verifyQuickInfos	src/testRunner/parallel/worker.ts	next
src/harness/fourslashImpl.ts	verifySignatureHelp	src/compiler/sourcemap.ts	next
src/harness/fourslashImpl.ts	verifySignatureHelp	src/testRunner/parallel/worker.ts	next
src/harness/fourslashImpl.ts	verifySignatureHelpPresence	src/compiler/sourcemap.ts	next
src/harness/fourslashImpl.ts	verifySignatureHelpPresence	src/testRunner/parallel/worker.ts	next
src/harness/fourslashImpl.ts	verifySignatureHelpWorker	src/compiler/sourcemap.ts	next
src/harness/fourslashImpl.ts	verifySignatureHelpWorker	src/testRunner/parallel/worker.ts	next
src/harness/fourslashImpl.ts	verifySpanOfEnclosingComment	src/services/types.ts	getSpanOfEnclosingComment
src/harness/fourslashImpl.ts	verifySymbolAtLocation	src/compiler/types.ts	getSymbolAtLocation
src/harness/fourslashImpl.ts	verifyTypeAtLocation	src/compiler/types.ts	getTypeAtLocation
src/harness/fourslashImpl.ts	verifyTypeAtLocation	src/compiler/types.ts	typeToString
src/harness/fourslashImpl.ts	verifyTypeOfSymbolAtLocation	src/compiler/types.ts	getTypeOfSymbolAtLocation
src/harness/fourslashImpl.ts	verifyTypeOfSymbolAtLocation	src/compiler/types.ts	typeToString
src/harness/fourslashInterfaceImpl.ts	completions	src/compiler/sourcemap.ts	next
src/harness/fourslashInterfaceImpl.ts	completions	src/testRunner/parallel/worker.ts	next
src/harness/harnessGlobals.ts	arrayExtraKeysObject	src/compiler/sourcemap.ts	next
src/harness/harnessGlobals.ts	arrayExtraKeysObject	src/testRunner/parallel/worker.ts	next
src/harness/harnessIO.ts	<lambda>63	src/compiler/sourcemap.ts	next
src/harness/harnessIO.ts	<lambda>63	src/testRunner/parallel/worker.ts	next
src/harness/harnessIO.ts	collateOutputs	src/compiler/sourcemap.ts	next
src/harness/harnessIO.ts	collateOutputs	src/testRunner/parallel/worker.ts	next
src/harness/harnessIO.ts	compileFiles	src/compiler/sourcemap.ts	next
src/harness/harnessIO.ts	compileFiles	src/harness/vfsUtil.ts	apply
src/harness/harnessIO.ts	compileFiles	src/testRunner/parallel/worker.ts	next
src/harness/harnessIO.ts	computeFileBasedTestConfigurationVariations	src/compiler/sourcemap.ts	next
src/harness/harnessIO.ts	computeFileBasedTestConfigurationVariations	src/testRunner/parallel/worker.ts	next
src/harness/harnessIO.ts	createDirectory	src/harness/vfsUtil.ts	mkdirSync
src/harness/harnessIO.ts	deleteFile	src/harness/vfsUtil.ts	unlinkSync
src/harness/harnessIO.ts	filesInFolder	src/compiler/sourcemap.ts	next
src/harness/harnessIO.ts	filesInFolder	src/testRunner/parallel/worker.ts	next
src/harness/harnessIO.ts	findResultCodeFile	src/compiler/builder.ts	getSourceFile
src/harness/harnessIO.ts	findResultCodeFile	src/compiler/builderPublic.ts	getSourceFile
src/harness/harnessIO.ts	findResultCodeFile	src/compiler/emitter.ts	getCommonSourceDirectory
src/harness/harnessIO.ts	findResultCodeFile	src/compiler/moduleSpecifiers.ts	getCommonSourceDirectory
src/harness/harnessIO.ts	findResultCodeFile	src/compiler/program.ts	getCommonSourceDirectory
src/harness/harnessIO.ts	findResultCodeFile	src/compiler/program.ts	getSourceFile
src/harness/harnessIO.ts	findResultCodeFile	src/compiler/programDiagnostics.ts	getCommonSourceDirectory
src/harness/harnessIO.ts	findResultCodeFile	src/compiler/tsbuildPublic.ts	getSourceFile
src/harness/harnessIO.ts	findResultCodeFile	src/compiler/types.ts	getCommonSourceDirectory
src/harness/harnessIO.ts	findResultCodeFile	src/compiler/types.ts	getSourceFile
src/harness/harnessIO.ts	findResultCodeFile	src/compiler/utilities.ts	getCommonSourceDirectory
src/harness/harnessIO.ts	findResultCodeFile	src/harness/client.ts	getSourceFile
src/harness/harnessIO.ts	findResultCodeFile	src/harness/fakesHosts.ts	getSourceFile
src/harness/harnessIO.ts	findResultCodeFile	src/harness/fourslashImpl.ts	getSourceFile
src/harness/harnessIO.ts	findResultCodeFile	src/server/project.ts	getSourceFile
src/harness/harnessIO.ts	findResultCodeFile	src/services/services.ts	getSourceFile
src/harness/harnessIO.ts	findResultCodeFile	src/services/sourcemaps.ts	getSourceFile
src/harness/harnessIO.ts	findResultCodeFile	src/services/stringCompletions.ts	getCommonSourceDirectory
src/harness/harnessIO.ts	findResultCodeFile	src/services/transpile.ts	getSourceFile
src/harness/harnessIO.ts	findResultCodeFile	src/services/types.ts	getSourceFile
src/harness/harnessIO.ts	findResultCodeFile	src/services/utilities.ts	getCommonSourceDirectory
src/harness/harnessIO.ts	findResultCodeFile	src/testRunner/unittests/customTransforms.ts	getSourceFile
src/harness/harnessIO.ts	findResultCodeFile	src/testRunner/unittests/helpers.ts	getSourceFile
src/harness/harnessIO.ts	findResultCodeFile	src/testRunner/unittests/moduleResolution.ts	getSourceFile
src/harness/harnessIO.ts	findResultCodeFile	src/testRunner/unittests/programApi.ts	getSourceFile
src/harness/harnessIO.ts	findResultCodeFile	src/testRunner/unittests/reuseProgramStructure.ts	getSourceFile
src/harness/harnessIO.ts	generateBaseLine	src/compiler/sourcemap.ts	next
src/harness/harnessIO.ts	generateBaseLine	src/testRunner/parallel/worker.ts	next
src/harness/harnessIO.ts	getCommandLineOption	src/compiler/sourcemap.ts	next
src/harness/harnessIO.ts	getCommandLineOption	src/testRunner/parallel/worker.ts	next
src/harness/harnessIO.ts	getErrorBaseline	src/compiler/sourcemap.ts	next
src/harness/harnessIO.ts	getErrorBaseline	src/testRunner/parallel/worker.ts	next
src/harness/harnessIO.ts	getFileBasedTestConfigurationDescription	src/compiler/sourcemap.ts	next
src/harness/harnessIO.ts	getFileBasedTestConfigurationDescription	src/testRunner/parallel/worker.ts	next
src/harness/harnessIO.ts	getFileBasedTestConfigurations	src/compiler/sourcemap.ts	next
src/harness/harnessIO.ts	getFileBasedTestConfigurations	src/testRunner/parallel/worker.ts	next
src/harness/harnessIO.ts	getPerformanceBaselineValues	src/compiler/types.ts	getInstantiationCount
src/harness/harnessIO.ts	getPerformanceBaselineValues	src/compiler/types.ts	getRelationCacheSizes
src/harness/harnessIO.ts	getPerformanceBaselineValues	src/compiler/types.ts	getSymbolCount
src/harness/harnessIO.ts	getPerformanceBaselineValues	src/compiler/types.ts	getTypeCount
src/harness/harnessIO.ts	iterateBaseLine	src/compiler/sourcemap.ts	next
src/harness/harnessIO.ts	iterateBaseLine	src/testRunner/parallel/worker.ts	next
src/harness/harnessIO.ts	iterateErrorBaseline	src/compiler/sourcemap.ts	next
src/harness/harnessIO.ts	iterateErrorBaseline	src/testRunner/parallel/worker.ts	next
src/harness/harnessIO.ts	iterateOutputs	src/compiler/sourcemap.ts	next
src/harness/harnessIO.ts	iterateOutputs	src/testRunner/parallel/worker.ts	next
src/harness/harnessIO.ts	makeUnitsFromTest	src/compiler/sourcemap.ts	next
src/harness/harnessIO.ts	makeUnitsFromTest	src/testRunner/parallel/worker.ts	next
src/harness/harnessIO.ts	outputErrorText	src/compiler/core.ts	filter
src/harness/harnessIO.ts	outputErrorText	src/compiler/core.ts	map
src/harness/harnessIO.ts	outputErrorText	src/compiler/sourcemap.ts	next
src/harness/harnessIO.ts	outputErrorText	src/testRunner/parallel/worker.ts	next
src/harness/harnessIO.ts	runMultifileBaseline	src/compiler/sourcemap.ts	next
src/harness/harnessIO.ts	runMultifileBaseline	src/testRunner/parallel/worker.ts	next
src/harness/harnessIO.ts	setCompilerOptionsFromHarnessSetting	src/compiler/sourcemap.ts	next
src/harness/harnessIO.ts	setCompilerOptionsFromHarnessSetting	src/testRunner/parallel/worker.ts	next
src/harness/harnessIO.ts	splitVaryBySettingValue	src/compiler/sourcemap.ts	next
src/harness/harnessIO.ts	splitVaryBySettingValue	src/testRunner/parallel/worker.ts	next
src/harness/harnessLanguageService.ts	<lambda>0	src/harness/vfsUtil.ts	apply
src/harness/harnessLanguageService.ts	<lambda>11	src/harness/fourslashImpl.ts	baseline
src/harness/harnessLanguageService.ts	<lambda>11	src/testRunner/unittests/tsserver/projectReferences.ts	baseline
src/harness/harnessLanguageService.ts	<lambda>11	src/testRunner/unittests/tsserver/typingsInstaller.ts	baseline
src/harness/harnessLanguageService.ts	directoryExists	src/compiler/sys.ts	directoryExists
src/harness/harnessLanguageService.ts	directoryExists	src/harness/fakesHosts.ts	directoryExists
src/harness/harnessLanguageService.ts	fileExists	src/compiler/sys.ts	fileExists
src/harness/harnessLanguageService.ts	fileExists	src/harness/fakesHosts.ts	fileExists
src/harness/harnessLanguageService.ts	getDirectories	src/compiler/sys.ts	getDirectories
src/harness/harnessLanguageService.ts	getDirectories	src/harness/fakesHosts.ts	getDirectories
src/harness/harnessLanguageService.ts	getEnvironmentVariable	src/compiler/sys.ts	getEnvironmentVariable
src/harness/harnessLanguageService.ts	getEnvironmentVariable	src/harness/fakesHosts.ts	getEnvironmentVariable
src/harness/harnessLanguageService.ts	getText	src/server/project.ts	getScriptSnapshot
src/harness/harnessLanguageService.ts	getText	src/services/types.ts	getScriptSnapshot
src/harness/harnessLanguageService.ts	getText	src/testRunner/unittests/services/hostNewLineSupport.ts	getScriptSnapshot
src/harness/harnessLanguageService.ts	getText	src/testRunner/unittests/services/languageService.ts	getScriptSnapshot
src/harness/harnessLanguageService.ts	getText	src/testRunner/unittests/tsserver/getEditsForFileRename.ts	getScriptSnapshot
src/harness/harnessLanguageService.ts	makeDefaultProxy	src/compiler/sourcemap.ts	next
src/harness/harnessLanguageService.ts	makeDefaultProxy	src/testRunner/parallel/worker.ts	next
src/harness/harnessLanguageService.ts	onMessage	src/harness/client.ts	onMessage
src/harness/harnessLanguageService.ts	onMessage	src/server/session.ts	onMessage
src/harness/harnessLanguageService.ts	openFile	src/harness/client.ts	openFile
src/harness/harnessLanguageService.ts	openFile	src/harness/fourslashImpl.ts	openFile
src/harness/harnessLanguageService.ts	openFile	src/testRunner/unittests/tsserver/projects.ts	openFile
src/harness/harnessLanguageService.ts	readDirectory	src/compiler/sys.ts	readDirectory
src/harness/harnessLanguageService.ts	readDirectory	src/harness/fakesHosts.ts	readDirectory
src/harness/harnessLanguageService.ts	readFile	src/compiler/sys.ts	readFile
src/harness/harnessLanguageService.ts	readFile	src/harness/fakesHosts.ts	readFile
src/harness/harnessLanguageService.ts	realpath	src/compiler/sys.ts	realpath
src/harness/harnessLanguageService.ts	realpath	src/harness/fakesHosts.ts	realpath
src/harness/harnessUtils.ts	<lambda>3	src/compiler/sourcemap.ts	next
src/harness/harnessUtils.ts	<lambda>3	src/testRunner/parallel/worker.ts	next
src/harness/harnessUtils.ts	assertInvariants	src/compiler/sourcemap.ts	next
src/harness/harnessUtils.ts	assertInvariants	src/testRunner/parallel/worker.ts	next
src/harness/harnessUtils.ts	assertInvariantsWorker	src/compiler/sourcemap.ts	next
src/harness/harnessUtils.ts	assertInvariantsWorker	src/testRunner/parallel/worker.ts	next
src/harness/harnessUtils.ts	filterStack	src/compiler/sourcemap.ts	next
src/harness/harnessUtils.ts	filterStack	src/testRunner/parallel/worker.ts	next
src/harness/harnessUtils.ts	findChildName	src/compiler/sourcemap.ts	next
src/harness/harnessUtils.ts	findChildName	src/testRunner/parallel/worker.ts	next
src/harness/harnessUtils.ts	serializeNode	src/compiler/sourcemap.ts	next
src/harness/harnessUtils.ts	serializeNode	src/testRunner/parallel/worker.ts	next
src/harness/incrementalUtils.ts	<lambda>22	src/harness/fakesHosts.ts	fileExists
src/harness/incrementalUtils.ts	<lambda>22	src/server/scriptInfo.ts	getSnapshot
src/harness/incrementalUtils.ts	<lambda>22	src/server/scriptVersionCache.ts	getSnapshot
src/harness/incrementalUtils.ts	<lambda>23	src/harness/fakesHosts.ts	readFile
src/harness/incrementalUtils.ts	beforeResolveSingleModuleNameWithoutWatching	src/compiler/core.ts	forEach
src/harness/incrementalUtils.ts	beforeResolveSingleModuleNameWithoutWatching	src/compiler/moduleNameResolver.ts	forEach
src/harness/incrementalUtils.ts	beforeResolveSingleModuleNameWithoutWatching	src/compiler/types.ts	forEach
src/harness/incrementalUtils.ts	beforeResolveSingleModuleNameWithoutWatching	src/harness/collectionsImpl.ts	forEach
src/harness/incrementalUtils.ts	beforeResolveSingleModuleNameWithoutWatching	src/harness/watchUtils.ts	forEach
src/harness/incrementalUtils.ts	verifyProgram	src/compiler/types.ts	getCurrentDirectory
src/harness/incrementalUtils.ts	verifyProgram	src/harness/fakesHosts.ts	getCurrentDirectory
src/harness/projectServiceStateLogger.ts	baselineState	src/compiler/sourcemap.ts	next
src/harness/projectServiceStateLogger.ts	baselineState	src/testRunner/parallel/worker.ts	next
src/harness/sourceMapRecorder.ts	close	src/harness/harnessIO.ts	WriteLine
src/harness/sourceMapRecorder.ts	getSourceMapRecord	src/harness/harnessIO.ts	Close
src/harness/sourceMapRecorder.ts	getSourceMapRecordWithSystem	src/harness/harnessIO.ts	Close
src/harness/sourceMapRecorder.ts	initializeSourceMapSpanWriter	src/harness/harnessIO.ts	WriteLine
src/harness/sourceMapRecorder.ts	recordNewSourceFileSpan	src/harness/harnessIO.ts	WriteLine
src/harness/sourceMapRecorder.ts	writeJsFileLines	src/harness/harnessIO.ts	Write
src/harness/sourceMapRecorder.ts	writeRecordedSpans	src/harness/harnessIO.ts	WriteLine
src/harness/sourceMapRecorder.ts	writeSourceMapIndent	src/harness/harnessIO.ts	Write
src/harness/sourceMapRecorder.ts	writeSourceMapMarker	src/harness/harnessIO.ts	Write
src/harness/sourceMapRecorder.ts	writeSourceMapMarker	src/harness/harnessIO.ts	WriteLine
src/harness/sourceMapRecorder.ts	writeSourceMapSourceText	src/compiler/sourcemap.ts	next
src/harness/sourceMapRecorder.ts	writeSourceMapSourceText	src/harness/harnessIO.ts	Write
src/harness/sourceMapRecorder.ts	writeSourceMapSourceText	src/harness/harnessIO.ts	WriteLine
src/harness/sourceMapRecorder.ts	writeSourceMapSourceText	src/testRunner/parallel/worker.ts	next
src/harness/sourceMapRecorder.ts	writeSpanDetails	src/harness/harnessIO.ts	WriteLine
src/harness/typeWriter.ts	getColumn	src/compiler/types.ts	getColumn
src/harness/typeWriter.ts	getIndent	src/compiler/types.ts	getIndent
src/harness/typeWriter.ts	getLine	src/compiler/types.ts	getLine
src/harness/typeWriter.ts	getText	src/compiler/types.ts	getText
src/harness/typeWriter.ts	getTextPos	src/compiler/types.ts	getTextPos
src/harness/typeWriter.ts	hasTrailingComment	src/compiler/types.ts	hasTrailingComment
src/harness/typeWriter.ts	hasTrailingWhitespace	src/compiler/types.ts	hasTrailingWhitespace
src/harness/typeWriter.ts	isAtStartOfLine	src/compiler/types.ts	isAtStartOfLine
src/harness/typeWriter.ts	rawWrite	src/compiler/types.ts	rawWrite
src/harness/typeWriter.ts	underlineFor	src/compiler/debug.ts	repeat
src/harness/typeWriter.ts	visitNode	src/compiler/sourcemap.ts	next
src/harness/typeWriter.ts	visitNode	src/testRunner/parallel/worker.ts	next
src/harness/typeWriter.ts	write	src/compiler/types.ts	write
src/harness/typeWriter.ts	writeComment	src/compiler/types.ts	writeComment
src/harness/typeWriter.ts	writeLiteral	src/compiler/types.ts	writeLiteral
src/harness/typeWriter.ts	writeTrailingSemicolon	src/compiler/types.ts	writeTrailingSemicolon
src/harness/typeWriter.ts	writeTypeOrSymbol	src/compiler/sourcemap.ts	next
src/harness/typeWriter.ts	writeTypeOrSymbol	src/compiler/types.ts	getText
src/harness/typeWriter.ts	writeTypeOrSymbol	src/compiler/types.ts	writeNode
src/harness/typeWriter.ts	writeTypeOrSymbol	src/services/types.ts	getLineAndCharacterOfPosition
src/harness/typeWriter.ts	writeTypeOrSymbol	src/testRunner/parallel/worker.ts	next
src/harness/util.ts	guessIndentation	src/compiler/sourcemap.ts	next
src/harness/util.ts	guessIndentation	src/testRunner/parallel/worker.ts	next
src/harness/util.ts	theory	src/compiler/sourcemap.ts	next
src/harness/util.ts	theory	src/testRunner/parallel/worker.ts	next
src/harness/vfsUtil.ts	<init>	src/compiler/sourcemap.ts	next
src/harness/vfsUtil.ts	<init>	src/testRunner/parallel/worker.ts	next
src/harness/vfsUtil.ts	_applyFileExtendedOptions	src/compiler/sourcemap.ts	next
src/harness/vfsUtil.ts	_applyFileExtendedOptions	src/harness/collectionsImpl.ts	set
src/harness/vfsUtil.ts	_applyFileExtendedOptions	src/testRunner/parallel/worker.ts	next
src/harness/vfsUtil.ts	_applyFiles	src/compiler/sourcemap.ts	next
src/harness/vfsUtil.ts	_applyFiles	src/testRunner/parallel/worker.ts	next
src/harness/vfsUtil.ts	_applyFilesWorker	src/compiler/sourcemap.ts	next
src/harness/vfsUtil.ts	_applyFilesWorker	src/testRunner/parallel/worker.ts	next
src/harness/vfsUtil.ts	_copyShadowLinks	src/compiler/sourcemap.ts	next
src/harness/vfsUtil.ts	_copyShadowLinks	src/testRunner/parallel/worker.ts	next
src/harness/vfsUtil.ts	_getLinks	src/compiler/sourcemap.ts	next
src/harness/vfsUtil.ts	_getLinks	src/testRunner/parallel/worker.ts	next
src/harness/vfsUtil.ts	_scan	src/compiler/sourcemap.ts	next
src/harness/vfsUtil.ts	_scan	src/testRunner/parallel/worker.ts	next
src/harness/vfsUtil.ts	createFromFileSystem	src/compiler/sourcemap.ts	next
src/harness/vfsUtil.ts	createFromFileSystem	src/testRunner/parallel/worker.ts	next
src/harness/vfsUtil.ts	formatPatchWorker	src/compiler/sourcemap.ts	next
src/harness/vfsUtil.ts	formatPatchWorker	src/testRunner/parallel/worker.ts	next
src/harness/vfsUtil.ts	iteratePatchWorker	src/compiler/sourcemap.ts	next
src/harness/vfsUtil.ts	iteratePatchWorker	src/testRunner/parallel/worker.ts	next
src/harness/vfsUtil.ts	printLinks	src/compiler/sourcemap.ts	next
src/harness/vfsUtil.ts	printLinks	src/testRunner/parallel/worker.ts	next
src/harness/vfsUtil.ts	rimrafSync	src/compiler/sourcemap.ts	next
src/harness/vfsUtil.ts	rimrafSync	src/testRunner/parallel/worker.ts	next
src/harness/watchUtils.ts	<lambda>1	src/compiler/builderState.ts	set
src/harness/watchUtils.ts	<lambda>1	src/compiler/factory/nodeFactory.ts	set
src/harness/watchUtils.ts	<lambda>1	src/compiler/moduleNameResolver.ts	set
src/harness/watchUtils.ts	<lambda>1	src/compiler/transformers/utilities.ts	set
src/harness/watchUtils.ts	<lambda>1	src/compiler/types.ts	set
src/harness/watchUtils.ts	<lambda>1	src/harness/collectionsImpl.ts	set
src/harness/watchUtils.ts	<lambda>1	src/server/editorServices.ts	set
src/harness/watchUtils.ts	<lambda>1	src/server/moduleSpecifierCache.ts	set
src/harness/watchUtils.ts	<lambda>1	src/server/utilitiesPublic.ts	set
src/harness/watchUtils.ts	<lambda>1	src/services/types.ts	set
src/harness/watchUtils.ts	<lambda>1	src/testRunner/parallel/host.ts	set
src/harness/watchUtils.ts	<lambda>7	src/compiler/builderState.ts	set
src/harness/watchUtils.ts	<lambda>7	src/compiler/factory/nodeFactory.ts	set
src/harness/watchUtils.ts	<lambda>7	src/compiler/moduleNameResolver.ts	set
src/harness/watchUtils.ts	<lambda>7	src/compiler/transformers/utilities.ts	set
src/harness/watchUtils.ts	<lambda>7	src/compiler/types.ts	set
src/harness/watchUtils.ts	<lambda>7	src/harness/collectionsImpl.ts	set
src/harness/watchUtils.ts	<lambda>7	src/server/editorServices.ts	set
src/harness/watchUtils.ts	<lambda>7	src/server/moduleSpecifierCache.ts	set
src/harness/watchUtils.ts	<lambda>7	src/server/utilitiesPublic.ts	set
src/harness/watchUtils.ts	<lambda>7	src/services/types.ts	set
src/harness/watchUtils.ts	<lambda>7	src/testRunner/parallel/host.ts	set
src/harness/watchUtils.ts	add	src/compiler/builderState.ts	set
src/harness/watchUtils.ts	add	src/compiler/core.ts	add
src/harness/watchUtils.ts	add	src/compiler/factory/nodeFactory.ts	set
src/harness/watchUtils.ts	add	src/compiler/moduleNameResolver.ts	set
src/harness/watchUtils.ts	add	src/compiler/transformers/utilities.ts	add
src/harness/watchUtils.ts	add	src/compiler/transformers/utilities.ts	set
src/harness/watchUtils.ts	add	src/compiler/types.ts	add
src/harness/watchUtils.ts	add	src/compiler/types.ts	set
src/harness/watchUtils.ts	add	src/compiler/utilities.ts	add
src/harness/watchUtils.ts	add	src/harness/collectionsImpl.ts	set
src/harness/watchUtils.ts	add	src/server/editorServices.ts	set
src/harness/watchUtils.ts	add	src/server/moduleSpecifierCache.ts	set
src/harness/watchUtils.ts	add	src/server/scriptVersionCache.ts	add
src/harness/watchUtils.ts	add	src/server/utilitiesPublic.ts	set
src/harness/watchUtils.ts	add	src/services/completions.ts	add
src/harness/watchUtils.ts	add	src/services/exportInfoMap.ts	add
src/harness/watchUtils.ts	add	src/services/stringCompletions.ts	add
src/harness/watchUtils.ts	add	src/services/types.ts	set
src/harness/watchUtils.ts	add	src/testRunner/parallel/host.ts	set
src/harness/watchUtils.ts	addData	src/compiler/builderState.ts	set
src/harness/watchUtils.ts	addData	src/compiler/factory/nodeFactory.ts	set
src/harness/watchUtils.ts	addData	src/compiler/moduleNameResolver.ts	set
src/harness/watchUtils.ts	addData	src/compiler/transformers/utilities.ts	set
src/harness/watchUtils.ts	addData	src/compiler/types.ts	set
src/harness/watchUtils.ts	addData	src/harness/collectionsImpl.ts	set
src/harness/watchUtils.ts	addData	src/server/editorServices.ts	set
src/harness/watchUtils.ts	addData	src/server/moduleSpecifierCache.ts	set
src/harness/watchUtils.ts	addData	src/server/utilitiesPublic.ts	set
src/harness/watchUtils.ts	addData	src/services/types.ts	set
src/harness/watchUtils.ts	addData	src/testRunner/parallel/host.ts	set
src/harness/watchUtils.ts	diffMap	src/compiler/sourcemap.ts	next
src/harness/watchUtils.ts	diffMap	src/testRunner/parallel/worker.ts	next
src/harness/watchUtils.ts	remove	src/compiler/core.ts	delete
src/harness/watchUtils.ts	remove	src/compiler/core.ts	remove
src/harness/watchUtils.ts	remove	src/compiler/debug.ts	get
src/harness/watchUtils.ts	remove	src/compiler/factory/nodeFactory.ts	get
src/harness/watchUtils.ts	remove	src/compiler/moduleNameResolver.ts	delete
src/harness/watchUtils.ts	remove	src/compiler/moduleNameResolver.ts	get
src/harness/watchUtils.ts	remove	src/compiler/transformers/utilities.ts	delete
src/harness/watchUtils.ts	remove	src/compiler/transformers/utilities.ts	get
src/harness/watchUtils.ts	remove	src/compiler/transformers/utilities.ts	remove
src/harness/watchUtils.ts	remove	src/compiler/types.ts	get
src/harness/watchUtils.ts	remove	src/harness/collectionsImpl.ts	delete
src/harness/watchUtils.ts	remove	src/harness/collectionsImpl.ts	get
src/harness/watchUtils.ts	remove	src/server/editorServices.ts	get
src/harness/watchUtils.ts	remove	src/server/moduleSpecifierCache.ts	get
src/harness/watchUtils.ts	remove	src/server/packageJsonCache.ts	delete
src/harness/watchUtils.ts	remove	src/server/scriptVersionCache.ts	remove
src/harness/watchUtils.ts	remove	src/server/utilitiesPublic.ts	get
src/harness/watchUtils.ts	remove	src/server/utilitiesPublic.ts	remove
src/harness/watchUtils.ts	remove	src/services/exportInfoMap.ts	get
src/harness/watchUtils.ts	remove	src/services/formatting/formatting.ts	get
src/harness/watchUtils.ts	remove	src/services/textChanges.ts	delete
src/harness/watchUtils.ts	remove	src/services/types.ts	get
src/harness/watchUtils.ts	remove	src/services/utilities.ts	get
src/harness/watchUtils.ts	remove	src/testRunner/parallel/host.ts	get
src/jsTyping/jsTyping.ts	discoverTypings	src/compiler/sourcemap.ts	next
src/jsTyping/jsTyping.ts	discoverTypings	src/testRunner/parallel/worker.ts	next
src/jsTyping/jsTyping.ts	getTypingNames	src/compiler/sourcemap.ts	next
src/jsTyping/jsTyping.ts	getTypingNames	src/testRunner/parallel/worker.ts	next
src/server/editorServices.ts	<lambda>1	src/compiler/builderState.ts	set
src/server/editorServices.ts	<lambda>1	src/compiler/core.ts	add
src/server/editorServices.ts	<lambda>1	src/compiler/factory/nodeFactory.ts	set
src/server/editorServices.ts	<lambda>1	src/compiler/moduleNameResolver.ts	set
src/server/editorServices.ts	<lambda>1	src/compiler/tracing.ts	push
src/server/editorServices.ts	<lambda>1	src/compiler/transformers/utilities.ts	add
src/server/editorServices.ts	<lambda>1	src/compiler/transformers/utilities.ts	set
src/server/editorServices.ts	<lambda>1	src/compiler/types.ts	add
src/server/editorServices.ts	<lambda>1	src/compiler/types.ts	set
src/server/editorServices.ts	<lambda>1	src/compiler/utilities.ts	add
src/server/editorServices.ts	<lambda>1	src/harness/collectionsImpl.ts	set
src/server/editorServices.ts	<lambda>1	src/harness/watchUtils.ts	add
src/server/editorServices.ts	<lambda>1	src/server/moduleSpecifierCache.ts	set
src/server/editorServices.ts	<lambda>1	src/server/scriptVersionCache.ts	add
src/server/editorServices.ts	<lambda>1	src/server/utilitiesPublic.ts	set
src/server/editorServices.ts	<lambda>1	src/services/completions.ts	add
src/server/editorServices.ts	<lambda>1	src/services/exportInfoMap.ts	add
src/server/editorServices.ts	<lambda>1	src/services/stringCompletions.ts	add
src/server/editorServices.ts	<lambda>1	src/services/types.ts	set
src/server/editorServices.ts	<lambda>1	src/testRunner/parallel/host.ts	set
src/server/editorServices.ts	<lambda>112	src/compiler/core.ts	has
src/server/editorServices.ts	<lambda>112	src/compiler/corePublic.ts	has
src/server/editorServices.ts	<lambda>112	src/compiler/moduleNameResolver.ts	has
src/server/editorServices.ts	<lambda>112	src/compiler/transformers/utilities.ts	has
src/server/editorServices.ts	<lambda>112	src/harness/collectionsImpl.ts	has
src/server/editorServices.ts	<lambda>112	src/services/completions.ts	has
src/server/editorServices.ts	<lambda>112	src/services/stringCompletions.ts	has
src/server/editorServices.ts	<lambda>112	src/services/types.ts	has
src/server/editorServices.ts	<lambda>112	src/services/utilities.ts	has
src/server/editorServices.ts	<lambda>139	src/compiler/builderState.ts	set
src/server/editorServices.ts	<lambda>139	src/compiler/factory/nodeFactory.ts	set
src/server/editorServices.ts	<lambda>139	src/compiler/moduleNameResolver.ts	set
src/server/editorServices.ts	<lambda>139	src/compiler/transformers/utilities.ts	set
src/server/editorServices.ts	<lambda>139	src/compiler/types.ts	set
src/server/editorServices.ts	<lambda>139	src/harness/collectionsImpl.ts	set
src/server/editorServices.ts	<lambda>139	src/server/moduleSpecifierCache.ts	set
src/server/editorServices.ts	<lambda>139	src/server/utilitiesPublic.ts	set
src/server/editorServices.ts	<lambda>139	src/services/types.ts	set
src/server/editorServices.ts	<lambda>139	src/testRunner/parallel/host.ts	set
src/server/editorServices.ts	<lambda>154	src/compiler/sourcemap.ts	next
src/server/editorServices.ts	<lambda>154	src/testRunner/parallel/worker.ts	next
src/server/editorServices.ts	<lambda>42	src/compiler/builderState.ts	set
src/server/editorServices.ts	<lambda>42	src/compiler/factory/nodeFactory.ts	set
src/server/editorServices.ts	<lambda>42	src/compiler/moduleNameResolver.ts	set
src/server/editorServices.ts	<lambda>42	src/compiler/transformers/utilities.ts	set
src/server/editorServices.ts	<lambda>42	src/compiler/types.ts	set
src/server/editorServices.ts	<lambda>42	src/harness/collectionsImpl.ts	set
src/server/editorServices.ts	<lambda>42	src/server/moduleSpecifierCache.ts	set
src/server/editorServices.ts	<lambda>42	src/server/utilitiesPublic.ts	set
src/server/editorServices.ts	<lambda>42	src/services/types.ts	set
src/server/editorServices.ts	<lambda>42	src/testRunner/parallel/host.ts	set
src/server/editorServices.ts	<lambda>44	src/compiler/builderState.ts	set
src/server/editorServices.ts	<lambda>44	src/compiler/factory/nodeFactory.ts	set
src/server/editorServices.ts	<lambda>44	src/compiler/moduleNameResolver.ts	set
src/server/editorServices.ts	<lambda>44	src/compiler/transformers/utilities.ts	set
src/server/editorServices.ts	<lambda>44	src/compiler/types.ts	set
src/server/editorServices.ts	<lambda>44	src/harness/collectionsImpl.ts	set
src/server/editorServices.ts	<lambda>44	src/server/moduleSpecifierCache.ts	set
src/server/editorServices.ts	<lambda>44	src/server/utilitiesPublic.ts	set
src/server/editorServices.ts	<lambda>44	src/services/types.ts	set
src/server/editorServices.ts	<lambda>44	src/testRunner/parallel/host.ts	set
src/server/editorServices.ts	<lambda>53	src/compiler/core.ts	add
src/server/editorServices.ts	<lambda>53	src/compiler/transformers/utilities.ts	add
src/server/editorServices.ts	<lambda>53	src/compiler/types.ts	add
src/server/editorServices.ts	<lambda>53	src/compiler/utilities.ts	add
src/server/editorServices.ts	<lambda>53	src/harness/watchUtils.ts	add
src/server/editorServices.ts	<lambda>53	src/server/scriptVersionCache.ts	add
src/server/editorServices.ts	<lambda>53	src/services/completions.ts	add
src/server/editorServices.ts	<lambda>53	src/services/exportInfoMap.ts	add
src/server/editorServices.ts	<lambda>53	src/services/stringCompletions.ts	add
src/server/editorServices.ts	addOriginalConfiguredProject	src/compiler/core.ts	add
src/server/editorServices.ts	addOriginalConfiguredProject	src/compiler/transformers/utilities.ts	add
src/server/editorServices.ts	addOriginalConfiguredProject	src/compiler/types.ts	add
src/server/editorServices.ts	addOriginalConfiguredProject	src/compiler/utilities.ts	add
src/server/editorServices.ts	addOriginalConfiguredProject	src/harness/watchUtils.ts	add
src/server/editorServices.ts	addOriginalConfiguredProject	src/server/scriptVersionCache.ts	add
src/server/editorServices.ts	addOriginalConfiguredProject	src/services/completions.ts	add
src/server/editorServices.ts	addOriginalConfiguredProject	src/services/exportInfoMap.ts	add
src/server/editorServices.ts	addOriginalConfiguredProject	src/services/stringCompletions.ts	add
src/server/editorServices.ts	addSourceInfoToSourceMap	src/compiler/core.ts	add
src/server/editorServices.ts	addSourceInfoToSourceMap	src/compiler/transformers/utilities.ts	add
src/server/editorServices.ts	addSourceInfoToSourceMap	src/compiler/types.ts	add
src/server/editorServices.ts	addSourceInfoToSourceMap	src/compiler/utilities.ts	add
src/server/editorServices.ts	addSourceInfoToSourceMap	src/harness/watchUtils.ts	add
src/server/editorServices.ts	addSourceInfoToSourceMap	src/server/scriptVersionCache.ts	add
src/server/editorServices.ts	addSourceInfoToSourceMap	src/services/completions.ts	add
src/server/editorServices.ts	addSourceInfoToSourceMap	src/services/exportInfoMap.ts	add
src/server/editorServices.ts	addSourceInfoToSourceMap	src/services/stringCompletions.ts	add
src/server/editorServices.ts	applyChangesInOpenFiles	src/compiler/sourcemap.ts	next
src/server/editorServices.ts	applyChangesInOpenFiles	src/compiler/tracing.ts	push
src/server/editorServices.ts	applyChangesInOpenFiles	src/testRunner/parallel/worker.ts	next
src/server/editorServices.ts	applyChangesToFile	src/compiler/sourcemap.ts	next
src/server/editorServices.ts	applyChangesToFile	src/testRunner/parallel/worker.ts	next
src/server/editorServices.ts	applySafeListWorker	src/compiler/sourcemap.ts	next
src/server/editorServices.ts	applySafeListWorker	src/testRunner/parallel/worker.ts	next
src/server/editorServices.ts	assignOrphanScriptInfoToInferredProject	src/compiler/sourcemap.ts	next
src/server/editorServices.ts	assignOrphanScriptInfoToInferredProject	src/testRunner/parallel/worker.ts	next
src/server/editorServices.ts	cleanupProjectsAndScriptInfos	src/compiler/sourcemap.ts	next
src/server/editorServices.ts	cleanupProjectsAndScriptInfos	src/testRunner/parallel/worker.ts	next
src/server/editorServices.ts	closeOpenFile	src/compiler/sourcemap.ts	next
src/server/editorServices.ts	closeOpenFile	src/testRunner/parallel/worker.ts	next
src/server/editorServices.ts	collectChanges	src/compiler/sourcemap.ts	next
src/server/editorServices.ts	collectChanges	src/testRunner/parallel/worker.ts	next
src/server/editorServices.ts	combineProjects	src/compiler/sourcemap.ts	next
src/server/editorServices.ts	combineProjects	src/testRunner/parallel/worker.ts	next
src/server/editorServices.ts	configFileExists	src/compiler/core.ts	add
src/server/editorServices.ts	configFileExists	src/compiler/transformers/utilities.ts	add
src/server/editorServices.ts	configFileExists	src/compiler/types.ts	add
src/server/editorServices.ts	configFileExists	src/compiler/utilities.ts	add
src/server/editorServices.ts	configFileExists	src/harness/watchUtils.ts	add
src/server/editorServices.ts	configFileExists	src/server/scriptVersionCache.ts	add
src/server/editorServices.ts	configFileExists	src/services/completions.ts	add
src/server/editorServices.ts	configFileExists	src/services/exportInfoMap.ts	add
src/server/editorServices.ts	configFileExists	src/services/stringCompletions.ts	add
src/server/editorServices.ts	createWatchFactoryHostUsingWatchEvents	src/server/session.ts	addProtocolHandler
src/server/editorServices.ts	delayUpdateProjectGraphs	src/compiler/sourcemap.ts	next
src/server/editorServices.ts	delayUpdateProjectGraphs	src/testRunner/parallel/worker.ts	next
src/server/editorServices.ts	deleteScriptInfo	src/compiler/core.ts	remove
src/server/editorServices.ts	deleteScriptInfo	src/compiler/transformers/utilities.ts	remove
src/server/editorServices.ts	deleteScriptInfo	src/harness/watchUtils.ts	remove
src/server/editorServices.ts	deleteScriptInfo	src/server/scriptVersionCache.ts	remove
src/server/editorServices.ts	deleteScriptInfo	src/server/utilitiesPublic.ts	remove
src/server/editorServices.ts	ensureProjectChildren	src/compiler/sourcemap.ts	next
src/server/editorServices.ts	ensureProjectChildren	src/testRunner/parallel/worker.ts	next
src/server/editorServices.ts	findCreateOrReloadConfiguredProject	src/compiler/core.ts	has
src/server/editorServices.ts	findCreateOrReloadConfiguredProject	src/compiler/corePublic.ts	has
src/server/editorServices.ts	findCreateOrReloadConfiguredProject	src/compiler/moduleNameResolver.ts	has
src/server/editorServices.ts	findCreateOrReloadConfiguredProject	src/compiler/transformers/utilities.ts	has
src/server/editorServices.ts	findCreateOrReloadConfiguredProject	src/harness/collectionsImpl.ts	has
src/server/editorServices.ts	findCreateOrReloadConfiguredProject	src/services/completions.ts	has
src/server/editorServices.ts	findCreateOrReloadConfiguredProject	src/services/stringCompletions.ts	has
src/server/editorServices.ts	findCreateOrReloadConfiguredProject	src/services/types.ts	has
src/server/editorServices.ts	findCreateOrReloadConfiguredProject	src/services/utilities.ts	has
src/server/editorServices.ts	findProjectByName	src/compiler/sourcemap.ts	next
src/server/editorServices.ts	findProjectByName	src/testRunner/parallel/worker.ts	next
src/server/editorServices.ts	getFilenameForExceededTotalSizeLimitForNonTsFiles	src/compiler/core.ts	map
src/server/editorServices.ts	getFilenameForExceededTotalSizeLimitForNonTsFiles	src/compiler/sourcemap.ts	next
src/server/editorServices.ts	getFilenameForExceededTotalSizeLimitForNonTsFiles	src/testRunner/parallel/worker.ts	next
src/server/editorServices.ts	getModifiedTime	src/testRunner/unittests/helpers/virtualFileSystemWithWatch.ts	getTime
src/server/editorServices.ts	getOrCreateInferredProjectForProjectRootPathIfEnabled	src/compiler/sourcemap.ts	next
src/server/editorServices.ts	getOrCreateInferredProjectForProjectRootPathIfEnabled	src/testRunner/parallel/worker.ts	next
src/server/editorServices.ts	getOrCreateScriptInfoWorker	src/compiler/program.ts	fileExists
src/server/editorServices.ts	getOrCreateScriptInfoWorker	src/compiler/sys.ts	fileExists
src/server/editorServices.ts	getOrCreateScriptInfoWorker	src/compiler/types.ts	fileExists
src/server/editorServices.ts	getOrCreateScriptInfoWorker	src/compiler/watch.ts	fileExists
src/server/editorServices.ts	getOrCreateScriptInfoWorker	src/compiler/watchPublic.ts	fileExists
src/server/editorServices.ts	getOrCreateScriptInfoWorker	src/compiler/watchUtilities.ts	fileExists
src/server/editorServices.ts	getOrCreateScriptInfoWorker	src/harness/fakesHosts.ts	fileExists
src/server/editorServices.ts	getOrCreateScriptInfoWorker	src/harness/harnessIO.ts	fileExists
src/server/editorServices.ts	getOrCreateScriptInfoWorker	src/harness/harnessLanguageService.ts	fileExists
src/server/editorServices.ts	getOrCreateScriptInfoWorker	src/harness/vfsUtil.ts	fileExists
src/server/editorServices.ts	getOrCreateScriptInfoWorker	src/jsTyping/jsTyping.ts	fileExists
src/server/editorServices.ts	getOrCreateScriptInfoWorker	src/server/project.ts	fileExists
src/server/editorServices.ts	getOrCreateScriptInfoWorker	src/services/services.ts	fileExists
src/server/editorServices.ts	getOrCreateScriptInfoWorker	src/services/sourcemaps.ts	fileExists
src/server/editorServices.ts	getOrCreateScriptInfoWorker	src/services/transpile.ts	fileExists
src/server/editorServices.ts	getOrCreateScriptInfoWorker	src/services/types.ts	fileExists
src/server/editorServices.ts	getOrCreateScriptInfoWorker	src/services/utilities.ts	fileExists
src/server/editorServices.ts	getOrCreateScriptInfoWorker	src/testRunner/unittests/config/showConfig.ts	fileExists
src/server/editorServices.ts	getOrCreateScriptInfoWorker	src/testRunner/unittests/customTransforms.ts	fileExists
src/server/editorServices.ts	getOrCreateScriptInfoWorker	src/testRunner/unittests/helpers.ts	fileExists
src/server/editorServices.ts	getOrCreateScriptInfoWorker	src/testRunner/unittests/helpers/virtualFileSystemWithWatch.ts	fileExists
src/server/editorServices.ts	getOrCreateScriptInfoWorker	src/testRunner/unittests/moduleResolution.ts	fileExists
src/server/editorServices.ts	getOrCreateScriptInfoWorker	src/testRunner/unittests/programApi.ts	fileExists
src/server/editorServices.ts	getOrCreateScriptInfoWorker	src/testRunner/unittests/publicApi.ts	fileExists
src/server/editorServices.ts	getOrCreateScriptInfoWorker	src/testRunner/unittests/services/hostNewLineSupport.ts	fileExists
src/server/editorServices.ts	getOrCreateScriptInfoWorker	src/testRunner/unittests/services/languageService.ts	fileExists
src/server/editorServices.ts	getOrCreateScriptInfoWorker	src/testRunner/unittests/tscWatch/watchApi.ts	fileExists
src/server/editorServices.ts	getOrCreateScriptInfoWorker	src/testRunner/unittests/tsserver/getEditsForFileRename.ts	fileExists
src/server/editorServices.ts	getOrCreateScriptInfoWorker	src/testRunner/unittests/tsserver/session.ts	fileExists
src/server/editorServices.ts	getOrCreateSingleInferredWithoutProjectRoot	src/compiler/sourcemap.ts	next
src/server/editorServices.ts	getOrCreateSingleInferredWithoutProjectRoot	src/testRunner/parallel/worker.ts	next
src/server/editorServices.ts	getSourceFileLike	src/compiler/core.ts	add
src/server/editorServices.ts	getSourceFileLike	src/compiler/transformers/utilities.ts	add
src/server/editorServices.ts	getSourceFileLike	src/compiler/types.ts	add
src/server/editorServices.ts	getSourceFileLike	src/compiler/utilities.ts	add
src/server/editorServices.ts	getSourceFileLike	src/harness/watchUtils.ts	add
src/server/editorServices.ts	getSourceFileLike	src/server/scriptVersionCache.ts	add
src/server/editorServices.ts	getSourceFileLike	src/services/completions.ts	add
src/server/editorServices.ts	getSourceFileLike	src/services/exportInfoMap.ts	add
src/server/editorServices.ts	getSourceFileLike	src/services/stringCompletions.ts	add
src/server/editorServices.ts	hasDeferredExtension	src/compiler/sourcemap.ts	next
src/server/editorServices.ts	hasDeferredExtension	src/testRunner/parallel/worker.ts	next
src/server/editorServices.ts	isDefaultConfigFileExistenceInfo	src/compiler/core.ts	add
src/server/editorServices.ts	isDefaultConfigFileExistenceInfo	src/compiler/transformers/utilities.ts	add
src/server/editorServices.ts	isDefaultConfigFileExistenceInfo	src/compiler/types.ts	add
src/server/editorServices.ts	isDefaultConfigFileExistenceInfo	src/compiler/utilities.ts	add
src/server/editorServices.ts	isDefaultConfigFileExistenceInfo	src/harness/watchUtils.ts	add
src/server/editorServices.ts	isDefaultConfigFileExistenceInfo	src/server/scriptVersionCache.ts	add
src/server/editorServices.ts	isDefaultConfigFileExistenceInfo	src/services/completions.ts	add
src/server/editorServices.ts	isDefaultConfigFileExistenceInfo	src/services/exportInfoMap.ts	add
src/server/editorServices.ts	isDefaultConfigFileExistenceInfo	src/services/stringCompletions.ts	add
src/server/editorServices.ts	loadAncestorProjectTree	src/compiler/sourcemap.ts	next
src/server/editorServices.ts	loadAncestorProjectTree	src/testRunner/parallel/worker.ts	next
src/server/editorServices.ts	loadTypesMap	src/compiler/core.ts	toLowerCase
src/server/editorServices.ts	loadTypesMap	src/compiler/sourcemap.ts	next
src/server/editorServices.ts	loadTypesMap	src/services/patternMatcher.ts	toLowerCase
src/server/editorServices.ts	loadTypesMap	src/testRunner/parallel/worker.ts	next
src/server/editorServices.ts	openExternalProject2	src/compiler/core.ts	add
src/server/editorServices.ts	openExternalProject2	src/compiler/sourcemap.ts	next
src/server/editorServices.ts	openExternalProject2	src/compiler/transformers/utilities.ts	add
src/server/editorServices.ts	openExternalProject2	src/compiler/types.ts	add
src/server/editorServices.ts	openExternalProject2	src/compiler/utilities.ts	add
src/server/editorServices.ts	openExternalProject2	src/harness/watchUtils.ts	add
src/server/editorServices.ts	openExternalProject2	src/server/scriptVersionCache.ts	add
src/server/editorServices.ts	openExternalProject2	src/services/completions.ts	add
src/server/editorServices.ts	openExternalProject2	src/services/exportInfoMap.ts	add
src/server/editorServices.ts	openExternalProject2	src/services/stringCompletions.ts	add
src/server/editorServices.ts	openExternalProject2	src/testRunner/parallel/worker.ts	next
src/server/editorServices.ts	openExternalProjects	src/compiler/sourcemap.ts	next
src/server/editorServices.ts	openExternalProjects	src/testRunner/parallel/worker.ts	next
src/server/editorServices.ts	prepareConvertersForEnumLikeCompilerOptions	src/compiler/sourcemap.ts	next
src/server/editorServices.ts	prepareConvertersForEnumLikeCompilerOptions	src/testRunner/parallel/worker.ts	next
src/server/editorServices.ts	releaseParsedConfig	src/compiler/builderPublic.ts	close
src/server/editorServices.ts	releaseParsedConfig	src/compiler/resolutionCache.ts	close
src/server/editorServices.ts	releaseParsedConfig	src/compiler/sys.ts	close
src/server/editorServices.ts	releaseParsedConfig	src/compiler/tsbuildPublic.ts	close
src/server/editorServices.ts	releaseParsedConfig	src/compiler/watchPublic.ts	close
src/server/editorServices.ts	releaseParsedConfig	src/compiler/watchUtilities.ts	close
src/server/editorServices.ts	releaseParsedConfig	src/harness/sourceMapRecorder.ts	close
src/server/editorServices.ts	releaseParsedConfig	src/harness/watchUtils.ts	close
src/server/editorServices.ts	releaseParsedConfig	src/server/project.ts	close
src/server/editorServices.ts	releaseParsedConfig	src/server/scriptInfo.ts	close
src/server/editorServices.ts	releaseParsedConfig	src/server/utilitiesPublic.ts	close
src/server/editorServices.ts	releaseParsedConfig	src/tsserver/nodeServer.ts	close
src/server/editorServices.ts	setCompilerOptionsForInferredProjects	src/compiler/sourcemap.ts	next
src/server/editorServices.ts	setCompilerOptionsForInferredProjects	src/testRunner/parallel/worker.ts	next
src/server/editorServices.ts	updateNonInferredProjectFiles	src/compiler/sourcemap.ts	next
src/server/editorServices.ts	updateNonInferredProjectFiles	src/testRunner/parallel/worker.ts	next
src/server/editorServices.ts	watchPackageJsonFile	src/compiler/core.ts	add
src/server/editorServices.ts	watchPackageJsonFile	src/compiler/debug.ts	get
src/server/editorServices.ts	watchPackageJsonFile	src/compiler/factory/nodeFactory.ts	get
src/server/editorServices.ts	watchPackageJsonFile	src/compiler/moduleNameResolver.ts	get
src/server/editorServices.ts	watchPackageJsonFile	src/compiler/transformers/utilities.ts	add
src/server/editorServices.ts	watchPackageJsonFile	src/compiler/transformers/utilities.ts	get
src/server/editorServices.ts	watchPackageJsonFile	src/compiler/types.ts	add
src/server/editorServices.ts	watchPackageJsonFile	src/compiler/types.ts	get
src/server/editorServices.ts	watchPackageJsonFile	src/compiler/utilities.ts	add
src/server/editorServices.ts	watchPackageJsonFile	src/harness/collectionsImpl.ts	get
src/server/editorServices.ts	watchPackageJsonFile	src/harness/watchUtils.ts	add
src/server/editorServices.ts	watchPackageJsonFile	src/server/moduleSpecifierCache.ts	get
src/server/editorServices.ts	watchPackageJsonFile	src/server/scriptVersionCache.ts	add
src/server/editorServices.ts	watchPackageJsonFile	src/server/utilitiesPublic.ts	get
src/server/editorServices.ts	watchPackageJsonFile	src/services/completions.ts	add
src/server/editorServices.ts	watchPackageJsonFile	src/services/exportInfoMap.ts	add
src/server/editorServices.ts	watchPackageJsonFile	src/services/exportInfoMap.ts	get
src/server/editorServices.ts	watchPackageJsonFile	src/services/formatting/formatting.ts	get
src/server/editorServices.ts	watchPackageJsonFile	src/services/stringCompletions.ts	add
src/server/editorServices.ts	watchPackageJsonFile	src/services/types.ts	get
src/server/editorServices.ts	watchPackageJsonFile	src/services/utilities.ts	get
src/server/editorServices.ts	watchPackageJsonFile	src/testRunner/parallel/host.ts	get
src/server/editorServices.ts	watchWildcards	src/compiler/builderState.ts	set
src/server/editorServices.ts	watchWildcards	src/compiler/factory/nodeFactory.ts	set
src/server/editorServices.ts	watchWildcards	src/compiler/moduleNameResolver.ts	set
src/server/editorServices.ts	watchWildcards	src/compiler/transformers/utilities.ts	set
src/server/editorServices.ts	watchWildcards	src/compiler/types.ts	set
src/server/editorServices.ts	watchWildcards	src/harness/collectionsImpl.ts	set
src/server/editorServices.ts	watchWildcards	src/server/moduleSpecifierCache.ts	set
src/server/editorServices.ts	watchWildcards	src/server/utilitiesPublic.ts	set
src/server/editorServices.ts	watchWildcards	src/services/types.ts	set
src/server/editorServices.ts	watchWildcards	src/testRunner/parallel/host.ts	set
src/server/moduleSpecifierCache.ts	set	src/compiler/sourcemap.ts	next
src/server/moduleSpecifierCache.ts	set	src/testRunner/parallel/worker.ts	next
src/server/project.ts	<lambda>27	src/compiler/core.ts	delete
src/server/project.ts	<lambda>27	src/compiler/moduleNameResolver.ts	delete
src/server/project.ts	<lambda>27	src/compiler/transformers/utilities.ts	delete
src/server/project.ts	<lambda>27	src/harness/collectionsImpl.ts	delete
src/server/project.ts	<lambda>27	src/server/packageJsonCache.ts	delete
src/server/project.ts	<lambda>27	src/services/textChanges.ts	delete
src/server/project.ts	<lambda>29	src/compiler/program.ts	getSourceFileByPath
src/server/project.ts	<lambda>29	src/compiler/types.ts	getSourceFileByPath
src/server/project.ts	<lambda>31	src/compiler/program.ts	getSourceFileByPath
src/server/project.ts	<lambda>31	src/compiler/types.ts	getSourceFileByPath
src/server/project.ts	<lambda>32	src/compiler/core.ts	clear
src/server/project.ts	<lambda>32	src/compiler/executeCommandLine.ts	clear
src/server/project.ts	<lambda>32	src/compiler/moduleNameResolver.ts	clear
src/server/project.ts	<lambda>32	src/compiler/program.ts	getSourceFileByPath
src/server/project.ts	<lambda>32	src/compiler/resolutionCache.ts	clear
src/server/project.ts	<lambda>32	src/compiler/transformers/utilities.ts	clear
src/server/project.ts	<lambda>32	src/compiler/types.ts	clear
src/server/project.ts	<lambda>32	src/compiler/types.ts	getSourceFileByPath
src/server/project.ts	<lambda>32	src/compiler/utilities.ts	clear
src/server/project.ts	<lambda>32	src/harness/collectionsImpl.ts	clear
src/server/project.ts	<lambda>32	src/harness/typeWriter.ts	clear
src/server/project.ts	<lambda>32	src/server/editorServices.ts	clear
src/server/project.ts	<lambda>32	src/server/moduleSpecifierCache.ts	clear
src/server/project.ts	<lambda>32	src/services/exportInfoMap.ts	clear
src/server/project.ts	<lambda>32	src/services/exportInfoMap.ts	onFileChanged
src/server/project.ts	<lambda>32	src/services/textChanges.ts	clear
src/server/project.ts	<lambda>32	src/services/types.ts	clear
src/server/project.ts	<lambda>35	src/compiler/core.ts	delete
src/server/project.ts	<lambda>35	src/compiler/core.ts	has
src/server/project.ts	<lambda>35	src/compiler/corePublic.ts	has
src/server/project.ts	<lambda>35	src/compiler/moduleNameResolver.ts	delete
src/server/project.ts	<lambda>35	src/compiler/moduleNameResolver.ts	has
src/server/project.ts	<lambda>35	src/compiler/transformers/utilities.ts	delete
src/server/project.ts	<lambda>35	src/compiler/transformers/utilities.ts	has
src/server/project.ts	<lambda>35	src/harness/collectionsImpl.ts	delete
src/server/project.ts	<lambda>35	src/harness/collectionsImpl.ts	has
src/server/project.ts	<lambda>35	src/server/packageJsonCache.ts	delete
src/server/project.ts	<lambda>35	src/services/completions.ts	has
src/server/project.ts	<lambda>35	src/services/stringCompletions.ts	has
src/server/project.ts	<lambda>35	src/services/textChanges.ts	delete
src/server/project.ts	<lambda>35	src/services/types.ts	has
src/server/project.ts	<lambda>35	src/services/utilities.ts	has
src/server/project.ts	<lambda>57	src/compiler/core.ts	add
src/server/project.ts	<lambda>57	src/compiler/transformers/utilities.ts	add
src/server/project.ts	<lambda>57	src/compiler/types.ts	add
src/server/project.ts	<lambda>57	src/compiler/utilities.ts	add
src/server/project.ts	<lambda>57	src/harness/watchUtils.ts	add
src/server/project.ts	<lambda>57	src/server/scriptVersionCache.ts	add
src/server/project.ts	<lambda>57	src/services/completions.ts	add
src/server/project.ts	<lambda>57	src/services/exportInfoMap.ts	add
src/server/project.ts	<lambda>57	src/services/stringCompletions.ts	add
src/server/project.ts	<lambda>59	src/compiler/builder.ts	getSourceFile
src/server/project.ts	<lambda>59	src/compiler/builderPublic.ts	getSourceFile
src/server/project.ts	<lambda>59	src/compiler/program.ts	getSourceFile
src/server/project.ts	<lambda>59	src/compiler/tsbuildPublic.ts	getSourceFile
src/server/project.ts	<lambda>59	src/compiler/types.ts	getSourceFile
src/server/project.ts	<lambda>59	src/harness/client.ts	getSourceFile
src/server/project.ts	<lambda>59	src/harness/fakesHosts.ts	getSourceFile
src/server/project.ts	<lambda>59	src/harness/fourslashImpl.ts	getSourceFile
src/server/project.ts	<lambda>59	src/services/services.ts	getSourceFile
src/server/project.ts	<lambda>59	src/services/sourcemaps.ts	getSourceFile
src/server/project.ts	<lambda>59	src/services/transpile.ts	getSourceFile
src/server/project.ts	<lambda>59	src/services/types.ts	getSourceFile
src/server/project.ts	<lambda>59	src/testRunner/unittests/customTransforms.ts	getSourceFile
src/server/project.ts	<lambda>59	src/testRunner/unittests/helpers.ts	getSourceFile
src/server/project.ts	<lambda>59	src/testRunner/unittests/moduleResolution.ts	getSourceFile
src/server/project.ts	<lambda>59	src/testRunner/unittests/programApi.ts	getSourceFile
src/server/project.ts	<lambda>59	src/testRunner/unittests/reuseProgramStructure.ts	getSourceFile
src/server/project.ts	<lambda>8	src/compiler/tracing.ts	push
src/server/project.ts	addDependency	src/compiler/core.ts	add
src/server/project.ts	addDependency	src/compiler/transformers/utilities.ts	add
src/server/project.ts	addDependency	src/compiler/types.ts	add
src/server/project.ts	addDependency	src/compiler/utilities.ts	add
src/server/project.ts	addDependency	src/harness/watchUtils.ts	add
src/server/project.ts	addDependency	src/server/scriptVersionCache.ts	add
src/server/project.ts	addDependency	src/services/completions.ts	add
src/server/project.ts	addDependency	src/services/exportInfoMap.ts	add
src/server/project.ts	addDependency	src/services/stringCompletions.ts	add
src/server/project.ts	addRoot	src/compiler/builder.ts	addRoot
src/server/project.ts	cleanupProgram	src/compiler/sourcemap.ts	next
src/server/project.ts	cleanupProgram	src/testRunner/parallel/worker.ts	next
src/server/project.ts	close	src/compiler/builderPublic.ts	close
src/server/project.ts	close	src/compiler/resolutionCache.ts	close
src/server/project.ts	close	src/compiler/sys.ts	close
src/server/project.ts	close	src/compiler/tsbuildPublic.ts	close
src/server/project.ts	close	src/compiler/watchPublic.ts	close
src/server/project.ts	close	src/compiler/watchUtilities.ts	close
src/server/project.ts	close	src/harness/sourceMapRecorder.ts	close
src/server/project.ts	close	src/harness/watchUtils.ts	close
src/server/project.ts	close	src/server/editorServices.ts	close
src/server/project.ts	close	src/server/scriptInfo.ts	close
src/server/project.ts	close	src/server/utilitiesPublic.ts	close
src/server/project.ts	close	src/tsserver/nodeServer.ts	close
src/server/project.ts	countEachFileTypes	src/compiler/sourcemap.ts	next
src/server/project.ts	countEachFileTypes	src/testRunner/parallel/worker.ts	next
src/server/project.ts	createProjectWatcher	src/compiler/builderState.ts	set
src/server/project.ts	createProjectWatcher	src/compiler/core.ts	has
src/server/project.ts	createProjectWatcher	src/compiler/corePublic.ts	has
src/server/project.ts	createProjectWatcher	src/compiler/factory/nodeFactory.ts	set
src/server/project.ts	createProjectWatcher	src/compiler/moduleNameResolver.ts	has
src/server/project.ts	createProjectWatcher	src/compiler/moduleNameResolver.ts	set
src/server/project.ts	createProjectWatcher	src/compiler/transformers/utilities.ts	has
src/server/project.ts	createProjectWatcher	src/compiler/transformers/utilities.ts	set
src/server/project.ts	createProjectWatcher	src/compiler/types.ts	set
src/server/project.ts	createProjectWatcher	src/harness/collectionsImpl.ts	has
src/server/project.ts	createProjectWatcher	src/harness/collectionsImpl.ts	set
src/server/project.ts	createProjectWatcher	src/server/editorServices.ts	set
src/server/project.ts	createProjectWatcher	src/server/moduleSpecifierCache.ts	set
src/server/project.ts	createProjectWatcher	src/server/utilitiesPublic.ts	set
src/server/project.ts	createProjectWatcher	src/services/completions.ts	has
src/server/project.ts	createProjectWatcher	src/services/stringCompletions.ts	has
src/server/project.ts	createProjectWatcher	src/services/types.ts	has
src/server/project.ts	createProjectWatcher	src/services/types.ts	set
src/server/project.ts	createProjectWatcher	src/services/utilities.ts	has
src/server/project.ts	createProjectWatcher	src/testRunner/parallel/host.ts	set
src/server/project.ts	emitFile	src/compiler/builder.ts	getSourceFile
src/server/project.ts	emitFile	src/compiler/builderPublic.ts	getSourceFile
src/server/project.ts	emitFile	src/compiler/program.ts	getSourceFile
src/server/project.ts	emitFile	src/compiler/sourcemap.ts	next
src/server/project.ts	emitFile	src/compiler/tsbuildPublic.ts	getSourceFile
src/server/project.ts	emitFile	src/compiler/types.ts	getSourceFile
src/server/project.ts	emitFile	src/harness/client.ts	getSourceFile
src/server/project.ts	emitFile	src/harness/fakesHosts.ts	getSourceFile
src/server/project.ts	emitFile	src/harness/fourslashImpl.ts	getSourceFile
src/server/project.ts	emitFile	src/services/services.ts	getSourceFile
src/server/project.ts	emitFile	src/services/sourcemaps.ts	getSourceFile
src/server/project.ts	emitFile	src/services/transpile.ts	getSourceFile
src/server/project.ts	emitFile	src/services/types.ts	getSourceFile
src/server/project.ts	emitFile	src/testRunner/parallel/worker.ts	next
src/server/project.ts	emitFile	src/testRunner/unittests/customTransforms.ts	getSourceFile
src/server/project.ts	emitFile	src/testRunner/unittests/helpers.ts	getSourceFile
src/server/project.ts	emitFile	src/testRunner/unittests/moduleResolution.ts	getSourceFile
src/server/project.ts	emitFile	src/testRunner/unittests/programApi.ts	getSourceFile
src/server/project.ts	emitFile	src/testRunner/unittests/reuseProgramStructure.ts	getSourceFile
src/server/project.ts	enableGlobalPlugins	src/compiler/sourcemap.ts	next
src/server/project.ts	enableGlobalPlugins	src/testRunner/parallel/worker.ts	next
src/server/project.ts	enablePluginsWithOptions	src/compiler/sourcemap.ts	next
src/server/project.ts	enablePluginsWithOptions	src/testRunner/parallel/worker.ts	next
src/server/project.ts	enableProxy	src/compiler/sourcemap.ts	next
src/server/project.ts	enableProxy	src/testRunner/parallel/worker.ts	next
src/server/project.ts	filesToStringWorker	src/compiler/sourcemap.ts	next
src/server/project.ts	filesToStringWorker	src/testRunner/parallel/worker.ts	next
src/server/project.ts	getFileNames	src/compiler/sourcemap.ts	next
src/server/project.ts	getFileNames	src/compiler/tracing.ts	push
src/server/project.ts	getFileNames	src/testRunner/parallel/worker.ts	next
src/server/project.ts	getHostForAutoImportProvider	src/compiler/binder.ts	bind
src/server/project.ts	getHostForAutoImportProvider	src/deprecatedCompat/deprecations.ts	bind
src/server/project.ts	getRootFileNames	src/compiler/sourcemap.ts	next
src/server/project.ts	getRootFileNames	src/testRunner/parallel/worker.ts	next
src/server/project.ts	getScriptInfos	src/compiler/builder.ts	getSourceFiles
src/server/project.ts	getScriptInfos	src/compiler/builderPublic.ts	getSourceFiles
src/server/project.ts	getScriptInfos	src/compiler/program.ts	getSourceFiles
src/server/project.ts	getScriptInfos	src/compiler/tsbuildPublic.ts	getSourceFiles
src/server/project.ts	getScriptInfos	src/compiler/types.ts	getSourceFiles
src/server/project.ts	getSourceFileOrConfigFile	src/compiler/builder.ts	getCompilerOptions
src/server/project.ts	getSourceFileOrConfigFile	src/compiler/builderPublic.ts	getCompilerOptions
src/server/project.ts	getSourceFileOrConfigFile	src/compiler/program.ts	getCompilerOptions
src/server/project.ts	getSourceFileOrConfigFile	src/compiler/transformer.ts	getCompilerOptions
src/server/project.ts	getSourceFileOrConfigFile	src/compiler/tsbuildPublic.ts	getCompilerOptions
src/server/project.ts	getSourceFileOrConfigFile	src/compiler/types.ts	getCompilerOptions
src/server/project.ts	getUnresolvedImports	src/compiler/core.ts	map
src/server/project.ts	hasConfigFile	src/compiler/sourcemap.ts	next
src/server/project.ts	hasConfigFile	src/testRunner/parallel/worker.ts	next
src/server/project.ts	importServicePluginAsync	src/compiler/sourcemap.ts	next
src/server/project.ts	importServicePluginAsync	src/compiler/tracing.ts	push
src/server/project.ts	importServicePluginAsync	src/testRunner/parallel/worker.ts	next
src/server/project.ts	importServicePluginSync	src/compiler/sourcemap.ts	next
src/server/project.ts	importServicePluginSync	src/compiler/tracing.ts	push
src/server/project.ts	importServicePluginSync	src/testRunner/parallel/worker.ts	next
src/server/project.ts	registerFileUpdate	src/compiler/core.ts	add
src/server/project.ts	registerFileUpdate	src/compiler/transformers/utilities.ts	add
src/server/project.ts	registerFileUpdate	src/compiler/types.ts	add
src/server/project.ts	registerFileUpdate	src/compiler/utilities.ts	add
src/server/project.ts	registerFileUpdate	src/harness/watchUtils.ts	add
src/server/project.ts	registerFileUpdate	src/server/scriptVersionCache.ts	add
src/server/project.ts	registerFileUpdate	src/services/completions.ts	add
src/server/project.ts	registerFileUpdate	src/services/exportInfoMap.ts	add
src/server/project.ts	registerFileUpdate	src/services/stringCompletions.ts	add
src/server/project.ts	setIsEqualTo	src/compiler/sourcemap.ts	next
src/server/project.ts	setIsEqualTo	src/testRunner/parallel/worker.ts	next
src/server/project.ts	setPotentialProjectReference	src/compiler/core.ts	add
src/server/project.ts	setPotentialProjectReference	src/compiler/transformers/utilities.ts	add
src/server/project.ts	setPotentialProjectReference	src/compiler/types.ts	add
src/server/project.ts	setPotentialProjectReference	src/compiler/utilities.ts	add
src/server/project.ts	setPotentialProjectReference	src/harness/watchUtils.ts	add
src/server/project.ts	setPotentialProjectReference	src/server/scriptVersionCache.ts	add
src/server/project.ts	setPotentialProjectReference	src/services/completions.ts	add
src/server/project.ts	setPotentialProjectReference	src/services/exportInfoMap.ts	add
src/server/project.ts	setPotentialProjectReference	src/services/stringCompletions.ts	add
src/server/project.ts	shouldEmitFile	src/compiler/program.ts	isSourceOfProjectReferenceRedirect
src/server/project.ts	shouldEmitFile	src/compiler/types.ts	isSourceOfProjectReferenceRedirect
src/server/project.ts	shouldEmitFile	src/compiler/utilities.ts	isSourceOfProjectReferenceRedirect
src/server/project.ts	shouldEmitFile	src/services/utilities.ts	isSourceOfProjectReferenceRedirect
src/server/project.ts	updateGraph	src/compiler/sourcemap.ts	next
src/server/project.ts	updateGraph	src/server/editorServices.ts	updateGraph
src/server/project.ts	updateGraph	src/testRunner/parallel/worker.ts	next
src/server/project.ts	watchTypingLocations	src/compiler/sourcemap.ts	next
src/server/project.ts	watchTypingLocations	src/testRunner/parallel/worker.ts	next
src/server/scriptInfo.ts	detachAllProjects	src/compiler/sourcemap.ts	next
src/server/scriptInfo.ts	detachAllProjects	src/testRunner/parallel/worker.ts	next
src/server/scriptInfo.ts	ensureRealPath	src/compiler/core.ts	add
src/server/scriptInfo.ts	ensureRealPath	src/compiler/transformers/utilities.ts	add
src/server/scriptInfo.ts	ensureRealPath	src/compiler/types.ts	add
src/server/scriptInfo.ts	ensureRealPath	src/compiler/utilities.ts	add
src/server/scriptInfo.ts	ensureRealPath	src/harness/watchUtils.ts	add
src/server/scriptInfo.ts	ensureRealPath	src/server/scriptVersionCache.ts	add
src/server/scriptInfo.ts	ensureRealPath	src/services/completions.ts	add
src/server/scriptInfo.ts	ensureRealPath	src/services/exportInfoMap.ts	add
src/server/scriptInfo.ts	ensureRealPath	src/services/stringCompletions.ts	add
src/server/scriptInfo.ts	getFileTextAndSize	src/server/editorServices.ts	sendLargeFileReferencedEvent
src/server/scriptInfo.ts	getFileTextAndSize	src/server/utilitiesPublic.ts	info
src/server/scriptInfo.ts	getFileTextAndSize	src/tsserver/nodeServer.ts	info
src/server/scriptInfo.ts	markContainingProjectsAsDirty	src/compiler/sourcemap.ts	next
src/server/scriptInfo.ts	markContainingProjectsAsDirty	src/testRunner/parallel/worker.ts	next
src/server/scriptInfo.ts	registerFileUpdate	src/compiler/sourcemap.ts	next
src/server/scriptInfo.ts	registerFileUpdate	src/testRunner/parallel/worker.ts	next
src/server/scriptInfo.ts	reloadWithFileText	src/testRunner/unittests/helpers/virtualFileSystemWithWatch.ts	getTime
src/server/scriptVersionCache.ts	_getSnapshot	src/compiler/sourcemap.ts	next
src/server/scriptVersionCache.ts	_getSnapshot	src/testRunner/parallel/worker.ts	next
src/server/scriptVersionCache.ts	charOffsetToLineInfo	src/compiler/sourcemap.ts	next
src/server/scriptVersionCache.ts	charOffsetToLineInfo	src/testRunner/parallel/worker.ts	next
src/server/scriptVersionCache.ts	getLineCount	src/compiler/sourcemap.ts	getLineCount
src/server/scriptVersionCache.ts	getLineCount	src/server/scriptInfo.ts	getLineCount
src/server/scriptVersionCache.ts	getTextChangesBetweenVersions	src/compiler/sourcemap.ts	next
src/server/scriptVersionCache.ts	getTextChangesBetweenVersions	src/testRunner/parallel/worker.ts	next
src/server/scriptVersionCache.ts	insertLines	src/compiler/core.ts	remove
src/server/scriptVersionCache.ts	insertLines	src/compiler/transformers/utilities.ts	remove
src/server/scriptVersionCache.ts	insertLines	src/harness/watchUtils.ts	remove
src/server/scriptVersionCache.ts	insertLines	src/server/utilitiesPublic.ts	remove
src/server/scriptVersionCache.ts	lineNumberToInfo	src/compiler/sourcemap.ts	next
src/server/scriptVersionCache.ts	lineNumberToInfo	src/testRunner/parallel/worker.ts	next
src/server/scriptVersionCache.ts	positionToLineOffset	src/server/scriptInfo.ts	positionToLineOffset
src/server/scriptVersionCache.ts	positionToLineOffset	src/server/session.ts	positionToLineOffset
src/server/scriptVersionCache.ts	updateCounts	src/compiler/sourcemap.ts	next
src/server/scriptVersionCache.ts	updateCounts	src/testRunner/parallel/worker.ts	next
src/server/session.ts	<init>	src/compiler/binder.ts	bind
src/server/session.ts	<init>	src/deprecatedCompat/deprecations.ts	bind
src/server/session.ts	<lambda>10	src/compiler/sourcemap.ts	next
src/server/session.ts	<lambda>10	src/testRunner/parallel/worker.ts	next
src/server/session.ts	<lambda>12	src/compiler/sourcemap.ts	next
src/server/session.ts	<lambda>12	src/testRunner/parallel/worker.ts	next
src/server/session.ts	<lambda>13	src/compiler/sourcemap.ts	next
src/server/session.ts	<lambda>13	src/testRunner/parallel/worker.ts	next
src/server/session.ts	<lambda>16	src/compiler/sourcemap.ts	next
src/server/session.ts	<lambda>16	src/testRunner/parallel/worker.ts	next
src/server/session.ts	<lambda>17	src/compiler/sourcemap.ts	next
src/server/session.ts	<lambda>17	src/testRunner/parallel/worker.ts	next
src/server/session.ts	<lambda>18	src/compiler/sourcemap.ts	next
src/server/session.ts	<lambda>18	src/testRunner/parallel/worker.ts	next
src/server/session.ts	<lambda>189	src/services/types.ts	getDefinitionAtPosition
src/server/session.ts	<lambda>20	src/services/sourcemaps.ts	tryGetGeneratedPosition
src/server/session.ts	<lambda>21	src/services/sourcemaps.ts	tryGetSourcePosition
src/server/session.ts	<lambda>210	src/compiler/core.ts	filter
src/server/session.ts	<lambda>219	src/compiler/tracing.ts	push
src/server/session.ts	<lambda>220	src/compiler/tracing.ts	push
src/server/session.ts	<lambda>225	src/compiler/sourcemap.ts	next
src/server/session.ts	<lambda>225	src/testRunner/parallel/worker.ts	next
src/server/session.ts	<lambda>255	src/compiler/sourcemap.ts	next
src/server/session.ts	<lambda>255	src/testRunner/parallel/worker.ts	next
src/server/session.ts	<lambda>268	src/services/types.ts	getSmartSelectionRange
src/server/session.ts	<lambda>7	src/compiler/sourcemap.ts	next
src/server/session.ts	<lambda>7	src/testRunner/parallel/worker.ts	next
src/server/session.ts	<lambda>9	src/compiler/sourcemap.ts	next
src/server/session.ts	<lambda>9	src/testRunner/parallel/worker.ts	next
src/server/session.ts	addDiagnosticsPerformanceData	src/compiler/builderState.ts	set
src/server/session.ts	addDiagnosticsPerformanceData	src/compiler/factory/nodeFactory.ts	set
src/server/session.ts	addDiagnosticsPerformanceData	src/compiler/moduleNameResolver.ts	set
src/server/session.ts	addDiagnosticsPerformanceData	src/compiler/transformers/utilities.ts	set
src/server/session.ts	addDiagnosticsPerformanceData	src/compiler/types.ts	set
src/server/session.ts	addDiagnosticsPerformanceData	src/harness/collectionsImpl.ts	set
src/server/session.ts	addDiagnosticsPerformanceData	src/server/editorServices.ts	set
src/server/session.ts	addDiagnosticsPerformanceData	src/server/moduleSpecifierCache.ts	set
src/server/session.ts	addDiagnosticsPerformanceData	src/server/utilitiesPublic.ts	set
src/server/session.ts	addDiagnosticsPerformanceData	src/services/types.ts	set
src/server/session.ts	addDiagnosticsPerformanceData	src/testRunner/parallel/host.ts	set
src/server/session.ts	applyCodeActionCommand	src/compiler/sourcemap.ts	next
src/server/session.ts	applyCodeActionCommand	src/testRunner/parallel/worker.ts	next
src/server/session.ts	applyEdits	src/compiler/sourcemap.ts	next
src/server/session.ts	applyEdits	src/testRunner/parallel/worker.ts	next
src/server/session.ts	cleanProjects	src/compiler/sourcemap.ts	next
src/server/session.ts	cleanProjects	src/testRunner/parallel/worker.ts	next
src/server/session.ts	commentSelection	src/services/types.ts	commentSelection
src/server/session.ts	findSourceDefinition	src/compiler/sourcemap.ts	next
src/server/session.ts	findSourceDefinition	src/services/types.ts	getDefinitionAtPosition
src/server/session.ts	findSourceDefinition	src/services/types.ts	getProgram
src/server/session.ts	findSourceDefinition	src/testRunner/parallel/worker.ts	next
src/server/session.ts	forEachProjectInProjects	src/compiler/sourcemap.ts	next
src/server/session.ts	forEachProjectInProjects	src/testRunner/parallel/worker.ts	next
src/server/session.ts	getAmbientCandidatesByClimbingAccessChain	src/services/types.ts	getProgram
src/server/session.ts	getBraceMatching	src/services/types.ts	getBraceMatchingAtPosition
src/server/session.ts	getBreakpointStatement	src/services/types.ts	getBreakpointStatementAtPosition
src/server/session.ts	getCodeFixes	src/services/types.ts	getSemanticDiagnostics
src/server/session.ts	getCodeFixes	src/services/types.ts	getSuggestionDiagnostics
src/server/session.ts	getCodeFixes	src/services/types.ts	getSyntacticDiagnostics
src/server/session.ts	getDiagnosticsForProject	src/compiler/core.ts	filter
src/server/session.ts	getDiagnosticsForProject	src/compiler/sourcemap.ts	next
src/server/session.ts	getDiagnosticsForProject	src/testRunner/parallel/worker.ts	next
src/server/session.ts	getDocCommentTemplate	src/services/types.ts	getDocCommentTemplateAtPosition
src/server/session.ts	getEncodedSyntacticClassifications	src/services/types.ts	getEncodedSyntacticClassifications
src/server/session.ts	getFormattingEditsAfterKeystroke	src/services/types.ts	getFormattingEditsAfterKeystroke
src/server/session.ts	getFormattingEditsAfterKeystroke	src/services/types.ts	getIndentationAtPosition
src/server/session.ts	getFormattingEditsAfterKeystrokeFull	src/services/types.ts	getFormattingEditsAfterKeystroke
src/server/session.ts	getFormattingEditsForDocumentFull	src/services/types.ts	getFormattingEditsForDocument
src/server/session.ts	getFormattingEditsForRange	src/services/types.ts	getFormattingEditsForRange
src/server/session.ts	getFormattingEditsForRangeFull	src/services/types.ts	getFormattingEditsForRange
src/server/session.ts	getIndentation	src/services/types.ts	getIndentationAtPosition
src/server/session.ts	getJsxClosingTag	src/services/types.ts	getJsxClosingTagAtPosition
src/server/session.ts	getLineText	src/harness/fourslashImpl.ts	replace
src/server/session.ts	getLineText	src/harness/fourslashInterfaceImpl.ts	replace
src/server/session.ts	getLinkedEditingRange	src/services/types.ts	getLinkedEditingRangeAtPosition
src/server/session.ts	getNameOrDottedNameSpan	src/services/types.ts	getNameOrDottedNameSpan
src/server/session.ts	getNavigationBarItems	src/services/types.ts	getNavigationBarItems
src/server/session.ts	getNavigationTree	src/services/types.ts	getNavigationTree
src/server/session.ts	getOutliningSpans	src/services/types.ts	getOutliningSpans
src/server/session.ts	getReferencesWorker	src/compiler/sourcemap.ts	next
src/server/session.ts	getReferencesWorker	src/testRunner/parallel/worker.ts	next
src/server/session.ts	getSpanOfEnclosingComment	src/services/types.ts	getSpanOfEnclosingComment
src/server/session.ts	isValidBraceCompletion	src/services/types.ts	isValidBraceCompletionAtPosition
src/server/session.ts	mapCode	src/services/types.ts	mapCode
src/server/session.ts	searchPosition	src/compiler/sourcemap.ts	next
src/server/session.ts	searchPosition	src/testRunner/parallel/worker.ts	next
src/server/session.ts	semanticCheck	src/compiler/core.ts	filter
src/server/session.ts	toSpanGroups	src/compiler/sourcemap.ts	next
src/server/session.ts	toSpanGroups	src/testRunner/parallel/worker.ts	next
src/server/session.ts	toggleLineComment	src/services/types.ts	toggleLineComment
src/server/session.ts	toggleMultilineComment	src/services/types.ts	toggleMultilineComment
src/server/session.ts	tryAddSeenItem	src/compiler/sourcemap.ts	next
src/server/session.ts	tryAddSeenItem	src/testRunner/parallel/worker.ts	next
src/server/session.ts	uncommentSelection	src/services/types.ts	uncommentSelection
src/server/typingInstallerAdapter.ts	<lambda>0	src/compiler/builderState.ts	set
src/server/typingInstallerAdapter.ts	<lambda>0	src/compiler/factory/nodeFactory.ts	set
src/server/typingInstallerAdapter.ts	<lambda>0	src/compiler/moduleNameResolver.ts	set
src/server/typingInstallerAdapter.ts	<lambda>0	src/compiler/transformers/utilities.ts	set
src/server/typingInstallerAdapter.ts	<lambda>0	src/compiler/types.ts	set
src/server/typingInstallerAdapter.ts	<lambda>0	src/harness/collectionsImpl.ts	set
src/server/typingInstallerAdapter.ts	<lambda>0	src/server/editorServices.ts	set
src/server/typingInstallerAdapter.ts	<lambda>0	src/server/moduleSpecifierCache.ts	set
src/server/typingInstallerAdapter.ts	<lambda>0	src/server/utilitiesPublic.ts	set
src/server/typingInstallerAdapter.ts	<lambda>0	src/services/types.ts	set
src/server/typingInstallerAdapter.ts	<lambda>0	src/testRunner/parallel/host.ts	set
src/services/breakpoints.ts	textSpan	src/services/services.ts	getEnd
src/services/breakpoints.ts	textSpan	src/services/textChanges.ts	getEnd
src/services/breakpoints.ts	textSpan	src/services/types.ts	getEnd
src/services/callHierarchy.ts	<lambda>0	src/compiler/types.ts	writeNode
src/services/callHierarchy.ts	collect	src/compiler/sourcemap.ts	next
src/services/callHierarchy.ts	collect	src/testRunner/parallel/worker.ts	next
src/services/callHierarchy.ts	collectCallSitesOfClassLikeDeclaration	src/compiler/sourcemap.ts	next
src/services/callHierarchy.ts	collectCallSitesOfClassLikeDeclaration	src/testRunner/parallel/worker.ts	next
src/services/callHierarchy.ts	findAllInitialDeclarations	src/compiler/sourcemap.ts	next
src/services/callHierarchy.ts	findAllInitialDeclarations	src/testRunner/parallel/worker.ts	next
src/services/callHierarchy.ts	recordCallSite	src/compiler/sourcemap.ts	next
src/services/callHierarchy.ts	recordCallSite	src/testRunner/parallel/worker.ts	next
src/services/classifier.ts	classifyJSDocComment	src/compiler/sourcemap.ts	next
src/services/classifier.ts	classifyJSDocComment	src/testRunner/parallel/worker.ts	next
src/services/classifier.ts	processElement	src/compiler/sourcemap.ts	next
src/services/classifier.ts	processElement	src/testRunner/parallel/worker.ts	next
src/services/classifier.ts	processJSDocTemplateTag	src/compiler/sourcemap.ts	next
src/services/classifier.ts	processJSDocTemplateTag	src/testRunner/parallel/worker.ts	next
src/services/codeFixProvider.ts	eachDiagnostic	src/compiler/sourcemap.ts	next
src/services/codeFixProvider.ts	eachDiagnostic	src/testRunner/parallel/worker.ts	next
src/services/codeFixProvider.ts	getDiagnostics	src/compiler/types.ts	getDeclarationDiagnostics
src/services/codeFixProvider.ts	getDiagnostics	src/compiler/types.ts	getSemanticDiagnostics
src/services/codeFixProvider.ts	getDiagnostics	src/compiler/types.ts	getSyntacticDiagnostics
src/services/codeFixProvider.ts	registerCodeFix	src/compiler/sourcemap.ts	next
src/services/codeFixProvider.ts	registerCodeFix	src/testRunner/parallel/worker.ts	next
src/services/codeFixProvider.ts	removeFixIdIfFixAllUnavailable	src/compiler/sourcemap.ts	next
src/services/codeFixProvider.ts	removeFixIdIfFixAllUnavailable	src/testRunner/parallel/worker.ts	next
src/services/codefixes/addConvertToUnknownForNonOverlappingTypes.ts	makeChange	src/compiler/types.ts	createAsExpression
src/services/codefixes/addConvertToUnknownForNonOverlappingTypes.ts	makeChange	src/compiler/types.ts	createKeywordTypeNode
src/services/codefixes/addConvertToUnknownForNonOverlappingTypes.ts	makeChange	src/compiler/types.ts	createTypeAssertion
src/services/codefixes/addEmptyExportDeclaration.ts	<lambda>0	src/compiler/types.ts	createExportDeclaration
src/services/codefixes/addEmptyExportDeclaration.ts	<lambda>0	src/compiler/types.ts	createNamedExports
src/services/codefixes/addMissingAsync.ts	getCodeActions	src/compiler/types.ts	getDiagnostics
src/services/codefixes/addMissingAsync.ts	getCodeActions	src/compiler/types.ts	getTypeChecker
src/services/codefixes/addMissingAsync.ts	makeChange	src/compiler/types.ts	createModifiersFromModifierFlags
src/services/codefixes/addMissingAsync.ts	makeChange	src/compiler/types.ts	createNodeArray
src/services/codefixes/addMissingAsync.ts	makeChange	src/compiler/types.ts	replaceModifiers
src/services/codefixes/addMissingAwait.ts	findAwaitableInitializers	src/compiler/sourcemap.ts	next
src/services/codefixes/addMissingAwait.ts	findAwaitableInitializers	src/compiler/tracing.ts	push
src/services/codefixes/addMissingAwait.ts	findAwaitableInitializers	src/testRunner/parallel/worker.ts	next
src/services/codefixes/addMissingAwait.ts	getIdentifiersFromErrorSpanExpression	src/compiler/sourcemap.ts	next
src/services/codefixes/addMissingAwait.ts	getIdentifiersFromErrorSpanExpression	src/compiler/tracing.ts	push
src/services/codefixes/addMissingAwait.ts	getIdentifiersFromErrorSpanExpression	src/testRunner/parallel/worker.ts	next
src/services/codefixes/addMissingAwait.ts	makeChange	src/compiler/sourcemap.ts	next
src/services/codefixes/addMissingAwait.ts	makeChange	src/compiler/types.ts	createAwaitExpression
src/services/codefixes/addMissingAwait.ts	makeChange	src/compiler/types.ts	createParenthesizedExpression
src/services/codefixes/addMissingAwait.ts	makeChange	src/compiler/types.ts	createToken
src/services/codefixes/addMissingAwait.ts	makeChange	src/compiler/types.ts	updateForOfStatement
src/services/codefixes/addMissingAwait.ts	makeChange	src/testRunner/parallel/worker.ts	next
src/services/codefixes/addMissingInvocationForDecorator.ts	makeChange	src/compiler/types.ts	createCallExpression
src/services/codefixes/addMissingResolutionModeImportAttribute.ts	makeChange	src/compiler/types.ts	createImportAttribute
src/services/codefixes/addMissingResolutionModeImportAttribute.ts	makeChange	src/compiler/types.ts	createImportAttributes
src/services/codefixes/addMissingResolutionModeImportAttribute.ts	makeChange	src/compiler/types.ts	createNodeArray
src/services/codefixes/addMissingResolutionModeImportAttribute.ts	makeChange	src/compiler/types.ts	createStringLiteral
src/services/codefixes/addMissingResolutionModeImportAttribute.ts	makeChange	src/compiler/types.ts	updateImportAttributes
src/services/codefixes/addMissingResolutionModeImportAttribute.ts	makeChange	src/compiler/types.ts	updateImportDeclaration
src/services/codefixes/addMissingResolutionModeImportAttribute.ts	makeChange	src/compiler/types.ts	updateImportTypeNode
src/services/codefixes/addNameToNamelessParameter.ts	makeChange	src/compiler/types.ts	createArrayTypeNode
src/services/codefixes/addNameToNamelessParameter.ts	makeChange	src/compiler/types.ts	createParameterDeclaration
src/services/codefixes/addNameToNamelessParameter.ts	makeChange	src/compiler/types.ts	createTypeReferenceNode
src/services/codefixes/addOptionalPropertyUndefined.ts	addUndefinedToOptionalProperty	src/compiler/sourcemap.ts	next
src/services/codefixes/addOptionalPropertyUndefined.ts	addUndefinedToOptionalProperty	src/compiler/types.ts	createTypeReferenceNode
src/services/codefixes/addOptionalPropertyUndefined.ts	addUndefinedToOptionalProperty	src/compiler/types.ts	createUnionTypeNode
src/services/codefixes/addOptionalPropertyUndefined.ts	addUndefinedToOptionalProperty	src/testRunner/parallel/worker.ts	next
src/services/codefixes/annotateWithTypeFromJSDoc.ts	<lambda>1	src/compiler/types.ts	createKeywordTypeNode
src/services/codefixes/annotateWithTypeFromJSDoc.ts	<lambda>1	src/compiler/types.ts	createPropertySignature
src/services/codefixes/annotateWithTypeFromJSDoc.ts	<lambda>1	src/compiler/types.ts	createToken
src/services/codefixes/annotateWithTypeFromJSDoc.ts	doChange	src/compiler/sourcemap.ts	next
src/services/codefixes/annotateWithTypeFromJSDoc.ts	doChange	src/compiler/types.ts	createToken
src/services/codefixes/annotateWithTypeFromJSDoc.ts	doChange	src/testRunner/parallel/worker.ts	next
src/services/codefixes/annotateWithTypeFromJSDoc.ts	transformJSDocFunctionType	src/compiler/types.ts	createFunctionTypeNode
src/services/codefixes/annotateWithTypeFromJSDoc.ts	transformJSDocFunctionType	src/compiler/types.ts	createKeywordTypeNode
src/services/codefixes/annotateWithTypeFromJSDoc.ts	transformJSDocIndexSignature	src/compiler/types.ts	createIndexSignature
src/services/codefixes/annotateWithTypeFromJSDoc.ts	transformJSDocIndexSignature	src/compiler/types.ts	createParameterDeclaration
src/services/codefixes/annotateWithTypeFromJSDoc.ts	transformJSDocIndexSignature	src/compiler/types.ts	createTypeLiteralNode
src/services/codefixes/annotateWithTypeFromJSDoc.ts	transformJSDocIndexSignature	src/compiler/types.ts	createTypeReferenceNode
src/services/codefixes/annotateWithTypeFromJSDoc.ts	transformJSDocNullableType	src/compiler/types.ts	createTypeReferenceNode
src/services/codefixes/annotateWithTypeFromJSDoc.ts	transformJSDocNullableType	src/compiler/types.ts	createUnionTypeNode
src/services/codefixes/annotateWithTypeFromJSDoc.ts	transformJSDocOptionalType	src/compiler/types.ts	createTypeReferenceNode
src/services/codefixes/annotateWithTypeFromJSDoc.ts	transformJSDocOptionalType	src/compiler/types.ts	createUnionTypeNode
src/services/codefixes/annotateWithTypeFromJSDoc.ts	transformJSDocParameter	src/compiler/types.ts	createParameterDeclaration
src/services/codefixes/annotateWithTypeFromJSDoc.ts	transformJSDocParameter	src/compiler/types.ts	createToken
src/services/codefixes/annotateWithTypeFromJSDoc.ts	transformJSDocType	src/compiler/types.ts	createTypeReferenceNode
src/services/codefixes/annotateWithTypeFromJSDoc.ts	transformJSDocTypeLiteral	src/compiler/types.ts	createTypeLiteralNode
src/services/codefixes/annotateWithTypeFromJSDoc.ts	transformJSDocTypeReference	src/compiler/types.ts	createIdentifier
src/services/codefixes/annotateWithTypeFromJSDoc.ts	transformJSDocTypeReference	src/compiler/types.ts	createNodeArray
src/services/codefixes/annotateWithTypeFromJSDoc.ts	transformJSDocTypeReference	src/compiler/types.ts	createTypeReferenceNode
src/services/codefixes/annotateWithTypeFromJSDoc.ts	transformJSDocVariadicType	src/compiler/types.ts	createArrayTypeNode
src/services/codefixes/convertConstToLet.ts	doChange	src/compiler/types.ts	createToken
src/services/codefixes/convertConstToLet.ts	getInfo	src/compiler/types.ts	getSymbolAtLocation
src/services/codefixes/convertFunctionToEs6Class.ts	<lambda>3	src/compiler/types.ts	createToken
src/services/codefixes/convertFunctionToEs6Class.ts	createArrowFunctionExpressionMember	src/compiler/types.ts	createBlock
src/services/codefixes/convertFunctionToEs6Class.ts	createArrowFunctionExpressionMember	src/compiler/types.ts	createMethodDeclaration
src/services/codefixes/convertFunctionToEs6Class.ts	createArrowFunctionExpressionMember	src/compiler/types.ts	createReturnStatement
src/services/codefixes/convertFunctionToEs6Class.ts	createClassElement	src/compiler/types.ts	createPropertyDeclaration
src/services/codefixes/convertFunctionToEs6Class.ts	createClassFromFunction	src/compiler/types.ts	createClassDeclaration
src/services/codefixes/convertFunctionToEs6Class.ts	createClassFromFunction	src/compiler/types.ts	createConstructorDeclaration
src/services/codefixes/convertFunctionToEs6Class.ts	createClassFromVariableDeclaration	src/compiler/types.ts	createClassDeclaration
src/services/codefixes/convertFunctionToEs6Class.ts	createClassFromVariableDeclaration	src/compiler/types.ts	createConstructorDeclaration
src/services/codefixes/convertFunctionToEs6Class.ts	createFunctionExpressionMember	src/compiler/types.ts	createMethodDeclaration
src/services/codefixes/convertFunctionToEs6Class.ts	tryGetPropertyName	src/compiler/types.ts	createIdentifier
src/services/codefixes/convertFunctionToEs6Class.ts	tryGetPropertyName	src/compiler/types.ts	createStringLiteral
src/services/codefixes/convertLiteralTypeToMappedType.ts	doChange	src/compiler/types.ts	createMappedTypeNode
src/services/codefixes/convertLiteralTypeToMappedType.ts	doChange	src/compiler/types.ts	createTypeParameterDeclaration
src/services/codefixes/convertLiteralTypeToMappedType.ts	doChange	src/compiler/types.ts	createTypeReferenceNode
src/services/codefixes/convertLiteralTypeToMappedType.ts	getInfo	src/services/types.ts	getText
src/services/codefixes/convertToAsyncFunction.ts	<lambda>2	src/compiler/types.ts	createBindingElement
src/services/codefixes/convertToAsyncFunction.ts	<lambda>2	src/compiler/types.ts	createIdentifier
src/services/codefixes/convertToAsyncFunction.ts	<lambda>2	src/compiler/types.ts	getText
src/services/codefixes/convertToAsyncFunction.ts	<lambda>2	src/compiler/utilities.ts	getText
src/services/codefixes/convertToAsyncFunction.ts	<lambda>2	src/harness/harnessLanguageService.ts	getText
src/services/codefixes/convertToAsyncFunction.ts	<lambda>2	src/harness/typeWriter.ts	getText
src/services/codefixes/convertToAsyncFunction.ts	<lambda>2	src/server/scriptInfo.ts	getText
src/services/codefixes/convertToAsyncFunction.ts	<lambda>2	src/server/scriptVersionCache.ts	getText
src/services/codefixes/convertToAsyncFunction.ts	<lambda>2	src/services/services.ts	getText
src/services/codefixes/convertToAsyncFunction.ts	<lambda>2	src/services/textChanges.ts	getText
src/services/codefixes/convertToAsyncFunction.ts	<lambda>2	src/services/types.ts	getText
src/services/codefixes/convertToAsyncFunction.ts	<lambda>2	src/services/utilities.ts	getText
src/services/codefixes/convertToAsyncFunction.ts	<lambda>2	src/testRunner/unittests/helpers.ts	getText
src/services/codefixes/convertToAsyncFunction.ts	convertToAsyncFunction	src/compiler/sourcemap.ts	next
src/services/codefixes/convertToAsyncFunction.ts	convertToAsyncFunction	src/testRunner/parallel/worker.ts	next
src/services/codefixes/convertToAsyncFunction.ts	createUniqueSynthName	src/compiler/types.ts	createUniqueName
src/services/codefixes/convertToAsyncFunction.ts	createVariableOrAssignmentOrExpressionStatement	src/compiler/types.ts	createAssignment
src/services/codefixes/convertToAsyncFunction.ts	createVariableOrAssignmentOrExpressionStatement	src/compiler/types.ts	createExpressionStatement
src/services/codefixes/convertToAsyncFunction.ts	createVariableOrAssignmentOrExpressionStatement	src/compiler/types.ts	createVariableDeclaration
src/services/codefixes/convertToAsyncFunction.ts	createVariableOrAssignmentOrExpressionStatement	src/compiler/types.ts	createVariableDeclarationList
src/services/codefixes/convertToAsyncFunction.ts	createVariableOrAssignmentOrExpressionStatement	src/compiler/types.ts	createVariableStatement
src/services/codefixes/convertToAsyncFunction.ts	declareSynthBindingPattern	src/compiler/sourcemap.ts	next
src/services/codefixes/convertToAsyncFunction.ts	declareSynthBindingPattern	src/testRunner/parallel/worker.ts	next
src/services/codefixes/convertToAsyncFunction.ts	finishCatchOrFinallyTransform	src/compiler/types.ts	createVariableDeclaration
src/services/codefixes/convertToAsyncFunction.ts	finishCatchOrFinallyTransform	src/compiler/types.ts	createVariableDeclarationList
src/services/codefixes/convertToAsyncFunction.ts	finishCatchOrFinallyTransform	src/compiler/types.ts	createVariableStatement
src/services/codefixes/convertToAsyncFunction.ts	getNewNameIfConflict	src/compiler/types.ts	createIdentifier
src/services/codefixes/convertToAsyncFunction.ts	getPossibleNameForVarDecl	src/compiler/types.ts	createUniqueName
src/services/codefixes/convertToAsyncFunction.ts	getPossiblyAwaitedRightHandSide	src/compiler/types.ts	createAwaitExpression
src/services/codefixes/convertToAsyncFunction.ts	maybeAnnotateAndReturn	src/compiler/types.ts	createReturnStatement
src/services/codefixes/convertToAsyncFunction.ts	maybeAnnotateAndReturn	src/compiler/types.ts	createUniqueName
src/services/codefixes/convertToAsyncFunction.ts	removeReturns	src/compiler/sourcemap.ts	next
src/services/codefixes/convertToAsyncFunction.ts	removeReturns	src/compiler/types.ts	createAssignment
src/services/codefixes/convertToAsyncFunction.ts	removeReturns	src/compiler/types.ts	createAwaitExpression
src/services/codefixes/convertToAsyncFunction.ts	removeReturns	src/compiler/types.ts	createExpressionStatement
src/services/codefixes/convertToAsyncFunction.ts	removeReturns	src/compiler/types.ts	createIdentifier
src/services/codefixes/convertToAsyncFunction.ts	removeReturns	src/compiler/types.ts	createVariableDeclaration
src/services/codefixes/convertToAsyncFunction.ts	removeReturns	src/compiler/types.ts	createVariableDeclarationList
src/services/codefixes/convertToAsyncFunction.ts	removeReturns	src/compiler/types.ts	createVariableStatement
src/services/codefixes/convertToAsyncFunction.ts	removeReturns	src/testRunner/parallel/worker.ts	next
src/services/codefixes/convertToAsyncFunction.ts	transformCallbackArgument	src/compiler/sourcemap.ts	next
src/services/codefixes/convertToAsyncFunction.ts	transformCallbackArgument	src/compiler/types.ts	createAwaitExpression
src/services/codefixes/convertToAsyncFunction.ts	transformCallbackArgument	src/compiler/types.ts	createCallExpression
src/services/codefixes/convertToAsyncFunction.ts	transformCallbackArgument	src/compiler/types.ts	createReturnStatement
src/services/codefixes/convertToAsyncFunction.ts	transformCallbackArgument	src/testRunner/parallel/worker.ts	next
src/services/codefixes/convertToAsyncFunction.ts	transformCatch	src/compiler/types.ts	createBlock
src/services/codefixes/convertToAsyncFunction.ts	transformCatch	src/compiler/types.ts	createCatchClause
src/services/codefixes/convertToAsyncFunction.ts	transformCatch	src/compiler/types.ts	createTryStatement
src/services/codefixes/convertToAsyncFunction.ts	transformFinally	src/compiler/types.ts	createBlock
src/services/codefixes/convertToAsyncFunction.ts	transformFinally	src/compiler/types.ts	createTryStatement
src/services/codefixes/convertToAsyncFunction.ts	transformPromiseExpressionOfPropertyAccess	src/compiler/types.ts	createAwaitExpression
src/services/codefixes/convertToAsyncFunction.ts	transformPromiseExpressionOfPropertyAccess	src/compiler/types.ts	createReturnStatement
src/services/codefixes/convertToAsyncFunction.ts	visit	src/compiler/types.ts	createUniqueName
src/services/codefixes/convertToEsModule.ts	<lambda>10	src/compiler/types.ts	createIdentifier
src/services/codefixes/convertToEsModule.ts	<lambda>10	src/compiler/types.ts	createImportSpecifier
src/services/codefixes/convertToEsModule.ts	<lambda>13	src/compiler/sourcemap.ts	next
src/services/codefixes/convertToEsModule.ts	<lambda>13	src/testRunner/parallel/worker.ts	next
src/services/codefixes/convertToEsModule.ts	<lambda>3	src/compiler/types.ts	createIdentifier
src/services/codefixes/convertToEsModule.ts	<lambda>4	src/compiler/types.ts	createVariableDeclarationList
src/services/codefixes/convertToEsModule.ts	<lambda>4	src/compiler/types.ts	createVariableStatement
src/services/codefixes/convertToEsModule.ts	<lambda>7	src/compiler/types.ts	createToken
src/services/codefixes/convertToEsModule.ts	classExpressionToDeclaration	src/compiler/types.ts	createClassDeclaration
src/services/codefixes/convertToEsModule.ts	convertExportsDotXEquals_replaceNode	src/compiler/types.ts	createToken
src/services/codefixes/convertToEsModule.ts	convertExportsPropertyAssignment	src/compiler/types.ts	createToken
src/services/codefixes/convertToEsModule.ts	convertFileToEsModule	src/compiler/sourcemap.ts	next
src/services/codefixes/convertToEsModule.ts	convertFileToEsModule	src/testRunner/parallel/worker.ts	next
src/services/codefixes/convertToEsModule.ts	convertNamedExport	src/compiler/types.ts	createExportSpecifier
src/services/codefixes/convertToEsModule.ts	convertPropertyAccessImport	src/compiler/types.ts	createIdentifier
src/services/codefixes/convertToEsModule.ts	convertSingleIdentifierImport	src/compiler/builderState.ts	set
src/services/codefixes/convertToEsModule.ts	convertSingleIdentifierImport	src/compiler/factory/nodeFactory.ts	set
src/services/codefixes/convertToEsModule.ts	convertSingleIdentifierImport	src/compiler/moduleNameResolver.ts	set
src/services/codefixes/convertToEsModule.ts	convertSingleIdentifierImport	src/compiler/sourcemap.ts	next
src/services/codefixes/convertToEsModule.ts	convertSingleIdentifierImport	src/compiler/transformers/utilities.ts	set
src/services/codefixes/convertToEsModule.ts	convertSingleIdentifierImport	src/compiler/types.ts	createIdentifier
src/services/codefixes/convertToEsModule.ts	convertSingleIdentifierImport	src/compiler/types.ts	set
src/services/codefixes/convertToEsModule.ts	convertSingleIdentifierImport	src/harness/collectionsImpl.ts	set
src/services/codefixes/convertToEsModule.ts	convertSingleIdentifierImport	src/server/editorServices.ts	set
src/services/codefixes/convertToEsModule.ts	convertSingleIdentifierImport	src/server/moduleSpecifierCache.ts	set
src/services/codefixes/convertToEsModule.ts	convertSingleIdentifierImport	src/server/utilitiesPublic.ts	set
src/services/codefixes/convertToEsModule.ts	convertSingleIdentifierImport	src/services/types.ts	set
src/services/codefixes/convertToEsModule.ts	convertSingleIdentifierImport	src/testRunner/parallel/host.ts	set
src/services/codefixes/convertToEsModule.ts	convertSingleIdentifierImport	src/testRunner/parallel/worker.ts	next
src/services/codefixes/convertToEsModule.ts	convertSingleImport	src/compiler/types.ts	createIdentifier
src/services/codefixes/convertToEsModule.ts	exportConst	src/compiler/types.ts	createIdentifier
src/services/codefixes/convertToEsModule.ts	fixImportOfModuleExports	src/compiler/sourcemap.ts	next
src/services/codefixes/convertToEsModule.ts	fixImportOfModuleExports	src/compiler/types.ts	createPropertyAccessExpression
src/services/codefixes/convertToEsModule.ts	fixImportOfModuleExports	src/testRunner/parallel/worker.ts	next
src/services/codefixes/convertToEsModule.ts	functionExpressionToDeclaration	src/compiler/types.ts	convertToFunctionBlock
src/services/codefixes/convertToEsModule.ts	functionExpressionToDeclaration	src/compiler/types.ts	createFunctionDeclaration
src/services/codefixes/convertToEsModule.ts	makeConst	src/compiler/types.ts	createVariableDeclaration
src/services/codefixes/convertToEsModule.ts	makeConst	src/compiler/types.ts	createVariableDeclarationList
src/services/codefixes/convertToEsModule.ts	makeConst	src/compiler/types.ts	createVariableStatement
src/services/codefixes/convertToEsModule.ts	makeExportDeclaration	src/compiler/types.ts	createExportDeclaration
src/services/codefixes/convertToEsModule.ts	makeExportDeclaration	src/compiler/types.ts	createNamedExports
src/services/codefixes/convertToEsModule.ts	makeExportDeclaration	src/compiler/types.ts	createStringLiteral
src/services/codefixes/convertToEsModule.ts	makeImportSpecifier	src/compiler/types.ts	createIdentifier
src/services/codefixes/convertToEsModule.ts	makeImportSpecifier	src/compiler/types.ts	createImportSpecifier
src/services/codefixes/convertToEsModule.ts	makeSingleImport	src/compiler/types.ts	createIdentifier
src/services/codefixes/convertToEsModule.ts	reExportDefault	src/compiler/types.ts	createExportSpecifier
src/services/codefixes/convertToEsModule.ts	replaceNode	src/compiler/core.ts	delete
src/services/codefixes/convertToEsModule.ts	replaceNode	src/compiler/debug.ts	get
src/services/codefixes/convertToEsModule.ts	replaceNode	src/compiler/factory/nodeFactory.ts	get
src/services/codefixes/convertToEsModule.ts	replaceNode	src/compiler/moduleNameResolver.ts	delete
src/services/codefixes/convertToEsModule.ts	replaceNode	src/compiler/moduleNameResolver.ts	get
src/services/codefixes/convertToEsModule.ts	replaceNode	src/compiler/transformers/utilities.ts	delete
src/services/codefixes/convertToEsModule.ts	replaceNode	src/compiler/transformers/utilities.ts	get
src/services/codefixes/convertToEsModule.ts	replaceNode	src/compiler/types.ts	get
src/services/codefixes/convertToEsModule.ts	replaceNode	src/harness/collectionsImpl.ts	delete
src/services/codefixes/convertToEsModule.ts	replaceNode	src/harness/collectionsImpl.ts	get
src/services/codefixes/convertToEsModule.ts	replaceNode	src/server/editorServices.ts	get
src/services/codefixes/convertToEsModule.ts	replaceNode	src/server/moduleSpecifierCache.ts	get
src/services/codefixes/convertToEsModule.ts	replaceNode	src/server/packageJsonCache.ts	delete
src/services/codefixes/convertToEsModule.ts	replaceNode	src/server/utilitiesPublic.ts	get
src/services/codefixes/convertToEsModule.ts	replaceNode	src/services/exportInfoMap.ts	get
src/services/codefixes/convertToEsModule.ts	replaceNode	src/services/formatting/formatting.ts	get
src/services/codefixes/convertToEsModule.ts	replaceNode	src/services/textChanges.ts	delete
src/services/codefixes/convertToEsModule.ts	replaceNode	src/services/types.ts	get
src/services/codefixes/convertToEsModule.ts	replaceNode	src/services/utilities.ts	get
src/services/codefixes/convertToEsModule.ts	replaceNode	src/testRunner/parallel/host.ts	get
src/services/codefixes/convertToMappedObjectType.ts	createTypeAliasFromInterface	src/compiler/types.ts	createTypeAliasDeclaration
src/services/codefixes/convertToMappedObjectType.ts	doChange	src/compiler/types.ts	createIntersectionTypeNode
src/services/codefixes/convertToMappedObjectType.ts	doChange	src/compiler/types.ts	createMappedTypeNode
src/services/codefixes/convertToMappedObjectType.ts	doChange	src/compiler/types.ts	createModifier
src/services/codefixes/convertToMappedObjectType.ts	doChange	src/compiler/types.ts	createTypeLiteralNode
src/services/codefixes/convertToMappedObjectType.ts	doChange	src/compiler/types.ts	createTypeParameterDeclaration
src/services/codefixes/convertToTypeOnlyExport.ts	fixSingleExportDeclaration	src/compiler/types.ts	createExportDeclaration
src/services/codefixes/convertToTypeOnlyExport.ts	fixSingleExportDeclaration	src/compiler/types.ts	createNamedExports
src/services/codefixes/convertToTypeOnlyExport.ts	fixSingleExportDeclaration	src/compiler/types.ts	updateExportDeclaration
src/services/codefixes/convertToTypeOnlyExport.ts	fixSingleExportDeclaration	src/compiler/types.ts	updateNamedExports
src/services/codefixes/convertToTypeOnlyImport.ts	<lambda>1	src/compiler/types.ts	getSymbolAtLocation
src/services/codefixes/convertToTypeOnlyImport.ts	<lambda>1	src/compiler/types.ts	symbolIsValue
src/services/codefixes/convertToTypeOnlyImport.ts	<lambda>2	src/compiler/types.ts	updateImportSpecifier
src/services/codefixes/convertToTypeOnlyImport.ts	canConvertImportDeclarationForSpecifier	src/compiler/sourcemap.ts	next
src/services/codefixes/convertToTypeOnlyImport.ts	canConvertImportDeclarationForSpecifier	src/testRunner/parallel/worker.ts	next
src/services/codefixes/convertToTypeOnlyImport.ts	doChange	src/compiler/types.ts	createImportClause
src/services/codefixes/convertToTypeOnlyImport.ts	doChange	src/compiler/types.ts	createImportDeclaration
src/services/codefixes/convertToTypeOnlyImport.ts	doChange	src/compiler/types.ts	updateImportClause
src/services/codefixes/convertToTypeOnlyImport.ts	doChange	src/compiler/types.ts	updateImportDeclaration
src/services/codefixes/convertToTypeOnlyImport.ts	doChange	src/compiler/types.ts	updateImportSpecifier
src/services/codefixes/convertToTypeOnlyImport.ts	doChange	src/compiler/types.ts	updateNamedImports
src/services/codefixes/convertTypedefToType.ts	createInterfaceForTypeLiteral	src/compiler/types.ts	createInterfaceDeclaration
src/services/codefixes/convertTypedefToType.ts	createTypeAliasForTypeExpression	src/compiler/types.ts	createIdentifier
src/services/codefixes/convertTypedefToType.ts	createTypeAliasForTypeExpression	src/compiler/types.ts	createTypeAliasDeclaration
src/services/codefixes/convertTypedefToType.ts	getSignature	src/compiler/types.ts	createPropertySignature
src/services/codefixes/convertTypedefToType.ts	getSignature	src/compiler/types.ts	createToken
src/services/codefixes/convertTypedefToType.ts	getSignature	src/compiler/types.ts	createTypeLiteralNode
src/services/codefixes/correctQualifiedNameToIndexedAccessType.ts	doChange	src/compiler/types.ts	createIndexedAccessTypeNode
src/services/codefixes/correctQualifiedNameToIndexedAccessType.ts	doChange	src/compiler/types.ts	createLiteralTypeNode
src/services/codefixes/correctQualifiedNameToIndexedAccessType.ts	doChange	src/compiler/types.ts	createStringLiteral
src/services/codefixes/correctQualifiedNameToIndexedAccessType.ts	doChange	src/compiler/types.ts	createTypeReferenceNode
src/services/codefixes/fixAddMissingConstraint.ts	addMissingConstraint	src/compiler/types.ts	updateTypeParameterDeclaration
src/services/codefixes/fixAddMissingMember.ts	<lambda>10	src/compiler/types.ts	createPropertyAssignment
src/services/codefixes/fixAddMissingMember.ts	<lambda>12	src/compiler/types.ts	createPropertyAssignment
src/services/codefixes/fixAddMissingMember.ts	<lambda>24	src/compiler/sourcemap.ts	next
src/services/codefixes/fixAddMissingMember.ts	<lambda>24	src/testRunner/parallel/worker.ts	next
src/services/codefixes/fixAddMissingMember.ts	<lambda>9	src/compiler/types.ts	createIdentifier
src/services/codefixes/fixAddMissingMember.ts	<lambda>9	src/compiler/types.ts	createJsxAttribute
src/services/codefixes/fixAddMissingMember.ts	<lambda>9	src/compiler/types.ts	createJsxExpression
src/services/codefixes/fixAddMissingMember.ts	addEnumMemberDeclaration	src/compiler/types.ts	createEnumMember
src/services/codefixes/fixAddMissingMember.ts	addEnumMemberDeclaration	src/compiler/types.ts	createStringLiteral
src/services/codefixes/fixAddMissingMember.ts	addJsxAttributes	src/compiler/types.ts	createJsxAttributes
src/services/codefixes/fixAddMissingMember.ts	addMissingMemberInJs	src/compiler/types.ts	createIdentifier
src/services/codefixes/fixAddMissingMember.ts	addMissingMemberInJs	src/compiler/types.ts	createPropertyDeclaration
src/services/codefixes/fixAddMissingMember.ts	addMissingMemberInJs	src/compiler/types.ts	createThis
src/services/codefixes/fixAddMissingMember.ts	addMissingMemberInJs	src/compiler/types.ts	getText
src/services/codefixes/fixAddMissingMember.ts	addMissingMemberInJs	src/compiler/utilities.ts	getText
src/services/codefixes/fixAddMissingMember.ts	addMissingMemberInJs	src/harness/harnessLanguageService.ts	getText
src/services/codefixes/fixAddMissingMember.ts	addMissingMemberInJs	src/harness/typeWriter.ts	getText
src/services/codefixes/fixAddMissingMember.ts	addMissingMemberInJs	src/server/scriptInfo.ts	getText
src/services/codefixes/fixAddMissingMember.ts	addMissingMemberInJs	src/server/scriptVersionCache.ts	getText
src/services/codefixes/fixAddMissingMember.ts	addMissingMemberInJs	src/services/services.ts	getText
src/services/codefixes/fixAddMissingMember.ts	addMissingMemberInJs	src/services/textChanges.ts	getText
src/services/codefixes/fixAddMissingMember.ts	addMissingMemberInJs	src/services/types.ts	getText
src/services/codefixes/fixAddMissingMember.ts	addMissingMemberInJs	src/services/utilities.ts	getText
src/services/codefixes/fixAddMissingMember.ts	addMissingMemberInJs	src/testRunner/unittests/helpers.ts	getText
src/services/codefixes/fixAddMissingMember.ts	addObjectLiteralProperties	src/compiler/types.ts	createObjectLiteralExpression
src/services/codefixes/fixAddMissingMember.ts	addPropertyDeclaration	src/compiler/types.ts	createModifiersFromModifierFlags
src/services/codefixes/fixAddMissingMember.ts	addPropertyDeclaration	src/compiler/types.ts	createNodeArray
src/services/codefixes/fixAddMissingMember.ts	addPropertyDeclaration	src/compiler/types.ts	createPropertyDeclaration
src/services/codefixes/fixAddMissingMember.ts	addPropertyDeclaration	src/compiler/types.ts	createPropertySignature
src/services/codefixes/fixAddMissingMember.ts	createAddIndexSignatureAction	src/compiler/types.ts	createIndexSignature
src/services/codefixes/fixAddMissingMember.ts	createAddIndexSignatureAction	src/compiler/types.ts	createKeywordTypeNode
src/services/codefixes/fixAddMissingMember.ts	createAddIndexSignatureAction	src/compiler/types.ts	createParameterDeclaration
src/services/codefixes/fixAddMissingMember.ts	createUndefined	src/compiler/types.ts	createIdentifier
src/services/codefixes/fixAddMissingMember.ts	getNodeToInsertPropertyAfter	src/compiler/sourcemap.ts	next
src/services/codefixes/fixAddMissingMember.ts	getNodeToInsertPropertyAfter	src/testRunner/parallel/worker.ts	next
src/services/codefixes/fixAddMissingMember.ts	getTypeNode	src/compiler/types.ts	createKeywordTypeNode
src/services/codefixes/fixAddMissingMember.ts	getUnmatchedAttributes	src/compiler/sourcemap.ts	next
src/services/codefixes/fixAddMissingMember.ts	getUnmatchedAttributes	src/testRunner/parallel/worker.ts	next
src/services/codefixes/fixAddMissingMember.ts	initializePropertyToUndefined	src/compiler/types.ts	createAssignment
src/services/codefixes/fixAddMissingMember.ts	initializePropertyToUndefined	src/compiler/types.ts	createExpressionStatement
src/services/codefixes/fixAddMissingMember.ts	initializePropertyToUndefined	src/compiler/types.ts	createPropertyAccessExpression
src/services/codefixes/fixAddMissingMember.ts	tryGetValueFromType	src/compiler/types.ts	createArrayLiteralExpression
src/services/codefixes/fixAddMissingMember.ts	tryGetValueFromType	src/compiler/types.ts	createBigIntLiteral
src/services/codefixes/fixAddMissingMember.ts	tryGetValueFromType	src/compiler/types.ts	createFalse
src/services/codefixes/fixAddMissingMember.ts	tryGetValueFromType	src/compiler/types.ts	createIdentifier
src/services/codefixes/fixAddMissingMember.ts	tryGetValueFromType	src/compiler/types.ts	createNewExpression
src/services/codefixes/fixAddMissingMember.ts	tryGetValueFromType	src/compiler/types.ts	createNull
src/services/codefixes/fixAddMissingMember.ts	tryGetValueFromType	src/compiler/types.ts	createNumericLiteral
src/services/codefixes/fixAddMissingMember.ts	tryGetValueFromType	src/compiler/types.ts	createObjectLiteralExpression
src/services/codefixes/fixAddMissingMember.ts	tryGetValueFromType	src/compiler/types.ts	createPropertyAccessExpression
src/services/codefixes/fixAddMissingMember.ts	tryGetValueFromType	src/compiler/types.ts	createStringLiteral
src/services/codefixes/fixAddMissingMember.ts	tryGetValueFromType	src/compiler/types.ts	createTrue
src/services/codefixes/fixAddMissingNewOperator.ts	addMissingNewOperator	src/compiler/types.ts	createNewExpression
src/services/codefixes/fixAddMissingParam.ts	<lambda>2	src/compiler/types.ts	createParameterDeclaration
src/services/codefixes/fixAddMissingParam.ts	createParameter	src/compiler/types.ts	createParameterDeclaration
src/services/codefixes/fixAddMissingParam.ts	getInfo	src/compiler/types.ts	createToken
src/services/codefixes/fixAddMissingParam.ts	getOverloads	src/compiler/sourcemap.ts	next
src/services/codefixes/fixAddMissingParam.ts	getOverloads	src/testRunner/parallel/worker.ts	next
src/services/codefixes/fixAddMissingParam.ts	typeToTypeNode	src/compiler/types.ts	createKeywordTypeNode
src/services/codefixes/fixAddMissingParam.ts	updateParameters	src/compiler/sourcemap.ts	next
src/services/codefixes/fixAddMissingParam.ts	updateParameters	src/compiler/types.ts	createToken
src/services/codefixes/fixAddMissingParam.ts	updateParameters	src/compiler/types.ts	updateParameterDeclaration
src/services/codefixes/fixAddMissingParam.ts	updateParameters	src/testRunner/parallel/worker.ts	next
src/services/codefixes/fixAddModuleReferTypeMissingTypeof.ts	doChange	src/compiler/types.ts	updateImportTypeNode
src/services/codefixes/fixAddVoidToPromise.ts	makeChange	src/compiler/types.ts	createKeywordTypeNode
src/services/codefixes/fixAddVoidToPromise.ts	makeChange	src/compiler/types.ts	createUnionTypeNode
src/services/codefixes/fixAddVoidToPromise.ts	makeChange	src/compiler/types.ts	getResolvedSignature
src/services/codefixes/fixAddVoidToPromise.ts	makeChange	src/compiler/types.ts	getSymbolAtLocation
src/services/codefixes/fixAddVoidToPromise.ts	makeChange	src/compiler/types.ts	getTypeOfSymbolAtLocation
src/services/codefixes/fixAwaitInSyncFunction.ts	doChange	src/compiler/types.ts	createNodeArray
src/services/codefixes/fixAwaitInSyncFunction.ts	doChange	src/compiler/types.ts	createTypeReferenceNode
src/services/codefixes/fixClassDoesntImplementInheritedAbstractMember.ts	addMissingMembers	src/compiler/types.ts	getPropertiesOfType
src/services/codefixes/fixClassDoesntImplementInheritedAbstractMember.ts	addMissingMembers	src/compiler/types.ts	getTypeAtLocation
src/services/codefixes/fixClassIncorrectlyImplementsInterface.ts	<lambda>5	src/compiler/sourcemap.ts	next
src/services/codefixes/fixClassIncorrectlyImplementsInterface.ts	<lambda>5	src/testRunner/parallel/worker.ts	next
src/services/codefixes/fixClassIncorrectlyImplementsInterface.ts	addMissingDeclarations	src/services/types.ts	getNumberIndexType
src/services/codefixes/fixClassIncorrectlyImplementsInterface.ts	addMissingDeclarations	src/services/types.ts	getStringIndexType
src/services/codefixes/fixConstructorForDerivedNeedSuperCall.ts	doChange	src/compiler/types.ts	createCallExpression
src/services/codefixes/fixConstructorForDerivedNeedSuperCall.ts	doChange	src/compiler/types.ts	createExpressionStatement
src/services/codefixes/fixConstructorForDerivedNeedSuperCall.ts	doChange	src/compiler/types.ts	createSuper
src/services/codefixes/fixEnableJsxFlag.ts	doChange	src/compiler/types.ts	createStringLiteral
src/services/codefixes/fixExpectedComma.ts	doChange	src/compiler/types.ts	createToken
src/services/codefixes/fixExtendsInterfaceBecomesImplements.ts	doChanges	src/compiler/types.ts	createToken
src/services/codefixes/fixForgottenThisPropertyAccess.ts	doChange	src/compiler/types.ts	createIdentifier
src/services/codefixes/fixForgottenThisPropertyAccess.ts	doChange	src/compiler/types.ts	createPropertyAccessExpression
src/services/codefixes/fixForgottenThisPropertyAccess.ts	doChange	src/compiler/types.ts	createThis
src/services/codefixes/fixImplicitThis.ts	<lambda>0	src/compiler/types.ts	getTypeChecker
src/services/codefixes/fixImplicitThis.ts	<lambda>2	src/compiler/types.ts	getTypeChecker
src/services/codefixes/fixImplicitThis.ts	doChange	src/compiler/types.ts	createToken
src/services/codefixes/fixImportNonExportedMember.ts	<lambda>2	src/compiler/types.ts	createExportSpecifier
src/services/codefixes/fixImportNonExportedMember.ts	createExport	src/compiler/types.ts	createExportDeclaration
src/services/codefixes/fixImportNonExportedMember.ts	createExport	src/compiler/types.ts	createNamedExports
src/services/codefixes/fixImportNonExportedMember.ts	createExportSpecifiers	src/compiler/types.ts	createNodeArray
src/services/codefixes/fixImportNonExportedMember.ts	updateExport	src/compiler/types.ts	createNamedExports
src/services/codefixes/fixImportNonExportedMember.ts	updateExport	src/compiler/types.ts	createNodeArray
src/services/codefixes/fixImportNonExportedMember.ts	updateExport	src/compiler/types.ts	updateExportDeclaration
src/services/codefixes/fixIncorrectNamedTupleSyntax.ts	doChange	src/compiler/types.ts	createToken
src/services/codefixes/fixIncorrectNamedTupleSyntax.ts	doChange	src/compiler/types.ts	updateNamedTupleMember
src/services/codefixes/fixInvalidImportSyntax.ts	<lambda>3	src/compiler/types.ts	createPropertyAccessExpression
src/services/codefixes/fixInvalidImportSyntax.ts	getCodeFixesForImportDeclaration	src/compiler/types.ts	createExternalModuleReference
src/services/codefixes/fixInvalidImportSyntax.ts	getCodeFixesForImportDeclaration	src/compiler/types.ts	createImportEqualsDeclaration
src/services/codefixes/fixInvalidImportSyntax.ts	getImportCodeFixesForExpression	src/compiler/types.ts	getTypeAtLocation
src/services/codefixes/fixJSDocTypes.ts	getAllCodeActions	src/compiler/types.ts	getTypeChecker
src/services/codefixes/fixJSDocTypes.ts	getCodeActions	src/compiler/types.ts	getTypeChecker
src/services/codefixes/fixMissingTypeAnnotationOnExports.ts	<lambda>6	src/compiler/types.ts	createArrayLiteralExpression
src/services/codefixes/fixMissingTypeAnnotationOnExports.ts	<lambda>7	src/compiler/types.ts	createTupleTypeNode
src/services/codefixes/fixMissingTypeAnnotationOnExports.ts	<lambda>9	src/compiler/types.ts	createObjectLiteralExpression
src/services/codefixes/fixMissingTypeAnnotationOnExports.ts	addInlineAssertion	src/services/textChanges.ts	insertNodeAt
src/services/codefixes/fixMissingTypeAnnotationOnExports.ts	addInlineAssertion	src/services/textChanges.ts	replaceNode
src/services/codefixes/fixMissingTypeAnnotationOnExports.ts	addObjectBindingPatterns	src/compiler/sourcemap.ts	next
src/services/codefixes/fixMissingTypeAnnotationOnExports.ts	addObjectBindingPatterns	src/testRunner/parallel/worker.ts	next
src/services/codefixes/fixMissingTypeAnnotationOnExports.ts	addTypeToSignatureDeclaration	src/services/textChanges.ts	tryInsertTypeAnnotation
src/services/codefixes/fixMissingTypeAnnotationOnExports.ts	addTypeToVariableLike	src/services/textChanges.ts	replaceNode
src/services/codefixes/fixMissingTypeAnnotationOnExports.ts	addTypeToVariableLike	src/services/textChanges.ts	tryInsertTypeAnnotation
src/services/codefixes/fixMissingTypeAnnotationOnExports.ts	createAsExpression	src/compiler/types.ts	createAsExpression
src/services/codefixes/fixMissingTypeAnnotationOnExports.ts	createAsExpression	src/compiler/types.ts	createParenthesizedExpression
src/services/codefixes/fixMissingTypeAnnotationOnExports.ts	createChainedExpression	src/compiler/types.ts	createElementAccessExpression
src/services/codefixes/fixMissingTypeAnnotationOnExports.ts	createChainedExpression	src/compiler/types.ts	createIdentifier
src/services/codefixes/fixMissingTypeAnnotationOnExports.ts	createChainedExpression	src/compiler/types.ts	createPropertyAccessChain
src/services/codefixes/fixMissingTypeAnnotationOnExports.ts	createNamespaceForExpandoProperties	src/compiler/sourcemap.ts	next
src/services/codefixes/fixMissingTypeAnnotationOnExports.ts	createNamespaceForExpandoProperties	src/compiler/types.ts	createModifier
src/services/codefixes/fixMissingTypeAnnotationOnExports.ts	createNamespaceForExpandoProperties	src/compiler/types.ts	createModuleBlock
src/services/codefixes/fixMissingTypeAnnotationOnExports.ts	createNamespaceForExpandoProperties	src/compiler/types.ts	createModuleDeclaration
src/services/codefixes/fixMissingTypeAnnotationOnExports.ts	createNamespaceForExpandoProperties	src/compiler/types.ts	createVariableDeclaration
src/services/codefixes/fixMissingTypeAnnotationOnExports.ts	createNamespaceForExpandoProperties	src/compiler/types.ts	createVariableDeclarationList
src/services/codefixes/fixMissingTypeAnnotationOnExports.ts	createNamespaceForExpandoProperties	src/compiler/types.ts	createVariableStatement
src/services/codefixes/fixMissingTypeAnnotationOnExports.ts	createNamespaceForExpandoProperties	src/services/textChanges.ts	insertNodeAfter
src/services/codefixes/fixMissingTypeAnnotationOnExports.ts	createNamespaceForExpandoProperties	src/testRunner/parallel/worker.ts	next
src/services/codefixes/fixMissingTypeAnnotationOnExports.ts	createSatisfiesAsExpression	src/compiler/types.ts	createAsExpression
src/services/codefixes/fixMissingTypeAnnotationOnExports.ts	createSatisfiesAsExpression	src/compiler/types.ts	createParenthesizedExpression
src/services/codefixes/fixMissingTypeAnnotationOnExports.ts	createSatisfiesAsExpression	src/compiler/types.ts	createSatisfiesExpression
src/services/codefixes/fixMissingTypeAnnotationOnExports.ts	createTypeOfFromEntityNameExpression	src/compiler/types.ts	createTypeQueryNode
src/services/codefixes/fixMissingTypeAnnotationOnExports.ts	extractAsVariable	src/compiler/types.ts	cloneNode
src/services/codefixes/fixMissingTypeAnnotationOnExports.ts	extractAsVariable	src/compiler/types.ts	createAsExpression
src/services/codefixes/fixMissingTypeAnnotationOnExports.ts	extractAsVariable	src/compiler/types.ts	createTypeQueryNode
src/services/codefixes/fixMissingTypeAnnotationOnExports.ts	extractAsVariable	src/compiler/types.ts	createTypeReferenceNode
src/services/codefixes/fixMissingTypeAnnotationOnExports.ts	extractAsVariable	src/compiler/types.ts	createUniqueName
src/services/codefixes/fixMissingTypeAnnotationOnExports.ts	extractAsVariable	src/compiler/types.ts	createVariableDeclaration
src/services/codefixes/fixMissingTypeAnnotationOnExports.ts	extractAsVariable	src/compiler/types.ts	createVariableDeclarationList
src/services/codefixes/fixMissingTypeAnnotationOnExports.ts	extractAsVariable	src/compiler/types.ts	createVariableStatement
src/services/codefixes/fixMissingTypeAnnotationOnExports.ts	extractAsVariable	src/services/textChanges.ts	insertNodeBefore
src/services/codefixes/fixMissingTypeAnnotationOnExports.ts	extractAsVariable	src/services/textChanges.ts	replaceNode
src/services/codefixes/fixMissingTypeAnnotationOnExports.ts	makeVariable	src/compiler/types.ts	createAsExpression
src/services/codefixes/fixMissingTypeAnnotationOnExports.ts	makeVariable	src/compiler/types.ts	createTypeReferenceNode
src/services/codefixes/fixMissingTypeAnnotationOnExports.ts	makeVariable	src/compiler/types.ts	createUniqueName
src/services/codefixes/fixMissingTypeAnnotationOnExports.ts	makeVariable	src/compiler/types.ts	createVariableDeclaration
src/services/codefixes/fixMissingTypeAnnotationOnExports.ts	makeVariable	src/compiler/types.ts	createVariableDeclarationList
src/services/codefixes/fixMissingTypeAnnotationOnExports.ts	makeVariable	src/compiler/types.ts	createVariableStatement
src/services/codefixes/fixMissingTypeAnnotationOnExports.ts	makeVariable	src/services/textChanges.ts	insertNodeBefore
src/services/codefixes/fixMissingTypeAnnotationOnExports.ts	relativeType	src/compiler/types.ts	createUnionTypeNode
src/services/codefixes/fixMissingTypeAnnotationOnExports.ts	transformDestructuringPatterns	src/compiler/sourcemap.ts	next
src/services/codefixes/fixMissingTypeAnnotationOnExports.ts	transformDestructuringPatterns	src/compiler/types.ts	createBinaryExpression
src/services/codefixes/fixMissingTypeAnnotationOnExports.ts	transformDestructuringPatterns	src/compiler/types.ts	createConditionalExpression
src/services/codefixes/fixMissingTypeAnnotationOnExports.ts	transformDestructuringPatterns	src/compiler/types.ts	createIdentifier
src/services/codefixes/fixMissingTypeAnnotationOnExports.ts	transformDestructuringPatterns	src/compiler/types.ts	createToken
src/services/codefixes/fixMissingTypeAnnotationOnExports.ts	transformDestructuringPatterns	src/compiler/types.ts	createUniqueName
src/services/codefixes/fixMissingTypeAnnotationOnExports.ts	transformDestructuringPatterns	src/compiler/types.ts	createVariableDeclaration
src/services/codefixes/fixMissingTypeAnnotationOnExports.ts	transformDestructuringPatterns	src/compiler/types.ts	createVariableDeclarationList
src/services/codefixes/fixMissingTypeAnnotationOnExports.ts	transformDestructuringPatterns	src/compiler/types.ts	createVariableStatement
src/services/codefixes/fixMissingTypeAnnotationOnExports.ts	transformDestructuringPatterns	src/compiler/types.ts	getGeneratedNameForNode
src/services/codefixes/fixMissingTypeAnnotationOnExports.ts	transformDestructuringPatterns	src/compiler/types.ts	updateVariableDeclarationList
src/services/codefixes/fixMissingTypeAnnotationOnExports.ts	transformDestructuringPatterns	src/compiler/types.ts	updateVariableStatement
src/services/codefixes/fixMissingTypeAnnotationOnExports.ts	transformDestructuringPatterns	src/services/textChanges.ts	replaceNodeWithNodes
src/services/codefixes/fixMissingTypeAnnotationOnExports.ts	transformDestructuringPatterns	src/testRunner/parallel/worker.ts	next
src/services/codefixes/fixMissingTypeAnnotationOnExports.ts	transformExportAssignment	src/compiler/types.ts	createUniqueName
src/services/codefixes/fixMissingTypeAnnotationOnExports.ts	transformExportAssignment	src/compiler/types.ts	createVariableDeclaration
src/services/codefixes/fixMissingTypeAnnotationOnExports.ts	transformExportAssignment	src/compiler/types.ts	createVariableDeclarationList
src/services/codefixes/fixMissingTypeAnnotationOnExports.ts	transformExportAssignment	src/compiler/types.ts	createVariableStatement
src/services/codefixes/fixMissingTypeAnnotationOnExports.ts	transformExportAssignment	src/compiler/types.ts	updateExportAssignment
src/services/codefixes/fixMissingTypeAnnotationOnExports.ts	transformExportAssignment	src/services/textChanges.ts	replaceNodeWithNodes
src/services/codefixes/fixMissingTypeAnnotationOnExports.ts	transformExtendsClauseWithExpression	src/compiler/types.ts	createUniqueName
src/services/codefixes/fixMissingTypeAnnotationOnExports.ts	transformExtendsClauseWithExpression	src/compiler/types.ts	createVariableDeclaration
src/services/codefixes/fixMissingTypeAnnotationOnExports.ts	transformExtendsClauseWithExpression	src/compiler/types.ts	createVariableDeclarationList
src/services/codefixes/fixMissingTypeAnnotationOnExports.ts	transformExtendsClauseWithExpression	src/compiler/types.ts	createVariableStatement
src/services/codefixes/fixMissingTypeAnnotationOnExports.ts	transformExtendsClauseWithExpression	src/services/textChanges.ts	insertNodeBefore
src/services/codefixes/fixMissingTypeAnnotationOnExports.ts	transformExtendsClauseWithExpression	src/services/textChanges.ts	replaceRange
src/services/codefixes/fixMissingTypeAnnotationOnExports.ts	typeFromSpreads	src/compiler/sourcemap.ts	next
src/services/codefixes/fixMissingTypeAnnotationOnExports.ts	typeFromSpreads	src/compiler/tracing.ts	push
src/services/codefixes/fixMissingTypeAnnotationOnExports.ts	typeFromSpreads	src/services/textChanges.ts	replaceNode
src/services/codefixes/fixMissingTypeAnnotationOnExports.ts	typeFromSpreads	src/testRunner/parallel/worker.ts	next
src/services/codefixes/fixMissingTypeAnnotationOnExports.ts	typePredicateToTypeNode	src/compiler/types.ts	createKeywordTypeNode
src/services/codefixes/fixMissingTypeAnnotationOnExports.ts	typeToStringForDiag	src/compiler/types.ts	printNode
src/services/codefixes/fixMissingTypeAnnotationOnExports.ts	typeToTypeNode	src/compiler/types.ts	createKeywordTypeNode
src/services/codefixes/fixMissingTypeAnnotationOnExports.ts	withContext	src/compiler/types.ts	getTypeChecker
src/services/codefixes/fixMissingTypeAnnotationOnExports.ts	withContext	src/services/textChanges.ts	getChanges
src/services/codefixes/fixModuleAndTargetOptions.ts	<lambda>0	src/compiler/types.ts	createStringLiteral
src/services/codefixes/fixModuleAndTargetOptions.ts	<lambda>1	src/compiler/types.ts	createStringLiteral
src/services/codefixes/fixNaNEquality.ts	doChange	src/compiler/types.ts	createCallExpression
src/services/codefixes/fixNaNEquality.ts	doChange	src/compiler/types.ts	createIdentifier
src/services/codefixes/fixNaNEquality.ts	doChange	src/compiler/types.ts	createPrefixUnaryExpression
src/services/codefixes/fixNaNEquality.ts	doChange	src/compiler/types.ts	createPropertyAccessExpression
src/services/codefixes/fixNoPropertyAccessFromIndexSignature.ts	doChange	src/compiler/types.ts	createElementAccessChain
src/services/codefixes/fixNoPropertyAccessFromIndexSignature.ts	doChange	src/compiler/types.ts	createElementAccessExpression
src/services/codefixes/fixNoPropertyAccessFromIndexSignature.ts	doChange	src/compiler/types.ts	createStringLiteral
src/services/codefixes/fixOverrideModifier.ts	doAddOverrideModifierChange	src/compiler/types.ts	createIdentifier
src/services/codefixes/fixOverrideModifier.ts	doAddOverrideModifierChange	src/compiler/types.ts	createJSDocOverrideTag
src/services/codefixes/fixPropertyAssignment.ts	doChange	src/compiler/types.ts	createPropertyAssignment
src/services/codefixes/fixPropertyOverrideAccessor.ts	<lambda>1	src/compiler/sourcemap.ts	next
src/services/codefixes/fixPropertyOverrideAccessor.ts	<lambda>1	src/testRunner/parallel/worker.ts	next
src/services/codefixes/fixPropertyOverrideAccessor.ts	doChange	src/compiler/types.ts	getDeclaredTypeOfSymbol
src/services/codefixes/fixPropertyOverrideAccessor.ts	doChange	src/compiler/types.ts	getPropertyOfType
src/services/codefixes/fixPropertyOverrideAccessor.ts	doChange	src/compiler/types.ts	getSymbolAtLocation
src/services/codefixes/fixReturnTypeInAsyncFunction.ts	<lambda>2	src/compiler/types.ts	getTypeChecker
src/services/codefixes/fixReturnTypeInAsyncFunction.ts	doChange	src/compiler/types.ts	createTypeReferenceNode
src/services/codefixes/fixReturnTypeInAsyncFunction.ts	getCodeActions	src/compiler/types.ts	getTypeChecker
src/services/codefixes/fixSpelling.ts	doChange	src/compiler/types.ts	createElementAccessExpression
src/services/codefixes/fixSpelling.ts	doChange	src/compiler/types.ts	createIdentifier
src/services/codefixes/fixSpelling.ts	doChange	src/compiler/types.ts	createStringLiteral
src/services/codefixes/fixSpelling.ts	getInfo	src/compiler/types.ts	getContextualTypeForArgumentAtIndex
src/services/codefixes/fixSpelling.ts	getInfo	src/compiler/types.ts	getNonNullableType
src/services/codefixes/fixSpelling.ts	getInfo	src/compiler/types.ts	getSuggestedSymbolForNonexistentClassMember
src/services/codefixes/fixSpelling.ts	getInfo	src/compiler/types.ts	getSuggestedSymbolForNonexistentJSXAttribute
src/services/codefixes/fixSpelling.ts	getInfo	src/compiler/types.ts	getSuggestedSymbolForNonexistentModule
src/services/codefixes/fixSpelling.ts	getInfo	src/compiler/types.ts	getSuggestedSymbolForNonexistentProperty
src/services/codefixes/fixSpelling.ts	getInfo	src/compiler/types.ts	getSuggestedSymbolForNonexistentSymbol
src/services/codefixes/fixSpelling.ts	getInfo	src/compiler/types.ts	getSymbolAtLocation
src/services/codefixes/fixSpelling.ts	getInfo	src/compiler/types.ts	getTypeAtLocation
src/services/codefixes/fixStrictClassInitialization.ts	addDefiniteAssignmentAssertion	src/compiler/types.ts	createToken
src/services/codefixes/fixStrictClassInitialization.ts	addDefiniteAssignmentAssertion	src/compiler/types.ts	updatePropertyDeclaration
src/services/codefixes/fixStrictClassInitialization.ts	addInitializer	src/compiler/types.ts	updatePropertyDeclaration
src/services/codefixes/fixStrictClassInitialization.ts	addUndefinedType	src/compiler/types.ts	createJSDocTypeExpression
src/services/codefixes/fixStrictClassInitialization.ts	addUndefinedType	src/compiler/types.ts	createJSDocTypeTag
src/services/codefixes/fixStrictClassInitialization.ts	addUndefinedType	src/compiler/types.ts	createKeywordTypeNode
src/services/codefixes/fixStrictClassInitialization.ts	addUndefinedType	src/compiler/types.ts	createUnionTypeNode
src/services/codefixes/fixStrictClassInitialization.ts	getDefaultValueFromType	src/compiler/types.ts	createArrayLiteralExpression
src/services/codefixes/fixStrictClassInitialization.ts	getDefaultValueFromType	src/compiler/types.ts	createBigIntLiteral
src/services/codefixes/fixStrictClassInitialization.ts	getDefaultValueFromType	src/compiler/types.ts	createFalse
src/services/codefixes/fixStrictClassInitialization.ts	getDefaultValueFromType	src/compiler/types.ts	createIdentifier
src/services/codefixes/fixStrictClassInitialization.ts	getDefaultValueFromType	src/compiler/types.ts	createNewExpression
src/services/codefixes/fixStrictClassInitialization.ts	getDefaultValueFromType	src/compiler/types.ts	createNumericLiteral
src/services/codefixes/fixStrictClassInitialization.ts	getDefaultValueFromType	src/compiler/types.ts	createStringLiteral
src/services/codefixes/fixStrictClassInitialization.ts	getDefaultValueFromType	src/compiler/types.ts	createTrue
src/services/codefixes/fixUnmatchedParameter.ts	getRenameAction	src/compiler/sourcemap.ts	next
src/services/codefixes/fixUnmatchedParameter.ts	getRenameAction	src/compiler/types.ts	createIdentifier
src/services/codefixes/fixUnmatchedParameter.ts	getRenameAction	src/compiler/types.ts	updateJSDocParameterTag
src/services/codefixes/fixUnmatchedParameter.ts	getRenameAction	src/testRunner/parallel/worker.ts	next
src/services/codefixes/fixUnreachableCode.ts	doChange	src/compiler/types.ts	createBlock
src/services/codefixes/fixUnreachableCode.ts	doChange	src/services/types.ts	getStart
src/services/codefixes/fixUnreachableCode.ts	lastWhere	src/compiler/sourcemap.ts	next
src/services/codefixes/fixUnreachableCode.ts	lastWhere	src/testRunner/parallel/worker.ts	next
src/services/codefixes/fixUnreferenceableDecoratorMetadata.ts	getImportDeclaration	src/compiler/types.ts	getSymbolAtLocation
src/services/codefixes/fixUnusedIdentifier.ts	<lambda>1	src/compiler/types.ts	createIdentifier
src/services/codefixes/fixUnusedIdentifier.ts	changeInferToUnknown	src/compiler/types.ts	createKeywordTypeNode
src/services/codefixes/fixUnusedIdentifier.ts	deleteFunctionLikeDeclaration	src/compiler/sourcemap.ts	next
src/services/codefixes/fixUnusedIdentifier.ts	deleteFunctionLikeDeclaration	src/testRunner/parallel/worker.ts	next
src/services/codefixes/fixUnusedIdentifier.ts	mayDeleteParameter	src/compiler/sourcemap.ts	next
src/services/codefixes/fixUnusedIdentifier.ts	mayDeleteParameter	src/testRunner/parallel/worker.ts	next
src/services/codefixes/fixUnusedIdentifier.ts	tryDeleteParameter	src/compiler/sourcemap.ts	next
src/services/codefixes/fixUnusedIdentifier.ts	tryDeleteParameter	src/testRunner/parallel/worker.ts	next
src/services/codefixes/fixUnusedIdentifier.ts	tryPrefixDeclaration	src/compiler/types.ts	createIdentifier
src/services/codefixes/fixUnusedLabel.ts	doChange	src/services/types.ts	getStart
src/services/codefixes/generateAccessors.ts	createAccessorAccessExpression	src/compiler/types.ts	createElementAccessExpression
src/services/codefixes/generateAccessors.ts	createAccessorAccessExpression	src/compiler/types.ts	createPropertyAccessExpression
src/services/codefixes/generateAccessors.ts	createAccessorAccessExpression	src/compiler/types.ts	createStringLiteralFromNode
src/services/codefixes/generateAccessors.ts	createAccessorAccessExpression	src/compiler/types.ts	createThis
src/services/codefixes/generateAccessors.ts	createPropertyName	src/compiler/types.ts	createIdentifier
src/services/codefixes/generateAccessors.ts	createPropertyName	src/compiler/types.ts	createStringLiteral
src/services/codefixes/generateAccessors.ts	generateAccessorFromProperty	src/compiler/types.ts	createModifiersFromModifierFlags
src/services/codefixes/generateAccessors.ts	generateGetAccessor	src/compiler/types.ts	createBlock
src/services/codefixes/generateAccessors.ts	generateGetAccessor	src/compiler/types.ts	createGetAccessorDeclaration
src/services/codefixes/generateAccessors.ts	generateGetAccessor	src/compiler/types.ts	createReturnStatement
src/services/codefixes/generateAccessors.ts	generateSetAccessor	src/compiler/types.ts	createAssignment
src/services/codefixes/generateAccessors.ts	generateSetAccessor	src/compiler/types.ts	createBlock
src/services/codefixes/generateAccessors.ts	generateSetAccessor	src/compiler/types.ts	createExpressionStatement
src/services/codefixes/generateAccessors.ts	generateSetAccessor	src/compiler/types.ts	createIdentifier
src/services/codefixes/generateAccessors.ts	generateSetAccessor	src/compiler/types.ts	createParameterDeclaration
src/services/codefixes/generateAccessors.ts	generateSetAccessor	src/compiler/types.ts	createSetAccessorDeclaration
src/services/codefixes/generateAccessors.ts	getDeclarationType	src/compiler/types.ts	createKeywordTypeNode
src/services/codefixes/generateAccessors.ts	getDeclarationType	src/compiler/types.ts	createUnionTypeNode
src/services/codefixes/generateAccessors.ts	getDeclarationType	src/compiler/types.ts	getTypeFromTypeNode
src/services/codefixes/generateAccessors.ts	getDeclarationType	src/compiler/types.ts	getUndefinedType
src/services/codefixes/generateAccessors.ts	getDeclarationType	src/compiler/types.ts	isTypeAssignableTo
src/services/codefixes/generateAccessors.ts	recur	src/compiler/types.ts	createIdentifier
src/services/codefixes/generateAccessors.ts	recur	src/compiler/types.ts	createStringLiteral
src/services/codefixes/generateAccessors.ts	updateFieldDeclaration	src/compiler/types.ts	updateParameterDeclaration
src/services/codefixes/generateAccessors.ts	updatePropertyAssignmentDeclaration	src/compiler/types.ts	cloneNode
src/services/codefixes/generateAccessors.ts	updatePropertyAssignmentDeclaration	src/compiler/types.ts	updatePropertyAssignment
src/services/codefixes/generateAccessors.ts	updatePropertyDeclaration	src/compiler/types.ts	updatePropertyDeclaration
src/services/codefixes/helpers.ts	<lambda>10	src/compiler/types.ts	updateParameterDeclaration
src/services/codefixes/helpers.ts	<lambda>3	src/compiler/types.ts	createTypeParameterDeclaration
src/services/codefixes/helpers.ts	<lambda>9	src/compiler/types.ts	updateTypeParameterDeclaration
src/services/codefixes/helpers.ts	addNewNodeForMemberSymbol	src/compiler/sourcemap.ts	next
src/services/codefixes/helpers.ts	addNewNodeForMemberSymbol	src/compiler/types.ts	createGetAccessorDeclaration
src/services/codefixes/helpers.ts	addNewNodeForMemberSymbol	src/compiler/types.ts	createPropertyDeclaration
src/services/codefixes/helpers.ts	addNewNodeForMemberSymbol	src/compiler/types.ts	createSetAccessorDeclaration
src/services/codefixes/helpers.ts	addNewNodeForMemberSymbol	src/compiler/types.ts	createToken
src/services/codefixes/helpers.ts	addNewNodeForMemberSymbol	src/testRunner/parallel/worker.ts	next
src/services/codefixes/helpers.ts	createDeclarationName	src/compiler/types.ts	createIdentifier
src/services/codefixes/helpers.ts	createDummyParameters	src/compiler/types.ts	createKeywordTypeNode
src/services/codefixes/helpers.ts	createDummyParameters	src/compiler/types.ts	createParameterDeclaration
src/services/codefixes/helpers.ts	createDummyParameters	src/compiler/types.ts	createToken
src/services/codefixes/helpers.ts	createJsonPropertyAssignment	src/compiler/types.ts	createPropertyAssignment
src/services/codefixes/helpers.ts	createJsonPropertyAssignment	src/compiler/types.ts	createStringLiteral
src/services/codefixes/helpers.ts	createMethodImplementingSignatures	src/compiler/sourcemap.ts	next
src/services/codefixes/helpers.ts	createMethodImplementingSignatures	src/compiler/types.ts	createArrayTypeNode
src/services/codefixes/helpers.ts	createMethodImplementingSignatures	src/compiler/types.ts	createKeywordTypeNode
src/services/codefixes/helpers.ts	createMethodImplementingSignatures	src/compiler/types.ts	createParameterDeclaration
src/services/codefixes/helpers.ts	createMethodImplementingSignatures	src/compiler/types.ts	createToken
src/services/codefixes/helpers.ts	createMethodImplementingSignatures	src/testRunner/parallel/worker.ts	next
src/services/codefixes/helpers.ts	createMissingMemberNodes	src/compiler/sourcemap.ts	next
src/services/codefixes/helpers.ts	createMissingMemberNodes	src/testRunner/parallel/worker.ts	next
src/services/codefixes/helpers.ts	createModifiers	src/compiler/types.ts	createModifiersFromModifierFlags
src/services/codefixes/helpers.ts	createModifiers	src/compiler/types.ts	createNodeArray
src/services/codefixes/helpers.ts	createModifiers	src/compiler/types.ts	createToken
src/services/codefixes/helpers.ts	createName	src/compiler/types.ts	createComputedPropertyName
src/services/codefixes/helpers.ts	createName	src/compiler/types.ts	createStringLiteral
src/services/codefixes/helpers.ts	createSignatureDeclarationFromCallExpression	src/compiler/types.ts	createFunctionDeclaration
src/services/codefixes/helpers.ts	createSignatureDeclarationFromCallExpression	src/compiler/types.ts	createKeywordTypeNode
src/services/codefixes/helpers.ts	createSignatureDeclarationFromCallExpression	src/compiler/types.ts	createMethodDeclaration
src/services/codefixes/helpers.ts	createSignatureDeclarationFromCallExpression	src/compiler/types.ts	createMethodSignature
src/services/codefixes/helpers.ts	createSignatureDeclarationFromCallExpression	src/compiler/types.ts	createModifiersFromModifierFlags
src/services/codefixes/helpers.ts	createSignatureDeclarationFromCallExpression	src/compiler/types.ts	createNodeArray
src/services/codefixes/helpers.ts	createSignatureDeclarationFromCallExpression	src/compiler/types.ts	createToken
src/services/codefixes/helpers.ts	createSignatureDeclarationFromSignature	src/compiler/types.ts	createIdentifier
src/services/codefixes/helpers.ts	createSignatureDeclarationFromSignature	src/compiler/types.ts	createNodeArray
src/services/codefixes/helpers.ts	createSignatureDeclarationFromSignature	src/compiler/types.ts	createToken
src/services/codefixes/helpers.ts	createSignatureDeclarationFromSignature	src/compiler/types.ts	updateArrowFunction
src/services/codefixes/helpers.ts	createSignatureDeclarationFromSignature	src/compiler/types.ts	updateFunctionDeclaration
src/services/codefixes/helpers.ts	createSignatureDeclarationFromSignature	src/compiler/types.ts	updateFunctionExpression
src/services/codefixes/helpers.ts	createSignatureDeclarationFromSignature	src/compiler/types.ts	updateMethodDeclaration
src/services/codefixes/helpers.ts	createStubbedBody	src/compiler/types.ts	createBlock
src/services/codefixes/helpers.ts	createStubbedBody	src/compiler/types.ts	createIdentifier
src/services/codefixes/helpers.ts	createStubbedBody	src/compiler/types.ts	createNewExpression
src/services/codefixes/helpers.ts	createStubbedBody	src/compiler/types.ts	createStringLiteral
src/services/codefixes/helpers.ts	createStubbedBody	src/compiler/types.ts	createThrowStatement
src/services/codefixes/helpers.ts	createStubbedMethod	src/compiler/types.ts	createMethodDeclaration
src/services/codefixes/helpers.ts	createStubbedMethod	src/compiler/types.ts	createToken
src/services/codefixes/helpers.ts	getArgumentTypesAndTypeParameters	src/compiler/types.ts	createTypeReferenceNode
src/services/codefixes/helpers.ts	getFirstTypeParameterName	src/compiler/sourcemap.ts	next
src/services/codefixes/helpers.ts	getFirstTypeParameterName	src/testRunner/parallel/worker.ts	next
src/services/codefixes/helpers.ts	replaceFirstIdentifierOfEntityName	src/compiler/types.ts	createQualifiedName
src/services/codefixes/helpers.ts	setJsonCompilerOptionValues	src/compiler/sourcemap.ts	next
src/services/codefixes/helpers.ts	setJsonCompilerOptionValues	src/compiler/types.ts	createObjectLiteralExpression
src/services/codefixes/helpers.ts	setJsonCompilerOptionValues	src/testRunner/parallel/worker.ts	next
src/services/codefixes/helpers.ts	typePredicateToAutoImportableTypeNode	src/compiler/types.ts	updateTypePredicateNode
src/services/codefixes/helpers.ts	typeToMinimizedReferenceType	src/compiler/types.ts	createNodeArray
src/services/codefixes/helpers.ts	typeToMinimizedReferenceType	src/compiler/types.ts	updateTypeReferenceNode
src/services/codefixes/helpers.ts	visit	src/compiler/types.ts	createIdentifier
src/services/codefixes/helpers.ts	visit	src/compiler/types.ts	createTypeReferenceNode
src/services/codefixes/importFixes.ts	<lambda>15	src/compiler/core.ts	filter
src/services/codefixes/importFixes.ts	<lambda>15	src/compiler/types.ts	updateImportClause
src/services/codefixes/importFixes.ts	<lambda>15	src/compiler/types.ts	updateImportDeclaration
src/services/codefixes/importFixes.ts	<lambda>15	src/compiler/types.ts	updateNamedImports
src/services/codefixes/importFixes.ts	<lambda>18	src/compiler/types.ts	updateVariableDeclarationList
src/services/codefixes/importFixes.ts	<lambda>18	src/compiler/types.ts	updateVariableStatement
src/services/codefixes/importFixes.ts	<lambda>19	src/compiler/types.ts	updateObjectBindingPattern
src/services/codefixes/importFixes.ts	<lambda>19	src/compiler/types.ts	updateVariableDeclaration
src/services/codefixes/importFixes.ts	<lambda>27	src/compiler/program.ts	getTypeChecker
src/services/codefixes/importFixes.ts	<lambda>27	src/compiler/types.ts	getTypeChecker
src/services/codefixes/importFixes.ts	<lambda>47	src/compiler/types.ts	createBindingElement
src/services/codefixes/importFixes.ts	<lambda>49	src/compiler/types.ts	createIdentifier
src/services/codefixes/importFixes.ts	<lambda>49	src/compiler/types.ts	createImportSpecifier
src/services/codefixes/importFixes.ts	<lambda>51	src/compiler/types.ts	updateImportSpecifier
src/services/codefixes/importFixes.ts	<lambda>53	src/compiler/types.ts	createIdentifier
src/services/codefixes/importFixes.ts	<lambda>53	src/compiler/types.ts	createImportSpecifier
src/services/codefixes/importFixes.ts	<lambda>54	src/compiler/types.ts	createBindingElement
src/services/codefixes/importFixes.ts	addElementToBindingPattern	src/compiler/types.ts	createBindingElement
src/services/codefixes/importFixes.ts	addElementToBindingPattern	src/compiler/types.ts	createObjectBindingPattern
src/services/codefixes/importFixes.ts	createConstEqualsRequireDeclaration	src/compiler/types.ts	createCallExpression
src/services/codefixes/importFixes.ts	createConstEqualsRequireDeclaration	src/compiler/types.ts	createIdentifier
src/services/codefixes/importFixes.ts	createConstEqualsRequireDeclaration	src/compiler/types.ts	createVariableDeclaration
src/services/codefixes/importFixes.ts	createConstEqualsRequireDeclaration	src/compiler/types.ts	createVariableDeclarationList
src/services/codefixes/importFixes.ts	createConstEqualsRequireDeclaration	src/compiler/types.ts	createVariableStatement
src/services/codefixes/importFixes.ts	createExistingImportMap	src/compiler/sourcemap.ts	next
src/services/codefixes/importFixes.ts	createExistingImportMap	src/testRunner/parallel/worker.ts	next
src/services/codefixes/importFixes.ts	doAddExistingFix	src/compiler/core.ts	filter
src/services/codefixes/importFixes.ts	doAddExistingFix	src/compiler/sourcemap.ts	next
src/services/codefixes/importFixes.ts	doAddExistingFix	src/compiler/types.ts	createBindingElement
src/services/codefixes/importFixes.ts	doAddExistingFix	src/compiler/types.ts	createIdentifier
src/services/codefixes/importFixes.ts	doAddExistingFix	src/compiler/types.ts	createNamedImports
src/services/codefixes/importFixes.ts	doAddExistingFix	src/compiler/types.ts	createObjectBindingPattern
src/services/codefixes/importFixes.ts	doAddExistingFix	src/compiler/types.ts	updateNamedImports
src/services/codefixes/importFixes.ts	doAddExistingFix	src/testRunner/parallel/worker.ts	next
src/services/codefixes/importFixes.ts	getExportEqualsImportKind	src/compiler/sourcemap.ts	next
src/services/codefixes/importFixes.ts	getExportEqualsImportKind	src/testRunner/parallel/worker.ts	next
src/services/codefixes/importFixes.ts	getNewImports	src/compiler/types.ts	createExternalModuleReference
src/services/codefixes/importFixes.ts	getNewImports	src/compiler/types.ts	createIdentifier
src/services/codefixes/importFixes.ts	getNewImports	src/compiler/types.ts	createImportClause
src/services/codefixes/importFixes.ts	getNewImports	src/compiler/types.ts	createImportDeclaration
src/services/codefixes/importFixes.ts	getNewImports	src/compiler/types.ts	createImportEqualsDeclaration
src/services/codefixes/importFixes.ts	getNewImports	src/compiler/types.ts	createNamespaceImport
src/services/codefixes/importFixes.ts	getNewRequires	src/compiler/types.ts	createBindingElement
src/services/codefixes/importFixes.ts	getNewRequires	src/compiler/types.ts	createObjectBindingPattern
src/services/codefixes/importFixes.ts	promoteFromTypeOnly	src/compiler/types.ts	updateImportSpecifier
src/services/codefixes/importFixes.ts	promoteImportClause	src/compiler/sourcemap.ts	next
src/services/codefixes/importFixes.ts	promoteImportClause	src/compiler/types.ts	createStringLiteral
src/services/codefixes/importFixes.ts	promoteImportClause	src/testRunner/parallel/worker.ts	next
src/services/codefixes/importFixes.ts	shouldUseRequire	src/compiler/sourcemap.ts	next
src/services/codefixes/importFixes.ts	shouldUseRequire	src/testRunner/parallel/worker.ts	next
src/services/codefixes/importFixes.ts	tryAddToExistingImport	src/compiler/sourcemap.ts	next
src/services/codefixes/importFixes.ts	tryAddToExistingImport	src/testRunner/parallel/worker.ts	next
src/services/codefixes/importFixes.ts	writeFixes	src/compiler/core.ts	add
src/services/codefixes/importFixes.ts	writeFixes	src/compiler/sourcemap.ts	next
src/services/codefixes/importFixes.ts	writeFixes	src/compiler/transformers/utilities.ts	add
src/services/codefixes/importFixes.ts	writeFixes	src/compiler/types.ts	add
src/services/codefixes/importFixes.ts	writeFixes	src/compiler/types.ts	updateImportClause
src/services/codefixes/importFixes.ts	writeFixes	src/compiler/utilities.ts	add
src/services/codefixes/importFixes.ts	writeFixes	src/harness/watchUtils.ts	add
src/services/codefixes/importFixes.ts	writeFixes	src/server/scriptVersionCache.ts	add
src/services/codefixes/importFixes.ts	writeFixes	src/services/completions.ts	add
src/services/codefixes/importFixes.ts	writeFixes	src/services/exportInfoMap.ts	add
src/services/codefixes/importFixes.ts	writeFixes	src/services/stringCompletions.ts	add
src/services/codefixes/importFixes.ts	writeFixes	src/testRunner/parallel/worker.ts	next
src/services/codefixes/inferFromUsage.ts	<lambda>1	src/compiler/types.ts	cloneNode
src/services/codefixes/inferFromUsage.ts	<lambda>17	src/compiler/sourcemap.ts	next
src/services/codefixes/inferFromUsage.ts	<lambda>17	src/compiler/types.ts	createArrayType
src/services/codefixes/inferFromUsage.ts	<lambda>17	src/compiler/types.ts	getBaseTypeOfLiteralType
src/services/codefixes/inferFromUsage.ts	<lambda>17	src/compiler/types.ts	getUndefinedType
src/services/codefixes/inferFromUsage.ts	<lambda>17	src/testRunner/parallel/worker.ts	next
src/services/codefixes/inferFromUsage.ts	<lambda>2	src/compiler/types.ts	createJSDocComment
src/services/codefixes/inferFromUsage.ts	<lambda>2	src/compiler/types.ts	createJSDocTypeExpression
src/services/codefixes/inferFromUsage.ts	<lambda>2	src/compiler/types.ts	createJSDocTypeTag
src/services/codefixes/inferFromUsage.ts	<lambda>28	src/compiler/types.ts	createSymbol
src/services/codefixes/inferFromUsage.ts	<lambda>28	src/compiler/types.ts	getUnionType
src/services/codefixes/inferFromUsage.ts	<lambda>29	src/compiler/types.ts	getBaseTypeOfLiteralType
src/services/codefixes/inferFromUsage.ts	<lambda>3	src/compiler/types.ts	createJSDocParameterTag
src/services/codefixes/inferFromUsage.ts	<lambda>3	src/compiler/types.ts	createJSDocTypeExpression
src/services/codefixes/inferFromUsage.ts	<lambda>30	src/compiler/types.ts	createSymbol
src/services/codefixes/inferFromUsage.ts	<lambda>33	src/compiler/types.ts	getSignaturesOfType
src/services/codefixes/inferFromUsage.ts	<lambda>33	src/compiler/types.ts	getTypeOfPropertyOfType
src/services/codefixes/inferFromUsage.ts	<lambda>33	src/compiler/types.ts	isTypeAssignableTo
src/services/codefixes/inferFromUsage.ts	<lambda>34	src/compiler/types.ts	getTypeOfPropertyOfType
src/services/codefixes/inferFromUsage.ts	<lambda>37	src/compiler/types.ts	getUndefinedType
src/services/codefixes/inferFromUsage.ts	<lambda>6	src/compiler/tracing.ts	push
src/services/codefixes/inferFromUsage.ts	Array	src/compiler/types.ts	createArrayType
src/services/codefixes/inferFromUsage.ts	Promise	src/compiler/types.ts	createPromiseType
src/services/codefixes/inferFromUsage.ts	addCandidateThisType	src/compiler/tracing.ts	push
src/services/codefixes/inferFromUsage.ts	addCandidateType	src/compiler/tracing.ts	push
src/services/codefixes/inferFromUsage.ts	annotate	src/compiler/types.ts	createJSDocReturnTag
src/services/codefixes/inferFromUsage.ts	annotate	src/compiler/types.ts	createJSDocTypeExpression
src/services/codefixes/inferFromUsage.ts	annotate	src/compiler/types.ts	createJSDocTypeTag
src/services/codefixes/inferFromUsage.ts	annotateJSDocParameters	src/compiler/types.ts	createToken
src/services/codefixes/inferFromUsage.ts	annotateJSDocThis	src/compiler/types.ts	createJSDocThisTag
src/services/codefixes/inferFromUsage.ts	annotateJSDocThis	src/compiler/types.ts	createJSDocTypeExpression
src/services/codefixes/inferFromUsage.ts	annotateParameters	src/compiler/sourcemap.ts	next
src/services/codefixes/inferFromUsage.ts	annotateParameters	src/compiler/types.ts	createToken
src/services/codefixes/inferFromUsage.ts	annotateParameters	src/testRunner/parallel/worker.ts	next
src/services/codefixes/inferFromUsage.ts	calculateUsageOfNode	src/compiler/types.ts	getTypeAtLocation
src/services/codefixes/inferFromUsage.ts	combineAnonymousTypes	src/compiler/sourcemap.ts	next
src/services/codefixes/inferFromUsage.ts	combineAnonymousTypes	src/compiler/types.ts	createAnonymousType
src/services/codefixes/inferFromUsage.ts	combineAnonymousTypes	src/compiler/types.ts	createIndexInfo
src/services/codefixes/inferFromUsage.ts	combineAnonymousTypes	src/compiler/types.ts	getAnyType
src/services/codefixes/inferFromUsage.ts	combineAnonymousTypes	src/compiler/types.ts	getIndexInfoOfType
src/services/codefixes/inferFromUsage.ts	combineAnonymousTypes	src/compiler/types.ts	getNumberType
src/services/codefixes/inferFromUsage.ts	combineAnonymousTypes	src/compiler/types.ts	getPropertiesOfType
src/services/codefixes/inferFromUsage.ts	combineAnonymousTypes	src/compiler/types.ts	getSignaturesOfType
src/services/codefixes/inferFromUsage.ts	combineAnonymousTypes	src/compiler/types.ts	getStringType
src/services/codefixes/inferFromUsage.ts	combineAnonymousTypes	src/compiler/types.ts	getTypeOfSymbolAtLocation
src/services/codefixes/inferFromUsage.ts	combineAnonymousTypes	src/compiler/types.ts	getUnionType
src/services/codefixes/inferFromUsage.ts	combineAnonymousTypes	src/testRunner/parallel/worker.ts	next
src/services/codefixes/inferFromUsage.ts	combineTypes	src/compiler/types.ts	getAnyType
src/services/codefixes/inferFromUsage.ts	combineTypes	src/compiler/types.ts	getNumberType
src/services/codefixes/inferFromUsage.ts	combineTypes	src/compiler/types.ts	getStringType
src/services/codefixes/inferFromUsage.ts	combineTypes	src/compiler/types.ts	getUnionType
src/services/codefixes/inferFromUsage.ts	combineTypes	src/compiler/types.ts	getWidenedType
src/services/codefixes/inferFromUsage.ts	combineUsages	src/compiler/sourcemap.ts	next
src/services/codefixes/inferFromUsage.ts	combineUsages	src/testRunner/parallel/worker.ts	next
src/services/codefixes/inferFromUsage.ts	doChange	src/compiler/types.ts	createJSDocTypeExpression
src/services/codefixes/inferFromUsage.ts	doChange	src/compiler/types.ts	createJSDocTypeTag
src/services/codefixes/inferFromUsage.ts	getFunctionFromCalls	src/compiler/types.ts	createAnonymousType
src/services/codefixes/inferFromUsage.ts	getSignatureFromCalls	src/compiler/types.ts	createSignature
src/services/codefixes/inferFromUsage.ts	getSignatureFromCalls	src/compiler/types.ts	createSymbol
src/services/codefixes/inferFromUsage.ts	high	src/compiler/types.ts	getNumberType
src/services/codefixes/inferFromUsage.ts	high	src/compiler/types.ts	getStringType
src/services/codefixes/inferFromUsage.ts	inferFromSignatures	src/compiler/types.ts	getAnyType
src/services/codefixes/inferFromUsage.ts	inferFromSignatures	src/compiler/types.ts	getElementTypeOfArrayType
src/services/codefixes/inferFromUsage.ts	inferFromSignatures	src/compiler/types.ts	getReturnTypeOfSignature
src/services/codefixes/inferFromUsage.ts	inferFromSignatures	src/compiler/types.ts	getTypeOfSymbolAtLocation
src/services/codefixes/inferFromUsage.ts	inferStructuralType	src/compiler/types.ts	createAnonymousType
src/services/codefixes/inferFromUsage.ts	inferStructuralType	src/compiler/types.ts	createIndexInfo
src/services/codefixes/inferFromUsage.ts	inferStructuralType	src/compiler/types.ts	getStringType
src/services/codefixes/inferFromUsage.ts	inferTypeFromBinaryExpression	src/compiler/types.ts	getTypeAtLocation
src/services/codefixes/inferFromUsage.ts	inferTypeFromCallExpression	src/compiler/sourcemap.ts	next
src/services/codefixes/inferFromUsage.ts	inferTypeFromCallExpression	src/compiler/tracing.ts	push
src/services/codefixes/inferFromUsage.ts	inferTypeFromCallExpression	src/compiler/types.ts	getTypeAtLocation
src/services/codefixes/inferFromUsage.ts	inferTypeFromCallExpression	src/testRunner/parallel/worker.ts	next
src/services/codefixes/inferFromUsage.ts	inferTypeFromContextualType	src/compiler/types.ts	getContextualType
src/services/codefixes/inferFromUsage.ts	inferTypeFromExpressionStatement	src/compiler/types.ts	getAnyType
src/services/codefixes/inferFromUsage.ts	inferTypeFromExpressionStatement	src/compiler/types.ts	getVoidType
src/services/codefixes/inferFromUsage.ts	inferTypeFromPropertyAssignment	src/compiler/types.ts	getTypeAtLocation
src/services/codefixes/inferFromUsage.ts	inferTypeFromPropertyDeclaration	src/compiler/types.ts	getTypeAtLocation
src/services/codefixes/inferFromUsage.ts	inferTypeFromPropertyElementExpression	src/compiler/types.ts	getTypeAtLocation
src/services/codefixes/inferFromUsage.ts	inferTypeFromReferences	src/compiler/types.ts	createArrayType
src/services/codefixes/inferFromUsage.ts	inferTypeFromReferences	src/compiler/types.ts	createPromiseType
src/services/codefixes/inferFromUsage.ts	inferTypeFromReferences	src/compiler/types.ts	getAnyType
src/services/codefixes/inferFromUsage.ts	inferTypeFromReferences	src/compiler/types.ts	getNumberType
src/services/codefixes/inferFromUsage.ts	inferTypeFromReferences	src/compiler/types.ts	getStringType
src/services/codefixes/inferFromUsage.ts	inferTypeFromSwitchStatementLabel	src/compiler/types.ts	getTypeAtLocation
src/services/codefixes/inferFromUsage.ts	inferTypeParameters	src/compiler/types.ts	getSignaturesOfType
src/services/codefixes/inferFromUsage.ts	inferTypeParameters	src/compiler/types.ts	getTypeArguments
src/services/codefixes/inferFromUsage.ts	inferTypes	src/compiler/core.ts	map
src/services/codefixes/inferFromUsage.ts	inferTypes	src/compiler/types.ts	createArrayType
src/services/codefixes/inferFromUsage.ts	inferTypes	src/compiler/types.ts	getNumberType
src/services/codefixes/inferFromUsage.ts	inferTypes	src/compiler/types.ts	getStringType
src/services/codefixes/inferFromUsage.ts	inferTypes	src/compiler/types.ts	getUnionType
src/services/codefixes/inferFromUsage.ts	inferTypesFromReferencesSingle	src/compiler/sourcemap.ts	next
src/services/codefixes/inferFromUsage.ts	inferTypesFromReferencesSingle	src/testRunner/parallel/worker.ts	next
src/services/codefixes/inferFromUsage.ts	number	src/compiler/types.ts	getNumberType
src/services/codefixes/inferFromUsage.ts	parameters	src/compiler/sourcemap.ts	next
src/services/codefixes/inferFromUsage.ts	parameters	src/testRunner/parallel/worker.ts	next
src/services/codefixes/inferFromUsage.ts	removeLowPriorityInferences	src/compiler/sourcemap.ts	next
src/services/codefixes/inferFromUsage.ts	removeLowPriorityInferences	src/testRunner/parallel/worker.ts	next
src/services/codefixes/inferFromUsage.ts	string	src/compiler/types.ts	getStringType
src/services/codefixes/inferFromUsage.ts	thisParameter	src/compiler/sourcemap.ts	next
src/services/codefixes/inferFromUsage.ts	thisParameter	src/testRunner/parallel/worker.ts	next
src/services/codefixes/requireInTs.ts	doChange	src/compiler/types.ts	createExternalModuleReference
src/services/codefixes/requireInTs.ts	doChange	src/compiler/types.ts	createImportClause
src/services/codefixes/requireInTs.ts	doChange	src/compiler/types.ts	createImportDeclaration
src/services/codefixes/requireInTs.ts	doChange	src/compiler/types.ts	createImportEqualsDeclaration
src/services/codefixes/requireInTs.ts	getInfo	src/compiler/types.ts	createStringLiteral
src/services/codefixes/requireInTs.ts	tryCreateNamedImportsFromObjectBindingPattern	src/compiler/sourcemap.ts	next
src/services/codefixes/requireInTs.ts	tryCreateNamedImportsFromObjectBindingPattern	src/compiler/types.ts	createImportSpecifier
src/services/codefixes/requireInTs.ts	tryCreateNamedImportsFromObjectBindingPattern	src/compiler/types.ts	createNamedImports
src/services/codefixes/requireInTs.ts	tryCreateNamedImportsFromObjectBindingPattern	src/testRunner/parallel/worker.ts	next
src/services/codefixes/returnValueCorrect.ts	<lambda>4	src/compiler/types.ts	getTypeChecker
src/services/codefixes/returnValueCorrect.ts	addReturnStatement	src/compiler/types.ts	createReturnStatement
src/services/codefixes/returnValueCorrect.ts	getCodeActions	src/compiler/types.ts	getTypeChecker
src/services/codefixes/returnValueCorrect.ts	getFixInfo	src/compiler/types.ts	createObjectLiteralExpression
src/services/codefixes/returnValueCorrect.ts	getFixInfo	src/compiler/types.ts	createPropertyAssignment
src/services/codefixes/returnValueCorrect.ts	removeBlockBodyBrace	src/compiler/types.ts	createParenthesizedExpression
src/services/codefixes/returnValueCorrect.ts	wrapBlockWithParen	src/compiler/types.ts	createParenthesizedExpression
src/services/codefixes/splitTypeOnlyImport.ts	splitTypeOnlyImport	src/compiler/types.ts	createImportDeclaration
src/services/codefixes/splitTypeOnlyImport.ts	splitTypeOnlyImport	src/compiler/types.ts	updateImportClause
src/services/codefixes/splitTypeOnlyImport.ts	splitTypeOnlyImport	src/compiler/types.ts	updateImportDeclaration
src/services/codefixes/useBigintLiteral.ts	makeChange	src/compiler/types.ts	createBigIntLiteral
src/services/codefixes/wrapDecoratorInParentheses.ts	makeChange	src/compiler/types.ts	createParenthesizedExpression
src/services/codefixes/wrapJsxInFragment.ts	doChange	src/compiler/types.ts	createJsxFragment
src/services/codefixes/wrapJsxInFragment.ts	doChange	src/compiler/types.ts	createJsxJsxClosingFragment
src/services/codefixes/wrapJsxInFragment.ts	doChange	src/compiler/types.ts	createJsxOpeningFragment
src/services/completions.ts	<lambda>10	src/compiler/types.ts	createCaseClause
src/services/completions.ts	<lambda>12	src/compiler/types.ts	printNode
src/services/completions.ts	<lambda>18	src/compiler/types.ts	replaceModifiers
src/services/completions.ts	<lambda>19	src/compiler/types.ts	replaceModifiers
src/services/completions.ts	<lambda>22	src/compiler/types.ts	createParameterDeclaration
src/services/completions.ts	<lambda>4	src/services/exportInfoMap.ts	get
src/services/completions.ts	<lambda>55	src/services/exportInfoMap.ts	search
src/services/completions.ts	<lambda>83	src/compiler/builder.ts	getSourceFile
src/services/completions.ts	<lambda>83	src/compiler/builderPublic.ts	getSourceFile
src/services/completions.ts	<lambda>83	src/compiler/program.ts	getSourceFile
src/services/completions.ts	<lambda>83	src/compiler/tsbuildPublic.ts	getSourceFile
src/services/completions.ts	<lambda>83	src/compiler/types.ts	getSourceFile
src/services/completions.ts	<lambda>83	src/harness/client.ts	getSourceFile
src/services/completions.ts	<lambda>83	src/harness/fakesHosts.ts	getSourceFile
src/services/completions.ts	<lambda>83	src/harness/fourslashImpl.ts	getSourceFile
src/services/completions.ts	<lambda>83	src/server/project.ts	getSourceFile
src/services/completions.ts	<lambda>83	src/services/services.ts	getSourceFile
src/services/completions.ts	<lambda>83	src/services/sourcemaps.ts	getSourceFile
src/services/completions.ts	<lambda>83	src/services/transpile.ts	getSourceFile
src/services/completions.ts	<lambda>83	src/services/types.ts	getSourceFile
src/services/completions.ts	<lambda>83	src/testRunner/unittests/customTransforms.ts	getSourceFile
src/services/completions.ts	<lambda>83	src/testRunner/unittests/helpers.ts	getSourceFile
src/services/completions.ts	<lambda>83	src/testRunner/unittests/moduleResolution.ts	getSourceFile
src/services/completions.ts	<lambda>83	src/testRunner/unittests/programApi.ts	getSourceFile
src/services/completions.ts	<lambda>83	src/testRunner/unittests/reuseProgramStructure.ts	getSourceFile
src/services/completions.ts	addTypeProperties	src/compiler/sourcemap.ts	next
src/services/completions.ts	addTypeProperties	src/testRunner/parallel/worker.ts	next
src/services/completions.ts	completionInfoFromData	src/compiler/sourcemap.ts	next
src/services/completions.ts	completionInfoFromData	src/testRunner/parallel/worker.ts	next
src/services/completions.ts	createObjectLiteralMethod	src/compiler/types.ts	createBlock
src/services/completions.ts	createObjectLiteralMethod	src/compiler/types.ts	createEmptyStatement
src/services/completions.ts	createObjectLiteralMethod	src/compiler/types.ts	createMethodDeclaration
src/services/completions.ts	entityNameToExpression	src/compiler/types.ts	createElementAccessExpression
src/services/completions.ts	entityNameToExpression	src/compiler/types.ts	createPropertyAccessExpression
src/services/completions.ts	entityNameToExpression	src/compiler/types.ts	createStringLiteral
src/services/completions.ts	filterClassMembersList	src/compiler/sourcemap.ts	next
src/services/completions.ts	filterClassMembersList	src/testRunner/parallel/worker.ts	next
src/services/completions.ts	filterJsxAttributes	src/compiler/sourcemap.ts	next
src/services/completions.ts	filterJsxAttributes	src/testRunner/parallel/worker.ts	next
src/services/completions.ts	filterObjectMembersList	src/compiler/sourcemap.ts	next
src/services/completions.ts	filterObjectMembersList	src/testRunner/parallel/worker.ts	next
src/services/completions.ts	getCompletionEntryCodeActionsAndSourceDisplay	src/compiler/program.ts	getTypeChecker
src/services/completions.ts	getCompletionEntryCodeActionsAndSourceDisplay	src/compiler/types.ts	getTypeChecker
src/services/completions.ts	getEntryForMemberCompletion	src/compiler/types.ts	createBlock
src/services/completions.ts	getEntryForMemberCompletion	src/compiler/types.ts	createEmptyStatement
src/services/completions.ts	getEntryForMemberCompletion	src/compiler/types.ts	createNodeArray
src/services/completions.ts	getEntryForMemberCompletion	src/compiler/types.ts	replaceDecoratorsAndModifiers
src/services/completions.ts	getEntryForObjectLiteralMethodCompletion	src/compiler/types.ts	createMethodSignature
src/services/completions.ts	getEntryForObjectLiteralMethodCompletion	src/compiler/types.ts	createNodeArray
src/services/completions.ts	getEntryForObjectLiteralMethodCompletion	src/compiler/types.ts	printNode
src/services/completions.ts	getExhaustiveCaseSnippets	src/compiler/sourcemap.ts	next
src/services/completions.ts	getExhaustiveCaseSnippets	src/compiler/types.ts	createBigIntLiteral
src/services/completions.ts	getExhaustiveCaseSnippets	src/compiler/types.ts	createNumericLiteral
src/services/completions.ts	getExhaustiveCaseSnippets	src/compiler/types.ts	createPrefixUnaryExpression
src/services/completions.ts	getExhaustiveCaseSnippets	src/compiler/types.ts	createStringLiteral
src/services/completions.ts	getExhaustiveCaseSnippets	src/compiler/types.ts	printNode
src/services/completions.ts	getExhaustiveCaseSnippets	src/services/codefixes/importFixes.ts	hasFixes
src/services/completions.ts	getExhaustiveCaseSnippets	src/testRunner/parallel/worker.ts	next
src/services/completions.ts	getGlobalCompletions	src/compiler/sourcemap.ts	next
src/services/completions.ts	getGlobalCompletions	src/testRunner/parallel/worker.ts	next
src/services/completions.ts	getJSDocParamAnnotation	src/compiler/types.ts	printNode
src/services/completions.ts	getSingleLineReplacementSpanForImportCompletionNode	src/services/services.ts	getStart
src/services/completions.ts	getSingleLineReplacementSpanForImportCompletionNode	src/services/types.ts	getStart
src/services/completions.ts	getTypeScriptMemberSymbols	src/compiler/sourcemap.ts	next
src/services/completions.ts	getTypeScriptMemberSymbols	src/testRunner/parallel/worker.ts	next
src/services/completions.ts	patternWorker	src/compiler/sourcemap.ts	next
src/services/completions.ts	patternWorker	src/testRunner/parallel/worker.ts	next
src/services/completions.ts	printUnescapedNode	src/compiler/types.ts	writeNode
src/services/completions.ts	printUnescapedSnippetList	src/compiler/types.ts	writeList
src/services/completions.ts	setSortTextToMemberDeclaredBySpreadAssignment	src/compiler/sourcemap.ts	next
src/services/completions.ts	setSortTextToMemberDeclaredBySpreadAssignment	src/testRunner/parallel/worker.ts	next
src/services/completions.ts	tryGetObjectLikeCompletionSymbols	src/services/services.ts	getNumberIndexType
src/services/completions.ts	tryGetObjectLikeCompletionSymbols	src/services/services.ts	getStringIndexType
src/services/completions.ts	tryGetObjectLikeCompletionSymbols	src/services/types.ts	getNumberIndexType
src/services/completions.ts	tryGetObjectLikeCompletionSymbols	src/services/types.ts	getStringIndexType
src/services/completions.ts	typeNodeToExpression	src/compiler/types.ts	createElementAccessExpression
src/services/completions.ts	typeNodeToExpression	src/compiler/types.ts	createNumericLiteral
src/services/completions.ts	typeNodeToExpression	src/compiler/types.ts	createParenthesizedExpression
src/services/completions.ts	typeNodeToExpression	src/compiler/types.ts	createStringLiteral
src/services/documentRegistry.ts	acquireOrUpdateDocument	src/compiler/tracing.ts	instant
src/services/documentRegistry.ts	reportStats	src/compiler/core.ts	map
src/services/exportInfoMap.ts	ambientModuleDeclarationsAreEqual	src/compiler/sourcemap.ts	next
src/services/exportInfoMap.ts	ambientModuleDeclarationsAreEqual	src/testRunner/parallel/worker.ts	next
src/services/exportInfoMap.ts	forEachExternalModule	src/compiler/sourcemap.ts	next
src/services/exportInfoMap.ts	forEachExternalModule	src/testRunner/parallel/worker.ts	next
src/services/exportInfoMap.ts	forEachNameOfDefaultExport	src/compiler/sourcemap.ts	next
src/services/exportInfoMap.ts	forEachNameOfDefaultExport	src/testRunner/parallel/worker.ts	next
src/services/exportInfoMap.ts	rehydrateCachedInfo	src/compiler/program.ts	getTypeChecker
src/services/exportInfoMap.ts	rehydrateCachedInfo	src/compiler/types.ts	getTypeChecker
src/services/findAllReferences.ts	addClassStaticThisReferences	src/compiler/sourcemap.ts	next
src/services/findAllReferences.ts	addClassStaticThisReferences	src/testRunner/parallel/worker.ts	next
src/services/findAllReferences.ts	eachExportReference	src/compiler/sourcemap.ts	next
src/services/findAllReferences.ts	eachExportReference	src/testRunner/parallel/worker.ts	next
src/services/findAllReferences.ts	eachSymbolReferenceInFile	src/compiler/sourcemap.ts	next
src/services/findAllReferences.ts	eachSymbolReferenceInFile	src/testRunner/parallel/worker.ts	next
src/services/findAllReferences.ts	findOwnConstructorReferences	src/compiler/sourcemap.ts	next
src/services/findAllReferences.ts	findOwnConstructorReferences	src/testRunner/parallel/worker.ts	next
src/services/findAllReferences.ts	findSuperConstructorAccesses	src/compiler/sourcemap.ts	next
src/services/findAllReferences.ts	findSuperConstructorAccesses	src/testRunner/parallel/worker.ts	next
src/services/findAllReferences.ts	getIntersectingMeaningFromDeclarations	src/compiler/sourcemap.ts	next
src/services/findAllReferences.ts	getIntersectingMeaningFromDeclarations	src/testRunner/parallel/worker.ts	next
src/services/findAllReferences.ts	getReferenceEntriesForShorthandPropertyAssignment	src/compiler/sourcemap.ts	next
src/services/findAllReferences.ts	getReferenceEntriesForShorthandPropertyAssignment	src/testRunner/parallel/worker.ts	next
src/services/findAllReferences.ts	getReferencedSymbolsForModule	src/compiler/debug.ts	get
src/services/findAllReferences.ts	getReferencedSymbolsForModule	src/compiler/factory/nodeFactory.ts	get
src/services/findAllReferences.ts	getReferencedSymbolsForModule	src/compiler/moduleNameResolver.ts	get
src/services/findAllReferences.ts	getReferencedSymbolsForModule	src/compiler/sourcemap.ts	next
src/services/findAllReferences.ts	getReferencedSymbolsForModule	src/compiler/transformers/utilities.ts	get
src/services/findAllReferences.ts	getReferencedSymbolsForModule	src/compiler/types.ts	get
src/services/findAllReferences.ts	getReferencedSymbolsForModule	src/harness/collectionsImpl.ts	get
src/services/findAllReferences.ts	getReferencedSymbolsForModule	src/server/editorServices.ts	get
src/services/findAllReferences.ts	getReferencedSymbolsForModule	src/server/moduleSpecifierCache.ts	get
src/services/findAllReferences.ts	getReferencedSymbolsForModule	src/server/utilitiesPublic.ts	get
src/services/findAllReferences.ts	getReferencedSymbolsForModule	src/services/exportInfoMap.ts	get
src/services/findAllReferences.ts	getReferencedSymbolsForModule	src/services/formatting/formatting.ts	get
src/services/findAllReferences.ts	getReferencedSymbolsForModule	src/services/types.ts	get
src/services/findAllReferences.ts	getReferencedSymbolsForModule	src/services/utilities.ts	get
src/services/findAllReferences.ts	getReferencedSymbolsForModule	src/testRunner/parallel/host.ts	get
src/services/findAllReferences.ts	getReferencedSymbolsForModule	src/testRunner/parallel/worker.ts	next
src/services/findAllReferences.ts	getReferencedSymbolsForModuleIfDeclaredBySourceFile	src/compiler/debug.ts	get
src/services/findAllReferences.ts	getReferencedSymbolsForModuleIfDeclaredBySourceFile	src/compiler/factory/nodeFactory.ts	get
src/services/findAllReferences.ts	getReferencedSymbolsForModuleIfDeclaredBySourceFile	src/compiler/moduleNameResolver.ts	get
src/services/findAllReferences.ts	getReferencedSymbolsForModuleIfDeclaredBySourceFile	src/compiler/transformers/utilities.ts	get
src/services/findAllReferences.ts	getReferencedSymbolsForModuleIfDeclaredBySourceFile	src/compiler/types.ts	get
src/services/findAllReferences.ts	getReferencedSymbolsForModuleIfDeclaredBySourceFile	src/harness/collectionsImpl.ts	get
src/services/findAllReferences.ts	getReferencedSymbolsForModuleIfDeclaredBySourceFile	src/server/editorServices.ts	get
src/services/findAllReferences.ts	getReferencedSymbolsForModuleIfDeclaredBySourceFile	src/server/moduleSpecifierCache.ts	get
src/services/findAllReferences.ts	getReferencedSymbolsForModuleIfDeclaredBySourceFile	src/server/utilitiesPublic.ts	get
src/services/findAllReferences.ts	getReferencedSymbolsForModuleIfDeclaredBySourceFile	src/services/exportInfoMap.ts	get
src/services/findAllReferences.ts	getReferencedSymbolsForModuleIfDeclaredBySourceFile	src/services/formatting/formatting.ts	get
src/services/findAllReferences.ts	getReferencedSymbolsForModuleIfDeclaredBySourceFile	src/services/types.ts	get
src/services/findAllReferences.ts	getReferencedSymbolsForModuleIfDeclaredBySourceFile	src/services/utilities.ts	get
src/services/findAllReferences.ts	getReferencedSymbolsForModuleIfDeclaredBySourceFile	src/testRunner/parallel/host.ts	get
src/services/findAllReferences.ts	getReferencesForNonModule	src/compiler/sourcemap.ts	next
src/services/findAllReferences.ts	getReferencesForNonModule	src/testRunner/parallel/worker.ts	next
src/services/findAllReferences.ts	getReferencesInContainer	src/compiler/sourcemap.ts	next
src/services/findAllReferences.ts	getReferencesInContainer	src/testRunner/parallel/worker.ts	next
src/services/findAllReferences.ts	getReferencesInContainerOrFiles	src/compiler/sourcemap.ts	next
src/services/findAllReferences.ts	getReferencesInContainerOrFiles	src/testRunner/parallel/worker.ts	next
src/services/findAllReferences.ts	getSymbolScope	src/compiler/builder.ts	getSourceFile
src/services/findAllReferences.ts	getSymbolScope	src/compiler/builderPublic.ts	getSourceFile
src/services/findAllReferences.ts	getSymbolScope	src/compiler/program.ts	getSourceFile
src/services/findAllReferences.ts	getSymbolScope	src/compiler/sourcemap.ts	next
src/services/findAllReferences.ts	getSymbolScope	src/compiler/tsbuildPublic.ts	getSourceFile
src/services/findAllReferences.ts	getSymbolScope	src/compiler/types.ts	getSourceFile
src/services/findAllReferences.ts	getSymbolScope	src/harness/client.ts	getSourceFile
src/services/findAllReferences.ts	getSymbolScope	src/harness/fakesHosts.ts	getSourceFile
src/services/findAllReferences.ts	getSymbolScope	src/harness/fourslashImpl.ts	getSourceFile
src/services/findAllReferences.ts	getSymbolScope	src/server/project.ts	getSourceFile
src/services/findAllReferences.ts	getSymbolScope	src/services/services.ts	getSourceFile
src/services/findAllReferences.ts	getSymbolScope	src/services/sourcemaps.ts	getSourceFile
src/services/findAllReferences.ts	getSymbolScope	src/services/transpile.ts	getSourceFile
src/services/findAllReferences.ts	getSymbolScope	src/services/types.ts	getSourceFile
src/services/findAllReferences.ts	getSymbolScope	src/testRunner/parallel/worker.ts	next
src/services/findAllReferences.ts	getSymbolScope	src/testRunner/unittests/customTransforms.ts	getSourceFile
src/services/findAllReferences.ts	getSymbolScope	src/testRunner/unittests/helpers.ts	getSourceFile
src/services/findAllReferences.ts	getSymbolScope	src/testRunner/unittests/moduleResolution.ts	getSourceFile
src/services/findAllReferences.ts	getSymbolScope	src/testRunner/unittests/programApi.ts	getSourceFile
src/services/findAllReferences.ts	getSymbolScope	src/testRunner/unittests/reuseProgramStructure.ts	getSourceFile
src/services/findAllReferences.ts	getTextSpan	src/services/services.ts	getEnd
src/services/findAllReferences.ts	getTextSpan	src/services/textChanges.ts	getEnd
src/services/findAllReferences.ts	getTextSpan	src/services/types.ts	getEnd
src/services/findAllReferences.ts	markSearchedSymbols	src/compiler/sourcemap.ts	next
src/services/findAllReferences.ts	markSearchedSymbols	src/testRunner/parallel/worker.ts	next
src/services/findAllReferences.ts	mergeReferences	src/compiler/sourcemap.ts	next
src/services/findAllReferences.ts	mergeReferences	src/testRunner/parallel/worker.ts	next
src/services/findAllReferences.ts	searchForImportedSymbol	src/compiler/sourcemap.ts	next
src/services/findAllReferences.ts	searchForImportedSymbol	src/testRunner/parallel/worker.ts	next
src/services/findAllReferences.ts	searchForImportsOfExport	src/compiler/sourcemap.ts	next
src/services/findAllReferences.ts	searchForImportsOfExport	src/testRunner/parallel/worker.ts	next
src/services/findAllReferences.ts	someSignatureUsage	src/compiler/sourcemap.ts	next
src/services/findAllReferences.ts	someSignatureUsage	src/testRunner/parallel/worker.ts	next
src/services/formatting/formatting.ts	formatOnOpeningCurly	src/services/services.ts	getStart
src/services/formatting/formatting.ts	formatOnOpeningCurly	src/services/types.ts	getStart
src/services/formatting/formatting.ts	indentTriviaItems	src/compiler/sourcemap.ts	next
src/services/formatting/formatting.ts	indentTriviaItems	src/testRunner/parallel/worker.ts	next
src/services/formatting/formatting.ts	processTrivia	src/compiler/sourcemap.ts	next
src/services/formatting/formatting.ts	processTrivia	src/testRunner/parallel/worker.ts	next
src/services/formatting/formatting.ts	trimTrailingWhitespacesForRemainingRange	src/compiler/sourcemap.ts	next
src/services/formatting/formatting.ts	trimTrailingWhitespacesForRemainingRange	src/testRunner/parallel/worker.ts	next
src/services/formatting/rules.ts	isNotPropertyAccessOnIntegerLiteral	src/services/findAllReferences.ts	includes
src/services/formatting/rulesMap.ts	<lambda>0	src/compiler/sourcemap.ts	next
src/services/formatting/rulesMap.ts	<lambda>0	src/testRunner/parallel/worker.ts	next
src/services/formatting/rulesMap.ts	buildMap	src/compiler/sourcemap.ts	next
src/services/formatting/rulesMap.ts	buildMap	src/testRunner/parallel/worker.ts	next
src/services/formatting/smartIndenter.ts	getVisualListRange	src/services/services.ts	getStart
src/services/formatting/smartIndenter.ts	getVisualListRange	src/services/types.ts	getStart
src/services/getEditsForFileRename.ts	<lambda>0	src/compiler/types.ts	createStringLiteral
src/services/getEditsForFileRename.ts	<lambda>3	src/compiler/sourcemap.ts	next
src/services/getEditsForFileRename.ts	<lambda>3	src/testRunner/parallel/worker.ts	next
src/services/getEditsForFileRename.ts	forEachProperty	src/compiler/sourcemap.ts	next
src/services/getEditsForFileRename.ts	forEachProperty	src/testRunner/parallel/worker.ts	next
src/services/getEditsForFileRename.ts	updateImports	src/compiler/sourcemap.ts	next
src/services/getEditsForFileRename.ts	updateImports	src/testRunner/parallel/worker.ts	next
src/services/getEditsForFileRename.ts	updateImportsWorker	src/compiler/sourcemap.ts	next
src/services/getEditsForFileRename.ts	updateImportsWorker	src/testRunner/parallel/worker.ts	next
src/services/getEditsForFileRename.ts	updatePaths	src/compiler/sourcemap.ts	next
src/services/getEditsForFileRename.ts	updatePaths	src/testRunner/parallel/worker.ts	next
src/services/importTracker.ts	addIndirectUser	src/compiler/sourcemap.ts	next
src/services/importTracker.ts	addIndirectUser	src/compiler/tracing.ts	push
src/services/importTracker.ts	addIndirectUser	src/testRunner/parallel/worker.ts	next
src/services/importTracker.ts	findModuleReferences	src/compiler/sourcemap.ts	next
src/services/importTracker.ts	findModuleReferences	src/testRunner/parallel/worker.ts	next
src/services/importTracker.ts	forEachImport	src/compiler/sourcemap.ts	next
src/services/importTracker.ts	forEachImport	src/testRunner/parallel/worker.ts	next
src/services/importTracker.ts	getDirectImportsMap	src/compiler/sourcemap.ts	next
src/services/importTracker.ts	getDirectImportsMap	src/testRunner/parallel/worker.ts	next
src/services/importTracker.ts	getIndirectUsers	src/compiler/core.ts	map
src/services/importTracker.ts	getIndirectUsers	src/compiler/sourcemap.ts	next
src/services/importTracker.ts	getIndirectUsers	src/testRunner/parallel/worker.ts	next
src/services/importTracker.ts	getSearchesFromDirectImports	src/compiler/sourcemap.ts	next
src/services/importTracker.ts	getSearchesFromDirectImports	src/testRunner/parallel/worker.ts	next
src/services/importTracker.ts	handleDirectImports	src/compiler/sourcemap.ts	next
src/services/importTracker.ts	handleDirectImports	src/testRunner/parallel/worker.ts	next
src/services/importTracker.ts	searchForNamedImport	src/compiler/sourcemap.ts	next
src/services/importTracker.ts	searchForNamedImport	src/testRunner/parallel/worker.ts	next
src/services/importTracker.ts	skipExportSpecifierSymbol	src/compiler/sourcemap.ts	next
src/services/importTracker.ts	skipExportSpecifierSymbol	src/testRunner/parallel/worker.ts	next
src/services/inlayHints.ts	<lambda>4	src/compiler/types.ts	typeToTypeNode
src/services/inlayHints.ts	<lambda>4	src/compiler/types.ts	writeNode
src/services/inlayHints.ts	<lambda>5	src/compiler/types.ts	typePredicateToTypePredicateNode
src/services/inlayHints.ts	<lambda>5	src/compiler/types.ts	writeNode
src/services/inlayHints.ts	getParameterDeclarationTypeHints	src/compiler/types.ts	getTypeOfSymbolAtLocation
src/services/inlayHints.ts	provideInlayHints	src/compiler/types.ts	getTypeChecker
src/services/inlayHints.ts	typePredicateToInlayHintParts	src/compiler/types.ts	typePredicateToTypePredicateNode
src/services/inlayHints.ts	typeToInlayHintParts	src/compiler/types.ts	typeToTypeNode
src/services/inlayHints.ts	visitCallOrNewExpression	src/compiler/sourcemap.ts	next
src/services/inlayHints.ts	visitCallOrNewExpression	src/compiler/types.ts	getParameterIdentifierInfoAtPosition
src/services/inlayHints.ts	visitCallOrNewExpression	src/compiler/types.ts	getResolvedSignature
src/services/inlayHints.ts	visitCallOrNewExpression	src/compiler/types.ts	getTypeAtLocation
src/services/inlayHints.ts	visitCallOrNewExpression	src/compiler/types.ts	isTupleType
src/services/inlayHints.ts	visitCallOrNewExpression	src/testRunner/parallel/worker.ts	next
src/services/inlayHints.ts	visitEnumMember	src/compiler/types.ts	getConstantValue
src/services/inlayHints.ts	visitFunctionDeclarationLikeForReturnType	src/compiler/types.ts	getReturnTypeOfSignature
src/services/inlayHints.ts	visitFunctionDeclarationLikeForReturnType	src/compiler/types.ts	getSignatureFromDeclaration
src/services/inlayHints.ts	visitFunctionDeclarationLikeForReturnType	src/compiler/types.ts	getTypePredicateOfSignature
src/services/inlayHints.ts	visitFunctionLikeForParameterType	src/compiler/sourcemap.ts	next
src/services/inlayHints.ts	visitFunctionLikeForParameterType	src/compiler/types.ts	getSignatureFromDeclaration
src/services/inlayHints.ts	visitFunctionLikeForParameterType	src/testRunner/parallel/worker.ts	next
src/services/inlayHints.ts	visitVariableLikeDeclaration	src/compiler/types.ts	getTypeAtLocation
src/services/inlayHints.ts	visitor	src/compiler/types.ts	throwIfCancellationRequested
src/services/jsDoc.ts	<lambda>11	src/compiler/sourcemap.ts	next
src/services/jsDoc.ts	<lambda>11	src/testRunner/parallel/worker.ts	next
src/services/jsDoc.ts	<lambda>16	src/compiler/core.ts	some
src/services/jsDoc.ts	<lambda>7	src/compiler/sourcemap.ts	next
src/services/jsDoc.ts	<lambda>7	src/testRunner/parallel/worker.ts	next
src/services/mapCode.ts	<lambda>17	src/compiler/sourcemap.ts	next
src/services/mapCode.ts	<lambda>17	src/testRunner/parallel/worker.ts	next
src/services/mapCode.ts	parse	src/compiler/sourcemap.ts	next
src/services/mapCode.ts	parse	src/testRunner/parallel/worker.ts	next
src/services/mapCode.ts	placeStatements	src/compiler/sourcemap.ts	next
src/services/mapCode.ts	placeStatements	src/testRunner/parallel/worker.ts	next
src/services/navigateTo.ts	getItemsFromNamedDeclaration	src/compiler/sourcemap.ts	next
src/services/navigateTo.ts	getItemsFromNamedDeclaration	src/testRunner/parallel/worker.ts	next
src/services/navigateTo.ts	getNavigateToItems	src/compiler/core.ts	map
src/services/navigateTo.ts	getNavigateToItems	src/compiler/sourcemap.ts	next
src/services/navigateTo.ts	getNavigateToItems	src/testRunner/parallel/worker.ts	next
src/services/navigationBar.ts	<lambda>2	src/compiler/sourcemap.ts	next
src/services/navigationBar.ts	<lambda>2	src/testRunner/parallel/worker.ts	next
src/services/navigationBar.ts	addChildrenRecursively	src/compiler/sourcemap.ts	next
src/services/navigationBar.ts	addChildrenRecursively	src/compiler/types.ts	createIdentifier
src/services/navigationBar.ts	addChildrenRecursively	src/testRunner/parallel/worker.ts	next
src/services/navigationBar.ts	getSpans	src/compiler/sourcemap.ts	next
src/services/navigationBar.ts	getSpans	src/testRunner/parallel/worker.ts	next
src/services/navigationBar.ts	recur	src/compiler/sourcemap.ts	next
src/services/navigationBar.ts	recur	src/testRunner/parallel/worker.ts	next
src/services/navigationBar.ts	rootNavigationBarNode	src/compiler/sourcemap.ts	next
src/services/navigationBar.ts	rootNavigationBarNode	src/testRunner/parallel/worker.ts	next
src/services/navigationBar.ts	tryMergeEs5Class	src/compiler/types.ts	createClassDeclaration
src/services/navigationBar.ts	tryMergeEs5Class	src/compiler/types.ts	createConstructorDeclaration
src/services/navigationBar.ts	tryMergeEs5Class	src/compiler/types.ts	createIdentifier
src/services/organizeImports.ts	<lambda>2	src/compiler/sourcemap.ts	next
src/services/organizeImports.ts	<lambda>2	src/testRunner/parallel/worker.ts	next
src/services/organizeImports.ts	<lambda>9	src/compiler/types.ts	updateImportSpecifier
src/services/organizeImports.ts	coalesceExportsWorker	src/compiler/sourcemap.ts	next
src/services/organizeImports.ts	coalesceExportsWorker	src/compiler/types.ts	updateExportDeclaration
src/services/organizeImports.ts	coalesceExportsWorker	src/compiler/types.ts	updateNamedExports
src/services/organizeImports.ts	coalesceExportsWorker	src/compiler/types.ts	updateNamespaceExport
src/services/organizeImports.ts	coalesceExportsWorker	src/testRunner/parallel/worker.ts	next
src/services/organizeImports.ts	coalesceImportsWorker	src/compiler/sourcemap.ts	next
src/services/organizeImports.ts	coalesceImportsWorker	src/compiler/types.ts	createIdentifier
src/services/organizeImports.ts	coalesceImportsWorker	src/compiler/types.ts	createImportSpecifier
src/services/organizeImports.ts	coalesceImportsWorker	src/compiler/types.ts	createNamedImports
src/services/organizeImports.ts	coalesceImportsWorker	src/compiler/types.ts	createNodeArray
src/services/organizeImports.ts	coalesceImportsWorker	src/compiler/types.ts	updateNamedImports
src/services/organizeImports.ts	coalesceImportsWorker	src/testRunner/parallel/worker.ts	next
src/services/organizeImports.ts	detectCaseSensitivityBySort	src/compiler/sourcemap.ts	next
src/services/organizeImports.ts	detectCaseSensitivityBySort	src/testRunner/parallel/worker.ts	next
src/services/organizeImports.ts	detectNamedImportOrganizationBySort	src/compiler/sourcemap.ts	next
src/services/organizeImports.ts	detectNamedImportOrganizationBySort	src/testRunner/parallel/worker.ts	next
src/services/organizeImports.ts	getCategorizedExports	src/compiler/sourcemap.ts	next
src/services/organizeImports.ts	getCategorizedExports	src/testRunner/parallel/worker.ts	next
src/services/organizeImports.ts	getCategorizedImports	src/compiler/sourcemap.ts	next
src/services/organizeImports.ts	getCategorizedImports	src/testRunner/parallel/worker.ts	next
src/services/organizeImports.ts	groupByNewlineContiguous	src/compiler/sourcemap.ts	next
src/services/organizeImports.ts	groupByNewlineContiguous	src/testRunner/parallel/worker.ts	next
src/services/organizeImports.ts	organizeDeclsWorker	src/services/textChanges.ts	deleteNodes
src/services/organizeImports.ts	organizeDeclsWorker	src/services/textChanges.ts	nodeHasTrailingComment
src/services/organizeImports.ts	organizeDeclsWorker	src/services/textChanges.ts	replaceNodeWithNodes
src/services/organizeImports.ts	organizeImports	src/compiler/sourcemap.ts	next
src/services/organizeImports.ts	organizeImports	src/services/textChanges.ts	getChanges
src/services/organizeImports.ts	organizeImports	src/testRunner/parallel/worker.ts	next
src/services/organizeImports.ts	removeUnusedImports	src/compiler/sourcemap.ts	next
src/services/organizeImports.ts	removeUnusedImports	src/compiler/types.ts	createImportDeclaration
src/services/organizeImports.ts	removeUnusedImports	src/compiler/types.ts	getJsxFragmentFactory
src/services/organizeImports.ts	removeUnusedImports	src/compiler/types.ts	getJsxNamespace
src/services/organizeImports.ts	removeUnusedImports	src/compiler/types.ts	updateNamedImports
src/services/organizeImports.ts	removeUnusedImports	src/testRunner/parallel/worker.ts	next
src/services/organizeImports.ts	updateImportDeclarationAndClause	src/compiler/types.ts	updateImportClause
src/services/organizeImports.ts	updateImportDeclarationAndClause	src/compiler/types.ts	updateImportDeclaration
src/services/outliningElementsCollector.ts	addNodeOutliningSpans	src/services/services.ts	getStart
src/services/outliningElementsCollector.ts	addNodeOutliningSpans	src/services/types.ts	getStart
src/services/outliningElementsCollector.ts	addOutliningForLeadingCommentsForPos	src/compiler/sourcemap.ts	next
src/services/outliningElementsCollector.ts	addOutliningForLeadingCommentsForPos	src/testRunner/parallel/worker.ts	next
src/services/outliningElementsCollector.ts	addRegionOutliningSpans	src/compiler/sourcemap.ts	next
src/services/outliningElementsCollector.ts	addRegionOutliningSpans	src/testRunner/parallel/worker.ts	next
src/services/pasteEdits.ts	getUsageInfoRangeForPasteEdits	src/services/types.ts	getEnd
src/services/pasteEdits.ts	getUsageInfoRangeForPasteEdits	src/services/types.ts	getFullStart
src/services/pasteEdits.ts	getUsageInfoRangeForPasteEdits	src/services/types.ts	getStart
src/services/pasteEdits.ts	pasteEdits	src/services/codefixes/importFixes.ts	hasFixes
src/services/patternMatcher.ts	createPatternMatcher	src/compiler/core.ts	map
src/services/patternMatcher.ts	matchSegment	src/compiler/sourcemap.ts	next
src/services/patternMatcher.ts	matchSegment	src/testRunner/parallel/worker.ts	next
src/services/patternMatcher.ts	matchTextChunk	src/compiler/sourcemap.ts	next
src/services/patternMatcher.ts	matchTextChunk	src/testRunner/parallel/worker.ts	next
src/services/preProcess.ts	preProcessFile	src/compiler/sourcemap.ts	next
src/services/preProcess.ts	preProcessFile	src/testRunner/parallel/worker.ts	next
src/services/preparePasteEdits.ts	checkNameResolution	src/compiler/sourcemap.ts	next
src/services/preparePasteEdits.ts	checkNameResolution	src/testRunner/parallel/worker.ts	next
src/services/refactors/addOrRemoveBracesToArrowFunction.ts	getConvertibleArrowFunctionAtPosition	src/compiler/types.ts	createParenthesizedExpression
src/services/refactors/addOrRemoveBracesToArrowFunction.ts	getRefactorEditsToRemoveFunctionBraces	src/compiler/types.ts	createBlock
src/services/refactors/addOrRemoveBracesToArrowFunction.ts	getRefactorEditsToRemoveFunctionBraces	src/compiler/types.ts	createParenthesizedExpression
src/services/refactors/addOrRemoveBracesToArrowFunction.ts	getRefactorEditsToRemoveFunctionBraces	src/compiler/types.ts	createReturnStatement
src/services/refactors/addOrRemoveBracesToArrowFunction.ts	getRefactorEditsToRemoveFunctionBraces	src/compiler/types.ts	createVoidZero
src/services/refactors/convertArrowFunctionOrFunctionExpression.ts	convertToBlock	src/compiler/types.ts	createBlock
src/services/refactors/convertArrowFunctionOrFunctionExpression.ts	convertToBlock	src/compiler/types.ts	createReturnStatement
src/services/refactors/convertArrowFunctionOrFunctionExpression.ts	getEditInfoForConvertToAnonymousFunction	src/compiler/types.ts	createFunctionExpression
src/services/refactors/convertArrowFunctionOrFunctionExpression.ts	getEditInfoForConvertToArrowFunction	src/compiler/types.ts	createArrowFunction
src/services/refactors/convertArrowFunctionOrFunctionExpression.ts	getEditInfoForConvertToArrowFunction	src/compiler/types.ts	createToken
src/services/refactors/convertArrowFunctionOrFunctionExpression.ts	getEditInfoForConvertToNamedFunction	src/compiler/types.ts	createFunctionDeclaration
src/services/refactors/convertArrowFunctionOrFunctionExpression.ts	getEditInfoForConvertToNamedFunction	src/compiler/types.ts	createModifiersFromModifierFlags
src/services/refactors/convertExport.ts	changeDefaultToNamedImport	src/compiler/types.ts	createIdentifier
src/services/refactors/convertExport.ts	changeDefaultToNamedImport	src/compiler/types.ts	createImportTypeNode
src/services/refactors/convertExport.ts	changeDefaultToNamedImport	src/compiler/types.ts	createNamedImports
src/services/refactors/convertExport.ts	changeExport	src/compiler/types.ts	createExportDeclaration
src/services/refactors/convertExport.ts	changeExport	src/compiler/types.ts	createExportDefault
src/services/refactors/convertExport.ts	changeExport	src/compiler/types.ts	createIdentifier
src/services/refactors/convertExport.ts	changeExport	src/compiler/types.ts	createNamedExports
src/services/refactors/convertExport.ts	changeExport	src/compiler/types.ts	createToken
src/services/refactors/convertExport.ts	changeNamedToDefaultImport	src/compiler/types.ts	createIdentifier
src/services/refactors/convertExport.ts	getInfo	src/compiler/core.ts	has
src/services/refactors/convertExport.ts	getInfo	src/compiler/corePublic.ts	has
src/services/refactors/convertExport.ts	getInfo	src/compiler/moduleNameResolver.ts	has
src/services/refactors/convertExport.ts	getInfo	src/compiler/transformers/utilities.ts	has
src/services/refactors/convertExport.ts	getInfo	src/harness/collectionsImpl.ts	has
src/services/refactors/convertExport.ts	getInfo	src/services/completions.ts	has
src/services/refactors/convertExport.ts	getInfo	src/services/stringCompletions.ts	has
src/services/refactors/convertExport.ts	getInfo	src/services/types.ts	has
src/services/refactors/convertExport.ts	getInfo	src/services/utilities.ts	has
src/services/refactors/convertExport.ts	makeExportSpecifier	src/compiler/types.ts	createExportSpecifier
src/services/refactors/convertExport.ts	makeExportSpecifier	src/compiler/types.ts	createIdentifier
src/services/refactors/convertExport.ts	makeImportSpecifier	src/compiler/types.ts	createIdentifier
src/services/refactors/convertExport.ts	makeImportSpecifier	src/compiler/types.ts	createImportSpecifier
src/services/refactors/convertImport.ts	<lambda>1	src/compiler/types.ts	createIdentifier
src/services/refactors/convertImport.ts	<lambda>1	src/compiler/types.ts	createImportSpecifier
src/services/refactors/convertImport.ts	<lambda>8	src/compiler/types.ts	cloneNode
src/services/refactors/convertImport.ts	<lambda>8	src/compiler/types.ts	createElementAccessExpression
src/services/refactors/convertImport.ts	<lambda>8	src/compiler/types.ts	createIdentifier
src/services/refactors/convertImport.ts	<lambda>8	src/compiler/types.ts	createPropertyAccessExpression
src/services/refactors/convertImport.ts	<lambda>8	src/compiler/types.ts	createPropertyAssignment
src/services/refactors/convertImport.ts	<lambda>9	src/compiler/types.ts	cloneNode
src/services/refactors/convertImport.ts	<lambda>9	src/compiler/types.ts	createImportSpecifier
src/services/refactors/convertImport.ts	createImport	src/compiler/types.ts	createImportDeclaration
src/services/refactors/convertImport.ts	createImportClause	src/compiler/types.ts	createImportClause
src/services/refactors/convertImport.ts	createImportClause	src/compiler/types.ts	createNamedImports
src/services/refactors/convertImport.ts	doChangeNamedToNamespaceOrDefault	src/compiler/sourcemap.ts	next
src/services/refactors/convertImport.ts	doChangeNamedToNamespaceOrDefault	src/compiler/types.ts	createIdentifier
src/services/refactors/convertImport.ts	doChangeNamedToNamespaceOrDefault	src/compiler/types.ts	createNamespaceImport
src/services/refactors/convertImport.ts	doChangeNamedToNamespaceOrDefault	src/testRunner/parallel/worker.ts	next
src/services/refactors/convertImport.ts	doChangeNamespaceToNamed	src/compiler/sourcemap.ts	next
src/services/refactors/convertImport.ts	doChangeNamespaceToNamed	src/compiler/types.ts	createIdentifier
src/services/refactors/convertImport.ts	doChangeNamespaceToNamed	src/testRunner/parallel/worker.ts	next
src/services/refactors/convertOverloadListToSingleSignature.ts	<lambda>7	src/compiler/types.ts	getSignatureFromDeclaration
src/services/refactors/convertOverloadListToSingleSignature.ts	<lambda>8	src/compiler/types.ts	getReturnTypeOfSignature
src/services/refactors/convertOverloadListToSingleSignature.ts	convertParameterToNamedTupleMember	src/compiler/types.ts	createKeywordTypeNode
src/services/refactors/convertOverloadListToSingleSignature.ts	convertParameterToNamedTupleMember	src/compiler/types.ts	createNamedTupleMember
src/services/refactors/convertOverloadListToSingleSignature.ts	convertSignatureParametersToTuple	src/compiler/types.ts	createTupleTypeNode
src/services/refactors/convertOverloadListToSingleSignature.ts	getConvertableOverloadListAtPosition	src/compiler/types.ts	getReturnTypeOfSignature
src/services/refactors/convertOverloadListToSingleSignature.ts	getNewParametersForCombinedSignature	src/compiler/types.ts	createNodeArray
src/services/refactors/convertOverloadListToSingleSignature.ts	getNewParametersForCombinedSignature	src/compiler/types.ts	createParameterDeclaration
src/services/refactors/convertOverloadListToSingleSignature.ts	getNewParametersForCombinedSignature	src/compiler/types.ts	createToken
src/services/refactors/convertOverloadListToSingleSignature.ts	getNewParametersForCombinedSignature	src/compiler/types.ts	createUnionTypeNode
src/services/refactors/convertOverloadListToSingleSignature.ts	getRefactorEditsToConvertOverloadsToOneSignature	src/compiler/types.ts	updateCallSignature
src/services/refactors/convertOverloadListToSingleSignature.ts	getRefactorEditsToConvertOverloadsToOneSignature	src/compiler/types.ts	updateConstructSignature
src/services/refactors/convertOverloadListToSingleSignature.ts	getRefactorEditsToConvertOverloadsToOneSignature	src/compiler/types.ts	updateConstructorDeclaration
src/services/refactors/convertOverloadListToSingleSignature.ts	getRefactorEditsToConvertOverloadsToOneSignature	src/compiler/types.ts	updateFunctionDeclaration
src/services/refactors/convertOverloadListToSingleSignature.ts	getRefactorEditsToConvertOverloadsToOneSignature	src/compiler/types.ts	updateMethodDeclaration
src/services/refactors/convertOverloadListToSingleSignature.ts	getRefactorEditsToConvertOverloadsToOneSignature	src/compiler/types.ts	updateMethodSignature
src/services/refactors/convertParamsToDestructuredObject.ts	createBindingElementFromParameterDeclaration	src/compiler/types.ts	createArrayLiteralExpression
src/services/refactors/convertParamsToDestructuredObject.ts	createBindingElementFromParameterDeclaration	src/compiler/types.ts	createBindingElement
src/services/refactors/convertParamsToDestructuredObject.ts	createNewArgument	src/compiler/types.ts	createArrayLiteralExpression
src/services/refactors/convertParamsToDestructuredObject.ts	createNewArgument	src/compiler/types.ts	createObjectLiteralExpression
src/services/refactors/convertParamsToDestructuredObject.ts	createNewArgument	src/compiler/types.ts	createPropertyAssignment
src/services/refactors/convertParamsToDestructuredObject.ts	createNewParameters	src/compiler/types.ts	createNodeArray
src/services/refactors/convertParamsToDestructuredObject.ts	createNewParameters	src/compiler/types.ts	createObjectBindingPattern
src/services/refactors/convertParamsToDestructuredObject.ts	createNewParameters	src/compiler/types.ts	createObjectLiteralExpression
src/services/refactors/convertParamsToDestructuredObject.ts	createNewParameters	src/compiler/types.ts	createParameterDeclaration
src/services/refactors/convertParamsToDestructuredObject.ts	createParameterTypeNode	src/compiler/types.ts	createTypeLiteralNode
src/services/refactors/convertParamsToDestructuredObject.ts	createPropertyOrShorthandAssignment	src/compiler/types.ts	createPropertyAssignment
src/services/refactors/convertParamsToDestructuredObject.ts	createPropertyOrShorthandAssignment	src/compiler/types.ts	createShorthandPropertyAssignment
src/services/refactors/convertParamsToDestructuredObject.ts	createPropertySignatureFromParameterDeclaration	src/compiler/types.ts	createPropertySignature
src/services/refactors/convertParamsToDestructuredObject.ts	createPropertySignatureFromParameterDeclaration	src/compiler/types.ts	createToken
src/services/refactors/convertParamsToDestructuredObject.ts	doChange	src/compiler/sourcemap.ts	next
src/services/refactors/convertParamsToDestructuredObject.ts	doChange	src/testRunner/parallel/worker.ts	next
src/services/refactors/convertParamsToDestructuredObject.ts	getRefactorableParameters	src/compiler/types.ts	createNodeArray
src/services/refactors/convertParamsToDestructuredObject.ts	groupReferences	src/compiler/sourcemap.ts	next
src/services/refactors/convertParamsToDestructuredObject.ts	groupReferences	src/testRunner/parallel/worker.ts	next
src/services/refactors/convertStringOrTemplateLiteral.ts	<lambda>5	src/compiler/types.ts	createTemplateMiddle
src/services/refactors/convertStringOrTemplateLiteral.ts	<lambda>5	src/compiler/types.ts	createTemplateSpan
src/services/refactors/convertStringOrTemplateLiteral.ts	<lambda>5	src/compiler/types.ts	createTemplateTail
src/services/refactors/convertStringOrTemplateLiteral.ts	nodesToTemplate	src/compiler/types.ts	createNoSubstitutionTemplateLiteral
src/services/refactors/convertStringOrTemplateLiteral.ts	nodesToTemplate	src/compiler/types.ts	createTemplateExpression
src/services/refactors/convertStringOrTemplateLiteral.ts	nodesToTemplate	src/compiler/types.ts	createTemplateHead
src/services/refactors/convertStringOrTemplateLiteral.ts	nodesToTemplate	src/compiler/types.ts	createTemplateMiddle
src/services/refactors/convertStringOrTemplateLiteral.ts	nodesToTemplate	src/compiler/types.ts	createTemplateSpan
src/services/refactors/convertStringOrTemplateLiteral.ts	nodesToTemplate	src/compiler/types.ts	createTemplateTail
src/services/refactors/convertToOptionalChainExpression.ts	<lambda>0	src/compiler/types.ts	getTypeChecker
src/services/refactors/convertToOptionalChainExpression.ts	convertOccurrences	src/compiler/types.ts	createCallChain
src/services/refactors/convertToOptionalChainExpression.ts	convertOccurrences	src/compiler/types.ts	createElementAccessChain
src/services/refactors/convertToOptionalChainExpression.ts	convertOccurrences	src/compiler/types.ts	createPropertyAccessChain
src/services/refactors/convertToOptionalChainExpression.ts	convertOccurrences	src/compiler/types.ts	createToken
src/services/refactors/convertToOptionalChainExpression.ts	doChange	src/compiler/types.ts	createBinaryExpression
src/services/refactors/convertToOptionalChainExpression.ts	doChange	src/compiler/types.ts	createToken
src/services/refactors/convertToOptionalChainExpression.ts	getInfo	src/compiler/types.ts	getTypeChecker
src/services/refactors/extractSymbol.ts	<lambda>15	src/compiler/builderState.ts	set
src/services/refactors/extractSymbol.ts	<lambda>15	src/compiler/factory/nodeFactory.ts	set
src/services/refactors/extractSymbol.ts	<lambda>15	src/compiler/moduleNameResolver.ts	set
src/services/refactors/extractSymbol.ts	<lambda>15	src/compiler/transformers/utilities.ts	set
src/services/refactors/extractSymbol.ts	<lambda>15	src/compiler/types.ts	set
src/services/refactors/extractSymbol.ts	<lambda>15	src/harness/collectionsImpl.ts	set
src/services/refactors/extractSymbol.ts	<lambda>15	src/server/editorServices.ts	set
src/services/refactors/extractSymbol.ts	<lambda>15	src/server/moduleSpecifierCache.ts	set
src/services/refactors/extractSymbol.ts	<lambda>15	src/server/utilitiesPublic.ts	set
src/services/refactors/extractSymbol.ts	<lambda>15	src/services/types.ts	set
src/services/refactors/extractSymbol.ts	<lambda>15	src/testRunner/parallel/host.ts	set
src/services/refactors/extractSymbol.ts	<lambda>3	src/compiler/tracing.ts	push
src/services/refactors/extractSymbol.ts	<lambda>3	src/compiler/types.ts	createIdentifier
src/services/refactors/extractSymbol.ts	<lambda>3	src/compiler/types.ts	createParameterDeclaration
src/services/refactors/extractSymbol.ts	<lambda>6	src/compiler/types.ts	createTypeReferenceNode
src/services/refactors/extractSymbol.ts	<lambda>8	src/compiler/types.ts	createShorthandPropertyAssignment
src/services/refactors/extractSymbol.ts	<lambda>9	src/compiler/types.ts	createShorthandPropertyAssignment
src/services/refactors/extractSymbol.ts	collectReadsAndWrites	src/compiler/core.ts	forEach
src/services/refactors/extractSymbol.ts	collectReadsAndWrites	src/compiler/moduleNameResolver.ts	forEach
src/services/refactors/extractSymbol.ts	collectReadsAndWrites	src/compiler/sourcemap.ts	next
src/services/refactors/extractSymbol.ts	collectReadsAndWrites	src/compiler/types.ts	createBlock
src/services/refactors/extractSymbol.ts	collectReadsAndWrites	src/compiler/types.ts	forEach
src/services/refactors/extractSymbol.ts	collectReadsAndWrites	src/harness/collectionsImpl.ts	forEach
src/services/refactors/extractSymbol.ts	collectReadsAndWrites	src/harness/watchUtils.ts	forEach
src/services/refactors/extractSymbol.ts	collectReadsAndWrites	src/testRunner/parallel/worker.ts	next
src/services/refactors/extractSymbol.ts	extractConstantInScope	src/compiler/types.ts	createIdentifier
src/services/refactors/extractSymbol.ts	extractConstantInScope	src/compiler/types.ts	createJsxExpression
src/services/refactors/extractSymbol.ts	extractConstantInScope	src/compiler/types.ts	createModifier
src/services/refactors/extractSymbol.ts	extractConstantInScope	src/compiler/types.ts	createPropertyAccessExpression
src/services/refactors/extractSymbol.ts	extractConstantInScope	src/compiler/types.ts	createPropertyDeclaration
src/services/refactors/extractSymbol.ts	extractConstantInScope	src/compiler/types.ts	createThis
src/services/refactors/extractSymbol.ts	extractConstantInScope	src/compiler/types.ts	createVariableDeclaration
src/services/refactors/extractSymbol.ts	extractConstantInScope	src/compiler/types.ts	createVariableDeclarationList
src/services/refactors/extractSymbol.ts	extractConstantInScope	src/compiler/types.ts	createVariableStatement
src/services/refactors/extractSymbol.ts	extractConstantInScope	src/compiler/types.ts	getText
src/services/refactors/extractSymbol.ts	extractConstantInScope	src/compiler/utilities.ts	getText
src/services/refactors/extractSymbol.ts	extractConstantInScope	src/harness/harnessLanguageService.ts	getText
src/services/refactors/extractSymbol.ts	extractConstantInScope	src/harness/typeWriter.ts	getText
src/services/refactors/extractSymbol.ts	extractConstantInScope	src/server/scriptInfo.ts	getText
src/services/refactors/extractSymbol.ts	extractConstantInScope	src/server/scriptVersionCache.ts	getText
src/services/refactors/extractSymbol.ts	extractConstantInScope	src/services/services.ts	getText
src/services/refactors/extractSymbol.ts	extractConstantInScope	src/services/textChanges.ts	delete
src/services/refactors/extractSymbol.ts	extractConstantInScope	src/services/textChanges.ts	getChanges
src/services/refactors/extractSymbol.ts	extractConstantInScope	src/services/textChanges.ts	getText
src/services/refactors/extractSymbol.ts	extractConstantInScope	src/services/textChanges.ts	insertNodeAtTopOfFile
src/services/refactors/extractSymbol.ts	extractConstantInScope	src/services/textChanges.ts	insertNodeBefore
src/services/refactors/extractSymbol.ts	extractConstantInScope	src/services/textChanges.ts	replaceNode
src/services/refactors/extractSymbol.ts	extractConstantInScope	src/services/types.ts	getText
src/services/refactors/extractSymbol.ts	extractConstantInScope	src/services/utilities.ts	getText
src/services/refactors/extractSymbol.ts	extractConstantInScope	src/testRunner/unittests/helpers.ts	getText
src/services/refactors/extractSymbol.ts	extractFunctionInScope	src/compiler/sourcemap.ts	next
src/services/refactors/extractSymbol.ts	extractFunctionInScope	src/compiler/types.ts	createAssignment
src/services/refactors/extractSymbol.ts	extractFunctionInScope	src/compiler/types.ts	createAwaitExpression
src/services/refactors/extractSymbol.ts	extractFunctionInScope	src/compiler/types.ts	createBindingElement
src/services/refactors/extractSymbol.ts	extractFunctionInScope	src/compiler/types.ts	createCallExpression
src/services/refactors/extractSymbol.ts	extractFunctionInScope	src/compiler/types.ts	createExpressionStatement
src/services/refactors/extractSymbol.ts	extractFunctionInScope	src/compiler/types.ts	createFunctionDeclaration
src/services/refactors/extractSymbol.ts	extractFunctionInScope	src/compiler/types.ts	createIdentifier
src/services/refactors/extractSymbol.ts	extractFunctionInScope	src/compiler/types.ts	createJsxExpression
src/services/refactors/extractSymbol.ts	extractFunctionInScope	src/compiler/types.ts	createMethodDeclaration
src/services/refactors/extractSymbol.ts	extractFunctionInScope	src/compiler/types.ts	createModifier
src/services/refactors/extractSymbol.ts	extractFunctionInScope	src/compiler/types.ts	createObjectBindingPattern
src/services/refactors/extractSymbol.ts	extractFunctionInScope	src/compiler/types.ts	createObjectLiteralExpression
src/services/refactors/extractSymbol.ts	extractFunctionInScope	src/compiler/types.ts	createParameterDeclaration
src/services/refactors/extractSymbol.ts	extractFunctionInScope	src/compiler/types.ts	createPropertyAccessExpression
src/services/refactors/extractSymbol.ts	extractFunctionInScope	src/compiler/types.ts	createPropertySignature
src/services/refactors/extractSymbol.ts	extractFunctionInScope	src/compiler/types.ts	createReturnStatement
src/services/refactors/extractSymbol.ts	extractFunctionInScope	src/compiler/types.ts	createShorthandPropertyAssignment
src/services/refactors/extractSymbol.ts	extractFunctionInScope	src/compiler/types.ts	createToken
src/services/refactors/extractSymbol.ts	extractFunctionInScope	src/compiler/types.ts	createTypeLiteralNode
src/services/refactors/extractSymbol.ts	extractFunctionInScope	src/compiler/types.ts	createVariableDeclaration
src/services/refactors/extractSymbol.ts	extractFunctionInScope	src/compiler/types.ts	createVariableDeclarationList
src/services/refactors/extractSymbol.ts	extractFunctionInScope	src/compiler/types.ts	createVariableStatement
src/services/refactors/extractSymbol.ts	extractFunctionInScope	src/compiler/types.ts	createYieldExpression
src/services/refactors/extractSymbol.ts	extractFunctionInScope	src/services/textChanges.ts	getChanges
src/services/refactors/extractSymbol.ts	extractFunctionInScope	src/services/textChanges.ts	insertNodeAtEndOfScope
src/services/refactors/extractSymbol.ts	extractFunctionInScope	src/services/textChanges.ts	insertNodeBefore
src/services/refactors/extractSymbol.ts	extractFunctionInScope	src/services/textChanges.ts	replaceNodeRangeWithNodes
src/services/refactors/extractSymbol.ts	extractFunctionInScope	src/services/textChanges.ts	replaceNodeWithNodes
src/services/refactors/extractSymbol.ts	extractFunctionInScope	src/testRunner/parallel/worker.ts	next
src/services/refactors/extractSymbol.ts	getCalledExpression	src/compiler/types.ts	createIdentifier
src/services/refactors/extractSymbol.ts	getCalledExpression	src/compiler/types.ts	createPropertyAccessExpression
src/services/refactors/extractSymbol.ts	getCalledExpression	src/compiler/types.ts	createThis
src/services/refactors/extractSymbol.ts	getConstantExtractionAtIndex	src/compiler/types.ts	throwIfCancellationRequested
src/services/refactors/extractSymbol.ts	getConstantExtractionAtIndex	src/services/services.ts	throwIfCancellationRequested
src/services/refactors/extractSymbol.ts	getConstantExtractionAtIndex	src/testRunner/unittests/builder.ts	throwIfCancellationRequested
src/services/refactors/extractSymbol.ts	getConstantExtractionAtIndex	src/testRunner/unittests/tsc/cancellationToken.ts	throwIfCancellationRequested
src/services/refactors/extractSymbol.ts	getFirstDeclarationBeforePosition	src/compiler/sourcemap.ts	next
src/services/refactors/extractSymbol.ts	getFirstDeclarationBeforePosition	src/testRunner/parallel/worker.ts	next
src/services/refactors/extractSymbol.ts	getFunctionExtractionAtIndex	src/compiler/types.ts	throwIfCancellationRequested
src/services/refactors/extractSymbol.ts	getFunctionExtractionAtIndex	src/services/services.ts	throwIfCancellationRequested
src/services/refactors/extractSymbol.ts	getFunctionExtractionAtIndex	src/testRunner/unittests/builder.ts	throwIfCancellationRequested
src/services/refactors/extractSymbol.ts	getFunctionExtractionAtIndex	src/testRunner/unittests/tsc/cancellationToken.ts	throwIfCancellationRequested
src/services/refactors/extractSymbol.ts	getNodeToInsertConstantBefore	src/compiler/sourcemap.ts	next
src/services/refactors/extractSymbol.ts	getNodeToInsertConstantBefore	src/testRunner/parallel/worker.ts	next
src/services/refactors/extractSymbol.ts	getNodeToInsertPropertyBefore	src/compiler/sourcemap.ts	next
src/services/refactors/extractSymbol.ts	getNodeToInsertPropertyBefore	src/testRunner/parallel/worker.ts	next
src/services/refactors/extractSymbol.ts	getRangeToExtract	src/compiler/sourcemap.ts	next
src/services/refactors/extractSymbol.ts	getRangeToExtract	src/testRunner/parallel/worker.ts	next
src/services/refactors/extractSymbol.ts	getRefactorActionsToExtractSymbol	src/compiler/sourcemap.ts	next
src/services/refactors/extractSymbol.ts	getRefactorActionsToExtractSymbol	src/testRunner/parallel/worker.ts	next
src/services/refactors/extractSymbol.ts	getTypeDeepCloneUnionUndefined	src/compiler/types.ts	createKeywordTypeNode
src/services/refactors/extractSymbol.ts	getTypeDeepCloneUnionUndefined	src/compiler/types.ts	createUnionTypeNode
src/services/refactors/extractSymbol.ts	recordTypeParameterUsages	src/compiler/sourcemap.ts	next
src/services/refactors/extractSymbol.ts	recordTypeParameterUsages	src/compiler/types.ts	walkType
src/services/refactors/extractSymbol.ts	recordTypeParameterUsages	src/testRunner/parallel/worker.ts	next
src/services/refactors/extractSymbol.ts	recordUsage	src/compiler/builderState.ts	set
src/services/refactors/extractSymbol.ts	recordUsage	src/compiler/factory/nodeFactory.ts	set
src/services/refactors/extractSymbol.ts	recordUsage	src/compiler/moduleNameResolver.ts	set
src/services/refactors/extractSymbol.ts	recordUsage	src/compiler/transformers/utilities.ts	set
src/services/refactors/extractSymbol.ts	recordUsage	src/compiler/types.ts	set
src/services/refactors/extractSymbol.ts	recordUsage	src/harness/collectionsImpl.ts	set
src/services/refactors/extractSymbol.ts	recordUsage	src/server/editorServices.ts	set
src/services/refactors/extractSymbol.ts	recordUsage	src/server/moduleSpecifierCache.ts	set
src/services/refactors/extractSymbol.ts	recordUsage	src/server/utilitiesPublic.ts	set
src/services/refactors/extractSymbol.ts	recordUsage	src/services/types.ts	set
src/services/refactors/extractSymbol.ts	recordUsage	src/testRunner/parallel/host.ts	set
src/services/refactors/extractSymbol.ts	recordUsagebySymbol	src/compiler/builderState.ts	set
src/services/refactors/extractSymbol.ts	recordUsagebySymbol	src/compiler/factory/nodeFactory.ts	set
src/services/refactors/extractSymbol.ts	recordUsagebySymbol	src/compiler/moduleNameResolver.ts	set
src/services/refactors/extractSymbol.ts	recordUsagebySymbol	src/compiler/sourcemap.ts	next
src/services/refactors/extractSymbol.ts	recordUsagebySymbol	src/compiler/transformers/utilities.ts	set
src/services/refactors/extractSymbol.ts	recordUsagebySymbol	src/compiler/types.ts	set
src/services/refactors/extractSymbol.ts	recordUsagebySymbol	src/harness/collectionsImpl.ts	set
src/services/refactors/extractSymbol.ts	recordUsagebySymbol	src/server/editorServices.ts	set
src/services/refactors/extractSymbol.ts	recordUsagebySymbol	src/server/moduleSpecifierCache.ts	set
src/services/refactors/extractSymbol.ts	recordUsagebySymbol	src/server/utilitiesPublic.ts	set
src/services/refactors/extractSymbol.ts	recordUsagebySymbol	src/services/types.ts	set
src/services/refactors/extractSymbol.ts	recordUsagebySymbol	src/testRunner/parallel/host.ts	set
src/services/refactors/extractSymbol.ts	recordUsagebySymbol	src/testRunner/parallel/worker.ts	next
src/services/refactors/extractSymbol.ts	refineNode	src/compiler/sourcemap.ts	next
src/services/refactors/extractSymbol.ts	refineNode	src/testRunner/parallel/worker.ts	next
src/services/refactors/extractSymbol.ts	transformFunctionBody	src/compiler/types.ts	createBlock
src/services/refactors/extractSymbol.ts	transformFunctionBody	src/compiler/types.ts	createNodeArray
src/services/refactors/extractSymbol.ts	transformFunctionBody	src/compiler/types.ts	createObjectLiteralExpression
src/services/refactors/extractSymbol.ts	transformFunctionBody	src/compiler/types.ts	createReturnStatement
src/services/refactors/extractSymbol.ts	transformFunctionInitializerAndType	src/compiler/sourcemap.ts	next
src/services/refactors/extractSymbol.ts	transformFunctionInitializerAndType	src/compiler/types.ts	createParameterDeclaration
src/services/refactors/extractSymbol.ts	transformFunctionInitializerAndType	src/compiler/types.ts	updateArrowFunction
src/services/refactors/extractSymbol.ts	transformFunctionInitializerAndType	src/compiler/types.ts	updateFunctionExpression
src/services/refactors/extractSymbol.ts	transformFunctionInitializerAndType	src/compiler/types.ts	updateParameterDeclaration
src/services/refactors/extractSymbol.ts	transformFunctionInitializerAndType	src/testRunner/parallel/worker.ts	next
src/services/refactors/extractSymbol.ts	tryReplaceWithQualifiedNameOrPropertyAccess	src/compiler/types.ts	createIdentifier
src/services/refactors/extractSymbol.ts	tryReplaceWithQualifiedNameOrPropertyAccess	src/compiler/types.ts	createPropertyAccessExpression
src/services/refactors/extractSymbol.ts	tryReplaceWithQualifiedNameOrPropertyAccess	src/compiler/types.ts	createQualifiedName
src/services/refactors/extractSymbol.ts	visit	src/compiler/tracing.ts	push
src/services/refactors/extractSymbol.ts	visitor	src/compiler/types.ts	createObjectLiteralExpression
src/services/refactors/extractSymbol.ts	visitor	src/compiler/types.ts	createPropertyAssignment
src/services/refactors/extractSymbol.ts	visitor	src/compiler/types.ts	createReturnStatement
src/services/refactors/extractType.ts	<lambda>11	src/compiler/types.ts	createIdentifier
src/services/refactors/extractType.ts	<lambda>11	src/compiler/types.ts	createJSDocTemplateTag
src/services/refactors/extractType.ts	<lambda>11	src/compiler/types.ts	createTypeParameterDeclaration
src/services/refactors/extractType.ts	<lambda>12	src/compiler/types.ts	createTypeReferenceNode
src/services/refactors/extractType.ts	<lambda>7	src/compiler/types.ts	updateTypeParameterDeclaration
src/services/refactors/extractType.ts	<lambda>8	src/compiler/types.ts	createTypeReferenceNode
src/services/refactors/extractType.ts	<lambda>9	src/compiler/types.ts	createTypeReferenceNode
src/services/refactors/extractType.ts	collectTypeParameters	src/compiler/sourcemap.ts	next
src/services/refactors/extractType.ts	collectTypeParameters	src/testRunner/parallel/worker.ts	next
src/services/refactors/extractType.ts	doInterfaceChange	src/compiler/types.ts	createInterfaceDeclaration
src/services/refactors/extractType.ts	doInterfaceChange	src/compiler/types.ts	createTypeReferenceNode
src/services/refactors/extractType.ts	doTypeAliasChange	src/compiler/types.ts	createTypeAliasDeclaration
src/services/refactors/extractType.ts	doTypeAliasChange	src/compiler/types.ts	createTypeReferenceNode
src/services/refactors/extractType.ts	doTypedefChange	src/compiler/types.ts	createIdentifier
src/services/refactors/extractType.ts	doTypedefChange	src/compiler/types.ts	createJSDocComment
src/services/refactors/extractType.ts	doTypedefChange	src/compiler/types.ts	createJSDocTypeExpression
src/services/refactors/extractType.ts	doTypedefChange	src/compiler/types.ts	createJSDocTypedefTag
src/services/refactors/extractType.ts	doTypedefChange	src/compiler/types.ts	createNodeArray
src/services/refactors/extractType.ts	doTypedefChange	src/compiler/types.ts	createTypeReferenceNode
src/services/refactors/extractType.ts	flattenTypeLiteralNodeReference	src/compiler/sourcemap.ts	next
src/services/refactors/extractType.ts	flattenTypeLiteralNodeReference	src/testRunner/parallel/worker.ts	next
src/services/refactors/extractType.ts	getFirstTypeAt	src/compiler/sourcemap.ts	next
src/services/refactors/extractType.ts	getFirstTypeAt	src/testRunner/parallel/worker.ts	next
src/services/refactors/extractType.ts	getNodesToEdit	src/compiler/types.ts	createIntersectionTypeNode
src/services/refactors/extractType.ts	getNodesToEdit	src/compiler/types.ts	createUnionTypeNode
src/services/refactors/extractType.ts	visitor	src/compiler/sourcemap.ts	next
src/services/refactors/extractType.ts	visitor	src/testRunner/parallel/worker.ts	next
src/services/refactors/inferFunctionReturnType.ts	doChange	src/compiler/types.ts	createToken
src/services/refactors/inferFunctionReturnType.ts	getInfo	src/compiler/types.ts	getReturnTypeOfSignature
src/services/refactors/inferFunctionReturnType.ts	getInfo	src/compiler/types.ts	getSignatureFromDeclaration
src/services/refactors/inferFunctionReturnType.ts	getInfo	src/compiler/types.ts	getTypeAtLocation
src/services/refactors/inferFunctionReturnType.ts	getInfo	src/compiler/types.ts	getTypePredicateOfSignature
src/services/refactors/inferFunctionReturnType.ts	getInfo	src/compiler/types.ts	getUnionType
src/services/refactors/inferFunctionReturnType.ts	getInfo	src/compiler/types.ts	isImplementationOfOverload
src/services/refactors/inferFunctionReturnType.ts	getInfo	src/compiler/types.ts	typePredicateToTypePredicateNode
src/services/refactors/inferFunctionReturnType.ts	getInfo	src/compiler/types.ts	typeToTypeNode
src/services/refactors/inlineVariable.ts	<lambda>1	src/compiler/sourcemap.ts	next
src/services/refactors/inlineVariable.ts	<lambda>1	src/testRunner/parallel/worker.ts	next
src/services/refactors/inlineVariable.ts	getReplacementExpression	src/compiler/types.ts	createParenthesizedExpression
src/services/refactors/inlineVariable.ts	getReplacementExpression	src/compiler/types.ts	createPropertyAssignment
src/services/refactors/inlineVariable.ts	replaceTemplateStringVariableWithLiteral	src/harness/fourslashImpl.ts	replace
src/services/refactors/inlineVariable.ts	replaceTemplateStringVariableWithLiteral	src/harness/fourslashInterfaceImpl.ts	replace
src/services/refactors/moveToFile.ts	<lambda>20	src/compiler/core.ts	add
src/services/refactors/moveToFile.ts	<lambda>20	src/compiler/transformers/utilities.ts	add
src/services/refactors/moveToFile.ts	<lambda>20	src/compiler/types.ts	add
src/services/refactors/moveToFile.ts	<lambda>20	src/compiler/utilities.ts	add
src/services/refactors/moveToFile.ts	<lambda>20	src/harness/watchUtils.ts	add
src/services/refactors/moveToFile.ts	<lambda>20	src/server/scriptVersionCache.ts	add
src/services/refactors/moveToFile.ts	<lambda>20	src/services/completions.ts	add
src/services/refactors/moveToFile.ts	<lambda>20	src/services/exportInfoMap.ts	add
src/services/refactors/moveToFile.ts	<lambda>20	src/services/stringCompletions.ts	add
src/services/refactors/moveToFile.ts	<lambda>30	src/compiler/sourcemap.ts	next
src/services/refactors/moveToFile.ts	<lambda>30	src/testRunner/parallel/worker.ts	next
src/services/refactors/moveToFile.ts	<lambda>7	src/compiler/core.ts	has
src/services/refactors/moveToFile.ts	<lambda>7	src/compiler/corePublic.ts	has
src/services/refactors/moveToFile.ts	<lambda>7	src/compiler/moduleNameResolver.ts	has
src/services/refactors/moveToFile.ts	<lambda>7	src/compiler/transformers/utilities.ts	has
src/services/refactors/moveToFile.ts	<lambda>7	src/harness/collectionsImpl.ts	has
src/services/refactors/moveToFile.ts	<lambda>7	src/services/completions.ts	has
src/services/refactors/moveToFile.ts	<lambda>7	src/services/stringCompletions.ts	has
src/services/refactors/moveToFile.ts	<lambda>7	src/services/types.ts	has
src/services/refactors/moveToFile.ts	<lambda>7	src/services/utilities.ts	has
src/services/refactors/moveToFile.ts	addEs6Export	src/compiler/types.ts	createModifier
src/services/refactors/moveToFile.ts	addEs6Export	src/compiler/types.ts	updateClassDeclaration
src/services/refactors/moveToFile.ts	addEs6Export	src/compiler/types.ts	updateEnumDeclaration
src/services/refactors/moveToFile.ts	addEs6Export	src/compiler/types.ts	updateFunctionDeclaration
src/services/refactors/moveToFile.ts	addEs6Export	src/compiler/types.ts	updateImportEqualsDeclaration
src/services/refactors/moveToFile.ts	addEs6Export	src/compiler/types.ts	updateInterfaceDeclaration
src/services/refactors/moveToFile.ts	addEs6Export	src/compiler/types.ts	updateModuleDeclaration
src/services/refactors/moveToFile.ts	addEs6Export	src/compiler/types.ts	updateTypeAliasDeclaration
src/services/refactors/moveToFile.ts	addEs6Export	src/compiler/types.ts	updateVariableStatement
src/services/refactors/moveToFile.ts	addImportsForMovedSymbols	src/compiler/sourcemap.ts	next
src/services/refactors/moveToFile.ts	addImportsForMovedSymbols	src/testRunner/parallel/worker.ts	next
src/services/refactors/moveToFile.ts	addNewFileToTsconfig	src/compiler/types.ts	createStringLiteral
src/services/refactors/moveToFile.ts	createExportAssignment	src/compiler/types.ts	createBinaryExpression
src/services/refactors/moveToFile.ts	createExportAssignment	src/compiler/types.ts	createExpressionStatement
src/services/refactors/moveToFile.ts	createExportAssignment	src/compiler/types.ts	createIdentifier
src/services/refactors/moveToFile.ts	createExportAssignment	src/compiler/types.ts	createPropertyAccessExpression
src/services/refactors/moveToFile.ts	createRequireCall	src/compiler/types.ts	createCallExpression
src/services/refactors/moveToFile.ts	createRequireCall	src/compiler/types.ts	createIdentifier
src/services/refactors/moveToFile.ts	deleteMovedStatements	src/compiler/sourcemap.ts	next
src/services/refactors/moveToFile.ts	deleteMovedStatements	src/testRunner/parallel/worker.ts	next
src/services/refactors/moveToFile.ts	deleteUnusedOldImports	src/compiler/sourcemap.ts	next
src/services/refactors/moveToFile.ts	deleteUnusedOldImports	src/testRunner/parallel/worker.ts	next
src/services/refactors/moveToFile.ts	filterBindingName	src/compiler/types.ts	createObjectBindingPattern
src/services/refactors/moveToFile.ts	filterImport	src/compiler/types.ts	createImportClause
src/services/refactors/moveToFile.ts	filterImport	src/compiler/types.ts	createImportDeclaration
src/services/refactors/moveToFile.ts	filterNamedBindings	src/compiler/types.ts	createNamedImports
src/services/refactors/moveToFile.ts	forEachAliasDeclarationInImportOrRequire	src/compiler/sourcemap.ts	next
src/services/refactors/moveToFile.ts	forEachAliasDeclarationInImportOrRequire	src/testRunner/parallel/worker.ts	next
src/services/refactors/moveToFile.ts	forEachImportInStatement	src/compiler/sourcemap.ts	next
src/services/refactors/moveToFile.ts	forEachImportInStatement	src/testRunner/parallel/worker.ts	next
src/services/refactors/moveToFile.ts	getAvailableActions	src/services/services.ts	getStart
src/services/refactors/moveToFile.ts	getAvailableActions	src/services/types.ts	getStart
src/services/refactors/moveToFile.ts	getExistingLocals	src/compiler/sourcemap.ts	next
src/services/refactors/moveToFile.ts	getExistingLocals	src/testRunner/parallel/worker.ts	next
src/services/refactors/moveToFile.ts	getUsageInfo	src/compiler/sourcemap.ts	next
src/services/refactors/moveToFile.ts	getUsageInfo	src/testRunner/parallel/worker.ts	next
src/services/refactors/moveToFile.ts	makeVariableStatement	src/compiler/types.ts	createVariableDeclaration
src/services/refactors/moveToFile.ts	makeVariableStatement	src/compiler/types.ts	createVariableDeclarationList
src/services/refactors/moveToFile.ts	makeVariableStatement	src/compiler/types.ts	createVariableStatement
src/services/refactors/moveToFile.ts	moveStatementsToTargetFile	src/compiler/sourcemap.ts	next
src/services/refactors/moveToFile.ts	moveStatementsToTargetFile	src/compiler/types.ts	createNodeArray
src/services/refactors/moveToFile.ts	moveStatementsToTargetFile	src/compiler/types.ts	updateExportDeclaration
src/services/refactors/moveToFile.ts	moveStatementsToTargetFile	src/compiler/types.ts	updateNamedExports
src/services/refactors/moveToFile.ts	moveStatementsToTargetFile	src/testRunner/parallel/worker.ts	next
src/services/refactors/moveToFile.ts	updateImportsInOtherFiles	src/compiler/sourcemap.ts	next
src/services/refactors/moveToFile.ts	updateImportsInOtherFiles	src/testRunner/parallel/worker.ts	next
src/services/refactors/moveToFile.ts	updateNamespaceLikeImport	src/compiler/sourcemap.ts	next
src/services/refactors/moveToFile.ts	updateNamespaceLikeImport	src/compiler/types.ts	createIdentifier
src/services/refactors/moveToFile.ts	updateNamespaceLikeImport	src/testRunner/parallel/worker.ts	next
src/services/refactors/moveToFile.ts	updateNamespaceLikeImportNode	src/compiler/types.ts	createExternalModuleReference
src/services/refactors/moveToFile.ts	updateNamespaceLikeImportNode	src/compiler/types.ts	createIdentifier
src/services/refactors/moveToFile.ts	updateNamespaceLikeImportNode	src/compiler/types.ts	createImportClause
src/services/refactors/moveToFile.ts	updateNamespaceLikeImportNode	src/compiler/types.ts	createImportDeclaration
src/services/refactors/moveToFile.ts	updateNamespaceLikeImportNode	src/compiler/types.ts	createImportEqualsDeclaration
src/services/refactors/moveToFile.ts	updateNamespaceLikeImportNode	src/compiler/types.ts	createNamespaceImport
src/services/refactors/moveToFile.ts	updateNamespaceLikeImportNode	src/compiler/types.ts	createVariableDeclaration
src/services/refactors/moveToNewFile.ts	getAvailableActions	src/services/services.ts	getStart
src/services/refactors/moveToNewFile.ts	getAvailableActions	src/services/types.ts	getStart
src/services/rename.ts	wouldRenameInOtherNodeModules	src/compiler/sourcemap.ts	next
src/services/rename.ts	wouldRenameInOtherNodeModules	src/testRunner/parallel/worker.ts	next
src/services/services.ts	<lambda>38	src/compiler/program.ts	fileExists
src/services/services.ts	<lambda>38	src/compiler/sys.ts	fileExists
src/services/services.ts	<lambda>38	src/compiler/types.ts	fileExists
src/services/services.ts	<lambda>38	src/compiler/watch.ts	fileExists
src/services/services.ts	<lambda>38	src/compiler/watchPublic.ts	fileExists
src/services/services.ts	<lambda>38	src/compiler/watchUtilities.ts	fileExists
src/services/services.ts	<lambda>38	src/harness/fakesHosts.ts	fileExists
src/services/services.ts	<lambda>38	src/harness/harnessIO.ts	fileExists
src/services/services.ts	<lambda>38	src/harness/harnessLanguageService.ts	fileExists
src/services/services.ts	<lambda>38	src/harness/vfsUtil.ts	fileExists
src/services/services.ts	<lambda>38	src/jsTyping/jsTyping.ts	fileExists
src/services/services.ts	<lambda>38	src/server/editorServices.ts	fileExists
src/services/services.ts	<lambda>38	src/server/project.ts	fileExists
src/services/services.ts	<lambda>38	src/services/sourcemaps.ts	fileExists
src/services/services.ts	<lambda>38	src/services/transpile.ts	fileExists
src/services/services.ts	<lambda>38	src/services/types.ts	fileExists
src/services/services.ts	<lambda>38	src/services/utilities.ts	fileExists
src/services/services.ts	<lambda>38	src/testRunner/unittests/config/showConfig.ts	fileExists
src/services/services.ts	<lambda>38	src/testRunner/unittests/customTransforms.ts	fileExists
src/services/services.ts	<lambda>38	src/testRunner/unittests/helpers.ts	fileExists
src/services/services.ts	<lambda>38	src/testRunner/unittests/helpers/virtualFileSystemWithWatch.ts	fileExists
src/services/services.ts	<lambda>38	src/testRunner/unittests/moduleResolution.ts	fileExists
src/services/services.ts	<lambda>38	src/testRunner/unittests/programApi.ts	fileExists
src/services/services.ts	<lambda>38	src/testRunner/unittests/publicApi.ts	fileExists
src/services/services.ts	<lambda>38	src/testRunner/unittests/services/hostNewLineSupport.ts	fileExists
src/services/services.ts	<lambda>38	src/testRunner/unittests/services/languageService.ts	fileExists
src/services/services.ts	<lambda>38	src/testRunner/unittests/tscWatch/watchApi.ts	fileExists
src/services/services.ts	<lambda>38	src/testRunner/unittests/tsserver/getEditsForFileRename.ts	fileExists
src/services/services.ts	<lambda>38	src/testRunner/unittests/tsserver/session.ts	fileExists
src/services/services.ts	clearSourceMapperCache	src/services/sourcemaps.ts	clearCache
src/services/services.ts	createSyntaxList	src/compiler/sourcemap.ts	next
src/services/services.ts	createSyntaxList	src/testRunner/parallel/worker.ts	next
src/services/services.ts	fileExists	src/compiler/program.ts	fileExists
src/services/services.ts	fileExists	src/compiler/sys.ts	fileExists
src/services/services.ts	fileExists	src/compiler/types.ts	fileExists
src/services/services.ts	fileExists	src/compiler/watch.ts	fileExists
src/services/services.ts	fileExists	src/compiler/watchPublic.ts	fileExists
src/services/services.ts	fileExists	src/compiler/watchUtilities.ts	fileExists
src/services/services.ts	fileExists	src/harness/fakesHosts.ts	fileExists
src/services/services.ts	fileExists	src/harness/harnessIO.ts	fileExists
src/services/services.ts	fileExists	src/harness/harnessLanguageService.ts	fileExists
src/services/services.ts	fileExists	src/harness/vfsUtil.ts	fileExists
src/services/services.ts	fileExists	src/jsTyping/jsTyping.ts	fileExists
src/services/services.ts	fileExists	src/server/editorServices.ts	fileExists
src/services/services.ts	fileExists	src/server/project.ts	fileExists
src/services/services.ts	fileExists	src/services/sourcemaps.ts	fileExists
src/services/services.ts	fileExists	src/services/transpile.ts	fileExists
src/services/services.ts	fileExists	src/services/types.ts	fileExists
src/services/services.ts	fileExists	src/services/utilities.ts	fileExists
src/services/services.ts	fileExists	src/testRunner/unittests/config/showConfig.ts	fileExists
src/services/services.ts	fileExists	src/testRunner/unittests/customTransforms.ts	fileExists
src/services/services.ts	fileExists	src/testRunner/unittests/helpers.ts	fileExists
src/services/services.ts	fileExists	src/testRunner/unittests/helpers/virtualFileSystemWithWatch.ts	fileExists
src/services/services.ts	fileExists	src/testRunner/unittests/moduleResolution.ts	fileExists
src/services/services.ts	fileExists	src/testRunner/unittests/programApi.ts	fileExists
src/services/services.ts	fileExists	src/testRunner/unittests/publicApi.ts	fileExists
src/services/services.ts	fileExists	src/testRunner/unittests/services/hostNewLineSupport.ts	fileExists
src/services/services.ts	fileExists	src/testRunner/unittests/services/languageService.ts	fileExists
src/services/services.ts	fileExists	src/testRunner/unittests/tscWatch/watchApi.ts	fileExists
src/services/services.ts	fileExists	src/testRunner/unittests/tsserver/getEditsForFileRename.ts	fileExists
src/services/services.ts	fileExists	src/testRunner/unittests/tsserver/session.ts	fileExists
src/services/services.ts	getDefaultLibFilePath	src/compiler/sys.ts	getExecutingFilePath
src/services/services.ts	getDefaultLibFilePath	src/harness/fakesHosts.ts	getExecutingFilePath
src/services/services.ts	getDocumentationComment	src/compiler/sourcemap.ts	next
src/services/services.ts	getDocumentationComment	src/testRunner/parallel/worker.ts	next
src/services/services.ts	getFileReferences	src/compiler/core.ts	map
src/services/services.ts	getJsDocTagsOfDeclarations	src/compiler/sourcemap.ts	next
src/services/services.ts	getJsDocTagsOfDeclarations	src/testRunner/parallel/worker.ts	next
src/services/services.ts	getNodesForRanges	src/compiler/sourcemap.ts	next
src/services/services.ts	getNodesForRanges	src/testRunner/parallel/worker.ts	next
src/services/services.ts	getOrCreateSourceFileByPath	src/compiler/core.ts	add
src/services/services.ts	getOrCreateSourceFileByPath	src/compiler/core.ts	has
src/services/services.ts	getOrCreateSourceFileByPath	src/compiler/corePublic.ts	has
src/services/services.ts	getOrCreateSourceFileByPath	src/compiler/moduleNameResolver.ts	has
src/services/services.ts	getOrCreateSourceFileByPath	src/compiler/transformers/utilities.ts	add
src/services/services.ts	getOrCreateSourceFileByPath	src/compiler/transformers/utilities.ts	has
src/services/services.ts	getOrCreateSourceFileByPath	src/compiler/types.ts	add
src/services/services.ts	getOrCreateSourceFileByPath	src/compiler/utilities.ts	add
src/services/services.ts	getOrCreateSourceFileByPath	src/harness/collectionsImpl.ts	has
src/services/services.ts	getOrCreateSourceFileByPath	src/harness/watchUtils.ts	add
src/services/services.ts	getOrCreateSourceFileByPath	src/server/scriptVersionCache.ts	add
src/services/services.ts	getOrCreateSourceFileByPath	src/services/completions.ts	add
src/services/services.ts	getOrCreateSourceFileByPath	src/services/completions.ts	has
src/services/services.ts	getOrCreateSourceFileByPath	src/services/exportInfoMap.ts	add
src/services/services.ts	getOrCreateSourceFileByPath	src/services/stringCompletions.ts	add
src/services/services.ts	getOrCreateSourceFileByPath	src/services/stringCompletions.ts	has
src/services/services.ts	getOrCreateSourceFileByPath	src/services/types.ts	has
src/services/services.ts	getOrCreateSourceFileByPath	src/services/utilities.ts	has
src/services/services.ts	getSymbolForProgram	src/compiler/sourcemap.ts	next
src/services/services.ts	getSymbolForProgram	src/testRunner/parallel/worker.ts	next
src/services/services.ts	readFile	src/compiler/program.ts	readFile
src/services/services.ts	readFile	src/compiler/sys.ts	readFile
src/services/services.ts	readFile	src/compiler/types.ts	readFile
src/services/services.ts	readFile	src/compiler/watch.ts	readFile
src/services/services.ts	readFile	src/compiler/watchPublic.ts	readFile
src/services/services.ts	readFile	src/compiler/watchUtilities.ts	readFile
src/services/services.ts	readFile	src/harness/fakesHosts.ts	readFile
src/services/services.ts	readFile	src/harness/harnessIO.ts	readFile
src/services/services.ts	readFile	src/harness/harnessLanguageService.ts	readFile
src/services/services.ts	readFile	src/harness/vfsUtil.ts	readFile
src/services/services.ts	readFile	src/jsTyping/jsTyping.ts	readFile
src/services/services.ts	readFile	src/server/project.ts	readFile
src/services/services.ts	readFile	src/services/sourcemaps.ts	readFile
src/services/services.ts	readFile	src/services/transpile.ts	readFile
src/services/services.ts	readFile	src/services/types.ts	readFile
src/services/services.ts	readFile	src/testRunner/unittests/config/showConfig.ts	readFile
src/services/services.ts	readFile	src/testRunner/unittests/customTransforms.ts	readFile
src/services/services.ts	readFile	src/testRunner/unittests/helpers.ts	readFile
src/services/services.ts	readFile	src/testRunner/unittests/helpers/virtualFileSystemWithWatch.ts	readFile
src/services/services.ts	readFile	src/testRunner/unittests/moduleResolution.ts	readFile
src/services/services.ts	readFile	src/testRunner/unittests/programApi.ts	readFile
src/services/services.ts	readFile	src/testRunner/unittests/publicApi.ts	readFile
src/services/services.ts	readFile	src/testRunner/unittests/services/hostNewLineSupport.ts	readFile
src/services/services.ts	readFile	src/testRunner/unittests/services/languageService.ts	readFile
src/services/services.ts	readFile	src/testRunner/unittests/tscWatch/watchApi.ts	readFile
src/services/services.ts	readFile	src/testRunner/unittests/tsserver/getEditsForFileRename.ts	readFile
src/services/services.ts	synchronizeHostDataWorker	src/services/sourcemaps.ts	clearCache
src/services/services.ts	toEditorSettings2	src/compiler/sourcemap.ts	next
src/services/services.ts	toEditorSettings2	src/testRunner/parallel/worker.ts	next
src/services/services.ts	toLineColumnOffset	src/services/sourcemaps.ts	toLineColumnOffset
src/services/services.ts	toggleMultilineComment	src/compiler/sourcemap.ts	next
src/services/services.ts	toggleMultilineComment	src/testRunner/parallel/worker.ts	next
src/services/services.ts	updateIsDefinitionOfReferencedSymbols	src/compiler/sourcemap.ts	next
src/services/services.ts	updateIsDefinitionOfReferencedSymbols	src/testRunner/parallel/worker.ts	next
src/services/services.ts	walk	src/compiler/sourcemap.ts	next
src/services/services.ts	walk	src/testRunner/parallel/worker.ts	next
src/services/signatureHelp.ts	<lambda>13	src/compiler/types.ts	createNodeArray
src/services/signatureHelp.ts	<lambda>16	src/compiler/types.ts	createNodeArray
src/services/signatureHelp.ts	createSignatureHelpItems	src/compiler/sourcemap.ts	next
src/services/signatureHelp.ts	createSignatureHelpItems	src/testRunner/parallel/worker.ts	next
src/services/signatureHelp.ts	getApplicableSpanForTaggedTemplate	src/compiler/utilities.ts	getFullWidth
src/services/signatureHelp.ts	getApplicableSpanForTaggedTemplate	src/services/services.ts	getFullWidth
src/services/signatureHelp.ts	getApplicableSpanForTaggedTemplate	src/services/types.ts	getFullWidth
src/services/signatureHelp.ts	getArgumentIndexOrCount	src/compiler/sourcemap.ts	next
src/services/signatureHelp.ts	getArgumentIndexOrCount	src/testRunner/parallel/worker.ts	next
src/services/signatureHelp.ts	itemInfoForTypeParameters	src/compiler/core.ts	map
src/services/smartSelection.ts	createSyntaxList	src/compiler/types.ts	createSyntaxList
src/services/smartSelection.ts	groupChildren	src/compiler/sourcemap.ts	next
src/services/smartSelection.ts	groupChildren	src/testRunner/parallel/worker.ts	next
src/services/sourcemaps.ts	getDocumentPositionMapper	src/compiler/sourcemap.ts	next
src/services/sourcemaps.ts	getDocumentPositionMapper	src/testRunner/parallel/worker.ts	next
src/services/stringCompletions.ts	<lambda>8	src/services/utilities.ts	hasValue
src/services/stringCompletions.ts	addCompletionEntriesFromPathsOrExportsOrImports	src/compiler/sourcemap.ts	next
src/services/stringCompletions.ts	addCompletionEntriesFromPathsOrExportsOrImports	src/testRunner/parallel/worker.ts	next
src/services/stringCompletions.ts	createNameAndKindSet	src/compiler/binder.ts	bind
src/services/stringCompletions.ts	createNameAndKindSet	src/deprecatedCompat/deprecations.ts	bind
src/services/stringCompletions.ts	enumerateNodeModulesVisibleToScript	src/compiler/sourcemap.ts	next
src/services/stringCompletions.ts	enumerateNodeModulesVisibleToScript	src/testRunner/parallel/worker.ts	next
src/services/stringCompletions.ts	getCompletionEntriesForDirectoryFragment	src/compiler/sourcemap.ts	next
src/services/stringCompletions.ts	getCompletionEntriesForDirectoryFragment	src/testRunner/parallel/worker.ts	next
src/services/stringCompletions.ts	getCompletionEntriesForNonRelativeModules	src/compiler/sourcemap.ts	next
src/services/stringCompletions.ts	getCompletionEntriesForNonRelativeModules	src/testRunner/parallel/worker.ts	next
src/services/stringCompletions.ts	getCompletionEntriesFromDirectories	src/compiler/sourcemap.ts	next
src/services/stringCompletions.ts	getCompletionEntriesFromDirectories	src/testRunner/parallel/worker.ts	next
src/services/stringCompletions.ts	getCompletionEntriesFromTypings	src/compiler/sourcemap.ts	next
src/services/stringCompletions.ts	getCompletionEntriesFromTypings	src/testRunner/parallel/worker.ts	next
src/services/stringCompletions.ts	getPatternFromFirstMatchingCondition	src/compiler/sourcemap.ts	next
src/services/stringCompletions.ts	getPatternFromFirstMatchingCondition	src/testRunner/parallel/worker.ts	next
src/services/suggestionDiagnostics.ts	<lambda>0	src/compiler/core.ts	some
src/services/suggestionDiagnostics.ts	check	src/compiler/sourcemap.ts	next
src/services/suggestionDiagnostics.ts	check	src/testRunner/parallel/worker.ts	next
src/services/suggestionDiagnostics.ts	computeSuggestionDiagnostics	src/compiler/sourcemap.ts	next
src/services/suggestionDiagnostics.ts	computeSuggestionDiagnostics	src/testRunner/parallel/worker.ts	next
src/services/symbolDisplay.ts	<lambda>12	src/compiler/types.ts	writeNode
src/services/symbolDisplay.ts	<lambda>3	src/compiler/types.ts	writeNode
src/services/symbolDisplay.ts	<lambda>7	src/compiler/types.ts	writeList
src/services/symbolDisplay.ts	addSignatureDisplayParts	src/compiler/core.ts	filter
src/services/symbolDisplay.ts	addSignatureDisplayParts	src/compiler/semver.ts	toString
src/services/symbolDisplay.ts	addSignatureDisplayParts	src/compiler/sourcemap.ts	toString
src/services/symbolDisplay.ts	addSignatureDisplayParts	src/compiler/types.ts	toString
src/services/symbolDisplay.ts	getSymbolDisplayPartsDocumentationAndSymbolKindWorker	src/compiler/sourcemap.ts	next
src/services/symbolDisplay.ts	getSymbolDisplayPartsDocumentationAndSymbolKindWorker	src/testRunner/parallel/worker.ts	next
src/services/symbolDisplay.ts	getSymbolKindOfConstructorPropertyMethodAccessorFunctionOrVar	src/services/services.ts	getCallSignatures
src/services/symbolDisplay.ts	getSymbolKindOfConstructorPropertyMethodAccessorFunctionOrVar	src/services/types.ts	getCallSignatures
src/services/textChanges.ts	<lambda>0	src/compiler/types.ts	createJSDocText
src/services/textChanges.ts	assignPositionsToNodeArray	src/compiler/types.ts	createNodeArray
src/services/textChanges.ts	createJSDocText	src/compiler/types.ts	createJSDocText
src/services/textChanges.ts	createJSDocText	src/compiler/types.ts	createNodeArray
src/services/textChanges.ts	deleteDefaultImport	src/services/services.ts	getStart
src/services/textChanges.ts	deleteDefaultImport	src/services/types.ts	getStart
src/services/textChanges.ts	deleteNodes	src/compiler/sourcemap.ts	next
src/services/textChanges.ts	deleteNodes	src/testRunner/parallel/worker.ts	next
src/services/textChanges.ts	deleteVariableDeclaration	src/compiler/types.ts	createObjectLiteralExpression
src/services/textChanges.ts	finishDeleteDeclarations	src/compiler/sourcemap.ts	next
src/services/textChanges.ts	finishDeleteDeclarations	src/testRunner/parallel/worker.ts	next
src/services/textChanges.ts	getEndPositionOfMultilineTrailingComment	src/compiler/sourcemap.ts	next
src/services/textChanges.ts	getEndPositionOfMultilineTrailingComment	src/testRunner/parallel/worker.ts	next
src/services/textChanges.ts	getInsertionPositionAtSourceFileTop	src/compiler/sourcemap.ts	next
src/services/textChanges.ts	getInsertionPositionAtSourceFileTop	src/services/services.ts	getStart
src/services/textChanges.ts	getInsertionPositionAtSourceFileTop	src/services/types.ts	getStart
src/services/textChanges.ts	getInsertionPositionAtSourceFileTop	src/testRunner/parallel/worker.ts	next
src/services/textChanges.ts	guessIndentationFromExistingMembers	src/compiler/sourcemap.ts	next
src/services/textChanges.ts	guessIndentationFromExistingMembers	src/testRunner/parallel/worker.ts	next
src/services/textChanges.ts	insertImportSpecifierAtIndex	src/services/services.ts	getStart
src/services/textChanges.ts	insertImportSpecifierAtIndex	src/services/types.ts	getStart
src/services/textChanges.ts	insertJsdocCommentBefore	src/compiler/sourcemap.ts	next
src/services/textChanges.ts	insertJsdocCommentBefore	src/testRunner/parallel/worker.ts	next
src/services/textChanges.ts	insertModifierAt	src/compiler/types.ts	createToken
src/services/textChanges.ts	insertName	src/compiler/types.ts	createIdentifier
src/services/textChanges.ts	insertName	src/compiler/types.ts	createToken
src/services/textChanges.ts	insertNodeAfterWorker	src/compiler/types.ts	createToken
src/services/textChanges.ts	insertNodeInListAfter	src/compiler/types.ts	createToken
src/services/textChanges.ts	insertNodeInListAfter	src/services/services.ts	getStart
src/services/textChanges.ts	insertNodeInListAfter	src/services/types.ts	getStart
src/services/textChanges.ts	insertTypeParameters	src/services/services.ts	getStart
src/services/textChanges.ts	insertTypeParameters	src/services/types.ts	getStart
src/services/textChanges.ts	parenthesizeExpression	src/compiler/types.ts	createParenthesizedExpression
src/services/textChanges.ts	pushRaw	src/compiler/sourcemap.ts	next
src/services/textChanges.ts	pushRaw	src/testRunner/parallel/worker.ts	next
src/services/textChanges.ts	replaceConstructorBody	src/compiler/types.ts	createBlock
src/services/textChanges.ts	replaceJSDocComment	src/compiler/types.ts	createJSDocComment
src/services/textChanges.ts	replaceJSDocComment	src/compiler/types.ts	createNodeArray
src/services/textChanges.ts	tryInsertThisTypeAnnotation	src/services/services.ts	getStart
src/services/textChanges.ts	tryInsertThisTypeAnnotation	src/services/types.ts	getStart
src/services/textChanges.ts	tryMergeJsdocTags	src/compiler/types.ts	createJSDocParameterTag
src/services/textChanges.ts	tryMergeJsdocTags	src/compiler/types.ts	createJSDocReturnTag
src/services/textChanges.ts	tryMergeJsdocTags	src/compiler/types.ts	createJSDocTypeTag
src/services/transpile.ts	fixupCompilerOptions	src/compiler/sourcemap.ts	next
src/services/transpile.ts	fixupCompilerOptions	src/testRunner/parallel/worker.ts	next
src/services/transpile.ts	transpileWorker	src/compiler/sourcemap.ts	next
src/services/transpile.ts	transpileWorker	src/compiler/types.ts	emit
src/services/transpile.ts	transpileWorker	src/compiler/types.ts	getOptionsDiagnostics
src/services/transpile.ts	transpileWorker	src/compiler/types.ts	getSyntacticDiagnostics
src/services/transpile.ts	transpileWorker	src/testRunner/parallel/worker.ts	next
src/services/utilities.ts	<lambda>2	src/services/services.ts	getEnd
src/services/utilities.ts	<lambda>2	src/services/textChanges.ts	getEnd
src/services/utilities.ts	<lambda>2	src/services/types.ts	getEnd
src/services/utilities.ts	createPackageJsonImportFilter	src/compiler/core.ts	filter
src/services/utilities.ts	createPackageJsonInfo	src/compiler/sourcemap.ts	next
src/services/utilities.ts	createPackageJsonInfo	src/testRunner/parallel/worker.ts	next
src/services/utilities.ts	createTextSpanFromNode	src/services/services.ts	getEnd
src/services/utilities.ts	createTextSpanFromNode	src/services/textChanges.ts	getEnd
src/services/utilities.ts	createTextSpanFromNode	src/services/types.ts	getEnd
src/services/utilities.ts	get	src/compiler/sourcemap.ts	next
src/services/utilities.ts	get	src/testRunner/parallel/worker.ts	next
src/services/utilities.ts	getRenameLocation	src/compiler/sourcemap.ts	next
src/services/utilities.ts	getRenameLocation	src/testRunner/parallel/worker.ts	next
src/services/utilities.ts	insertImports	src/compiler/sourcemap.ts	next
src/services/utilities.ts	insertImports	src/testRunner/parallel/worker.ts	next
src/services/utilities.ts	makeImport	src/compiler/types.ts	createImportClause
src/services/utilities.ts	makeImport	src/compiler/types.ts	createImportDeclaration
src/services/utilities.ts	makeImport	src/compiler/types.ts	createNamedImports
src/services/utilities.ts	makeStringLiteral	src/compiler/types.ts	createStringLiteral
src/services/utilities.ts	moduleSpecifierIsCoveredByPackageJson	src/compiler/sourcemap.ts	next
src/services/utilities.ts	moduleSpecifierIsCoveredByPackageJson	src/testRunner/parallel/worker.ts	next
src/services/utilities.ts	newCaseClauseTracker	src/compiler/sourcemap.ts	next
src/services/utilities.ts	newCaseClauseTracker	src/testRunner/parallel/worker.ts	next
src/services/utilities.ts	quote	src/harness/fourslashImpl.ts	replace
src/services/utilities.ts	quote	src/harness/fourslashInterfaceImpl.ts	replace
src/services/utilities.ts	shouldUseUriStyleNodeCoreModules	src/compiler/sourcemap.ts	next
src/services/utilities.ts	shouldUseUriStyleNodeCoreModules	src/testRunner/parallel/worker.ts	next
src/testRunner/compilerRunner.ts	<clinit>	src/compiler/core.ts	map
src/testRunner/compilerRunner.ts	<init>	src/compiler/sourcemap.ts	next
src/testRunner/compilerRunner.ts	<init>	src/testRunner/parallel/worker.ts	next
src/testRunner/compilerRunner.ts	<lambda>17	src/compiler/builder.ts	getSourceFile
src/testRunner/compilerRunner.ts	<lambda>17	src/compiler/builderPublic.ts	getSourceFile
src/testRunner/compilerRunner.ts	<lambda>17	src/compiler/program.ts	getSourceFile
src/testRunner/compilerRunner.ts	<lambda>17	src/compiler/tsbuildPublic.ts	getSourceFile
src/testRunner/compilerRunner.ts	<lambda>17	src/compiler/types.ts	getSourceFile
src/testRunner/compilerRunner.ts	<lambda>17	src/harness/client.ts	getSourceFile
src/testRunner/compilerRunner.ts	<lambda>17	src/harness/fakesHosts.ts	getSourceFile
src/testRunner/compilerRunner.ts	<lambda>17	src/harness/fourslashImpl.ts	getSourceFile
src/testRunner/compilerRunner.ts	<lambda>17	src/server/project.ts	getSourceFile
src/testRunner/compilerRunner.ts	<lambda>17	src/services/services.ts	getSourceFile
src/testRunner/compilerRunner.ts	<lambda>17	src/services/sourcemaps.ts	getSourceFile
src/testRunner/compilerRunner.ts	<lambda>17	src/services/transpile.ts	getSourceFile
src/testRunner/compilerRunner.ts	<lambda>17	src/services/types.ts	getSourceFile
src/testRunner/compilerRunner.ts	<lambda>17	src/testRunner/unittests/customTransforms.ts	getSourceFile
src/testRunner/compilerRunner.ts	<lambda>17	src/testRunner/unittests/helpers.ts	getSourceFile
src/testRunner/compilerRunner.ts	<lambda>17	src/testRunner/unittests/moduleResolution.ts	getSourceFile
src/testRunner/compilerRunner.ts	<lambda>17	src/testRunner/unittests/programApi.ts	getSourceFile
src/testRunner/compilerRunner.ts	<lambda>17	src/testRunner/unittests/reuseProgramStructure.ts	getSourceFile
src/testRunner/compilerRunner.ts	parseOptions	src/compiler/sourcemap.ts	next
src/testRunner/compilerRunner.ts	parseOptions	src/testRunner/parallel/worker.ts	next
src/testRunner/compilerRunner.ts	verifyModuleResolution	src/compiler/core.ts	map
src/testRunner/compilerRunner.ts	verifyTypesAndSymbols	src/compiler/core.ts	filter
src/testRunner/parallel/host.ts	<lambda>0	src/compiler/factory/utilities.ts	exit
src/testRunner/parallel/host.ts	<lambda>0	src/compiler/performance.ts	exit
src/testRunner/parallel/host.ts	<lambda>0	src/compiler/sys.ts	exit
src/testRunner/parallel/host.ts	<lambda>0	src/harness/fakesHosts.ts	exit
src/testRunner/parallel/host.ts	<lambda>0	src/harness/harnessIO.ts	exit
src/testRunner/parallel/host.ts	<lambda>0	src/server/session.ts	exit
src/testRunner/parallel/host.ts	<lambda>0	src/testRunner/unittests/helpers/virtualFileSystemWithWatch.ts	exit
src/testRunner/parallel/host.ts	<lambda>0	src/tsserver/nodeServer.ts	exit
src/testRunner/parallel/host.ts	<lambda>1	src/compiler/factory/utilities.ts	exit
src/testRunner/parallel/host.ts	<lambda>1	src/compiler/performance.ts	exit
src/testRunner/parallel/host.ts	<lambda>1	src/compiler/sys.ts	exit
src/testRunner/parallel/host.ts	<lambda>1	src/harness/fakesHosts.ts	exit
src/testRunner/parallel/host.ts	<lambda>1	src/harness/harnessIO.ts	exit
src/testRunner/parallel/host.ts	<lambda>1	src/server/session.ts	exit
src/testRunner/parallel/host.ts	<lambda>1	src/testRunner/unittests/helpers/virtualFileSystemWithWatch.ts	exit
src/testRunner/parallel/host.ts	<lambda>1	src/tsserver/nodeServer.ts	exit
src/testRunner/parallel/host.ts	<lambda>6	src/compiler/factory/utilities.ts	exit
src/testRunner/parallel/host.ts	<lambda>6	src/compiler/performance.ts	exit
src/testRunner/parallel/host.ts	<lambda>6	src/compiler/sys.ts	exit
src/testRunner/parallel/host.ts	<lambda>6	src/harness/fakesHosts.ts	exit
src/testRunner/parallel/host.ts	<lambda>6	src/harness/harnessIO.ts	exit
src/testRunner/parallel/host.ts	<lambda>6	src/server/session.ts	exit
src/testRunner/parallel/host.ts	<lambda>6	src/testRunner/unittests/helpers/virtualFileSystemWithWatch.ts	exit
src/testRunner/parallel/host.ts	<lambda>6	src/tsserver/nodeServer.ts	exit
src/testRunner/parallel/host.ts	<lambda>7	src/compiler/factory/utilities.ts	exit
src/testRunner/parallel/host.ts	<lambda>7	src/compiler/performance.ts	exit
src/testRunner/parallel/host.ts	<lambda>7	src/compiler/sys.ts	exit
src/testRunner/parallel/host.ts	<lambda>7	src/harness/fakesHosts.ts	exit
src/testRunner/parallel/host.ts	<lambda>7	src/harness/harnessIO.ts	exit
src/testRunner/parallel/host.ts	<lambda>7	src/server/session.ts	exit
src/testRunner/parallel/host.ts	<lambda>7	src/testRunner/unittests/helpers/virtualFileSystemWithWatch.ts	exit
src/testRunner/parallel/host.ts	<lambda>7	src/tsserver/nodeServer.ts	exit
src/testRunner/parallel/host.ts	<lambda>8	src/compiler/factory/utilities.ts	exit
src/testRunner/parallel/host.ts	<lambda>8	src/compiler/performance.ts	exit
src/testRunner/parallel/host.ts	<lambda>8	src/compiler/sys.ts	exit
src/testRunner/parallel/host.ts	<lambda>8	src/harness/fakesHosts.ts	exit
src/testRunner/parallel/host.ts	<lambda>8	src/harness/harnessIO.ts	exit
src/testRunner/parallel/host.ts	<lambda>8	src/server/session.ts	exit
src/testRunner/parallel/host.ts	<lambda>8	src/server/session.ts	send
src/testRunner/parallel/host.ts	<lambda>8	src/server/typingInstallerAdapter.ts	send
src/testRunner/parallel/host.ts	<lambda>8	src/testRunner/unittests/helpers/typingsInstaller.ts	send
src/testRunner/parallel/host.ts	<lambda>8	src/testRunner/unittests/helpers/virtualFileSystemWithWatch.ts	exit
src/testRunner/parallel/host.ts	<lambda>8	src/testRunner/unittests/tsserver/session.ts	send
src/testRunner/parallel/host.ts	<lambda>8	src/tsserver/nodeServer.ts	exit
src/testRunner/parallel/host.ts	addSuite	src/testRunner/parallel/worker.ts	addSuite
src/testRunner/parallel/host.ts	addTest	src/harness/runnerbase.ts	addTest
src/testRunner/parallel/host.ts	addTest	src/testRunner/parallel/worker.ts	addTest
src/testRunner/parallel/host.ts	killChild	src/compiler/factory/utilities.ts	exit
src/testRunner/parallel/host.ts	killChild	src/compiler/performance.ts	exit
src/testRunner/parallel/host.ts	killChild	src/compiler/sys.ts	exit
src/testRunner/parallel/host.ts	killChild	src/harness/fakesHosts.ts	exit
src/testRunner/parallel/host.ts	killChild	src/harness/harnessIO.ts	exit
src/testRunner/parallel/host.ts	killChild	src/server/session.ts	exit
src/testRunner/parallel/host.ts	killChild	src/testRunner/unittests/helpers/virtualFileSystemWithWatch.ts	exit
src/testRunner/parallel/host.ts	killChild	src/tsserver/nodeServer.ts	exit
src/testRunner/parallel/host.ts	outputFinalResult	src/compiler/factory/utilities.ts	exit
src/testRunner/parallel/host.ts	outputFinalResult	src/compiler/performance.ts	exit
src/testRunner/parallel/host.ts	outputFinalResult	src/compiler/sys.ts	exit
src/testRunner/parallel/host.ts	outputFinalResult	src/harness/fakesHosts.ts	exit
src/testRunner/parallel/host.ts	outputFinalResult	src/harness/harnessIO.ts	exit
src/testRunner/parallel/host.ts	outputFinalResult	src/server/session.ts	exit
src/testRunner/parallel/host.ts	outputFinalResult	src/testRunner/unittests/helpers/virtualFileSystemWithWatch.ts	exit
src/testRunner/parallel/host.ts	outputFinalResult	src/tsserver/nodeServer.ts	exit
src/testRunner/parallel/host.ts	rebuildSuite	src/compiler/sourcemap.ts	next
src/testRunner/parallel/host.ts	rebuildSuite	src/testRunner/parallel/worker.ts	next
src/testRunner/parallel/host.ts	replaySuite	src/compiler/sourcemap.ts	next
src/testRunner/parallel/host.ts	replaySuite	src/testRunner/parallel/worker.ts	next
src/testRunner/parallel/host.ts	startDelayed	src/compiler/sourcemap.ts	next
src/testRunner/parallel/host.ts	startDelayed	src/compiler/sys.ts	on
src/testRunner/parallel/host.ts	startDelayed	src/server/session.ts	send
src/testRunner/parallel/host.ts	startDelayed	src/server/typingInstallerAdapter.ts	send
src/testRunner/parallel/host.ts	startDelayed	src/testRunner/parallel/worker.ts	next
src/testRunner/parallel/host.ts	startDelayed	src/testRunner/unittests/helpers/typingsInstaller.ts	send
src/testRunner/parallel/host.ts	startDelayed	src/testRunner/unittests/tsserver/session.ts	on
src/testRunner/parallel/host.ts	startDelayed	src/testRunner/unittests/tsserver/session.ts	send
src/testRunner/parallel/worker.ts	clone	src/compiler/core.ts	clone
src/testRunner/parallel/worker.ts	executeUnitTests	src/compiler/sourcemap.ts	next
src/testRunner/parallel/worker.ts	hookUncaughtExceptions	src/compiler/sys.ts	on
src/testRunner/parallel/worker.ts	hookUncaughtExceptions	src/testRunner/unittests/tsserver/session.ts	on
src/testRunner/parallel/worker.ts	mixin	src/compiler/sourcemap.ts	next
src/testRunner/parallel/worker.ts	processHostMessage	src/compiler/factory/utilities.ts	exit
src/testRunner/parallel/worker.ts	processHostMessage	src/compiler/performance.ts	exit
src/testRunner/parallel/worker.ts	processHostMessage	src/compiler/sys.ts	exit
src/testRunner/parallel/worker.ts	processHostMessage	src/harness/fakesHosts.ts	exit
src/testRunner/parallel/worker.ts	processHostMessage	src/harness/harnessIO.ts	exit
src/testRunner/parallel/worker.ts	processHostMessage	src/server/session.ts	exit
src/testRunner/parallel/worker.ts	processHostMessage	src/testRunner/unittests/helpers/virtualFileSystemWithWatch.ts	exit
src/testRunner/parallel/worker.ts	processHostMessage	src/tsserver/nodeServer.ts	exit
src/testRunner/parallel/worker.ts	runSuite	src/compiler/sys.ts	on
src/testRunner/parallel/worker.ts	runSuite	src/server/utilities.ts	run
src/testRunner/parallel/worker.ts	runSuite	src/testRunner/transpileRunner.ts	run
src/testRunner/parallel/worker.ts	runSuite	src/testRunner/unittests/tsserver/session.ts	on
src/testRunner/parallel/worker.ts	start	src/compiler/sys.ts	on
src/testRunner/parallel/worker.ts	start	src/testRunner/unittests/tsserver/session.ts	on
src/testRunner/projectsRunner.ts	<lambda>20	src/compiler/builder.ts	getCurrentDirectory
src/testRunner/projectsRunner.ts	<lambda>20	src/compiler/builderPublic.ts	getCurrentDirectory
src/testRunner/projectsRunner.ts	<lambda>20	src/compiler/commandLineParser.ts	getCurrentDirectory
src/testRunner/projectsRunner.ts	<lambda>20	src/compiler/emitter.ts	getCommonSourceDirectory
src/testRunner/projectsRunner.ts	<lambda>20	src/compiler/moduleSpecifiers.ts	getCommonSourceDirectory
src/testRunner/projectsRunner.ts	<lambda>20	src/compiler/program.ts	getCommonSourceDirectory
src/testRunner/projectsRunner.ts	<lambda>20	src/compiler/program.ts	getCurrentDirectory
src/testRunner/projectsRunner.ts	<lambda>20	src/compiler/programDiagnostics.ts	getCommonSourceDirectory
src/testRunner/projectsRunner.ts	<lambda>20	src/compiler/sys.ts	getCurrentDirectory
src/testRunner/projectsRunner.ts	<lambda>20	src/compiler/tsbuildPublic.ts	getCurrentDirectory
src/testRunner/projectsRunner.ts	<lambda>20	src/compiler/types.ts	getCommonSourceDirectory
src/testRunner/projectsRunner.ts	<lambda>20	src/compiler/types.ts	getCurrentDirectory
src/testRunner/projectsRunner.ts	<lambda>20	src/compiler/utilities.ts	getCommonSourceDirectory
src/testRunner/projectsRunner.ts	<lambda>20	src/compiler/utilities.ts	getCurrentDirectory
src/testRunner/projectsRunner.ts	<lambda>20	src/compiler/watch.ts	getCurrentDirectory
src/testRunner/projectsRunner.ts	<lambda>20	src/compiler/watchPublic.ts	getCurrentDirectory
src/testRunner/projectsRunner.ts	<lambda>20	src/compiler/watchUtilities.ts	getCurrentDirectory
src/testRunner/projectsRunner.ts	<lambda>20	src/harness/evaluatorImpl.ts	getCurrentDirectory
src/testRunner/projectsRunner.ts	<lambda>20	src/harness/fakesHosts.ts	getCurrentDirectory
src/testRunner/projectsRunner.ts	<lambda>20	src/harness/harnessIO.ts	getCurrentDirectory
src/testRunner/projectsRunner.ts	<lambda>20	src/harness/harnessLanguageService.ts	getCurrentDirectory
src/testRunner/projectsRunner.ts	<lambda>20	src/jsTyping/types.ts	getCurrentDirectory
src/testRunner/projectsRunner.ts	<lambda>20	src/server/editorServices.ts	getCurrentDirectory
src/testRunner/projectsRunner.ts	<lambda>20	src/server/project.ts	getCurrentDirectory
src/testRunner/projectsRunner.ts	<lambda>20	src/services/services.ts	getCurrentDirectory
src/testRunner/projectsRunner.ts	<lambda>20	src/services/sourcemaps.ts	getCurrentDirectory
src/testRunner/projectsRunner.ts	<lambda>20	src/services/stringCompletions.ts	getCommonSourceDirectory
src/testRunner/projectsRunner.ts	<lambda>20	src/services/transpile.ts	getCurrentDirectory
src/testRunner/projectsRunner.ts	<lambda>20	src/services/types.ts	getCurrentDirectory
src/testRunner/projectsRunner.ts	<lambda>20	src/services/utilities.ts	getCommonSourceDirectory
src/testRunner/projectsRunner.ts	<lambda>20	src/services/utilities.ts	getCurrentDirectory
src/testRunner/projectsRunner.ts	<lambda>20	src/testRunner/unittests/config/commandLineParsing.ts	getCurrentDirectory
src/testRunner/projectsRunner.ts	<lambda>20	src/testRunner/unittests/config/helpers.ts	getCurrentDirectory
src/testRunner/projectsRunner.ts	<lambda>20	src/testRunner/unittests/config/showConfig.ts	getCurrentDirectory
src/testRunner/projectsRunner.ts	<lambda>20	src/testRunner/unittests/config/tsconfigParsing.ts	getCurrentDirectory
src/testRunner/projectsRunner.ts	<lambda>20	src/testRunner/unittests/customTransforms.ts	getCurrentDirectory
src/testRunner/projectsRunner.ts	<lambda>20	src/testRunner/unittests/helpers.ts	getCurrentDirectory
src/testRunner/projectsRunner.ts	<lambda>20	src/testRunner/unittests/moduleResolution.ts	getCurrentDirectory
src/testRunner/projectsRunner.ts	<lambda>20	src/testRunner/unittests/programApi.ts	getCurrentDirectory
src/testRunner/projectsRunner.ts	<lambda>20	src/testRunner/unittests/reuseProgramStructure.ts	getCurrentDirectory
src/testRunner/projectsRunner.ts	<lambda>20	src/testRunner/unittests/services/hostNewLineSupport.ts	getCurrentDirectory
src/testRunner/projectsRunner.ts	<lambda>20	src/testRunner/unittests/services/languageService.ts	getCurrentDirectory
src/testRunner/projectsRunner.ts	<lambda>20	src/testRunner/unittests/tscWatch/watchApi.ts	getCurrentDirectory
src/testRunner/projectsRunner.ts	<lambda>20	src/testRunner/unittests/tsserver/getEditsForFileRename.ts	getCurrentDirectory
src/testRunner/projectsRunner.ts	<lambda>20	src/testRunner/unittests/tsserver/session.ts	getCurrentDirectory
src/testRunner/projectsRunner.ts	<lambda>3	src/compiler/sourcemap.ts	next
src/testRunner/projectsRunner.ts	<lambda>3	src/testRunner/parallel/worker.ts	next
src/testRunner/projectsRunner.ts	compileDeclarations	src/compiler/types.ts	getSourceFiles
src/testRunner/projectsRunner.ts	compileProjectFiles	src/compiler/sourcemap.ts	next
src/testRunner/projectsRunner.ts	compileProjectFiles	src/compiler/types.ts	emit
src/testRunner/projectsRunner.ts	compileProjectFiles	src/testRunner/parallel/worker.ts	next
src/testRunner/projectsRunner.ts	createCompilerOptions	src/compiler/sourcemap.ts	next
src/testRunner/projectsRunner.ts	createCompilerOptions	src/testRunner/parallel/worker.ts	next
src/testRunner/projectsRunner.ts	getErrorsBaseline	src/compiler/sourcemap.ts	next
src/testRunner/projectsRunner.ts	getErrorsBaseline	src/compiler/types.ts	getSourceFiles
src/testRunner/projectsRunner.ts	getErrorsBaseline	src/testRunner/parallel/worker.ts	next
src/testRunner/projectsRunner.ts	readDirectory	src/compiler/program.ts	readDirectory
src/testRunner/projectsRunner.ts	readDirectory	src/compiler/sys.ts	readDirectory
src/testRunner/projectsRunner.ts	readDirectory	src/compiler/types.ts	readDirectory
src/testRunner/projectsRunner.ts	readDirectory	src/compiler/watch.ts	readDirectory
src/testRunner/projectsRunner.ts	readDirectory	src/compiler/watchPublic.ts	readDirectory
src/testRunner/projectsRunner.ts	readDirectory	src/compiler/watchUtilities.ts	readDirectory
src/testRunner/projectsRunner.ts	readDirectory	src/harness/fakesHosts.ts	readDirectory
src/testRunner/projectsRunner.ts	readDirectory	src/harness/harnessIO.ts	readDirectory
src/testRunner/projectsRunner.ts	readDirectory	src/harness/harnessLanguageService.ts	readDirectory
src/testRunner/projectsRunner.ts	readDirectory	src/jsTyping/jsTyping.ts	readDirectory
src/testRunner/projectsRunner.ts	readDirectory	src/server/project.ts	readDirectory
src/testRunner/projectsRunner.ts	readDirectory	src/services/services.ts	readDirectory
src/testRunner/projectsRunner.ts	readDirectory	src/services/types.ts	readDirectory
src/testRunner/projectsRunner.ts	readDirectory	src/testRunner/unittests/config/showConfig.ts	readDirectory
src/testRunner/projectsRunner.ts	readDirectory	src/testRunner/unittests/helpers/virtualFileSystemWithWatch.ts	readDirectory
src/testRunner/projectsRunner.ts	readDirectory	src/testRunner/unittests/services/languageService.ts	readDirectory
src/testRunner/projectsRunner.ts	readDirectory	src/testRunner/unittests/tscWatch/watchApi.ts	readDirectory
src/testRunner/projectsRunner.ts	readDirectory	src/testRunner/unittests/tsserver/plugins.ts	readDirectory
src/testRunner/projectsRunner.ts	readDirectory	src/testRunner/unittests/tsserver/session.ts	readDirectory
src/testRunner/projectsRunner.ts	runProjectTestCase	src/compiler/sourcemap.ts	next
src/testRunner/projectsRunner.ts	runProjectTestCase	src/testRunner/parallel/worker.ts	next
src/testRunner/projectsRunner.ts	verifyJavaScriptOutput	src/compiler/sourcemap.ts	next
src/testRunner/projectsRunner.ts	verifyJavaScriptOutput	src/harness/vfsUtil.ts	cwd
src/testRunner/projectsRunner.ts	verifyJavaScriptOutput	src/testRunner/parallel/worker.ts	next
src/testRunner/projectsRunner.ts	verifyResolution	src/compiler/builder.ts	getSourceFiles
src/testRunner/projectsRunner.ts	verifyResolution	src/compiler/builderPublic.ts	getSourceFiles
src/testRunner/projectsRunner.ts	verifyResolution	src/compiler/core.ts	map
src/testRunner/projectsRunner.ts	verifyResolution	src/compiler/program.ts	getSourceFiles
src/testRunner/projectsRunner.ts	verifyResolution	src/compiler/tsbuildPublic.ts	getSourceFiles
src/testRunner/projectsRunner.ts	verifyResolution	src/compiler/types.ts	getSourceFiles
src/testRunner/projectsRunner.ts	verifyResolution	src/harness/vfsUtil.ts	cwd
src/testRunner/runner.ts	handleTestConfig	src/compiler/sourcemap.ts	next
src/testRunner/runner.ts	handleTestConfig	src/testRunner/parallel/worker.ts	next
src/testRunner/runner.ts	runTests	src/compiler/sourcemap.ts	next
src/testRunner/runner.ts	runTests	src/testRunner/parallel/worker.ts	next
src/testRunner/transpileRunner.ts	<lambda>2	src/compiler/sourcemap.ts	next
src/testRunner/transpileRunner.ts	<lambda>2	src/testRunner/parallel/worker.ts	next
src/testRunner/transpileRunner.ts	<lambda>5	src/compiler/core.ts	forEach
src/testRunner/transpileRunner.ts	<lambda>5	src/compiler/moduleNameResolver.ts	forEach
src/testRunner/transpileRunner.ts	<lambda>5	src/compiler/types.ts	forEach
src/testRunner/transpileRunner.ts	<lambda>5	src/harness/collectionsImpl.ts	forEach
src/testRunner/transpileRunner.ts	<lambda>5	src/harness/watchUtils.ts	forEach
src/testRunner/unittests/base64.ts	<lambda>2	src/compiler/sourcemap.ts	next
src/testRunner/unittests/base64.ts	<lambda>2	src/testRunner/parallel/worker.ts	next
src/testRunner/unittests/builder.ts	<lambda>4	src/compiler/semver.ts	toString
src/testRunner/unittests/builder.ts	<lambda>4	src/compiler/sourcemap.ts	toString
src/testRunner/unittests/builder.ts	<lambda>4	src/compiler/types.ts	toString
src/testRunner/unittests/comments.ts	<lambda>1	src/services/callHierarchy.ts	isDefined
src/testRunner/unittests/comments.ts	<lambda>2	src/services/callHierarchy.ts	isDefined
src/testRunner/unittests/comments.ts	<lambda>3	src/services/callHierarchy.ts	isDefined
src/testRunner/unittests/config/commandLineParsing.ts	<lambda>20	src/compiler/sourcemap.ts	next
src/testRunner/unittests/config/commandLineParsing.ts	<lambda>20	src/testRunner/parallel/worker.ts	next
src/testRunner/unittests/config/configurationExtension.ts	<lambda>3	src/compiler/types.ts	readFile
src/testRunner/unittests/config/configurationExtension.ts	<lambda>3	src/harness/fakesHosts.ts	readFile
src/testRunner/unittests/config/configurationExtension.ts	<lambda>5	src/compiler/types.ts	readFile
src/testRunner/unittests/config/configurationExtension.ts	<lambda>5	src/harness/fakesHosts.ts	readFile
src/testRunner/unittests/config/helpers.ts	<lambda>1	src/compiler/sourcemap.ts	next
src/testRunner/unittests/config/helpers.ts	<lambda>1	src/testRunner/parallel/worker.ts	next
src/testRunner/unittests/config/matchFiles.ts	<lambda>18	src/harness/vfsUtil.ts	mkdirpSync
src/testRunner/unittests/config/matchFiles.ts	<lambda>18	src/harness/vfsUtil.ts	symlinkSync
src/testRunner/unittests/config/showConfig.ts	<lambda>0	src/compiler/sourcemap.ts	next
src/testRunner/unittests/config/showConfig.ts	<lambda>0	src/testRunner/parallel/worker.ts	next
src/testRunner/unittests/config/tsconfigParsing.ts	<lambda>3	src/compiler/sourcemap.ts	next
src/testRunner/unittests/config/tsconfigParsing.ts	<lambda>3	src/testRunner/parallel/worker.ts	next
src/testRunner/unittests/customTransforms.ts	<lambda>1	src/compiler/sourcemap.ts	next
src/testRunner/unittests/customTransforms.ts	<lambda>1	src/compiler/types.ts	emit
src/testRunner/unittests/customTransforms.ts	<lambda>1	src/testRunner/parallel/worker.ts	next
src/testRunner/unittests/customTransforms.ts	transformBundle	src/compiler/types.ts	createBundle
src/testRunner/unittests/customTransforms.ts	visitor	src/compiler/types.ts	createIdentifier
src/testRunner/unittests/customTransforms.ts	visitor	src/compiler/types.ts	createStringLiteral
src/testRunner/unittests/customTransforms.ts	visitor	src/compiler/types.ts	updateExportDeclaration
src/testRunner/unittests/customTransforms.ts	visitor	src/compiler/types.ts	updateImportDeclaration
src/testRunner/unittests/diagnosticCollection.ts	<lambda>2	src/compiler/types.ts	add
src/testRunner/unittests/diagnosticCollection.ts	<lambda>2	src/compiler/types.ts	getDiagnostics
src/testRunner/unittests/diagnosticCollection.ts	<lambda>3	src/compiler/types.ts	add
src/testRunner/unittests/diagnosticCollection.ts	<lambda>3	src/compiler/types.ts	getDiagnostics
src/testRunner/unittests/diagnosticCollection.ts	<lambda>4	src/compiler/types.ts	add
src/testRunner/unittests/diagnosticCollection.ts	<lambda>4	src/compiler/types.ts	getDiagnostics
src/testRunner/unittests/diagnosticCollection.ts	<lambda>6	src/compiler/types.ts	add
src/testRunner/unittests/diagnosticCollection.ts	<lambda>6	src/compiler/types.ts	lookup
src/testRunner/unittests/diagnosticCollection.ts	<lambda>7	src/compiler/types.ts	add
src/testRunner/unittests/diagnosticCollection.ts	<lambda>7	src/compiler/types.ts	lookup
src/testRunner/unittests/evaluation/autoAccessors.ts	<lambda>0	src/compiler/sourcemap.ts	next
src/testRunner/unittests/evaluation/autoAccessors.ts	<lambda>0	src/testRunner/parallel/worker.ts	next
src/testRunner/unittests/evaluation/autoAccessors.ts	<lambda>2	src/services/callHierarchy.ts	isDefined
src/testRunner/unittests/evaluation/autoAccessors.ts	<lambda>4	src/deprecatedCompat/deprecations.ts	call
src/testRunner/unittests/evaluation/awaitUsingDeclarations.ts	<lambda>35	src/compiler/debug.ts	fail
src/testRunner/unittests/evaluation/awaitUsingDeclarations.ts	<lambda>35	src/harness/fourslashImpl.ts	fail
src/testRunner/unittests/evaluation/esDecorators.ts	<lambda>0	src/compiler/sourcemap.ts	next
src/testRunner/unittests/evaluation/esDecorators.ts	<lambda>0	src/testRunner/parallel/worker.ts	next
src/testRunner/unittests/evaluation/esDecorators.ts	<lambda>12	src/services/inlayHints.ts	isUndefined
src/testRunner/unittests/evaluation/esDecoratorsMetadata.ts	<lambda>0	src/compiler/sourcemap.ts	next
src/testRunner/unittests/evaluation/esDecoratorsMetadata.ts	<lambda>0	src/testRunner/parallel/worker.ts	next
src/testRunner/unittests/evaluation/optionalCall.ts	<lambda>1	src/services/inlayHints.ts	isUndefined
src/testRunner/unittests/evaluation/optionalCall.ts	<lambda>10	src/services/inlayHints.ts	isUndefined
src/testRunner/unittests/helpers.ts	<lambda>1	src/server/scriptInfo.ts	getVersion
src/testRunner/unittests/helpers/baseline.ts	baselineBuildInfo	src/compiler/core.ts	has
src/testRunner/unittests/helpers/baseline.ts	baselineBuildInfo	src/compiler/corePublic.ts	has
src/testRunner/unittests/helpers/baseline.ts	baselineBuildInfo	src/compiler/moduleNameResolver.ts	has
src/testRunner/unittests/helpers/baseline.ts	baselineBuildInfo	src/compiler/transformers/utilities.ts	has
src/testRunner/unittests/helpers/baseline.ts	baselineBuildInfo	src/deprecatedCompat/deprecations.ts	call
src/testRunner/unittests/helpers/baseline.ts	baselineBuildInfo	src/harness/collectionsImpl.ts	has
src/testRunner/unittests/helpers/baseline.ts	baselineBuildInfo	src/services/completions.ts	has
src/testRunner/unittests/helpers/baseline.ts	baselineBuildInfo	src/services/stringCompletions.ts	has
src/testRunner/unittests/helpers/baseline.ts	baselineBuildInfo	src/services/types.ts	has
src/testRunner/unittests/helpers/baseline.ts	baselineBuildInfo	src/services/utilities.ts	has
src/testRunner/unittests/helpers/baseline.ts	baselineProgram	src/compiler/sourcemap.ts	next
src/testRunner/unittests/helpers/baseline.ts	baselineProgram	src/testRunner/parallel/worker.ts	next
src/testRunner/unittests/helpers/baseline.ts	cb	src/compiler/tracing.ts	push
src/testRunner/unittests/helpers/baseline.ts	generateSourceMapBaselineFiles	src/compiler/sourcemap.ts	next
src/testRunner/unittests/helpers/baseline.ts	generateSourceMapBaselineFiles	src/testRunner/parallel/worker.ts	next
src/testRunner/unittests/helpers/baseline.ts	toMapOfReferencedSet	src/compiler/sourcemap.ts	next
src/testRunner/unittests/helpers/baseline.ts	toMapOfReferencedSet	src/testRunner/parallel/worker.ts	next
src/testRunner/unittests/helpers/declarationEmit.ts	forEachDeclarationEmitWithErrorsScenario	src/compiler/sourcemap.ts	next
src/testRunner/unittests/helpers/declarationEmit.ts	forEachDeclarationEmitWithErrorsScenario	src/testRunner/parallel/worker.ts	next
src/testRunner/unittests/helpers/monorepoSymlinkedSiblingPackages.ts	forEachMonorepoSymlinkedSiblingPackagesSys	src/compiler/sourcemap.ts	next
src/testRunner/unittests/helpers/monorepoSymlinkedSiblingPackages.ts	forEachMonorepoSymlinkedSiblingPackagesSys	src/testRunner/parallel/worker.ts	next
src/testRunner/unittests/helpers/monorepoSymlinkedSiblingPackages.ts	forEachMonorepoSymlinkedSiblingPackagesSysWithUnRelatedFolders	src/compiler/sourcemap.ts	next
src/testRunner/unittests/helpers/monorepoSymlinkedSiblingPackages.ts	forEachMonorepoSymlinkedSiblingPackagesSysWithUnRelatedFolders	src/testRunner/parallel/worker.ts	next
src/testRunner/unittests/helpers/noEmit.ts	forEachNoEmitChangesWorker	src/compiler/sourcemap.ts	next
src/testRunner/unittests/helpers/noEmit.ts	forEachNoEmitChangesWorker	src/testRunner/parallel/worker.ts	next
src/testRunner/unittests/helpers/noEmitOnError.ts	forEachNoEmitOnErrorScenario	src/compiler/sourcemap.ts	next
src/testRunner/unittests/helpers/noEmitOnError.ts	forEachNoEmitOnErrorScenario	src/testRunner/parallel/worker.ts	next
src/testRunner/unittests/helpers/noEmitOnError.ts	getEdits	src/compiler/sourcemap.ts	next
src/testRunner/unittests/helpers/noEmitOnError.ts	getEdits	src/testRunner/parallel/worker.ts	next
src/testRunner/unittests/helpers/tsc.ts	<lambda>22	src/compiler/tracing.ts	push
src/testRunner/unittests/helpers/tsc.ts	addBaseline	src/testRunner/unittests/helpers/noCheck.ts	discrepancyExplanation
src/testRunner/unittests/helpers/tsc.ts	addBaseline	src/testRunner/unittests/helpers/noEmit.ts	discrepancyExplanation
src/testRunner/unittests/helpers/tsc.ts	addBaseline	src/testRunner/unittests/tsbuild/commandLine.ts	discrepancyExplanation
src/testRunner/unittests/helpers/tsc.ts	addBaseline	src/testRunner/unittests/tsbuild/configFileErrors.ts	discrepancyExplanation
src/testRunner/unittests/helpers/tsc.ts	addBaseline	src/testRunner/unittests/tsbuild/outFile.ts	discrepancyExplanation
src/testRunner/unittests/helpers/tsc.ts	addBaseline	src/testRunner/unittests/tsc/incremental.ts	discrepancyExplanation
src/testRunner/unittests/helpers/tsc.ts	addBaseline	src/testRunner/unittests/tsc/noEmitOnError.ts	discrepancyExplanation
src/testRunner/unittests/helpers/tsc.ts	getBuildInfoForIncrementalCorrectnessCheck	src/compiler/sourcemap.ts	next
src/testRunner/unittests/helpers/tsc.ts	getBuildInfoForIncrementalCorrectnessCheck	src/testRunner/parallel/worker.ts	next
src/testRunner/unittests/helpers/tsc.ts	modifySystem	src/server/scriptInfo.ts	edit
src/testRunner/unittests/helpers/tsc.ts	modifySystem	src/server/scriptVersionCache.ts	edit
src/testRunner/unittests/helpers/tsc.ts	modifySystem	src/testRunner/unittests/helpers/alternateResult.ts	edit
src/testRunner/unittests/helpers/tsc.ts	modifySystem	src/testRunner/unittests/helpers/libraryResolution.ts	edit
src/testRunner/unittests/helpers/tsc.ts	modifySystem	src/testRunner/unittests/helpers/monorepoSymlinkedSiblingPackages.ts	edit
src/testRunner/unittests/helpers/tsc.ts	modifySystem	src/testRunner/unittests/helpers/noCheck.ts	edit
src/testRunner/unittests/helpers/tsc.ts	modifySystem	src/testRunner/unittests/helpers/noEmit.ts	edit
src/testRunner/unittests/helpers/tsc.ts	modifySystem	src/testRunner/unittests/helpers/noEmitOnError.ts	edit
src/testRunner/unittests/helpers/tsc.ts	modifySystem	src/testRunner/unittests/helpers/projectRoots.ts	edit
src/testRunner/unittests/helpers/tsc.ts	modifySystem	src/testRunner/unittests/tsbuild/amdModulesWithOut.ts	edit
src/testRunner/unittests/helpers/tsc.ts	modifySystem	src/testRunner/unittests/tsbuild/commandLine.ts	edit
src/testRunner/unittests/helpers/tsc.ts	modifySystem	src/testRunner/unittests/tsbuild/configFileErrors.ts	edit
src/testRunner/unittests/helpers/tsc.ts	modifySystem	src/testRunner/unittests/tsbuild/containerOnlyReferenced.ts	edit
src/testRunner/unittests/helpers/tsc.ts	modifySystem	src/testRunner/unittests/tsbuild/emitDeclarationOnly.ts	edit
src/testRunner/unittests/helpers/tsc.ts	modifySystem	src/testRunner/unittests/tsbuild/fileDelete.ts	edit
src/testRunner/unittests/helpers/tsc.ts	modifySystem	src/testRunner/unittests/tsbuild/inferredTypeFromTransitiveModule.ts	edit
src/testRunner/unittests/helpers/tsc.ts	modifySystem	src/testRunner/unittests/tsbuild/lateBoundSymbol.ts	edit
src/testRunner/unittests/helpers/tsc.ts	modifySystem	src/testRunner/unittests/tsbuild/outFile.ts	edit
src/testRunner/unittests/helpers/tsc.ts	modifySystem	src/testRunner/unittests/tsbuild/roots.ts	edit
src/testRunner/unittests/helpers/tsc.ts	modifySystem	src/testRunner/unittests/tsbuild/sample.ts	edit
src/testRunner/unittests/helpers/tsc.ts	modifySystem	src/testRunner/unittests/tsbuildWatch/configFileErrors.ts	edit
src/testRunner/unittests/helpers/tsc.ts	modifySystem	src/testRunner/unittests/tsbuildWatch/demo.ts	edit
src/testRunner/unittests/helpers/tsc.ts	modifySystem	src/testRunner/unittests/tsbuildWatch/moduleResolution.ts	edit
src/testRunner/unittests/helpers/tsc.ts	modifySystem	src/testRunner/unittests/tsbuildWatch/noEmit.ts	edit
src/testRunner/unittests/helpers/tsc.ts	modifySystem	src/testRunner/unittests/tsbuildWatch/programUpdates.ts	edit
src/testRunner/unittests/helpers/tsc.ts	modifySystem	src/testRunner/unittests/tsbuildWatch/projectsBuilding.ts	edit
src/testRunner/unittests/helpers/tsc.ts	modifySystem	src/testRunner/unittests/tsbuildWatch/publicApi.ts	edit
src/testRunner/unittests/helpers/tsc.ts	modifySystem	src/testRunner/unittests/tsbuildWatch/reexport.ts	edit
src/testRunner/unittests/helpers/tsc.ts	modifySystem	src/testRunner/unittests/tsbuildWatch/watchEnvironment.ts	edit
src/testRunner/unittests/helpers/tsc.ts	modifySystem	src/testRunner/unittests/tsc/composite.ts	edit
src/testRunner/unittests/helpers/tsc.ts	modifySystem	src/testRunner/unittests/tsc/incremental.ts	edit
src/testRunner/unittests/helpers/tsc.ts	modifySystem	src/testRunner/unittests/tsc/moduleResolution.ts	edit
src/testRunner/unittests/helpers/tsc.ts	modifySystem	src/testRunner/unittests/tsc/noEmitOnError.ts	edit
src/testRunner/unittests/helpers/tsc.ts	modifySystem	src/testRunner/unittests/tscWatch/consoleClearing.ts	edit
src/testRunner/unittests/helpers/tsc.ts	modifySystem	src/testRunner/unittests/tscWatch/emit.ts	edit
src/testRunner/unittests/helpers/tsc.ts	modifySystem	src/testRunner/unittests/tscWatch/emitAndErrorUpdates.ts	edit
src/testRunner/unittests/helpers/tsc.ts	modifySystem	src/testRunner/unittests/tscWatch/forceConsistentCasingInFileNames.ts	edit
src/testRunner/unittests/helpers/tsc.ts	modifySystem	src/testRunner/unittests/tscWatch/libraryResolution.ts	edit
src/testRunner/unittests/helpers/tsc.ts	modifySystem	src/testRunner/unittests/tscWatch/moduleResolution.ts	edit
src/testRunner/unittests/helpers/tsc.ts	modifySystem	src/testRunner/unittests/tscWatch/nodeNextWatch.ts	edit
src/testRunner/unittests/helpers/tsc.ts	modifySystem	src/testRunner/unittests/tscWatch/programUpdates.ts	edit
src/testRunner/unittests/helpers/tsc.ts	modifySystem	src/testRunner/unittests/tscWatch/projectsWithReferences.ts	edit
src/testRunner/unittests/helpers/tsc.ts	modifySystem	src/testRunner/unittests/tscWatch/resolutionCache.ts	edit
src/testRunner/unittests/helpers/tsc.ts	modifySystem	src/testRunner/unittests/tscWatch/resolveJsonModuleWithIncremental.ts	edit
src/testRunner/unittests/helpers/tsc.ts	modifySystem	src/testRunner/unittests/tscWatch/watchApi.ts	edit
src/testRunner/unittests/helpers/tsc.ts	modifySystem	src/testRunner/unittests/tscWatch/watchEnvironment.ts	edit
src/testRunner/unittests/helpers/tsc.ts	relativeToBuildInfo	src/compiler/types.ts	getCurrentDirectory
src/testRunner/unittests/helpers/tsc.ts	relativeToBuildInfo	src/compiler/types.ts	useCaseSensitiveFileNames
src/testRunner/unittests/helpers/tsc.ts	storeDtsSignatures	src/compiler/sourcemap.ts	next
src/testRunner/unittests/helpers/tsc.ts	storeDtsSignatures	src/testRunner/parallel/worker.ts	next
src/testRunner/unittests/helpers/tsc.ts	verifyTscEditDiscrepancies	src/compiler/builderState.ts	keys
src/testRunner/unittests/helpers/tsc.ts	verifyTscEditDiscrepancies	src/compiler/core.ts	keys
src/testRunner/unittests/helpers/tsc.ts	verifyTscEditDiscrepancies	src/compiler/corePublic.ts	keys
src/testRunner/unittests/helpers/tsc.ts	verifyTscEditDiscrepancies	src/compiler/sourcemap.ts	next
src/testRunner/unittests/helpers/tsc.ts	verifyTscEditDiscrepancies	src/harness/collectionsImpl.ts	keys
src/testRunner/unittests/helpers/tsc.ts	verifyTscEditDiscrepancies	src/testRunner/parallel/worker.ts	next
src/testRunner/unittests/helpers/tscWatch.ts	runWatchBaseline	src/compiler/sourcemap.ts	next
src/testRunner/unittests/helpers/tscWatch.ts	runWatchBaseline	src/testRunner/parallel/worker.ts	next
src/testRunner/unittests/helpers/tsserver.ts	<lambda>4	src/compiler/tracing.ts	push
src/testRunner/unittests/helpers/tsserver.ts	<lambda>8	src/compiler/sourcemap.ts	next
src/testRunner/unittests/helpers/tsserver.ts	<lambda>8	src/testRunner/parallel/worker.ts	next
src/testRunner/unittests/helpers/tsserver.ts	<lambda>9	src/compiler/sourcemap.ts	next
src/testRunner/unittests/helpers/tsserver.ts	<lambda>9	src/testRunner/parallel/worker.ts	next
src/testRunner/unittests/helpers/tsserver.ts	closeFilesForSession	src/compiler/sourcemap.ts	next
src/testRunner/unittests/helpers/tsserver.ts	closeFilesForSession	src/testRunner/parallel/worker.ts	next
src/testRunner/unittests/helpers/tsserver.ts	executeCommand	src/server/session.ts	executeCommand
src/testRunner/unittests/helpers/tsserver.ts	openFilesForSession	src/compiler/sourcemap.ts	next
src/testRunner/unittests/helpers/tsserver.ts	openFilesForSession	src/testRunner/parallel/worker.ts	next
src/testRunner/unittests/helpers/typingsInstaller.ts	<lambda>2	src/compiler/sourcemap.ts	next
src/testRunner/unittests/helpers/typingsInstaller.ts	<lambda>2	src/testRunner/parallel/worker.ts	next
src/testRunner/unittests/helpers/typingsInstaller.ts	createTypesRegistryFileContent	src/compiler/sourcemap.ts	next
src/testRunner/unittests/helpers/typingsInstaller.ts	createTypesRegistryFileContent	src/testRunner/parallel/worker.ts	next
src/testRunner/unittests/helpers/typingsInstaller.ts	scheduleRequest	src/server/typingInstallerAdapter.ts	scheduleRequest
src/testRunner/unittests/helpers/typingsInstaller.ts	send	src/testRunner/unittests/tsserver/session.ts	handleRequest
src/testRunner/unittests/helpers/typingsInstaller.ts	send	src/typingsInstaller/nodeTypingsInstaller.ts	handleRequest
src/testRunner/unittests/helpers/typingsInstaller.ts	send	src/typingsInstallerCore/typingsInstaller.ts	handleRequest
src/testRunner/unittests/helpers/virtualFileSystemWithWatch.ts	<init>	src/compiler/binder.ts	bind
src/testRunner/unittests/helpers/virtualFileSystemWithWatch.ts	<init>	src/deprecatedCompat/deprecations.ts	bind
src/testRunner/unittests/helpers/virtualFileSystemWithWatch.ts	invokeWorker	src/compiler/sourcemap.ts	next
src/testRunner/unittests/helpers/virtualFileSystemWithWatch.ts	invokeWorker	src/testRunner/parallel/worker.ts	next
src/testRunner/unittests/helpers/virtualFileSystemWithWatch.ts	reloadFS	src/compiler/sourcemap.ts	next
src/testRunner/unittests/helpers/virtualFileSystemWithWatch.ts	reloadFS	src/testRunner/parallel/worker.ts	next
src/testRunner/unittests/helpers/virtualFileSystemWithWatch.ts	renameFolderEntries	src/compiler/sourcemap.ts	next
src/testRunner/unittests/helpers/virtualFileSystemWithWatch.ts	renameFolderEntries	src/testRunner/parallel/worker.ts	next
src/testRunner/unittests/helpers/virtualFileSystemWithWatch.ts	serializeOutput	src/compiler/sourcemap.ts	next
src/testRunner/unittests/helpers/virtualFileSystemWithWatch.ts	serializeOutput	src/testRunner/parallel/worker.ts	next
src/testRunner/unittests/incrementalParser.ts	<lambda>1	src/compiler/sourcemap.ts	next
src/testRunner/unittests/incrementalParser.ts	<lambda>1	src/testRunner/parallel/worker.ts	next
src/testRunner/unittests/jsDocParsing.ts	<lambda>13	src/services/callHierarchy.ts	isDefined
src/testRunner/unittests/jsDocParsing.ts	<lambda>15	src/services/callHierarchy.ts	isDefined
src/testRunner/unittests/jsDocParsing.ts	<lambda>17	src/services/services.ts	getStart
src/testRunner/unittests/jsDocParsing.ts	<lambda>17	src/services/types.ts	getStart
src/testRunner/unittests/moduleResolution.ts	<lambda>10	src/services/callHierarchy.ts	isDefined
src/testRunner/unittests/moduleResolution.ts	<lambda>10	src/services/inlayHints.ts	isUndefined
src/testRunner/unittests/moduleResolution.ts	<lambda>21	src/compiler/sourcemap.ts	next
src/testRunner/unittests/moduleResolution.ts	<lambda>21	src/compiler/types.ts	getSemanticDiagnostics
src/testRunner/unittests/moduleResolution.ts	<lambda>21	src/compiler/types.ts	getSourceFiles
src/testRunner/unittests/moduleResolution.ts	<lambda>21	src/compiler/types.ts	getSyntacticDiagnostics
src/testRunner/unittests/moduleResolution.ts	<lambda>21	src/testRunner/parallel/worker.ts	next
src/testRunner/unittests/moduleResolution.ts	<lambda>33	src/compiler/types.ts	getOptionsDiagnostics
src/testRunner/unittests/moduleResolution.ts	<lambda>33	src/compiler/types.ts	getSemanticDiagnostics
src/testRunner/unittests/moduleResolution.ts	<lambda>59	src/compiler/types.ts	getOptionsDiagnostics
src/testRunner/unittests/moduleResolution.ts	createModuleResolutionHost	src/compiler/sourcemap.ts	next
src/testRunner/unittests/moduleResolution.ts	createModuleResolutionHost	src/testRunner/parallel/worker.ts	next
src/testRunner/unittests/moduleResolution.ts	test	src/compiler/sourcemap.ts	next
src/testRunner/unittests/moduleResolution.ts	test	src/testRunner/parallel/worker.ts	next
src/testRunner/unittests/moduleResolution.ts	testLoadAsFile	src/compiler/sourcemap.ts	next
src/testRunner/unittests/moduleResolution.ts	testLoadAsFile	src/testRunner/parallel/worker.ts	next
src/testRunner/unittests/parsePseudoBigInt.ts	<lambda>2	src/compiler/sourcemap.ts	next
src/testRunner/unittests/parsePseudoBigInt.ts	<lambda>2	src/testRunner/parallel/worker.ts	next
src/testRunner/unittests/parsePseudoBigInt.ts	<lambda>3	src/compiler/sourcemap.ts	next
src/testRunner/unittests/parsePseudoBigInt.ts	<lambda>3	src/testRunner/parallel/worker.ts	next
src/testRunner/unittests/parsePseudoBigInt.ts	<lambda>4	src/compiler/sourcemap.ts	next
src/testRunner/unittests/parsePseudoBigInt.ts	<lambda>4	src/testRunner/parallel/worker.ts	next
src/testRunner/unittests/parsePseudoBigInt.ts	<lambda>5	src/compiler/sourcemap.ts	next
src/testRunner/unittests/parsePseudoBigInt.ts	<lambda>5	src/testRunner/parallel/worker.ts	next
src/testRunner/unittests/programApi.ts	<lambda>27	src/compiler/core.ts	isNumber
src/testRunner/unittests/programApi.ts	<lambda>29	src/compiler/core.ts	isEmpty
src/testRunner/unittests/programApi.ts	<lambda>29	src/compiler/types.ts	getTypeAtLocation
src/testRunner/unittests/programApi.ts	<lambda>29	src/compiler/types.ts	isEmpty
src/testRunner/unittests/programApi.ts	<lambda>29	src/server/project.ts	isEmpty
src/testRunner/unittests/programApi.ts	<lambda>29	src/services/exportInfoMap.ts	isEmpty
src/testRunner/unittests/programApi.ts	<lambda>30	src/compiler/core.ts	isEmpty
src/testRunner/unittests/programApi.ts	<lambda>30	src/compiler/types.ts	getSymbolAtLocation
src/testRunner/unittests/programApi.ts	<lambda>30	src/compiler/types.ts	isEmpty
src/testRunner/unittests/programApi.ts	<lambda>30	src/server/project.ts	isEmpty
src/testRunner/unittests/programApi.ts	<lambda>30	src/services/exportInfoMap.ts	isEmpty
src/testRunner/unittests/programApi.ts	<lambda>32	src/compiler/core.ts	isEmpty
src/testRunner/unittests/programApi.ts	<lambda>32	src/compiler/types.ts	isEmpty
src/testRunner/unittests/programApi.ts	<lambda>32	src/server/project.ts	isEmpty
src/testRunner/unittests/programApi.ts	<lambda>32	src/services/exportInfoMap.ts	isEmpty
src/testRunner/unittests/programApi.ts	<lambda>7	src/compiler/types.ts	getMissingFilePaths
src/testRunner/unittests/programApi.ts	assertIsExternal	src/compiler/sourcemap.ts	next
src/testRunner/unittests/programApi.ts	assertIsExternal	src/testRunner/parallel/worker.ts	next
src/testRunner/unittests/programApi.ts	verifyMissingFilePaths	src/compiler/sourcemap.ts	next
src/testRunner/unittests/programApi.ts	verifyMissingFilePaths	src/services/callHierarchy.ts	isDefined
src/testRunner/unittests/programApi.ts	verifyMissingFilePaths	src/testRunner/parallel/worker.ts	next
src/testRunner/unittests/publicApi.ts	<lambda>11	src/compiler/core.ts	isString
src/testRunner/unittests/publicApi.ts	<lambda>11	src/services/callHierarchy.ts	isDefined
src/testRunner/unittests/publicApi.ts	<lambda>15	src/compiler/types.ts	getTypeAtLocation
src/testRunner/unittests/publicApi.ts	<lambda>15	src/compiler/types.ts	getTypeChecker
src/testRunner/unittests/publicApi.ts	<lambda>16	src/compiler/types.ts	getTypeAtLocation
src/testRunner/unittests/publicApi.ts	<lambda>16	src/compiler/types.ts	getTypeChecker
src/testRunner/unittests/publicApi.ts	<lambda>17	src/compiler/types.ts	getTypeAtLocation
src/testRunner/unittests/publicApi.ts	<lambda>17	src/compiler/types.ts	getTypeChecker
src/testRunner/unittests/publicApi.ts	<lambda>18	src/compiler/types.ts	getTypeAtLocation
src/testRunner/unittests/publicApi.ts	<lambda>18	src/compiler/types.ts	getTypeChecker
src/testRunner/unittests/publicApi.ts	<lambda>29	src/compiler/debug.ts	getChildren
src/testRunner/unittests/publicApi.ts	<lambda>29	src/services/services.ts	getChildren
src/testRunner/unittests/publicApi.ts	<lambda>29	src/services/types.ts	getChildren
src/testRunner/unittests/publicApi.ts	<lambda>32	src/services/types.ts	getChildAt
src/testRunner/unittests/publicApi.ts	<lambda>32	src/services/types.ts	getChildCount
src/testRunner/unittests/publicApi.ts	<lambda>32	src/services/types.ts	getChildren
src/testRunner/unittests/publicApi.ts	assertDefinedTokenToString	src/services/callHierarchy.ts	isDefined
src/testRunner/unittests/publicApi.ts	verifyAPI	src/compiler/binder.ts	bind
src/testRunner/unittests/publicApi.ts	verifyAPI	src/deprecatedCompat/deprecations.ts	bind
src/testRunner/unittests/regExpScannerRecovery.ts	<lambda>0	src/compiler/sourcemap.ts	next
src/testRunner/unittests/regExpScannerRecovery.ts	<lambda>0	src/testRunner/parallel/worker.ts	next
src/testRunner/unittests/reuseProgramStructure.ts	<lambda>11	src/server/project.ts	updateReferences
src/testRunner/unittests/reuseProgramStructure.ts	<lambda>11	src/testRunner/unittests/helpers.ts	updateReferences
src/testRunner/unittests/reuseProgramStructure.ts	<lambda>15	src/testRunner/unittests/helpers.ts	updateImportsAndExports
src/testRunner/unittests/reuseProgramStructure.ts	<lambda>17	src/server/project.ts	updateReferences
src/testRunner/unittests/reuseProgramStructure.ts	<lambda>17	src/testRunner/unittests/helpers.ts	updateReferences
src/testRunner/unittests/reuseProgramStructure.ts	<lambda>24	src/compiler/watchPublic.ts	updateProgram
src/testRunner/unittests/reuseProgramStructure.ts	<lambda>24	src/testRunner/unittests/helpers.ts	updateProgram
src/testRunner/unittests/reuseProgramStructure.ts	<lambda>25	src/testRunner/unittests/helpers.ts	updateImportsAndExports
src/testRunner/unittests/reuseProgramStructure.ts	<lambda>26	src/testRunner/unittests/helpers.ts	updateImportsAndExports
src/testRunner/unittests/reuseProgramStructure.ts	<lambda>28	src/compiler/watchPublic.ts	updateProgram
src/testRunner/unittests/reuseProgramStructure.ts	<lambda>28	src/testRunner/unittests/helpers.ts	updateProgram
src/testRunner/unittests/reuseProgramStructure.ts	<lambda>29	src/compiler/builder.ts	getSourceFile
src/testRunner/unittests/reuseProgramStructure.ts	<lambda>29	src/compiler/builderPublic.ts	getSourceFile
src/testRunner/unittests/reuseProgramStructure.ts	<lambda>29	src/compiler/program.ts	getSourceFile
src/testRunner/unittests/reuseProgramStructure.ts	<lambda>29	src/compiler/tsbuildPublic.ts	getSourceFile
src/testRunner/unittests/reuseProgramStructure.ts	<lambda>29	src/compiler/types.ts	getSourceFile
src/testRunner/unittests/reuseProgramStructure.ts	<lambda>29	src/harness/client.ts	getSourceFile
src/testRunner/unittests/reuseProgramStructure.ts	<lambda>29	src/harness/fakesHosts.ts	getSourceFile
src/testRunner/unittests/reuseProgramStructure.ts	<lambda>29	src/harness/fourslashImpl.ts	getSourceFile
src/testRunner/unittests/reuseProgramStructure.ts	<lambda>29	src/server/project.ts	getSourceFile
src/testRunner/unittests/reuseProgramStructure.ts	<lambda>29	src/services/services.ts	getSourceFile
src/testRunner/unittests/reuseProgramStructure.ts	<lambda>29	src/services/sourcemaps.ts	getSourceFile
src/testRunner/unittests/reuseProgramStructure.ts	<lambda>29	src/services/transpile.ts	getSourceFile
src/testRunner/unittests/reuseProgramStructure.ts	<lambda>29	src/services/types.ts	getSourceFile
src/testRunner/unittests/reuseProgramStructure.ts	<lambda>29	src/testRunner/unittests/customTransforms.ts	getSourceFile
src/testRunner/unittests/reuseProgramStructure.ts	<lambda>29	src/testRunner/unittests/helpers.ts	getSourceFile
src/testRunner/unittests/reuseProgramStructure.ts	<lambda>29	src/testRunner/unittests/moduleResolution.ts	getSourceFile
src/testRunner/unittests/reuseProgramStructure.ts	<lambda>29	src/testRunner/unittests/programApi.ts	getSourceFile
src/testRunner/unittests/reuseProgramStructure.ts	<lambda>31	src/compiler/watchPublic.ts	updateProgram
src/testRunner/unittests/reuseProgramStructure.ts	<lambda>31	src/testRunner/unittests/helpers.ts	updateProgram
src/testRunner/unittests/reuseProgramStructure.ts	<lambda>32	src/server/project.ts	updateReferences
src/testRunner/unittests/reuseProgramStructure.ts	<lambda>32	src/testRunner/unittests/helpers.ts	updateReferences
src/testRunner/unittests/reuseProgramStructure.ts	<lambda>33	src/server/project.ts	updateReferences
src/testRunner/unittests/reuseProgramStructure.ts	<lambda>33	src/testRunner/unittests/helpers.ts	updateReferences
src/testRunner/unittests/reuseProgramStructure.ts	<lambda>37	src/server/project.ts	updateReferences
src/testRunner/unittests/reuseProgramStructure.ts	<lambda>37	src/testRunner/unittests/helpers.ts	updateReferences
src/testRunner/unittests/reuseProgramStructure.ts	<lambda>40	src/compiler/watchPublic.ts	updateProgram
src/testRunner/unittests/reuseProgramStructure.ts	<lambda>40	src/testRunner/unittests/helpers.ts	updateProgram
src/testRunner/unittests/reuseProgramStructure.ts	<lambda>41	src/compiler/watchPublic.ts	updateProgram
src/testRunner/unittests/reuseProgramStructure.ts	<lambda>41	src/testRunner/unittests/helpers.ts	updateProgram
src/testRunner/unittests/reuseProgramStructure.ts	<lambda>44	src/server/project.ts	updateReferences
src/testRunner/unittests/reuseProgramStructure.ts	<lambda>44	src/testRunner/unittests/helpers.ts	updateReferences
src/testRunner/unittests/reuseProgramStructure.ts	<lambda>45	src/server/project.ts	updateReferences
src/testRunner/unittests/reuseProgramStructure.ts	<lambda>45	src/testRunner/unittests/helpers.ts	updateReferences
src/testRunner/unittests/reuseProgramStructure.ts	<lambda>46	src/server/project.ts	updateReferences
src/testRunner/unittests/reuseProgramStructure.ts	<lambda>46	src/testRunner/unittests/helpers.ts	updateReferences
src/testRunner/unittests/reuseProgramStructure.ts	<lambda>47	src/testRunner/unittests/helpers.ts	updateImportsAndExports
src/testRunner/unittests/reuseProgramStructure.ts	<lambda>48	src/compiler/watchPublic.ts	updateProgram
src/testRunner/unittests/reuseProgramStructure.ts	<lambda>48	src/testRunner/unittests/helpers.ts	updateProgram
src/testRunner/unittests/reuseProgramStructure.ts	<lambda>49	src/testRunner/unittests/helpers.ts	updateImportsAndExports
src/testRunner/unittests/reuseProgramStructure.ts	<lambda>63	src/compiler/watchPublic.ts	updateProgram
src/testRunner/unittests/reuseProgramStructure.ts	<lambda>63	src/services/services.ts	getFullText
src/testRunner/unittests/reuseProgramStructure.ts	<lambda>63	src/services/types.ts	getFullText
src/testRunner/unittests/reuseProgramStructure.ts	<lambda>63	src/testRunner/unittests/helpers.ts	getFullText
src/testRunner/unittests/reuseProgramStructure.ts	<lambda>63	src/testRunner/unittests/helpers.ts	updateProgram
src/testRunner/unittests/reuseProgramStructure.ts	<lambda>64	src/compiler/watchPublic.ts	updateProgram
src/testRunner/unittests/reuseProgramStructure.ts	<lambda>64	src/testRunner/unittests/helpers.ts	updateProgram
src/testRunner/unittests/reuseProgramStructure.ts	<lambda>67	src/compiler/watchPublic.ts	updateProgram
src/testRunner/unittests/reuseProgramStructure.ts	<lambda>67	src/services/services.ts	getFullText
src/testRunner/unittests/reuseProgramStructure.ts	<lambda>67	src/services/types.ts	getFullText
src/testRunner/unittests/reuseProgramStructure.ts	<lambda>67	src/testRunner/unittests/helpers.ts	getFullText
src/testRunner/unittests/reuseProgramStructure.ts	<lambda>67	src/testRunner/unittests/helpers.ts	updateProgram
src/testRunner/unittests/reuseProgramStructure.ts	<lambda>68	src/compiler/watchPublic.ts	updateProgram
src/testRunner/unittests/reuseProgramStructure.ts	<lambda>68	src/services/services.ts	getFullText
src/testRunner/unittests/reuseProgramStructure.ts	<lambda>68	src/services/types.ts	getFullText
src/testRunner/unittests/reuseProgramStructure.ts	<lambda>68	src/testRunner/unittests/helpers.ts	getFullText
src/testRunner/unittests/reuseProgramStructure.ts	<lambda>68	src/testRunner/unittests/helpers.ts	updateProgram
src/testRunner/unittests/reuseProgramStructure.ts	<lambda>69	src/compiler/watchPublic.ts	updateProgram
src/testRunner/unittests/reuseProgramStructure.ts	<lambda>69	src/testRunner/unittests/helpers.ts	updateProgram
src/testRunner/unittests/reuseProgramStructure.ts	<lambda>7	src/compiler/watchPublic.ts	updateProgram
src/testRunner/unittests/reuseProgramStructure.ts	<lambda>7	src/testRunner/unittests/helpers.ts	updateProgram
src/testRunner/unittests/reuseProgramStructure.ts	<lambda>70	src/compiler/watchPublic.ts	updateProgram
src/testRunner/unittests/reuseProgramStructure.ts	<lambda>70	src/testRunner/unittests/helpers.ts	updateProgram
src/testRunner/unittests/reuseProgramStructure.ts	<lambda>80	src/compiler/builder.ts	getProgram
src/testRunner/unittests/reuseProgramStructure.ts	<lambda>80	src/compiler/builderPublic.ts	getProgram
src/testRunner/unittests/reuseProgramStructure.ts	<lambda>80	src/compiler/tsbuildPublic.ts	getProgram
src/testRunner/unittests/reuseProgramStructure.ts	<lambda>80	src/compiler/watchPublic.ts	getProgram
src/testRunner/unittests/reuseProgramStructure.ts	<lambda>80	src/harness/client.ts	getProgram
src/testRunner/unittests/reuseProgramStructure.ts	<lambda>80	src/harness/fourslashImpl.ts	getProgram
src/testRunner/unittests/reuseProgramStructure.ts	<lambda>80	src/services/services.ts	getProgram
src/testRunner/unittests/reuseProgramStructure.ts	<lambda>80	src/services/sourcemaps.ts	getProgram
src/testRunner/unittests/reuseProgramStructure.ts	<lambda>80	src/services/types.ts	getProgram
src/testRunner/unittests/reuseProgramStructure.ts	<lambda>82	src/compiler/builder.ts	getProgram
src/testRunner/unittests/reuseProgramStructure.ts	<lambda>82	src/compiler/builderPublic.ts	getProgram
src/testRunner/unittests/reuseProgramStructure.ts	<lambda>82	src/compiler/tsbuildPublic.ts	getProgram
src/testRunner/unittests/reuseProgramStructure.ts	<lambda>82	src/compiler/watchPublic.ts	getProgram
src/testRunner/unittests/reuseProgramStructure.ts	<lambda>82	src/harness/client.ts	getProgram
src/testRunner/unittests/reuseProgramStructure.ts	<lambda>82	src/harness/fourslashImpl.ts	getProgram
src/testRunner/unittests/reuseProgramStructure.ts	<lambda>82	src/services/services.ts	getProgram
src/testRunner/unittests/reuseProgramStructure.ts	<lambda>82	src/services/sourcemaps.ts	getProgram
src/testRunner/unittests/reuseProgramStructure.ts	<lambda>82	src/services/types.ts	getProgram
src/testRunner/unittests/reuseProgramStructure.ts	<lambda>83	src/compiler/builder.ts	getProgram
src/testRunner/unittests/reuseProgramStructure.ts	<lambda>83	src/compiler/builderPublic.ts	getProgram
src/testRunner/unittests/reuseProgramStructure.ts	<lambda>83	src/compiler/tsbuildPublic.ts	getProgram
src/testRunner/unittests/reuseProgramStructure.ts	<lambda>83	src/compiler/watchPublic.ts	getProgram
src/testRunner/unittests/reuseProgramStructure.ts	<lambda>83	src/harness/client.ts	getProgram
src/testRunner/unittests/reuseProgramStructure.ts	<lambda>83	src/harness/fourslashImpl.ts	getProgram
src/testRunner/unittests/reuseProgramStructure.ts	<lambda>83	src/services/services.ts	getProgram
src/testRunner/unittests/reuseProgramStructure.ts	<lambda>83	src/services/sourcemaps.ts	getProgram
src/testRunner/unittests/reuseProgramStructure.ts	<lambda>83	src/services/types.ts	getProgram
src/testRunner/unittests/reuseProgramStructure.ts	<lambda>9	src/compiler/watchPublic.ts	updateProgram
src/testRunner/unittests/reuseProgramStructure.ts	<lambda>9	src/testRunner/unittests/helpers.ts	updateProgram
src/testRunner/unittests/reuseProgramStructure.ts	verifyProgramWithConfigFile	src/compiler/builder.ts	getProgram
src/testRunner/unittests/reuseProgramStructure.ts	verifyProgramWithConfigFile	src/compiler/builderPublic.ts	getProgram
src/testRunner/unittests/reuseProgramStructure.ts	verifyProgramWithConfigFile	src/compiler/tsbuildPublic.ts	getProgram
src/testRunner/unittests/reuseProgramStructure.ts	verifyProgramWithConfigFile	src/compiler/watchPublic.ts	getProgram
src/testRunner/unittests/reuseProgramStructure.ts	verifyProgramWithConfigFile	src/harness/client.ts	getProgram
src/testRunner/unittests/reuseProgramStructure.ts	verifyProgramWithConfigFile	src/harness/fourslashImpl.ts	getProgram
src/testRunner/unittests/reuseProgramStructure.ts	verifyProgramWithConfigFile	src/services/services.ts	getProgram
src/testRunner/unittests/reuseProgramStructure.ts	verifyProgramWithConfigFile	src/services/sourcemaps.ts	getProgram
src/testRunner/unittests/reuseProgramStructure.ts	verifyProgramWithConfigFile	src/services/types.ts	getProgram
src/testRunner/unittests/reuseProgramStructure.ts	verifyProgramWithoutConfigFile	src/compiler/builder.ts	getProgram
src/testRunner/unittests/reuseProgramStructure.ts	verifyProgramWithoutConfigFile	src/compiler/builderPublic.ts	getProgram
src/testRunner/unittests/reuseProgramStructure.ts	verifyProgramWithoutConfigFile	src/compiler/tsbuildPublic.ts	getProgram
src/testRunner/unittests/reuseProgramStructure.ts	verifyProgramWithoutConfigFile	src/compiler/watchPublic.ts	getProgram
src/testRunner/unittests/reuseProgramStructure.ts	verifyProgramWithoutConfigFile	src/harness/client.ts	getProgram
src/testRunner/unittests/reuseProgramStructure.ts	verifyProgramWithoutConfigFile	src/harness/fourslashImpl.ts	getProgram
src/testRunner/unittests/reuseProgramStructure.ts	verifyProgramWithoutConfigFile	src/services/services.ts	getProgram
src/testRunner/unittests/reuseProgramStructure.ts	verifyProgramWithoutConfigFile	src/services/sourcemaps.ts	getProgram
src/testRunner/unittests/reuseProgramStructure.ts	verifyProgramWithoutConfigFile	src/services/types.ts	getProgram
src/testRunner/unittests/semver.ts	<lambda>10	src/compiler/semver.ts	toString
src/testRunner/unittests/semver.ts	<lambda>11	src/compiler/semver.ts	toString
src/testRunner/unittests/semver.ts	<lambda>12	src/compiler/semver.ts	toString
src/testRunner/unittests/semver.ts	<lambda>9	src/compiler/semver.ts	test
src/testRunner/unittests/semver.ts	<lambda>9	src/compiler/sourcemap.ts	next
src/testRunner/unittests/semver.ts	<lambda>9	src/testRunner/parallel/worker.ts	next
src/testRunner/unittests/semver.ts	assertRange	src/compiler/semver.ts	test
src/testRunner/unittests/services/cancellableLanguageServiceOperations.ts	verifyOperationCancelledAfter	src/harness/harnessLanguageService.ts	addScript
src/testRunner/unittests/services/cancellableLanguageServiceOperations.ts	verifyOperationCancelledAfter	src/harness/harnessLanguageService.ts	getHost
src/testRunner/unittests/services/cancellableLanguageServiceOperations.ts	verifyOperationCancelledAfter	src/harness/harnessLanguageService.ts	getLanguageService
src/testRunner/unittests/services/colorization.ts	<lambda>0	src/harness/harnessLanguageService.ts	getClassifier
src/testRunner/unittests/services/colorization.ts	getEntryAtPosition	src/compiler/sourcemap.ts	next
src/testRunner/unittests/services/colorization.ts	getEntryAtPosition	src/testRunner/parallel/worker.ts	next
src/testRunner/unittests/services/colorization.ts	testLexicalClassification	src/compiler/sourcemap.ts	next
src/testRunner/unittests/services/colorization.ts	testLexicalClassification	src/services/types.ts	getClassificationsForLine
src/testRunner/unittests/services/colorization.ts	testLexicalClassification	src/testRunner/parallel/worker.ts	next
src/testRunner/unittests/services/colorization.ts	track	src/compiler/sourcemap.ts	next
src/testRunner/unittests/services/colorization.ts	track	src/testRunner/parallel/worker.ts	next
src/testRunner/unittests/services/convertToAsyncFunction.ts	runBaseline	src/services/inlayHints.ts	isUndefined
src/testRunner/unittests/services/convertToAsyncFunction.ts	runBaseline	src/services/types.ts	getProgram
src/testRunner/unittests/services/convertToAsyncFunction.ts	runBaseline	src/services/types.ts	getSuggestionDiagnostics
src/testRunner/unittests/services/documentRegistry.ts	<lambda>1	src/services/documentRegistry.ts	acquireDocument
src/testRunner/unittests/services/documentRegistry.ts	<lambda>2	src/services/documentRegistry.ts	acquireDocument
src/testRunner/unittests/services/documentRegistry.ts	<lambda>3	src/services/documentRegistry.ts	acquireDocument
src/testRunner/unittests/services/documentRegistry.ts	<lambda>4	src/services/documentRegistry.ts	acquireDocument
src/testRunner/unittests/services/documentRegistry.ts	<lambda>4	src/services/documentRegistry.ts	updateDocument
src/testRunner/unittests/services/extract/helpers.ts	<lambda>3	src/compiler/builder.ts	getProgram
src/testRunner/unittests/services/extract/helpers.ts	<lambda>3	src/compiler/builderPublic.ts	getProgram
src/testRunner/unittests/services/extract/helpers.ts	<lambda>3	src/compiler/tsbuildPublic.ts	getProgram
src/testRunner/unittests/services/extract/helpers.ts	<lambda>3	src/compiler/watchPublic.ts	getProgram
src/testRunner/unittests/services/extract/helpers.ts	<lambda>3	src/harness/client.ts	getProgram
src/testRunner/unittests/services/extract/helpers.ts	<lambda>3	src/harness/fourslashImpl.ts	getProgram
src/testRunner/unittests/services/extract/helpers.ts	<lambda>3	src/harness/harnessLanguageService.ts	getLanguageService
src/testRunner/unittests/services/extract/helpers.ts	<lambda>3	src/server/project.ts	getLanguageService
src/testRunner/unittests/services/extract/helpers.ts	<lambda>3	src/services/inlayHints.ts	isUndefined
src/testRunner/unittests/services/extract/helpers.ts	<lambda>3	src/services/services.ts	getProgram
src/testRunner/unittests/services/extract/helpers.ts	<lambda>3	src/services/sourcemaps.ts	getProgram
src/testRunner/unittests/services/extract/helpers.ts	<lambda>3	src/services/types.ts	getProgram
src/testRunner/unittests/services/extract/helpers.ts	makeProgram	src/compiler/builder.ts	getProgram
src/testRunner/unittests/services/extract/helpers.ts	makeProgram	src/compiler/builderPublic.ts	getProgram
src/testRunner/unittests/services/extract/helpers.ts	makeProgram	src/compiler/tsbuildPublic.ts	getProgram
src/testRunner/unittests/services/extract/helpers.ts	makeProgram	src/compiler/watchPublic.ts	getProgram
src/testRunner/unittests/services/extract/helpers.ts	makeProgram	src/harness/client.ts	getAutoImportProvider
src/testRunner/unittests/services/extract/helpers.ts	makeProgram	src/harness/client.ts	getProgram
src/testRunner/unittests/services/extract/helpers.ts	makeProgram	src/harness/fourslashImpl.ts	getProgram
src/testRunner/unittests/services/extract/helpers.ts	makeProgram	src/harness/harnessLanguageService.ts	getLanguageService
src/testRunner/unittests/services/extract/helpers.ts	makeProgram	src/server/project.ts	getLanguageService
src/testRunner/unittests/services/extract/helpers.ts	makeProgram	src/services/services.ts	getAutoImportProvider
src/testRunner/unittests/services/extract/helpers.ts	makeProgram	src/services/services.ts	getProgram
src/testRunner/unittests/services/extract/helpers.ts	makeProgram	src/services/sourcemaps.ts	getProgram
src/testRunner/unittests/services/extract/helpers.ts	makeProgram	src/services/types.ts	getAutoImportProvider
src/testRunner/unittests/services/extract/helpers.ts	makeProgram	src/services/types.ts	getProgram
src/testRunner/unittests/services/extract/helpers.ts	runBaseline	src/compiler/sourcemap.ts	next
src/testRunner/unittests/services/extract/helpers.ts	runBaseline	src/testRunner/parallel/worker.ts	next
src/testRunner/unittests/services/extract/ranges.ts	<lambda>2	src/services/services.ts	getEnd
src/testRunner/unittests/services/extract/ranges.ts	<lambda>2	src/services/services.ts	getStart
src/testRunner/unittests/services/extract/ranges.ts	<lambda>2	src/services/textChanges.ts	getEnd
src/testRunner/unittests/services/extract/ranges.ts	<lambda>2	src/services/types.ts	getEnd
src/testRunner/unittests/services/extract/ranges.ts	<lambda>2	src/services/types.ts	getStart
src/testRunner/unittests/services/extract/symbolWalker.ts	<lambda>1	src/compiler/builder.ts	getSourceFile
src/testRunner/unittests/services/extract/symbolWalker.ts	<lambda>1	src/compiler/builderPublic.ts	getSourceFile
src/testRunner/unittests/services/extract/symbolWalker.ts	<lambda>1	src/compiler/program.ts	getSourceFile
src/testRunner/unittests/services/extract/symbolWalker.ts	<lambda>1	src/compiler/program.ts	getTypeChecker
src/testRunner/unittests/services/extract/symbolWalker.ts	<lambda>1	src/compiler/tsbuildPublic.ts	getSourceFile
src/testRunner/unittests/services/extract/symbolWalker.ts	<lambda>1	src/compiler/types.ts	getSourceFile
src/testRunner/unittests/services/extract/symbolWalker.ts	<lambda>1	src/compiler/types.ts	getTypeChecker
src/testRunner/unittests/services/extract/symbolWalker.ts	<lambda>1	src/harness/client.ts	getSourceFile
src/testRunner/unittests/services/extract/symbolWalker.ts	<lambda>1	src/harness/fakesHosts.ts	getSourceFile
src/testRunner/unittests/services/extract/symbolWalker.ts	<lambda>1	src/harness/fourslashImpl.ts	getSourceFile
src/testRunner/unittests/services/extract/symbolWalker.ts	<lambda>1	src/server/project.ts	getSourceFile
src/testRunner/unittests/services/extract/symbolWalker.ts	<lambda>1	src/services/services.ts	getSourceFile
src/testRunner/unittests/services/extract/symbolWalker.ts	<lambda>1	src/services/sourcemaps.ts	getSourceFile
src/testRunner/unittests/services/extract/symbolWalker.ts	<lambda>1	src/services/transpile.ts	getSourceFile
src/testRunner/unittests/services/extract/symbolWalker.ts	<lambda>1	src/services/types.ts	getSourceFile
src/testRunner/unittests/services/extract/symbolWalker.ts	<lambda>1	src/testRunner/unittests/customTransforms.ts	getSourceFile
src/testRunner/unittests/services/extract/symbolWalker.ts	<lambda>1	src/testRunner/unittests/helpers.ts	getSourceFile
src/testRunner/unittests/services/extract/symbolWalker.ts	<lambda>1	src/testRunner/unittests/moduleResolution.ts	getSourceFile
src/testRunner/unittests/services/extract/symbolWalker.ts	<lambda>1	src/testRunner/unittests/programApi.ts	getSourceFile
src/testRunner/unittests/services/extract/symbolWalker.ts	<lambda>1	src/testRunner/unittests/reuseProgramStructure.ts	getSourceFile
src/testRunner/unittests/services/extract/symbolWalker.ts	<lambda>2	src/compiler/sourcemap.ts	next
src/testRunner/unittests/services/extract/symbolWalker.ts	<lambda>2	src/compiler/types.ts	walkSymbol
src/testRunner/unittests/services/extract/symbolWalker.ts	<lambda>2	src/testRunner/parallel/worker.ts	next
src/testRunner/unittests/services/hostNewLineSupport.ts	verifyNewLines	src/services/types.ts	getEmitOutput
src/testRunner/unittests/services/hostNewLineSupport.ts	verifyOutliningSpanNewLines	src/services/types.ts	getOutliningSpans
src/testRunner/unittests/services/languageService.ts	<lambda>33	src/compiler/builder.ts	getSourceFiles
src/testRunner/unittests/services/languageService.ts	<lambda>33	src/compiler/builderPublic.ts	getSourceFiles
src/testRunner/unittests/services/languageService.ts	<lambda>33	src/compiler/core.ts	map
src/testRunner/unittests/services/languageService.ts	<lambda>33	src/compiler/program.ts	getSourceFiles
src/testRunner/unittests/services/languageService.ts	<lambda>33	src/compiler/tsbuildPublic.ts	getSourceFiles
src/testRunner/unittests/services/languageService.ts	<lambda>33	src/compiler/types.ts	getSourceFiles
src/testRunner/unittests/services/languageService.ts	<lambda>33	src/services/types.ts	getProgram
src/testRunner/unittests/services/languageService.ts	<lambda>36	src/compiler/builder.ts	getSourceFiles
src/testRunner/unittests/services/languageService.ts	<lambda>36	src/compiler/builderPublic.ts	getSourceFiles
src/testRunner/unittests/services/languageService.ts	<lambda>36	src/compiler/core.ts	map
src/testRunner/unittests/services/languageService.ts	<lambda>36	src/compiler/program.ts	getSourceFiles
src/testRunner/unittests/services/languageService.ts	<lambda>36	src/compiler/tsbuildPublic.ts	getSourceFiles
src/testRunner/unittests/services/languageService.ts	<lambda>36	src/compiler/types.ts	getSourceFiles
src/testRunner/unittests/services/languageService.ts	<lambda>36	src/services/types.ts	getProgram
src/testRunner/unittests/services/languageService.ts	<lambda>4	src/services/types.ts	getDefinitionAtPosition
src/testRunner/unittests/services/languageService.ts	<lambda>5	src/services/types.ts	getEmitOutput
src/testRunner/unittests/services/languageService.ts	verifyProgramUptoDate	src/services/types.ts	getProgram
src/testRunner/unittests/services/organizeImports.ts	<lambda>24	src/compiler/core.ts	isEmpty
src/testRunner/unittests/services/organizeImports.ts	<lambda>24	src/compiler/types.ts	isEmpty
src/testRunner/unittests/services/organizeImports.ts	<lambda>24	src/server/project.ts	isEmpty
src/testRunner/unittests/services/organizeImports.ts	<lambda>24	src/services/exportInfoMap.ts	isEmpty
src/testRunner/unittests/services/organizeImports.ts	<lambda>37	src/services/types.ts	organizeImports
src/testRunner/unittests/services/organizeImports.ts	<lambda>40	src/compiler/core.ts	isEmpty
src/testRunner/unittests/services/organizeImports.ts	<lambda>40	src/compiler/types.ts	isEmpty
src/testRunner/unittests/services/organizeImports.ts	<lambda>40	src/server/project.ts	isEmpty
src/testRunner/unittests/services/organizeImports.ts	<lambda>40	src/services/exportInfoMap.ts	isEmpty
src/testRunner/unittests/services/organizeImports.ts	<lambda>40	src/services/types.ts	organizeImports
src/testRunner/unittests/services/organizeImports.ts	<lambda>41	src/compiler/core.ts	isEmpty
src/testRunner/unittests/services/organizeImports.ts	<lambda>41	src/compiler/types.ts	isEmpty
src/testRunner/unittests/services/organizeImports.ts	<lambda>41	src/server/project.ts	isEmpty
src/testRunner/unittests/services/organizeImports.ts	<lambda>41	src/services/exportInfoMap.ts	isEmpty
src/testRunner/unittests/services/organizeImports.ts	<lambda>41	src/services/types.ts	organizeImports
src/testRunner/unittests/services/organizeImports.ts	<lambda>42	src/compiler/core.ts	isEmpty
src/testRunner/unittests/services/organizeImports.ts	<lambda>42	src/compiler/types.ts	isEmpty
src/testRunner/unittests/services/organizeImports.ts	<lambda>42	src/server/project.ts	isEmpty
src/testRunner/unittests/services/organizeImports.ts	<lambda>42	src/services/exportInfoMap.ts	isEmpty
src/testRunner/unittests/services/organizeImports.ts	<lambda>42	src/services/types.ts	organizeImports
src/testRunner/unittests/services/organizeImports.ts	<lambda>45	src/compiler/core.ts	isEmpty
src/testRunner/unittests/services/organizeImports.ts	<lambda>45	src/compiler/types.ts	isEmpty
src/testRunner/unittests/services/organizeImports.ts	<lambda>45	src/server/project.ts	isEmpty
src/testRunner/unittests/services/organizeImports.ts	<lambda>45	src/services/exportInfoMap.ts	isEmpty
src/testRunner/unittests/services/organizeImports.ts	<lambda>45	src/services/types.ts	organizeImports
src/testRunner/unittests/services/organizeImports.ts	<lambda>46	src/compiler/core.ts	isEmpty
src/testRunner/unittests/services/organizeImports.ts	<lambda>46	src/compiler/types.ts	isEmpty
src/testRunner/unittests/services/organizeImports.ts	<lambda>46	src/server/project.ts	isEmpty
src/testRunner/unittests/services/organizeImports.ts	<lambda>46	src/services/exportInfoMap.ts	isEmpty
src/testRunner/unittests/services/organizeImports.ts	<lambda>46	src/services/types.ts	organizeImports
src/testRunner/unittests/services/organizeImports.ts	<lambda>47	src/compiler/core.ts	isEmpty
src/testRunner/unittests/services/organizeImports.ts	<lambda>47	src/compiler/types.ts	isEmpty
src/testRunner/unittests/services/organizeImports.ts	<lambda>47	src/server/project.ts	isEmpty
src/testRunner/unittests/services/organizeImports.ts	<lambda>47	src/services/exportInfoMap.ts	isEmpty
src/testRunner/unittests/services/organizeImports.ts	<lambda>47	src/services/types.ts	organizeImports
src/testRunner/unittests/services/organizeImports.ts	<lambda>48	src/compiler/core.ts	isEmpty
src/testRunner/unittests/services/organizeImports.ts	<lambda>48	src/compiler/types.ts	isEmpty
src/testRunner/unittests/services/organizeImports.ts	<lambda>48	src/server/project.ts	isEmpty
src/testRunner/unittests/services/organizeImports.ts	<lambda>48	src/services/exportInfoMap.ts	isEmpty
src/testRunner/unittests/services/organizeImports.ts	<lambda>48	src/services/types.ts	organizeImports
src/testRunner/unittests/services/organizeImports.ts	<lambda>7	src/compiler/core.ts	isEmpty
src/testRunner/unittests/services/organizeImports.ts	<lambda>7	src/compiler/types.ts	isEmpty
src/testRunner/unittests/services/organizeImports.ts	<lambda>7	src/server/project.ts	isEmpty
src/testRunner/unittests/services/organizeImports.ts	<lambda>7	src/services/exportInfoMap.ts	isEmpty
src/testRunner/unittests/services/organizeImports.ts	assertEqual	src/services/inlayHints.ts	isUndefined
src/testRunner/unittests/services/organizeImports.ts	assertListEqual	src/services/inlayHints.ts	isUndefined
src/testRunner/unittests/services/organizeImports.ts	makeLanguageService	src/harness/harnessLanguageService.ts	getLanguageService
src/testRunner/unittests/services/organizeImports.ts	makeLanguageService	src/server/project.ts	getLanguageService
src/testRunner/unittests/services/organizeImports.ts	runBaseline	src/services/types.ts	organizeImports
src/testRunner/unittests/services/patternMatcher.ts	assertFullMatch	src/services/patternMatcher.ts	getFullMatch
src/testRunner/unittests/services/patternMatcher.ts	assertSegmentMatch	src/services/patternMatcher.ts	getMatchForLastSegmentOfPattern
src/testRunner/unittests/services/textChanges.ts	<lambda>77	src/compiler/sourcemap.ts	next
src/testRunner/unittests/services/textChanges.ts	<lambda>77	src/testRunner/parallel/worker.ts	next
src/testRunner/unittests/services/textChanges.ts	<lambda>78	src/compiler/sourcemap.ts	next
src/testRunner/unittests/services/textChanges.ts	<lambda>78	src/testRunner/parallel/worker.ts	next
src/testRunner/unittests/services/utilities.ts	<lambda>2	src/services/callHierarchy.ts	isDefined
src/testRunner/unittests/services/utilities.ts	<lambda>2	src/services/types.ts	getChildren
src/testRunner/unittests/services/utilities.ts	<lambda>2	src/services/types.ts	getLastToken
src/testRunner/unittests/skipJSDocParsing.ts	diffSourceFiles	src/compiler/sourcemap.ts	next
src/testRunner/unittests/skipJSDocParsing.ts	diffSourceFiles	src/testRunner/parallel/worker.ts	next
src/testRunner/unittests/sys/symlinkWatching.ts	testWatchDirectoryOperations	src/compiler/sourcemap.ts	next
src/testRunner/unittests/sys/symlinkWatching.ts	testWatchDirectoryOperations	src/testRunner/parallel/worker.ts	next
src/testRunner/unittests/transform.ts	<lambda>16	src/harness/fakesHosts.ts	writeFile
src/testRunner/unittests/transform.ts	<lambda>58	src/compiler/semver.ts	toString
src/testRunner/unittests/transform.ts	<lambda>58	src/compiler/sourcemap.ts	toString
src/testRunner/unittests/transform.ts	<lambda>58	src/compiler/types.ts	emit
src/testRunner/unittests/transform.ts	<lambda>58	src/compiler/types.ts	toString
src/testRunner/unittests/transform.ts	<lambda>58	src/harness/fakesHosts.ts	readFile
src/testRunner/unittests/transform.ts	<lambda>62	src/harness/fakesHosts.ts	writeFile
src/testRunner/unittests/transform.ts	baselineDeclarationTransform	src/compiler/types.ts	emit
src/testRunner/unittests/transform.ts	baselineDeclarationTransform	src/harness/vfsUtil.ts	readFileSync
src/testRunner/unittests/transform.ts	transformSourceFile	src/compiler/types.ts	printBundle
src/testRunner/unittests/tsbuild/graphOrdering.ts	checkGraphOrdering	src/compiler/sourcemap.ts	next
src/testRunner/unittests/tsbuild/graphOrdering.ts	checkGraphOrdering	src/testRunner/parallel/worker.ts	next
src/testRunner/unittests/tsbuild/graphOrdering.ts	writeProjects	src/compiler/sourcemap.ts	next
src/testRunner/unittests/tsbuild/graphOrdering.ts	writeProjects	src/testRunner/parallel/worker.ts	next
src/testRunner/unittests/tscWatch/incremental.ts	<lambda>18	src/compiler/builderState.ts	keys
src/testRunner/unittests/tscWatch/incremental.ts	<lambda>18	src/compiler/core.ts	keys
src/testRunner/unittests/tscWatch/incremental.ts	<lambda>18	src/compiler/corePublic.ts	keys
src/testRunner/unittests/tscWatch/incremental.ts	<lambda>18	src/compiler/program.ts	getSourceFileByPath
src/testRunner/unittests/tscWatch/incremental.ts	<lambda>18	src/compiler/types.ts	getSourceFileByPath
src/testRunner/unittests/tscWatch/incremental.ts	<lambda>18	src/harness/collectionsImpl.ts	keys
src/testRunner/unittests/tscWatch/incremental.ts	modifyFs	src/harness/fourslashImpl.ts	replace
src/testRunner/unittests/tscWatch/incremental.ts	modifyFs	src/harness/fourslashInterfaceImpl.ts	replace
src/testRunner/unittests/tscWatch/incremental.ts	verify	src/harness/fourslashImpl.ts	replace
src/testRunner/unittests/tscWatch/incremental.ts	verify	src/harness/fourslashInterfaceImpl.ts	replace
src/testRunner/unittests/tscWatch/watchApi.ts	myAfterProgramCreate	src/deprecatedCompat/deprecations.ts	call
src/testRunner/unittests/tscWatch/watchApi.ts	verifyOutputs	src/compiler/sourcemap.ts	next
src/testRunner/unittests/tscWatch/watchApi.ts	verifyOutputs	src/testRunner/parallel/worker.ts	next
src/testRunner/unittests/tsserver/autoImportProvider.ts	<lambda>10	src/compiler/debug.ts	get
src/testRunner/unittests/tsserver/autoImportProvider.ts	<lambda>10	src/compiler/factory/nodeFactory.ts	get
src/testRunner/unittests/tsserver/autoImportProvider.ts	<lambda>10	src/compiler/moduleNameResolver.ts	get
src/testRunner/unittests/tsserver/autoImportProvider.ts	<lambda>10	src/compiler/transformers/utilities.ts	get
src/testRunner/unittests/tsserver/autoImportProvider.ts	<lambda>10	src/compiler/types.ts	get
src/testRunner/unittests/tsserver/autoImportProvider.ts	<lambda>10	src/harness/collectionsImpl.ts	get
src/testRunner/unittests/tsserver/autoImportProvider.ts	<lambda>10	src/server/editorServices.ts	get
src/testRunner/unittests/tsserver/autoImportProvider.ts	<lambda>10	src/server/moduleSpecifierCache.ts	get
src/testRunner/unittests/tsserver/autoImportProvider.ts	<lambda>10	src/server/utilitiesPublic.ts	get
src/testRunner/unittests/tsserver/autoImportProvider.ts	<lambda>10	src/services/exportInfoMap.ts	get
src/testRunner/unittests/tsserver/autoImportProvider.ts	<lambda>10	src/services/formatting/formatting.ts	get
src/testRunner/unittests/tsserver/autoImportProvider.ts	<lambda>10	src/services/types.ts	get
src/testRunner/unittests/tsserver/autoImportProvider.ts	<lambda>10	src/services/utilities.ts	get
src/testRunner/unittests/tsserver/autoImportProvider.ts	<lambda>10	src/testRunner/parallel/host.ts	get
src/testRunner/unittests/tsserver/autoImportProvider.ts	<lambda>11	src/compiler/builder.ts	getSourceFile
src/testRunner/unittests/tsserver/autoImportProvider.ts	<lambda>11	src/compiler/builderPublic.ts	getSourceFile
src/testRunner/unittests/tsserver/autoImportProvider.ts	<lambda>11	src/compiler/debug.ts	get
src/testRunner/unittests/tsserver/autoImportProvider.ts	<lambda>11	src/compiler/factory/nodeFactory.ts	get
src/testRunner/unittests/tsserver/autoImportProvider.ts	<lambda>11	src/compiler/moduleNameResolver.ts	get
src/testRunner/unittests/tsserver/autoImportProvider.ts	<lambda>11	src/compiler/program.ts	getSourceFile
src/testRunner/unittests/tsserver/autoImportProvider.ts	<lambda>11	src/compiler/transformers/utilities.ts	get
src/testRunner/unittests/tsserver/autoImportProvider.ts	<lambda>11	src/compiler/tsbuildPublic.ts	getSourceFile
src/testRunner/unittests/tsserver/autoImportProvider.ts	<lambda>11	src/compiler/types.ts	get
src/testRunner/unittests/tsserver/autoImportProvider.ts	<lambda>11	src/compiler/types.ts	getSourceFile
src/testRunner/unittests/tsserver/autoImportProvider.ts	<lambda>11	src/compiler/types.ts	getText
src/testRunner/unittests/tsserver/autoImportProvider.ts	<lambda>11	src/compiler/utilities.ts	getText
src/testRunner/unittests/tsserver/autoImportProvider.ts	<lambda>11	src/harness/client.ts	getSourceFile
src/testRunner/unittests/tsserver/autoImportProvider.ts	<lambda>11	src/harness/collectionsImpl.ts	get
src/testRunner/unittests/tsserver/autoImportProvider.ts	<lambda>11	src/harness/fakesHosts.ts	getSourceFile
src/testRunner/unittests/tsserver/autoImportProvider.ts	<lambda>11	src/harness/fourslashImpl.ts	getSourceFile
src/testRunner/unittests/tsserver/autoImportProvider.ts	<lambda>11	src/harness/harnessLanguageService.ts	getText
src/testRunner/unittests/tsserver/autoImportProvider.ts	<lambda>11	src/harness/typeWriter.ts	getText
src/testRunner/unittests/tsserver/autoImportProvider.ts	<lambda>11	src/server/editorServices.ts	get
src/testRunner/unittests/tsserver/autoImportProvider.ts	<lambda>11	src/server/moduleSpecifierCache.ts	get
src/testRunner/unittests/tsserver/autoImportProvider.ts	<lambda>11	src/server/project.ts	getSourceFile
src/testRunner/unittests/tsserver/autoImportProvider.ts	<lambda>11	src/server/scriptInfo.ts	getText
src/testRunner/unittests/tsserver/autoImportProvider.ts	<lambda>11	src/server/scriptVersionCache.ts	getText
src/testRunner/unittests/tsserver/autoImportProvider.ts	<lambda>11	src/server/utilitiesPublic.ts	get
src/testRunner/unittests/tsserver/autoImportProvider.ts	<lambda>11	src/services/exportInfoMap.ts	get
src/testRunner/unittests/tsserver/autoImportProvider.ts	<lambda>11	src/services/formatting/formatting.ts	get
src/testRunner/unittests/tsserver/autoImportProvider.ts	<lambda>11	src/services/services.ts	getSourceFile
src/testRunner/unittests/tsserver/autoImportProvider.ts	<lambda>11	src/services/services.ts	getText
src/testRunner/unittests/tsserver/autoImportProvider.ts	<lambda>11	src/services/sourcemaps.ts	getSourceFile
src/testRunner/unittests/tsserver/autoImportProvider.ts	<lambda>11	src/services/textChanges.ts	getText
src/testRunner/unittests/tsserver/autoImportProvider.ts	<lambda>11	src/services/transpile.ts	getSourceFile
src/testRunner/unittests/tsserver/autoImportProvider.ts	<lambda>11	src/services/types.ts	get
src/testRunner/unittests/tsserver/autoImportProvider.ts	<lambda>11	src/services/types.ts	getSourceFile
src/testRunner/unittests/tsserver/autoImportProvider.ts	<lambda>11	src/services/types.ts	getText
src/testRunner/unittests/tsserver/autoImportProvider.ts	<lambda>11	src/services/utilities.ts	get
src/testRunner/unittests/tsserver/autoImportProvider.ts	<lambda>11	src/services/utilities.ts	getText
src/testRunner/unittests/tsserver/autoImportProvider.ts	<lambda>11	src/testRunner/parallel/host.ts	get
src/testRunner/unittests/tsserver/autoImportProvider.ts	<lambda>11	src/testRunner/unittests/customTransforms.ts	getSourceFile
src/testRunner/unittests/tsserver/autoImportProvider.ts	<lambda>11	src/testRunner/unittests/helpers.ts	getSourceFile
src/testRunner/unittests/tsserver/autoImportProvider.ts	<lambda>11	src/testRunner/unittests/helpers.ts	getText
src/testRunner/unittests/tsserver/autoImportProvider.ts	<lambda>11	src/testRunner/unittests/moduleResolution.ts	getSourceFile
src/testRunner/unittests/tsserver/autoImportProvider.ts	<lambda>11	src/testRunner/unittests/programApi.ts	getSourceFile
src/testRunner/unittests/tsserver/autoImportProvider.ts	<lambda>11	src/testRunner/unittests/reuseProgramStructure.ts	getSourceFile
src/testRunner/unittests/tsserver/autoImportProvider.ts	<lambda>14	src/compiler/debug.ts	get
src/testRunner/unittests/tsserver/autoImportProvider.ts	<lambda>14	src/compiler/factory/nodeFactory.ts	get
src/testRunner/unittests/tsserver/autoImportProvider.ts	<lambda>14	src/compiler/moduleNameResolver.ts	get
src/testRunner/unittests/tsserver/autoImportProvider.ts	<lambda>14	src/compiler/transformers/utilities.ts	get
src/testRunner/unittests/tsserver/autoImportProvider.ts	<lambda>14	src/compiler/types.ts	get
src/testRunner/unittests/tsserver/autoImportProvider.ts	<lambda>14	src/harness/collectionsImpl.ts	get
src/testRunner/unittests/tsserver/autoImportProvider.ts	<lambda>14	src/server/editorServices.ts	get
src/testRunner/unittests/tsserver/autoImportProvider.ts	<lambda>14	src/server/moduleSpecifierCache.ts	get
src/testRunner/unittests/tsserver/autoImportProvider.ts	<lambda>14	src/server/utilitiesPublic.ts	get
src/testRunner/unittests/tsserver/autoImportProvider.ts	<lambda>14	src/services/exportInfoMap.ts	get
src/testRunner/unittests/tsserver/autoImportProvider.ts	<lambda>14	src/services/formatting/formatting.ts	get
src/testRunner/unittests/tsserver/autoImportProvider.ts	<lambda>14	src/services/types.ts	get
src/testRunner/unittests/tsserver/autoImportProvider.ts	<lambda>14	src/services/utilities.ts	get
src/testRunner/unittests/tsserver/autoImportProvider.ts	<lambda>14	src/testRunner/parallel/host.ts	get
src/testRunner/unittests/tsserver/autoImportProvider.ts	<lambda>18	src/compiler/debug.ts	get
src/testRunner/unittests/tsserver/autoImportProvider.ts	<lambda>18	src/compiler/factory/nodeFactory.ts	get
src/testRunner/unittests/tsserver/autoImportProvider.ts	<lambda>18	src/compiler/moduleNameResolver.ts	get
src/testRunner/unittests/tsserver/autoImportProvider.ts	<lambda>18	src/compiler/transformers/utilities.ts	get
src/testRunner/unittests/tsserver/autoImportProvider.ts	<lambda>18	src/compiler/types.ts	get
src/testRunner/unittests/tsserver/autoImportProvider.ts	<lambda>18	src/harness/client.ts	getAutoImportProvider
src/testRunner/unittests/tsserver/autoImportProvider.ts	<lambda>18	src/harness/collectionsImpl.ts	get
src/testRunner/unittests/tsserver/autoImportProvider.ts	<lambda>18	src/harness/harnessLanguageService.ts	getLanguageService
src/testRunner/unittests/tsserver/autoImportProvider.ts	<lambda>18	src/server/editorServices.ts	get
src/testRunner/unittests/tsserver/autoImportProvider.ts	<lambda>18	src/server/moduleSpecifierCache.ts	get
src/testRunner/unittests/tsserver/autoImportProvider.ts	<lambda>18	src/server/project.ts	getLanguageService
src/testRunner/unittests/tsserver/autoImportProvider.ts	<lambda>18	src/server/utilitiesPublic.ts	get
src/testRunner/unittests/tsserver/autoImportProvider.ts	<lambda>18	src/services/exportInfoMap.ts	get
src/testRunner/unittests/tsserver/autoImportProvider.ts	<lambda>18	src/services/formatting/formatting.ts	get
src/testRunner/unittests/tsserver/autoImportProvider.ts	<lambda>18	src/services/inlayHints.ts	isUndefined
src/testRunner/unittests/tsserver/autoImportProvider.ts	<lambda>18	src/services/services.ts	getAutoImportProvider
src/testRunner/unittests/tsserver/autoImportProvider.ts	<lambda>18	src/services/types.ts	get
src/testRunner/unittests/tsserver/autoImportProvider.ts	<lambda>18	src/services/types.ts	getAutoImportProvider
src/testRunner/unittests/tsserver/autoImportProvider.ts	<lambda>18	src/services/utilities.ts	get
src/testRunner/unittests/tsserver/autoImportProvider.ts	<lambda>18	src/testRunner/parallel/host.ts	get
src/testRunner/unittests/tsserver/autoImportProvider.ts	<lambda>19	src/compiler/debug.ts	get
src/testRunner/unittests/tsserver/autoImportProvider.ts	<lambda>19	src/compiler/factory/nodeFactory.ts	get
src/testRunner/unittests/tsserver/autoImportProvider.ts	<lambda>19	src/compiler/moduleNameResolver.ts	get
src/testRunner/unittests/tsserver/autoImportProvider.ts	<lambda>19	src/compiler/transformers/utilities.ts	get
src/testRunner/unittests/tsserver/autoImportProvider.ts	<lambda>19	src/compiler/types.ts	get
src/testRunner/unittests/tsserver/autoImportProvider.ts	<lambda>19	src/harness/collectionsImpl.ts	get
src/testRunner/unittests/tsserver/autoImportProvider.ts	<lambda>19	src/server/editorServices.ts	get
src/testRunner/unittests/tsserver/autoImportProvider.ts	<lambda>19	src/server/moduleSpecifierCache.ts	get
src/testRunner/unittests/tsserver/autoImportProvider.ts	<lambda>19	src/server/utilitiesPublic.ts	get
src/testRunner/unittests/tsserver/autoImportProvider.ts	<lambda>19	src/services/exportInfoMap.ts	get
src/testRunner/unittests/tsserver/autoImportProvider.ts	<lambda>19	src/services/formatting/formatting.ts	get
src/testRunner/unittests/tsserver/autoImportProvider.ts	<lambda>19	src/services/inlayHints.ts	isUndefined
src/testRunner/unittests/tsserver/autoImportProvider.ts	<lambda>19	src/services/types.ts	get
src/testRunner/unittests/tsserver/autoImportProvider.ts	<lambda>19	src/services/utilities.ts	get
src/testRunner/unittests/tsserver/autoImportProvider.ts	<lambda>19	src/testRunner/parallel/host.ts	get
src/testRunner/unittests/tsserver/autoImportProvider.ts	<lambda>22	src/compiler/debug.ts	get
src/testRunner/unittests/tsserver/autoImportProvider.ts	<lambda>22	src/compiler/factory/nodeFactory.ts	get
src/testRunner/unittests/tsserver/autoImportProvider.ts	<lambda>22	src/compiler/moduleNameResolver.ts	get
src/testRunner/unittests/tsserver/autoImportProvider.ts	<lambda>22	src/compiler/transformers/utilities.ts	get
src/testRunner/unittests/tsserver/autoImportProvider.ts	<lambda>22	src/compiler/types.ts	get
src/testRunner/unittests/tsserver/autoImportProvider.ts	<lambda>22	src/harness/collectionsImpl.ts	get
src/testRunner/unittests/tsserver/autoImportProvider.ts	<lambda>22	src/server/editorServices.ts	get
src/testRunner/unittests/tsserver/autoImportProvider.ts	<lambda>22	src/server/moduleSpecifierCache.ts	get
src/testRunner/unittests/tsserver/autoImportProvider.ts	<lambda>22	src/server/utilitiesPublic.ts	get
src/testRunner/unittests/tsserver/autoImportProvider.ts	<lambda>22	src/services/callHierarchy.ts	isDefined
src/testRunner/unittests/tsserver/autoImportProvider.ts	<lambda>22	src/services/exportInfoMap.ts	get
src/testRunner/unittests/tsserver/autoImportProvider.ts	<lambda>22	src/services/exportInfoMap.ts	search
src/testRunner/unittests/tsserver/autoImportProvider.ts	<lambda>22	src/services/formatting/formatting.ts	get
src/testRunner/unittests/tsserver/autoImportProvider.ts	<lambda>22	src/services/types.ts	get
src/testRunner/unittests/tsserver/autoImportProvider.ts	<lambda>22	src/services/utilities.ts	get
src/testRunner/unittests/tsserver/autoImportProvider.ts	<lambda>22	src/testRunner/parallel/host.ts	get
src/testRunner/unittests/tsserver/autoImportProvider.ts	<lambda>25	src/compiler/debug.ts	get
src/testRunner/unittests/tsserver/autoImportProvider.ts	<lambda>25	src/compiler/factory/nodeFactory.ts	get
src/testRunner/unittests/tsserver/autoImportProvider.ts	<lambda>25	src/compiler/moduleNameResolver.ts	get
src/testRunner/unittests/tsserver/autoImportProvider.ts	<lambda>25	src/compiler/transformers/utilities.ts	get
src/testRunner/unittests/tsserver/autoImportProvider.ts	<lambda>25	src/compiler/types.ts	get
src/testRunner/unittests/tsserver/autoImportProvider.ts	<lambda>25	src/harness/client.ts	getAutoImportProvider
src/testRunner/unittests/tsserver/autoImportProvider.ts	<lambda>25	src/harness/collectionsImpl.ts	get
src/testRunner/unittests/tsserver/autoImportProvider.ts	<lambda>25	src/harness/harnessLanguageService.ts	getLanguageService
src/testRunner/unittests/tsserver/autoImportProvider.ts	<lambda>25	src/server/editorServices.ts	get
src/testRunner/unittests/tsserver/autoImportProvider.ts	<lambda>25	src/server/moduleSpecifierCache.ts	get
src/testRunner/unittests/tsserver/autoImportProvider.ts	<lambda>25	src/server/project.ts	getLanguageService
src/testRunner/unittests/tsserver/autoImportProvider.ts	<lambda>25	src/server/utilitiesPublic.ts	get
src/testRunner/unittests/tsserver/autoImportProvider.ts	<lambda>25	src/services/exportInfoMap.ts	get
src/testRunner/unittests/tsserver/autoImportProvider.ts	<lambda>25	src/services/formatting/formatting.ts	get
src/testRunner/unittests/tsserver/autoImportProvider.ts	<lambda>25	src/services/inlayHints.ts	isUndefined
src/testRunner/unittests/tsserver/autoImportProvider.ts	<lambda>25	src/services/services.ts	getAutoImportProvider
src/testRunner/unittests/tsserver/autoImportProvider.ts	<lambda>25	src/services/types.ts	get
src/testRunner/unittests/tsserver/autoImportProvider.ts	<lambda>25	src/services/types.ts	getAutoImportProvider
src/testRunner/unittests/tsserver/autoImportProvider.ts	<lambda>25	src/services/utilities.ts	get
src/testRunner/unittests/tsserver/autoImportProvider.ts	<lambda>25	src/testRunner/parallel/host.ts	get
src/testRunner/unittests/tsserver/autoImportProvider.ts	<lambda>27	src/compiler/debug.ts	get
src/testRunner/unittests/tsserver/autoImportProvider.ts	<lambda>27	src/compiler/factory/nodeFactory.ts	get
src/testRunner/unittests/tsserver/autoImportProvider.ts	<lambda>27	src/compiler/moduleNameResolver.ts	get
src/testRunner/unittests/tsserver/autoImportProvider.ts	<lambda>27	src/compiler/transformers/utilities.ts	get
src/testRunner/unittests/tsserver/autoImportProvider.ts	<lambda>27	src/compiler/types.ts	get
src/testRunner/unittests/tsserver/autoImportProvider.ts	<lambda>27	src/harness/collectionsImpl.ts	get
src/testRunner/unittests/tsserver/autoImportProvider.ts	<lambda>27	src/server/editorServices.ts	get
src/testRunner/unittests/tsserver/autoImportProvider.ts	<lambda>27	src/server/moduleSpecifierCache.ts	get
src/testRunner/unittests/tsserver/autoImportProvider.ts	<lambda>27	src/server/project.ts	getPackageJsonAutoImportProvider
src/testRunner/unittests/tsserver/autoImportProvider.ts	<lambda>27	src/server/utilitiesPublic.ts	get
src/testRunner/unittests/tsserver/autoImportProvider.ts	<lambda>27	src/services/callHierarchy.ts	isDefined
src/testRunner/unittests/tsserver/autoImportProvider.ts	<lambda>27	src/services/exportInfoMap.ts	get
src/testRunner/unittests/tsserver/autoImportProvider.ts	<lambda>27	src/services/exportInfoMap.ts	getPackageJsonAutoImportProvider
src/testRunner/unittests/tsserver/autoImportProvider.ts	<lambda>27	src/services/formatting/formatting.ts	get
src/testRunner/unittests/tsserver/autoImportProvider.ts	<lambda>27	src/services/types.ts	get
src/testRunner/unittests/tsserver/autoImportProvider.ts	<lambda>27	src/services/types.ts	getPackageJsonAutoImportProvider
src/testRunner/unittests/tsserver/autoImportProvider.ts	<lambda>27	src/services/utilities.ts	get
src/testRunner/unittests/tsserver/autoImportProvider.ts	<lambda>27	src/testRunner/parallel/host.ts	get
src/testRunner/unittests/tsserver/autoImportProvider.ts	<lambda>28	src/compiler/sourcemap.ts	next
src/testRunner/unittests/tsserver/autoImportProvider.ts	<lambda>28	src/testRunner/parallel/worker.ts	next
src/testRunner/unittests/tsserver/autoImportProvider.ts	<lambda>3	src/compiler/debug.ts	get
src/testRunner/unittests/tsserver/autoImportProvider.ts	<lambda>3	src/compiler/factory/nodeFactory.ts	get
src/testRunner/unittests/tsserver/autoImportProvider.ts	<lambda>3	src/compiler/moduleNameResolver.ts	get
src/testRunner/unittests/tsserver/autoImportProvider.ts	<lambda>3	src/compiler/transformers/utilities.ts	get
src/testRunner/unittests/tsserver/autoImportProvider.ts	<lambda>3	src/compiler/types.ts	get
src/testRunner/unittests/tsserver/autoImportProvider.ts	<lambda>3	src/harness/client.ts	getAutoImportProvider
src/testRunner/unittests/tsserver/autoImportProvider.ts	<lambda>3	src/harness/collectionsImpl.ts	get
src/testRunner/unittests/tsserver/autoImportProvider.ts	<lambda>3	src/harness/harnessLanguageService.ts	getLanguageService
src/testRunner/unittests/tsserver/autoImportProvider.ts	<lambda>3	src/server/editorServices.ts	get
src/testRunner/unittests/tsserver/autoImportProvider.ts	<lambda>3	src/server/moduleSpecifierCache.ts	get
src/testRunner/unittests/tsserver/autoImportProvider.ts	<lambda>3	src/server/project.ts	getLanguageService
src/testRunner/unittests/tsserver/autoImportProvider.ts	<lambda>3	src/server/utilitiesPublic.ts	get
src/testRunner/unittests/tsserver/autoImportProvider.ts	<lambda>3	src/services/exportInfoMap.ts	get
src/testRunner/unittests/tsserver/autoImportProvider.ts	<lambda>3	src/services/formatting/formatting.ts	get
src/testRunner/unittests/tsserver/autoImportProvider.ts	<lambda>3	src/services/inlayHints.ts	isUndefined
src/testRunner/unittests/tsserver/autoImportProvider.ts	<lambda>3	src/services/services.ts	getAutoImportProvider
src/testRunner/unittests/tsserver/autoImportProvider.ts	<lambda>3	src/services/types.ts	get
src/testRunner/unittests/tsserver/autoImportProvider.ts	<lambda>3	src/services/types.ts	getAutoImportProvider
src/testRunner/unittests/tsserver/autoImportProvider.ts	<lambda>3	src/services/utilities.ts	get
src/testRunner/unittests/tsserver/autoImportProvider.ts	<lambda>3	src/testRunner/parallel/host.ts	get
src/testRunner/unittests/tsserver/autoImportProvider.ts	<lambda>4	src/compiler/debug.ts	get
src/testRunner/unittests/tsserver/autoImportProvider.ts	<lambda>4	src/compiler/factory/nodeFactory.ts	get
src/testRunner/unittests/tsserver/autoImportProvider.ts	<lambda>4	src/compiler/moduleNameResolver.ts	get
src/testRunner/unittests/tsserver/autoImportProvider.ts	<lambda>4	src/compiler/transformers/utilities.ts	get
src/testRunner/unittests/tsserver/autoImportProvider.ts	<lambda>4	src/compiler/types.ts	get
src/testRunner/unittests/tsserver/autoImportProvider.ts	<lambda>4	src/harness/client.ts	getAutoImportProvider
src/testRunner/unittests/tsserver/autoImportProvider.ts	<lambda>4	src/harness/collectionsImpl.ts	get
src/testRunner/unittests/tsserver/autoImportProvider.ts	<lambda>4	src/harness/harnessLanguageService.ts	getLanguageService
src/testRunner/unittests/tsserver/autoImportProvider.ts	<lambda>4	src/server/editorServices.ts	get
src/testRunner/unittests/tsserver/autoImportProvider.ts	<lambda>4	src/server/moduleSpecifierCache.ts	get
src/testRunner/unittests/tsserver/autoImportProvider.ts	<lambda>4	src/server/project.ts	getLanguageService
src/testRunner/unittests/tsserver/autoImportProvider.ts	<lambda>4	src/server/utilitiesPublic.ts	get
src/testRunner/unittests/tsserver/autoImportProvider.ts	<lambda>4	src/services/exportInfoMap.ts	get
src/testRunner/unittests/tsserver/autoImportProvider.ts	<lambda>4	src/services/formatting/formatting.ts	get
src/testRunner/unittests/tsserver/autoImportProvider.ts	<lambda>4	src/services/inlayHints.ts	isUndefined
src/testRunner/unittests/tsserver/autoImportProvider.ts	<lambda>4	src/services/services.ts	getAutoImportProvider
src/testRunner/unittests/tsserver/autoImportProvider.ts	<lambda>4	src/services/types.ts	get
src/testRunner/unittests/tsserver/autoImportProvider.ts	<lambda>4	src/services/types.ts	getAutoImportProvider
src/testRunner/unittests/tsserver/autoImportProvider.ts	<lambda>4	src/services/utilities.ts	get
src/testRunner/unittests/tsserver/autoImportProvider.ts	<lambda>4	src/testRunner/parallel/host.ts	get
src/testRunner/unittests/tsserver/autoImportProvider.ts	<lambda>5	src/harness/client.ts	getAutoImportProvider
src/testRunner/unittests/tsserver/autoImportProvider.ts	<lambda>5	src/harness/harnessLanguageService.ts	getLanguageService
src/testRunner/unittests/tsserver/autoImportProvider.ts	<lambda>5	src/server/project.ts	getLanguageService
src/testRunner/unittests/tsserver/autoImportProvider.ts	<lambda>5	src/services/inlayHints.ts	isUndefined
src/testRunner/unittests/tsserver/autoImportProvider.ts	<lambda>5	src/services/services.ts	getAutoImportProvider
src/testRunner/unittests/tsserver/autoImportProvider.ts	<lambda>5	src/services/types.ts	getAutoImportProvider
src/testRunner/unittests/tsserver/autoImportProvider.ts	<lambda>6	src/compiler/debug.ts	get
src/testRunner/unittests/tsserver/autoImportProvider.ts	<lambda>6	src/compiler/factory/nodeFactory.ts	get
src/testRunner/unittests/tsserver/autoImportProvider.ts	<lambda>6	src/compiler/moduleNameResolver.ts	get
src/testRunner/unittests/tsserver/autoImportProvider.ts	<lambda>6	src/compiler/transformers/utilities.ts	get
src/testRunner/unittests/tsserver/autoImportProvider.ts	<lambda>6	src/compiler/types.ts	get
src/testRunner/unittests/tsserver/autoImportProvider.ts	<lambda>6	src/harness/client.ts	getAutoImportProvider
src/testRunner/unittests/tsserver/autoImportProvider.ts	<lambda>6	src/harness/collectionsImpl.ts	get
src/testRunner/unittests/tsserver/autoImportProvider.ts	<lambda>6	src/harness/harnessLanguageService.ts	getLanguageService
src/testRunner/unittests/tsserver/autoImportProvider.ts	<lambda>6	src/server/editorServices.ts	get
src/testRunner/unittests/tsserver/autoImportProvider.ts	<lambda>6	src/server/moduleSpecifierCache.ts	get
src/testRunner/unittests/tsserver/autoImportProvider.ts	<lambda>6	src/server/project.ts	getLanguageService
src/testRunner/unittests/tsserver/autoImportProvider.ts	<lambda>6	src/server/utilitiesPublic.ts	get
src/testRunner/unittests/tsserver/autoImportProvider.ts	<lambda>6	src/services/exportInfoMap.ts	get
src/testRunner/unittests/tsserver/autoImportProvider.ts	<lambda>6	src/services/formatting/formatting.ts	get
src/testRunner/unittests/tsserver/autoImportProvider.ts	<lambda>6	src/services/inlayHints.ts	isUndefined
src/testRunner/unittests/tsserver/autoImportProvider.ts	<lambda>6	src/services/services.ts	getAutoImportProvider
src/testRunner/unittests/tsserver/autoImportProvider.ts	<lambda>6	src/services/types.ts	get
src/testRunner/unittests/tsserver/autoImportProvider.ts	<lambda>6	src/services/types.ts	getAutoImportProvider
src/testRunner/unittests/tsserver/autoImportProvider.ts	<lambda>6	src/services/utilities.ts	get
src/testRunner/unittests/tsserver/autoImportProvider.ts	<lambda>6	src/testRunner/parallel/host.ts	get
src/testRunner/unittests/tsserver/autoImportProvider.ts	<lambda>7	src/compiler/debug.ts	get
src/testRunner/unittests/tsserver/autoImportProvider.ts	<lambda>7	src/compiler/factory/nodeFactory.ts	get
src/testRunner/unittests/tsserver/autoImportProvider.ts	<lambda>7	src/compiler/moduleNameResolver.ts	get
src/testRunner/unittests/tsserver/autoImportProvider.ts	<lambda>7	src/compiler/transformers/utilities.ts	get
src/testRunner/unittests/tsserver/autoImportProvider.ts	<lambda>7	src/compiler/types.ts	get
src/testRunner/unittests/tsserver/autoImportProvider.ts	<lambda>7	src/harness/client.ts	getAutoImportProvider
src/testRunner/unittests/tsserver/autoImportProvider.ts	<lambda>7	src/harness/collectionsImpl.ts	get
src/testRunner/unittests/tsserver/autoImportProvider.ts	<lambda>7	src/harness/harnessLanguageService.ts	getLanguageService
src/testRunner/unittests/tsserver/autoImportProvider.ts	<lambda>7	src/server/editorServices.ts	get
src/testRunner/unittests/tsserver/autoImportProvider.ts	<lambda>7	src/server/moduleSpecifierCache.ts	get
src/testRunner/unittests/tsserver/autoImportProvider.ts	<lambda>7	src/server/project.ts	getLanguageService
src/testRunner/unittests/tsserver/autoImportProvider.ts	<lambda>7	src/server/utilitiesPublic.ts	get
src/testRunner/unittests/tsserver/autoImportProvider.ts	<lambda>7	src/services/exportInfoMap.ts	get
src/testRunner/unittests/tsserver/autoImportProvider.ts	<lambda>7	src/services/formatting/formatting.ts	get
src/testRunner/unittests/tsserver/autoImportProvider.ts	<lambda>7	src/services/inlayHints.ts	isUndefined
src/testRunner/unittests/tsserver/autoImportProvider.ts	<lambda>7	src/services/services.ts	getAutoImportProvider
src/testRunner/unittests/tsserver/autoImportProvider.ts	<lambda>7	src/services/types.ts	get
src/testRunner/unittests/tsserver/autoImportProvider.ts	<lambda>7	src/services/types.ts	getAutoImportProvider
src/testRunner/unittests/tsserver/autoImportProvider.ts	<lambda>7	src/services/utilities.ts	get
src/testRunner/unittests/tsserver/autoImportProvider.ts	<lambda>7	src/testRunner/parallel/host.ts	get
src/testRunner/unittests/tsserver/autoImportProvider.ts	<lambda>8	src/compiler/debug.ts	get
src/testRunner/unittests/tsserver/autoImportProvider.ts	<lambda>8	src/compiler/factory/nodeFactory.ts	get
src/testRunner/unittests/tsserver/autoImportProvider.ts	<lambda>8	src/compiler/moduleNameResolver.ts	get
src/testRunner/unittests/tsserver/autoImportProvider.ts	<lambda>8	src/compiler/transformers/utilities.ts	get
src/testRunner/unittests/tsserver/autoImportProvider.ts	<lambda>8	src/compiler/types.ts	get
src/testRunner/unittests/tsserver/autoImportProvider.ts	<lambda>8	src/harness/client.ts	getAutoImportProvider
src/testRunner/unittests/tsserver/autoImportProvider.ts	<lambda>8	src/harness/collectionsImpl.ts	get
src/testRunner/unittests/tsserver/autoImportProvider.ts	<lambda>8	src/harness/harnessLanguageService.ts	getLanguageService
src/testRunner/unittests/tsserver/autoImportProvider.ts	<lambda>8	src/server/editorServices.ts	get
src/testRunner/unittests/tsserver/autoImportProvider.ts	<lambda>8	src/server/moduleSpecifierCache.ts	get
src/testRunner/unittests/tsserver/autoImportProvider.ts	<lambda>8	src/server/project.ts	getLanguageService
src/testRunner/unittests/tsserver/autoImportProvider.ts	<lambda>8	src/server/utilitiesPublic.ts	get
src/testRunner/unittests/tsserver/autoImportProvider.ts	<lambda>8	src/services/exportInfoMap.ts	get
src/testRunner/unittests/tsserver/autoImportProvider.ts	<lambda>8	src/services/formatting/formatting.ts	get
src/testRunner/unittests/tsserver/autoImportProvider.ts	<lambda>8	src/services/services.ts	getAutoImportProvider
src/testRunner/unittests/tsserver/autoImportProvider.ts	<lambda>8	src/services/types.ts	get
src/testRunner/unittests/tsserver/autoImportProvider.ts	<lambda>8	src/services/types.ts	getAutoImportProvider
src/testRunner/unittests/tsserver/autoImportProvider.ts	<lambda>8	src/services/utilities.ts	get
src/testRunner/unittests/tsserver/autoImportProvider.ts	<lambda>8	src/testRunner/parallel/host.ts	get
src/testRunner/unittests/tsserver/autoImportProvider.ts	<lambda>9	src/compiler/debug.ts	get
src/testRunner/unittests/tsserver/autoImportProvider.ts	<lambda>9	src/compiler/factory/nodeFactory.ts	get
src/testRunner/unittests/tsserver/autoImportProvider.ts	<lambda>9	src/compiler/moduleNameResolver.ts	get
src/testRunner/unittests/tsserver/autoImportProvider.ts	<lambda>9	src/compiler/transformers/utilities.ts	get
src/testRunner/unittests/tsserver/autoImportProvider.ts	<lambda>9	src/compiler/types.ts	get
src/testRunner/unittests/tsserver/autoImportProvider.ts	<lambda>9	src/harness/collectionsImpl.ts	get
src/testRunner/unittests/tsserver/autoImportProvider.ts	<lambda>9	src/server/editorServices.ts	get
src/testRunner/unittests/tsserver/autoImportProvider.ts	<lambda>9	src/server/moduleSpecifierCache.ts	get
src/testRunner/unittests/tsserver/autoImportProvider.ts	<lambda>9	src/server/utilitiesPublic.ts	get
src/testRunner/unittests/tsserver/autoImportProvider.ts	<lambda>9	src/services/exportInfoMap.ts	get
src/testRunner/unittests/tsserver/autoImportProvider.ts	<lambda>9	src/services/formatting/formatting.ts	get
src/testRunner/unittests/tsserver/autoImportProvider.ts	<lambda>9	src/services/inlayHints.ts	isUndefined
src/testRunner/unittests/tsserver/autoImportProvider.ts	<lambda>9	src/services/types.ts	get
src/testRunner/unittests/tsserver/autoImportProvider.ts	<lambda>9	src/services/utilities.ts	get
src/testRunner/unittests/tsserver/autoImportProvider.ts	<lambda>9	src/testRunner/parallel/host.ts	get
src/testRunner/unittests/tsserver/auxiliaryProject.ts	<lambda>1	src/server/scriptInfo.ts	getDefaultProject
src/testRunner/unittests/tsserver/auxiliaryProject.ts	<lambda>1	src/server/scriptInfo.ts	isOrphan
src/testRunner/unittests/tsserver/auxiliaryProject.ts	<lambda>2	src/server/scriptInfo.ts	getDefaultProject
src/testRunner/unittests/tsserver/cachingFileSystemInformation.ts	<lambda>18	src/harness/fourslashImpl.ts	replace
src/testRunner/unittests/tsserver/cachingFileSystemInformation.ts	<lambda>18	src/harness/fourslashInterfaceImpl.ts	replace
src/testRunner/unittests/tsserver/cachingFileSystemInformation.ts	<lambda>21	src/compiler/debug.ts	get
src/testRunner/unittests/tsserver/cachingFileSystemInformation.ts	<lambda>21	src/compiler/factory/nodeFactory.ts	get
src/testRunner/unittests/tsserver/cachingFileSystemInformation.ts	<lambda>21	src/compiler/moduleNameResolver.ts	get
src/testRunner/unittests/tsserver/cachingFileSystemInformation.ts	<lambda>21	src/compiler/transformers/utilities.ts	get
src/testRunner/unittests/tsserver/cachingFileSystemInformation.ts	<lambda>21	src/compiler/types.ts	get
src/testRunner/unittests/tsserver/cachingFileSystemInformation.ts	<lambda>21	src/harness/collectionsImpl.ts	get
src/testRunner/unittests/tsserver/cachingFileSystemInformation.ts	<lambda>21	src/server/editorServices.ts	get
src/testRunner/unittests/tsserver/cachingFileSystemInformation.ts	<lambda>21	src/server/moduleSpecifierCache.ts	get
src/testRunner/unittests/tsserver/cachingFileSystemInformation.ts	<lambda>21	src/server/utilitiesPublic.ts	get
src/testRunner/unittests/tsserver/cachingFileSystemInformation.ts	<lambda>21	src/services/exportInfoMap.ts	get
src/testRunner/unittests/tsserver/cachingFileSystemInformation.ts	<lambda>21	src/services/formatting/formatting.ts	get
src/testRunner/unittests/tsserver/cachingFileSystemInformation.ts	<lambda>21	src/services/types.ts	get
src/testRunner/unittests/tsserver/cachingFileSystemInformation.ts	<lambda>21	src/services/utilities.ts	get
src/testRunner/unittests/tsserver/cachingFileSystemInformation.ts	<lambda>21	src/testRunner/parallel/host.ts	get
src/testRunner/unittests/tsserver/cachingFileSystemInformation.ts	editContent	src/harness/harnessLanguageService.ts	editContent
src/testRunner/unittests/tsserver/cachingFileSystemInformation.ts	editContent	src/server/scriptInfo.ts	editContent
src/testRunner/unittests/tsserver/cachingFileSystemInformation.ts	runFailedLookupTest	src/compiler/debug.ts	get
src/testRunner/unittests/tsserver/cachingFileSystemInformation.ts	runFailedLookupTest	src/compiler/factory/nodeFactory.ts	get
src/testRunner/unittests/tsserver/cachingFileSystemInformation.ts	runFailedLookupTest	src/compiler/moduleNameResolver.ts	get
src/testRunner/unittests/tsserver/cachingFileSystemInformation.ts	runFailedLookupTest	src/compiler/transformers/utilities.ts	get
src/testRunner/unittests/tsserver/cachingFileSystemInformation.ts	runFailedLookupTest	src/compiler/types.ts	get
src/testRunner/unittests/tsserver/cachingFileSystemInformation.ts	runFailedLookupTest	src/harness/collectionsImpl.ts	get
src/testRunner/unittests/tsserver/cachingFileSystemInformation.ts	runFailedLookupTest	src/server/editorServices.ts	get
src/testRunner/unittests/tsserver/cachingFileSystemInformation.ts	runFailedLookupTest	src/server/moduleSpecifierCache.ts	get
src/testRunner/unittests/tsserver/cachingFileSystemInformation.ts	runFailedLookupTest	src/server/utilitiesPublic.ts	get
src/testRunner/unittests/tsserver/cachingFileSystemInformation.ts	runFailedLookupTest	src/services/exportInfoMap.ts	get
src/testRunner/unittests/tsserver/cachingFileSystemInformation.ts	runFailedLookupTest	src/services/formatting/formatting.ts	get
src/testRunner/unittests/tsserver/cachingFileSystemInformation.ts	runFailedLookupTest	src/services/types.ts	get
src/testRunner/unittests/tsserver/cachingFileSystemInformation.ts	runFailedLookupTest	src/services/utilities.ts	get
src/testRunner/unittests/tsserver/cachingFileSystemInformation.ts	runFailedLookupTest	src/testRunner/parallel/host.ts	get
src/testRunner/unittests/tsserver/completionsIncomplete.ts	assertCompletionDetailsOk	src/server/editorServices.ts	getDefaultProjectForFile
src/testRunner/unittests/tsserver/completionsIncomplete.ts	assertCompletionDetailsOk	src/server/project.ts	getLanguageService
src/testRunner/unittests/tsserver/completionsIncomplete.ts	assertCompletionDetailsOk	src/services/findAllReferences.ts	includes
src/testRunner/unittests/tsserver/completionsIncomplete.ts	assertCompletionDetailsOk	src/services/types.ts	getProgram
src/testRunner/unittests/tsserver/completionsIncomplete.ts	backspace	src/server/project.ts	getLanguageService
src/testRunner/unittests/tsserver/completionsIncomplete.ts	backspace	src/services/types.ts	getProgram
src/testRunner/unittests/tsserver/completionsIncomplete.ts	type	src/server/project.ts	getLanguageService
src/testRunner/unittests/tsserver/completionsIncomplete.ts	type	src/services/types.ts	getProgram
src/testRunner/unittests/tsserver/completionsIncomplete.ts	typeToTriggerCompletions	src/server/editorServices.ts	getDefaultProjectForFile
src/testRunner/unittests/tsserver/configuredProjects.ts	<lambda>24	src/compiler/debug.ts	get
src/testRunner/unittests/tsserver/configuredProjects.ts	<lambda>24	src/compiler/factory/nodeFactory.ts	get
src/testRunner/unittests/tsserver/configuredProjects.ts	<lambda>24	src/compiler/moduleNameResolver.ts	get
src/testRunner/unittests/tsserver/configuredProjects.ts	<lambda>24	src/compiler/transformers/utilities.ts	get
src/testRunner/unittests/tsserver/configuredProjects.ts	<lambda>24	src/compiler/types.ts	get
src/testRunner/unittests/tsserver/configuredProjects.ts	<lambda>24	src/harness/collectionsImpl.ts	get
src/testRunner/unittests/tsserver/configuredProjects.ts	<lambda>24	src/server/editorServices.ts	get
src/testRunner/unittests/tsserver/configuredProjects.ts	<lambda>24	src/server/moduleSpecifierCache.ts	get
src/testRunner/unittests/tsserver/configuredProjects.ts	<lambda>24	src/server/utilitiesPublic.ts	get
src/testRunner/unittests/tsserver/configuredProjects.ts	<lambda>24	src/services/exportInfoMap.ts	get
src/testRunner/unittests/tsserver/configuredProjects.ts	<lambda>24	src/services/formatting/formatting.ts	get
src/testRunner/unittests/tsserver/configuredProjects.ts	<lambda>24	src/services/types.ts	get
src/testRunner/unittests/tsserver/configuredProjects.ts	<lambda>24	src/services/utilities.ts	get
src/testRunner/unittests/tsserver/configuredProjects.ts	<lambda>24	src/testRunner/parallel/host.ts	get
src/testRunner/unittests/tsserver/declarationFileMaps.ts	checkDeclarationFiles	src/server/project.ts	getCurrentProgram
src/testRunner/unittests/tsserver/documentRegistry.ts	checkProject	src/server/scriptInfo.ts	isOrphan
src/testRunner/unittests/tsserver/documentRegistry.ts	checkProject	src/services/callHierarchy.ts	isDefined
src/testRunner/unittests/tsserver/documentRegistry.ts	getProject	src/compiler/debug.ts	get
src/testRunner/unittests/tsserver/documentRegistry.ts	getProject	src/compiler/factory/nodeFactory.ts	get
src/testRunner/unittests/tsserver/documentRegistry.ts	getProject	src/compiler/moduleNameResolver.ts	get
src/testRunner/unittests/tsserver/documentRegistry.ts	getProject	src/compiler/transformers/utilities.ts	get
src/testRunner/unittests/tsserver/documentRegistry.ts	getProject	src/compiler/types.ts	get
src/testRunner/unittests/tsserver/documentRegistry.ts	getProject	src/harness/collectionsImpl.ts	get
src/testRunner/unittests/tsserver/documentRegistry.ts	getProject	src/server/editorServices.ts	get
src/testRunner/unittests/tsserver/documentRegistry.ts	getProject	src/server/moduleSpecifierCache.ts	get
src/testRunner/unittests/tsserver/documentRegistry.ts	getProject	src/server/utilitiesPublic.ts	get
src/testRunner/unittests/tsserver/documentRegistry.ts	getProject	src/services/exportInfoMap.ts	get
src/testRunner/unittests/tsserver/documentRegistry.ts	getProject	src/services/formatting/formatting.ts	get
src/testRunner/unittests/tsserver/documentRegistry.ts	getProject	src/services/types.ts	get
src/testRunner/unittests/tsserver/documentRegistry.ts	getProject	src/services/utilities.ts	get
src/testRunner/unittests/tsserver/documentRegistry.ts	getProject	src/testRunner/parallel/host.ts	get
src/testRunner/unittests/tsserver/duplicatePackages.ts	<lambda>1	src/compiler/sourcemap.ts	next
src/testRunner/unittests/tsserver/duplicatePackages.ts	<lambda>1	src/testRunner/parallel/worker.ts	next
src/testRunner/unittests/tsserver/dynamicFiles.ts	<lambda>6	src/compiler/resolutionCache.ts	getCurrentProgram
src/testRunner/unittests/tsserver/dynamicFiles.ts	<lambda>6	src/compiler/watchPublic.ts	getCurrentProgram
src/testRunner/unittests/tsserver/dynamicFiles.ts	<lambda>6	src/harness/client.ts	getCurrentProgram
src/testRunner/unittests/tsserver/dynamicFiles.ts	<lambda>6	src/harness/incrementalUtils.ts	getCurrentProgram
src/testRunner/unittests/tsserver/dynamicFiles.ts	<lambda>6	src/server/project.ts	getCurrentProgram
src/testRunner/unittests/tsserver/dynamicFiles.ts	<lambda>6	src/services/exportInfoMap.ts	getCurrentProgram
src/testRunner/unittests/tsserver/dynamicFiles.ts	<lambda>6	src/services/services.ts	getCurrentProgram
src/testRunner/unittests/tsserver/dynamicFiles.ts	<lambda>6	src/services/types.ts	getCurrentProgram
src/testRunner/unittests/tsserver/dynamicFiles.ts	<lambda>6	src/testRunner/unittests/helpers/tscWatch.ts	getCurrentProgram
src/testRunner/unittests/tsserver/events/projectLanguageServiceState.ts	<lambda>1	src/compiler/debug.ts	get
src/testRunner/unittests/tsserver/events/projectLanguageServiceState.ts	<lambda>1	src/compiler/factory/nodeFactory.ts	get
src/testRunner/unittests/tsserver/events/projectLanguageServiceState.ts	<lambda>1	src/compiler/moduleNameResolver.ts	get
src/testRunner/unittests/tsserver/events/projectLanguageServiceState.ts	<lambda>1	src/compiler/transformers/utilities.ts	get
src/testRunner/unittests/tsserver/events/projectLanguageServiceState.ts	<lambda>1	src/compiler/types.ts	get
src/testRunner/unittests/tsserver/events/projectLanguageServiceState.ts	<lambda>1	src/harness/collectionsImpl.ts	get
src/testRunner/unittests/tsserver/events/projectLanguageServiceState.ts	<lambda>1	src/server/editorServices.ts	get
src/testRunner/unittests/tsserver/events/projectLanguageServiceState.ts	<lambda>1	src/server/moduleSpecifierCache.ts	get
src/testRunner/unittests/tsserver/events/projectLanguageServiceState.ts	<lambda>1	src/server/utilitiesPublic.ts	get
src/testRunner/unittests/tsserver/events/projectLanguageServiceState.ts	<lambda>1	src/services/exportInfoMap.ts	get
src/testRunner/unittests/tsserver/events/projectLanguageServiceState.ts	<lambda>1	src/services/formatting/formatting.ts	get
src/testRunner/unittests/tsserver/events/projectLanguageServiceState.ts	<lambda>1	src/services/types.ts	get
src/testRunner/unittests/tsserver/events/projectLanguageServiceState.ts	<lambda>1	src/services/utilities.ts	get
src/testRunner/unittests/tsserver/events/projectLanguageServiceState.ts	<lambda>1	src/testRunner/parallel/host.ts	get
src/testRunner/unittests/tsserver/events/projectLanguageServiceState.ts	<lambda>3	src/compiler/debug.ts	get
src/testRunner/unittests/tsserver/events/projectLanguageServiceState.ts	<lambda>3	src/compiler/factory/nodeFactory.ts	get
src/testRunner/unittests/tsserver/events/projectLanguageServiceState.ts	<lambda>3	src/compiler/moduleNameResolver.ts	get
src/testRunner/unittests/tsserver/events/projectLanguageServiceState.ts	<lambda>3	src/compiler/transformers/utilities.ts	get
src/testRunner/unittests/tsserver/events/projectLanguageServiceState.ts	<lambda>3	src/compiler/types.ts	get
src/testRunner/unittests/tsserver/events/projectLanguageServiceState.ts	<lambda>3	src/harness/collectionsImpl.ts	get
src/testRunner/unittests/tsserver/events/projectLanguageServiceState.ts	<lambda>3	src/server/editorServices.ts	get
src/testRunner/unittests/tsserver/events/projectLanguageServiceState.ts	<lambda>3	src/server/moduleSpecifierCache.ts	get
src/testRunner/unittests/tsserver/events/projectLanguageServiceState.ts	<lambda>3	src/server/utilitiesPublic.ts	get
src/testRunner/unittests/tsserver/events/projectLanguageServiceState.ts	<lambda>3	src/services/exportInfoMap.ts	get
src/testRunner/unittests/tsserver/events/projectLanguageServiceState.ts	<lambda>3	src/services/formatting/formatting.ts	get
src/testRunner/unittests/tsserver/events/projectLanguageServiceState.ts	<lambda>3	src/services/types.ts	get
src/testRunner/unittests/tsserver/events/projectLanguageServiceState.ts	<lambda>3	src/services/utilities.ts	get
src/testRunner/unittests/tsserver/events/projectLanguageServiceState.ts	<lambda>3	src/testRunner/parallel/host.ts	get
src/testRunner/unittests/tsserver/exportMapCache.ts	<lambda>0	src/compiler/core.ts	values
src/testRunner/unittests/tsserver/exportMapCache.ts	<lambda>0	src/compiler/program.ts	getTypeChecker
src/testRunner/unittests/tsserver/exportMapCache.ts	<lambda>0	src/compiler/transformers/utilities.ts	values
src/testRunner/unittests/tsserver/exportMapCache.ts	<lambda>0	src/compiler/types.ts	getTypeChecker
src/testRunner/unittests/tsserver/exportMapCache.ts	<lambda>0	src/harness/collectionsImpl.ts	values
src/testRunner/unittests/tsserver/exportMapCache.ts	<lambda>0	src/services/stringCompletions.ts	values
src/testRunner/unittests/tsserver/exportMapCache.ts	<lambda>10	src/compiler/debug.ts	get
src/testRunner/unittests/tsserver/exportMapCache.ts	<lambda>10	src/compiler/factory/nodeFactory.ts	get
src/testRunner/unittests/tsserver/exportMapCache.ts	<lambda>10	src/compiler/moduleNameResolver.ts	get
src/testRunner/unittests/tsserver/exportMapCache.ts	<lambda>10	src/compiler/transformers/utilities.ts	get
src/testRunner/unittests/tsserver/exportMapCache.ts	<lambda>10	src/compiler/types.ts	get
src/testRunner/unittests/tsserver/exportMapCache.ts	<lambda>10	src/harness/collectionsImpl.ts	get
src/testRunner/unittests/tsserver/exportMapCache.ts	<lambda>10	src/server/editorServices.ts	get
src/testRunner/unittests/tsserver/exportMapCache.ts	<lambda>10	src/server/moduleSpecifierCache.ts	get
src/testRunner/unittests/tsserver/exportMapCache.ts	<lambda>10	src/server/utilitiesPublic.ts	get
src/testRunner/unittests/tsserver/exportMapCache.ts	<lambda>10	src/services/exportInfoMap.ts	get
src/testRunner/unittests/tsserver/exportMapCache.ts	<lambda>10	src/services/exportInfoMap.ts	isEmpty
src/testRunner/unittests/tsserver/exportMapCache.ts	<lambda>10	src/services/exportInfoMap.ts	isUsableByFile
src/testRunner/unittests/tsserver/exportMapCache.ts	<lambda>10	src/services/formatting/formatting.ts	get
src/testRunner/unittests/tsserver/exportMapCache.ts	<lambda>10	src/services/types.ts	get
src/testRunner/unittests/tsserver/exportMapCache.ts	<lambda>10	src/services/utilities.ts	get
src/testRunner/unittests/tsserver/exportMapCache.ts	<lambda>10	src/testRunner/parallel/host.ts	get
src/testRunner/unittests/tsserver/exportMapCache.ts	<lambda>12	src/services/exportInfoMap.ts	isEmpty
src/testRunner/unittests/tsserver/exportMapCache.ts	<lambda>12	src/services/exportInfoMap.ts	isUsableByFile
src/testRunner/unittests/tsserver/exportMapCache.ts	<lambda>13	src/services/exportInfoMap.ts	isEmpty
src/testRunner/unittests/tsserver/exportMapCache.ts	<lambda>2	src/services/exportInfoMap.ts	isEmpty
src/testRunner/unittests/tsserver/exportMapCache.ts	<lambda>2	src/services/exportInfoMap.ts	isUsableByFile
src/testRunner/unittests/tsserver/exportMapCache.ts	<lambda>3	src/services/exportInfoMap.ts	isEmpty
src/testRunner/unittests/tsserver/exportMapCache.ts	<lambda>3	src/services/exportInfoMap.ts	isUsableByFile
src/testRunner/unittests/tsserver/exportMapCache.ts	<lambda>4	src/services/exportInfoMap.ts	isEmpty
src/testRunner/unittests/tsserver/exportMapCache.ts	<lambda>4	src/services/exportInfoMap.ts	isUsableByFile
src/testRunner/unittests/tsserver/exportMapCache.ts	<lambda>5	src/services/exportInfoMap.ts	isEmpty
src/testRunner/unittests/tsserver/exportMapCache.ts	<lambda>5	src/services/exportInfoMap.ts	isUsableByFile
src/testRunner/unittests/tsserver/exportMapCache.ts	<lambda>6	src/services/exportInfoMap.ts	isEmpty
src/testRunner/unittests/tsserver/exportMapCache.ts	<lambda>6	src/services/exportInfoMap.ts	isUsableByFile
src/testRunner/unittests/tsserver/exportMapCache.ts	<lambda>7	src/services/exportInfoMap.ts	search
src/testRunner/unittests/tsserver/externalProjects.ts	<lambda>32	src/compiler/debug.ts	get
src/testRunner/unittests/tsserver/externalProjects.ts	<lambda>32	src/compiler/factory/nodeFactory.ts	get
src/testRunner/unittests/tsserver/externalProjects.ts	<lambda>32	src/compiler/moduleNameResolver.ts	get
src/testRunner/unittests/tsserver/externalProjects.ts	<lambda>32	src/compiler/transformers/utilities.ts	get
src/testRunner/unittests/tsserver/externalProjects.ts	<lambda>32	src/compiler/types.ts	get
src/testRunner/unittests/tsserver/externalProjects.ts	<lambda>32	src/harness/collectionsImpl.ts	get
src/testRunner/unittests/tsserver/externalProjects.ts	<lambda>32	src/server/editorServices.ts	get
src/testRunner/unittests/tsserver/externalProjects.ts	<lambda>32	src/server/moduleSpecifierCache.ts	get
src/testRunner/unittests/tsserver/externalProjects.ts	<lambda>32	src/server/utilitiesPublic.ts	get
src/testRunner/unittests/tsserver/externalProjects.ts	<lambda>32	src/services/exportInfoMap.ts	get
src/testRunner/unittests/tsserver/externalProjects.ts	<lambda>32	src/services/formatting/formatting.ts	get
src/testRunner/unittests/tsserver/externalProjects.ts	<lambda>32	src/services/types.ts	get
src/testRunner/unittests/tsserver/externalProjects.ts	<lambda>32	src/services/utilities.ts	get
src/testRunner/unittests/tsserver/externalProjects.ts	<lambda>32	src/testRunner/parallel/host.ts	get
src/testRunner/unittests/tsserver/getEditsForFileRename.ts	<lambda>1	src/services/types.ts	getEditsForFileRename
src/testRunner/unittests/tsserver/inferredProjects.ts	<lambda>10	src/server/project.ts	getTypeAcquisition
src/testRunner/unittests/tsserver/inferredProjects.ts	<lambda>8	src/compiler/resolutionCache.ts	getCompilationSettings
src/testRunner/unittests/tsserver/inferredProjects.ts	<lambda>8	src/compiler/types.ts	getCompilationSettings
src/testRunner/unittests/tsserver/inferredProjects.ts	<lambda>8	src/harness/harnessLanguageService.ts	getCompilationSettings
src/testRunner/unittests/tsserver/inferredProjects.ts	<lambda>8	src/server/project.ts	getCompilationSettings
src/testRunner/unittests/tsserver/inferredProjects.ts	<lambda>8	src/services/documentRegistry.ts	getCompilationSettings
src/testRunner/unittests/tsserver/inferredProjects.ts	<lambda>8	src/services/types.ts	getCompilationSettings
src/testRunner/unittests/tsserver/inferredProjects.ts	<lambda>8	src/testRunner/unittests/helpers/tscWatch.ts	getCompilationSettings
src/testRunner/unittests/tsserver/inferredProjects.ts	<lambda>8	src/testRunner/unittests/services/hostNewLineSupport.ts	getCompilationSettings
src/testRunner/unittests/tsserver/inferredProjects.ts	<lambda>8	src/testRunner/unittests/services/languageService.ts	getCompilationSettings
src/testRunner/unittests/tsserver/inferredProjects.ts	<lambda>8	src/testRunner/unittests/tsserver/getEditsForFileRename.ts	getCompilationSettings
src/testRunner/unittests/tsserver/languageService.ts	<lambda>2	src/compiler/builder.ts	getProgram
src/testRunner/unittests/tsserver/languageService.ts	<lambda>2	src/compiler/builder.ts	getSemanticDiagnostics
src/testRunner/unittests/tsserver/languageService.ts	<lambda>2	src/compiler/builderPublic.ts	getProgram
src/testRunner/unittests/tsserver/languageService.ts	<lambda>2	src/compiler/builderPublic.ts	getSemanticDiagnostics
src/testRunner/unittests/tsserver/languageService.ts	<lambda>2	src/compiler/debug.ts	get
src/testRunner/unittests/tsserver/languageService.ts	<lambda>2	src/compiler/factory/nodeFactory.ts	get
src/testRunner/unittests/tsserver/languageService.ts	<lambda>2	src/compiler/moduleNameResolver.ts	get
src/testRunner/unittests/tsserver/languageService.ts	<lambda>2	src/compiler/program.ts	getSemanticDiagnostics
src/testRunner/unittests/tsserver/languageService.ts	<lambda>2	src/compiler/transformers/utilities.ts	get
src/testRunner/unittests/tsserver/languageService.ts	<lambda>2	src/compiler/tsbuildPublic.ts	getProgram
src/testRunner/unittests/tsserver/languageService.ts	<lambda>2	src/compiler/tsbuildPublic.ts	getSemanticDiagnostics
src/testRunner/unittests/tsserver/languageService.ts	<lambda>2	src/compiler/types.ts	get
src/testRunner/unittests/tsserver/languageService.ts	<lambda>2	src/compiler/types.ts	getSemanticDiagnostics
src/testRunner/unittests/tsserver/languageService.ts	<lambda>2	src/compiler/watchPublic.ts	getProgram
src/testRunner/unittests/tsserver/languageService.ts	<lambda>2	src/harness/client.ts	getProgram
src/testRunner/unittests/tsserver/languageService.ts	<lambda>2	src/harness/client.ts	getSemanticDiagnostics
src/testRunner/unittests/tsserver/languageService.ts	<lambda>2	src/harness/collectionsImpl.ts	get
src/testRunner/unittests/tsserver/languageService.ts	<lambda>2	src/harness/fourslashImpl.ts	getProgram
src/testRunner/unittests/tsserver/languageService.ts	<lambda>2	src/harness/fourslashImpl.ts	getSemanticDiagnostics
src/testRunner/unittests/tsserver/languageService.ts	<lambda>2	src/harness/fourslashInterfaceImpl.ts	getSemanticDiagnostics
src/testRunner/unittests/tsserver/languageService.ts	<lambda>2	src/harness/harnessLanguageService.ts	getLanguageService
src/testRunner/unittests/tsserver/languageService.ts	<lambda>2	src/server/editorServices.ts	get
src/testRunner/unittests/tsserver/languageService.ts	<lambda>2	src/server/moduleSpecifierCache.ts	get
src/testRunner/unittests/tsserver/languageService.ts	<lambda>2	src/server/project.ts	getLanguageService
src/testRunner/unittests/tsserver/languageService.ts	<lambda>2	src/server/utilitiesPublic.ts	get
src/testRunner/unittests/tsserver/languageService.ts	<lambda>2	src/services/exportInfoMap.ts	get
src/testRunner/unittests/tsserver/languageService.ts	<lambda>2	src/services/formatting/formatting.ts	get
src/testRunner/unittests/tsserver/languageService.ts	<lambda>2	src/services/services.ts	getProgram
src/testRunner/unittests/tsserver/languageService.ts	<lambda>2	src/services/services.ts	getSemanticDiagnostics
src/testRunner/unittests/tsserver/languageService.ts	<lambda>2	src/services/sourcemaps.ts	getProgram
src/testRunner/unittests/tsserver/languageService.ts	<lambda>2	src/services/types.ts	get
src/testRunner/unittests/tsserver/languageService.ts	<lambda>2	src/services/types.ts	getProgram
src/testRunner/unittests/tsserver/languageService.ts	<lambda>2	src/services/types.ts	getSemanticDiagnostics
src/testRunner/unittests/tsserver/languageService.ts	<lambda>2	src/services/utilities.ts	get
src/testRunner/unittests/tsserver/languageService.ts	<lambda>2	src/testRunner/parallel/host.ts	get
src/testRunner/unittests/tsserver/maxNodeModuleJsDepth.ts	<lambda>1	src/compiler/resolutionCache.ts	getCompilationSettings
src/testRunner/unittests/tsserver/maxNodeModuleJsDepth.ts	<lambda>1	src/compiler/types.ts	getCompilationSettings
src/testRunner/unittests/tsserver/maxNodeModuleJsDepth.ts	<lambda>1	src/harness/harnessLanguageService.ts	getCompilationSettings
src/testRunner/unittests/tsserver/maxNodeModuleJsDepth.ts	<lambda>1	src/server/project.ts	getCompilationSettings
src/testRunner/unittests/tsserver/maxNodeModuleJsDepth.ts	<lambda>1	src/services/documentRegistry.ts	getCompilationSettings
src/testRunner/unittests/tsserver/maxNodeModuleJsDepth.ts	<lambda>1	src/services/types.ts	getCompilationSettings
src/testRunner/unittests/tsserver/maxNodeModuleJsDepth.ts	<lambda>1	src/testRunner/unittests/helpers/tscWatch.ts	getCompilationSettings
src/testRunner/unittests/tsserver/maxNodeModuleJsDepth.ts	<lambda>1	src/testRunner/unittests/services/hostNewLineSupport.ts	getCompilationSettings
src/testRunner/unittests/tsserver/maxNodeModuleJsDepth.ts	<lambda>1	src/testRunner/unittests/services/languageService.ts	getCompilationSettings
src/testRunner/unittests/tsserver/maxNodeModuleJsDepth.ts	<lambda>1	src/testRunner/unittests/tsserver/getEditsForFileRename.ts	getCompilationSettings
src/testRunner/unittests/tsserver/maxNodeModuleJsDepth.ts	<lambda>2	src/compiler/resolutionCache.ts	getCompilationSettings
src/testRunner/unittests/tsserver/maxNodeModuleJsDepth.ts	<lambda>2	src/compiler/types.ts	getCompilationSettings
src/testRunner/unittests/tsserver/maxNodeModuleJsDepth.ts	<lambda>2	src/harness/harnessLanguageService.ts	getCompilationSettings
src/testRunner/unittests/tsserver/maxNodeModuleJsDepth.ts	<lambda>2	src/server/project.ts	getCompilationSettings
src/testRunner/unittests/tsserver/maxNodeModuleJsDepth.ts	<lambda>2	src/services/documentRegistry.ts	getCompilationSettings
src/testRunner/unittests/tsserver/maxNodeModuleJsDepth.ts	<lambda>2	src/services/types.ts	getCompilationSettings
src/testRunner/unittests/tsserver/maxNodeModuleJsDepth.ts	<lambda>2	src/testRunner/unittests/helpers/tscWatch.ts	getCompilationSettings
src/testRunner/unittests/tsserver/maxNodeModuleJsDepth.ts	<lambda>2	src/testRunner/unittests/services/hostNewLineSupport.ts	getCompilationSettings
src/testRunner/unittests/tsserver/maxNodeModuleJsDepth.ts	<lambda>2	src/testRunner/unittests/services/languageService.ts	getCompilationSettings
src/testRunner/unittests/tsserver/maxNodeModuleJsDepth.ts	<lambda>2	src/testRunner/unittests/tsserver/getEditsForFileRename.ts	getCompilationSettings
src/testRunner/unittests/tsserver/moduleSpecifierCache.ts	<lambda>1	src/compiler/types.ts	get
src/testRunner/unittests/tsserver/moduleSpecifierCache.ts	<lambda>2	src/compiler/types.ts	get
src/testRunner/unittests/tsserver/moduleSpecifierCache.ts	<lambda>3	src/compiler/types.ts	count
src/testRunner/unittests/tsserver/moduleSpecifierCache.ts	<lambda>4	src/compiler/types.ts	get
src/testRunner/unittests/tsserver/moduleSpecifierCache.ts	<lambda>5	src/compiler/types.ts	count
src/testRunner/unittests/tsserver/moduleSpecifierCache.ts	<lambda>6	src/compiler/types.ts	count
src/testRunner/unittests/tsserver/moduleSpecifierCache.ts	<lambda>7	src/compiler/types.ts	count
src/testRunner/unittests/tsserver/moduleSpecifierCache.ts	getWithPreferences	src/compiler/types.ts	get
src/testRunner/unittests/tsserver/moduleSpecifierCache.ts	setup	src/compiler/debug.ts	get
src/testRunner/unittests/tsserver/moduleSpecifierCache.ts	setup	src/compiler/factory/nodeFactory.ts	get
src/testRunner/unittests/tsserver/moduleSpecifierCache.ts	setup	src/compiler/moduleNameResolver.ts	get
src/testRunner/unittests/tsserver/moduleSpecifierCache.ts	setup	src/compiler/transformers/utilities.ts	get
src/testRunner/unittests/tsserver/moduleSpecifierCache.ts	setup	src/compiler/types.ts	get
src/testRunner/unittests/tsserver/moduleSpecifierCache.ts	setup	src/harness/collectionsImpl.ts	get
src/testRunner/unittests/tsserver/moduleSpecifierCache.ts	setup	src/server/editorServices.ts	get
src/testRunner/unittests/tsserver/moduleSpecifierCache.ts	setup	src/server/moduleSpecifierCache.ts	get
src/testRunner/unittests/tsserver/moduleSpecifierCache.ts	setup	src/server/utilitiesPublic.ts	get
src/testRunner/unittests/tsserver/moduleSpecifierCache.ts	setup	src/services/exportInfoMap.ts	get
src/testRunner/unittests/tsserver/moduleSpecifierCache.ts	setup	src/services/formatting/formatting.ts	get
src/testRunner/unittests/tsserver/moduleSpecifierCache.ts	setup	src/services/types.ts	get
src/testRunner/unittests/tsserver/moduleSpecifierCache.ts	setup	src/services/utilities.ts	get
src/testRunner/unittests/tsserver/moduleSpecifierCache.ts	setup	src/testRunner/parallel/host.ts	get
src/testRunner/unittests/tsserver/openFile.ts	<lambda>10	src/compiler/debug.ts	get
src/testRunner/unittests/tsserver/openFile.ts	<lambda>10	src/compiler/factory/nodeFactory.ts	get
src/testRunner/unittests/tsserver/openFile.ts	<lambda>10	src/compiler/moduleNameResolver.ts	get
src/testRunner/unittests/tsserver/openFile.ts	<lambda>10	src/compiler/transformers/utilities.ts	get
src/testRunner/unittests/tsserver/openFile.ts	<lambda>10	src/compiler/types.ts	get
src/testRunner/unittests/tsserver/openFile.ts	<lambda>10	src/harness/collectionsImpl.ts	get
src/testRunner/unittests/tsserver/openFile.ts	<lambda>10	src/server/editorServices.ts	get
src/testRunner/unittests/tsserver/openFile.ts	<lambda>10	src/server/editorServices.ts	updateGraph
src/testRunner/unittests/tsserver/openFile.ts	<lambda>10	src/server/moduleSpecifierCache.ts	get
src/testRunner/unittests/tsserver/openFile.ts	<lambda>10	src/server/project.ts	updateGraph
src/testRunner/unittests/tsserver/openFile.ts	<lambda>10	src/server/utilitiesPublic.ts	get
src/testRunner/unittests/tsserver/openFile.ts	<lambda>10	src/services/exportInfoMap.ts	get
src/testRunner/unittests/tsserver/openFile.ts	<lambda>10	src/services/formatting/formatting.ts	get
src/testRunner/unittests/tsserver/openFile.ts	<lambda>10	src/services/types.ts	get
src/testRunner/unittests/tsserver/openFile.ts	<lambda>10	src/services/utilities.ts	get
src/testRunner/unittests/tsserver/openFile.ts	<lambda>10	src/testRunner/parallel/host.ts	get
src/testRunner/unittests/tsserver/openFile.ts	<lambda>7	src/compiler/debug.ts	get
src/testRunner/unittests/tsserver/openFile.ts	<lambda>7	src/compiler/factory/nodeFactory.ts	get
src/testRunner/unittests/tsserver/openFile.ts	<lambda>7	src/compiler/moduleNameResolver.ts	get
src/testRunner/unittests/tsserver/openFile.ts	<lambda>7	src/compiler/transformers/utilities.ts	get
src/testRunner/unittests/tsserver/openFile.ts	<lambda>7	src/compiler/types.ts	get
src/testRunner/unittests/tsserver/openFile.ts	<lambda>7	src/harness/collectionsImpl.ts	get
src/testRunner/unittests/tsserver/openFile.ts	<lambda>7	src/server/editorServices.ts	get
src/testRunner/unittests/tsserver/openFile.ts	<lambda>7	src/server/editorServices.ts	updateGraph
src/testRunner/unittests/tsserver/openFile.ts	<lambda>7	src/server/moduleSpecifierCache.ts	get
src/testRunner/unittests/tsserver/openFile.ts	<lambda>7	src/server/project.ts	updateGraph
src/testRunner/unittests/tsserver/openFile.ts	<lambda>7	src/server/utilitiesPublic.ts	get
src/testRunner/unittests/tsserver/openFile.ts	<lambda>7	src/services/exportInfoMap.ts	get
src/testRunner/unittests/tsserver/openFile.ts	<lambda>7	src/services/formatting/formatting.ts	get
src/testRunner/unittests/tsserver/openFile.ts	<lambda>7	src/services/types.ts	get
src/testRunner/unittests/tsserver/openFile.ts	<lambda>7	src/services/utilities.ts	get
src/testRunner/unittests/tsserver/openFile.ts	<lambda>7	src/testRunner/parallel/host.ts	get
src/testRunner/unittests/tsserver/openFile.ts	<lambda>8	src/compiler/debug.ts	get
src/testRunner/unittests/tsserver/openFile.ts	<lambda>8	src/compiler/factory/nodeFactory.ts	get
src/testRunner/unittests/tsserver/openFile.ts	<lambda>8	src/compiler/moduleNameResolver.ts	get
src/testRunner/unittests/tsserver/openFile.ts	<lambda>8	src/compiler/transformers/utilities.ts	get
src/testRunner/unittests/tsserver/openFile.ts	<lambda>8	src/compiler/types.ts	get
src/testRunner/unittests/tsserver/openFile.ts	<lambda>8	src/harness/collectionsImpl.ts	get
src/testRunner/unittests/tsserver/openFile.ts	<lambda>8	src/server/editorServices.ts	get
src/testRunner/unittests/tsserver/openFile.ts	<lambda>8	src/server/editorServices.ts	updateGraph
src/testRunner/unittests/tsserver/openFile.ts	<lambda>8	src/server/moduleSpecifierCache.ts	get
src/testRunner/unittests/tsserver/openFile.ts	<lambda>8	src/server/project.ts	updateGraph
src/testRunner/unittests/tsserver/openFile.ts	<lambda>8	src/server/utilitiesPublic.ts	get
src/testRunner/unittests/tsserver/openFile.ts	<lambda>8	src/services/exportInfoMap.ts	get
src/testRunner/unittests/tsserver/openFile.ts	<lambda>8	src/services/formatting/formatting.ts	get
src/testRunner/unittests/tsserver/openFile.ts	<lambda>8	src/services/types.ts	get
src/testRunner/unittests/tsserver/openFile.ts	<lambda>8	src/services/utilities.ts	get
src/testRunner/unittests/tsserver/openFile.ts	<lambda>8	src/testRunner/parallel/host.ts	get
src/testRunner/unittests/tsserver/openFile.ts	<lambda>9	src/compiler/debug.ts	get
src/testRunner/unittests/tsserver/openFile.ts	<lambda>9	src/compiler/factory/nodeFactory.ts	get
src/testRunner/unittests/tsserver/openFile.ts	<lambda>9	src/compiler/moduleNameResolver.ts	get
src/testRunner/unittests/tsserver/openFile.ts	<lambda>9	src/compiler/transformers/utilities.ts	get
src/testRunner/unittests/tsserver/openFile.ts	<lambda>9	src/compiler/types.ts	get
src/testRunner/unittests/tsserver/openFile.ts	<lambda>9	src/harness/collectionsImpl.ts	get
src/testRunner/unittests/tsserver/openFile.ts	<lambda>9	src/server/editorServices.ts	get
src/testRunner/unittests/tsserver/openFile.ts	<lambda>9	src/server/editorServices.ts	updateGraph
src/testRunner/unittests/tsserver/openFile.ts	<lambda>9	src/server/moduleSpecifierCache.ts	get
src/testRunner/unittests/tsserver/openFile.ts	<lambda>9	src/server/project.ts	updateGraph
src/testRunner/unittests/tsserver/openFile.ts	<lambda>9	src/server/utilitiesPublic.ts	get
src/testRunner/unittests/tsserver/openFile.ts	<lambda>9	src/services/exportInfoMap.ts	get
src/testRunner/unittests/tsserver/openFile.ts	<lambda>9	src/services/formatting/formatting.ts	get
src/testRunner/unittests/tsserver/openFile.ts	<lambda>9	src/services/types.ts	get
src/testRunner/unittests/tsserver/openFile.ts	<lambda>9	src/services/utilities.ts	get
src/testRunner/unittests/tsserver/openFile.ts	<lambda>9	src/testRunner/parallel/host.ts	get
src/testRunner/unittests/tsserver/packageJsonInfo.ts	<lambda>2	src/server/packageJsonCache.ts	getInDirectory
src/testRunner/unittests/tsserver/packageJsonInfo.ts	<lambda>2	src/services/inlayHints.ts	isUndefined
src/testRunner/unittests/tsserver/packageJsonInfo.ts	<lambda>3	src/server/editorServices.ts	getPackageJsonsVisibleToFile
src/testRunner/unittests/tsserver/packageJsonInfo.ts	<lambda>3	src/server/packageJsonCache.ts	getInDirectory
src/testRunner/unittests/tsserver/packageJsonInfo.ts	<lambda>3	src/services/inlayHints.ts	isUndefined
src/testRunner/unittests/tsserver/packageJsonInfo.ts	<lambda>4	src/server/editorServices.ts	getPackageJsonsVisibleToFile
src/testRunner/unittests/tsserver/packageJsonInfo.ts	<lambda>5	src/server/editorServices.ts	getPackageJsonsVisibleToFile
src/testRunner/unittests/tsserver/packageJsonInfo.ts	<lambda>5	src/server/packageJsonCache.ts	getInDirectory
src/testRunner/unittests/tsserver/packageJsonInfo.ts	<lambda>6	src/server/editorServices.ts	getPackageJsonsVisibleToFile
src/testRunner/unittests/tsserver/packageJsonInfo.ts	<lambda>6	src/server/packageJsonCache.ts	getInDirectory
src/testRunner/unittests/tsserver/partialSemanticServer.ts	<lambda>3	src/services/callHierarchy.ts	isDefined
src/testRunner/unittests/tsserver/partialSemanticServer.ts	<lambda>7	src/services/inlayHints.ts	isUndefined
src/testRunner/unittests/tsserver/plugins.ts	<lambda>19	src/compiler/debug.ts	log
src/testRunner/unittests/tsserver/plugins.ts	<lambda>19	src/compiler/types.ts	log
src/testRunner/unittests/tsserver/plugins.ts	<lambda>19	src/harness/harnessIO.ts	log
src/testRunner/unittests/tsserver/plugins.ts	<lambda>19	src/harness/tsserverLogger.ts	log
src/testRunner/unittests/tsserver/plugins.ts	<lambda>19	src/server/editorServices.ts	log
src/testRunner/unittests/tsserver/plugins.ts	<lambda>19	src/server/project.ts	log
src/testRunner/unittests/tsserver/plugins.ts	<lambda>19	src/services/services.ts	log
src/testRunner/unittests/tsserver/plugins.ts	<lambda>19	src/services/sourcemaps.ts	log
src/testRunner/unittests/tsserver/plugins.ts	<lambda>19	src/services/types.ts	log
src/testRunner/unittests/tsserver/plugins.ts	<lambda>19	src/testRunner/runner.ts	log
src/testRunner/unittests/tsserver/plugins.ts	<lambda>19	src/testRunner/unittests/debugDeprecation.ts	log
src/testRunner/unittests/tsserver/plugins.ts	<lambda>19	src/testRunner/unittests/helpers/baseline.ts	log
src/testRunner/unittests/tsserver/plugins.ts	<lambda>19	src/testRunner/unittests/helpers/virtualFileSystemWithWatch.ts	log
src/testRunner/unittests/tsserver/plugins.ts	<lambda>19	src/tsc/tsc.ts	log
src/testRunner/unittests/tsserver/plugins.ts	<lambda>19	src/tsserver/nodeServer.ts	log
src/testRunner/unittests/tsserver/plugins.ts	<lambda>19	src/typescript/typescript.ts	log
src/testRunner/unittests/tsserver/plugins.ts	<lambda>9	src/compiler/debug.ts	get
src/testRunner/unittests/tsserver/plugins.ts	<lambda>9	src/compiler/factory/nodeFactory.ts	get
src/testRunner/unittests/tsserver/plugins.ts	<lambda>9	src/compiler/moduleNameResolver.ts	get
src/testRunner/unittests/tsserver/plugins.ts	<lambda>9	src/compiler/transformers/utilities.ts	get
src/testRunner/unittests/tsserver/plugins.ts	<lambda>9	src/compiler/types.ts	get
src/testRunner/unittests/tsserver/plugins.ts	<lambda>9	src/harness/collectionsImpl.ts	get
src/testRunner/unittests/tsserver/plugins.ts	<lambda>9	src/server/editorServices.ts	get
src/testRunner/unittests/tsserver/plugins.ts	<lambda>9	src/server/moduleSpecifierCache.ts	get
src/testRunner/unittests/tsserver/plugins.ts	<lambda>9	src/server/project.ts	getExternalFiles
src/testRunner/unittests/tsserver/plugins.ts	<lambda>9	src/server/utilitiesPublic.ts	get
src/testRunner/unittests/tsserver/plugins.ts	<lambda>9	src/services/exportInfoMap.ts	get
src/testRunner/unittests/tsserver/plugins.ts	<lambda>9	src/services/formatting/formatting.ts	get
src/testRunner/unittests/tsserver/plugins.ts	<lambda>9	src/services/types.ts	get
src/testRunner/unittests/tsserver/plugins.ts	<lambda>9	src/services/utilities.ts	get
src/testRunner/unittests/tsserver/plugins.ts	<lambda>9	src/testRunner/parallel/host.ts	get
src/testRunner/unittests/tsserver/plugins.ts	<lambda>9	src/testRunner/unittests/tsserver/externalProjects.ts	getExternalFiles
src/testRunner/unittests/tsserver/plugins.ts	<lambda>9	src/testRunner/unittests/tsserver/pluginsAsync.ts	getExternalFiles
src/testRunner/unittests/tsserver/plugins.ts	create	src/compiler/binder.ts	bind
src/testRunner/unittests/tsserver/plugins.ts	create	src/deprecatedCompat/deprecations.ts	bind
src/testRunner/unittests/tsserver/pluginsAsync.ts	<lambda>1	src/server/editorServices.ts	hasNewPluginEnablementRequests
src/testRunner/unittests/tsserver/pluginsAsync.ts	<lambda>1	src/server/editorServices.ts	hasPendingPluginEnablements
src/testRunner/unittests/tsserver/pluginsAsync.ts	<lambda>1	src/server/editorServices.ts	waitForPendingPlugins
src/testRunner/unittests/tsserver/pluginsAsync.ts	<lambda>13	src/server/editorServices.ts	waitForPendingPlugins
src/testRunner/unittests/tsserver/pluginsAsync.ts	<lambda>18	src/server/editorServices.ts	waitForPendingPlugins
src/testRunner/unittests/tsserver/pluginsAsync.ts	<lambda>22	src/server/editorServices.ts	enableRequestedPlugins
src/testRunner/unittests/tsserver/pluginsAsync.ts	<lambda>22	src/server/editorServices.ts	waitForPendingPlugins
src/testRunner/unittests/tsserver/pluginsAsync.ts	<lambda>5	src/server/editorServices.ts	waitForPendingPlugins
src/testRunner/unittests/tsserver/pluginsAsync.ts	<lambda>9	src/server/editorServices.ts	waitForPendingPlugins
src/testRunner/unittests/tsserver/projectErrors.ts	<lambda>32	src/server/project.ts	getProjectName
src/testRunner/unittests/tsserver/projectReferences.ts	<lambda>10	src/compiler/debug.ts	get
src/testRunner/unittests/tsserver/projectReferences.ts	<lambda>10	src/compiler/factory/nodeFactory.ts	get
src/testRunner/unittests/tsserver/projectReferences.ts	<lambda>10	src/compiler/moduleNameResolver.ts	get
src/testRunner/unittests/tsserver/projectReferences.ts	<lambda>10	src/compiler/transformers/utilities.ts	get
src/testRunner/unittests/tsserver/projectReferences.ts	<lambda>10	src/compiler/types.ts	get
src/testRunner/unittests/tsserver/projectReferences.ts	<lambda>10	src/harness/collectionsImpl.ts	get
src/testRunner/unittests/tsserver/projectReferences.ts	<lambda>10	src/server/editorServices.ts	get
src/testRunner/unittests/tsserver/projectReferences.ts	<lambda>10	src/server/moduleSpecifierCache.ts	get
src/testRunner/unittests/tsserver/projectReferences.ts	<lambda>10	src/server/project.ts	updateGraph
src/testRunner/unittests/tsserver/projectReferences.ts	<lambda>10	src/server/utilitiesPublic.ts	get
src/testRunner/unittests/tsserver/projectReferences.ts	<lambda>10	src/services/callHierarchy.ts	isDefined
src/testRunner/unittests/tsserver/projectReferences.ts	<lambda>10	src/services/exportInfoMap.ts	get
src/testRunner/unittests/tsserver/projectReferences.ts	<lambda>10	src/services/formatting/formatting.ts	get
src/testRunner/unittests/tsserver/projectReferences.ts	<lambda>10	src/services/types.ts	get
src/testRunner/unittests/tsserver/projectReferences.ts	<lambda>10	src/services/utilities.ts	get
src/testRunner/unittests/tsserver/projectReferences.ts	<lambda>10	src/testRunner/parallel/host.ts	get
src/testRunner/unittests/tsserver/projectReferences.ts	<lambda>2	src/compiler/debug.ts	get
src/testRunner/unittests/tsserver/projectReferences.ts	<lambda>2	src/compiler/factory/nodeFactory.ts	get
src/testRunner/unittests/tsserver/projectReferences.ts	<lambda>2	src/compiler/moduleNameResolver.ts	get
src/testRunner/unittests/tsserver/projectReferences.ts	<lambda>2	src/compiler/transformers/utilities.ts	get
src/testRunner/unittests/tsserver/projectReferences.ts	<lambda>2	src/compiler/types.ts	get
src/testRunner/unittests/tsserver/projectReferences.ts	<lambda>2	src/harness/collectionsImpl.ts	get
src/testRunner/unittests/tsserver/projectReferences.ts	<lambda>2	src/server/editorServices.ts	get
src/testRunner/unittests/tsserver/projectReferences.ts	<lambda>2	src/server/moduleSpecifierCache.ts	get
src/testRunner/unittests/tsserver/projectReferences.ts	<lambda>2	src/server/utilitiesPublic.ts	get
src/testRunner/unittests/tsserver/projectReferences.ts	<lambda>2	src/services/exportInfoMap.ts	get
src/testRunner/unittests/tsserver/projectReferences.ts	<lambda>2	src/services/formatting/formatting.ts	get
src/testRunner/unittests/tsserver/projectReferences.ts	<lambda>2	src/services/types.ts	get
src/testRunner/unittests/tsserver/projectReferences.ts	<lambda>2	src/services/utilities.ts	get
src/testRunner/unittests/tsserver/projectReferences.ts	<lambda>2	src/testRunner/parallel/host.ts	get
src/testRunner/unittests/tsserver/projectReferencesSourcemap.ts	changeDtsFile	src/harness/fourslashImpl.ts	replace
src/testRunner/unittests/tsserver/projectReferencesSourcemap.ts	changeDtsFile	src/harness/fourslashInterfaceImpl.ts	replace
src/testRunner/unittests/tsserver/projects.ts	<lambda>13	src/server/project.ts	getTypeAcquisition
src/testRunner/unittests/tsserver/projects.ts	<lambda>15	src/server/project.ts	getTypeAcquisition
src/testRunner/unittests/tsserver/projects.ts	<lambda>17	src/compiler/sourcemap.ts	next
src/testRunner/unittests/tsserver/projects.ts	<lambda>17	src/testRunner/parallel/worker.ts	next
src/testRunner/unittests/tsserver/projects.ts	<lambda>27	src/server/scriptInfo.ts	getSnapshot
src/testRunner/unittests/tsserver/projects.ts	<lambda>52	src/server/scriptInfo.ts	attachToProject
src/testRunner/unittests/tsserver/projects.ts	verifyDeferredContext	src/compiler/builder.ts	getCompilerOptions
src/testRunner/unittests/tsserver/projects.ts	verifyDeferredContext	src/compiler/builderPublic.ts	getCompilerOptions
src/testRunner/unittests/tsserver/projects.ts	verifyDeferredContext	src/compiler/debug.ts	get
src/testRunner/unittests/tsserver/projects.ts	verifyDeferredContext	src/compiler/factory/nodeFactory.ts	get
src/testRunner/unittests/tsserver/projects.ts	verifyDeferredContext	src/compiler/moduleNameResolver.ts	get
src/testRunner/unittests/tsserver/projects.ts	verifyDeferredContext	src/compiler/program.ts	getCompilerOptions
src/testRunner/unittests/tsserver/projects.ts	verifyDeferredContext	src/compiler/transformer.ts	getCompilerOptions
src/testRunner/unittests/tsserver/projects.ts	verifyDeferredContext	src/compiler/transformers/utilities.ts	get
src/testRunner/unittests/tsserver/projects.ts	verifyDeferredContext	src/compiler/tsbuildPublic.ts	getCompilerOptions
src/testRunner/unittests/tsserver/projects.ts	verifyDeferredContext	src/compiler/types.ts	get
src/testRunner/unittests/tsserver/projects.ts	verifyDeferredContext	src/compiler/types.ts	getCompilerOptions
src/testRunner/unittests/tsserver/projects.ts	verifyDeferredContext	src/harness/collectionsImpl.ts	get
src/testRunner/unittests/tsserver/projects.ts	verifyDeferredContext	src/server/editorServices.ts	get
src/testRunner/unittests/tsserver/projects.ts	verifyDeferredContext	src/server/moduleSpecifierCache.ts	get
src/testRunner/unittests/tsserver/projects.ts	verifyDeferredContext	src/server/project.ts	getCompilerOptions
src/testRunner/unittests/tsserver/projects.ts	verifyDeferredContext	src/server/utilitiesPublic.ts	get
src/testRunner/unittests/tsserver/projects.ts	verifyDeferredContext	src/services/exportInfoMap.ts	get
src/testRunner/unittests/tsserver/projects.ts	verifyDeferredContext	src/services/formatting/formatting.ts	get
src/testRunner/unittests/tsserver/projects.ts	verifyDeferredContext	src/services/types.ts	get
src/testRunner/unittests/tsserver/projects.ts	verifyDeferredContext	src/services/utilities.ts	get
src/testRunner/unittests/tsserver/projects.ts	verifyDeferredContext	src/testRunner/parallel/host.ts	get
src/testRunner/unittests/tsserver/reload.ts	<lambda>1	src/server/scriptInfo.ts	getSnapshot
src/testRunner/unittests/tsserver/reload.ts	<lambda>1	src/server/scriptVersionCache.ts	getSnapshot
src/testRunner/unittests/tsserver/reload.ts	<lambda>2	src/server/scriptInfo.ts	getSnapshot
src/testRunner/unittests/tsserver/reload.ts	<lambda>2	src/services/callHierarchy.ts	isDefined
src/testRunner/unittests/tsserver/reload.ts	checkScriptInfoContents	src/server/scriptInfo.ts	getSnapshot
src/testRunner/unittests/tsserver/session.ts	<lambda>19	src/compiler/sourcemap.ts	next
src/testRunner/unittests/tsserver/session.ts	<lambda>19	src/testRunner/parallel/worker.ts	next
src/testRunner/unittests/tsserver/session.ts	<lambda>37	src/services/codefixes/inferFromUsage.ts	string
src/testRunner/unittests/tsserver/session.ts	handleRequest	src/compiler/semver.ts	toString
src/testRunner/unittests/tsserver/session.ts	handleRequest	src/compiler/sourcemap.ts	toString
src/testRunner/unittests/tsserver/session.ts	handleRequest	src/compiler/types.ts	toString
src/testRunner/unittests/tsserver/symlinkCache.ts	<lambda>1	src/compiler/debug.ts	get
src/testRunner/unittests/tsserver/symlinkCache.ts	<lambda>1	src/compiler/factory/nodeFactory.ts	get
src/testRunner/unittests/tsserver/symlinkCache.ts	<lambda>1	src/compiler/moduleNameResolver.ts	get
src/testRunner/unittests/tsserver/symlinkCache.ts	<lambda>1	src/compiler/transformers/utilities.ts	get
src/testRunner/unittests/tsserver/symlinkCache.ts	<lambda>1	src/compiler/types.ts	get
src/testRunner/unittests/tsserver/symlinkCache.ts	<lambda>1	src/harness/collectionsImpl.ts	get
src/testRunner/unittests/tsserver/symlinkCache.ts	<lambda>1	src/server/editorServices.ts	get
src/testRunner/unittests/tsserver/symlinkCache.ts	<lambda>1	src/server/moduleSpecifierCache.ts	get
src/testRunner/unittests/tsserver/symlinkCache.ts	<lambda>1	src/server/utilitiesPublic.ts	get
src/testRunner/unittests/tsserver/symlinkCache.ts	<lambda>1	src/services/exportInfoMap.ts	get
src/testRunner/unittests/tsserver/symlinkCache.ts	<lambda>1	src/services/formatting/formatting.ts	get
src/testRunner/unittests/tsserver/symlinkCache.ts	<lambda>1	src/services/types.ts	get
src/testRunner/unittests/tsserver/symlinkCache.ts	<lambda>1	src/services/utilities.ts	get
src/testRunner/unittests/tsserver/symlinkCache.ts	<lambda>1	src/testRunner/parallel/host.ts	get
src/testRunner/unittests/tsserver/symlinkCache.ts	<lambda>2	src/compiler/utilities.ts	setSymlinksFromResolutions
src/testRunner/unittests/tsserver/textStorage.ts	<lambda>1	src/server/scriptInfo.ts	lineOffsetToPosition
src/testRunner/unittests/tsserver/textStorage.ts	<lambda>1	src/server/scriptInfo.ts	lineToTextSpan
src/testRunner/unittests/tsserver/textStorage.ts	<lambda>1	src/server/scriptInfo.ts	positionToLineOffset
src/testRunner/unittests/tsserver/textStorage.ts	<lambda>1	src/server/scriptInfo.ts	switchToScriptVersionCache
src/testRunner/unittests/tsserver/textStorage.ts	<lambda>2	src/server/scriptInfo.ts	edit
src/testRunner/unittests/tsserver/textStorage.ts	<lambda>2	src/server/scriptInfo.ts	getAbsolutePositionAndLineText
src/testRunner/unittests/tsserver/textStorage.ts	<lambda>2	src/server/scriptInfo.ts	getSnapshot
src/testRunner/unittests/tsserver/textStorage.ts	<lambda>2	src/server/scriptInfo.ts	hasScriptVersionCache_TestOnly
src/testRunner/unittests/tsserver/textStorage.ts	<lambda>2	src/server/scriptInfo.ts	useText
src/testRunner/unittests/tsserver/textStorage.ts	<lambda>3	src/server/scriptInfo.ts	getTelemetryFileSize
src/testRunner/unittests/tsserver/textStorage.ts	<lambda>4	src/server/scriptInfo.ts	getTelemetryFileSize
src/testRunner/unittests/tsserver/textStorage.ts	<lambda>4	src/server/scriptInfo.ts	hasScriptVersionCache_TestOnly
src/testRunner/unittests/tsserver/textStorage.ts	<lambda>4	src/server/scriptInfo.ts	useText
src/testRunner/unittests/tsserver/textStorage.ts	<lambda>5	src/server/scriptInfo.ts	getTelemetryFileSize
src/testRunner/unittests/tsserver/textStorage.ts	<lambda>5	src/server/scriptInfo.ts	hasScriptVersionCache_TestOnly
src/testRunner/unittests/tsserver/textStorage.ts	<lambda>5	src/server/scriptInfo.ts	switchToScriptVersionCache
src/testRunner/unittests/tsserver/textStorage.ts	<lambda>6	src/server/scriptInfo.ts	getTelemetryFileSize
src/testRunner/unittests/tsserver/textStorage.ts	<lambda>6	src/server/scriptInfo.ts	hasScriptVersionCache_TestOnly
src/testRunner/unittests/tsserver/textStorage.ts	<lambda>6	src/server/scriptInfo.ts	reloadWithFileText
src/testRunner/unittests/tsserver/textStorage.ts	<lambda>7	src/server/scriptInfo.ts	delayReloadFromFileIntoText
src/testRunner/unittests/tsserver/textStorage.ts	<lambda>7	src/server/scriptInfo.ts	getTelemetryFileSize
src/testRunner/unittests/tsserver/textStorage.ts	<lambda>7	src/server/scriptInfo.ts	reloadWithFileText
src/testRunner/unittests/tsserver/typeAquisition.ts	<lambda>1	src/server/project.ts	getTypeAcquisition
src/testRunner/unittests/tsserver/typingsInstaller.ts	<lambda>53	src/compiler/sourcemap.ts	next
src/testRunner/unittests/tsserver/typingsInstaller.ts	<lambda>53	src/testRunner/parallel/worker.ts	next
src/testRunner/unittests/tsserver/typingsInstaller.ts	verifyResolvedModuleOfFooo	src/compiler/types.ts	getResolvedModule
src/testRunner/unittests/tsserver/versionCache.ts	<lambda>39	src/server/scriptVersionCache.ts	getText
src/testRunner/unittests/tsserver/versionCache.ts	<lambda>40	src/server/scriptVersionCache.ts	edit
src/testRunner/unittests/tsserver/versionCache.ts	<lambda>40	src/server/scriptVersionCache.ts	getSnapshot
src/testRunner/unittests/tsserver/versionCache.ts	<lambda>41	src/server/scriptVersionCache.ts	getText
src/testRunner/unittests/tsserver/versionCache.ts	<lambda>5	src/server/scriptVersionCache.ts	getLength
src/testRunner/unittests/tsserver/versionCache.ts	<lambda>5	src/server/scriptVersionCache.ts	getText
src/testRunner/unittests/tsserver/versionCache.ts	<lambda>5	src/server/scriptVersionCache.ts	positionToLineOffset
src/testRunner/unittests/tsserver/versionCache.ts	validateEdit	src/server/scriptVersionCache.ts	getLength
src/testRunner/unittests/tsserver/versionCache.ts	validateEdit	src/server/scriptVersionCache.ts	getText
src/testRunner/unittests/typeParameterIsPossiblyReferenced.ts	<lambda>1	src/compiler/types.ts	getTypeAtLocation
src/testRunner/unittests/typeParameterIsPossiblyReferenced.ts	<lambda>1	src/compiler/types.ts	getTypeChecker
src/testRunner/unittests/typeParameterIsPossiblyReferenced.ts	<lambda>1	src/compiler/types.ts	isTypeParameterPossiblyReferenced
src/tsserver/common.ts	getLogLevel	src/compiler/sourcemap.ts	next
src/tsserver/common.ts	getLogLevel	src/testRunner/parallel/worker.ts	next
src/tsserver/nodeServer.ts	<lambda>16	src/server/types.ts	gc
src/tsserver/nodeServer.ts	<lambda>4	src/compiler/sourcemap.ts	next
src/tsserver/nodeServer.ts	<lambda>4	src/testRunner/parallel/worker.ts	next
src/tsserver/nodeServer.ts	createInstallerProcess	src/compiler/sourcemap.ts	next
src/tsserver/nodeServer.ts	createInstallerProcess	src/compiler/sys.ts	on
src/tsserver/nodeServer.ts	createInstallerProcess	src/testRunner/parallel/worker.ts	next
src/tsserver/nodeServer.ts	createInstallerProcess	src/testRunner/unittests/tsserver/session.ts	on
src/tsserver/nodeServer.ts	event	src/compiler/tracing.ts	push
src/tsserver/nodeServer.ts	event	src/server/session.ts	event
src/tsserver/nodeServer.ts	exit	src/compiler/factory/utilities.ts	exit
src/tsserver/nodeServer.ts	exit	src/compiler/performance.ts	exit
src/tsserver/nodeServer.ts	exit	src/compiler/sys.ts	exit
src/tsserver/nodeServer.ts	exit	src/harness/fakesHosts.ts	exit
src/tsserver/nodeServer.ts	exit	src/harness/harnessIO.ts	exit
src/tsserver/nodeServer.ts	exit	src/server/session.ts	exit
src/tsserver/nodeServer.ts	exit	src/testRunner/unittests/helpers/virtualFileSystemWithWatch.ts	exit
src/tsserver/nodeServer.ts	listen	src/compiler/sys.ts	on
src/tsserver/nodeServer.ts	listen	src/testRunner/unittests/tsserver/session.ts	on
src/tsserver/nodeServer.ts	startNodeSession	src/compiler/sys.ts	on
src/tsserver/nodeServer.ts	startNodeSession	src/testRunner/unittests/tsserver/session.ts	on
src/tsserver/nodeServer.ts	writeToEventSocket	src/compiler/sys.ts	write
src/tsserver/nodeServer.ts	writeToEventSocket	src/compiler/types.ts	write
src/tsserver/nodeServer.ts	writeToEventSocket	src/compiler/utilities.ts	write
src/tsserver/nodeServer.ts	writeToEventSocket	src/compiler/watch.ts	write
src/tsserver/nodeServer.ts	writeToEventSocket	src/harness/fakesHosts.ts	write
src/tsserver/nodeServer.ts	writeToEventSocket	src/harness/harnessLanguageService.ts	write
src/tsserver/nodeServer.ts	writeToEventSocket	src/harness/typeWriter.ts	write
src/tsserver/nodeServer.ts	writeToEventSocket	src/services/completions.ts	write
src/tsserver/nodeServer.ts	writeToEventSocket	src/services/textChanges.ts	write
src/tsserver/nodeServer.ts	writeToEventSocket	src/testRunner/unittests/helpers/virtualFileSystemWithWatch.ts	write
src/tsserver/nodeServer.ts	writeToEventSocket	src/testRunner/unittests/tsserver/session.ts	write
src/tsserver/server.ts	<lambda>1	src/server/utilitiesPublic.ts	msg
src/tsserver/server.ts	<lambda>1	src/tsserver/nodeServer.ts	msg
src/tsserver/server.ts	<lambda>2	src/server/utilitiesPublic.ts	msg
src/tsserver/server.ts	<lambda>2	src/tsserver/nodeServer.ts	msg
src/tsserver/server.ts	<lambda>3	src/server/utilitiesPublic.ts	msg
src/tsserver/server.ts	<lambda>3	src/tsserver/nodeServer.ts	msg
src/tsserver/server.ts	start	src/server/utilitiesPublic.ts	info
src/tsserver/server.ts	start	src/tsserver/nodeServer.ts	info
src/typingsInstaller/nodeTypingsInstaller.ts	<init>	src/compiler/sys.ts	getExecutingFilePath
src/typingsInstaller/nodeTypingsInstaller.ts	<init>	src/harness/fakesHosts.ts	getExecutingFilePath
src/typingsInstaller/nodeTypingsInstaller.ts	<lambda>4	src/compiler/factory/utilities.ts	exit
src/typingsInstaller/nodeTypingsInstaller.ts	<lambda>4	src/compiler/performance.ts	exit
src/typingsInstaller/nodeTypingsInstaller.ts	<lambda>4	src/compiler/sys.ts	exit
src/typingsInstaller/nodeTypingsInstaller.ts	<lambda>4	src/harness/fakesHosts.ts	exit
src/typingsInstaller/nodeTypingsInstaller.ts	<lambda>4	src/harness/harnessIO.ts	exit
src/typingsInstaller/nodeTypingsInstaller.ts	<lambda>4	src/server/session.ts	exit
src/typingsInstaller/nodeTypingsInstaller.ts	<lambda>4	src/testRunner/unittests/helpers/virtualFileSystemWithWatch.ts	exit
src/typingsInstaller/nodeTypingsInstaller.ts	<lambda>4	src/tsserver/nodeServer.ts	exit
src/typingsInstaller/nodeTypingsInstaller.ts	handleRequest	src/testRunner/unittests/tsserver/session.ts	handleRequest
src/typingsInstaller/nodeTypingsInstaller.ts	handleRequest	src/typingsInstallerCore/typingsInstaller.ts	handleRequest
src/typingsInstallerCore/typingsInstaller.ts	<lambda>6	src/compiler/sourcemap.ts	next
src/typingsInstallerCore/typingsInstaller.ts	<lambda>6	src/testRunner/parallel/worker.ts	next
src/typingsInstallerCore/typingsInstaller.ts	processCacheLocation	src/compiler/sourcemap.ts	next
src/typingsInstallerCore/typingsInstaller.ts	processCacheLocation	src/testRunner/parallel/worker.ts	next
