internal/api/encoder/decoder_generated.go	createChildrenNode	internal/ast/ast_generated.go	NewNotEmittedStatement	multi-hop-receiver
internal/api/encoder/encoder.go	encodeDiagnosticDirectives	internal/core/text.go	End	multi-hop-receiver
internal/api/encoder/encoder.go	encodeDiagnosticDirectives	internal/core/text.go	Pos	multi-hop-receiver
internal/api/encoder/encoder.go	encodeModuleAugmentations	internal/ast/ast.go	AsNode	alias-receiver
internal/api/encoder/encoder.go	encodeNodeIndexArray	internal/ast/ast.go	AsNode	alias-receiver
internal/api/proto.go	NewProjectResponse	internal/tsoptions/parsedcommandline.go	CompilerOptions	multi-hop-receiver
internal/api/proto.go	literalValueToJSON	internal/jsnum/pseudobigint.go	String	concrete-one-hop-receiver
internal/api/protocol_msgpack.go	readTuple	internal/api/protocol_msgpack.go	IsValid	concrete-one-hop-receiver
internal/api/server.go	Run	internal/api/session.go	Close	concrete-one-hop-receiver
internal/api/server.go	Run	internal/api/session.go	NewSession	package-level-call
internal/api/session.go	Close	internal/project/snapshot.go	Deref	multi-hop-receiver
internal/api/session.go	handleFormatNodeForInsertion	internal/project/snapshot.go	UserPreferences	multi-hop-receiver
internal/api/session.go	handleGetAliasedSymbol	internal/checker/checker.go	GetAliasedSymbol	multi-hop-receiver
internal/api/session.go	handleGetCompletionsAtPosition	internal/ast/ast.go	GetPositionMap	concrete-one-hop-receiver
internal/api/session.go	handleGetCompletionsAtPosition	internal/ast/positionmap.go	UTF16ToUTF8	concrete-one-hop-receiver
internal/api/session.go	handleGetConfigFileNames	internal/ast/ast.go	FileName	multi-hop-receiver
internal/api/session.go	handleGetConfigFileNames	internal/tsoptions/parsedcommandline.go	ExtendedSourceFiles	concrete-one-hop-receiver
internal/api/session.go	handleGetConfigSourceFile	internal/ast/ast.go	Path	concrete-one-hop-receiver
internal/api/session.go	handleGetConfigSourceFile	internal/project/snapshot.go	ReadFile	multi-hop-receiver
internal/api/session.go	handleGetConfigSourceFile	internal/tsoptions/parsedcommandline.go	ExtendedSourceFiles	concrete-one-hop-receiver
internal/api/session.go	handleGetConstantValue	internal/checker/services.go	GetConstantValue	multi-hop-receiver
internal/api/session.go	handleGetDefaultProjectForFile	internal/project/snapshot.go	GetDefaultProject	multi-hop-receiver
internal/api/session.go	handleGetGlobalDiagnostics	internal/compiler/program.go	GetSemanticDiagnostics	concrete-one-hop-receiver
internal/api/session.go	handleGetImportAdderEdits	internal/ast/ast.go	FileName	concrete-one-hop-receiver
internal/api/session.go	handleGetImportAdderEdits	internal/ls/autoimport/registry.go	IsPreparedForImportingFile	concrete-one-hop-receiver
internal/api/session.go	handleGetImportAdderEdits	internal/ls/lsutil/userpreferences.go	ModuleSpecifierPreferences	concrete-one-hop-receiver
internal/api/session.go	handleGetImportAdderEdits	internal/project/snapshot.go	AutoImportRegistry	concrete-one-hop-receiver
internal/api/session.go	handleGetImportAdderEdits	internal/project/snapshot.go	Converters	concrete-one-hop-receiver
internal/api/session.go	handleGetImportAdderEdits	internal/project/snapshot.go	GetPreferences	concrete-one-hop-receiver
internal/api/session.go	handleGetImportAdderEdits	internal/project/snapshot.go	UserPreferences	concrete-one-hop-receiver
internal/api/session.go	handleGetIndexInfosOfType	internal/checker/types.go	Declaration	concrete-one-hop-receiver
internal/api/session.go	handleGetReferencedSymbolsForNode	internal/ls/findallreferences.go	Node	concrete-one-hop-receiver
internal/api/session.go	handleGetReferencesToSymbolInFile	internal/compiler/program.go	GetSourceFile	multi-hop-receiver
internal/api/session.go	handleGetReturnTypeOfSignature	internal/checker/exports.go	GetReturnTypeOfSignature	multi-hop-receiver
internal/api/session.go	handleGetSourceFileMetadata	internal/ast/ast.go	Path	concrete-one-hop-receiver
internal/api/session.go	handleGetSourceFileNames	internal/ast/ast.go	FileName	concrete-one-hop-receiver
internal/api/session.go	handleGetSymbolAtLocation	internal/checker/checker.go	GetSymbolAtLocation	multi-hop-receiver
internal/api/session.go	handleGetSymbolAtPosition	internal/ast/ast.go	GetPositionMap	concrete-one-hop-receiver
internal/api/session.go	handleGetSymbolAtPosition	internal/ast/positionmap.go	UTF16ToUTF8	concrete-one-hop-receiver
internal/api/session.go	handleGetSymbolAtPosition	internal/checker/checker.go	GetSymbolAtLocation	multi-hop-receiver
internal/api/session.go	handleGetSymbolAtPosition	internal/compiler/program.go	GetSourceFile	multi-hop-receiver
internal/api/session.go	handleGetSymbolOfSourceFile	internal/ast/ast.go	AsNode	embedded-promoted-method
internal/api/session.go	handleGetSymbolOfSourceFile	internal/checker/checker.go	GetSymbolAtLocation	multi-hop-receiver
internal/api/session.go	handleGetSymbolOfSourceFile	internal/compiler/program.go	GetSourceFile	multi-hop-receiver
internal/api/session.go	handleGetSymbolsAtLocations	internal/checker/checker.go	GetSymbolAtLocation	multi-hop-receiver
internal/api/session.go	handleGetSymbolsAtPositions	internal/ast/ast.go	GetPositionMap	concrete-one-hop-receiver
internal/api/session.go	handleGetSymbolsAtPositions	internal/ast/positionmap.go	UTF16ToUTF8	concrete-one-hop-receiver
internal/api/session.go	handleGetSymbolsAtPositions	internal/checker/checker.go	GetSymbolAtLocation	multi-hop-receiver
internal/api/session.go	handleGetSymbolsAtPositions	internal/compiler/program.go	GetSourceFile	multi-hop-receiver
internal/api/session.go	handleGetSymbolsOfSourceFiles	internal/ast/ast.go	AsNode	embedded-promoted-method
internal/api/session.go	handleGetSymbolsOfSourceFiles	internal/checker/checker.go	GetSymbolAtLocation	multi-hop-receiver
internal/api/session.go	handleGetSymbolsOfSourceFiles	internal/compiler/program.go	GetSourceFile	multi-hop-receiver
internal/api/session.go	handleGetTypeAtPosition	internal/ast/ast.go	GetPositionMap	concrete-one-hop-receiver
internal/api/session.go	handleGetTypeAtPosition	internal/ast/positionmap.go	UTF16ToUTF8	concrete-one-hop-receiver
internal/api/session.go	handleGetTypeAtPosition	internal/compiler/program.go	GetSourceFile	multi-hop-receiver
internal/api/session.go	handleGetTypeOfSymbol	internal/checker/exports.go	GetTypeOfSymbol	multi-hop-receiver
internal/api/session.go	handleGetTypesAtPositions	internal/ast/ast.go	GetPositionMap	concrete-one-hop-receiver
internal/api/session.go	handleGetTypesAtPositions	internal/ast/positionmap.go	UTF16ToUTF8	concrete-one-hop-receiver
internal/api/session.go	handleGetTypesAtPositions	internal/compiler/program.go	GetSourceFile	multi-hop-receiver
internal/api/session.go	handleGetTypesOfSymbols	internal/checker/exports.go	GetTypeOfSymbol	multi-hop-receiver
internal/api/session.go	handleIsTupleType	internal/checker/exports.go	IsTupleType	package-qualified-call
internal/api/session.go	handleSignatureToSignatureDeclaration	internal/ast/ast.go	AsNode	concrete-one-hop-receiver
internal/api/session.go	handleSignatureToSignatureDeclaration	internal/checker/printer.go	SignatureToSignatureDeclaration	multi-hop-receiver
internal/api/session.go	handleTypeToTypeNode	internal/ast/ast.go	AsNode	alias-receiver
internal/api/session.go	handleTypeToTypeNode	internal/checker/printer.go	TypeToTypeNode	multi-hop-receiver
internal/api/session.go	handleUpdateSnapshot	internal/project/projectcollection.go	Projects	multi-hop-receiver
internal/api/session.go	handleUpdateTemporarySnapshot	internal/project/projectcollection.go	Projects	multi-hop-receiver
internal/api/session.go	newTypeResponse	internal/api/proto.go	newTypeResponse	package-level-call
internal/api/session.go	releaseSnapshot	internal/project/snapshot.go	Deref	multi-hop-receiver
internal/api/session.go	resolveLocation	internal/ast/ast.go	GetPositionMap	concrete-one-hop-receiver
internal/ast/ast.go	GetResolutionModeOverride	internal/ast/ast_generated.go	AsImportAttributes	alias-receiver
internal/ast/ast.go	SetExpression	internal/ast/ast_generated.go	AsAsExpression	concrete-one-hop-receiver
internal/ast/ast.go	SetExpression	internal/ast/ast_generated.go	AsAwaitExpression	concrete-one-hop-receiver
internal/ast/ast.go	SetExpression	internal/ast/ast_generated.go	AsCallExpression	concrete-one-hop-receiver
internal/ast/ast.go	SetExpression	internal/ast/ast_generated.go	AsCaseOrDefaultClause	concrete-one-hop-receiver
internal/ast/ast.go	SetExpression	internal/ast/ast_generated.go	AsComputedPropertyName	concrete-one-hop-receiver
internal/ast/ast.go	SetExpression	internal/ast/ast_generated.go	AsDecorator	concrete-one-hop-receiver
internal/ast/ast.go	SetExpression	internal/ast/ast_generated.go	AsDeleteExpression	concrete-one-hop-receiver
internal/ast/ast.go	SetExpression	internal/ast/ast_generated.go	AsDoStatement	concrete-one-hop-receiver
internal/ast/ast.go	SetExpression	internal/ast/ast_generated.go	AsElementAccessExpression	concrete-one-hop-receiver
internal/ast/ast.go	SetExpression	internal/ast/ast_generated.go	AsExportAssignment	concrete-one-hop-receiver
internal/ast/ast.go	SetExpression	internal/ast/ast_generated.go	AsExpressionStatement	concrete-one-hop-receiver
internal/ast/ast.go	SetExpression	internal/ast/ast_generated.go	AsExpressionWithTypeArguments	concrete-one-hop-receiver
internal/ast/ast.go	SetExpression	internal/ast/ast_generated.go	AsExternalModuleReference	concrete-one-hop-receiver
internal/ast/ast.go	SetExpression	internal/ast/ast_generated.go	AsForInOrOfStatement	concrete-one-hop-receiver
internal/ast/ast.go	SetExpression	internal/ast/ast_generated.go	AsIfStatement	concrete-one-hop-receiver
internal/ast/ast.go	SetExpression	internal/ast/ast_generated.go	AsJsxExpression	concrete-one-hop-receiver
internal/ast/ast.go	SetExpression	internal/ast/ast_generated.go	AsJsxSpreadAttribute	concrete-one-hop-receiver
internal/ast/ast.go	SetExpression	internal/ast/ast_generated.go	AsNewExpression	concrete-one-hop-receiver
internal/ast/ast.go	SetExpression	internal/ast/ast_generated.go	AsNonNullExpression	concrete-one-hop-receiver
internal/ast/ast.go	SetExpression	internal/ast/ast_generated.go	AsParenthesizedExpression	concrete-one-hop-receiver
internal/ast/ast.go	SetExpression	internal/ast/ast_generated.go	AsPartiallyEmittedExpression	concrete-one-hop-receiver
internal/ast/ast.go	SetExpression	internal/ast/ast_generated.go	AsPropertyAccessExpression	concrete-one-hop-receiver
internal/ast/ast.go	SetExpression	internal/ast/ast_generated.go	AsReturnStatement	concrete-one-hop-receiver
internal/ast/ast.go	SetExpression	internal/ast/ast_generated.go	AsSatisfiesExpression	concrete-one-hop-receiver
internal/ast/ast.go	SetExpression	internal/ast/ast_generated.go	AsSpreadAssignment	concrete-one-hop-receiver
internal/ast/ast.go	SetExpression	internal/ast/ast_generated.go	AsSpreadElement	concrete-one-hop-receiver
internal/ast/ast.go	SetExpression	internal/ast/ast_generated.go	AsSwitchStatement	concrete-one-hop-receiver
internal/ast/ast.go	SetExpression	internal/ast/ast_generated.go	AsTemplateSpan	concrete-one-hop-receiver
internal/ast/ast.go	SetExpression	internal/ast/ast_generated.go	AsThrowStatement	concrete-one-hop-receiver
internal/ast/ast.go	SetExpression	internal/ast/ast_generated.go	AsTypeAssertion	concrete-one-hop-receiver
internal/ast/ast.go	SetExpression	internal/ast/ast_generated.go	AsTypeOfExpression	concrete-one-hop-receiver
internal/ast/ast.go	SetExpression	internal/ast/ast_generated.go	AsVoidExpression	concrete-one-hop-receiver
internal/ast/ast.go	SetExpression	internal/ast/ast_generated.go	AsWhileStatement	concrete-one-hop-receiver
internal/ast/ast.go	SetExpression	internal/ast/ast_generated.go	AsWithStatement	concrete-one-hop-receiver
internal/ast/ast.go	SetExpression	internal/ast/ast_generated.go	AsYieldExpression	concrete-one-hop-receiver
internal/ast/ast.go	SetExpression	internal/ast/kind_stringer_generated.go	String	multi-hop-receiver
internal/ast/ast.go	SetInitializer	internal/ast/ast_generated.go	AsBindingElement	concrete-one-hop-receiver
internal/ast/ast.go	SetInitializer	internal/ast/ast_generated.go	AsEnumMember	concrete-one-hop-receiver
internal/ast/ast.go	SetInitializer	internal/ast/ast_generated.go	AsForInOrOfStatement	concrete-one-hop-receiver
internal/ast/ast.go	SetInitializer	internal/ast/ast_generated.go	AsForStatement	concrete-one-hop-receiver
internal/ast/ast.go	SetInitializer	internal/ast/ast_generated.go	AsJsxAttribute	concrete-one-hop-receiver
internal/ast/ast.go	SetInitializer	internal/ast/ast_generated.go	AsParameterDeclaration	concrete-one-hop-receiver
internal/ast/ast.go	SetInitializer	internal/ast/ast_generated.go	AsPropertyAssignment	concrete-one-hop-receiver
internal/ast/ast.go	SetInitializer	internal/ast/ast_generated.go	AsPropertyDeclaration	concrete-one-hop-receiver
internal/ast/ast.go	SetInitializer	internal/ast/ast_generated.go	AsPropertySignatureDeclaration	concrete-one-hop-receiver
internal/ast/ast.go	SetInitializer	internal/ast/ast_generated.go	AsVariableDeclaration	concrete-one-hop-receiver
internal/ast/ast.go	SetType	internal/ast/ast.go	FunctionLikeData	concrete-one-hop-receiver
internal/ast/ast.go	SetType	internal/ast/ast_generated.go	AsAsExpression	concrete-one-hop-receiver
internal/ast/ast.go	SetType	internal/ast/ast_generated.go	AsBinaryExpression	concrete-one-hop-receiver
internal/ast/ast.go	SetType	internal/ast/ast_generated.go	AsExportAssignment	concrete-one-hop-receiver
internal/ast/ast.go	SetType	internal/ast/ast_generated.go	AsJSDocNonNullableType	concrete-one-hop-receiver
internal/ast/ast.go	SetType	internal/ast/ast_generated.go	AsJSDocNullableType	concrete-one-hop-receiver
internal/ast/ast.go	SetType	internal/ast/ast_generated.go	AsJSDocOptionalType	concrete-one-hop-receiver
internal/ast/ast.go	SetType	internal/ast/ast_generated.go	AsJSDocParameterOrPropertyTag	concrete-one-hop-receiver
internal/ast/ast.go	SetType	internal/ast/ast_generated.go	AsJSDocTypeExpression	concrete-one-hop-receiver
internal/ast/ast.go	SetType	internal/ast/ast_generated.go	AsMappedTypeNode	concrete-one-hop-receiver
internal/ast/ast.go	SetType	internal/ast/ast_generated.go	AsNamedTupleMember	concrete-one-hop-receiver
internal/ast/ast.go	SetType	internal/ast/ast_generated.go	AsOptionalTypeNode	concrete-one-hop-receiver
internal/ast/ast.go	SetType	internal/ast/ast_generated.go	AsParameterDeclaration	concrete-one-hop-receiver
internal/ast/ast.go	SetType	internal/ast/ast_generated.go	AsParenthesizedTypeNode	concrete-one-hop-receiver
internal/ast/ast.go	SetType	internal/ast/ast_generated.go	AsPropertyAssignment	concrete-one-hop-receiver
internal/ast/ast.go	SetType	internal/ast/ast_generated.go	AsPropertyDeclaration	concrete-one-hop-receiver
internal/ast/ast.go	SetType	internal/ast/ast_generated.go	AsPropertySignatureDeclaration	concrete-one-hop-receiver
internal/ast/ast.go	SetType	internal/ast/ast_generated.go	AsRestTypeNode	concrete-one-hop-receiver
internal/ast/ast.go	SetType	internal/ast/ast_generated.go	AsSatisfiesExpression	concrete-one-hop-receiver
internal/ast/ast.go	SetType	internal/ast/ast_generated.go	AsShorthandPropertyAssignment	concrete-one-hop-receiver
internal/ast/ast.go	SetType	internal/ast/ast_generated.go	AsTemplateLiteralTypeSpan	concrete-one-hop-receiver
internal/ast/ast.go	SetType	internal/ast/ast_generated.go	AsTypeAliasDeclaration	concrete-one-hop-receiver
internal/ast/ast.go	SetType	internal/ast/ast_generated.go	AsTypeAssertion	concrete-one-hop-receiver
internal/ast/ast.go	SetType	internal/ast/ast_generated.go	AsTypeOperatorNode	concrete-one-hop-receiver
internal/ast/ast.go	SetType	internal/ast/ast_generated.go	AsTypePredicateNode	concrete-one-hop-receiver
internal/ast/ast.go	SetType	internal/ast/ast_generated.go	AsVariableDeclaration	concrete-one-hop-receiver
internal/ast/ast.go	SetType	internal/ast/kind_stringer_generated.go	String	multi-hop-receiver
internal/ast/ast.go	accessKind	internal/ast/ast_generated.go	Name	multi-hop-receiver
internal/ast/ast.go	computeSubtreeFacts	internal/ast/subtreefacts.go	propagateSubtreeFacts	package-level-call
internal/ast/ast.go	propagateSubtreeFacts	internal/ast/subtreefacts.go	propagateSubtreeFacts	package-level-call
internal/ast/ast_generated.go	Clone	internal/ast/kind_stringer_generated.go	String	multi-hop-receiver
internal/ast/ast_generated.go	ForEachChild	internal/ast/ast.go	ForEachChild	multi-hop-receiver
internal/ast/ast_generated.go	ForEachChild	internal/ast/ast.go	visit	package-level-call
internal/ast/ast_generated.go	ForEachChild	internal/ast/ast.go	visitModifiers	package-level-call
internal/ast/ast_generated.go	ForEachChild	internal/ast/ast.go	visitNodes	package-level-call
internal/ast/ast_generated.go	UpdateArrayLiteralExpression	internal/ast/ast.go	AsNode	embedded-promoted-method
internal/ast/ast_generated.go	UpdateCallExpression	internal/ast/ast.go	AsNode	embedded-promoted-method
internal/ast/ast_generated.go	UpdateClassExpression	internal/ast/ast.go	AsNode	embedded-promoted-method
internal/ast/ast_generated.go	UpdateElementAccessExpression	internal/ast/ast.go	AsNode	embedded-promoted-method
internal/ast/ast_generated.go	UpdateExpressionWithTypeArguments	internal/ast/ast.go	AsNode	embedded-promoted-method
internal/ast/ast_generated.go	UpdateFunctionExpression	internal/ast/ast.go	AsNode	embedded-promoted-method
internal/ast/ast_generated.go	UpdateImportDeclaration	internal/ast/kind_stringer_generated.go	String	multi-hop-receiver
internal/ast/ast_generated.go	UpdateJsxAttributes	internal/ast/ast.go	AsNode	embedded-promoted-method
internal/ast/ast_generated.go	UpdateJsxElement	internal/ast/ast.go	AsNode	embedded-promoted-method
internal/ast/ast_generated.go	UpdateJsxFragment	internal/ast/ast.go	AsNode	embedded-promoted-method
internal/ast/ast_generated.go	UpdateJsxSelfClosingElement	internal/ast/ast.go	AsNode	embedded-promoted-method
internal/ast/ast_generated.go	UpdateMetaProperty	internal/ast/ast.go	AsNode	embedded-promoted-method
internal/ast/ast_generated.go	UpdateNewExpression	internal/ast/ast.go	AsNode	embedded-promoted-method
internal/ast/ast_generated.go	UpdateNonNullExpression	internal/ast/ast.go	AsNode	embedded-promoted-method
internal/ast/ast_generated.go	UpdateObjectLiteralExpression	internal/ast/ast.go	AsNode	embedded-promoted-method
internal/ast/ast_generated.go	UpdateParenthesizedExpression	internal/ast/ast.go	AsNode	embedded-promoted-method
internal/ast/ast_generated.go	UpdatePartiallyEmittedExpression	internal/ast/ast.go	AsNode	embedded-promoted-method
internal/ast/ast_generated.go	UpdatePostfixUnaryExpression	internal/ast/ast.go	AsNode	embedded-promoted-method
internal/ast/ast_generated.go	UpdatePrefixUnaryExpression	internal/ast/ast.go	AsNode	embedded-promoted-method
internal/ast/ast_generated.go	UpdatePropertyAccessExpression	internal/ast/ast.go	AsNode	embedded-promoted-method
internal/ast/ast_generated.go	UpdateTaggedTemplateExpression	internal/ast/ast.go	AsNode	embedded-promoted-method
internal/ast/ast_generated.go	UpdateTemplateExpression	internal/ast/ast.go	AsNode	embedded-promoted-method
internal/ast/ast_generated.go	UpdateTypeAliasDeclaration	internal/ast/kind_stringer_generated.go	String	multi-hop-receiver
internal/ast/ast_generated.go	computeSubtreeFacts	internal/ast/subtreefacts.go	propagateSubtreeFacts	package-level-call
internal/ast/deepclone.go	getDeepCloneVisitor	internal/ast/visitor.go	NewNodeVisitor	package-level-call
internal/ast/precedence.go	GetExpressionPrecedence	internal/ast/ast.go	ArgumentList	alias-receiver
internal/ast/precedence.go	GetLeftmostExpression	internal/ast/ast.go	Expression	alias-receiver
internal/ast/precedence.go	GetLeftmostExpression	internal/ast/ast_generated.go	AsBinaryExpression	alias-receiver
internal/ast/precedence.go	GetLeftmostExpression	internal/ast/ast_generated.go	AsConditionalExpression	alias-receiver
internal/ast/precedence.go	GetLeftmostExpression	internal/ast/ast_generated.go	AsPostfixUnaryExpression	alias-receiver
internal/ast/precedence.go	GetLeftmostExpression	internal/ast/ast_generated.go	AsTaggedTemplateExpression	alias-receiver
internal/ast/precedence.go	GetTypeNodePrecedence	internal/ast/ast_generated.go	AsInferTypeNode	alias-receiver
internal/ast/precedence.go	getOperator	internal/ast/ast_generated.go	AsBinaryExpression	alias-receiver
internal/ast/precedence.go	getOperator	internal/ast/ast_generated.go	AsPostfixUnaryExpression	alias-receiver
internal/ast/precedence.go	getOperator	internal/ast/ast_generated.go	AsPrefixUnaryExpression	alias-receiver
internal/ast/symbol.go	SymbolName	internal/ast/ast.go	Text	alias-receiver
internal/ast/utilities.go	FindConstructorDeclaration	internal/ast/ast.go	Members	alias-receiver
internal/ast/utilities.go	ForEachChildAndJSDoc	internal/ast/ast.go	visitNodes	package-level-call
internal/ast/utilities.go	GetAllAccessorDeclarationsForDeclaration	internal/ast/ast.go	Pos	alias-receiver
internal/ast/utilities.go	GetAllAccessorDeclarationsForDeclaration	internal/ast/ast_generated.go	AsGetAccessorDeclaration	alias-receiver
internal/ast/utilities.go	GetAllAccessorDeclarationsForDeclaration	internal/ast/ast_generated.go	AsSetAccessorDeclaration	alias-receiver
internal/ast/utilities.go	GetAssignedName	internal/ast/ast_generated.go	Name	multi-hop-receiver
internal/ast/utilities.go	GetAssignmentDeclarationKind	internal/ast/ast.go	Expression	alias-receiver
internal/ast/utilities.go	GetAssignmentDeclarationKind	internal/ast/ast.go	Name	alias-receiver
internal/ast/utilities.go	GetAssignmentTarget	internal/ast/ast_generated.go	Name	multi-hop-receiver
internal/ast/utilities.go	GetExternalModuleImportEqualsDeclarationExpression	internal/ast/ast.go	Expression	alias-receiver
internal/ast/utilities.go	GetExternalModuleName	internal/ast/ast.go	Expression	alias-receiver
internal/ast/utilities.go	GetExternalModuleName	internal/ast/ast_generated.go	IsStringLiteral	package-level-call
internal/ast/utilities.go	GetHeritageClauseElementName	internal/ast/ast_generated.go	AsExpressionWithTypeArguments	alias-receiver
internal/ast/utilities.go	GetHeritageClauseElementName	internal/ast/ast_generated.go	AsTypeReferenceNode	alias-receiver
internal/ast/utilities.go	GetImmediatelyInvokedFunctionExpression	internal/ast/ast.go	Expression	concrete-one-hop-receiver
internal/ast/utilities.go	GetInitializerOfBinaryExpression	internal/ast/ast.go	Expression	alias-receiver
internal/ast/utilities.go	GetRestParameterElementType	internal/ast/ast_generated.go	AsArrayTypeNode	alias-receiver
internal/ast/utilities.go	GetRestParameterElementType	internal/ast/ast_generated.go	AsTypeReferenceNode	alias-receiver
internal/ast/utilities.go	IsConstTypeReference	internal/ast/ast.go	Text	alias-receiver
internal/ast/utilities.go	IsDeclarationName	internal/ast/ast.go	Name	multi-hop-receiver
internal/ast/utilities.go	IsExportNamespaceAsDefaultDeclaration	internal/ast/ast.go	Name	alias-receiver
internal/ast/utilities.go	IsExpressionNode	internal/ast/ast.go	Expression	multi-hop-receiver
internal/ast/utilities.go	IsExpressionOfOptionalChainRoot	internal/ast/ast.go	Expression	multi-hop-receiver
internal/ast/utilities.go	IsIdentifierName	internal/ast/ast.go	Name	concrete-one-hop-receiver
internal/ast/utilities.go	IsIdentifierName	internal/ast/ast.go	PropertyName	concrete-one-hop-receiver
internal/ast/utilities.go	IsImportMeta	internal/ast/ast.go	Text	alias-receiver
internal/ast/utilities.go	IsInExpressionContext	internal/ast/ast.go	Expression	concrete-one-hop-receiver
internal/ast/utilities.go	IsInTopLevelContext	internal/ast/ast.go	Name	concrete-one-hop-receiver
internal/ast/utilities.go	IsInitializedProperty	internal/ast/ast.go	Initializer	alias-receiver
internal/ast/utilities.go	IsLiteralImportTypeNode	internal/ast/ast_generated.go	IsStringLiteral	package-level-call
internal/ast/utilities.go	IsModuleExportsQualifiedName	internal/ast/ast.go	Text	alias-receiver
internal/ast/utilities.go	IsOuterExpression	internal/ast/ast_generated.go	AsBinaryExpression	alias-receiver
internal/ast/utilities.go	IsOutermostOptionalChain	internal/ast/ast.go	Expression	concrete-one-hop-receiver
internal/ast/utilities.go	IsPartOfTypeNode	internal/ast/ast_generated.go	Name	multi-hop-receiver
internal/ast/utilities.go	IsPrimitiveLiteralValue	internal/ast/ast_generated.go	IsBigIntLiteral	package-level-call
internal/ast/utilities.go	IsProtoSetter	internal/ast/ast_generated.go	IsStringLiteral	package-level-call
internal/ast/utilities.go	IsRequireCall	internal/ast/ast.go	Text	alias-receiver
internal/ast/utilities.go	IsRightSideOfPropertyAccess	internal/ast/ast.go	Name	multi-hop-receiver
internal/ast/utilities.go	IsRightSideOfQualifiedNameOrPropertyAccess	internal/ast/ast_generated.go	Name	multi-hop-receiver
internal/ast/utilities.go	IsSignedNumericLiteral	internal/ast/ast_generated.go	AsPrefixUnaryExpression	concrete-one-hop-receiver
internal/ast/utilities.go	NodeIsMissing	internal/core/text.go	End	multi-hop-receiver
internal/ast/utilities.go	NodeIsMissing	internal/core/text.go	Pos	multi-hop-receiver
internal/ast/utilities.go	NodeIsSynthesized	internal/core/text.go	End	multi-hop-receiver
internal/ast/utilities.go	NodeIsSynthesized	internal/core/text.go	Pos	multi-hop-receiver
internal/ast/utilities.go	SkipOuterExpressions	internal/ast/ast.go	Expression	alias-receiver
internal/ast/utilities.go	SkipOuterExpressions	internal/ast/ast_generated.go	AsBinaryExpression	alias-receiver
internal/ast/utilities.go	TagNamesAreEquivalent	internal/ast/ast.go	Expression	alias-receiver
internal/ast/utilities.go	TagNamesAreEquivalent	internal/ast/ast.go	Text	alias-receiver
internal/ast/utilities.go	TagNamesAreEquivalent	internal/ast/ast_generated.go	AsJsxNamespacedName	alias-receiver
internal/ast/utilities.go	TagNamesAreEquivalent	internal/ast/ast_generated.go	AsPropertyAccessExpression	alias-receiver
internal/ast/utilities.go	TagNamesAreEquivalent	internal/ast/ast_generated.go	Name	multi-hop-receiver
internal/ast/utilities.go	TryGetImportFromModuleSpecifier	internal/ast/ast_generated.go	IsStringLiteral	package-level-call
internal/ast/utilities.go	getImportTypeNodeLiteral	internal/ast/ast_generated.go	IsStringLiteral	package-level-call
internal/ast/utilities.go	getModuleInstanceStateForAliasTarget	internal/ast/ast.go	Statements	concrete-one-hop-receiver
internal/ast/utilities.go	getModuleInstanceStateWorker	internal/ast/ast.go	Elements	alias-receiver
internal/ast/utilities.go	getQuestionDotToken	internal/ast/ast.go	QuestionDotToken	alias-receiver
internal/ast/utilities.go	isPartOfTypeNodeInParent	internal/ast/ast.go	Type	concrete-one-hop-receiver
internal/ast/utilities.go	isPartOfTypeNodeInParent	internal/ast/ast.go	TypeArguments	concrete-one-hop-receiver
internal/ast/utilities.go	isVariableDeclarationInitializedWithRequireHelper	internal/ast/ast.go	ModifierFlags	multi-hop-receiver
internal/ast/visitor.go	VisitNode	internal/ast/ast_generated.go	AsSyntaxList	concrete-one-hop-receiver
internal/ast/visitor.go	VisitSlice	internal/ast/ast_generated.go	AsSyntaxList	concrete-one-hop-receiver
internal/ast/visitor.go	liftToBlock	internal/ast/ast_generated.go	AsSyntaxList	alias-receiver
internal/binder/binder.go	bindAssignmentTargetFlow	internal/ast/ast.go	Expression	concrete-one-hop-receiver
internal/binder/binder.go	bindAssignmentTargetFlow	internal/ast/ast_generated.go	Name	multi-hop-receiver
internal/binder/binder.go	bindCaseBlock	internal/ast/ast.go	Expression	concrete-one-hop-receiver
internal/binder/binder.go	bindClassLikeDeclaration	internal/ast/ast.go	Text	alias-receiver
internal/binder/binder.go	bindExportAssignment	internal/ast/ast.go	Symbol	concrete-one-hop-receiver
internal/binder/binder.go	bindFunctionExpression	internal/ast/ast.go	Text	alias-receiver
internal/binder/binder.go	bindLabeledStatement	internal/ast/ast.go	Text	alias-receiver
internal/binder/binder.go	bindModuleDeclaration	internal/ast/ast.go	Text	alias-receiver
internal/binder/binder.go	bindNamespaceExportDeclaration	internal/ast/utilities.go	IsExternalModule	package-qualified-call
internal/binder/binder.go	bindParameter	internal/ast/ast.go	Parameters	multi-hop-receiver
internal/binder/binder.go	bindParameter	internal/ast/ast.go	Symbol	concrete-one-hop-receiver
internal/binder/binder.go	bindThisPropertyAssignment	internal/ast/ast_generated.go	Name	multi-hop-receiver
internal/binder/binder.go	bindThisPropertyAssignment	internal/ast/kind_stringer_generated.go	String	multi-hop-receiver
internal/binder/binder.go	checkContextualIdentifier	internal/ast/utilities.go	IsExternalModule	package-qualified-call
internal/binder/binder.go	checkStrictModeCatchClause	internal/ast/ast_generated.go	Name	multi-hop-receiver
internal/binder/binder.go	declareClassMember	internal/ast/utilities.go	IsStatic	package-qualified-call
internal/binder/binder.go	declareModuleMember	internal/ast/ast.go	Symbol	concrete-one-hop-receiver
internal/binder/binder.go	declareSourceFileMember	internal/ast/utilities.go	IsExternalModule	package-qualified-call
internal/binder/binder.go	declareSymbolEx	internal/ast/ast.go	Text	alias-receiver
internal/binder/binder.go	getParentOfPropertyAssignment	internal/ast/ast.go	Expression	alias-receiver
internal/binder/binder.go	getThisClassAndSymbolTable	internal/ast/ast.go	Symbol	multi-hop-receiver
internal/binder/binder.go	getThisClassAndSymbolTable	internal/ast/utilities.go	IsStatic	package-qualified-call
internal/binder/binder.go	hasNarrowableArgument	internal/ast/ast.go	Expression	alias-receiver
internal/binder/binder.go	isSignedNumericLiteral	internal/ast/ast_generated.go	AsPrefixUnaryExpression	concrete-one-hop-receiver
internal/binder/binder.go	isStatementCondition	internal/ast/ast.go	Expression	multi-hop-receiver
internal/binder/binder.go	isTopLevelLogicalExpression	internal/ast/ast.go	Expression	multi-hop-receiver
internal/binder/nameresolver.go	Resolve	internal/ast/utilities.go	IsStatic	package-qualified-call
internal/binder/nameresolver.go	getIsDeferredContext	internal/ast/utilities.go	IsStatic	package-qualified-call
internal/binder/referenceresolver.go	GetReferencedExportContainer	internal/ast/ast.go	Name	multi-hop-receiver
internal/binder/referenceresolver.go	getReferencedValueSymbol	internal/ast/ast.go	Name	multi-hop-receiver
internal/binder/referenceresolver.go	getReferencedValueSymbol	internal/ast/ast.go	Text	alias-receiver
internal/binder/referenceresolver.go	getSymbolOfDeclaration	internal/ast/ast.go	Symbol	alias-receiver
internal/binder/referenceresolver.go	isTypeOnlyAliasDeclaration	internal/ast/ast.go	IsTypeOnly	alias-receiver
internal/bundled/bundled.go	WrapFS	internal/bundled/embed.go	wrapFS	package-level-call
internal/bundled/embed.go	WalkDir	internal/bundled/embed.go	walkDir	concrete-one-hop-receiver
internal/bundled/embed.go	walkDir	internal/bundled/embed.go	walkDir	concrete-one-hop-receiver
internal/checker/checker.go	GetTypeOfSymbolAtLocation	internal/ast/ast.go	Symbol	multi-hop-receiver
internal/checker/checker.go	addImplementationSuccessElaboration	internal/ast/ast.go	Symbol	multi-hop-receiver
internal/checker/checker.go	appendLocalTypeParametersOfClassOrInterfaceOrTypeAlias	internal/ast/ast.go	TypeParameters	concrete-one-hop-receiver
internal/checker/checker.go	areTypeParametersIdentical	internal/ast/ast.go	Name	concrete-one-hop-receiver
internal/checker/checker.go	areTypeParametersIdentical	internal/ast/ast.go	Text	alias-receiver
internal/checker/checker.go	assignBindingElementTypes	internal/ast/ast.go	Name	concrete-one-hop-receiver
internal/checker/checker.go	assignContextualParameterTypes	internal/ast/ast.go	Type	multi-hop-receiver
internal/checker/checker.go	assignParameterType	internal/ast/ast.go	Name	concrete-one-hop-receiver
internal/checker/checker.go	checkAccessorDeclaration	internal/ast/ast.go	Text	alias-receiver
internal/checker/checker.go	checkAliasSymbol	internal/ast/ast.go	Path	multi-hop-receiver
internal/checker/checker.go	checkAliasSymbol	internal/tsoptions/parsedcommandline.go	CompilerOptions	multi-hop-receiver
internal/checker/checker.go	checkAndReportErrorForMissingPrefix	internal/ast/utilities.go	IsStatic	package-qualified-call
internal/checker/checker.go	checkAndReportErrorForResolvingImportAliasToTypeOnlySymbol	internal/ast/ast.go	Text	alias-receiver
internal/checker/checker.go	checkAndReportErrorForUsingTypeAsNamespace	internal/ast/ast.go	Text	alias-receiver
internal/checker/checker.go	checkArrayLiteral	internal/ast/ast.go	Expression	concrete-one-hop-receiver
internal/checker/checker.go	checkArrayLiteralDestructuringElementAssignment	internal/ast/ast.go	Expression	concrete-one-hop-receiver
internal/checker/checker.go	checkArrayLiteralDestructuringElementAssignment	internal/ast/ast_generated.go	AsBinaryExpression	concrete-one-hop-receiver
internal/checker/checker.go	checkAssertion	internal/ast/ast.go	Text	multi-hop-receiver
internal/checker/checker.go	checkAssignmentOperator	internal/ast/ast.go	Text	alias-receiver
internal/checker/checker.go	checkCatchClause	internal/ast/ast.go	Type	alias-receiver
internal/checker/checker.go	checkClassExpressionExternalHelpers	internal/ast/ast.go	Decorators	alias-receiver
internal/checker/checker.go	checkClassForStaticPropertyNameConflicts	internal/ast/ast.go	Name	concrete-one-hop-receiver
internal/checker/checker.go	checkClassForStaticPropertyNameConflicts	internal/ast/utilities.go	IsStatic	package-qualified-call
internal/checker/checker.go	checkClassLikeDeclaration	internal/ast/ast.go	Expression	alias-receiver
internal/checker/checker.go	checkClassLikeDeclaration	internal/ast/ast.go	TypeArguments	alias-receiver
internal/checker/checker.go	checkConstEnumAccess	internal/ast/ast.go	Expression	multi-hop-receiver
internal/checker/checker.go	checkConstEnumAccess	internal/ast/ast.go	Path	multi-hop-receiver
internal/checker/checker.go	checkConstEnumAccess	internal/ast/ast.go	Text	multi-hop-receiver
internal/checker/checker.go	checkConstEnumAccess	internal/tsoptions/parsedcommandline.go	CompilerOptions	multi-hop-receiver
internal/checker/checker.go	checkConstructorDeclaration	internal/ast/ast.go	Expression	concrete-one-hop-receiver
internal/checker/checker.go	checkContextualDeprecations	internal/ast/ast.go	Name	concrete-one-hop-receiver
internal/checker/checker.go	checkCrossProductUnion	internal/checker/tracer.go	Instant	concrete-one-hop-receiver
internal/checker/checker.go	checkDeferredNode	internal/ast/ast.go	FileName	multi-hop-receiver
internal/checker/checker.go	checkDeferredNode	internal/checker/tracer.go	Push	concrete-one-hop-receiver
internal/checker/checker.go	checkDeleteExpression	internal/ast/ast.go	Name	alias-receiver
internal/checker/checker.go	checkExportDeclaration	internal/ast/ast.go	Elements	alias-receiver
internal/checker/checker.go	checkExportDeclaration	internal/ast/ast.go	Modifiers	embedded-promoted-method
internal/checker/checker.go	checkExportDeclaration	internal/ast/ast.go	Name	alias-receiver
internal/checker/checker.go	checkExportDeclaration	internal/ast/ast_generated.go	AsExportDeclaration	alias-receiver
internal/checker/checker.go	checkExportSpecifier	internal/ast/ast.go	Name	alias-receiver
internal/checker/checker.go	checkExportSpecifier	internal/ast/ast.go	PropertyName	alias-receiver
internal/checker/checker.go	checkExportSpecifier	internal/ast/ast.go	PropertyNameOrName	alias-receiver
internal/checker/checker.go	checkExportSpecifier	internal/ast/ast.go	Text	concrete-one-hop-receiver
internal/checker/checker.go	checkExpressionEx	internal/ast/ast.go	FileName	multi-hop-receiver
internal/checker/checker.go	checkExpressionEx	internal/checker/tracer.go	Push	concrete-one-hop-receiver
internal/checker/checker.go	checkExternalImportOrExportDeclaration	internal/ast/ast.go	Text	alias-receiver
internal/checker/checker.go	checkForInStatement	internal/ast/ast.go	Name	multi-hop-receiver
internal/checker/checker.go	checkIfExpressionRefinesAnyParameter	internal/ast/ast.go	Name	alias-receiver
internal/checker/checker.go	checkIfExpressionRefinesAnyParameter	internal/ast/ast.go	Symbol	alias-receiver
internal/checker/checker.go	checkIfExpressionRefinesAnyParameter	internal/ast/ast.go	Text	alias-receiver
internal/checker/checker.go	checkIfTypePredicateVariableIsDeclaredInBindingPattern	internal/ast/ast.go	Name	concrete-one-hop-receiver
internal/checker/checker.go	checkIfTypePredicateVariableIsDeclaredInBindingPattern	internal/ast/ast.go	Text	alias-receiver
internal/checker/checker.go	checkImportCallExpression	internal/ast/ast.go	Name	concrete-one-hop-receiver
internal/checker/checker.go	checkImportCallExpression	internal/ast/ast.go	Text	alias-receiver
internal/checker/checker.go	checkImportDeclaration	internal/ast/ast.go	Elements	alias-receiver
internal/checker/checker.go	checkImportDeclaration	internal/ast/ast.go	ImportClause	alias-receiver
internal/checker/checker.go	checkImportDeclaration	internal/ast/ast.go	IsTypeOnly	concrete-one-hop-receiver
internal/checker/checker.go	checkImportDeclaration	internal/ast/ast.go	Modifiers	alias-receiver
internal/checker/checker.go	checkImportDeclaration	internal/ast/ast.go	ModuleSpecifier	alias-receiver
internal/checker/checker.go	checkImportDeclaration	internal/ast/ast.go	Name	concrete-one-hop-receiver
internal/checker/checker.go	checkImportDeclaration	internal/ast/ast_generated.go	AsImportClause	concrete-one-hop-receiver
internal/checker/checker.go	checkImportMetaProperty	internal/ast/ast.go	Path	multi-hop-receiver
internal/checker/checker.go	checkImportMetaProperty	internal/ast/ast.go	Text	alias-receiver
internal/checker/checker.go	checkIndexConstraints	internal/ast/ast.go	Expression	alias-receiver
internal/checker/checker.go	checkIndexConstraints	internal/ast/ast.go	Name	concrete-one-hop-receiver
internal/checker/checker.go	checkIndexConstraints	internal/ast/utilities.go	IsStatic	package-qualified-call
internal/checker/checker.go	checkInferType	internal/ast/ast.go	Name	concrete-one-hop-receiver
internal/checker/checker.go	checkInterfaceDeclaration	internal/ast/ast.go	Expression	alias-receiver
internal/checker/checker.go	checkKindsOfPropertyMemberOverrides	internal/ast/ast.go	Name	concrete-one-hop-receiver
internal/checker/checker.go	checkKindsOfPropertyMemberOverrides	internal/ast/ast.go	PostfixToken	concrete-one-hop-receiver
internal/checker/checker.go	checkLabeledStatement	internal/ast/ast.go	Text	alias-receiver
internal/checker/checker.go	checkMemberForOverrideModifier	internal/ast/utilities.go	IsStatic	package-qualified-call
internal/checker/checker.go	checkMemberForOverrideModifierWorker	internal/ast/ast.go	Name	multi-hop-receiver
internal/checker/checker.go	checkMembersForOverrideModifier	internal/ast/ast.go	Parameters	concrete-one-hop-receiver
internal/checker/checker.go	checkMetaProperty	internal/ast/ast.go	Expression	multi-hop-receiver
internal/checker/checker.go	checkMetaProperty	internal/ast/ast.go	Text	alias-receiver
internal/checker/checker.go	checkMethodDeclaration	internal/ast/ast.go	Text	alias-receiver
internal/checker/checker.go	checkModuleAugmentationElement	internal/ast/ast.go	Elements	alias-receiver
internal/checker/checker.go	checkModuleDeclaration	internal/ast/ast.go	Text	alias-receiver
internal/checker/checker.go	checkObjectLiteral	internal/ast/ast.go	Expression	concrete-one-hop-receiver
internal/checker/checker.go	checkObjectLiteral	internal/ast/ast.go	Name	concrete-one-hop-receiver
internal/checker/checker.go	checkObjectLiteralDestructuringPropertyAssignment	internal/ast/ast.go	Expression	concrete-one-hop-receiver
internal/checker/checker.go	checkObjectLiteralDestructuringPropertyAssignment	internal/ast/ast.go	Name	concrete-one-hop-receiver
internal/checker/checker.go	checkObjectTypeForDuplicateDeclarations	internal/ast/ast.go	Name	alias-receiver
internal/checker/checker.go	checkObjectTypeForDuplicateDeclarations	internal/ast/ast.go	Parameters	concrete-one-hop-receiver
internal/checker/checker.go	checkObjectTypeForDuplicateDeclarations	internal/ast/utilities.go	IsStatic	package-qualified-call
internal/checker/checker.go	checkParameter	internal/ast/ast.go	Text	alias-receiver
internal/checker/checker.go	checkPrefixUnaryExpression	internal/ast/ast.go	Text	alias-receiver
internal/checker/checker.go	checkPrivateIdentifierPropertyAccess	internal/ast/ast.go	Name	concrete-one-hop-receiver
internal/checker/checker.go	checkPropertyInitialization	internal/ast/ast.go	ModifierFlags	concrete-one-hop-receiver
internal/checker/checker.go	checkPropertyInitialization	internal/ast/ast.go	Name	concrete-one-hop-receiver
internal/checker/checker.go	checkPropertyInitialization	internal/ast/utilities.go	IsStatic	package-qualified-call
internal/checker/checker.go	checkReturnExpression	internal/ast/ast_generated.go	AsConditionalExpression	alias-receiver
internal/checker/checker.go	checkSourceFile	internal/checker/tracer.go	Push	concrete-one-hop-receiver
internal/checker/checker.go	checkSuperExpression	internal/ast/ast.go	Expression	multi-hop-receiver
internal/checker/checker.go	checkSuperExpression	internal/ast/utilities.go	IsStatic	package-qualified-call
internal/checker/checker.go	checkTemplateExpression	internal/ast/ast.go	Expression	concrete-one-hop-receiver
internal/checker/checker.go	checkTemplateExpression	internal/ast/ast.go	Text	alias-receiver
internal/checker/checker.go	checkTemplateLiteralType	internal/ast/ast.go	Type	concrete-one-hop-receiver
internal/checker/checker.go	checkTupleType	internal/ast/ast.go	Type	concrete-one-hop-receiver
internal/checker/checker.go	checkTypeAliasDeclaration	internal/ast/ast.go	Text	alias-receiver
internal/checker/checker.go	checkTypeForDuplicateIndexSignatures	internal/ast/ast.go	Parameters	concrete-one-hop-receiver
internal/checker/checker.go	checkTypeForDuplicateIndexSignatures	internal/ast/ast.go	Type	alias-receiver
internal/checker/checker.go	checkTypeParameterDeferred	internal/checker/tracer.go	Push	concrete-one-hop-receiver
internal/checker/checker.go	checkTypeParameterListsIdentical	internal/ast/ast.go	Name	concrete-one-hop-receiver
internal/checker/checker.go	checkTypePredicate	internal/ast/ast.go	Name	alias-receiver
internal/checker/checker.go	checkTypePredicate	internal/ast/ast.go	Parameters	alias-receiver
internal/checker/checker.go	checkTypeReferenceNode	internal/ast/ast.go	End	alias-receiver
internal/checker/checker.go	checkTypeReferenceNode	internal/ast/ast.go	Pos	alias-receiver
internal/checker/checker.go	checkUnusedClassMembers	internal/ast/ast.go	Name	concrete-one-hop-receiver
internal/checker/checker.go	checkUnusedClassMembers	internal/ast/ast.go	Symbol	concrete-one-hop-receiver
internal/checker/checker.go	checkUnusedInferTypeParameter	internal/ast/ast.go	Name	alias-receiver
internal/checker/checker.go	checkUnusedInferTypeParameter	internal/ast/ast.go	Text	alias-receiver
internal/checker/checker.go	checkUnusedLocalsAndParameters	internal/ast/ast.go	Name	concrete-one-hop-receiver
internal/checker/checker.go	checkUnusedRenamedBindingElements	internal/ast/ast.go	Name	concrete-one-hop-receiver
internal/checker/checker.go	checkUnusedRenamedBindingElements	internal/ast/ast.go	PropertyName	concrete-one-hop-receiver
internal/checker/checker.go	checkUnusedTypeParameters	internal/ast/ast.go	Name	concrete-one-hop-receiver
internal/checker/checker.go	checkUnusedTypeParameters	internal/ast/ast.go	Text	alias-receiver
internal/checker/checker.go	checkVarDeclaredNamesNotShadowed	internal/ast/ast.go	Text	alias-receiver
internal/checker/checker.go	checkVariableDeclaration	internal/ast/ast.go	FileName	multi-hop-receiver
internal/checker/checker.go	checkVariableDeclaration	internal/checker/tracer.go	Push	concrete-one-hop-receiver
internal/checker/checker.go	checkVariableLikeDeclaration	internal/ast/ast.go	Elements	alias-receiver
internal/checker/checker.go	checkVariableLikeDeclaration	internal/checker/utilities.go	isInAmbientOrTypeNode	package-level-call
internal/checker/checker.go	checkWeakMapSetCollision	internal/ast/ast.go	Text	alias-receiver
internal/checker/checker.go	computeConstantEnumMemberValue	internal/ast/ast.go	Text	alias-receiver
internal/checker/checker.go	evaluateEntity	internal/ast/ast.go	Type	concrete-one-hop-receiver
internal/checker/checker.go	expandSignatureParametersWithTupleMembers	internal/checker/types.go	TargetTupleType	embedded-promoted-method
internal/checker/checker.go	getArgumentArityError	internal/ast/ast.go	Parameters	multi-hop-receiver
internal/checker/checker.go	getBindingElementTypeFromParentType	internal/ast/ast.go	Elements	concrete-one-hop-receiver
internal/checker/checker.go	getBindingElementTypeFromParentType	internal/ast/ast.go	Type	multi-hop-receiver
internal/checker/checker.go	getClassElementPropertyKeyType	internal/ast/ast.go	Text	alias-receiver
internal/checker/checker.go	getConditionalFlowTypeOfType	internal/ast/ast.go	Type	concrete-one-hop-receiver
internal/checker/checker.go	getContextualImportAttributeType	internal/ast/ast.go	Text	alias-receiver
internal/checker/checker.go	getContextualThisParameterType	internal/ast/ast.go	Expression	alias-receiver
internal/checker/checker.go	getContextualType	internal/ast/ast.go	Elements	concrete-one-hop-receiver
internal/checker/checker.go	getContextualType	internal/ast/ast.go	Type	concrete-one-hop-receiver
internal/checker/checker.go	getContextualTypeForAssignmentExpression	internal/ast/ast.go	Expression	alias-receiver
internal/checker/checker.go	getContextualTypeForAssignmentExpression	internal/ast/ast.go	Name	alias-receiver
internal/checker/checker.go	getContextualTypeForAssignmentExpression	internal/ast/ast.go	Text	alias-receiver
internal/checker/checker.go	getContextualTypeForAssignmentExpression	internal/ast/ast.go	Type	multi-hop-receiver
internal/checker/checker.go	getContextualTypeForBinaryOperand	internal/ast/ast.go	AsNode	embedded-promoted-method
internal/checker/checker.go	getContextualTypeForBindingElement	internal/ast/ast.go	Elements	multi-hop-receiver
internal/checker/checker.go	getContextualTypeForBindingElement	internal/ast/ast.go	Name	concrete-one-hop-receiver
internal/checker/checker.go	getContextualTypeForInitializerExpression	internal/ast/ast.go	Elements	alias-receiver
internal/checker/checker.go	getContextualTypeForInitializerExpression	internal/ast/ast.go	Name	concrete-one-hop-receiver
internal/checker/checker.go	getContextualTypeForVariableLikeDeclaration	internal/ast/utilities.go	IsStatic	package-qualified-call
internal/checker/checker.go	getContextuallyTypedParameterType	internal/ast/ast.go	Parameters	concrete-one-hop-receiver
internal/checker/checker.go	getDeclarationSpaces	internal/ast/ast.go	Expression	alias-receiver
internal/checker/checker.go	getDeclarationSpaces	internal/ast/ast_generated.go	AsBinaryExpression	alias-receiver
internal/checker/checker.go	getDeclarationSpaces	internal/ast/kind_stringer_generated.go	String	multi-hop-receiver
internal/checker/checker.go	getDeclaredTypeOfTypeAlias	internal/ast/ast.go	Name	concrete-one-hop-receiver
internal/checker/checker.go	getDeclaredTypeOfTypeAlias	internal/ast/ast.go	Type	concrete-one-hop-receiver
internal/checker/checker.go	getEffectiveCallArguments	internal/ast/ast.go	Expression	concrete-one-hop-receiver
internal/checker/checker.go	getEffectivePropertyNameForPropertyNameNode	internal/ast/ast.go	Expression	alias-receiver
internal/checker/checker.go	getEffectiveSetAccessorTypeAnnotationNode	internal/ast/ast.go	Type	concrete-one-hop-receiver
internal/checker/checker.go	getEffectiveSetAccessorTypeAnnotationNode	internal/checker/utilities.go	GetSetAccessorValueParameter	package-level-call
internal/checker/checker.go	getEntityNameFromTypeNode	internal/ast/ast.go	Expression	alias-receiver
internal/checker/checker.go	getEntityNameFromTypeNode	internal/ast/ast_generated.go	AsTypeReferenceNode	alias-receiver
internal/checker/checker.go	getFirstTransformableStaticClassElement	internal/ast/utilities.go	IsStatic	package-qualified-call
internal/checker/checker.go	getFlowTypeOfAccessExpression	internal/ast/utilities.go	IsStatic	package-qualified-call
internal/checker/checker.go	getFlowTypeOfProperty	internal/ast/ast.go	ModifierFlags	multi-hop-receiver
internal/checker/checker.go	getForInVariableSymbol	internal/ast/ast.go	Name	concrete-one-hop-receiver
internal/checker/checker.go	getIndexInfosOfIndexSymbol	internal/ast/ast.go	Name	concrete-one-hop-receiver
internal/checker/checker.go	getIndexInfosOfIndexSymbol	internal/ast/ast.go	Parameters	concrete-one-hop-receiver
internal/checker/checker.go	getIndexInfosOfIndexSymbol	internal/ast/ast.go	Symbol	concrete-one-hop-receiver
internal/checker/checker.go	getIndexInfosOfIndexSymbol	internal/ast/ast.go	Type	alias-receiver
internal/checker/checker.go	getIndexSignaturesAtLocation	internal/ast/ast.go	Expression	multi-hop-receiver
internal/checker/checker.go	getIndexSignaturesAtLocation	internal/ast/ast.go	Name	multi-hop-receiver
internal/checker/checker.go	getInferredTypeParameterConstraint	internal/ast/ast.go	Type	alias-receiver
internal/checker/checker.go	getInferredTypeParameterConstraint	internal/ast/ast.go	TypeArguments	concrete-one-hop-receiver
internal/checker/checker.go	getIntendedTypeFromJSDocTypeReference	internal/ast/ast.go	Text	alias-receiver
internal/checker/checker.go	getIterationTypesOfMethod	internal/checker/types.go	TypeParameters	multi-hop-receiver
internal/checker/checker.go	getLegacyDecoratorCallSignature	internal/ast/ast.go	Parameters	multi-hop-receiver
internal/checker/checker.go	getMemberOverrideModifierStatus	internal/ast/utilities.go	IsStatic	package-qualified-call
internal/checker/checker.go	getModifiersTypeFromMappedType	internal/checker/types.go	AsIndexType	concrete-one-hop-receiver
internal/checker/checker.go	getModuleSpecifierForImportOrExport	internal/ast/ast.go	Expression	alias-receiver
internal/checker/checker.go	getNameFromIndexInfo	internal/ast/ast.go	Name	alias-receiver
internal/checker/checker.go	getNameFromIndexInfo	internal/ast/ast.go	Parameters	multi-hop-receiver
internal/checker/checker.go	getNarrowedTypeOfSymbol	internal/ast/ast.go	Elements	multi-hop-receiver
internal/checker/checker.go	getNarrowedTypeOfSymbol	internal/ast/ast.go	Parameters	concrete-one-hop-receiver
internal/checker/checker.go	getNarrowedTypeOfSymbol	internal/ast/ast.go	Type	concrete-one-hop-receiver
internal/checker/checker.go	getObjectTypeInstantiation	internal/checker/types.go	TypeArguments	multi-hop-receiver
internal/checker/checker.go	getOrCreateTypeFromSignature	internal/ast/ast.go	Symbol	multi-hop-receiver
internal/checker/checker.go	getParameterTypeNodeForDecoratorCheck	internal/ast/ast.go	Type	alias-receiver
internal/checker/checker.go	getParameterTypeNodeForDecoratorCheck	internal/ast/ast_generated.go	AsParameterDeclaration	alias-receiver
internal/checker/checker.go	getParameterTypeOfFullSignature	internal/ast/ast_generated.go	AsParameterDeclaration	alias-receiver
internal/checker/checker.go	getParentTypeOfClassElement	internal/ast/utilities.go	IsStatic	package-qualified-call
internal/checker/checker.go	getPropertyOfVariable	internal/ast/ast.go	Type	multi-hop-receiver
internal/checker/checker.go	getQuickTypeOfExpression	internal/ast/ast.go	Expression	alias-receiver
internal/checker/checker.go	getQuickTypeOfExpression	internal/ast/ast.go	Type	alias-receiver
internal/checker/checker.go	getQuickTypeOfExpression	internal/checker/utilities.go	isCallChain	package-level-call
internal/checker/checker.go	getResolutionModeOverride	internal/ast/ast.go	Name	concrete-one-hop-receiver
internal/checker/checker.go	getResolutionModeOverride	internal/ast/ast.go	Text	alias-receiver
internal/checker/checker.go	getReturnTypeFromAnnotation	internal/ast/ast.go	Symbol	multi-hop-receiver
internal/checker/checker.go	getReturnTypeOfSignature	internal/ast/ast.go	Type	multi-hop-receiver
internal/checker/checker.go	getSignatureFromDeclaration	internal/ast/ast.go	Name	alias-receiver
internal/checker/checker.go	getSignatureFromDeclaration	internal/ast/ast.go	Symbol	alias-receiver
internal/checker/checker.go	getSignaturesOfSymbol	internal/ast/ast.go	End	concrete-one-hop-receiver
internal/checker/checker.go	getSignaturesOfSymbol	internal/ast/ast.go	Pos	concrete-one-hop-receiver
internal/checker/checker.go	getSpreadArgumentType	internal/ast/ast.go	Expression	concrete-one-hop-receiver
internal/checker/checker.go	getSymbolAtLocation	internal/ast/ast.go	Expression	concrete-one-hop-receiver
internal/checker/checker.go	getSymbolAtLocation	internal/ast/ast.go	Name	alias-receiver
internal/checker/checker.go	getSymbolAtLocation	internal/ast/ast.go	PropertyName	concrete-one-hop-receiver
internal/checker/checker.go	getTargetOfAliasDeclaration	internal/ast/kind_stringer_generated.go	String	multi-hop-receiver
internal/checker/checker.go	getTargetOfModuleDefault	internal/ast/ast_generated.go	AsSourceFile	concrete-one-hop-receiver
internal/checker/checker.go	getTargetOfNamespaceExportDeclaration	internal/ast/ast.go	Symbol	multi-hop-receiver
internal/checker/checker.go	getThisType	internal/ast/utilities.go	IsStatic	package-qualified-call
internal/checker/checker.go	getTypeArgumentArityError	internal/core/text.go	End	multi-hop-receiver
internal/checker/checker.go	getTypeArgumentArityError	internal/core/text.go	Pos	multi-hop-receiver
internal/checker/checker.go	getTypeArguments	internal/ast/ast.go	Elements	concrete-one-hop-receiver
internal/checker/checker.go	getTypeForVariableLikeDeclaration	internal/ast/ast.go	Expression	concrete-one-hop-receiver
internal/checker/checker.go	getTypeFromImportAttributes	internal/ast/ast.go	Name	concrete-one-hop-receiver
internal/checker/checker.go	getTypeFromImportAttributes	internal/ast/ast.go	Text	alias-receiver
internal/checker/checker.go	getTypeFromImportTypeNode	internal/ast/ast.go	Text	multi-hop-receiver
internal/checker/checker.go	getTypeFromTemplateTypeNode	internal/ast/ast.go	Text	alias-receiver
internal/checker/checker.go	getTypeFromTemplateTypeNode	internal/ast/ast.go	Type	concrete-one-hop-receiver
internal/checker/checker.go	getTypeFromTypeReference	internal/ast/ast.go	Expression	multi-hop-receiver
internal/checker/checker.go	getTypeOfVariableOrParameterOrPropertyWorker	internal/ast/ast.go	Expression	multi-hop-receiver
internal/checker/checker.go	getTypeOfVariableOrParameterOrPropertyWorker	internal/ast/ast.go	Symbol	multi-hop-receiver
internal/checker/checker.go	getTypeOfVariableOrParameterOrPropertyWorker	internal/ast/ast.go	Type	concrete-one-hop-receiver
internal/checker/checker.go	getTypeOfVariableOrParameterOrPropertyWorker	internal/ast/kind_stringer_generated.go	String	multi-hop-receiver
internal/checker/checker.go	getTypeParametersFromDeclaration	internal/ast/ast.go	Symbol	concrete-one-hop-receiver
internal/checker/checker.go	getTypePredicateParent	internal/ast/ast.go	Type	concrete-one-hop-receiver
internal/checker/checker.go	getUniqAssociatedNamesFromTupleType	internal/checker/types.go	TargetTupleType	embedded-promoted-method
internal/checker/checker.go	getWidenedProperty	internal/checker/checker.go	getChildContext	concrete-one-hop-receiver
internal/checker/checker.go	getWidenedTypeForAssignmentDeclaration	internal/ast/ast.go	Type	concrete-one-hop-receiver
internal/checker/checker.go	hasCorrectArity	internal/ast/ast_generated.go	AsTemplateSpan	concrete-one-hop-receiver
internal/checker/checker.go	hasParentWithTypeAnnotation	internal/ast/ast.go	Type	multi-hop-receiver
internal/checker/checker.go	instantiateTypeWithAlias	internal/checker/tracer.go	Instant	concrete-one-hop-receiver
internal/checker/checker.go	isAritySmaller	internal/ast/ast.go	QuestionToken	alias-receiver
internal/checker/checker.go	isAutoTypedProperty	internal/ast/ast.go	Type	concrete-one-hop-receiver
internal/checker/checker.go	isConstraintPosition	internal/ast/ast.go	Expression	concrete-one-hop-receiver
internal/checker/checker.go	isForInVariableForNumericPropertyNames	internal/ast/ast.go	Expression	concrete-one-hop-receiver
internal/checker/checker.go	isGlobalNaN	internal/ast/ast.go	Text	alias-receiver
internal/checker/checker.go	isImmediatelyUsedInInitializerOfBlockScopedVariable	internal/ast/ast.go	Expression	concrete-one-hop-receiver
internal/checker/checker.go	isIndirectCall	internal/ast/ast.go	Expression	multi-hop-receiver
internal/checker/checker.go	isIndirectCall	internal/ast/ast.go	Text	alias-receiver
internal/checker/checker.go	isInstancePropertyWithInitializerOrPrivateIdentifierProperty	internal/ast/utilities.go	IsStatic	package-qualified-call
internal/checker/checker.go	isMethodAccessForCall	internal/ast/ast.go	Expression	multi-hop-receiver
internal/checker/checker.go	isSymbolWithComputedName	internal/ast/ast.go	Name	multi-hop-receiver
internal/checker/checker.go	isSymbolWithNumericName	internal/ast/ast.go	Name	multi-hop-receiver
internal/checker/checker.go	isSymbolWithSymbolName	internal/ast/ast.go	Name	multi-hop-receiver
internal/checker/checker.go	isUnreferencedVariableDeclaration	internal/ast/ast.go	Elements	alias-receiver
internal/checker/checker.go	issueMemberSpecificError	internal/ast/utilities.go	IsStatic	package-qualified-call
internal/checker/checker.go	lookupSymbolForPrivateIdentifierDeclaration	internal/ast/ast.go	Symbol	alias-receiver
internal/checker/checker.go	markExportSpecifierAliasReferenced	internal/ast/ast.go	PropertyNameOrName	alias-receiver
internal/checker/checker.go	markExportSpecifierAliasReferenced	internal/ast/ast.go	Text	concrete-one-hop-receiver
internal/checker/checker.go	markJsxAliasReferenced	internal/ast/ast.go	Text	multi-hop-receiver
internal/checker/checker.go	markLinkedReferences	internal/ast/ast.go	Expression	multi-hop-receiver
internal/checker/checker.go	markLinkedReferences	internal/ast/ast.go	Name	concrete-one-hop-receiver
internal/checker/checker.go	markPropertyAsReferenced	internal/ast/ast.go	Name	multi-hop-receiver
internal/checker/checker.go	matches	internal/ast/ast.go	Name	concrete-one-hop-receiver
internal/checker/checker.go	name	internal/ast/ast.go	Symbol	multi-hop-receiver
internal/checker/checker.go	newClassMemberDecoratorContextTypeForNode	internal/ast/ast.go	Text	alias-receiver
internal/checker/checker.go	removeSubtypes	internal/checker/tracer.go	Instant	concrete-one-hop-receiver
internal/checker/checker.go	reportCircularityError	internal/ast/ast.go	Type	concrete-one-hop-receiver
internal/checker/checker.go	reportDuplicateMemberErrors	internal/ast/ast.go	Name	alias-receiver
internal/checker/checker.go	reportDuplicateMemberErrors	internal/ast/ast.go	Parameters	concrete-one-hop-receiver
internal/checker/checker.go	reportDuplicateMemberErrors	internal/ast/utilities.go	IsStatic	package-qualified-call
internal/checker/checker.go	reportImplicitAny	internal/ast/ast.go	Parameters	multi-hop-receiver
internal/checker/checker.go	reportNonexistentProperty	internal/diagnostics/diagnostics.go	Code	multi-hop-receiver
internal/checker/checker.go	reportTypeNotIterableError	internal/ast/ast.go	Expression	multi-hop-receiver
internal/checker/checker.go	reportUnusedImports	internal/ast/ast.go	Elements	alias-receiver
internal/checker/checker.go	reportUnusedImports	internal/ast/ast.go	Text	alias-receiver
internal/checker/checker.go	reportUnusedVariableDeclarations	internal/ast/ast.go	Text	alias-receiver
internal/checker/checker.go	resolveCallExpression	internal/ast/ast.go	Text	multi-hop-receiver
internal/checker/checker.go	resolveCallExpression	internal/checker/utilities.go	isCallChain	package-level-call
internal/checker/checker.go	resolveESModuleSymbol	internal/ast/ast_generated.go	AsSourceFile	concrete-one-hop-receiver
internal/checker/checker.go	resolveExternalModule	internal/ast/ast.go	Expression	alias-receiver
internal/checker/checker.go	resolveJSDocMemberName	internal/ast/ast.go	Text	alias-receiver
internal/checker/checker.go	shouldMarkIdentifierAliasReferenced	internal/ast/ast.go	Expression	concrete-one-hop-receiver
internal/checker/checker.go	tryGetNameFromType	internal/jsnum/string.go	String	multi-hop-receiver
internal/checker/checker.go	tryGetThisTypeAtEx	internal/ast/utilities.go	IsStatic	package-qualified-call
internal/checker/checker.go	typeHasStaticProperty	internal/ast/utilities.go	IsStatic	package-qualified-call
internal/checker/checker.go	widenTypeForVariableLikeDeclaration	internal/checker/utilities.go	declarationBelongsToPrivateAmbientMember	package-level-call
internal/checker/emitresolver.go	CreateLateBoundIndexSignatures	internal/ast/ast.go	Expression	alias-receiver
internal/checker/emitresolver.go	CreateLateBoundIndexSignatures	internal/ast/ast.go	QuestionToken	concrete-one-hop-receiver
internal/checker/emitresolver.go	CreateLiteralConstValue	internal/jsnum/string.go	String	concrete-one-hop-receiver
internal/checker/emitresolver.go	GetElementAccessExpressionName	internal/ast/ast.go	AsNode	embedded-promoted-method
internal/checker/emitresolver.go	IsImplementationOfOverload	internal/ast/ast.go	Body	alias-receiver
internal/checker/emitresolver.go	IsReferencedAliasDeclaration	internal/checker/checker.go	getSymbolOfDeclaration	concrete-one-hop-receiver
internal/checker/emitresolver.go	IsTopLevelValueImportEqualsWithEntityName	internal/checker/checker.go	getSymbolOfDeclaration	concrete-one-hop-receiver
internal/checker/emitresolver.go	determineIfDeclarationIsVisible	internal/ast/ast.go	Elements	alias-receiver
internal/checker/emitresolver.go	getMeaningOfEntityNameReference	internal/ast/ast.go	Expression	multi-hop-receiver
internal/checker/emitresolver.go	isAliasResolvedToValue	internal/checker/checker.go	getExportSymbolOfValueSymbolIfExported	concrete-one-hop-receiver
internal/checker/emitresolver.go	isAliasResolvedToValue	internal/checker/checker.go	getSymbolOfDeclaration	concrete-one-hop-receiver
internal/checker/emitresolver.go	isValueAliasDeclarationWorker	internal/ast/ast.go	Elements	alias-receiver
internal/checker/emitresolver.go	isValueAliasDeclarationWorker	internal/checker/checker.go	getSymbolOfDeclaration	concrete-one-hop-receiver
internal/checker/exports.go	GetJsxFragmentFactory	internal/ast/ast.go	Text	multi-hop-receiver
internal/checker/flow.go	getAccessedPropertyName	internal/ast/ast.go	Parameters	multi-hop-receiver
internal/checker/flow.go	getAccessedPropertyName	internal/ast/ast.go	Text	alias-receiver
internal/checker/flow.go	getDestructuringPropertyName	internal/ast/ast.go	Elements	concrete-one-hop-receiver
internal/checker/flow.go	getExplicitThisType	internal/ast/utilities.go	IsStatic	package-qualified-call
internal/checker/flow.go	getExplicitTypeOfSymbol	internal/ast/ast.go	Expression	concrete-one-hop-receiver
internal/checker/flow.go	getExplicitTypeOfSymbol	internal/checker/checker.go	createDiagnosticForNode	package-level-call
internal/checker/flow.go	getInitialTypeOfBindingElement	internal/ast/ast.go	Elements	concrete-one-hop-receiver
internal/checker/flow.go	getSwitchClauseTypeOfWitnesses	internal/ast/ast.go	Expression	concrete-one-hop-receiver
internal/checker/flow.go	getSwitchClauseTypeOfWitnesses	internal/ast/ast.go	Text	multi-hop-receiver
internal/checker/flow.go	getTypeAtFlowArrayMutation	internal/ast/ast.go	Expression	alias-receiver
internal/checker/flow.go	getTypeAtFlowAssignment	internal/ast/ast.go	Expression	multi-hop-receiver
internal/checker/flow.go	getTypeAtFlowBranchLabel	internal/ast/flow.go	IsEmpty	multi-hop-receiver
internal/checker/flow.go	getTypeAtFlowNode	internal/checker/tracer.go	Instant	concrete-one-hop-receiver
internal/checker/flow.go	getTypeAtSwitchClause	internal/ast/ast.go	Expression	alias-receiver
internal/checker/flow.go	getTypeOfDottedName	internal/ast/ast.go	Text	alias-receiver
internal/checker/flow.go	isEvolvingArrayOperationTarget	internal/ast/ast.go	Expression	concrete-one-hop-receiver
internal/checker/flow.go	isEvolvingArrayOperationTarget	internal/ast/ast.go	Name	concrete-one-hop-receiver
internal/checker/flow.go	isEvolvingArrayOperationTarget	internal/ast/ast.go	Text	alias-receiver
internal/checker/flow.go	isExpandoPropertyFunctionWithReturnTypeAnnotation	internal/ast/ast.go	Type	alias-receiver
internal/checker/flow.go	isFalseExpression	internal/ast/ast_generated.go	AsBinaryExpression	alias-receiver
internal/checker/flow.go	isMatchingReference	internal/ast/ast.go	Text	alias-receiver
internal/checker/flow.go	isPostSuperFlowNodeWorker	internal/ast/ast.go	Expression	multi-hop-receiver
internal/checker/flow.go	narrowType	internal/ast/ast.go	Type	concrete-one-hop-receiver
internal/checker/flow.go	narrowTypeByAssertion	internal/ast/ast_generated.go	AsBinaryExpression	alias-receiver
internal/checker/flow.go	narrowTypeByCallExpression	internal/ast/ast.go	Text	alias-receiver
internal/checker/flow.go	narrowTypeByCallExpression	internal/checker/utilities.go	isCallChain	package-level-call
internal/checker/flow.go	narrowTypeByLiteralExpression	internal/ast/ast.go	Text	alias-receiver
internal/checker/flow.go	tryGetElementAccessExpressionName	internal/ast/ast.go	Text	alias-receiver
internal/checker/flow.go	tryGetNameFromEntityNameExpression	internal/ast/ast.go	Name	concrete-one-hop-receiver
internal/checker/flow.go	writeFlowCacheKey	internal/ast/ast.go	Text	alias-receiver
internal/checker/grammarchecks.go	checkGrammarAccessor	internal/ast/ast.go	Body	alias-receiver
internal/checker/grammarchecks.go	checkGrammarAccessor	internal/ast/ast.go	End	alias-receiver
internal/checker/grammarchecks.go	checkGrammarAccessor	internal/ast/ast.go	FunctionLikeData	alias-receiver
internal/checker/grammarchecks.go	checkGrammarAccessor	internal/ast/ast.go	Name	alias-receiver
internal/checker/grammarchecks.go	checkGrammarAccessor	internal/ast/ast_generated.go	AsParameterDeclaration	concrete-one-hop-receiver
internal/checker/grammarchecks.go	checkGrammarAccessor	internal/checker/utilities.go	GetSetAccessorValueParameter	package-level-call
internal/checker/grammarchecks.go	checkGrammarArrowFunction	internal/ast/ast.go	End	alias-receiver
internal/checker/grammarchecks.go	checkGrammarArrowFunction	internal/ast/ast.go	Pos	alias-receiver
internal/checker/grammarchecks.go	checkGrammarBigIntLiteral	internal/ast/ast.go	AsNode	embedded-promoted-method
internal/checker/grammarchecks.go	checkGrammarBindingElement	internal/ast/ast.go	ElementList	multi-hop-receiver
internal/checker/grammarchecks.go	checkGrammarBindingElement	internal/ast/ast.go	Pos	alias-receiver
internal/checker/grammarchecks.go	checkGrammarClassDeclarationHeritageClauses	internal/ast/ast.go	ClassLikeData	alias-receiver
internal/checker/grammarchecks.go	checkGrammarConstructorTypeParameters	internal/ast/ast.go	End	alias-receiver
internal/checker/grammarchecks.go	checkGrammarConstructorTypeParameters	internal/ast/ast.go	Pos	alias-receiver
internal/checker/grammarchecks.go	checkGrammarConstructorTypeParameters	internal/ast/ast.go	Text	multi-hop-receiver
internal/checker/grammarchecks.go	checkGrammarDecorator	internal/ast/ast.go	Expression	alias-receiver
internal/checker/grammarchecks.go	checkGrammarDecorator	internal/checker/checker.go	createDiagnosticForNode	package-level-call
internal/checker/grammarchecks.go	checkGrammarForEsModuleMarkerInBindingName	internal/ast/ast.go	Name	concrete-one-hop-receiver
internal/checker/grammarchecks.go	checkGrammarForInOrForOfStatement	internal/ast/ast.go	Text	alias-receiver
internal/checker/grammarchecks.go	checkGrammarForInOrForOfStatement	internal/ast/diagnostic.go	AddRelatedInfo	concrete-one-hop-receiver
internal/checker/grammarchecks.go	checkGrammarForInOrForOfStatement	internal/checker/checker.go	createDiagnosticForNode	package-level-call
internal/checker/grammarchecks.go	checkGrammarForInvalidDynamicName	internal/ast/ast.go	Expression	alias-receiver
internal/checker/grammarchecks.go	checkGrammarForInvalidDynamicName	internal/ast/ast_generated.go	AsElementAccessExpression	alias-receiver
internal/checker/grammarchecks.go	checkGrammarForUseStrictSimpleParameterList	internal/checker/checker.go	createDiagnosticForNode	package-level-call
internal/checker/grammarchecks.go	checkGrammarHeritageClause	internal/ast/ast.go	Pos	alias-receiver
internal/checker/grammarchecks.go	checkGrammarInterfaceDeclaration	internal/ast/kind_stringer_generated.go	String	multi-hop-receiver
internal/checker/grammarchecks.go	checkGrammarJsxElement	internal/ast/ast.go	Expression	alias-receiver
internal/checker/grammarchecks.go	checkGrammarJsxElement	internal/ast/ast.go	Text	alias-receiver
internal/checker/grammarchecks.go	checkGrammarJsxName	internal/ast/ast.go	Expression	alias-receiver
internal/checker/grammarchecks.go	checkGrammarJsxName	internal/ast/ast.go	Text	alias-receiver
internal/checker/grammarchecks.go	checkGrammarJsxName	internal/ast/ast_generated.go	AsJsxNamespacedName	alias-receiver
internal/checker/grammarchecks.go	checkGrammarMetaProperty	internal/ast/ast.go	AsNode	embedded-promoted-method
internal/checker/grammarchecks.go	checkGrammarMetaProperty	internal/ast/ast.go	End	multi-hop-receiver
internal/checker/grammarchecks.go	checkGrammarMetaProperty	internal/ast/ast.go	Expression	multi-hop-receiver
internal/checker/grammarchecks.go	checkGrammarMetaProperty	internal/ast/ast.go	Text	alias-receiver
internal/checker/grammarchecks.go	checkGrammarModifiers	internal/checker/checker.go	createDiagnosticForNode	package-level-call
internal/checker/grammarchecks.go	checkGrammarNumericLiteral	internal/ast/ast.go	AsNode	embedded-promoted-method
internal/checker/grammarchecks.go	checkGrammarNumericLiteral	internal/checker/checker.go	createDiagnosticForNode	package-level-call
internal/checker/grammarchecks.go	checkGrammarObjectLiteralExpression	internal/ast/ast_generated.go	AsNumericLiteral	alias-receiver
internal/checker/grammarchecks.go	checkGrammarObjectLiteralExpression	internal/checker/checker.go	createDiagnosticForNode	package-level-call
internal/checker/grammarchecks.go	checkGrammarPrivateIdentifierExpression	internal/ast/ast.go	AsNode	embedded-promoted-method
internal/checker/grammarchecks.go	checkGrammarProperty	internal/ast/ast.go	Expression	alias-receiver
internal/checker/grammarchecks.go	checkGrammarProperty	internal/ast/ast.go	Text	alias-receiver
internal/checker/grammarchecks.go	checkGrammarProperty	internal/ast/utilities.go	IsStatic	package-qualified-call
internal/checker/grammarchecks.go	checkGrammarRegularExpressionLiteral	internal/ast/ast.go	AsNode	embedded-promoted-method
internal/checker/grammarchecks.go	checkGrammarRegularExpressionLiteral	internal/ast/ast.go	Pos	multi-hop-receiver
internal/checker/grammarchecks.go	checkGrammarTypeOperatorNode	internal/ast/utilities.go	IsStatic	package-qualified-call
internal/checker/grammarchecks.go	checkGrammarVariableDeclarationList	internal/ast/ast.go	End	alias-receiver
internal/checker/grammarchecks.go	checkGrammarVariableDeclarationList	internal/ast/ast.go	Pos	alias-receiver
internal/checker/grammarchecks.go	doesAccessorHaveCorrectParameterCount	internal/ast/ast.go	Parameters	alias-receiver
internal/checker/grammarchecks.go	isInitializerBigIntLiteralExpression	internal/ast/ast_generated.go	AsPrefixUnaryExpression	alias-receiver
internal/checker/grammarchecks.go	isInitializerSimpleLiteralEnumReference	internal/ast/ast_generated.go	AsElementAccessExpression	alias-receiver
internal/checker/grammarchecks.go	isInitializerStringOrNumberLiteralExpression	internal/ast/ast_generated.go	AsPrefixUnaryExpression	alias-receiver
internal/checker/inference.go	getLimitedConstraint	internal/checker/types.go	Types	concrete-one-hop-receiver
internal/checker/jsdoc.go	checkUnmatchedJSDocParameters	internal/ast/ast.go	Type	alias-receiver
internal/checker/jsdoc.go	checkUnmatchedJSDocParameters	internal/ast/ast_generated.go	AsQualifiedName	alias-receiver
internal/checker/jsx.go	checkJsxChildren	internal/ast/ast.go	Expression	concrete-one-hop-receiver
internal/checker/jsx.go	createJsxAttributesTypeFromAttributesProperty	internal/ast/ast.go	Expression	multi-hop-receiver
internal/checker/jsx.go	createJsxAttributesTypeFromAttributesProperty	internal/ast/ast.go	Name	concrete-one-hop-receiver
internal/checker/jsx.go	createJsxAttributesTypeFromAttributesProperty	internal/ast/ast.go	Text	alias-receiver
internal/checker/jsx.go	elaborateJsxComponents	internal/ast/ast.go	Name	concrete-one-hop-receiver
internal/checker/jsx.go	elaborateJsxComponents	internal/ast/ast.go	Text	alias-receiver
internal/checker/jsx.go	getContextualTypeForJsxAttribute	internal/ast/ast.go	Text	alias-receiver
internal/checker/jsx.go	getJsxNamespace	internal/ast/ast.go	Text	multi-hop-receiver
internal/checker/jsx.go	getLocalJsxNamespace	internal/ast/ast.go	Text	multi-hop-receiver
internal/checker/jsx.go	resolveJsxOpeningLikeElement	internal/core/text.go	End	multi-hop-receiver
internal/checker/jsx.go	resolveJsxOpeningLikeElement	internal/core/text.go	Pos	multi-hop-receiver
internal/checker/nodebuilder.go	SerializeTypeParametersForSignature	internal/checker/checker.go	getSymbolOfDeclaration	multi-hop-receiver
internal/checker/nodebuilder_hover.go	enumMemberInitializer	internal/checker/services.go	GetConstantValue	multi-hop-receiver
internal/checker/nodebuilder_hover.go	enumMemberInitializer	internal/jsnum/string.go	String	concrete-one-hop-receiver
internal/checker/nodebuilder_hover.go	expandEnumDecl	internal/ast/ast_generated.go	AsEnumMember	concrete-one-hop-receiver
internal/checker/nodebuilder_hover.go	expandModuleDecl	internal/ast/ast.go	ModifierFlags	multi-hop-receiver
internal/checker/nodebuilder_hover.go	expandModuleDecl	internal/checker/checker.go	getDeclarationOfAliasSymbol	multi-hop-receiver
internal/checker/nodebuilder_hover.go	expandModuleDecl	internal/checker/checker.go	getMergedSymbol	multi-hop-receiver
internal/checker/nodebuilder_hover.go	isHashPrivate	internal/ast/ast.go	Name	multi-hop-receiver
internal/checker/nodebuilder_hover.go	serializeConstructors	internal/ast/ast.go	ModifierFlags	multi-hop-receiver
internal/checker/nodebuilderimpl.go	addPropertyToElementList	internal/ast/ast.go	Expression	alias-receiver
internal/checker/nodebuilderimpl.go	addPropertyToElementList	internal/ast/ast.go	Name	concrete-one-hop-receiver
internal/checker/nodebuilderimpl.go	appendReferenceToType	internal/ast/ast.go	TypeArgumentList	alias-receiver
internal/checker/nodebuilderimpl.go	appendReferenceToType	internal/ast/ast_generated.go	AsImportTypeNode	alias-receiver
internal/checker/nodebuilderimpl.go	appendReferenceToType	internal/ast/ast_generated.go	AsTypeReferenceNode	alias-receiver
internal/checker/nodebuilderimpl.go	conditionalTypeToTypeNode	internal/ast/ast.go	AsNode	embedded-promoted-method
internal/checker/nodebuilderimpl.go	createAccessExpression	internal/ast/kind_stringer_generated.go	String	multi-hop-receiver
internal/checker/nodebuilderimpl.go	createExpressionFromSymbolChain	internal/jsnum/string.go	String	multi-hop-receiver
internal/checker/nodebuilderimpl.go	createMappedTypeNodeFromType	internal/ast/ast.go	Clone	alias-receiver
internal/checker/nodebuilderimpl.go	createMappedTypeNodeFromType	internal/ast/ast.go	Type	alias-receiver
internal/checker/nodebuilderimpl.go	existingTypeNodeIsNotReferenceOrIsReferenceWithCompatibleTypeArgumentCount	internal/ast/ast.go	TypeArguments	alias-receiver
internal/checker/nodebuilderimpl.go	existingTypeNodeIsNotReferenceOrIsReferenceWithCompatibleTypeArgumentCount	internal/checker/types.go	TypeParameters	multi-hop-receiver
internal/checker/nodebuilderimpl.go	getNameOfSymbolAsWritten	internal/ast/ast_generated.go	Name	multi-hop-receiver
internal/checker/nodebuilderimpl.go	getNameOfSymbolFromNameType	internal/jsnum/string.go	String	concrete-one-hop-receiver
internal/checker/nodebuilderimpl.go	getPropertyNameNodeForSymbol	internal/ast/ast.go	Name	multi-hop-receiver
internal/checker/nodebuilderimpl.go	getPropertyNameNodeForSymbolFromNameType	internal/jsnum/string.go	String	multi-hop-receiver
internal/checker/nodebuilderimpl.go	getSpecifierForModuleSymbol	internal/ast/ast.go	FileName	multi-hop-receiver
internal/checker/nodebuilderimpl.go	getSpecifierForModuleSymbol	internal/ast/ast.go	Path	concrete-one-hop-receiver
internal/checker/nodebuilderimpl.go	hasTypeAnnotation	internal/ast/ast.go	Type	alias-receiver
internal/checker/nodebuilderimpl.go	isExpandableType	internal/checker/types.go	Symbol	multi-hop-receiver
internal/checker/nodebuilderimpl.go	isTriviallySerializableComputedName	internal/ast/ast.go	Expression	alias-receiver
internal/checker/nodebuilderimpl.go	mapToTypeNodes	internal/ast/ast.go	Text	alias-receiver
internal/checker/nodebuilderimpl.go	mapToTypeNodes	internal/ast/ast_generated.go	AsTypeReferenceNode	alias-receiver
internal/checker/nodebuilderimpl.go	parameterToParameterDeclarationName	internal/ast/ast_generated.go	AsQualifiedName	alias-receiver
internal/checker/nodebuilderimpl.go	shouldWriteTypeOfFunctionSymbol	internal/ast/ast.go	Symbol	multi-hop-receiver
internal/checker/nodebuilderimpl.go	tryGetModuleSpecifierFromDeclarationWorker	internal/ast/ast.go	Expression	alias-receiver
internal/checker/nodebuilderimpl.go	typeParameterToDeclarationWithConstraint	internal/ast/ast.go	AsNode	embedded-promoted-method
internal/checker/nodebuilderimpl.go	typeParameterToName	internal/ast/ast.go	Name	concrete-one-hop-receiver
internal/checker/nodebuilderimpl.go	typeToTypeNode	internal/ast/ast_generated.go	AsImportTypeNode	alias-receiver
internal/checker/nodebuilderimpl.go	typeToTypeNode	internal/ast/ast_generated.go	AsTypeReferenceNode	alias-receiver
internal/checker/nodebuilderimpl.go	typeToTypeNode	internal/checker/types.go	Symbol	multi-hop-receiver
internal/checker/nodebuilderimpl.go	typeToTypeNode	internal/checker/types.go	TypeArguments	multi-hop-receiver
internal/checker/nodebuilderimpl.go	typeToTypeNode	internal/jsnum/string.go	String	concrete-one-hop-receiver
internal/checker/nodecopy.go	getModuleSpecifierOverride	internal/checker/symbolaccessibility.go	IsSymbolAccessible	multi-hop-receiver
internal/checker/nodecopy.go	tryReuseExistingNodeHelper	internal/core/text.go	End	multi-hop-receiver
internal/checker/nodecopy.go	tryReuseExistingNodeHelper	internal/core/text.go	Pos	multi-hop-receiver
internal/checker/pseudotypenodebuilder.go	pseudoParameterToNode	internal/ast/ast.go	Symbol	multi-hop-receiver
internal/checker/pseudotypenodebuilder.go	pseudoParametersEquivalentToParameters	internal/checker/utilities.go	isOptionalParameter	multi-hop-receiver
internal/checker/pseudotypenodebuilder.go	pseudoReturnTypeMatchesPredicate	internal/ast/ast.go	Text	alias-receiver
internal/checker/pseudotypenodebuilder.go	pseudoReturnTypeMatchesPredicate	internal/checker/checker.go	getTypeFromTypeNode	multi-hop-receiver
internal/checker/pseudotypenodebuilder.go	pseudoTypeEquivalentToType	internal/ast/ast.go	Name	multi-hop-receiver
internal/checker/pseudotypenodebuilder.go	pseudoTypeEquivalentToType	internal/ast/ast.go	Symbol	multi-hop-receiver
internal/checker/pseudotypenodebuilder.go	pseudoTypeToNode	internal/checker/checker.go	getContextualType	multi-hop-receiver
internal/checker/pseudotypenodebuilder.go	pseudoTypeToNode	internal/pseudochecker/type.go	Signature	concrete-one-hop-receiver
internal/checker/pseudotypenodebuilder.go	pseudoTypeToType	internal/checker/checker.go	getTypeFromTypeNode	multi-hop-receiver
internal/checker/relater.go	checkTypeRelatedToEx	internal/checker/checker.go	createDiagnosticForNode	package-level-call
internal/checker/relater.go	checkTypeRelatedToEx	internal/checker/tracer.go	Instant	concrete-one-hop-receiver
internal/checker/relater.go	constructorVisibilitiesAreCompatible	internal/ast/ast.go	ModifierFlags	multi-hop-receiver
internal/checker/relater.go	createTypePredicateFromTypePredicateNode	internal/ast/ast.go	Text	alias-receiver
internal/checker/relater.go	elaborateArrayLiteral	internal/jsnum/string.go	String	multi-hop-receiver
internal/checker/relater.go	elaborateArrowFunction	internal/checker/checker.go	createDiagnosticForNode	package-level-call
internal/checker/relater.go	elaborateDidYouMeanToCallOrConstruct	internal/checker/checker.go	createDiagnosticForNode	package-level-call
internal/checker/relater.go	elaborateElement	internal/ast/ast.go	Path	multi-hop-receiver
internal/checker/relater.go	elaborateElement	internal/checker/checker.go	createDiagnosticForNode	package-level-call
internal/checker/relater.go	elaborateObjectLiteral	internal/ast/ast.go	Name	concrete-one-hop-receiver
internal/checker/relater.go	getTupleElementLabel	internal/ast/ast.go	Name	multi-hop-receiver
internal/checker/relater.go	getTupleElementLabel	internal/ast/ast.go	Text	alias-receiver
internal/checker/relater.go	getTupleElementLabelFromBindingElement	internal/ast/ast.go	Elements	alias-receiver
internal/checker/relater.go	getTupleElementLabelFromBindingElement	internal/ast/ast.go	Text	alias-receiver
internal/checker/relater.go	getTypeParameterModifiers	internal/ast/ast.go	ModifierFlags	concrete-one-hop-receiver
internal/checker/relater.go	getTypePredicateOfSignature	internal/ast/ast.go	Type	multi-hop-receiver
internal/checker/relater.go	getVariancesWorker	internal/checker/tracer.go	Push	concrete-one-hop-receiver
internal/checker/relater.go	hasExcessProperties	internal/ast/ast.go	Name	multi-hop-receiver
internal/checker/relater.go	hasExcessProperties	internal/ast/ast.go	Text	alias-receiver
internal/checker/relater.go	recursiveTypeRelatedTo	internal/checker/tracer.go	Instant	concrete-one-hop-receiver
internal/checker/relater.go	recursiveTypeRelatedTo	internal/checker/tracer.go	Push	concrete-one-hop-receiver
internal/checker/relater.go	reportUnmatchedProperty	internal/ast/ast.go	Name	multi-hop-receiver
internal/checker/relater.go	reportUnmatchedProperty	internal/ast/ast.go	Text	alias-receiver
internal/checker/relater.go	reportUnmatchedProperty	internal/checker/checker.go	createDiagnosticForNode	package-level-call
internal/checker/relater.go	traceUnionsOrIntersectionsTooLarge	internal/checker/tracer.go	Instant	concrete-one-hop-receiver
internal/checker/relater.go	typeRelatedToDiscriminatedType	internal/checker/tracer.go	Instant	concrete-one-hop-receiver
internal/checker/services.go	GetContextualTypeForArrayLiteralAtPosition	internal/ast/ast.go	Pos	concrete-one-hop-receiver
internal/checker/services.go	GetSymbolsOfParameterPropertyDeclaration	internal/ast/ast.go	Symbol	concrete-one-hop-receiver
internal/checker/services.go	getTypeArgumentConstraint	internal/ast/ast.go	Expression	multi-hop-receiver
internal/checker/services.go	getTypeArgumentConstraint	internal/ast/ast.go	TypeArguments	multi-hop-receiver
internal/checker/services.go	getTypeOfAssignmentPattern	internal/ast/ast.go	Elements	concrete-one-hop-receiver
internal/checker/services.go	getTypeOfAssignmentPattern	internal/ast/ast.go	Properties	concrete-one-hop-receiver
internal/checker/services.go	isExportSpecifierAlias	internal/ast/ast.go	AsNode	embedded-promoted-method
internal/checker/services.go	isValidPropertyAccess	internal/ast/kind_stringer_generated.go	String	multi-hop-receiver
internal/checker/symbolaccessibility.go	getAlternativeContainingModules	internal/ast/utilities.go	IsExternalModule	package-qualified-call
internal/checker/symbolaccessibility.go	getClassExpressionNameTable	internal/ast/ast.go	Text	alias-receiver
internal/checker/symbolaccessibility.go	getContainersOfSymbol	internal/ast/ast.go	Expression	alias-receiver
internal/checker/symbolaccessibility.go	getVariableDeclarationOfObjectLiteral	internal/ast/ast.go	Type	multi-hop-receiver
internal/checker/symbolaccessibility.go	trySymbolTable	internal/ast/utilities.go	IsExternalModule	package-qualified-call
internal/checker/tracer.go	AliasSymbol	internal/checker/types.go	Symbol	multi-hop-receiver
internal/checker/tracer.go	AliasTypeArguments	internal/checker/types.go	TypeArguments	multi-hop-receiver
internal/checker/utilities.go	ValueToString	internal/jsnum/pseudobigint.go	String	concrete-one-hop-receiver
internal/checker/utilities.go	ValueToString	internal/jsnum/string.go	String	concrete-one-hop-receiver
internal/checker/utilities.go	compareElementLabels	internal/ast/ast.go	Text	alias-receiver
internal/checker/utilities.go	getPropertyNameFromType	internal/jsnum/string.go	String	multi-hop-receiver
internal/checker/utilities.go	isClassInstanceProperty	internal/ast/ast.go	Expression	alias-receiver
internal/checker/utilities.go	isConstTypeReference	internal/ast/ast.go	Text	alias-receiver
internal/checker/utilities.go	isExportAssignmentExpressionName	internal/ast/ast.go	Expression	multi-hop-receiver
internal/checker/utilities.go	isInRightSideOfImportOrExportAssignment	internal/ast/ast.go	Expression	multi-hop-receiver
internal/checker/utilities.go	isNumericLiteralName	internal/jsnum/string.go	String	multi-hop-receiver
internal/checker/utilities.go	isOptionalParameter	internal/ast/ast.go	Parameters	multi-hop-receiver
internal/checker/utilities.go	isRightSideOfAccessExpression	internal/ast/ast.go	Name	multi-hop-receiver
internal/checker/utilities.go	isStaticPrivateIdentifierProperty	internal/ast/utilities.go	IsStatic	package-qualified-call
internal/compiler/checkerpool.go	getImportAdjacency	internal/ast/ast.go	Path	concrete-one-hop-receiver
internal/compiler/emitHost.go	ResolveModuleName	internal/module/resolver.go	ResolveModuleName	multi-hop-receiver
internal/compiler/emitHost.go	newEmitHost	internal/checker/checker.go	GetEmitResolver	concrete-one-hop-receiver
internal/compiler/emitter.go	getScriptTransformers	internal/core/compileroptions.go	GetIsolatedModules	concrete-one-hop-receiver
internal/compiler/emitter.go	getScriptTransformers	internal/core/compileroptions.go	GetJSXTransformEnabled	concrete-one-hop-receiver
internal/compiler/emitter.go	runScriptTransformers	internal/transformers/transformer.go	TransformSourceFile	concrete-one-hop-receiver
internal/compiler/fileInclude.go	computeDiagnostic	internal/core/scripttarget_stringer_generated.go	String	multi-hop-receiver
internal/compiler/fileInclude.go	computeDiagnostic	internal/module/types.go	String	multi-hop-receiver
internal/compiler/fileInclude.go	computeDiagnostic	internal/tsoptions/parsedcommandline.go	ConfigName	concrete-one-hop-receiver
internal/compiler/fileInclude.go	computeReferenceFileDiagnostic	internal/ast/ast.go	FileName	multi-hop-receiver
internal/compiler/fileInclude.go	computeReferenceFileDiagnostic	internal/ast/ast.go	Path	multi-hop-receiver
internal/compiler/fileInclude.go	computeReferenceFileDiagnostic	internal/module/types.go	String	multi-hop-receiver
internal/compiler/fileInclude.go	toRelatedInfo	internal/ast/ast.go	AsNode	embedded-promoted-method
internal/compiler/fileInclude.go	toRelatedInfo	internal/core/scripttarget_stringer_generated.go	String	multi-hop-receiver
internal/compiler/fileloader.go	addAutomaticTypeDirectiveTasks	internal/tsoptions/parsedcommandline.go	CompilerOptions	multi-hop-receiver
internal/compiler/fileloader.go	addProjectReferenceTasks	internal/compiler/projectreferenceparser.go	parse	concrete-one-hop-receiver
internal/compiler/fileloader.go	addRootFileTask	internal/ast/ast.go	FileName	multi-hop-receiver
internal/compiler/fileloader.go	addRootTask	internal/tsoptions/parsedcommandline.go	CompilerOptions	multi-hop-receiver
internal/compiler/fileloader.go	emptyContentMappedFile	internal/ast/ast.go	SetContentMapperInfo	concrete-one-hop-receiver
internal/compiler/fileloader.go	getContentMapperTransformIdentity	internal/tsoptions/parsedcommandline.go	CompilerOptions	multi-hop-receiver
internal/compiler/fileloader.go	getEmitSyntaxForUsageLocationWorker	internal/core/compileroptions.go	IsNonNodeESM	concrete-one-hop-receiver
internal/compiler/fileloader.go	getModeForUsageLocation	internal/ast/ast.go	GetResolutionModeOverride	alias-receiver
internal/compiler/fileloader.go	getSourceFileFromReference	internal/tsoptions/parsedcommandline.go	CompilerOptions	multi-hop-receiver
internal/compiler/fileloader.go	loadSourceFileMetaData	internal/packagejson/cache.go	Exists	concrete-one-hop-receiver
internal/compiler/fileloader.go	loadSourceFileMetaData	internal/tsoptions/parsedcommandline.go	CompilerOptions	multi-hop-receiver
internal/compiler/fileloader.go	parseContentMappedFile	internal/contentmapper/contentmapper.go	DiagnosticName	concrete-one-hop-receiver
internal/compiler/fileloader.go	parseContentMappedFile	internal/contentmapper/contentmapper.go	Identity	concrete-one-hop-receiver
internal/compiler/fileloader.go	parseSourceFile	internal/tracing/tracing.go	Push	multi-hop-receiver
internal/compiler/fileloader.go	pathForLibFile	internal/tsoptions/parsedcommandline.go	CompilerOptions	multi-hop-receiver
internal/compiler/fileloader.go	processAllProgramFiles	internal/tracing/tracing.go	Push	multi-hop-receiver
internal/compiler/fileloader.go	processAllProgramFiles	internal/tsoptions/parsedcommandline.go	CompilerOptions	multi-hop-receiver
internal/compiler/fileloader.go	processAllProgramFiles	internal/tsoptions/parsedcommandline.go	ContentMapperExtensions	multi-hop-receiver
internal/compiler/fileloader.go	resolveAutomaticTypeDirectives	internal/tracing/tracing.go	Push	multi-hop-receiver
internal/compiler/fileloader.go	resolveAutomaticTypeDirectives	internal/tsoptions/parsedcommandline.go	CompilerOptions	multi-hop-receiver
internal/compiler/fileloader.go	resolveImportsAndModuleAugmentations	internal/ast/ast.go	FileName	multi-hop-receiver
internal/compiler/fileloader.go	resolveImportsAndModuleAugmentations	internal/ast/ast.go	Imports	concrete-one-hop-receiver
internal/compiler/fileloader.go	resolveImportsAndModuleAugmentations	internal/ast/ast.go	Text	concrete-one-hop-receiver
internal/compiler/fileloader.go	resolveImportsAndModuleAugmentations	internal/ast/utilities.go	IsExternalModule	package-qualified-call
internal/compiler/fileloader.go	resolveImportsAndModuleAugmentations	internal/core/compileroptions.go	GetAllowJS	concrete-one-hop-receiver
internal/compiler/fileloader.go	resolveImportsAndModuleAugmentations	internal/core/compileroptions.go	GetIsolatedModules	concrete-one-hop-receiver
internal/compiler/fileloader.go	resolveImportsAndModuleAugmentations	internal/tracing/tracing.go	Push	multi-hop-receiver
internal/compiler/fileloader.go	resolveImportsAndModuleAugmentations	internal/tsoptions/parsedcommandline.go	CompilerOptions	multi-hop-receiver
internal/compiler/fileloader.go	resolveLibrary	internal/tracing/tracing.go	Push	concrete-one-hop-receiver
internal/compiler/fileloader.go	resolveTypeReferenceDirectives	internal/ast/ast.go	FileName	concrete-one-hop-receiver
internal/compiler/fileloader.go	resolveTypeReferenceDirectives	internal/tracing/tracing.go	Push	multi-hop-receiver
internal/compiler/fileloader.go	resolveTypeReferenceDirectives	internal/tsoptions/parsedcommandline.go	CompilerOptions	multi-hop-receiver
internal/compiler/filesparser.go	getProcessedFiles	internal/tsoptions/parsedcommandline.go	CompilerOptions	multi-hop-receiver
internal/compiler/filesparser.go	load	internal/ast/ast.go	FileName	concrete-one-hop-receiver
internal/compiler/filesparser.go	load	internal/ast/ast.go	Imports	concrete-one-hop-receiver
internal/compiler/filesparser.go	load	internal/tracing/tracing.go	Push	multi-hop-receiver
internal/compiler/filesparser.go	load	internal/tsoptions/parsedcommandline.go	CompilerOptions	multi-hop-receiver
internal/compiler/filesparser.go	loadAutomaticTypeDirectives	internal/tracing/tracing.go	Push	multi-hop-receiver
internal/compiler/program.go	ContentMapperExtensions	internal/tsoptions/parsedcommandline.go	ContentMapperExtensions	multi-hop-receiver
internal/compiler/program.go	Emit	internal/tracing/tracing.go	Push	concrete-one-hop-receiver
internal/compiler/program.go	GetConfigFileParsingDiagnostics	internal/tsoptions/parsedcommandline.go	GetConfigFileParsingDiagnostics	multi-hop-receiver
internal/compiler/program.go	GetContentMapper	internal/contentmapper/contentmapper.go	Identity	concrete-one-hop-receiver
internal/compiler/program.go	GetIncludeProcessorDiagnostics	internal/compiler/includeprocessor.go	getDiagnostics	multi-hop-receiver
internal/compiler/program.go	GetNearestAncestorDirectoryWithPackageJson	internal/packagejson/cache.go	Exists	concrete-one-hop-receiver
internal/compiler/program.go	GetPackageJsonInfo	internal/packagejson/cache.go	Exists	concrete-one-hop-receiver
internal/compiler/program.go	GetProgramDiagnostics	internal/ast/diagnostic.go	GetGlobalDiagnostics	multi-hop-receiver
internal/compiler/program.go	GetProgramDiagnostics	internal/compiler/includeprocessor.go	getDiagnostics	multi-hop-receiver
internal/compiler/program.go	GetResolvedModuleFromModuleSpecifier	internal/ast/ast.go	Text	alias-receiver
internal/compiler/program.go	LineCount	internal/ast/ast.go	ECMALineMap	concrete-one-hop-receiver
internal/compiler/program.go	NewProgram	internal/tracing/tracing.go	Push	multi-hop-receiver
internal/compiler/program.go	Options	internal/tsoptions/parsedcommandline.go	CompilerOptions	multi-hop-receiver
internal/compiler/program.go	PackageJsonCacheEntries	internal/module/resolver.go	PackageJsonCacheEntries	multi-hop-receiver
internal/compiler/program.go	ResolveModuleName	internal/module/resolver.go	ResolveModuleName	multi-hop-receiver
internal/compiler/program.go	ReuseProgram	internal/ast/ast.go	FileName	concrete-one-hop-receiver
internal/compiler/program.go	compactAndMergeRelatedInfos	internal/ast/diagnostic.go	Clone	concrete-one-hop-receiver
internal/compiler/program.go	getDiagnosticsWithPrecedingDirectives	internal/core/text.go	Pos	multi-hop-receiver
internal/compiler/program.go	getSourceFilesToEmit	internal/compiler/emitter.go	getSourceFilesToEmit	package-level-call
internal/compiler/program.go	jsxRuntimeImportSpecifier	internal/tsoptions/parsedcommandline.go	CompilerOptions	multi-hop-receiver
internal/compiler/program.go	needsImportHelpersImportSpecifier	internal/ast/utilities.go	IsExternalModule	package-qualified-call
internal/compiler/program.go	needsImportHelpersImportSpecifier	internal/core/compileroptions.go	GetIsolatedModules	concrete-one-hop-receiver
internal/compiler/program.go	needsImportHelpersImportSpecifier	internal/tsoptions/parsedcommandline.go	CompilerOptions	multi-hop-receiver
internal/compiler/program.go	verifyCompilerOptions	internal/ast/ast.go	Path	concrete-one-hop-receiver
internal/compiler/program.go	verifyCompilerOptions	internal/tsoptions/parsedcommandline.go	GetBuildInfoFileName	multi-hop-receiver
internal/compiler/projectreferencefilemapper.go	getCompilerOptionsForFile	internal/tsoptions/parsedcommandline.go	CompilerOptions	multi-hop-receiver
internal/compiler/projectreferencefilemapper.go	getResolvedProjectReferences	internal/ast/ast.go	Path	multi-hop-receiver
internal/compiler/projectreferencefilemapper.go	getSourceToDtsIfSymlink	internal/tsoptions/parsedcommandline.go	CompilerOptions	multi-hop-receiver
internal/compiler/projectreferencefilemapper.go	rangeResolvedProjectReference	internal/ast/ast.go	Path	multi-hop-receiver
internal/compiler/projectreferencefilemapper.go	rangeResolvedProjectReferenceInChildConfig	internal/ast/ast.go	Path	multi-hop-receiver
internal/compiler/projectreferenceparser.go	initMapper	internal/ast/ast.go	Path	multi-hop-receiver
internal/compiler/projectreferenceparser.go	parse	internal/compiler/fileloader.go	toPath	concrete-one-hop-receiver
internal/compiler/projectreferenceparser.go	parse	internal/tracing/tracing.go	Push	concrete-one-hop-receiver
internal/contentmapper/hostimpl.go	Identities	internal/contentmapper/contentmapper.go	Identity	concrete-one-hop-receiver
internal/contentmapper/hostimpl.go	Project	internal/contentmapper/contentmapper.go	Identity	concrete-one-hop-receiver
internal/contentmapper/hostimpl.go	Refresh	internal/contentmapper/contentmapper.go	Identity	multi-hop-receiver
internal/contentmapper/hostimpl.go	normalizeDiagnosticDirectives	internal/core/text.go	End	multi-hop-receiver
internal/contentmapper/hostimpl.go	normalizeDiagnosticDirectives	internal/core/text.go	Pos	multi-hop-receiver
internal/contentmapper/hostimpl.go	release	internal/contentmapper/contentmapper.go	Identity	multi-hop-receiver
internal/contentmapper/transform.go	CheckSupplementalFileNameCollisions	internal/ast/ast.go	FileName	concrete-one-hop-receiver
internal/contentmapper/transform.go	ParseResult	internal/ast/ast.go	Diagnostics	concrete-one-hop-receiver
internal/contentmapper/transform.go	ParseResult	internal/ast/ast.go	FileName	concrete-one-hop-receiver
internal/contentmapper/transform.go	ParseResult	internal/ast/ast.go	SetDiagnostics	concrete-one-hop-receiver
internal/contentmapper/transform.go	ParseResult	internal/ast/diagnostic.go	SetFile	concrete-one-hop-receiver
internal/core/pattern.go	FindBestPatternMatch	internal/core/pattern.go	Matches	concrete-one-hop-receiver
internal/core/textchange.go	ApplyBulkEdits	internal/core/text.go	End	multi-hop-receiver
internal/core/textchange.go	ApplyBulkEdits	internal/core/text.go	Pos	multi-hop-receiver
internal/diagnosticwriter/diagnosticwriter.go	File	internal/ast/diagnostic.go	File	multi-hop-receiver
internal/diagnosticwriter/diagnosticwriter.go	FormatDiagnosticWithColorAndContext	internal/diagnostics/diagnostics.go	Code	multi-hop-receiver
internal/diagnosticwriter/diagnosticwriter.go	MessageChain	internal/ast/diagnostic.go	File	multi-hop-receiver
internal/diagnosticwriter/diagnosticwriter.go	MessageChain	internal/ast/diagnostic.go	MessageChain	multi-hop-receiver
internal/diagnosticwriter/diagnosticwriter.go	RelatedInformation	internal/ast/diagnostic.go	RelatedInformation	multi-hop-receiver
internal/diagnosticwriter/diagnosticwriter.go	Source	internal/ast/diagnostic.go	Source	multi-hop-receiver
internal/diagnosticwriter/diagnosticwriter.go	WriteErrorSummaryText	internal/diagnostics/diagnostics.go	Localize	multi-hop-receiver
internal/diagnosticwriter/diagnosticwriter.go	resolve	internal/ast/ast.go	SpanMap	concrete-one-hop-receiver
internal/diagnosticwriter/diagnosticwriter.go	resolve	internal/ast/diagnostic.go	File	multi-hop-receiver
internal/diagnosticwriter/diagnosticwriter.go	resolve	internal/ast/diagnostic.go	Source	multi-hop-receiver
internal/diagnosticwriter/diagnosticwriter.go	writeTabularErrorsDisplay	internal/diagnostics/diagnostics.go	Localize	multi-hop-receiver
internal/evaluator/evaluator.go	AnyToString	internal/jsnum/pseudobigint.go	String	concrete-one-hop-receiver
internal/evaluator/evaluator.go	AnyToString	internal/jsnum/string.go	String	concrete-one-hop-receiver
internal/evaluator/evaluator.go	IsTruthy	internal/jsnum/jsnum.go	IsNaN	concrete-one-hop-receiver
internal/evaluator/evaluator.go	evaluateTemplateExpression	internal/ast/ast.go	Expression	concrete-one-hop-receiver
internal/evaluator/evaluator.go	evaluateTemplateExpression	internal/ast/ast.go	Text	alias-receiver
internal/execute/build/buildtask.go	canUpdateJsDtsOutputTimestamps	internal/core/compileroptions.go	IsIncremental	multi-hop-receiver
internal/execute/build/buildtask.go	cleanProjectOutput	internal/execute/build/host.go	FS	multi-hop-receiver
internal/execute/build/buildtask.go	compileAndEmit	internal/tsoptions/parsedbuildcommandline.go	Locale	multi-hop-receiver
internal/execute/build/buildtask.go	getLatestChangedDtsMTime	internal/execute/build/host.go	GetMTime	multi-hop-receiver
internal/execute/build/buildtask.go	getUpToDateStatus	internal/core/compileroptions.go	IsIncremental	multi-hop-receiver
internal/execute/build/buildtask.go	getUpToDateStatus	internal/execute/build/host.go	FS	multi-hop-receiver
internal/execute/build/buildtask.go	getUpToDateStatus	internal/execute/build/host.go	GetMTime	multi-hop-receiver
internal/execute/build/buildtask.go	loadOrStoreBuildInfo	internal/execute/build/host.go	GetMTime	multi-hop-receiver
internal/execute/build/buildtask.go	storeOutputTimeStamp	internal/core/compileroptions.go	IsIncremental	multi-hop-receiver
internal/execute/build/buildtask.go	writeFile	internal/execute/build/host.go	FS	multi-hop-receiver
internal/execute/build/orchestrator.go	createBuilderStatusReporter	internal/tsoptions/parsedbuildcommandline.go	Locale	multi-hop-receiver
internal/execute/build/orchestrator.go	createDiagnosticReporter	internal/tsoptions/parsedbuildcommandline.go	Locale	multi-hop-receiver
internal/execute/incremental/affectedfileshandler.go	computeDtsSignature	internal/compiler/program.go	Emit	multi-hop-receiver
internal/execute/incremental/affectedfileshandler.go	getFilesAffectedBy	internal/ast/ast.go	Path	concrete-one-hop-receiver
internal/execute/incremental/affectedfileshandler.go	handleDtsMayChangeOfAffectedFile	internal/checker/utilities.go	SkipAlias	package-qualified-call
internal/execute/incremental/affectedfileshandler.go	handleDtsMayChangeOfGlobalScope	internal/ast/ast.go	Path	concrete-one-hop-receiver
internal/execute/incremental/affectedfileshandler.go	updateSnapshot	internal/execute/incremental/snapshot.go	addFileToAffectedFilesPendingEmit	multi-hop-receiver
internal/execute/incremental/buildinfotosnapshot.go	setFileInfoAndEmitSignatures	internal/execute/incremental/buildInfo.go	GetFileInfo	concrete-one-hop-receiver
internal/execute/incremental/emitfileshandler.go	emitAllAffectedFiles	internal/compiler/program.go	Emit	multi-hop-receiver
internal/execute/incremental/emitfileshandler.go	emitAllAffectedFiles	internal/compiler/program.go	GetDeclarationDiagnostics	multi-hop-receiver
internal/execute/incremental/emitfileshandler.go	emitFiles	internal/compiler/program.go	Emit	multi-hop-receiver
internal/execute/incremental/emitfileshandler.go	updateSnapshot	internal/ast/ast.go	Path	concrete-one-hop-receiver
internal/execute/incremental/program.go	PackageJsonLookupPaths	internal/tsoptions/parsedcommandline.go	ConfigName	multi-hop-receiver
internal/execute/incremental/program.go	emitBuildInfo	internal/tracing/tracing.go	Push	concrete-one-hop-receiver
internal/execute/incremental/program.go	ensureHasErrorsForState	internal/core/compileroptions.go	IsIncremental	multi-hop-receiver
internal/execute/incremental/program.go	ensurePackageJsonsForState	internal/tsoptions/parsedcommandline.go	ConfigName	multi-hop-receiver
internal/execute/incremental/program.go	getSemanticDiagnosticsOfFile	internal/execute/incremental/snapshot.go	getDiagnostics	concrete-one-hop-receiver
internal/execute/incremental/programtosnapshot.go	handleGlobalScopeChange	internal/ast/ast.go	Path	concrete-one-hop-receiver
internal/execute/incremental/programtosnapshot.go	handlePendingEmit	internal/ast/ast.go	Path	concrete-one-hop-receiver
internal/execute/incremental/programtosnapshot.go	reuseFromOldProgram	internal/core/compileroptions.go	IsIncremental	multi-hop-receiver
internal/execute/incremental/snapshot.go	diagnosticToStringBuilder	internal/diagnostics/diagnostics.go	Name	multi-hop-receiver
internal/execute/incremental/snapshot.go	repopulateModeMismatchChain	internal/diagnostics/diagnostics.go	Category	multi-hop-receiver
internal/execute/incremental/snapshot.go	repopulateModeMismatchChain	internal/diagnostics/diagnostics.go	Code	multi-hop-receiver
internal/execute/incremental/snapshot.go	repopulateModeMismatchChain	internal/diagnostics/diagnostics.go	Key	multi-hop-receiver
internal/execute/incremental/snapshot.go	repopulateModuleNotFoundChain	internal/diagnostics/diagnostics.go	Category	multi-hop-receiver
internal/execute/incremental/snapshot.go	repopulateModuleNotFoundChain	internal/diagnostics/diagnostics.go	Code	multi-hop-receiver
internal/execute/incremental/snapshot.go	repopulateModuleNotFoundChain	internal/diagnostics/diagnostics.go	Key	multi-hop-receiver
internal/execute/incremental/snapshottobuildinfo.go	setSemanticDiagnostics	internal/ast/ast.go	Path	concrete-one-hop-receiver
internal/execute/incremental/snapshottobuildinfo.go	snapshotToBuildInfo	internal/core/compileroptions.go	IsIncremental	multi-hop-receiver
internal/execute/tsc.go	startTracingIfNeeded	internal/ast/ast.go	FileName	multi-hop-receiver
internal/execute/tsc.go	tscCompilation	internal/core/compileroptions.go	IsIncremental	multi-hop-receiver
internal/execute/tsc/emit.go	listFiles	internal/ast/ast.go	FileName	concrete-one-hop-receiver
internal/execute/tsc/help.go	PrintBuildHelp	internal/diagnostics/diagnostics.go	Localize	multi-hop-receiver
internal/execute/tsc/help.go	PrintVersion	internal/diagnostics/diagnostics.go	Localize	multi-hop-receiver
internal/execute/tsc/help.go	generateOptionOutput	internal/diagnostics/diagnostics.go	Localize	multi-hop-receiver
internal/execute/tsc/help.go	generateSectionOptionsOutput	internal/diagnostics/diagnostics.go	Localize	multi-hop-receiver
internal/execute/tsc/help.go	getValueCandidate	internal/diagnostics/diagnostics.go	Localize	multi-hop-receiver
internal/execute/tsc/help.go	printAllHelp	internal/diagnostics/diagnostics.go	Localize	multi-hop-receiver
internal/execute/tsc/statistics.go	statisticsFromProgram	internal/compiler/program.go	LineCount	multi-hop-receiver
internal/execute/tsc/statistics.go	statisticsFromProgram	internal/compiler/program.go	SourceFiles	multi-hop-receiver
internal/execute/tsctests/sys.go	OnProgram	internal/ast/ast.go	FileName	concrete-one-hop-receiver
internal/execute/tsctests/sys.go	OnProgram	internal/ast/ast.go	Path	concrete-one-hop-receiver
internal/execute/tsctests/sys.go	OnProgram	internal/compiler/program.go	GetSourceFiles	multi-hop-receiver
internal/execute/watcher.go	createWatcher	internal/ast/ast.go	FileName	multi-hop-receiver
internal/execute/watcher.go	tryUpdateProgram	internal/compiler/program.go	FilesByPath	concrete-one-hop-receiver
internal/execute/watcher.go	tryUpdateProgram	internal/compiler/program.go	Options	concrete-one-hop-receiver
internal/execute/watcher.go	tryUpdateProgram	internal/compiler/program.go	ReuseProgram	concrete-one-hop-receiver
internal/format/context.go	TokensAreOnSameLine	internal/core/text.go	End	multi-hop-receiver
internal/format/context.go	TokensAreOnSameLine	internal/core/text.go	Pos	multi-hop-receiver
internal/format/context.go	blockIsOnOneLine	internal/ast/ast.go	End	concrete-one-hop-receiver
internal/format/context.go	rangeIsOnOneLine	internal/format/util.go	rangeIsOnOneLine	package-level-call
internal/format/indent.go	GetIndentation	internal/ast/ast.go	End	concrete-one-hop-receiver
internal/format/indent.go	NodeWillIndentChild	internal/format/util.go	rangeIsOnOneLine	package-level-call
internal/format/indent.go	argumentStartsOnSameLineAsPreviousArgument	internal/ast/ast.go	End	concrete-one-hop-receiver
internal/format/indent.go	childIsUnindentedBranchOfConditionalExpression	internal/ast/ast.go	End	alias-receiver
internal/format/indent.go	deriveActualIndentationFromList	internal/ast/ast.go	End	multi-hop-receiver
internal/format/indent.go	getActualIndentationForListStartLine	internal/core/text.go	Pos	multi-hop-receiver
internal/format/indent.go	getContainingListOrParentStart	internal/core/text.go	Pos	multi-hop-receiver
internal/format/indent.go	getVisualListRange	internal/ast/ast.go	End	concrete-one-hop-receiver
internal/format/rulecontext.go	isNotPropertyAccessOnIntegerLiteral	internal/ast/ast.go	Expression	multi-hop-receiver
internal/format/rulecontext.go	isSemicolonDeletionContext	internal/ast/ast.go	Type	multi-hop-receiver
internal/format/rulecontext.go	isSemicolonDeletionContext	internal/core/text.go	Pos	multi-hop-receiver
internal/format/rulecontext.go	isSemicolonInsertionContext	internal/core/text.go	End	multi-hop-receiver
internal/format/rulecontext.go	isStartOfVariableDeclarationList	internal/core/text.go	Pos	multi-hop-receiver
internal/format/rulecontext.go	isYieldOrYieldStarWithOperand	internal/ast/ast.go	Expression	multi-hop-receiver
internal/format/scanner.go	getTokenFullStart	internal/core/text.go	Pos	multi-hop-receiver
internal/format/span.go	applyRuleEdits	internal/core/text.go	End	multi-hop-receiver
internal/format/span.go	applyRuleEdits	internal/core/text.go	Len	multi-hop-receiver
internal/format/span.go	applyRuleEdits	internal/core/text.go	Pos	multi-hop-receiver
internal/format/span.go	consumeTokenAndAdvanceScanner	internal/core/text.go	End	multi-hop-receiver
internal/format/span.go	consumeTokenAndAdvanceScanner	internal/core/text.go	Pos	multi-hop-receiver
internal/format/span.go	execute	internal/core/text.go	Pos	multi-hop-receiver
internal/format/span.go	getNonDecoratorTokenPosOfNode	internal/core/text.go	Pos	multi-hop-receiver
internal/format/span.go	getOwnOrInheritedDelta	internal/core/text.go	Pos	multi-hop-receiver
internal/format/span.go	processChildNode	internal/core/text.go	Len	multi-hop-receiver
internal/format/span.go	processPair	internal/core/text.go	Pos	multi-hop-receiver
internal/format/span.go	processPair	internal/format/rule.go	Flags	concrete-one-hop-receiver
internal/format/span.go	processRange	internal/core/text.go	End	multi-hop-receiver
internal/format/span.go	processTrivia	internal/core/text.go	Pos	multi-hop-receiver
internal/format/span.go	trimTrailingWhitespacesForLines	internal/core/text.go	End	multi-hop-receiver
internal/format/span.go	trimTrailingWhitespacesForLines	internal/core/text.go	Pos	multi-hop-receiver
internal/format/util.go	findImmediatelyPrecedingTokenOfKind	internal/ast/ast.go	End	concrete-one-hop-receiver
internal/fourslash/baselineutil.go	getBaselineForGroupedSpansWithFileContents	internal/lsp/lsproto/lsp.go	FileName	multi-hop-receiver
internal/fourslash/baselineutil.go	newTextWithContext	internal/fourslash/fourslash.go	newTestConverters	package-level-call
internal/fourslash/baselineutil.go	symbolInformationToData	internal/lsp/lsproto/lsp_generated.go	String	multi-hop-receiver
internal/fourslash/fourslash.go	CloseFileOfMarker	internal/fourslash/test_parser.go	FileName	concrete-one-hop-receiver
internal/fourslash/fourslash.go	FormatSelection	internal/fourslash/test_parser.go	FileName	concrete-one-hop-receiver
internal/fourslash/fourslash.go	GoToSelect	internal/fourslash/test_parser.go	FileName	concrete-one-hop-receiver
internal/fourslash/fourslash.go	RenameAtCaret	internal/lsp/lsproto/lsp.go	FileName	multi-hop-receiver
internal/fourslash/fourslash.go	VerifyApplyCodeActionFromCompletion	internal/ls/lsutil/userpreferences.go	NewDefaultUserPreferences	package-qualified-call
internal/fourslash/fourslash.go	VerifyBaselineCallHierarchy	internal/lsp/lsproto/lsp.go	FileName	multi-hop-receiver
internal/fourslash/fourslash.go	VerifyBaselineInlayHints	internal/ls/lsutil/userpreferences.go	NewDefaultUserPreferences	package-qualified-call
internal/fourslash/fourslash.go	VerifyBaselineLinkedEditing	internal/fourslash/test_parser.go	FileName	concrete-one-hop-receiver
internal/fourslash/fourslash.go	VerifyBaselineSelectionRanges	internal/fourslash/test_parser.go	FileName	concrete-one-hop-receiver
internal/fourslash/fourslash.go	VerifyErrorExistsAfterMarker	internal/fourslash/test_parser.go	FileName	concrete-one-hop-receiver
internal/fourslash/fourslash.go	VerifyErrorExistsAtRange	internal/lsp/lsproto/util.go	AsString	multi-hop-receiver
internal/fourslash/fourslash.go	VerifyErrorExistsBeforeMarker	internal/fourslash/test_parser.go	FileName	concrete-one-hop-receiver
internal/fourslash/fourslash.go	VerifyErrorExistsBetweenMarkers	internal/fourslash/test_parser.go	FileName	concrete-one-hop-receiver
internal/fourslash/fourslash.go	VerifyImportFixAtPosition	internal/fourslash/test_parser.go	FileName	concrete-one-hop-receiver
internal/fourslash/fourslash.go	VerifyNoErrors	internal/lsp/lsproto/util.go	AsString	multi-hop-receiver
internal/fourslash/fourslash.go	VerifyRenameFailed	internal/lsp/lsproto/jsonrpc.go	AsResponse	concrete-one-hop-receiver
internal/fourslash/fourslash.go	VerifyWorkspaceSymbol	internal/ls/lsutil/userpreferences.go	NewDefaultUserPreferences	package-qualified-call
internal/fourslash/fourslash.go	editScriptAndUpdateMarkersWorker	internal/core/text.go	End	embedded-promoted-method
internal/fourslash/fourslash.go	editScriptAndUpdateMarkersWorker	internal/fourslash/test_parser.go	FileName	concrete-one-hop-receiver
internal/fourslash/fourslash.go	formatCallHierarchyItem	internal/lsp/lsproto/lsp.go	FileName	multi-hop-receiver
internal/fourslash/fourslash.go	getRangeText	internal/core/text.go	End	multi-hop-receiver
internal/fourslash/fourslash.go	getRangeText	internal/core/text.go	Pos	multi-hop-receiver
internal/fourslash/fourslash.go	getRangesInFile	internal/fourslash/test_parser.go	FileName	concrete-one-hop-receiver
internal/fourslash/fourslash.go	initialize	internal/jsonrpc/jsonrpc.go	String	multi-hop-receiver
internal/fourslash/fourslash.go	initialize	internal/lsp/lsproto/jsonrpc.go	AsResponse	concrete-one-hop-receiver
internal/fourslash/fourslash.go	sendRequestAndBaselineWorker	internal/jsonrpc/jsonrpc.go	String	multi-hop-receiver
internal/fourslash/fourslash.go	sendRequestAndBaselineWorker	internal/lsp/lsproto/jsonrpc.go	AsResponse	concrete-one-hop-receiver
internal/fourslash/fourslash.go	toDiagnostic	internal/lsp/lsproto/lsp.go	FileName	multi-hop-receiver
internal/fourslash/fourslash.go	toDiagnostic	internal/lsp/lsproto/util.go	AsString	multi-hop-receiver
internal/fourslash/fourslash.go	updateState	internal/lsp/lsproto/lsp.go	FileName	multi-hop-receiver
internal/fourslash/fourslash.go	willRenameFilesWorker	internal/lsp/lsproto/lsp.go	FileName	multi-hop-receiver
internal/fourslash/fourslash.go	writeDocumentSymbolDetails	internal/lsp/lsproto/lsp_generated.go	String	multi-hop-receiver
internal/fourslash/semantictokens.go	decodeSemanticTokens	internal/fourslash/fourslash.go	LineAndCharacterToPosition	concrete-one-hop-receiver
internal/fourslash/semantictokens.go	decodeSemanticTokens	internal/fourslash/fourslash.go	newTestConverters	package-level-call
internal/fourslash/statebaseline.go	printConfigFileRegistryDiff	internal/project/projectcollection.go	ConfigFileRegistry	multi-hop-receiver
internal/fourslash/statebaseline.go	printOpenFilesDiff	internal/compiler/program.go	GetSourceFileByPath	concrete-one-hop-receiver
internal/fourslash/statebaseline.go	printOpenFilesDiff	internal/project/project.go	Name	concrete-one-hop-receiver
internal/fourslash/statebaseline.go	printOpenFilesDiff	internal/project/projectcollection.go	GetDefaultProject	multi-hop-receiver
internal/fourslash/statebaseline.go	printOpenFilesDiff	internal/project/projectcollection.go	Projects	multi-hop-receiver
internal/fourslash/statebaseline.go	printProjectsDiff	internal/project/project.go	Name	concrete-one-hop-receiver
internal/fourslash/statebaseline.go	printProjectsDiff	internal/project/projectcollection.go	Projects	multi-hop-receiver
internal/fourslash/statebaseline.go	printStateDiff	internal/lsp/server.go	Session	multi-hop-receiver
internal/fourslash/statebaseline.go	printStateDiff	internal/project/session.go	Snapshot	concrete-one-hop-receiver
internal/fourslash/test_parser.go	parseFileContent	internal/fourslash/fourslash.go	PositionToLineAndCharacter	concrete-one-hop-receiver
internal/fourslash/test_parser.go	parseFileContent	internal/fourslash/fourslash.go	newTestConverters	package-level-call
internal/fswatch/fsevents_darwin.go	fsEventsCallback	internal/fswatch/event.go	setError	multi-hop-receiver
internal/fswatch/fsevents_darwin.go	newFSEventsBackend	internal/fswatch/watcher.go	init	multi-hop-receiver
internal/fswatch/kqueue.go	closeDescendantFDsLocked	internal/fswatch/event.go	remove	multi-hop-receiver
internal/fswatch/kqueue.go	compareDir	internal/fswatch/event.go	remove	multi-hop-receiver
internal/fswatch/kqueue.go	compareDir	internal/fswatch/walkdir_unix.go	walkDir	package-level-call
internal/fswatch/kqueue.go	handleFileEvent	internal/fswatch/event.go	remove	multi-hop-receiver
internal/fswatch/kqueue.go	handleFileEvent	internal/fswatch/event.go	setError	multi-hop-receiver
internal/fswatch/kqueue.go	newKqueueBackend	internal/fswatch/watcher.go	init	multi-hop-receiver
internal/fswatch/kqueue.go	subscribe	internal/fswatch/walkdir_unix.go	walkDir	package-level-call
internal/fswatch/walkdir_unix.go	readDirEntries	internal/fswatch/walkdir_dirent_darwin.go	inoOf	package-level-call
internal/fswatch/walkdir_unix.go	readDirEntries	internal/fswatch/walkdir_dirent_darwin.go	reclenOf	package-level-call
internal/fswatch/watcher.go	WatchDirectories	internal/fswatch/canonicalize_darwin.go	canonicalizePath	package-level-call
internal/fswatch/watcher.go	WatchFile	internal/fswatch/canonicalize_darwin.go	canonicalizePath	package-level-call
internal/fswatch/watcher.go	destroyDebounce	internal/fswatch/debounce.go	remove	concrete-one-hop-receiver
internal/fswatch/watcher.go	physicalDirFor	internal/fswatch/canonicalize_darwin.go	canonicalizePath	package-level-call
internal/fswatch/watcher.go	physicalDirFor	internal/nativepath/realpath_other.go	Realpath	package-qualified-call
internal/glob/glob.go	parse	internal/glob/glob.go	parseLiteral	concrete-one-hop-receiver
internal/ipc/conn_async.go	Run	internal/jsonrpc/jsonrpc.go	IsNotification	alias-receiver
internal/ipc/conn_async.go	Run	internal/jsonrpc/jsonrpc.go	IsRequest	alias-receiver
internal/ipc/conn_async.go	Run	internal/jsonrpc/jsonrpc.go	IsResponse	alias-receiver
internal/ipc/conn_sync.go	Call	internal/jsonrpc/jsonrpc.go	IsResponse	alias-receiver
internal/ipc/conn_sync.go	Call	internal/jsonrpc/jsonrpc.go	String	multi-hop-receiver
internal/ipc/conn_sync.go	Run	internal/jsonrpc/jsonrpc.go	IsNotification	alias-receiver
internal/ipc/conn_sync.go	Run	internal/jsonrpc/jsonrpc.go	IsRequest	alias-receiver
internal/ipc/transport.go	NewPipeTransport	internal/ipc/transport_unix.go	newPipeListener	package-level-call
internal/ls/api.go	GetSymbolAtLocation	internal/compiler/program.go	GetTypeCheckerForFile	concrete-one-hop-receiver
internal/ls/api.go	GetSymbolAtPosition	internal/compiler/program.go	GetTypeCheckerForFile	concrete-one-hop-receiver
internal/ls/api.go	GetTypeOfSymbol	internal/compiler/program.go	GetTypeChecker	concrete-one-hop-receiver
internal/ls/autoimport/extract.go	createExport	internal/ast/symbol.go	IsExternalModule	concrete-one-hop-receiver
internal/ls/autoimport/extract.go	extractFromFile	internal/ast/ast.go	Name	concrete-one-hop-receiver
internal/ls/autoimport/extract.go	extractFromFile	internal/ast/ast.go	Text	alias-receiver
internal/ls/autoimport/extract.go	extractFromModule	internal/ast/ast_generated.go	Name	concrete-one-hop-receiver
internal/ls/autoimport/extract.go	extractFromSymbol	internal/ast/ast.go	Name	concrete-one-hop-receiver
internal/ls/autoimport/extract.go	extractFromSymbol	internal/ast/ast.go	Symbol	alias-receiver
internal/ls/autoimport/extract.go	extractFromSymbol	internal/ast/ast.go	Text	alias-receiver
internal/ls/autoimport/extract.go	extractFromSymbol	internal/ast/ast_generated.go	Name	multi-hop-receiver
internal/ls/autoimport/extract.go	extractFromSymbol	internal/ast/symbol.go	IsExternalModule	concrete-one-hop-receiver
internal/ls/autoimport/extract.go	fileNameForDefaultExportName	internal/ast/ast.go	FileName	multi-hop-receiver
internal/ls/autoimport/fix.go	Edits	internal/diagnostics/diagnostics.go	Localize	multi-hop-receiver
internal/ls/autoimport/fix.go	GetFixes	internal/ast/ast.go	FileName	multi-hop-receiver
internal/ls/autoimport/fix.go	GetFixes	internal/compiler/program.go	Options	multi-hop-receiver
internal/ls/autoimport/fix.go	addImportType	internal/diagnostics/diagnostics.go	Localize	multi-hop-receiver
internal/ls/autoimport/fix.go	addNamespaceQualifier	internal/diagnostics/diagnostics.go	Localize	multi-hop-receiver
internal/ls/autoimport/fix.go	addToExistingImport	internal/ast/ast.go	Elements	alias-receiver
internal/ls/autoimport/fix.go	compareModuleSpecifiersForRanking	internal/ast/ast.go	FileName	multi-hop-receiver
internal/ls/autoimport/fix.go	computeShouldUseRequire	internal/ast/ast.go	FileName	multi-hop-receiver
internal/ls/autoimport/fix.go	computeShouldUseRequire	internal/compiler/program.go	GetImpliedNodeFormatForEmit	multi-hop-receiver
internal/ls/autoimport/fix.go	computeShouldUseRequire	internal/compiler/program.go	GetSourceFiles	multi-hop-receiver
internal/ls/autoimport/fix.go	computeShouldUseRequire	internal/compiler/program.go	IsSourceFileFromExternalLibrary	multi-hop-receiver
internal/ls/autoimport/fix.go	computeShouldUseRequire	internal/compiler/program.go	Options	multi-hop-receiver
internal/ls/autoimport/fix.go	getAddToExistingImportFix	internal/ast/ast.go	Name	multi-hop-receiver
internal/ls/autoimport/fix.go	getExistingImports	internal/ast/ast.go	Imports	multi-hop-receiver
internal/ls/autoimport/fix.go	getExistingImports	internal/ast/ast.go	Text	alias-receiver
internal/ls/autoimport/fix.go	getExistingImports	internal/ast/kind_stringer_generated.go	String	multi-hop-receiver
internal/ls/autoimport/fix.go	getExistingImports	internal/checker/checker.go	GetSymbolAtLocation	concrete-one-hop-receiver
internal/ls/autoimport/fix.go	getExistingImports	internal/checker/exports.go	ResolveExternalModuleName	concrete-one-hop-receiver
internal/ls/autoimport/fix.go	getImportKind	internal/ls/autoimport/export_stringer_generated.go	String	multi-hop-receiver
internal/ls/autoimport/fix.go	getModuleSpecifierText	internal/ast/ast.go	Expression	alias-receiver
internal/ls/autoimport/fix.go	getModuleSpecifierText	internal/ast/ast.go	Text	alias-receiver
internal/ls/autoimport/fix.go	getNamespaceLikeImportText	internal/ast/ast.go	Text	alias-receiver
internal/ls/autoimport/fix.go	promoteFromTypeOnly	internal/ast/ast.go	Pos	embedded-promoted-method
internal/ls/autoimport/fix.go	promoteFromTypeOnly	internal/ast/ast.go	Text	alias-receiver
internal/ls/autoimport/fix.go	promoteFromTypeOnly	internal/ast/ast_generated.go	AsImportEqualsDeclaration	alias-receiver
internal/ls/autoimport/fix.go	promoteFromTypeOnly	internal/ast/ast_generated.go	AsImportSpecifier	alias-receiver
internal/ls/autoimport/fix.go	promoteFromTypeOnly	internal/ast/ast_generated.go	Name	concrete-one-hop-receiver
internal/ls/autoimport/fix.go	tryAddToExistingImport	internal/ast/ast.go	ImportClause	multi-hop-receiver
internal/ls/autoimport/fix.go	tryAddToExistingImport	internal/ast/ast.go	IsTypeOnly	embedded-promoted-method
internal/ls/autoimport/fix.go	tryAddToExistingImport	internal/ast/ast.go	Name	multi-hop-receiver
internal/ls/autoimport/fix.go	tryAddToExistingImport	internal/ast/ast_generated.go	AsImportClause	concrete-one-hop-receiver
internal/ls/autoimport/fix.go	tryAddToExistingImport	internal/ast/ast_generated.go	Name	concrete-one-hop-receiver
internal/ls/autoimport/fix.go	tryAddToExistingImport	internal/compiler/program.go	Options	multi-hop-receiver
internal/ls/autoimport/import_adder.go	AddImportFix	internal/compiler/program.go	Options	multi-hop-receiver
internal/ls/autoimport/import_adder.go	Edits	internal/ast/ast.go	OriginalFileName	multi-hop-receiver
internal/ls/autoimport/import_adder.go	Edits	internal/compiler/program.go	Options	multi-hop-receiver
internal/ls/autoimport/import_adder.go	replaceFirstIdentifierOfEntityName	internal/ast/ast_generated.go	AsQualifiedName	alias-receiver
internal/ls/autoimport/registry.go	IsPreparedForImportingFile	internal/tspath/path.go	GetDirectoryPath	concrete-one-hop-receiver
internal/ls/autoimport/registry.go	buildProjectBucket	internal/ast/ast.go	FileName	concrete-one-hop-receiver
internal/ls/autoimport/registry.go	buildProjectBucket	internal/ast/ast.go	Path	concrete-one-hop-receiver
internal/ls/autoimport/registry.go	buildProjectBucket	internal/vfs/vfsmatch/vfsmatch.go	MatchString	concrete-one-hop-receiver
internal/ls/autoimport/registry.go	hasNewNonNodeModulesFiles	internal/ast/ast.go	FileName	concrete-one-hop-receiver
internal/ls/autoimport/registry.go	hasNewNonNodeModulesFiles	internal/ast/ast.go	Path	concrete-one-hop-receiver
internal/ls/autoimport/specifiers.go	GetModuleSpecifier	internal/compiler/program.go	Options	multi-hop-receiver
internal/ls/autoimport/util.go	getDefaultLikeExportNameFromDeclaration	internal/ast/ast.go	Expression	concrete-one-hop-receiver
internal/ls/autoimport/util.go	getDefaultLikeExportNameFromDeclaration	internal/ast/ast.go	PropertyName	concrete-one-hop-receiver
internal/ls/autoimport/util.go	getDefaultLikeExportNameFromDeclaration	internal/ast/ast.go	Symbol	concrete-one-hop-receiver
internal/ls/autoimport/util.go	getModuleIDAndFileNameOfModuleSymbol	internal/ast/ast.go	Text	alias-receiver
internal/ls/autoimport/util.go	tryGetModuleIDAndFileNameOfModuleSymbol	internal/ast/ast.go	Text	alias-receiver
internal/ls/autoimport/view.go	GetCompletions	internal/ls/autoimport/export.go	Name	concrete-one-hop-receiver
internal/ls/autoinsert.go	isUnclosedTag	internal/ast/ast_generated.go	AsJsxElement	concrete-one-hop-receiver
internal/ls/callhierarchy.go	ProvideCallHierarchyIncomingCalls	internal/lsp/lsproto/lsp.go	FileName	multi-hop-receiver
internal/ls/callhierarchy.go	ProvideCallHierarchyOutgoingCalls	internal/lsp/lsproto/lsp.go	FileName	multi-hop-receiver
internal/ls/callhierarchy.go	collectCallSites	internal/ast/ast.go	Expression	alias-receiver
internal/ls/callhierarchy.go	convertCallSiteGroupToIncomingCall	internal/spanmap/spanmap.go	IsNone	concrete-one-hop-receiver
internal/ls/callhierarchy.go	convertCallSiteGroupToOutgoingCall	internal/spanmap/spanmap.go	IsNone	concrete-one-hop-receiver
internal/ls/callhierarchy.go	convertEntryToCallSite	internal/ast/ast.go	End	concrete-one-hop-receiver
internal/ls/callhierarchy.go	convertEntryToCallSite	internal/ast/ast.go	Pos	concrete-one-hop-receiver
internal/ls/callhierarchy.go	createCallHierarchyItem	internal/spanmap/spanmap.go	IsNone	concrete-one-hop-receiver
internal/ls/callhierarchy.go	createCallHierarchyItem	internal/spanmap/spanmap.go	IsSingleSegment	concrete-one-hop-receiver
internal/ls/callhierarchy.go	findAllInitialDeclarations	internal/ast/ast.go	FileName	multi-hop-receiver
internal/ls/callhierarchy.go	findAllInitialDeclarations	internal/ast/ast.go	Pos	concrete-one-hop-receiver
internal/ls/callhierarchy.go	getCallHierarchyItemContainerName	internal/ast/ast.go	Name	multi-hop-receiver
internal/ls/callhierarchy.go	getCallHierarchyItemName	internal/checker/checker.go	GetSymbolAtLocation	concrete-one-hop-receiver
internal/ls/callhierarchy.go	getCallHierarchyItemName	internal/checker/printer.go	SymbolToString	concrete-one-hop-receiver
internal/ls/callhierarchy.go	getCallHierarchyItemName	internal/core/text.go	Pos	multi-hop-receiver
internal/ls/callhierarchy.go	getIncomingCalls	internal/spanmap/spanmap.go	IsNone	concrete-one-hop-receiver
internal/ls/callhierarchy.go	getTextOfCallHierarchyName	internal/checker/checker.go	GetSymbolAtLocation	concrete-one-hop-receiver
internal/ls/callhierarchy.go	getTextOfCallHierarchyName	internal/checker/printer.go	SymbolToString	concrete-one-hop-receiver
internal/ls/callhierarchy.go	resolveCallHierarchyDeclaration	internal/checker/checker.go	GetAliasedSymbol	concrete-one-hop-receiver
internal/ls/callhierarchy.go	resolveCallHierarchyDeclaration	internal/checker/checker.go	GetSymbolAtLocation	concrete-one-hop-receiver
internal/ls/change/delete.go	deleteDeclaration	internal/ast/ast_generated.go	Name	multi-hop-receiver
internal/ls/change/delete.go	deleteDefaultImport	internal/ast/ast.go	End	alias-receiver
internal/ls/change/delete.go	deleteVariableDeclaration	internal/ast/kind_stringer_generated.go	String	multi-hop-receiver
internal/ls/change/delete.go	endPositionToDeleteNodeInList	internal/ast/ast.go	End	concrete-one-hop-receiver
internal/ls/change/delete.go	endPositionToDeleteNodeInList	internal/ls/change/tracker.go	isSeparator	package-level-call
internal/ls/change/tracker.go	InsertAtTopOfFile	internal/spanmap/spanmap.go	Segments	concrete-one-hop-receiver
internal/ls/change/tracker.go	ParenthesizeArrowParameters	internal/ast/ast.go	End	alias-receiver
internal/ls/change/tracker.go	finishDeleteDeclarations	internal/ast/ast.go	End	multi-hop-receiver
internal/ls/change/tracker.go	finishNodesWithInsertionsAtStart	internal/ast/ast.go	End	concrete-one-hop-receiver
internal/ls/change/tracker.go	getInsertNodeAfterOptions	internal/ast/kind_stringer_generated.go	String	multi-hop-receiver
internal/ls/change/tracker.go	getOptionsForInsertNodeBefore	internal/ast/kind_stringer_generated.go	String	multi-hop-receiver
internal/ls/change/tracker.go	toLSPEditRange	internal/spanmap/spanmap.go	IsExact	concrete-one-hop-receiver
internal/ls/change/trackerimpl.go	getAdjustedEndPosition	internal/core/text.go	End	embedded-promoted-method
internal/ls/change/trackerimpl.go	getAdjustedStartPosition	internal/core/text.go	End	embedded-promoted-method
internal/ls/change/trackerimpl.go	getAdjustedStartPosition	internal/core/text.go	Pos	embedded-promoted-method
internal/ls/change/trackerimpl.go	getInsertionPositionAtSourceFileTop	internal/core/text.go	Pos	embedded-promoted-method
internal/ls/change/trackerimpl.go	getNonformattedText	internal/ast/ast.go	AsNode	embedded-promoted-method
internal/ls/change/trackerimpl.go	getTextChangesFromChanges	internal/ast/ast.go	OriginalFileName	concrete-one-hop-receiver
internal/ls/codeactions.go	Compare	internal/lsp/lsproto/lsp_generated.go	Compare	concrete-one-hop-receiver
internal/ls/codeactions.go	createFixAllAction	internal/diagnostics/diagnostics.go	Localize	multi-hop-receiver
internal/ls/codeactions.go	getOrganizeImportsActionTitle	internal/diagnostics/diagnostics.go	Localize	multi-hop-receiver
internal/ls/codeactions_fixclassincorrectlyimplementsinterface.go	addChanges	internal/ls/languageservice.go	UserPreferences	multi-hop-receiver
internal/ls/codeactions_fixclassincorrectlyimplementsinterface.go	createImportAdder	internal/ls/languageservice.go	UserPreferences	multi-hop-receiver
internal/ls/codeactions_fixclassincorrectlyimplementsinterface.go	getAllCodeActionsToFixClassIncorrectlyImplementsInterface	internal/ast/diagnostic.go	End	concrete-one-hop-receiver
internal/ls/codeactions_fixclassincorrectlyimplementsinterface.go	getAllCodeActionsToFixClassIncorrectlyImplementsInterface	internal/ast/diagnostic.go	Pos	concrete-one-hop-receiver
internal/ls/codeactions_fixclassincorrectlyimplementsinterface.go	getAllCodeActionsToFixClassIncorrectlyImplementsInterface	internal/compiler/program.go	Options	multi-hop-receiver
internal/ls/codeactions_fixclassincorrectlyimplementsinterface.go	getAllCodeActionsToFixClassIncorrectlyImplementsInterface	internal/diagnostics/diagnostics.go	Localize	multi-hop-receiver
internal/ls/codeactions_fixclassincorrectlyimplementsinterface.go	getCodeActionsToFixClassIncorrectlyImplementsInterface	internal/compiler/program.go	Options	multi-hop-receiver
internal/ls/codeactions_fixclassincorrectlyimplementsinterface.go	getCodeActionsToFixClassIncorrectlyImplementsInterface	internal/diagnostics/diagnostics.go	Localize	multi-hop-receiver
internal/ls/codeactions_fixclassincorrectlyimplementsinterface.go	getInheritedMembers	internal/ast/ast.go	AsNode	alias-receiver
internal/ls/codeactions_fixmissingtypeannotation.go	addInlineAssertion	internal/diagnostics/diagnostics.go	Localize	multi-hop-receiver
internal/ls/codeactions_fixmissingtypeannotation.go	addTypeToSignatureDeclaration	internal/diagnostics/diagnostics.go	Localize	multi-hop-receiver
internal/ls/codeactions_fixmissingtypeannotation.go	addTypeToVariableLike	internal/diagnostics/diagnostics.go	Localize	multi-hop-receiver
internal/ls/codeactions_fixmissingtypeannotation.go	createNamespaceForExpandoProperties	internal/ast/ast.go	Text	alias-receiver
internal/ls/codeactions_fixmissingtypeannotation.go	createNamespaceForExpandoProperties	internal/diagnostics/diagnostics.go	Localize	multi-hop-receiver
internal/ls/codeactions_fixmissingtypeannotation.go	emitBindingElementVariable	internal/ast/ast.go	AsNode	alias-receiver
internal/ls/codeactions_fixmissingtypeannotation.go	extractAsVariable	internal/ast/ast.go	AsNode	alias-receiver
internal/ls/codeactions_fixmissingtypeannotation.go	extractAsVariable	internal/diagnostics/diagnostics.go	Localize	multi-hop-receiver
internal/ls/codeactions_fixmissingtypeannotation.go	extractBindingElements	internal/ast/ast.go	AsNode	alias-receiver
internal/ls/codeactions_fixmissingtypeannotation.go	extractBindingElements	internal/ast/ast.go	Text	alias-receiver
internal/ls/codeactions_fixmissingtypeannotation.go	findExpandoFunction	internal/ast/ast_generated.go	AsBinaryExpression	concrete-one-hop-receiver
internal/ls/codeactions_fixmissingtypeannotation.go	findExpandoFunction	internal/ast/ast_generated.go	AsElementAccessExpression	concrete-one-hop-receiver
internal/ls/codeactions_fixmissingtypeannotation.go	findExpandoFunction	internal/ast/ast_generated.go	AsPropertyAccessExpression	concrete-one-hop-receiver
internal/ls/codeactions_fixmissingtypeannotation.go	getAllIsolatedDeclarationsCodeActions	internal/ast/ast.go	OriginalFileName	multi-hop-receiver
internal/ls/codeactions_fixmissingtypeannotation.go	getAllIsolatedDeclarationsCodeActions	internal/compiler/program.go	Options	multi-hop-receiver
internal/ls/codeactions_fixmissingtypeannotation.go	getAllIsolatedDeclarationsCodeActions	internal/core/text.go	End	multi-hop-receiver
internal/ls/codeactions_fixmissingtypeannotation.go	getAllIsolatedDeclarationsCodeActions	internal/core/text.go	Pos	multi-hop-receiver
internal/ls/codeactions_fixmissingtypeannotation.go	getAllIsolatedDeclarationsCodeActions	internal/diagnostics/diagnostics.go	Localize	multi-hop-receiver
internal/ls/codeactions_fixmissingtypeannotation.go	getIdentifierNameForNode	internal/ast/ast.go	Text	alias-receiver
internal/ls/codeactions_fixmissingtypeannotation.go	getIdentifierNameForNode	internal/ast/ast_generated.go	AsIdentifier	alias-receiver
internal/ls/codeactions_fixmissingtypeannotation.go	transformDestructuringPatterns	internal/ast/ast.go	AsNode	alias-receiver
internal/ls/codeactions_fixmissingtypeannotation.go	transformDestructuringPatterns	internal/diagnostics/diagnostics.go	Localize	multi-hop-receiver
internal/ls/codeactions_fixmissingtypeannotation.go	transformExportAssignment	internal/ast/ast.go	AsNode	alias-receiver
internal/ls/codeactions_fixmissingtypeannotation.go	transformExportAssignment	internal/diagnostics/diagnostics.go	Localize	multi-hop-receiver
internal/ls/codeactions_fixmissingtypeannotation.go	transformExtendsClauseWithExpression	internal/ast/ast.go	AsNode	alias-receiver
internal/ls/codeactions_fixmissingtypeannotation.go	transformExtendsClauseWithExpression	internal/ast/ast.go	Text	alias-receiver
internal/ls/codeactions_fixmissingtypeannotation.go	transformExtendsClauseWithExpression	internal/diagnostics/diagnostics.go	Localize	multi-hop-receiver
internal/ls/codeactions_fixmissingtypeannotation.go	tryCodeAction	internal/ast/ast.go	OriginalFileName	multi-hop-receiver
internal/ls/codeactions_fixmissingtypeannotation.go	tryCodeAction	internal/compiler/program.go	Options	multi-hop-receiver
internal/ls/codeactions_fixmissingtypeannotation.go	tryCodeAction	internal/diagnostics/diagnostics.go	Localize	multi-hop-receiver
internal/ls/codeactions_fixmissingtypeannotation.go	typeFromArraySpreadElements	internal/ast/ast.go	AsNode	embedded-promoted-method
internal/ls/codeactions_fixmissingtypeannotation.go	typeFromObjectSpreadAssignment	internal/ast/ast.go	AsNode	embedded-promoted-method
internal/ls/codeactions_fixmissingtypeannotation.go	typeFromSpreads	internal/ast/ast.go	Expression	concrete-one-hop-receiver
internal/ls/codeactions_fixmissingtypeannotation.go	typeToMinimizedReferenceType	internal/ast/ast.go	TypeArguments	alias-receiver
internal/ls/codeactions_fixmissingtypeannotation.go	typeToMinimizedReferenceType	internal/ast/ast_generated.go	AsTypeReferenceNode	alias-receiver
internal/ls/codeactions_fixmissingtypeannotation.go	typeToStringForDiag	internal/printer/emitcontext.go	EmitFlags	multi-hop-receiver
internal/ls/codeactions_importfixes.go	getAllImportCodeActions	internal/ast/ast.go	FileName	multi-hop-receiver
internal/ls/codeactions_importfixes.go	getAllImportCodeActions	internal/compiler/program.go	GetSemanticDiagnostics	multi-hop-receiver
internal/ls/codeactions_importfixes.go	getAllImportCodeActions	internal/diagnostics/diagnostics.go	Localize	multi-hop-receiver
internal/ls/codeactions_importfixes.go	getAllImportCodeActions	internal/ls/languageservice.go	UserPreferences	multi-hop-receiver
internal/ls/codeactions_importfixes.go	getFixInfos	internal/ast/ast.go	FileName	multi-hop-receiver
internal/ls/codeactions_importfixes.go	getFixInfos	internal/ast/ast.go	Text	concrete-one-hop-receiver
internal/ls/codeactions_importfixes.go	getFixInfos	internal/compiler/program.go	Options	multi-hop-receiver
internal/ls/codeactions_importfixes.go	getFixInfos	internal/diagnostics/diagnostics.go	Code	multi-hop-receiver
internal/ls/codeactions_importfixes.go	getFixInfos	internal/lsp/lsproto/util.go	AsString	multi-hop-receiver
internal/ls/codeactions_importfixes.go	getFixesInfoForNonUMDImport	internal/compiler/program.go	Options	multi-hop-receiver
internal/ls/codeactions_importfixes.go	getFixesInfoForNonUMDImport	internal/ls/autoimport/export.go	Name	concrete-one-hop-receiver
internal/ls/codeactions_importfixes.go	getFixesInfoForNonUMDImport	internal/spanmap/spanmap.go	IsExact	concrete-one-hop-receiver
internal/ls/codeactions_importfixes.go	getImportCodeActions	internal/compiler/program.go	Options	multi-hop-receiver
internal/ls/codeactions_importfixes.go	getImportCodeActions	internal/core/text.go	Pos	multi-hop-receiver
internal/ls/codeactions_importfixes.go	getImportCodeActions	internal/diagnostics/diagnostics.go	Localize	multi-hop-receiver
internal/ls/codeactions_importfixes.go	getImportCodeActions	internal/ls/autoimport/fix.go	Edits	multi-hop-receiver
internal/ls/codeactions_importfixes.go	getImportCodeActions	internal/ls/languageservice.go	UserPreferences	multi-hop-receiver
internal/ls/codeactions_importfixes.go	getTypeOnlyPromotionFix	internal/checker/exports.go	GetTypeOnlyAliasDeclaration	concrete-one-hop-receiver
internal/ls/codeactions_importfixes.go	getTypeOnlyPromotionFix	internal/checker/exports.go	ResolveName	concrete-one-hop-receiver
internal/ls/codeactions_missingmemberfixer.go	createDeclarationName	internal/ast/ast.go	Clone	alias-receiver
internal/ls/codeactions_missingmemberfixer.go	createMemberFromSymbol	internal/ast/ast.go	Name	concrete-one-hop-receiver
internal/ls/codeactions_missingmemberfixer.go	createMemberFromSymbol	internal/ast/ast.go	Text	alias-receiver
internal/ls/codeactions_missingmemberfixer.go	createMemberFromSymbol	internal/checker/types.go	Declaration	concrete-one-hop-receiver
internal/ls/codeactions_missingmemberfixer.go	createSignatureDeclarationFromSignature	internal/ast/ast.go	ParameterList	concrete-one-hop-receiver
internal/ls/codeactions_missingmemberfixer.go	createSignatureDeclarationFromSignature	internal/ast/ast.go	Type	concrete-one-hop-receiver
internal/ls/codeactions_missingmemberfixer.go	createSignatureDeclarationFromSignature	internal/ast/ast.go	TypeParameterList	concrete-one-hop-receiver
internal/ls/codeactions_missingmemberfixer.go	createSignatureDeclarationFromSignature	internal/ast/ast_generated.go	AsArrowFunction	concrete-one-hop-receiver
internal/ls/codeactions_missingmemberfixer.go	createSignatureDeclarationFromSignature	internal/ast/ast_generated.go	AsFunctionDeclaration	concrete-one-hop-receiver
internal/ls/codeactions_missingmemberfixer.go	createSignatureDeclarationFromSignature	internal/ast/ast_generated.go	AsFunctionExpression	concrete-one-hop-receiver
internal/ls/codeactions_missingmemberfixer.go	createSignatureDeclarationFromSignature	internal/ast/ast_generated.go	AsMethodDeclaration	concrete-one-hop-receiver
internal/ls/codeactions_missingmemberfixer.go	createStubbedMethodBody	internal/diagnostics/diagnostics.go	Localize	multi-hop-receiver
internal/ls/codelens.go	ResolveCodeLens	internal/diagnostics/diagnostics.go	Localize	multi-hop-receiver
internal/ls/completions.go	canCompleteFromNamedBindings	internal/ast/ast.go	Elements	alias-receiver
internal/ls/completions.go	canCompleteFromNamedBindings	internal/ast/ast.go	Name	multi-hop-receiver
internal/ls/completions.go	completionNameForLiteral	internal/jsnum/pseudobigint.go	String	concrete-one-hop-receiver
internal/ls/completions.go	computeCommitCharactersAndIsNewIdentifier	internal/ast/ast.go	End	concrete-one-hop-receiver
internal/ls/completions.go	computeCommitCharactersAndIsNewIdentifier	internal/ast/ast.go	Expression	multi-hop-receiver
internal/ls/completions.go	createCompletionItem	internal/ast/ast.go	End	alias-receiver
internal/ls/completions.go	createCompletionItem	internal/ast/ast.go	Expression	alias-receiver
internal/ls/completions.go	createCompletionItem	internal/ast/ast.go	Name	alias-receiver
internal/ls/completions.go	createCompletionItem	internal/ast/ast.go	Pos	alias-receiver
internal/ls/completions.go	createCompletionItem	internal/ast/ast.go	QuestionDotToken	alias-receiver
internal/ls/completions.go	createObjectLiteralMethod	internal/ast/ast.go	Clone	alias-receiver
internal/ls/completions.go	createObjectLiteralMethod	internal/ast/ast.go	Name	concrete-one-hop-receiver
internal/ls/completions.go	createObjectLiteralMethod	internal/ast/ast_generated.go	AsFunctionTypeNode	alias-receiver
internal/ls/completions.go	createRangeFromStringLiteralLikeContent	internal/ast/ast.go	End	alias-receiver
internal/ls/completions.go	entityNameToExpression	internal/ast/ast_generated.go	AsQualifiedName	alias-receiver
internal/ls/completions.go	filterClassMembersList	internal/ast/ast.go	ModifierFlags	alias-receiver
internal/ls/completions.go	filterClassMembersList	internal/ast/ast.go	Name	alias-receiver
internal/ls/completions.go	filterClassMembersList	internal/ast/utilities.go	IsStatic	package-qualified-call
internal/ls/completions.go	filterContentMappedAutoImports	internal/ls/autoimport/fix.go	Edits	multi-hop-receiver
internal/ls/completions.go	filterJsxAttributes	internal/ast/ast.go	Name	alias-receiver
internal/ls/completions.go	filterJsxAttributes	internal/ast/ast.go	Text	alias-receiver
internal/ls/completions.go	filterObjectMembersList	internal/ast/ast.go	PropertyName	alias-receiver
internal/ls/completions.go	getCompletionData	internal/ast/ast.go	Expression	alias-receiver
internal/ls/completions.go	getCompletionData	internal/ast/kind_stringer_generated.go	String	multi-hop-receiver
internal/ls/completions.go	getCompletionItemDetails	internal/ls/autoimport/fix.go	Edits	multi-hop-receiver
internal/ls/completions.go	getEntryForObjectLiteralMethodCompletion	internal/ls/completions.go	printObjectLiteralMethodLabelDetail	concrete-one-hop-receiver
internal/ls/completions.go	getExhaustiveCaseSnippets	internal/ast/ast.go	Expression	multi-hop-receiver
internal/ls/completions.go	getExhaustiveCaseSnippets	internal/checker/types.go	Symbol	concrete-one-hop-receiver
internal/ls/completions.go	getExhaustiveCaseSnippets	internal/checker/types.go	Value	multi-hop-receiver
internal/ls/completions.go	getExhaustiveCaseSnippets	internal/jsnum/pseudobigint.go	String	concrete-one-hop-receiver
internal/ls/completions.go	getExhaustiveCaseSnippets	internal/jsnum/string.go	String	multi-hop-receiver
internal/ls/completions.go	getExhaustiveCaseSnippets	internal/ls/completions.go	printUnescapedNode	concrete-one-hop-receiver
internal/ls/completions.go	getJSDocParameterCompletions	internal/ast/ast.go	IsJSDoc	alias-receiver
internal/ls/completions.go	getJSDocParameterCompletions	internal/ast/ast.go	Parameters	concrete-one-hop-receiver
internal/ls/completions.go	getJSDocParameterCompletions	internal/ast/ast_generated.go	AsJSDoc	alias-receiver
internal/ls/completions.go	getJSDocParameterNameCompletions	internal/ast/ast.go	Parameters	concrete-one-hop-receiver
internal/ls/completions.go	getJSDocParameterNameCompletions	internal/ast/ast.go	Text	alias-receiver
internal/ls/completions.go	getLabelStatementCompletions	internal/ast/ast.go	Label	alias-receiver
internal/ls/completions.go	getLabelStatementCompletions	internal/ast/ast.go	Text	multi-hop-receiver
internal/ls/completions.go	getLeftMostName	internal/ast/ast.go	Expression	alias-receiver
internal/ls/completions.go	getPotentiallyInvalidImportSpecifier	internal/ast/ast.go	Elements	alias-receiver
internal/ls/completions.go	getPresentMemberModifiers	internal/ast/ast.go	Name	multi-hop-receiver
internal/ls/completions.go	getRelevantTokens	internal/ast/ast.go	End	concrete-one-hop-receiver
internal/ls/completions.go	getRelevantTokens	internal/ast/ast.go	Pos	concrete-one-hop-receiver
internal/ls/completions.go	getSwitchedType	internal/ast/ast.go	Expression	multi-hop-receiver
internal/ls/completions.go	isClassLikeMemberCompletion	internal/ast/ast.go	Name	multi-hop-receiver
internal/ls/completions.go	isDeprecated	internal/checker/utilities.go	SkipAlias	package-qualified-call
internal/ls/completions.go	isModuleSpecifierMissingOrEmpty	internal/ast/ast.go	Expression	alias-receiver
internal/ls/completions.go	isModuleSpecifierMissingOrEmpty	internal/ast/ast.go	Text	alias-receiver
internal/ls/completions.go	isSolelyIdentifierDefinitionLocation	internal/ast/ast.go	Name	concrete-one-hop-receiver
internal/ls/completions.go	isSolelyIdentifierDefinitionLocation	internal/ast/ast.go	TypeParameterList	concrete-one-hop-receiver
internal/ls/completions.go	isStaticProperty	internal/ast/ast.go	ModifierFlags	multi-hop-receiver
internal/ls/completions.go	jsDocParamElementWorker	internal/ast/ast.go	Initializer	alias-receiver
internal/ls/completions.go	jsDocParamElementWorker	internal/ast/ast.go	Name	alias-receiver
internal/ls/completions.go	jsDocParamElementWorker	internal/ast/ast.go	PropertyName	alias-receiver
internal/ls/completions.go	jsDocParamElementWorker	internal/ast/ast.go	Text	alias-receiver
internal/ls/completions.go	jsDocParamElementWorker	internal/ast/ast_generated.go	AsBindingElement	alias-receiver
internal/ls/completions.go	jsDocParamPatternWorker	internal/ast/ast.go	Elements	alias-receiver
internal/ls/completions.go	printAndFormatNodeWithSettings	internal/ast/ast.go	Text	concrete-one-hop-receiver
internal/ls/completions.go	shouldIncludeSymbol	internal/ast/ast.go	End	alias-receiver
internal/ls/completions.go	shouldIncludeSymbol	internal/ast/ast.go	ParameterList	multi-hop-receiver
internal/ls/completions.go	shouldIncludeSymbol	internal/ast/ast.go	Pos	alias-receiver
internal/ls/completions.go	shouldIncludeSymbol	internal/ast/ast.go	TypeParameterList	multi-hop-receiver
internal/ls/completions.go	shouldIncludeSymbol	internal/ast/symbol.go	CombinedLocalAndExportSymbolFlags	concrete-one-hop-receiver
internal/ls/completions.go	shouldIncludeSymbol	internal/checker/utilities.go	SkipAlias	package-qualified-call
internal/ls/completions.go	symbolAppearsToBeTypeOnly	internal/checker/utilities.go	SkipAlias	package-qualified-call
internal/ls/completions.go	symbolCanBeReferencedAtTypeLocation	internal/checker/utilities.go	SkipAlias	package-qualified-call
internal/ls/completions.go	tryGetContainingJsxElement	internal/ast/ast.go	TypeArguments	concrete-one-hop-receiver
internal/ls/completions.go	tryGetObjectTypeDeclarationCompletionContainer	internal/ast/ast.go	Name	multi-hop-receiver
internal/ls/completions.go	tryGetObjectTypeDeclarationCompletionContainer	internal/ast/ast.go	StatementList	multi-hop-receiver
internal/ls/completions.go	typeNodeToExpression	internal/ast/ast.go	Text	concrete-one-hop-receiver
internal/ls/completions.go	typeNodeToExpression	internal/ast/ast_generated.go	AsIndexedAccessTypeNode	alias-receiver
internal/ls/completions.go	typeNodeToExpression	internal/ast/ast_generated.go	AsLiteralTypeNode	alias-receiver
internal/ls/completions.go	typeNodeToExpression	internal/ast/ast_generated.go	AsParenthesizedTypeNode	alias-receiver
internal/ls/completions.go	typeNodeToExpression	internal/ast/ast_generated.go	AsTypeQueryNode	alias-receiver
internal/ls/completions.go	typeNodeToExpression	internal/ast/ast_generated.go	AsTypeReferenceNode	alias-receiver
internal/ls/definition.go	createDefinitionLocations	internal/ast/ast.go	Pos	concrete-one-hop-receiver
internal/ls/definition.go	createDefinitionLocations	internal/ls/findallreferences.go	getContextNode	package-level-call
internal/ls/definition.go	getDeclarationNameForKeyword	internal/ast/ast.go	Name	multi-hop-receiver
internal/ls/definition.go	getDeclarationsFromLocation	internal/ast/ast.go	Name	multi-hop-receiver
internal/ls/definition.go	getSymbolForOverriddenMember	internal/ast/ast.go	Expression	alias-receiver
internal/ls/definition.go	getSymbolForOverriddenMember	internal/ast/ast.go	Symbol	alias-receiver
internal/ls/definition.go	provideDefinitionAtPosition	internal/ast/ast.go	Text	concrete-one-hop-receiver
internal/ls/definition.go	provideDefinitionAtPosition	internal/checker/checker.go	GetSymbolAtLocation	concrete-one-hop-receiver
internal/ls/definition.go	provideDefinitionAtPosition	internal/checker/services.go	GetRootSymbols	concrete-one-hop-receiver
internal/ls/definition.go	provideTypeDefinitionAtPosition	internal/checker/checker.go	GetSymbolAtLocation	concrete-one-hop-receiver
internal/ls/definition.go	provideTypeDefinitionAtPosition	internal/checker/services.go	GetFirstTypeArgumentFromKnownType	concrete-one-hop-receiver
internal/ls/diagnostics.go	toLSPDiagnostics	internal/ast/diagnostic.go	File	concrete-one-hop-receiver
internal/ls/documenthighlights.go	getIfElseOccurrences	internal/ast/ast.go	End	concrete-one-hop-receiver
internal/ls/documenthighlights.go	getIfElseOccurrences	internal/ast/ast.go	Pos	concrete-one-hop-receiver
internal/ls/documenthighlights.go	toDocumentHighlight	internal/ast/ast.go	OriginalFileName	multi-hop-receiver
internal/ls/file_rename.go	createStringTextRange	internal/ast/ast.go	End	alias-receiver
internal/ls/file_rename.go	forEachObjectProperty	internal/ast/ast.go	Name	concrete-one-hop-receiver
internal/ls/file_rename.go	getTsConfigObjectLiteralExpression	internal/ast/ast.go	Expression	multi-hop-receiver
internal/ls/file_rename.go	getTsConfigObjectLiteralExpression	internal/ast/ast_generated.go	AsObjectLiteralExpression	concrete-one-hop-receiver
internal/ls/file_rename.go	getUpdatedImportSpecifier	internal/ast/ast.go	Text	alias-receiver
internal/ls/file_rename.go	getUpdatedImportSpecifierFromMovedSourceFiles	internal/ast/ast.go	Text	alias-receiver
internal/ls/file_rename.go	tryUpdateConfigString	internal/spanmap/spanmap.go	IsExact	concrete-one-hop-receiver
internal/ls/file_rename.go	updateImportsForFileRename	internal/ast/ast.go	Imports	concrete-one-hop-receiver
internal/ls/file_rename.go	updateImportsForFileRename	internal/ast/ast.go	OriginalFileName	concrete-one-hop-receiver
internal/ls/file_rename.go	updateImportsForFileRename	internal/ast/ast.go	Text	alias-receiver
internal/ls/file_rename.go	updateImportsForFileRename	internal/ls/lsutil/userpreferences.go	ModuleSpecifierPreferences	multi-hop-receiver
internal/ls/file_rename.go	updatePathsProperty	internal/ast/ast.go	Elements	alias-receiver
internal/ls/file_rename.go	updateTsconfigFiles	internal/ast/ast.go	FileName	concrete-one-hop-receiver
internal/ls/findallreferences.go	GetSignatureUsages	internal/ast/ast.go	Expression	multi-hop-receiver
internal/ls/findallreferences.go	GetSignatureUsages	internal/ast/ast.go	Pos	alias-receiver
internal/ls/findallreferences.go	GetSignatureUsages	internal/compiler/program.go	GetSourceFiles	multi-hop-receiver
internal/ls/findallreferences.go	addImplementationReferences	internal/ast/ast.go	Type	multi-hop-receiver
internal/ls/findallreferences.go	definitionToReferencedSymbolDefinitionInfo	internal/ast/ast.go	Name	concrete-one-hop-receiver
internal/ls/findallreferences.go	findInheritedConstructorReferences	internal/ast/ast.go	Symbol	alias-receiver
internal/ls/findallreferences.go	findSuperConstructorAccesses	internal/ast/ast.go	Symbol	alias-receiver
internal/ls/findallreferences.go	forEachOriginalDefinitionLocation	internal/spanmap/spanmap.go	IsNone	concrete-one-hop-receiver
internal/ls/findallreferences.go	getContextNodeForNodeEntry	internal/ast/ast.go	Name	multi-hop-receiver
internal/ls/findallreferences.go	getContextNodeForNodeEntry	internal/ast/ast.go	PropertyName	multi-hop-receiver
internal/ls/findallreferences.go	getDefinitionKindAndDisplayParts	internal/ls/displaypartswriter.go	String	multi-hop-receiver
internal/ls/findallreferences.go	getNonLocalDefinition	internal/spanmap/spanmap.go	IsNone	concrete-one-hop-receiver
internal/ls/findallreferences.go	getRangeOfNode	internal/ast/ast.go	End	multi-hop-receiver
internal/ls/findallreferences.go	getReferencedSymbolsForModule	internal/ast/ast.go	Expression	alias-receiver
internal/ls/findallreferences.go	getReferencedSymbolsForModule	internal/ast/ast_generated.go	Name	multi-hop-receiver
internal/ls/findallreferences.go	getReferencedSymbolsForModuleIfDeclaredBySourceFile	internal/ast/ast.go	FileName	multi-hop-receiver
internal/ls/findallreferences.go	getReferencedSymbolsForModuleIfDeclaredBySourceFile	internal/ast/ast_generated.go	AsSourceFile	concrete-one-hop-receiver
internal/ls/findallreferences.go	getReferencedSymbolsForNode	internal/ast/ast.go	Name	multi-hop-receiver
internal/ls/findallreferences.go	getReferencedSymbolsSpecial	internal/ast/ast.go	Name	multi-hop-receiver
internal/ls/findallreferences.go	getReferencedSymbolsSpecial	internal/ls/utilities.go	isReadonlyTypeOperator	package-level-call
internal/ls/findallreferences.go	getReferencesAtExportSpecifier	internal/ls/utilities.go	getLocalSymbolForExportSpecifier	package-level-call
internal/ls/findallreferences.go	getReferencesAtLocation	internal/ast/ast.go	PropertyName	concrete-one-hop-receiver
internal/ls/findallreferences.go	getReferencesAtLocation	internal/ast/ast.go	Symbol	multi-hop-receiver
internal/ls/findallreferences.go	getReferencesForThisKeyword	internal/ast/utilities.go	IsExternalModule	package-qualified-call
internal/ls/findallreferences.go	getSpecialSearchKind	internal/ast/ast.go	Name	multi-hop-receiver
internal/ls/findallreferences.go	hasOwnConstructor	internal/ast/ast.go	Symbol	alias-receiver
internal/ls/findallreferences.go	isStringLiteralPropertyReference	internal/ast/ast.go	Text	alias-receiver
internal/ls/findallreferences.go	provideSymbolsAndEntriesAtPosition	internal/ast/ast.go	Pos	multi-hop-receiver
internal/ls/findallreferences.go	skipPastExportOrImportSpecifierOrUnion	internal/ls/utilities.go	getLocalSymbolForExportSpecifier	package-level-call
internal/ls/folding.go	addNodeOutliningSpans	internal/ast/ast.go	End	multi-hop-receiver
internal/ls/folding.go	spanForArrowFunction	internal/ast/ast.go	End	alias-receiver
internal/ls/folding.go	spanForArrowFunction	internal/ast/ast.go	Pos	alias-receiver
internal/ls/folding.go	spanForCallExpression	internal/ast/ast.go	Pos	concrete-one-hop-receiver
internal/ls/folding.go	spanForImportExportElements	internal/ast/ast.go	Pos	concrete-one-hop-receiver
internal/ls/folding.go	spanForJSXAttributes	internal/ast/ast.go	Properties	alias-receiver
internal/ls/folding.go	spanForJSXElement	internal/ast/ast.go	End	alias-receiver
internal/ls/folding.go	tryGetFunctionOpenToken	internal/ast/ast.go	Parameters	alias-receiver
internal/ls/format.go	getRangeOfEnclosingComment	internal/ls/utilities.go	getLeadingCommentRangesOfNode	package-level-call
internal/ls/format.go	toLSProtoTextEdits	internal/spanmap/spanmap.go	IsExact	concrete-one-hop-receiver
internal/ls/hover.go	ProvideHover	internal/checker/checker.go	GetAliasedSymbol	concrete-one-hop-receiver
internal/ls/hover.go	ProvideHover	internal/compiler/program.go	GetTypeCheckerForFile	concrete-one-hop-receiver
internal/ls/hover.go	getCallOrNewExpression	internal/ast/ast.go	Expression	multi-hop-receiver
internal/ls/hover.go	getCallOrNewExpression	internal/ast/ast.go	Name	multi-hop-receiver
internal/ls/hover.go	getDocumentationFromDeclaration	internal/ast/ast.go	Name	alias-receiver
internal/ls/hover.go	getDocumentationFromDeclaration	internal/ast/ast.go	Text	multi-hop-receiver
internal/ls/hover.go	getDocumentationFromDeclaration	internal/ast/ast.go	TypeParameters	concrete-one-hop-receiver
internal/ls/hover.go	getNodeForQuickInfo	internal/ast/ast.go	Expression	multi-hop-receiver
internal/ls/hover.go	getNodeForQuickInfo	internal/ast/ast.go	Name	multi-hop-receiver
internal/ls/hover.go	getQuickInfoAndDocumentationForSymbol	internal/ls/displaypartswriter.go	String	multi-hop-receiver
internal/ls/hover.go	getSignaturesAtLocation	internal/checker/types.go	TypeParameters	multi-hop-receiver
internal/ls/importTracker.go	findModuleReferences	internal/ast/ast.go	FileName	multi-hop-receiver
internal/ls/importTracker.go	getContainingModuleSymbol	internal/ast/ast.go	Symbol	multi-hop-receiver
internal/ls/importTracker.go	getExportEqualsLocalSymbol	internal/ast/ast.go	Expression	concrete-one-hop-receiver
internal/ls/importTracker.go	getExportEqualsLocalSymbol	internal/ast/ast.go	Symbol	alias-receiver
internal/ls/importTracker.go	isExternalModuleImportEquals	internal/ast/ast.go	Expression	alias-receiver
internal/ls/importTracker.go	isNodeImport	internal/ast/ast.go	Name	concrete-one-hop-receiver
internal/ls/importTracker.go	isNodeImport	internal/ast/ast.go	PropertyName	concrete-one-hop-receiver
internal/ls/importTracker.go	skipExportSpecifierSymbol	internal/ast/ast.go	Expression	concrete-one-hop-receiver
internal/ls/importTracker.go	skipExportSpecifierSymbol	internal/ast/ast.go	Name	concrete-one-hop-receiver
internal/ls/importTracker.go	skipExportSpecifierSymbol	internal/ast/ast.go	PropertyName	concrete-one-hop-receiver
internal/ls/inlay_hints.go	ProvideInlayHint	internal/compiler/program.go	GetTypeCheckerForFile	concrete-one-hop-receiver
internal/ls/inlay_hints.go	addEnumMemberValueHints	internal/spanmap/spanmap.go	IsNone	concrete-one-hop-receiver
internal/ls/inlay_hints.go	addParameterHints	internal/spanmap/spanmap.go	IsNone	concrete-one-hop-receiver
internal/ls/inlay_hints.go	addParameterTypeHint	internal/ast/ast.go	End	alias-receiver
internal/ls/inlay_hints.go	addParameterTypeHint	internal/ast/ast.go	Name	alias-receiver
internal/ls/inlay_hints.go	addParameterTypeHint	internal/ast/ast.go	QuestionToken	alias-receiver
internal/ls/inlay_hints.go	addParameterTypeHint	internal/ast/ast.go	Type	alias-receiver
internal/ls/inlay_hints.go	addTypeHints	internal/spanmap/spanmap.go	IsNone	concrete-one-hop-receiver
internal/ls/inlay_hints.go	getLiteralText	internal/ast/ast.go	RawText	alias-receiver
internal/ls/inlay_hints.go	getLiteralText	internal/ast/ast.go	Text	alias-receiver
internal/ls/inlay_hints.go	getNodeDisplayPart	internal/spanmap/spanmap.go	IsSingleSegment	concrete-one-hop-receiver
internal/ls/inlay_hints.go	getParameterDeclarationIdentifier	internal/ast/ast.go	Name	multi-hop-receiver
internal/ls/inlay_hints.go	getParameterDeclarationTypeHints	internal/ls/inlay_hints.go	typeToInlayHintParts	concrete-one-hop-receiver
internal/ls/inlay_hints.go	getParameterIdentifierInfoAtPosition	internal/ast/ast.go	Name	concrete-one-hop-receiver
internal/ls/inlay_hints.go	getParameterIdentifierInfoAtPosition	internal/ast/ast.go	Text	alias-receiver
internal/ls/inlay_hints.go	getTypeAnnotationPosition	internal/ast/ast.go	End	alias-receiver
internal/ls/inlay_hints.go	getTypeAnnotationPosition	internal/ast/ast.go	ParameterList	alias-receiver
internal/ls/inlay_hints.go	identifierOrAccessExpressionPostfixMatchesParameterName	internal/ast/ast.go	Name	alias-receiver
internal/ls/inlay_hints.go	identifierOrAccessExpressionPostfixMatchesParameterName	internal/ast/ast.go	Text	alias-receiver
internal/ls/inlay_hints.go	isHintableDeclaration	internal/ast/ast.go	Initializer	alias-receiver
internal/ls/inlay_hints.go	leadingCommentsContainsParameterName	internal/ls/utilities.go	getLeadingCommentRangesOfNode	package-level-call
internal/ls/inlay_hints.go	typePredicateToInlayHintParts	internal/ls/inlay_hints.go	getInlayHintLabelParts	concrete-one-hop-receiver
internal/ls/inlay_hints.go	typeToInlayHintParts	internal/ls/inlay_hints.go	getInlayHintLabelParts	concrete-one-hop-receiver
internal/ls/inlay_hints.go	visitCallOrNewExpression	internal/ast/ast.go	Arguments	alias-receiver
internal/ls/inlay_hints.go	visitCallOrNewExpression	internal/ast/ast.go	Expression	alias-receiver
internal/ls/inlay_hints.go	visitEnumMember	internal/ast/ast.go	End	alias-receiver
internal/ls/inlay_hints.go	visitEnumMember	internal/ast/ast.go	Initializer	alias-receiver
internal/ls/inlay_hints.go	visitFunctionDeclarationLikeForReturnType	internal/ast/ast.go	Body	alias-receiver
internal/ls/inlay_hints.go	visitFunctionDeclarationLikeForReturnType	internal/ast/ast.go	Type	alias-receiver
internal/ls/inlay_hints.go	visitFunctionLikeForParameterType	internal/ast/ast.go	Parameters	alias-receiver
internal/ls/inlay_hints.go	visitVariableLikeDeclaration	internal/ast/ast.go	End	alias-receiver
internal/ls/inlay_hints.go	visitVariableLikeDeclaration	internal/ast/ast.go	Initializer	alias-receiver
internal/ls/inlay_hints.go	visitVariableLikeDeclaration	internal/ast/ast.go	Name	alias-receiver
internal/ls/inlay_hints.go	visitVariableLikeDeclaration	internal/ast/ast.go	Text	alias-receiver
internal/ls/inlay_hints.go	visitVariableLikeDeclaration	internal/ast/ast.go	Type	alias-receiver
internal/ls/jsdoc.go	GetSymbolJSDocTags	internal/ast/ast.go	Text	multi-hop-receiver
internal/ls/jsdoc.go	getJSDocParameterTagByPosition	internal/ast/ast.go	Parameters	concrete-one-hop-receiver
internal/ls/jsdoc.go	isNodeWithName	internal/ast/ast.go	Text	alias-receiver
internal/ls/jsdoc_snippet.go	getDocCommentTemplateAtPosition	internal/ast/ast.go	JSDoc	concrete-one-hop-receiver
internal/ls/jsdoc_snippet.go	getJSDocSnippetCompletion	internal/diagnostics/diagnostics.go	Localize	multi-hop-receiver
internal/ls/jsdoc_snippet.go	getJSDocSnippetCompletionRange	internal/spanmap/spanmap.go	IsExact	concrete-one-hop-receiver
internal/ls/jsdoc_snippet.go	parameterDocComments	internal/ast/ast.go	Name	alias-receiver
internal/ls/jsdoc_snippet.go	parameterDocComments	internal/ast/ast.go	Text	alias-receiver
internal/ls/jsdoc_snippet.go	parameterDocComments	internal/ast/ast_generated.go	AsParameterDeclaration	alias-receiver
internal/ls/linkedediting.go	ProvideLinkedEditingRange	internal/ast/ast.go	End	alias-receiver
internal/ls/lsconv/converters.go	FileNameToDocumentURI	internal/bundled/embed.go	IsBundled	package-qualified-call
internal/ls/lsconv/converters.go	FromLSPRangeIntersectingForSourceFile	internal/ast/ast.go	OriginalFileName	concrete-one-hop-receiver
internal/ls/lsconv/converters.go	FromLSPRangeIntersectingForSourceFile	internal/ast/ast.go	OriginalText	concrete-one-hop-receiver
internal/ls/lsconv/converters.go	FromLSPRangeIntersectingForSourceFile	internal/ast/ast.go	SpanMap	concrete-one-hop-receiver
internal/ls/lsconv/converters.go	diagnosticToLSP	internal/ast/ast.go	OriginalFileName	multi-hop-receiver
internal/ls/lsconv/converters.go	diagnosticToLSP	internal/ast/diagnostic.go	Localize	concrete-one-hop-receiver
internal/ls/lsconv/converters.go	diagnosticToLSP	internal/ls/lsconv/converters.go	messageChainToString	package-level-call
internal/ls/lsutil/organizeimports.go	GetExternalModuleName	internal/ast/ast.go	AsNode	alias-receiver
internal/ls/lsutil/organizeimports.go	GetExternalModuleName	internal/ast/ast.go	Text	alias-receiver
internal/ls/lsutil/organizeimports.go	compareImportOrExportSpecifiers	internal/ast/ast.go	Text	alias-receiver
internal/ls/lsutil/organizeimports.go	detectNamedImportOrganizationBySort	internal/ast/ast.go	Name	alias-receiver
internal/ls/lsutil/organizeimports.go	detectNamedImportOrganizationBySort	internal/ast/ast.go	Text	alias-receiver
internal/ls/lsutil/organizeimports.go	detectNamedImportOrganizationBySort	internal/ast/ast_generated.go	AsImportDeclaration	alias-receiver
internal/ls/lsutil/organizeimports.go	getImportKindOrder	internal/ast/ast_generated.go	AsImportDeclaration	alias-receiver
internal/ls/lsutil/organizeimports.go	getModuleSpecifierExpression	internal/ast/ast.go	Expression	alias-receiver
internal/ls/lsutil/organizeimports.go	getModuleSpecifierExpression	internal/ast/ast.go	ModuleSpecifier	alias-receiver
internal/ls/lsutil/organizeimports.go	getModuleSpecifierExpression	internal/ast/ast_generated.go	AsImportEqualsDeclaration	alias-receiver
internal/ls/lsutil/organizeimports.go	getModuleSpecifierExpression	internal/ast/ast_generated.go	AsVariableStatement	alias-receiver
internal/ls/lsutil/utilities.go	GetQuotePreference	internal/ast/ast_generated.go	AsStringLiteral	alias-receiver
internal/ls/lsutil/utilities.go	ShouldUseUriStyleNodeCoreModules	internal/ast/ast.go	Text	alias-receiver
internal/ls/organizeimports.go	coalesceExportsWorker	internal/ast/ast.go	Text	alias-receiver
internal/ls/organizeimports.go	filterUsedImportSpecifiers	internal/ast/ast_generated.go	AsImportSpecifier	alias-receiver
internal/ls/organizeimports.go	filterUsedImportSpecifiers	internal/ast/ast_generated.go	Name	concrete-one-hop-receiver
internal/ls/organizeimports.go	getCategorizedExports	internal/ast/ast_generated.go	AsExportDeclaration	alias-receiver
internal/ls/organizeimports.go	getCategorizedImports	internal/ast/ast_generated.go	AsImportDeclaration	alias-receiver
internal/ls/organizeimports.go	getImportAttributesKey	internal/ast/ast.go	Text	alias-receiver
internal/ls/organizeimports.go	getImportAttributesKey	internal/ast/ast_generated.go	AsImportAttributes	alias-receiver
internal/ls/organizeimports.go	getImportAttributesKey	internal/ast/kind_stringer_generated.go	String	multi-hop-receiver
internal/ls/organizeimports.go	getNewImportSpecifiers	internal/ast/ast.go	Text	alias-receiver
internal/ls/organizeimports.go	groupByModuleSpecifier	internal/ast/ast.go	ModuleSpecifier	alias-receiver
internal/ls/organizeimports.go	hasModuleDeclarationMatchingSpecifier	internal/ast/ast.go	AsNode	alias-receiver
internal/ls/organizeimports.go	hasModuleDeclarationMatchingSpecifier	internal/ast/ast.go	Text	alias-receiver
internal/ls/organizeimports.go	isNewGroup	internal/ast/ast.go	Pos	alias-receiver
internal/ls/organizeimports.go	organizeImportsWorker	internal/ast/ast.go	AsNode	alias-receiver
internal/ls/organizeimports.go	removeUnusedImports	internal/ast/ast.go	Modifiers	embedded-promoted-method
internal/ls/organizeimports.go	removeUnusedImports	internal/ast/ast.go	ModuleSpecifier	alias-receiver
internal/ls/organizeimports.go	removeUnusedImports	internal/ast/ast_generated.go	AsImportDeclaration	alias-receiver
internal/ls/organizeimports.go	tryGetNamedBindingElements	internal/ast/ast_generated.go	AsImportDeclaration	alias-receiver
internal/ls/rename.go	getRenameInfoForModule	internal/ast/ast.go	FileName	multi-hop-receiver
internal/ls/rename.go	getRenameInfoForModule	internal/ast/ast.go	Text	alias-receiver
internal/ls/rename.go	getRenameInfoForModule	internal/ast/ast_generated.go	AsSourceFile	concrete-one-hop-receiver
internal/ls/rename.go	getRenameInfoForModule	internal/spanmap/spanmap.go	IsExact	concrete-one-hop-receiver
internal/ls/rename.go	getRenameInfoForNode	internal/checker/checker.go	GetSymbolAtLocation	concrete-one-hop-receiver
internal/ls/rename.go	getRenameInfoForNode	internal/checker/printer.go	SymbolToString	concrete-one-hop-receiver
internal/ls/rename.go	getRenameInfoSuccess	internal/spanmap/spanmap.go	IsExact	concrete-one-hop-receiver
internal/ls/rename.go	getTextForRename	internal/ast/ast.go	Name	concrete-one-hop-receiver
internal/ls/rename.go	getTextForRename	internal/ast/ast.go	PropertyName	concrete-one-hop-receiver
internal/ls/rename.go	wouldRenameInOtherNodeModules	internal/ast/ast_generated.go	AsImportSpecifier	concrete-one-hop-receiver
internal/ls/semantictokens.go	ProvideSemanticTokensRange	internal/core/text.go	End	multi-hop-receiver
internal/ls/semantictokens.go	ProvideSemanticTokensRange	internal/core/text.go	Pos	multi-hop-receiver
internal/ls/semantictokens.go	isExpressionInCallExpression	internal/ast/ast.go	Expression	concrete-one-hop-receiver
internal/ls/signaturehelp.go	chooseBetterSymbol	internal/ast/ast.go	Symbol	multi-hop-receiver
internal/ls/signaturehelp.go	createJSSignatureHelpItems	internal/ast/ast.go	Text	alias-receiver
internal/ls/signaturehelp.go	createSignatureHelpItems	internal/ast/ast.go	Symbol	multi-hop-receiver
internal/ls/signaturehelp.go	getApplicableRangeForTaggedTemplate	internal/ast/ast.go	End	alias-receiver
internal/ls/signaturehelp.go	getApplicableRangeForTaggedTemplate	internal/ast/ast.go	Pos	alias-receiver
internal/ls/signaturehelp.go	getArgumentIndexForTemplatePiece	internal/core/text.go	Pos	multi-hop-receiver
internal/ls/signaturehelp.go	getArgumentListInfoForTemplate	internal/ast/ast.go	AsNode	embedded-promoted-method
internal/ls/signaturehelp.go	getChildListThatStartsWithOpenerToken	internal/ast/ast.go	TypeArgumentList	embedded-promoted-method
internal/ls/signaturehelp.go	getContainingArgumentInfo	internal/core/text.go	Contains	multi-hop-receiver
internal/ls/signaturehelp.go	getContainingArgumentInfo	internal/core/text.go	End	multi-hop-receiver
internal/ls/signaturehelp.go	getContextualSignatureLocationInfo	internal/ast/ast.go	End	concrete-one-hop-receiver
internal/ls/signaturehelp.go	getContextualSignatureLocationInfo	internal/ast/ast.go	Pos	concrete-one-hop-receiver
internal/ls/signaturehelp.go	getImmediatelyContainingArgumentInfo	internal/ast/ast.go	Pos	concrete-one-hop-receiver
internal/ls/signaturehelp.go	getImmediatelyContainingArgumentInfo	internal/ast/ast.go	TypeArgumentList	concrete-one-hop-receiver
internal/ls/signaturehelp.go	getImmediatelyContainingArgumentInfo	internal/core/text.go	Pos	multi-hop-receiver
internal/ls/signaturehelp.go	getSpreadElementCount	internal/checker/exports.go	IsTupleType	package-qualified-call
internal/ls/signaturehelp.go	isSyntacticOwner	internal/ast/ast.go	Expression	alias-receiver
internal/ls/source_map.go	tryGetGeneratedPositionWorker	internal/compiler/program.go	GetSourceFile	concrete-one-hop-receiver
internal/ls/source_map.go	tryGetGeneratedPositionWorker	internal/compiler/program.go	IsSourceFromProjectReference	concrete-one-hop-receiver
internal/ls/source_map.go	tryGetGeneratedPositionWorker	internal/compiler/program.go	Options	concrete-one-hop-receiver
internal/ls/sourcedefinition.go	getForwardedImplementationFiles	internal/ast/ast.go	Text	alias-receiver
internal/ls/sourcedefinition.go	getPropertyLikeSourceDeclarations	internal/ast/ast.go	Name	multi-hop-receiver
internal/ls/sourcedefinition.go	getSourceDefCheckerInfo	internal/ast/ast.go	Expression	multi-hop-receiver
internal/ls/sourcedefinition.go	getSourceDefCheckerInfo	internal/ast/ast.go	Name	multi-hop-receiver
internal/ls/sourcedefinition.go	getSourceDefCheckerInfo	internal/checker/checker.go	GetSymbolAtLocation	concrete-one-hop-receiver
internal/ls/sourcedefinition.go	getSourceDefCheckerInfo	internal/checker/checker.go	GetTypeAtLocation	concrete-one-hop-receiver
internal/ls/sourcedefinition.go	getSourceDefCheckerInfo	internal/checker/exports.go	GetPropertyOfType	concrete-one-hop-receiver
internal/ls/sourcedefinition.go	inferImpliedNodeFormat	internal/packagejson/cache.go	Exists	concrete-one-hop-receiver
internal/ls/sourcedefinition.go	isDefaultImportName	internal/ast/ast.go	Name	multi-hop-receiver
internal/ls/sourcedefinition.go	newSourceDefResolver	internal/core/compileroptions.go	Clone	concrete-one-hop-receiver
internal/ls/sourcedefinition.go	newSourceDefResolver	internal/tsoptions/parsedcommandline.go	ContentMapperExtensions	multi-hop-receiver
internal/ls/sourcedefinition.go	provideSourceDefinitionAtPosition	internal/core/text.go	End	embedded-promoted-method
internal/ls/sourcedefinition.go	provideSourceDefinitionAtPosition	internal/core/text.go	Pos	embedded-promoted-method
internal/ls/sourcedefinition.go	resolveTripleSlashReference	internal/ast/ast.go	FileName	multi-hop-receiver
internal/ls/sourcedefinition.go	uniqueDeclarationNodes	internal/ast/ast.go	FileName	multi-hop-receiver
internal/ls/string_completions.go	convertStringLiteralCompletions	internal/ast/ast.go	Text	alias-receiver
internal/ls/string_completions.go	enumerateNodeModulesVisibleToScript	internal/compiler/program.go	GetGlobalTypingsCacheLocation	multi-hop-receiver
internal/ls/string_completions.go	getAlreadyUsedTypesInStringLiteralUnion	internal/ast/ast.go	Text	multi-hop-receiver
internal/ls/string_completions.go	getAlreadyUsedTypesInStringLiteralUnion	internal/ast/ast_generated.go	AsUnionTypeNode	alias-receiver
internal/ls/string_completions.go	getCompletionEntriesForNonRelativeModules	internal/core/compileroptions.go	GetModuleResolutionKind	concrete-one-hop-receiver
internal/ls/string_completions.go	getCompletionEntriesForNonRelativeModules	internal/core/compileroptions.go	GetPathsBasePath	concrete-one-hop-receiver
internal/ls/string_completions.go	getCompletionEntriesForNonRelativeModules	internal/core/compileroptions.go	GetResolvePackageJsonExports	concrete-one-hop-receiver
internal/ls/string_completions.go	getCompletionEntriesForNonRelativeModules	internal/core/compileroptions.go	GetResolvePackageJsonImports	concrete-one-hop-receiver
internal/ls/string_completions.go	getCompletionEntriesFromTypings	internal/core/compileroptions.go	GetEffectiveTypeRoots	concrete-one-hop-receiver
internal/ls/string_completions.go	getDirectoryFragmentRange	internal/core/text.go	NewTextRange	package-qualified-call
internal/ls/string_completions.go	getExtensionOptions	internal/tsoptions/parsedcommandline.go	ContentMapperExtensions	multi-hop-receiver
internal/ls/string_completions.go	getStringLiteralCompletionEntries	internal/ast/ast.go	Elements	concrete-one-hop-receiver
internal/ls/string_completions.go	getStringLiteralCompletionEntries	internal/ast/ast.go	PropertyName	concrete-one-hop-receiver
internal/ls/string_completions.go	getStringLiteralCompletionsFromModuleNames	internal/ast/ast.go	Text	alias-receiver
internal/ls/string_completions.go	getStringLiteralCompletionsFromModuleNamesWorker	internal/ast/ast.go	Text	alias-receiver
internal/ls/string_completions.go	getStringLiteralCompletionsFromModuleNamesWorker	internal/tspath/path.go	GetDirectoryPath	concrete-one-hop-receiver
internal/ls/string_completions.go	getStringLiteralCompletionsFromSignature	internal/ast/ast.go	Text	alias-receiver
internal/ls/string_completions.go	getStringLiteralCompletionsFromSignature	internal/checker/types.go	Parameters	concrete-one-hop-receiver
internal/ls/string_completions.go	getTripleSlashReferenceCompletions	internal/ast/ast.go	Pos	concrete-one-hop-receiver
internal/ls/string_completions.go	getTripleSlashReferenceCompletions	internal/core/text.go	End	embedded-promoted-method
internal/ls/string_completions.go	isRequireCallArgument	internal/ast/ast.go	Expression	multi-hop-receiver
internal/ls/string_completions.go	isRequireCallArgument	internal/ast/ast.go	Text	multi-hop-receiver
internal/ls/string_completions.go	pathCompletionReplacementSpan	internal/spanmap/spanmap.go	IsExact	concrete-one-hop-receiver
internal/ls/string_completions.go	stringLiteralCompletionDetails	internal/checker/types.go	Value	multi-hop-receiver
internal/ls/symbols.go	ProvideWorkspaceSymbols	internal/ast/ast.go	Path	concrete-one-hop-receiver
internal/ls/symbols.go	ProvideWorkspaceSymbols	internal/spanmap/spanmap.go	IsSingleSegment	concrete-one-hop-receiver
internal/ls/symbols.go	getModuleName	internal/ast/ast.go	Text	alias-receiver
internal/ls/symbols.go	getSymbolKindFromNode	internal/ast/utilities.go	IsExternalModule	package-qualified-call
internal/ls/symbols.go	getUnnamedNodeLabel	internal/ast/ast.go	Expression	multi-hop-receiver
internal/ls/symbols.go	newDocumentSymbol	internal/ast/ast.go	Name	multi-hop-receiver
internal/ls/symbols.go	newDocumentSymbol	internal/spanmap/spanmap.go	IsNone	concrete-one-hop-receiver
internal/ls/symbols.go	newDocumentSymbol	internal/spanmap/spanmap.go	IsSingleSegment	concrete-one-hop-receiver
internal/ls/utilities.go	getAdjustedLocation	internal/ast/ast.go	Expression	concrete-one-hop-receiver
internal/ls/utilities.go	getAdjustedLocation	internal/ast/ast.go	Name	alias-receiver
internal/ls/utilities.go	getAdjustedLocation	internal/ast/ast.go	PropertyName	concrete-one-hop-receiver
internal/ls/utilities.go	getAdjustedLocation	internal/ast/ast.go	Type	concrete-one-hop-receiver
internal/ls/utilities.go	getAdjustedLocation	internal/ast/ast_generated.go	AsArrayTypeNode	concrete-one-hop-receiver
internal/ls/utilities.go	getAdjustedLocationForExportDeclaration	internal/ast/ast.go	Elements	alias-receiver
internal/ls/utilities.go	getAdjustedLocationForExportDeclaration	internal/ast/ast.go	Name	alias-receiver
internal/ls/utilities.go	getAdjustedLocationForImportDeclaration	internal/ast/ast.go	Elements	alias-receiver
internal/ls/utilities.go	getAdjustedLocationForImportDeclaration	internal/ast/ast.go	Name	alias-receiver
internal/ls/utilities.go	getContainingObjectLiteralElementWorker	internal/ast/ast.go	Name	multi-hop-receiver
internal/ls/utilities.go	getMeaningFromLocation	internal/ast/ast.go	Name	concrete-one-hop-receiver
internal/ls/utilities.go	getNonModuleSymbolOfMergedModuleSymbol	internal/ast/ast.go	Symbol	concrete-one-hop-receiver
internal/ls/utilities.go	getParentSymbolsOfPropertyAccess	internal/ast/ast.go	Expression	multi-hop-receiver
internal/ls/utilities.go	getPropertySymbolFromBindingElement	internal/ast/ast.go	Text	alias-receiver
internal/ls/utilities.go	getReferenceAtPosition	internal/ast/ast.go	Text	concrete-one-hop-receiver
internal/ls/utilities.go	isInComment	internal/ls/format.go	getRangeOfEnclosingComment	package-level-call
internal/ls/utilities.go	isNameOfModuleDeclaration	internal/ast/ast.go	Name	multi-hop-receiver
internal/ls/utilities.go	isRightSideOfPropertyAccess	internal/ast/ast.go	Name	multi-hop-receiver
internal/ls/utilities.go	isStaticSymbol	internal/ast/ast.go	ModifierFlags	multi-hop-receiver
internal/ls/utilities.go	newCaseClauseTracker	internal/ast/ast.go	Expression	alias-receiver
internal/ls/utilities.go	newCaseClauseTracker	internal/ast/ast.go	Text	alias-receiver
internal/lsp/lsproto/lsp.go	FileName	internal/bundled/embed.go	IsBundled	package-qualified-call
internal/lsp/lspwatcher/lspwatcher.go	watchRoot	internal/lsp/lsproto/lsp.go	FileName	multi-hop-receiver
internal/lsp/server.go	GetLanguageServiceForProjectWithFile	internal/project/session.go	GetLanguageServiceForProjectWithFile	multi-hop-receiver
internal/lsp/server.go	GetProjectsForFile	internal/project/session.go	GetProjectsForFile	multi-hop-receiver
internal/lsp/server.go	dispatchLoop	internal/jsonrpc/jsonrpc.go	String	multi-hop-receiver
internal/lsp/server.go	generateAPIPipePath	internal/ipc/transport_unix.go	GeneratePipePath	package-qualified-call
internal/lsp/server.go	handleCallHierarchyOutgoingCalls	internal/ls/callhierarchy.go	ProvideCallHierarchyOutgoingCalls	concrete-one-hop-receiver
internal/lsp/server.go	handleCompletionItemResolve	internal/ls/completions.go	ResolveCompletionItem	concrete-one-hop-receiver
internal/lsp/server.go	handleDocumentDiagnostic	internal/compiler/program.go	Emit	multi-hop-receiver
internal/lsp/server.go	handleDocumentDiagnostic	internal/lsp/lsproto/lsp_generated.go	String	multi-hop-receiver
internal/lsp/server.go	handleInitialize	internal/core/version.go	Version	package-qualified-call
internal/lsp/server.go	handleInitialize	internal/lsp/lsproto/lsp_generated.go	Resolve	multi-hop-receiver
internal/lsp/server.go	handleInitialized	internal/lsp/lsproto/lsp.go	FileName	multi-hop-receiver
internal/lsp/server.go	handleRequestOrNotification	internal/jsonrpc/jsonrpc.go	String	multi-hop-receiver
internal/lsp/server.go	parseContentMapperContributions	internal/tsoptions/tsconfigparsing.go	Get	multi-hop-receiver
internal/lsp/server.go	recover	internal/lsp/lsproto/lsp_generated.go	String	multi-hop-receiver
internal/lsp/server.go	sendClientRequest	internal/jsonrpc/jsonrpc.go	String	multi-hop-receiver
internal/lsp/server.go	writeLoop	internal/lsp/lsproto/jsonrpc.go	AsResponse	concrete-one-hop-receiver
internal/module/resolver.go	GetEntrypointsFromPackageJsonInfo	internal/packagejson/jsonvalue.go	IsPresent	embedded-promoted-method
internal/module/resolver.go	PackageJsonCacheEntries	internal/packagejson/cache.go	Range	multi-hop-receiver
internal/module/resolver.go	ResolveModuleName	internal/module/cache.go	Get	multi-hop-receiver
internal/module/resolver.go	ResolveModuleName	internal/module/cache.go	Set	multi-hop-receiver
internal/module/resolver.go	ResolveModuleName	internal/module/types.go	String	multi-hop-receiver
internal/module/resolver.go	ResolveTypeReferenceDirective	internal/module/cache.go	Get	multi-hop-receiver
internal/module/resolver.go	ResolveTypeReferenceDirective	internal/module/cache.go	Set	multi-hop-receiver
internal/module/resolver.go	getPackageJsonInfo	internal/packagejson/cache.go	Get	multi-hop-receiver
internal/module/resolver.go	getPackageJsonInfo	internal/packagejson/cache.go	Set	multi-hop-receiver
internal/module/resolver.go	loadModuleFromExports	internal/packagejson/exportsorimports.go	AsObject	multi-hop-receiver
internal/module/resolver.go	loadModuleFromImports	internal/packagejson/exportsorimports.go	AsObject	multi-hop-receiver
internal/module/resolver.go	loadModuleFromNearestNodeModulesDirectory	internal/module/types.go	String	concrete-one-hop-receiver
internal/module/resolver.go	traceTypeReferenceDirectiveResult	internal/module/types.go	String	multi-hop-receiver
internal/module/resolver.go	tryLoadModuleUsingPaths	internal/module/resolver.go	shouldContinueSearching	concrete-one-hop-receiver
internal/module/resolver.go	tryLoadModuleUsingRootDirs	internal/module/resolver.go	shouldContinueSearching	concrete-one-hop-receiver
internal/modulespecifiers/preferences.go	inferPreference	internal/ast/ast.go	Text	alias-receiver
internal/modulespecifiers/preferences.go	usesExtensionsOnImports	internal/ast/ast.go	Text	alias-receiver
internal/modulespecifiers/specifiers.go	computeModuleSpecifiers	internal/ast/ast.go	Text	alias-receiver
internal/modulespecifiers/specifiers.go	tryGetModuleNameFromAmbientModule	internal/ast/ast.go	Expression	concrete-one-hop-receiver
internal/modulespecifiers/specifiers.go	tryGetModuleNameFromAmbientModule	internal/ast/ast.go	Text	alias-receiver
internal/modulespecifiers/specifiers.go	tryGetModuleNameFromPackageJsonImports	internal/packagejson/exportsorimports.go	AsObject	concrete-one-hop-receiver
internal/osutil/osutil.go	Args	internal/osutil/os_other.go	args	package-level-call
internal/osutil/osutil.go	Executable	internal/osutil/os_other.go	executable	package-level-call
internal/parser/jsdoc.go	isObjectOrObjectArrayTypeReference	internal/ast/ast.go	Text	alias-receiver
internal/parser/jsdoc.go	isObjectOrObjectArrayTypeReference	internal/ast/ast_generated.go	AsArrayTypeNode	alias-receiver
internal/parser/jsdoc.go	isObjectOrObjectArrayTypeReference	internal/ast/ast_generated.go	AsTypeReferenceNode	alias-receiver
internal/parser/jsdoc.go	parseJSDocComment	internal/parser/utilities.go	isJSDocLikeText	package-level-call
internal/parser/jsdoc.go	parseJSDocEntityName	internal/ast/ast.go	Pos	alias-receiver
internal/parser/jsdoc.go	parseJSDocForNode	internal/core/text.go	End	embedded-promoted-method
internal/parser/jsdoc.go	parseJSDocForNode	internal/core/text.go	Pos	embedded-promoted-method
internal/parser/jsdoc.go	parseJSDocIdentifierName	internal/parser/utilities.go	tokenIsIdentifierOrKeyword	package-level-call
internal/parser/jsdoc.go	parseJSDocLinkName	internal/parser/utilities.go	tokenIsIdentifierOrKeyword	package-level-call
internal/parser/jsdoc.go	parseJSDocLinkPrefix	internal/parser/utilities.go	tokenIsIdentifierOrKeyword	package-level-call
internal/parser/jsdoc.go	parseJSDocTypeNameWithNamespace	internal/parser/utilities.go	tokenIsIdentifierOrKeyword	package-level-call
internal/parser/jsdoc.go	parseReturnTag	internal/ast/ast.go	Pos	alias-receiver
internal/parser/jsdoc.go	parseReturnTag	internal/ast/ast.go	Text	alias-receiver
internal/parser/jsdoc.go	parseTag	internal/ast/ast.go	Text	alias-receiver
internal/parser/jsdoc.go	parseTypeTag	internal/ast/ast.go	Pos	alias-receiver
internal/parser/jsdoc.go	parseTypeTag	internal/ast/ast.go	Text	alias-receiver
internal/parser/jsdoc.go	textsEqual	internal/ast/ast.go	Text	alias-receiver
internal/parser/jsdoc.go	textsEqual	internal/ast/ast_generated.go	AsQualifiedName	alias-receiver
internal/parser/jsdoc.go	tryParseChildTag	internal/ast/ast.go	Text	alias-receiver
internal/parser/jsdoc.go	withJSDoc	internal/core/text.go	End	embedded-promoted-method
internal/parser/jsdoc.go	withJSDoc	internal/core/text.go	Pos	embedded-promoted-method
internal/parser/parser.go	canParseModuleExportName	internal/parser/utilities.go	tokenIsIdentifierOrKeyword	package-level-call
internal/parser/parser.go	checkJSDecoratorSyntax	internal/core/text.go	End	multi-hop-receiver
internal/parser/parser.go	checkJSDecoratorSyntax	internal/core/text.go	Pos	multi-hop-receiver
internal/parser/parser.go	isImportAttributeName	internal/parser/utilities.go	tokenIsIdentifierOrKeyword	package-level-call
internal/parser/parser.go	isListElement	internal/parser/utilities.go	tokenIsIdentifierOrKeyword	package-level-call
internal/parser/parser.go	isLiteralPropertyName	internal/parser/utilities.go	tokenIsIdentifierOrKeyword	package-level-call
internal/parser/parser.go	makeAsExpression	internal/ast/ast.go	Pos	alias-receiver
internal/parser/parser.go	makeSatisfiesExpression	internal/ast/ast.go	Pos	alias-receiver
internal/parser/parser.go	nextTokenIsIdentifierOrKeyword	internal/parser/utilities.go	tokenIsIdentifierOrKeyword	package-level-call
internal/parser/parser.go	nextTokenIsIdentifierOrKeywordOrGreaterThan	internal/parser/utilities.go	tokenIsIdentifierOrKeywordOrGreaterThan	package-level-call
internal/parser/parser.go	nextTokenIsIdentifierOrKeywordOrOpenBracketOrTemplate	internal/parser/utilities.go	tokenIsIdentifierOrKeyword	package-level-call
internal/parser/parser.go	parseBinaryExpressionRest	internal/ast/ast_generated.go	AsBinaryExpression	alias-receiver
internal/parser/parser.go	parseCallExpressionRest	internal/ast/ast.go	TypeArgumentList	alias-receiver
internal/parser/parser.go	parseCallExpressionRest	internal/ast/ast_generated.go	AsExpressionWithTypeArguments	alias-receiver
internal/parser/parser.go	parseClassElement	internal/parser/utilities.go	tokenIsIdentifierOrKeyword	package-level-call
internal/parser/parser.go	parseErrorAtRange	internal/ast/diagnostic.go	Pos	multi-hop-receiver
internal/parser/parser.go	parseIdentifierNameErrorOnUnicodeEscapeSequence	internal/parser/utilities.go	tokenIsIdentifierOrKeyword	package-level-call
internal/parser/parser.go	parseIdentifierNameWithDiagnostic	internal/parser/utilities.go	tokenIsIdentifierOrKeyword	package-level-call
internal/parser/parser.go	parseImportAttribute	internal/parser/utilities.go	tokenIsIdentifierOrKeyword	package-level-call
internal/parser/parser.go	parseImportAttributes	internal/ast/diagnostic.go	Code	concrete-one-hop-receiver
internal/parser/parser.go	parseImportAttributes	internal/diagnostics/diagnostics.go	Code	multi-hop-receiver
internal/parser/parser.go	parseImportOrExportSpecifier	internal/ast/ast.go	Text	concrete-one-hop-receiver
internal/parser/parser.go	parseImportType	internal/ast/diagnostic.go	Code	concrete-one-hop-receiver
internal/parser/parser.go	parseImportType	internal/diagnostics/diagnostics.go	Code	multi-hop-receiver
internal/parser/parser.go	parseJSONText	internal/ast/ast.go	Expression	multi-hop-receiver
internal/parser/parser.go	parseJsxChildren	internal/ast/ast_generated.go	AsJsxElement	alias-receiver
internal/parser/parser.go	parseJsxElementOrSelfClosingElementOrFragment	internal/ast/ast.go	Children	concrete-one-hop-receiver
internal/parser/parser.go	parseJsxElementOrSelfClosingElementOrFragment	internal/ast/ast_generated.go	AsJsxElement	concrete-one-hop-receiver
internal/parser/parser.go	parseLeftHandSideExpressionOrHigher	internal/ast/ast.go	Text	alias-receiver
internal/parser/parser.go	parseMemberExpressionRest	internal/ast/ast_generated.go	AsExpressionWithTypeArguments	alias-receiver
internal/parser/parser.go	parseMemberExpressionRest	internal/parser/utilities.go	tokenIsIdentifierOrKeyword	package-level-call
internal/parser/parser.go	parseNameOfParameter	internal/core/text.go	Len	multi-hop-receiver
internal/parser/parser.go	parseNewExpressionOrNewDotTarget	internal/ast/ast.go	TypeArgumentList	alias-receiver
internal/parser/parser.go	parseNewExpressionOrNewDotTarget	internal/ast/ast_generated.go	AsExpressionWithTypeArguments	alias-receiver
internal/parser/parser.go	parseParenthesizedArrowFunctionExpression	internal/ast/ast.go	Type	alias-receiver
internal/parser/parser.go	parsePropertyAccessExpressionRest	internal/ast/ast.go	End	concrete-one-hop-receiver
internal/parser/parser.go	parsePropertyAccessExpressionRest	internal/ast/ast.go	Pos	concrete-one-hop-receiver
internal/parser/parser.go	parsePropertyAccessExpressionRest	internal/ast/ast.go	TypeArgumentList	alias-receiver
internal/parser/parser.go	parseRightSideOfDot	internal/parser/utilities.go	tokenIsIdentifierOrKeyword	package-level-call
internal/parser/parser.go	parseTupleElementType	internal/ast/ast.go	Pos	alias-receiver
internal/parser/parser.go	parseTupleElementType	internal/ast/ast.go	Type	alias-receiver
internal/parser/parser.go	parseTypeHeritageClauseElement	internal/ast/ast.go	AsNode	embedded-promoted-method
internal/parser/parser.go	parseUnaryExpressionOrHigher	internal/ast/ast.go	End	alias-receiver
internal/parser/parser.go	parseUnaryExpressionOrHigher	internal/ast/ast.go	Pos	alias-receiver
internal/parser/parser.go	processPragmasIntoFields	internal/core/text.go	End	embedded-promoted-method
internal/parser/parser.go	processPragmasIntoFields	internal/core/text.go	Pos	embedded-promoted-method
internal/parser/parser.go	reparseTopLevelAwait	internal/ast/ast.go	End	alias-receiver
internal/parser/parser.go	reparseTopLevelAwait	internal/ast/ast.go	Pos	concrete-one-hop-receiver
internal/parser/parser.go	scanStartOfDeclaration	internal/parser/utilities.go	tokenIsIdentifierOrKeyword	package-level-call
internal/parser/parser.go	scanStartOfNamedTupleElement	internal/parser/utilities.go	tokenIsIdentifierOrKeyword	package-level-call
internal/parser/parser.go	tryReparseOptionalChain	internal/ast/ast.go	Expression	alias-receiver
internal/parser/parser.go	typeHasArrowFunctionBlockingParseError	internal/ast/ast.go	FunctionLikeData	alias-receiver
internal/parser/parser.go	typeHasArrowFunctionBlockingParseError	internal/ast/ast.go	Type	alias-receiver
internal/parser/parser.go	typeHasArrowFunctionBlockingParseError	internal/ast/ast_generated.go	AsTypeReferenceNode	alias-receiver
internal/parser/parser.go	validateJsonObjectLiteral	internal/ast/ast.go	Name	concrete-one-hop-receiver
internal/parser/parser.go	validateJsonValue	internal/ast/ast.go	Elements	alias-receiver
internal/parser/parser.go	validateJsonValue	internal/ast/ast_generated.go	AsObjectLiteralExpression	alias-receiver
internal/parser/parser.go	validateJsonValue	internal/ast/ast_generated.go	AsPrefixUnaryExpression	alias-receiver
internal/parser/references.go	collectModuleReferences	internal/ast/ast.go	Body	alias-receiver
internal/parser/references.go	collectModuleReferences	internal/ast/ast.go	Text	alias-receiver
internal/parser/references.go	collectModuleReferences	internal/ast/ast_generated.go	AsModuleDeclaration	alias-receiver
internal/parser/references.go	collectModuleReferences	internal/ast/ast_generated.go	Name	multi-hop-receiver
internal/parser/references.go	collectModuleReferences	internal/ast/utilities.go	IsExternalModule	package-qualified-call
internal/parser/reparser.go	checkNonIdentifierName	internal/core/text.go	Len	concrete-one-hop-receiver
internal/parser/reparser.go	checkNonIdentifierName	internal/core/text.go	Pos	multi-hop-receiver
internal/parser/reparser.go	findMatchingParameter	internal/ast/ast.go	Name	alias-receiver
internal/parser/reparser.go	findMatchingParameter	internal/ast/ast.go	Text	alias-receiver
internal/parser/reparser.go	gatherTypeParameters	internal/ast/ast.go	End	concrete-one-hop-receiver
internal/parser/reparser.go	gatherTypeParameters	internal/ast/ast.go	Name	concrete-one-hop-receiver
internal/parser/reparser.go	gatherTypeParameters	internal/ast/ast.go	Pos	concrete-one-hop-receiver
internal/parser/reparser.go	gatherTypeParameters	internal/ast/ast.go	Type	concrete-one-hop-receiver
internal/parser/reparser.go	gatherTypeParameters	internal/ast/ast.go	TypeParameters	concrete-one-hop-receiver
internal/parser/reparser.go	makeQuestionIfOptional	internal/ast/ast.go	Type	alias-receiver
internal/parser/reparser.go	reparseHosted	internal/ast/ast.go	Name	alias-receiver
internal/parser/reparser.go	reparseJSDocSignature	internal/ast/ast_generated.go	AsIdentifier	alias-receiver
internal/parser/reparser.go	reparseJSDocSignature	internal/ast/kind_stringer_generated.go	String	multi-hop-receiver
internal/parser/reparser.go	reparseJSDocTypeLiteral	internal/ast/ast.go	AsNode	embedded-promoted-method
internal/parser/reparser.go	reparseJSDocTypeLiteral	internal/ast/ast.go	Name	concrete-one-hop-receiver
internal/parser/reparser.go	reparseJSDocTypeLiteral	internal/ast/ast.go	Type	alias-receiver
internal/parser/reparser.go	reparseJSDocTypeLiteral	internal/ast/ast_generated.go	AsIdentifier	alias-receiver
internal/parser/reparser.go	reparseJSDocTypeLiteral	internal/ast/ast_generated.go	AsJSDocTypeLiteral	alias-receiver
internal/parser/reparser.go	reparseJSDocTypeLiteral	internal/ast/ast_generated.go	AsQualifiedName	alias-receiver
internal/parser/reparser.go	reparseUnhosted	internal/ast/kind_stringer_generated.go	String	multi-hop-receiver
internal/printer/changetrackerwriter.go	Clear	internal/printer/textwriter.go	Clear	multi-hop-receiver
internal/printer/changetrackerwriter.go	DecreaseIndent	internal/printer/textwriter.go	DecreaseIndent	multi-hop-receiver
internal/printer/changetrackerwriter.go	GetColumn	internal/printer/textwriter.go	GetColumn	multi-hop-receiver
internal/printer/changetrackerwriter.go	GetIndent	internal/printer/textwriter.go	GetIndent	multi-hop-receiver
internal/printer/changetrackerwriter.go	GetLine	internal/printer/textwriter.go	GetLine	multi-hop-receiver
internal/printer/changetrackerwriter.go	GetTextPos	internal/printer/textwriter.go	GetTextPos	multi-hop-receiver
internal/printer/changetrackerwriter.go	HasTrailingComment	internal/printer/textwriter.go	HasTrailingComment	multi-hop-receiver
internal/printer/changetrackerwriter.go	HasTrailingWhitespace	internal/printer/textwriter.go	HasTrailingWhitespace	multi-hop-receiver
internal/printer/changetrackerwriter.go	IncreaseIndent	internal/printer/textwriter.go	IncreaseIndent	multi-hop-receiver
internal/printer/changetrackerwriter.go	IsAtStartOfLine	internal/printer/textwriter.go	IsAtStartOfLine	multi-hop-receiver
internal/printer/changetrackerwriter.go	NewChangeTrackerWriter	internal/printer/textwriter.go	Clear	multi-hop-receiver
internal/printer/changetrackerwriter.go	RawWrite	internal/printer/textwriter.go	RawWrite	multi-hop-receiver
internal/printer/changetrackerwriter.go	String	internal/printer/textwriter.go	String	multi-hop-receiver
internal/printer/changetrackerwriter.go	Write	internal/printer/textwriter.go	Write	multi-hop-receiver
internal/printer/changetrackerwriter.go	WriteComment	internal/printer/textwriter.go	WriteComment	multi-hop-receiver
internal/printer/changetrackerwriter.go	WriteKeyword	internal/printer/textwriter.go	WriteKeyword	multi-hop-receiver
internal/printer/changetrackerwriter.go	WriteLine	internal/printer/textwriter.go	WriteLine	multi-hop-receiver
internal/printer/changetrackerwriter.go	WriteLineForce	internal/printer/textwriter.go	WriteLineForce	multi-hop-receiver
internal/printer/changetrackerwriter.go	WriteLiteral	internal/printer/textwriter.go	WriteLiteral	multi-hop-receiver
internal/printer/changetrackerwriter.go	WriteOperator	internal/printer/textwriter.go	WriteOperator	multi-hop-receiver
internal/printer/changetrackerwriter.go	WriteParameter	internal/printer/textwriter.go	WriteParameter	multi-hop-receiver
internal/printer/changetrackerwriter.go	WriteProperty	internal/printer/textwriter.go	WriteProperty	multi-hop-receiver
internal/printer/changetrackerwriter.go	WritePunctuation	internal/printer/textwriter.go	WritePunctuation	multi-hop-receiver
internal/printer/changetrackerwriter.go	WriteSpace	internal/printer/textwriter.go	WriteSpace	multi-hop-receiver
internal/printer/changetrackerwriter.go	WriteStringLiteral	internal/printer/textwriter.go	WriteStringLiteral	multi-hop-receiver
internal/printer/changetrackerwriter.go	WriteSymbol	internal/printer/textwriter.go	WriteSymbol	multi-hop-receiver
internal/printer/changetrackerwriter.go	WriteTrailingSemicolon	internal/printer/textwriter.go	WriteTrailingSemicolon	multi-hop-receiver
internal/printer/changetrackerwriter.go	assignPositionsToNodeWorker	internal/ast/ast_generated.go	ForEachChild	concrete-one-hop-receiver
internal/printer/changetrackerwriter.go	setLastNonTriviaPosition	internal/printer/textwriter.go	GetTextPos	multi-hop-receiver
internal/printer/emitcontext.go	IsCallToHelper	internal/ast/ast.go	Expression	alias-receiver
internal/printer/emitcontext.go	IsCallToHelper	internal/ast/ast.go	Text	multi-hop-receiver
internal/printer/emitcontext.go	NewEmitContext	internal/printer/factory.go	NewNodeFactory	package-level-call
internal/printer/emitcontext.go	VisitIterationBody	internal/ast/ast.go	StatementList	alias-receiver
internal/printer/emitcontext.go	VisitIterationBody	internal/ast/ast.go	Statements	alias-receiver
internal/printer/emitcontext.go	VisitIterationBody	internal/ast/ast_generated.go	AsBlock	alias-receiver
internal/printer/emitcontext.go	isHoistedVariable	internal/ast/ast.go	Initializer	alias-receiver
internal/printer/emitcontext.go	isHoistedVariable	internal/ast/ast.go	Name	alias-receiver
internal/printer/emitcontext.go	isHoistedVariableStatement	internal/ast/ast_generated.go	AsVariableStatement	alias-receiver
internal/printer/emitcontext.go	mergeEnvironment	internal/ast/ast.go	Expression	alias-receiver
internal/printer/emitcontext.go	mergeEnvironment	internal/ast/ast.go	Text	multi-hop-receiver
internal/printer/factory.go	CreateForOfBindingStatement	internal/ast/ast.go	Name	concrete-one-hop-receiver
internal/printer/factory.go	EnsureUseStrict	internal/ast/ast.go	Expression	alias-receiver
internal/printer/factory.go	EnsureUseStrict	internal/ast/ast.go	Text	multi-hop-receiver
internal/printer/factory.go	GetNamespaceMemberName	internal/ast/ast.go	Clone	alias-receiver
internal/printer/factory.go	RestoreOuterExpressions	internal/ast/ast.go	Expression	alias-receiver
internal/printer/factory.go	flattenCommaElement	internal/ast/ast_generated.go	AsBinaryExpression	alias-receiver
internal/printer/factory.go	getName	internal/ast/ast.go	Clone	alias-receiver
internal/printer/factory.go	updateOuterExpression	internal/ast/ast.go	Type	alias-receiver
internal/printer/factory.go	updateOuterExpression	internal/ast/ast.go	TypeArgumentList	alias-receiver
internal/printer/factory.go	updateOuterExpression	internal/ast/ast_generated.go	AsAsExpression	alias-receiver
internal/printer/factory.go	updateOuterExpression	internal/ast/ast_generated.go	AsExpressionWithTypeArguments	alias-receiver
internal/printer/factory.go	updateOuterExpression	internal/ast/ast_generated.go	AsNonNullExpression	alias-receiver
internal/printer/factory.go	updateOuterExpression	internal/ast/ast_generated.go	AsParenthesizedExpression	alias-receiver
internal/printer/factory.go	updateOuterExpression	internal/ast/ast_generated.go	AsPartiallyEmittedExpression	alias-receiver
internal/printer/factory.go	updateOuterExpression	internal/ast/ast_generated.go	AsSatisfiesExpression	alias-receiver
internal/printer/factory.go	updateOuterExpression	internal/ast/ast_generated.go	AsTypeAssertion	alias-receiver
internal/printer/namegenerator.go	generateNameForImportOrExportDeclaration	internal/ast/ast.go	Text	alias-receiver
internal/printer/namegenerator.go	makeName	internal/printer/generatedidentifierflags.go	Kind	multi-hop-receiver
internal/printer/printer.go	canEmitSimpleArrowHead	internal/ast/ast.go	HasTrailingComma	alias-receiver
internal/printer/printer.go	emitArrayLiteralExpression	internal/ast/ast.go	AsNode	embedded-promoted-method
internal/printer/printer.go	emitAwaitExpression	internal/ast/ast.go	Pos	embedded-promoted-method
internal/printer/printer.go	emitBigIntLiteral	internal/ast/ast.go	AsNode	embedded-promoted-method
internal/printer/printer.go	emitBinaryExpression	internal/ast/ast_generated.go	AsBinaryExpression	alias-receiver
internal/printer/printer.go	emitBindingElement	internal/ast/ast.go	End	alias-receiver
internal/printer/printer.go	emitBindingElementNode	internal/ast/ast_generated.go	AsBindingElement	alias-receiver
internal/printer/printer.go	emitBindingIdentifier	internal/ast/ast.go	AsNode	embedded-promoted-method
internal/printer/printer.go	emitBindingIdentifier	internal/ast/ast_generated.go	AsIdentifier	alias-receiver
internal/printer/printer.go	emitBindingName	internal/ast/ast_generated.go	AsBindingPattern	alias-receiver
internal/printer/printer.go	emitBindingName	internal/ast/ast_generated.go	AsIdentifier	alias-receiver
internal/printer/printer.go	emitBlock	internal/ast/ast.go	End	alias-receiver
internal/printer/printer.go	emitCallExpression	internal/ast/ast.go	AsNode	embedded-promoted-method
internal/printer/printer.go	emitCaseBlock	internal/ast/ast.go	End	alias-receiver
internal/printer/printer.go	emitCaseClause	internal/ast/ast.go	End	alias-receiver
internal/printer/printer.go	emitCaseOrDefaultClauseNode	internal/ast/ast_generated.go	AsCaseOrDefaultClause	alias-receiver
internal/printer/printer.go	emitCatchClause	internal/ast/ast.go	End	alias-receiver
internal/printer/printer.go	emitClassElement	internal/ast/ast_generated.go	AsClassStaticBlockDeclaration	alias-receiver
internal/printer/printer.go	emitClassElement	internal/ast/ast_generated.go	AsConstructorDeclaration	alias-receiver
internal/printer/printer.go	emitClassElement	internal/ast/ast_generated.go	AsGetAccessorDeclaration	alias-receiver
internal/printer/printer.go	emitClassElement	internal/ast/ast_generated.go	AsIndexSignatureDeclaration	alias-receiver
internal/printer/printer.go	emitClassElement	internal/ast/ast_generated.go	AsMethodDeclaration	alias-receiver
internal/printer/printer.go	emitClassElement	internal/ast/ast_generated.go	AsNotEmittedStatement	alias-receiver
internal/printer/printer.go	emitClassElement	internal/ast/ast_generated.go	AsPropertyDeclaration	alias-receiver
internal/printer/printer.go	emitClassElement	internal/ast/ast_generated.go	AsSemicolonClassElement	alias-receiver
internal/printer/printer.go	emitClassElement	internal/ast/ast_generated.go	AsSetAccessorDeclaration	alias-receiver
internal/printer/printer.go	emitClassElement	internal/ast/ast_generated.go	AsTypeAliasDeclaration	alias-receiver
internal/printer/printer.go	emitClassExpression	internal/ast/ast.go	AsNode	embedded-promoted-method
internal/printer/printer.go	emitConciseBody	internal/ast/ast_generated.go	AsBlock	alias-receiver
internal/printer/printer.go	emitDeleteExpression	internal/ast/ast.go	Pos	embedded-promoted-method
internal/printer/printer.go	emitDoStatement	internal/ast/ast.go	End	alias-receiver
internal/printer/printer.go	emitDoStatement	internal/ast/ast.go	Pos	embedded-promoted-method
internal/printer/printer.go	emitElementAccessExpression	internal/ast/ast.go	AsNode	embedded-promoted-method
internal/printer/printer.go	emitElementAccessExpression	internal/ast/ast.go	End	alias-receiver
internal/printer/printer.go	emitEmbeddedStatement	internal/ast/ast_generated.go	AsEmptyStatement	alias-receiver
internal/printer/printer.go	emitEntityName	internal/ast/ast_generated.go	AsIdentifier	alias-receiver
internal/printer/printer.go	emitEntityName	internal/ast/ast_generated.go	AsQualifiedName	alias-receiver
internal/printer/printer.go	emitEnumMember	internal/ast/ast.go	End	alias-receiver
internal/printer/printer.go	emitEnumMemberNode	internal/ast/ast_generated.go	AsEnumMember	alias-receiver
internal/printer/printer.go	emitExportSpecifier	internal/ast/ast.go	End	alias-receiver
internal/printer/printer.go	emitExportSpecifierNode	internal/ast/ast_generated.go	AsExportSpecifier	alias-receiver
internal/printer/printer.go	emitExpression	internal/ast/ast_generated.go	AsArrayLiteralExpression	alias-receiver
internal/printer/printer.go	emitExpression	internal/ast/ast_generated.go	AsArrowFunction	alias-receiver
internal/printer/printer.go	emitExpression	internal/ast/ast_generated.go	AsAsExpression	alias-receiver
internal/printer/printer.go	emitExpression	internal/ast/ast_generated.go	AsAwaitExpression	alias-receiver
internal/printer/printer.go	emitExpression	internal/ast/ast_generated.go	AsBigIntLiteral	alias-receiver
internal/printer/printer.go	emitExpression	internal/ast/ast_generated.go	AsBinaryExpression	alias-receiver
internal/printer/printer.go	emitExpression	internal/ast/ast_generated.go	AsCallExpression	alias-receiver
internal/printer/printer.go	emitExpression	internal/ast/ast_generated.go	AsClassExpression	alias-receiver
internal/printer/printer.go	emitExpression	internal/ast/ast_generated.go	AsConditionalExpression	alias-receiver
internal/printer/printer.go	emitExpression	internal/ast/ast_generated.go	AsDeleteExpression	alias-receiver
internal/printer/printer.go	emitExpression	internal/ast/ast_generated.go	AsElementAccessExpression	alias-receiver
internal/printer/printer.go	emitExpression	internal/ast/ast_generated.go	AsExpressionWithTypeArguments	alias-receiver
internal/printer/printer.go	emitExpression	internal/ast/ast_generated.go	AsFunctionExpression	alias-receiver
internal/printer/printer.go	emitExpression	internal/ast/ast_generated.go	AsIdentifier	alias-receiver
internal/printer/printer.go	emitExpression	internal/ast/ast_generated.go	AsJsxElement	alias-receiver
internal/printer/printer.go	emitExpression	internal/ast/ast_generated.go	AsJsxFragment	alias-receiver
internal/printer/printer.go	emitExpression	internal/ast/ast_generated.go	AsJsxSelfClosingElement	alias-receiver
internal/printer/printer.go	emitExpression	internal/ast/ast_generated.go	AsKeywordExpression	alias-receiver
internal/printer/printer.go	emitExpression	internal/ast/ast_generated.go	AsMetaProperty	alias-receiver
internal/printer/printer.go	emitExpression	internal/ast/ast_generated.go	AsNewExpression	alias-receiver
internal/printer/printer.go	emitExpression	internal/ast/ast_generated.go	AsNoSubstitutionTemplateLiteral	alias-receiver
internal/printer/printer.go	emitExpression	internal/ast/ast_generated.go	AsNonNullExpression	alias-receiver
internal/printer/printer.go	emitExpression	internal/ast/ast_generated.go	AsNumericLiteral	alias-receiver
internal/printer/printer.go	emitExpression	internal/ast/ast_generated.go	AsObjectLiteralExpression	alias-receiver
internal/printer/printer.go	emitExpression	internal/ast/ast_generated.go	AsParenthesizedExpression	alias-receiver
internal/printer/printer.go	emitExpression	internal/ast/ast_generated.go	AsPartiallyEmittedExpression	alias-receiver
internal/printer/printer.go	emitExpression	internal/ast/ast_generated.go	AsPostfixUnaryExpression	alias-receiver
internal/printer/printer.go	emitExpression	internal/ast/ast_generated.go	AsPrefixUnaryExpression	alias-receiver
internal/printer/printer.go	emitExpression	internal/ast/ast_generated.go	AsPrivateIdentifier	alias-receiver
internal/printer/printer.go	emitExpression	internal/ast/ast_generated.go	AsPropertyAccessExpression	alias-receiver
internal/printer/printer.go	emitExpression	internal/ast/ast_generated.go	AsRegularExpressionLiteral	alias-receiver
internal/printer/printer.go	emitExpression	internal/ast/ast_generated.go	AsSatisfiesExpression	alias-receiver
internal/printer/printer.go	emitExpression	internal/ast/ast_generated.go	AsSpreadElement	alias-receiver
internal/printer/printer.go	emitExpression	internal/ast/ast_generated.go	AsStringLiteral	alias-receiver
internal/printer/printer.go	emitExpression	internal/ast/ast_generated.go	AsTaggedTemplateExpression	alias-receiver
internal/printer/printer.go	emitExpression	internal/ast/ast_generated.go	AsTemplateExpression	alias-receiver
internal/printer/printer.go	emitExpression	internal/ast/ast_generated.go	AsTypeAssertion	alias-receiver
internal/printer/printer.go	emitExpression	internal/ast/ast_generated.go	AsTypeOfExpression	alias-receiver
internal/printer/printer.go	emitExpression	internal/ast/ast_generated.go	AsVoidExpression	alias-receiver
internal/printer/printer.go	emitExpression	internal/ast/ast_generated.go	AsYieldExpression	alias-receiver
internal/printer/printer.go	emitExpressionWithTypeArguments	internal/ast/ast.go	AsNode	embedded-promoted-method
internal/printer/printer.go	emitForInStatement	internal/ast/ast.go	End	alias-receiver
internal/printer/printer.go	emitForInitializer	internal/ast/ast_generated.go	AsVariableDeclarationList	alias-receiver
internal/printer/printer.go	emitForOfStatement	internal/ast/ast.go	End	alias-receiver
internal/printer/printer.go	emitForStatement	internal/ast/ast.go	End	alias-receiver
internal/printer/printer.go	emitForStatement	internal/ast/ast.go	Pos	embedded-promoted-method
internal/printer/printer.go	emitFunctionBody	internal/ast/ast.go	End	alias-receiver
internal/printer/printer.go	emitFunctionBodyNode	internal/ast/ast_generated.go	AsBlock	alias-receiver
internal/printer/printer.go	emitFunctionDeclaration	internal/ast/ast_generated.go	AsIdentifier	alias-receiver
internal/printer/printer.go	emitFunctionExpression	internal/ast/ast.go	AsNode	embedded-promoted-method
internal/printer/printer.go	emitHeritageClauseElement	internal/ast/ast_generated.go	AsExpressionWithTypeArguments	alias-receiver
internal/printer/printer.go	emitHeritageClauseElement	internal/ast/ast_generated.go	AsTypeReferenceNode	alias-receiver
internal/printer/printer.go	emitHeritageClauseNode	internal/ast/ast_generated.go	AsHeritageClause	alias-receiver
internal/printer/printer.go	emitIIFEWithParenthesizedCallee	internal/ast/ast.go	AsNode	embedded-promoted-method
internal/printer/printer.go	emitIdentifierName	internal/ast/ast.go	AsNode	embedded-promoted-method
internal/printer/printer.go	emitIdentifierNameNode	internal/ast/ast_generated.go	AsIdentifier	alias-receiver
internal/printer/printer.go	emitIdentifierReference	internal/ast/ast.go	AsNode	embedded-promoted-method
internal/printer/printer.go	emitIdentifierReference	internal/ast/ast.go	Clone	alias-receiver
internal/printer/printer.go	emitIdentifierReference	internal/ast/ast_generated.go	AsIdentifier	alias-receiver
internal/printer/printer.go	emitIdentifierText	internal/ast/ast.go	AsNode	embedded-promoted-method
internal/printer/printer.go	emitIfStatement	internal/ast/ast.go	End	alias-receiver
internal/printer/printer.go	emitImportAttributeName	internal/ast/ast_generated.go	AsIdentifier	alias-receiver
internal/printer/printer.go	emitImportAttributeName	internal/ast/ast_generated.go	AsStringLiteral	alias-receiver
internal/printer/printer.go	emitImportAttributeNode	internal/ast/ast_generated.go	AsImportAttribute	alias-receiver
internal/printer/printer.go	emitImportClause	internal/ast/ast.go	End	alias-receiver
internal/printer/printer.go	emitImportDeclaration	internal/ast/ast.go	End	alias-receiver
internal/printer/printer.go	emitImportEqualsDeclaration	internal/ast/ast.go	End	alias-receiver
internal/printer/printer.go	emitImportSpecifier	internal/ast/ast.go	End	alias-receiver
internal/printer/printer.go	emitImportSpecifierNode	internal/ast/ast_generated.go	AsImportSpecifier	alias-receiver
internal/printer/printer.go	emitJsxAttributeLike	internal/ast/ast_generated.go	AsJsxAttribute	alias-receiver
internal/printer/printer.go	emitJsxAttributeLike	internal/ast/ast_generated.go	AsJsxSpreadAttribute	alias-receiver
internal/printer/printer.go	emitJsxAttributeName	internal/ast/ast_generated.go	AsIdentifier	alias-receiver
internal/printer/printer.go	emitJsxAttributeName	internal/ast/ast_generated.go	AsJsxNamespacedName	alias-receiver
internal/printer/printer.go	emitJsxAttributeValue	internal/ast/ast_generated.go	AsJsxElement	alias-receiver
internal/printer/printer.go	emitJsxAttributeValue	internal/ast/ast_generated.go	AsJsxExpression	alias-receiver
internal/printer/printer.go	emitJsxAttributeValue	internal/ast/ast_generated.go	AsJsxFragment	alias-receiver
internal/printer/printer.go	emitJsxAttributeValue	internal/ast/ast_generated.go	AsJsxSelfClosingElement	alias-receiver
internal/printer/printer.go	emitJsxAttributeValue	internal/ast/ast_generated.go	AsStringLiteral	alias-receiver
internal/printer/printer.go	emitJsxAttributes	internal/ast/ast.go	AsNode	embedded-promoted-method
internal/printer/printer.go	emitJsxChild	internal/ast/ast_generated.go	AsJsxElement	alias-receiver
internal/printer/printer.go	emitJsxChild	internal/ast/ast_generated.go	AsJsxExpression	alias-receiver
internal/printer/printer.go	emitJsxChild	internal/ast/ast_generated.go	AsJsxFragment	alias-receiver
internal/printer/printer.go	emitJsxChild	internal/ast/ast_generated.go	AsJsxSelfClosingElement	alias-receiver
internal/printer/printer.go	emitJsxChild	internal/ast/ast_generated.go	AsJsxText	alias-receiver
internal/printer/printer.go	emitJsxElement	internal/ast/ast.go	AsNode	embedded-promoted-method
internal/printer/printer.go	emitJsxFragment	internal/ast/ast.go	AsNode	embedded-promoted-method
internal/printer/printer.go	emitJsxOpeningElement	internal/ast/ast.go	Properties	alias-receiver
internal/printer/printer.go	emitJsxSelfClosingElement	internal/ast/ast.go	AsNode	embedded-promoted-method
internal/printer/printer.go	emitJsxTagName	internal/ast/ast_generated.go	AsIdentifier	alias-receiver
internal/printer/printer.go	emitJsxTagName	internal/ast/ast_generated.go	AsJsxNamespacedName	alias-receiver
internal/printer/printer.go	emitJsxTagName	internal/ast/ast_generated.go	AsKeywordExpression	alias-receiver
internal/printer/printer.go	emitJsxTagName	internal/ast/ast_generated.go	AsPropertyAccessExpression	alias-receiver
internal/printer/printer.go	emitKeywordNodeEx	internal/ast/ast.go	Pos	alias-receiver
internal/printer/printer.go	emitLabelIdentifier	internal/ast/ast.go	AsNode	embedded-promoted-method
internal/printer/printer.go	emitLabeledStatement	internal/ast/ast.go	End	alias-receiver
internal/printer/printer.go	emitMemberName	internal/ast/ast_generated.go	AsIdentifier	alias-receiver
internal/printer/printer.go	emitMemberName	internal/ast/ast_generated.go	AsPrivateIdentifier	alias-receiver
internal/printer/printer.go	emitMetaProperty	internal/ast/ast.go	AsNode	embedded-promoted-method
internal/printer/printer.go	emitMetaProperty	internal/ast/ast.go	Pos	embedded-promoted-method
internal/printer/printer.go	emitModifierLike	internal/ast/ast_generated.go	AsDecorator	alias-receiver
internal/printer/printer.go	emitModuleBlock	internal/ast/ast.go	End	alias-receiver
internal/printer/printer.go	emitModuleExportName	internal/ast/ast_generated.go	AsIdentifier	alias-receiver
internal/printer/printer.go	emitModuleExportName	internal/ast/ast_generated.go	AsStringLiteral	alias-receiver
internal/printer/printer.go	emitModuleName	internal/ast/ast_generated.go	AsIdentifier	alias-receiver
internal/printer/printer.go	emitModuleName	internal/ast/ast_generated.go	AsStringLiteral	alias-receiver
internal/printer/printer.go	emitModuleReference	internal/ast/ast_generated.go	AsExternalModuleReference	alias-receiver
internal/printer/printer.go	emitModuleReference	internal/ast/ast_generated.go	AsIdentifier	alias-receiver
internal/printer/printer.go	emitModuleReference	internal/ast/ast_generated.go	AsQualifiedName	alias-receiver
internal/printer/printer.go	emitNamedExportBindings	internal/ast/ast_generated.go	AsNamedExports	alias-receiver
internal/printer/printer.go	emitNamedExportBindings	internal/ast/ast_generated.go	AsNamespaceExport	alias-receiver
internal/printer/printer.go	emitNamedImportBindings	internal/ast/ast_generated.go	AsNamedImports	alias-receiver
internal/printer/printer.go	emitNamedImportBindings	internal/ast/ast_generated.go	AsNamespaceImport	alias-receiver
internal/printer/printer.go	emitNamedTupleMember	internal/ast/ast.go	End	alias-receiver
internal/printer/printer.go	emitNestedModuleName	internal/ast/ast_generated.go	AsIdentifier	alias-receiver
internal/printer/printer.go	emitNestedModuleName	internal/ast/ast_generated.go	AsStringLiteral	alias-receiver
internal/printer/printer.go	emitNewExpression	internal/ast/ast.go	AsNode	embedded-promoted-method
internal/printer/printer.go	emitNewExpression	internal/ast/ast.go	Pos	embedded-promoted-method
internal/printer/printer.go	emitNonNullExpression	internal/ast/ast.go	AsNode	embedded-promoted-method
internal/printer/printer.go	emitNumericLiteral	internal/ast/ast.go	AsNode	embedded-promoted-method
internal/printer/printer.go	emitObjectLiteralElement	internal/ast/ast_generated.go	AsGetAccessorDeclaration	alias-receiver
internal/printer/printer.go	emitObjectLiteralElement	internal/ast/ast_generated.go	AsMethodDeclaration	alias-receiver
internal/printer/printer.go	emitObjectLiteralElement	internal/ast/ast_generated.go	AsPropertyAssignment	alias-receiver
internal/printer/printer.go	emitObjectLiteralElement	internal/ast/ast_generated.go	AsSetAccessorDeclaration	alias-receiver
internal/printer/printer.go	emitObjectLiteralElement	internal/ast/ast_generated.go	AsShorthandPropertyAssignment	alias-receiver
internal/printer/printer.go	emitObjectLiteralElement	internal/ast/ast_generated.go	AsSpreadAssignment	alias-receiver
internal/printer/printer.go	emitObjectLiteralExpression	internal/ast/ast.go	AsNode	embedded-promoted-method
internal/printer/printer.go	emitParameterDeclarationNode	internal/ast/ast_generated.go	AsParameterDeclaration	alias-receiver
internal/printer/printer.go	emitParenthesizedExpression	internal/ast/ast.go	AsNode	embedded-promoted-method
internal/printer/printer.go	emitParenthesizedExpression	internal/ast/ast.go	End	alias-receiver
internal/printer/printer.go	emitParenthesizedExpression	internal/ast/ast.go	Pos	embedded-promoted-method
internal/printer/printer.go	emitPartiallyEmittedExpression	internal/ast/ast.go	AsNode	embedded-promoted-method
internal/printer/printer.go	emitPartiallyEmittedExpression	internal/ast/ast.go	End	embedded-promoted-method
internal/printer/printer.go	emitPartiallyEmittedExpression	internal/ast/ast.go	Pos	embedded-promoted-method
internal/printer/printer.go	emitPostfixUnaryExpression	internal/ast/ast.go	AsNode	embedded-promoted-method
internal/printer/printer.go	emitPostfixUnaryExpression	internal/ast/ast.go	End	alias-receiver
internal/printer/printer.go	emitPrefixUnaryExpression	internal/ast/ast.go	AsNode	embedded-promoted-method
internal/printer/printer.go	emitPrefixUnaryExpression	internal/ast/ast.go	Pos	embedded-promoted-method
internal/printer/printer.go	emitPrivateIdentifier	internal/ast/ast.go	AsNode	embedded-promoted-method
internal/printer/printer.go	emitPropertyAccessExpression	internal/ast/ast.go	AsNode	embedded-promoted-method
internal/printer/printer.go	emitPropertyAccessExpression	internal/ast/ast.go	End	alias-receiver
internal/printer/printer.go	emitPropertyAccessExpression	internal/ast/ast.go	Pos	alias-receiver
internal/printer/printer.go	emitPropertyDeclaration	internal/ast/ast.go	End	alias-receiver
internal/printer/printer.go	emitPropertyName	internal/ast/ast_generated.go	AsBigIntLiteral	alias-receiver
internal/printer/printer.go	emitPropertyName	internal/ast/ast_generated.go	AsComputedPropertyName	alias-receiver
internal/printer/printer.go	emitPropertyName	internal/ast/ast_generated.go	AsIdentifier	alias-receiver
internal/printer/printer.go	emitPropertyName	internal/ast/ast_generated.go	AsNoSubstitutionTemplateLiteral	alias-receiver
internal/printer/printer.go	emitPropertyName	internal/ast/ast_generated.go	AsNumericLiteral	alias-receiver
internal/printer/printer.go	emitPropertyName	internal/ast/ast_generated.go	AsPrivateIdentifier	alias-receiver
internal/printer/printer.go	emitPropertyName	internal/ast/ast_generated.go	AsStringLiteral	alias-receiver
internal/printer/printer.go	emitPunctuationNodeEx	internal/ast/ast.go	Pos	alias-receiver
internal/printer/printer.go	emitRegularExpressionLiteral	internal/ast/ast.go	AsNode	embedded-promoted-method
internal/printer/printer.go	emitReturnType	internal/ast/ast_generated.go	AsInferTypeNode	alias-receiver
internal/printer/printer.go	emitSourceMapsAfterNode	internal/core/text.go	End	concrete-one-hop-receiver
internal/printer/printer.go	emitSourceMapsAfterToken	internal/core/text.go	End	concrete-one-hop-receiver
internal/printer/printer.go	emitStatement	internal/ast/ast_generated.go	AsBlock	alias-receiver
internal/printer/printer.go	emitStatement	internal/ast/ast_generated.go	AsBreakStatement	alias-receiver
internal/printer/printer.go	emitStatement	internal/ast/ast_generated.go	AsClassDeclaration	alias-receiver
internal/printer/printer.go	emitStatement	internal/ast/ast_generated.go	AsContinueStatement	alias-receiver
internal/printer/printer.go	emitStatement	internal/ast/ast_generated.go	AsDebuggerStatement	alias-receiver
internal/printer/printer.go	emitStatement	internal/ast/ast_generated.go	AsDoStatement	alias-receiver
internal/printer/printer.go	emitStatement	internal/ast/ast_generated.go	AsEmptyStatement	alias-receiver
internal/printer/printer.go	emitStatement	internal/ast/ast_generated.go	AsEnumDeclaration	alias-receiver
internal/printer/printer.go	emitStatement	internal/ast/ast_generated.go	AsExportAssignment	alias-receiver
internal/printer/printer.go	emitStatement	internal/ast/ast_generated.go	AsExportDeclaration	alias-receiver
internal/printer/printer.go	emitStatement	internal/ast/ast_generated.go	AsExpressionStatement	alias-receiver
internal/printer/printer.go	emitStatement	internal/ast/ast_generated.go	AsForInOrOfStatement	alias-receiver
internal/printer/printer.go	emitStatement	internal/ast/ast_generated.go	AsForStatement	alias-receiver
internal/printer/printer.go	emitStatement	internal/ast/ast_generated.go	AsFunctionDeclaration	alias-receiver
internal/printer/printer.go	emitStatement	internal/ast/ast_generated.go	AsIfStatement	alias-receiver
internal/printer/printer.go	emitStatement	internal/ast/ast_generated.go	AsImportDeclaration	alias-receiver
internal/printer/printer.go	emitStatement	internal/ast/ast_generated.go	AsImportEqualsDeclaration	alias-receiver
internal/printer/printer.go	emitStatement	internal/ast/ast_generated.go	AsInterfaceDeclaration	alias-receiver
internal/printer/printer.go	emitStatement	internal/ast/ast_generated.go	AsLabeledStatement	alias-receiver
internal/printer/printer.go	emitStatement	internal/ast/ast_generated.go	AsModuleDeclaration	alias-receiver
internal/printer/printer.go	emitStatement	internal/ast/ast_generated.go	AsNamespaceExportDeclaration	alias-receiver
internal/printer/printer.go	emitStatement	internal/ast/ast_generated.go	AsNotEmittedStatement	alias-receiver
internal/printer/printer.go	emitStatement	internal/ast/ast_generated.go	AsReturnStatement	alias-receiver
internal/printer/printer.go	emitStatement	internal/ast/ast_generated.go	AsSwitchStatement	alias-receiver
internal/printer/printer.go	emitStatement	internal/ast/ast_generated.go	AsThrowStatement	alias-receiver
internal/printer/printer.go	emitStatement	internal/ast/ast_generated.go	AsTryStatement	alias-receiver
internal/printer/printer.go	emitStatement	internal/ast/ast_generated.go	AsTypeAliasDeclaration	alias-receiver
internal/printer/printer.go	emitStatement	internal/ast/ast_generated.go	AsVariableStatement	alias-receiver
internal/printer/printer.go	emitStatement	internal/ast/ast_generated.go	AsWhileStatement	alias-receiver
internal/printer/printer.go	emitStatement	internal/ast/ast_generated.go	AsWithStatement	alias-receiver
internal/printer/printer.go	emitStringLiteral	internal/ast/ast.go	AsNode	embedded-promoted-method
internal/printer/printer.go	emitSwitchStatement	internal/ast/ast.go	End	alias-receiver
internal/printer/printer.go	emitTaggedTemplateExpression	internal/ast/ast.go	AsNode	embedded-promoted-method
internal/printer/printer.go	emitTemplateExpression	internal/ast/ast.go	AsNode	embedded-promoted-method
internal/printer/printer.go	emitTemplateLiteral	internal/ast/ast_generated.go	AsNoSubstitutionTemplateLiteral	alias-receiver
internal/printer/printer.go	emitTemplateLiteral	internal/ast/ast_generated.go	AsTemplateExpression	alias-receiver
internal/printer/printer.go	emitTemplateMiddleTail	internal/ast/ast_generated.go	AsTemplateMiddle	alias-receiver
internal/printer/printer.go	emitTemplateMiddleTail	internal/ast/ast_generated.go	AsTemplateTail	alias-receiver
internal/printer/printer.go	emitTemplateSpanNode	internal/ast/ast_generated.go	AsTemplateSpan	alias-receiver
internal/printer/printer.go	emitTemplateTypeSpanNode	internal/ast/ast_generated.go	AsTemplateLiteralTypeSpan	alias-receiver
internal/printer/printer.go	emitTryStatement	internal/ast/ast.go	End	alias-receiver
internal/printer/printer.go	emitTupleType	internal/ast/ast.go	End	alias-receiver
internal/printer/printer.go	emitTypeElement	internal/ast/ast_generated.go	AsCallSignatureDeclaration	alias-receiver
internal/printer/printer.go	emitTypeElement	internal/ast/ast_generated.go	AsConstructSignatureDeclaration	alias-receiver
internal/printer/printer.go	emitTypeElement	internal/ast/ast_generated.go	AsGetAccessorDeclaration	alias-receiver
internal/printer/printer.go	emitTypeElement	internal/ast/ast_generated.go	AsIndexSignatureDeclaration	alias-receiver
internal/printer/printer.go	emitTypeElement	internal/ast/ast_generated.go	AsMethodSignatureDeclaration	alias-receiver
internal/printer/printer.go	emitTypeElement	internal/ast/ast_generated.go	AsNotEmittedTypeElement	alias-receiver
internal/printer/printer.go	emitTypeElement	internal/ast/ast_generated.go	AsPropertySignatureDeclaration	alias-receiver
internal/printer/printer.go	emitTypeElement	internal/ast/ast_generated.go	AsSetAccessorDeclaration	alias-receiver
internal/printer/printer.go	emitTypeNode	internal/ast/ast_generated.go	AsArrayTypeNode	alias-receiver
internal/printer/printer.go	emitTypeNode	internal/ast/ast_generated.go	AsConditionalTypeNode	alias-receiver
internal/printer/printer.go	emitTypeNode	internal/ast/ast_generated.go	AsConstructorTypeNode	alias-receiver
internal/printer/printer.go	emitTypeNode	internal/ast/ast_generated.go	AsExpressionWithTypeArguments	alias-receiver
internal/printer/printer.go	emitTypeNode	internal/ast/ast_generated.go	AsFunctionTypeNode	alias-receiver
internal/printer/printer.go	emitTypeNode	internal/ast/ast_generated.go	AsImportTypeNode	alias-receiver
internal/printer/printer.go	emitTypeNode	internal/ast/ast_generated.go	AsIndexedAccessTypeNode	alias-receiver
internal/printer/printer.go	emitTypeNode	internal/ast/ast_generated.go	AsInferTypeNode	alias-receiver
internal/printer/printer.go	emitTypeNode	internal/ast/ast_generated.go	AsIntersectionTypeNode	alias-receiver
internal/printer/printer.go	emitTypeNode	internal/ast/ast_generated.go	AsJSDocNonNullableType	alias-receiver
internal/printer/printer.go	emitTypeNode	internal/ast/ast_generated.go	AsJSDocNullableType	alias-receiver
internal/printer/printer.go	emitTypeNode	internal/ast/ast_generated.go	AsJSDocOptionalType	alias-receiver
internal/printer/printer.go	emitTypeNode	internal/ast/ast_generated.go	AsJSDocVariadicType	alias-receiver
internal/printer/printer.go	emitTypeNode	internal/ast/ast_generated.go	AsKeywordTypeNode	alias-receiver
internal/printer/printer.go	emitTypeNode	internal/ast/ast_generated.go	AsLiteralTypeNode	alias-receiver
internal/printer/printer.go	emitTypeNode	internal/ast/ast_generated.go	AsMappedTypeNode	alias-receiver
internal/printer/printer.go	emitTypeNode	internal/ast/ast_generated.go	AsNamedTupleMember	alias-receiver
internal/printer/printer.go	emitTypeNode	internal/ast/ast_generated.go	AsOptionalTypeNode	alias-receiver
internal/printer/printer.go	emitTypeNode	internal/ast/ast_generated.go	AsParenthesizedTypeNode	alias-receiver
internal/printer/printer.go	emitTypeNode	internal/ast/ast_generated.go	AsPropertyAccessExpression	alias-receiver
internal/printer/printer.go	emitTypeNode	internal/ast/ast_generated.go	AsRestTypeNode	alias-receiver
internal/printer/printer.go	emitTypeNode	internal/ast/ast_generated.go	AsTemplateLiteralTypeNode	alias-receiver
internal/printer/printer.go	emitTypeNode	internal/ast/ast_generated.go	AsTemplateLiteralTypeSpan	alias-receiver
internal/printer/printer.go	emitTypeNode	internal/ast/ast_generated.go	AsThisTypeNode	alias-receiver
internal/printer/printer.go	emitTypeNode	internal/ast/ast_generated.go	AsTupleTypeNode	alias-receiver
internal/printer/printer.go	emitTypeNode	internal/ast/ast_generated.go	AsTypeLiteralNode	alias-receiver
internal/printer/printer.go	emitTypeNode	internal/ast/ast_generated.go	AsTypeOperatorNode	alias-receiver
internal/printer/printer.go	emitTypeNode	internal/ast/ast_generated.go	AsTypePredicateNode	alias-receiver
internal/printer/printer.go	emitTypeNode	internal/ast/ast_generated.go	AsTypeQueryNode	alias-receiver
internal/printer/printer.go	emitTypeNode	internal/ast/ast_generated.go	AsTypeReferenceNode	alias-receiver
internal/printer/printer.go	emitTypeNode	internal/ast/ast_generated.go	AsUnionTypeNode	alias-receiver
internal/printer/printer.go	emitTypeOfExpression	internal/ast/ast.go	Pos	embedded-promoted-method
internal/printer/printer.go	emitTypeParameterDeclarationNode	internal/ast/ast_generated.go	AsTypeParameterDeclaration	alias-receiver
internal/printer/printer.go	emitTypePredicateParameterName	internal/ast/ast_generated.go	AsIdentifier	alias-receiver
internal/printer/printer.go	emitTypePredicateParameterName	internal/ast/ast_generated.go	AsThisTypeNode	alias-receiver
internal/printer/printer.go	emitVariableDeclaration	internal/ast/ast.go	End	alias-receiver
internal/printer/printer.go	emitVariableDeclarationNode	internal/ast/ast_generated.go	AsVariableDeclaration	alias-receiver
internal/printer/printer.go	emitVoidExpression	internal/ast/ast.go	Pos	embedded-promoted-method
internal/printer/printer.go	emitWhileClause	internal/ast/ast.go	End	alias-receiver
internal/printer/printer.go	emitWhileStatement	internal/ast/ast.go	Pos	embedded-promoted-method
internal/printer/printer.go	emitWithStatement	internal/ast/ast.go	End	alias-receiver
internal/printer/printer.go	getLiteralKindOfBinaryPlusOperand	internal/ast/ast_generated.go	AsBinaryExpression	alias-receiver
internal/printer/printer.go	getLiteralTextOfNode	internal/ast/ast.go	Text	concrete-one-hop-receiver
internal/printer/printer.go	getLiteralTextOfNode	internal/printer/utilities.go	getLiteralText	package-level-call
internal/printer/printer.go	getUniqueHelperName	internal/ast/ast.go	Clone	alias-receiver
internal/printer/printer.go	hasCommentsAtPosition	internal/ast/ast.go	Text	multi-hop-receiver
internal/printer/printer.go	mayNeedDotDotForPropertyAccess	internal/ast/ast_generated.go	AsNumericLiteral	alias-receiver
internal/printer/printer.go	parenthesizeExpressionForNoAsi	internal/ast/ast.go	Modifiers	embedded-promoted-method
internal/printer/printer.go	parenthesizeExpressionForNoAsi	internal/ast/ast_generated.go	AsAsExpression	alias-receiver
internal/printer/printer.go	parenthesizeExpressionForNoAsi	internal/ast/ast_generated.go	AsBinaryExpression	alias-receiver
internal/printer/printer.go	parenthesizeExpressionForNoAsi	internal/ast/ast_generated.go	AsCallExpression	alias-receiver
internal/printer/printer.go	parenthesizeExpressionForNoAsi	internal/ast/ast_generated.go	AsConditionalExpression	alias-receiver
internal/printer/printer.go	parenthesizeExpressionForNoAsi	internal/ast/ast_generated.go	AsElementAccessExpression	alias-receiver
internal/printer/printer.go	parenthesizeExpressionForNoAsi	internal/ast/ast_generated.go	AsNonNullExpression	alias-receiver
internal/printer/printer.go	parenthesizeExpressionForNoAsi	internal/ast/ast_generated.go	AsPartiallyEmittedExpression	alias-receiver
internal/printer/printer.go	parenthesizeExpressionForNoAsi	internal/ast/ast_generated.go	AsPostfixUnaryExpression	alias-receiver
internal/printer/printer.go	parenthesizeExpressionForNoAsi	internal/ast/ast_generated.go	AsPropertyAccessExpression	alias-receiver
internal/printer/printer.go	parenthesizeExpressionForNoAsi	internal/ast/ast_generated.go	AsSatisfiesExpression	alias-receiver
internal/printer/printer.go	parenthesizeExpressionForNoAsi	internal/ast/ast_generated.go	AsTaggedTemplateExpression	alias-receiver
internal/printer/printer.go	parenthesizeExpressionForNoAsi	internal/ast/ast_generated.go	Name	concrete-one-hop-receiver
internal/printer/printer.go	shouldWriteComment	internal/printer/utilities.go	isJSDocLikeText	package-level-call
internal/printer/printer.go	willEmitLeadingNewLine	internal/ast/ast.go	Pos	alias-receiver
internal/printer/printer.go	willEmitLeadingNewLine	internal/ast/ast_generated.go	AsPartiallyEmittedExpression	alias-receiver
internal/printer/syntheticfile.go	PrintAndPositionNode	internal/printer/printer.go	Write	multi-hop-receiver
internal/printer/utilities.go	canUseOriginalText	internal/ast/ast_generated.go	AsNumericLiteral	alias-receiver
internal/printer/utilities.go	getContainingNodeArray	internal/ast/ast.go	ElementList	concrete-one-hop-receiver
internal/printer/utilities.go	getContainingNodeArray	internal/ast/ast.go	StatementList	concrete-one-hop-receiver
internal/printer/utilities.go	getContainingNodeArray	internal/ast/ast.go	TypeArgumentList	concrete-one-hop-receiver
internal/printer/utilities.go	getContainingNodeArray	internal/ast/ast.go	TypeParameterList	concrete-one-hop-receiver
internal/printer/utilities.go	getLiteralText	internal/ast/ast.go	TemplateLiteralLikeData	alias-receiver
internal/printer/utilities.go	getLiteralText	internal/ast/ast.go	Text	alias-receiver
internal/printer/utilities.go	getLiteralText	internal/ast/ast_generated.go	AsStringLiteral	alias-receiver
internal/printer/utilities.go	isImmediatelyInvokedFunctionExpressionOrArrowFunction	internal/ast/ast.go	Expression	alias-receiver
internal/printer/utilities.go	tryGetEnd	internal/ast/ast.go	End	embedded-promoted-method
internal/printer/utilities.go	tryGetEnd	internal/core/text.go	End	concrete-one-hop-receiver
internal/project/api.go	APIUpdateTemporary	internal/project/overlayfs.go	Kind	concrete-one-hop-receiver
internal/project/api.go	APIUpdateTemporary	internal/project/overlayfs.go	Version	concrete-one-hop-receiver
internal/project/configfileregistrybuilder.go	DidChangeFiles	internal/lsp/lsproto/lsp.go	FileName	concrete-one-hop-receiver
internal/project/overlayfs.go	processChanges	internal/lsp/lsproto/lsp.go	FileName	concrete-one-hop-receiver
internal/project/overlayfs.go	processChanges	internal/lsp/lsproto/lsp.go	Path	concrete-one-hop-receiver
internal/project/project.go	print	internal/ast/ast.go	FileName	concrete-one-hop-receiver
internal/project/projectcollection.go	GetDefaultProject	internal/project/project.go	IsSourceFromProjectReference	concrete-one-hop-receiver
internal/project/projectcollection.go	findDefaultConfiguredProjectFromProgramInclusion	internal/project/project.go	IsSourceFromProjectReference	concrete-one-hop-receiver
internal/project/projectcollection.go	findDefaultConfiguredProjectFromProgramInclusion	internal/project/project.go	containsFile	concrete-one-hop-receiver
internal/project/projectcollection.go	findDefaultConfiguredProjectWorker	internal/tsoptions/parsedcommandline.go	CompilerOptions	concrete-one-hop-receiver
internal/project/projectcollectionbuilder.go	DidChangeFiles	internal/lsp/lsproto/lsp.go	FileName	multi-hop-receiver
internal/project/projectcollectionbuilder.go	HandleAPIRequest	internal/lsp/lsproto/lsp.go	FileName	concrete-one-hop-receiver
internal/project/projectcollectionbuilder.go	HandleAPIRequest	internal/project/overlayfs.go	FileName	embedded-promoted-method
internal/project/projectcollectionbuilder.go	cleanupConfiguredProjects	internal/project/overlayfs.go	FileName	embedded-promoted-method
internal/project/projectcollectionbuilder.go	collectInferredProjectRoots	internal/project/overlayfs.go	FileName	embedded-promoted-method
internal/project/projectcollectionbuilder.go	createAncestorTree	internal/tsoptions/parsedcommandline.go	CompilerOptions	multi-hop-receiver
internal/project/projectcollectionbuilder.go	ensureProjectTree	internal/compiler/program.go	CommandLine	concrete-one-hop-receiver
internal/project/projectcollectionbuilder.go	ensureProjectTree	internal/compiler/program.go	GetResolvedProjectReferences	concrete-one-hop-receiver
internal/project/projectcollectionbuilder.go	ensureProjectTree	internal/project/project.go	GetProgram	concrete-one-hop-receiver
internal/project/projectcollectionbuilder.go	ensureProjectTree	internal/tsoptions/parsedcommandline.go	CompilerOptions	multi-hop-receiver
internal/project/projectcollectionbuilder.go	findDefaultProject	internal/project/project.go	containsFile	concrete-one-hop-receiver
internal/project/projectcollectionbuilder.go	markProjectsAffectedByConfigChanges	internal/project/overlayfs.go	FileName	embedded-promoted-method
internal/project/projectcollectionbuilder.go	refreshContentMapperProjectForChanges	internal/compiler/program.go	ContentMapperProject	multi-hop-receiver
internal/project/projectcollectionbuilder.go	updateInferredProjectRoots	internal/tsoptions/parsedcommandline.go	CompilerOptions	multi-hop-receiver
internal/project/session.go	DidChangeWatchedFiles	internal/lsp/lsproto/lsp.go	FileName	multi-hop-receiver
internal/project/session.go	GetLanguageServicesForDocumentsLoadingProjectTree	internal/project/project.go	GetProgram	concrete-one-hop-receiver
internal/project/session.go	GetLanguageServicesForDocumentsLoadingProjectTree	internal/project/projectcollection.go	Projects	multi-hop-receiver
internal/project/session.go	adoptSnapshotChange	internal/project/logging/logtree.go	String	multi-hop-receiver
internal/project/session.go	collectProjectInfoTelemetry	internal/compiler/program.go	GetSourceFiles	multi-hop-receiver
internal/project/session.go	collectProjectInfoTelemetry	internal/core/compileroptions.go	String	multi-hop-receiver
internal/project/session.go	collectProjectInfoTelemetry	internal/core/modulekind_stringer_generated.go	String	multi-hop-receiver
internal/project/session.go	collectProjectInfoTelemetry	internal/core/scripttarget_stringer_generated.go	String	multi-hop-receiver
internal/project/session.go	collectProjectInfoTelemetry	internal/tsoptions/parsedcommandline.go	CompilerOptions	multi-hop-receiver
internal/project/session.go	getSnapshot	internal/lsp/lsproto/lsp.go	FileName	concrete-one-hop-receiver
internal/project/session.go	getSnapshot	internal/project/filechange.go	IsEmpty	concrete-one-hop-receiver
internal/project/session.go	getSnapshot	internal/project/snapshot.go	GetDefaultProject	concrete-one-hop-receiver
internal/project/session.go	isContentMapperFile	internal/project/configfileregistry.go	contentMappers	multi-hop-receiver
internal/project/session.go	logCacheStats	internal/ls/autoimport/registry.go	Dirty	multi-hop-receiver
internal/project/session.go	logCacheStats	internal/project/projectcollection.go	Projects	multi-hop-receiver
internal/project/session.go	publishGlobalDiagnostics	internal/project/projectcollection.go	Projects	multi-hop-receiver
internal/project/session.go	publishGlobalDiagnostics	internal/project/snapshot.go	Deref	concrete-one-hop-receiver
internal/project/session.go	sendPerformanceTelemetry	internal/ls/autoimport/registry.go	GetCacheStats	concrete-one-hop-receiver
internal/project/session.go	sendPerformanceTelemetry	internal/project/projectcollection.go	Projects	multi-hop-receiver
internal/project/session.go	sendPerformanceTelemetry	internal/project/snapshot.go	AutoImportRegistry	concrete-one-hop-receiver
internal/project/session.go	triggerATAForUpdatedProjects	internal/project/projectcollection.go	Projects	multi-hop-receiver
internal/project/session.go	updateContentMapperRegistrations	internal/project/configfileregistry.go	contentMappers	multi-hop-receiver
internal/project/session.go	updateSnapshot	internal/project/snapshot.go	Clone	concrete-one-hop-receiver
internal/project/session.go	updateSnapshot	internal/project/snapshot.go	Deref	concrete-one-hop-receiver
internal/project/session.go	updateSnapshot	internal/project/snapshot.go	ref	concrete-one-hop-receiver
internal/project/snapshot.go	Clone	internal/ls/autoimport/registry.go	Clone	concrete-one-hop-receiver
internal/project/snapshot.go	Clone	internal/ls/autoimport/registry.go	NodeModulesDirectories	concrete-one-hop-receiver
internal/project/snapshot.go	Clone	internal/lsp/lsproto/lsp.go	Path	multi-hop-receiver
internal/project/snapshot.go	Clone	internal/project/programcounter.go	Ref	multi-hop-receiver
internal/project/snapshot.go	dispose	internal/compiler/program.go	ContentMapperProject	multi-hop-receiver
internal/project/snapshot.go	dispose	internal/compiler/program.go	SourceFiles	multi-hop-receiver
internal/project/snapshot.go	dispose	internal/project/programcounter.go	Deref	multi-hop-receiver
internal/project/snapshotfs.go	collectFilesRecursive	internal/project/overlayfs.go	FileName	embedded-promoted-method
internal/project/snapshotfs.go	convertOpenAndCloseToChanges	internal/lsp/lsproto/lsp.go	FileName	multi-hop-receiver
internal/project/snapshotfs.go	expandAndFilterWatchEvents	internal/lsp/lsproto/lsp.go	FileName	concrete-one-hop-receiver
internal/project/snapshotfs.go	expandRealpathAliases	internal/lsp/lsproto/lsp.go	FileName	concrete-one-hop-receiver
internal/project/snapshotfs.go	markDirtyFiles	internal/lsp/lsproto/lsp.go	FileName	concrete-one-hop-receiver
internal/project/snapshotfs.go	watchChangesOverlapCache	internal/lsp/lsproto/lsp.go	FileName	concrete-one-hop-receiver
internal/pseudochecker/lookup.go	canGetTypeFromArrayLiteral	internal/ast/ast.go	AsNode	embedded-promoted-method
internal/pseudochecker/lookup.go	canGetTypeFromObjectLiteral	internal/ast/ast.go	Expression	alias-receiver
internal/pseudochecker/lookup.go	canGetTypeFromObjectLiteral	internal/ast/ast.go	Name	concrete-one-hop-receiver
internal/pseudochecker/lookup.go	cloneParameters	internal/ast/ast.go	Name	concrete-one-hop-receiver
internal/pseudochecker/lookup.go	isOptionalInitializedOrRestParameter	internal/ast/ast_generated.go	AsParameterDeclaration	alias-receiver
internal/pseudochecker/lookup.go	typeFromArrayLiteral	internal/ast/ast.go	AsNode	embedded-promoted-method
internal/pseudochecker/lookup.go	typeFromObjectLiteral	internal/ast/ast.go	AsNode	embedded-promoted-method
internal/pseudochecker/lookup.go	typeFromObjectLiteral	internal/ast/ast.go	Name	concrete-one-hop-receiver
internal/pseudochecker/lookup.go	typeFromObjectLiteral	internal/ast/ast.go	ParameterList	concrete-one-hop-receiver
internal/pseudochecker/lookup.go	typeFromParameter	internal/ast/ast.go	Parameters	concrete-one-hop-receiver
internal/pseudochecker/lookup.go	typeFromPrimitiveLiteralPrefix	internal/ast/ast.go	AsNode	embedded-promoted-method
internal/scanner/regexp.go	checkRegularExpressionFlagAvailability	internal/core/scripttarget_stringer_generated.go	String	concrete-one-hop-receiver
internal/scanner/regexp.go	scanAlternative	internal/core/scripttarget_stringer_generated.go	String	multi-hop-receiver
internal/scanner/regexp.go	scanGroupName	internal/core/scripttarget_stringer_generated.go	String	multi-hop-receiver
internal/scanner/scanner.go	ScanJsxIdentifier	internal/scanner/utilities.go	tokenIsIdentifierOrKeyword	package-level-call
internal/scanner/scanner.go	findOriginatingJSDocSatisfiesTag	internal/ast/ast.go	Type	alias-receiver
internal/scanner/scanner.go	scanBigIntSuffix	internal/jsnum/string.go	String	multi-hop-receiver
internal/scanner/scanner.go	scanNumber	internal/jsnum/string.go	String	multi-hop-receiver
internal/scanner/utilities.go	GetTextOfJSDocComment	internal/ast/ast.go	Text	concrete-one-hop-receiver
internal/testrunner/compiler_runner.go	contentMappedFileNames	internal/ast/ast.go	FileName	concrete-one-hop-receiver
internal/testrunner/compiler_runner.go	contentMappedFileNames	internal/compiler/program.go	GetContentMapper	concrete-one-hop-receiver
internal/testrunner/compiler_runner.go	newCompilerTest	internal/ast/ast.go	ContentMapper	concrete-one-hop-receiver
internal/testrunner/compiler_runner.go	newCompilerTest	internal/ast/ast.go	Text	concrete-one-hop-receiver
internal/testrunner/transpile_runner.go	runKind	internal/ast/ast.go	FileName	concrete-one-hop-receiver
internal/testrunner/transpile_runner.go	runKind	internal/ast/diagnostic.go	File	multi-hop-receiver
internal/testutil/contentmappertest/component.go	transformComponent	internal/spanmap/spanmap.go	Marshal	multi-hop-receiver
internal/testutil/contentmappertest/diagnostic_code_collision.go	HandleRequest	internal/diagnostics/diagnostics.go	Code	multi-hop-receiver
internal/testutil/contentmappertest/duplicate.go	HandleRequest	internal/spanmap/spanmap.go	Marshal	multi-hop-receiver
internal/testutil/contentmappertest/dynamic_verbatim.go	HandleRequest	internal/testutil/contentmappertest/verbatim.go	HandleRequest	multi-hop-receiver
internal/testutil/contentmappertest/editing.go	HandleRequest	internal/spanmap/spanmap.go	Marshal	multi-hop-receiver
internal/testutil/contentmappertest/lisp.go	HandleRequest	internal/spanmap/spanmap.go	Marshal	multi-hop-receiver
internal/testutil/contentmappertest/protocol.go	identityMappedOutput	internal/spanmap/spanmap.go	Marshal	multi-hop-receiver
internal/testutil/contentmappertest/spawner.go	Serve	internal/ipc/conn_async.go	Run	multi-hop-receiver
internal/testutil/contentmappertest/supplemental_diagnostics.go	HandleRequest	internal/spanmap/spanmap.go	Marshal	multi-hop-receiver
internal/testutil/contentmappertest/synthesizing.go	HandleRequest	internal/spanmap/spanmap.go	Marshal	multi-hop-receiver
internal/testutil/contentmappertest/transforming.go	diagnosticDirectives	internal/core/text.go	End	multi-hop-receiver
internal/testutil/contentmappertest/transforming.go	diagnosticDirectives	internal/core/text.go	Pos	multi-hop-receiver
internal/testutil/harnessutil/harnessutil.go	CompileFiles	internal/core/compileroptions.go	Clone	multi-hop-receiver
internal/testutil/harnessutil/harnessutil.go	compileFilesWithHost	internal/core/compileroptions.go	Clone	multi-hop-receiver
internal/testutil/harnessutil/harnessutil.go	newCompilationResult	internal/ast/ast.go	FileName	concrete-one-hop-receiver
internal/testutil/harnessutil/harnessutil.go	newCompilationResult	internal/ast/ast.go	Text	concrete-one-hop-receiver
internal/testutil/harnessutil/harnessutil.go	newCompilationResult	internal/testutil/harnessutil/recorderfs.go	Outputs	concrete-one-hop-receiver
internal/testutil/harnessutil/sourcemap_recorder.go	recordSourceMapSpan	internal/sourcemap/decoder.go	Equals	multi-hop-receiver
internal/testutil/lsptestutil/lspclient.go	MessageRouter	internal/lsp/lsproto/jsonrpc.go	AsRequest	concrete-one-hop-receiver
internal/testutil/lsptestutil/lspclient.go	MessageRouter	internal/lsp/lsproto/jsonrpc.go	AsResponse	concrete-one-hop-receiver
internal/testutil/projecttestutil/projecttestutil.go	WatchesFile	internal/lsp/lsproto/lsp.go	FileName	multi-hop-receiver
internal/testutil/tsbaseline/error_baseline.go	iterateErrorBaseline	internal/ast/ast.go	FileName	concrete-one-hop-receiver
internal/testutil/tsbaseline/js_emit_baseline.go	prepareDeclarationCompilationContext	internal/compiler/program.go	CommandLine	multi-hop-receiver
internal/testutil/tsbaseline/type_symbol_baseline.go	forEachASTNode	internal/ast/ast.go	Expression	multi-hop-receiver
internal/testutil/tsbaseline/type_symbol_baseline.go	forEachASTNode	internal/ast/ast_generated.go	ForEachChild	concrete-one-hop-receiver
internal/testutil/tsbaseline/type_symbol_baseline.go	getSymbols	internal/ast/ast.go	AsNode	embedded-promoted-method
internal/testutil/tsbaseline/type_symbol_baseline.go	getTypes	internal/ast/ast.go	AsNode	embedded-promoted-method
internal/testutil/tsbaseline/type_symbol_baseline.go	isExportStatementName	internal/ast/ast.go	Expression	multi-hop-receiver
internal/testutil/tsbaseline/type_symbol_baseline.go	isExportStatementName	internal/ast/ast.go	Name	multi-hop-receiver
internal/testutil/tsbaseline/type_symbol_baseline.go	isExportStatementName	internal/ast/ast.go	PropertyName	multi-hop-receiver
internal/testutil/tsbaseline/type_symbol_baseline.go	isImportStatementName	internal/ast/ast.go	Name	multi-hop-receiver
internal/testutil/tsbaseline/type_symbol_baseline.go	isImportStatementName	internal/ast/ast.go	PropertyName	multi-hop-receiver
internal/testutil/tsbaseline/type_symbol_baseline.go	writeTypeOrSymbol	internal/ast/ast.go	Name	multi-hop-receiver
internal/testutil/tsbaseline/type_symbol_baseline.go	writeTypeOrSymbol	internal/printer/printer.go	Write	concrete-one-hop-receiver
internal/transformers/chain.go	visit	internal/transformers/transformer.go	TransformSourceFile	concrete-one-hop-receiver
internal/transformers/declarations/diagnostics.go	addParentDeclarationRelatedInfo	internal/transformers/declarations/tracker.go	createDiagnosticForNode	package-level-call
internal/transformers/declarations/diagnostics.go	createAccessorTypeError	internal/ast/diagnostic.go	AddRelatedInfo	concrete-one-hop-receiver
internal/transformers/declarations/diagnostics.go	createAccessorTypeError	internal/transformers/declarations/tracker.go	createDiagnosticForNode	package-level-call
internal/transformers/declarations/diagnostics.go	createArrayLiteralError	internal/transformers/declarations/tracker.go	createDiagnosticForNode	package-level-call
internal/transformers/declarations/diagnostics.go	createBindingElementError	internal/transformers/declarations/tracker.go	createDiagnosticForNode	package-level-call
internal/transformers/declarations/diagnostics.go	createEntityInTypeNodeError	internal/transformers/declarations/tracker.go	createDiagnosticForNode	package-level-call
internal/transformers/declarations/diagnostics.go	createExpressionErrorEx	internal/ast/diagnostic.go	AddRelatedInfo	concrete-one-hop-receiver
internal/transformers/declarations/diagnostics.go	createExpressionErrorEx	internal/transformers/declarations/tracker.go	createDiagnosticForNode	package-level-call
internal/transformers/declarations/diagnostics.go	createGetSymbolAccessibilityDiagnosticForNode	internal/ast/kind_stringer_generated.go	String	multi-hop-receiver
internal/transformers/declarations/diagnostics.go	createObjectLiteralError	internal/transformers/declarations/tracker.go	createDiagnosticForNode	package-level-call
internal/transformers/declarations/diagnostics.go	createReturnTypeError	internal/ast/diagnostic.go	AddRelatedInfo	concrete-one-hop-receiver
internal/transformers/declarations/diagnostics.go	createReturnTypeError	internal/transformers/declarations/tracker.go	createDiagnosticForNode	package-level-call
internal/transformers/declarations/diagnostics.go	createVariableOrPropertyError	internal/ast/diagnostic.go	AddRelatedInfo	concrete-one-hop-receiver
internal/transformers/declarations/diagnostics.go	createVariableOrPropertyError	internal/transformers/declarations/tracker.go	createDiagnosticForNode	package-level-call
internal/transformers/declarations/diagnostics.go	getAccessorDeclarationTypeVisibilityDiagnosticMessage	internal/ast/utilities.go	IsStatic	package-qualified-call
internal/transformers/declarations/diagnostics.go	getAccessorNameVisibilityDiagnosticMessage	internal/ast/utilities.go	IsStatic	package-qualified-call
internal/transformers/declarations/diagnostics.go	getMethodNameVisibilityDiagnosticMessage	internal/ast/utilities.go	IsStatic	package-qualified-call
internal/transformers/declarations/diagnostics.go	getParameterDeclarationTypeVisibilityDiagnosticMessage	internal/ast/kind_stringer_generated.go	String	multi-hop-receiver
internal/transformers/declarations/diagnostics.go	getParameterDeclarationTypeVisibilityDiagnosticMessage	internal/ast/utilities.go	IsStatic	package-qualified-call
internal/transformers/declarations/diagnostics.go	getReturnTypeVisibilityDiagnosticMessage	internal/ast/kind_stringer_generated.go	String	multi-hop-receiver
internal/transformers/declarations/diagnostics.go	getReturnTypeVisibilityDiagnosticMessage	internal/ast/utilities.go	IsStatic	package-qualified-call
internal/transformers/declarations/diagnostics.go	getTypeParameterConstraintVisibilityDiagnosticMessage	internal/ast/kind_stringer_generated.go	String	multi-hop-receiver
internal/transformers/declarations/diagnostics.go	getTypeParameterConstraintVisibilityDiagnosticMessage	internal/ast/utilities.go	IsStatic	package-qualified-call
internal/transformers/declarations/diagnostics.go	getVariableDeclarationTypeVisibilityDiagnosticMessage	internal/ast/utilities.go	IsStatic	package-qualified-call
internal/transformers/declarations/transform.go	NewDeclarationTransformer	internal/printer/emitcontext.go	NewNodeVisitor	multi-hop-receiver
internal/transformers/declarations/transform.go	buildClassMembers	internal/ast/ast.go	QuestionToken	concrete-one-hop-receiver
internal/transformers/declarations/transform.go	checkName	internal/ast/ast.go	Expression	alias-receiver
internal/transformers/declarations/transform.go	collectThisPropertyAssignments	internal/ast/ast.go	Name	concrete-one-hop-receiver
internal/transformers/declarations/transform.go	collectThisPropertyAssignments	internal/ast/utilities.go	IsStatic	package-qualified-call
internal/transformers/declarations/transform.go	createFullExpandoBlock	internal/ast/ast.go	Clone	alias-receiver
internal/transformers/declarations/transform.go	createFullExpandoBlock	internal/ast/ast.go	Name	concrete-one-hop-receiver
internal/transformers/declarations/transform.go	ensureType	internal/ast/ast.go	IsJS	multi-hop-receiver
internal/transformers/declarations/transform.go	isInternalDeclaration	internal/ast/ast.go	Parameters	multi-hop-receiver
internal/transformers/declarations/transform.go	preservePartialJsDoc	internal/ast/ast_generated.go	AsJSDoc	concrete-one-hop-receiver
internal/transformers/declarations/transform.go	transformCjsRequireVariableDeclaration	internal/ast/ast.go	Name	concrete-one-hop-receiver
internal/transformers/declarations/transform.go	transformCjsRequireVariableDeclaration	internal/ast/ast.go	PropertyName	concrete-one-hop-receiver
internal/transformers/declarations/transform.go	transformClassDeclaration	internal/ast/ast.go	Text	alias-receiver
internal/transformers/declarations/transform.go	transformExpandoAssignment	internal/ast/ast.go	FunctionLikeData	alias-receiver
internal/transformers/declarations/transform.go	transformExpandoAssignment	internal/ast/ast.go	Initializer	alias-receiver
internal/transformers/declarations/transform.go	transformExpandoAssignment	internal/ast/ast.go	Symbol	alias-receiver
internal/transformers/declarations/transform.go	transformExpandoAssignment	internal/ast/ast.go	Type	alias-receiver
internal/transformers/declarations/transform.go	transformExpandoAssignment	internal/ast/ast_generated.go	AsFunctionDeclaration	alias-receiver
internal/transformers/declarations/transform.go	transformExpandoHost	internal/ast/ast.go	Initializer	alias-receiver
internal/transformers/declarations/transform.go	transformExpandoHost	internal/ast/ast.go	Name	alias-receiver
internal/transformers/declarations/transform.go	transformExpandoHost	internal/ast/ast_generated.go	AsFunctionDeclaration	alias-receiver
internal/transformers/declarations/transform.go	transformExpressionWithTypeArguments	internal/ast/ast.go	AsNode	embedded-promoted-method
internal/transformers/declarations/transform.go	transformExpressionWithTypeArguments	internal/ast/visitor.go	VisitEachChild	multi-hop-receiver
internal/transformers/declarations/transform.go	transformHeritageClause	internal/ast/visitor.go	VisitEachChild	multi-hop-receiver
internal/transformers/declarations/transform.go	transformImportDeclaration	internal/ast/ast.go	Elements	alias-receiver
internal/transformers/declarations/transform.go	transformImportDeclaration	internal/ast/ast.go	Name	alias-receiver
internal/transformers/declarations/transform.go	transformImportDeclaration	internal/transformers/declarations/tracker.go	createDiagnosticForNode	package-level-call
internal/transformers/declarations/transform.go	transformModuleDeclaration	internal/ast/ast.go	StatementList	alias-receiver
internal/transformers/declarations/transform.go	transformSourceFile	internal/transformers/declarations/tracker.go	createDiagnosticForNode	package-level-call
internal/transformers/declarations/transform.go	transformTypeParameterDeclaration	internal/ast/visitor.go	VisitEachChild	multi-hop-receiver
internal/transformers/declarations/transform.go	transformTypeReference	internal/ast/visitor.go	VisitEachChild	multi-hop-receiver
internal/transformers/declarations/transform.go	tryGetPropertyName	internal/ast/ast.go	Text	alias-receiver
internal/transformers/declarations/transform.go	visitDeclarationSubtree	internal/ast/ast.go	Expression	alias-receiver
internal/transformers/declarations/transform.go	visitDeclarationSubtree	internal/ast/ast.go	Text	alias-receiver
internal/transformers/declarations/transform.go	visitDeclarationSubtree	internal/ast/visitor.go	VisitEachChild	multi-hop-receiver
internal/transformers/declarations/transform.go	visitDeclarationSubtree	internal/transformers/declarations/tracker.go	createDiagnosticForNode	package-level-call
internal/transformers/declarations/transform.go	walkBindingPattern	internal/ast/ast.go	Name	concrete-one-hop-receiver
internal/transformers/declarations/util.go	getBindingNameVisible	internal/ast/ast.go	Elements	alias-receiver
internal/transformers/destructuring.go	flattenArrayBindingOrAssignmentPattern	internal/ast/ast.go	SubtreeFacts	concrete-one-hop-receiver
internal/transformers/destructuring.go	flattenObjectBindingOrAssignmentPattern	internal/ast/ast.go	SubtreeFacts	multi-hop-receiver
internal/transformers/estransforms/async.go	assignmentTargetContainsSuperProperty	internal/ast/ast_generated.go	Name	multi-hop-receiver
internal/transformers/estransforms/async.go	collidesWithParameterName	internal/ast/ast.go	Text	alias-receiver
internal/transformers/estransforms/async.go	collidesWithParameterName	internal/ast/ast_generated.go	AsBindingPattern	alias-receiver
internal/transformers/estransforms/async.go	hoistVariable	internal/ast/ast_generated.go	AsBindingPattern	alias-receiver
internal/transformers/estransforms/async.go	newAsyncTransformer	internal/printer/emitcontext.go	NewNodeVisitor	multi-hop-receiver
internal/transformers/estransforms/async.go	recordDeclarationName	internal/ast/ast.go	Text	alias-receiver
internal/transformers/estransforms/async.go	recordDeclarationName	internal/ast/ast_generated.go	AsBindingPattern	alias-receiver
internal/transformers/estransforms/async.go	transformMethodBody	internal/ast/ast.go	StatementList	alias-receiver
internal/transformers/estransforms/async.go	transformMethodBody	internal/ast/ast_generated.go	AsBlock	alias-receiver
internal/transformers/estransforms/async.go	visit	internal/ast/visitor.go	VisitEachChild	multi-hop-receiver
internal/transformers/estransforms/async.go	visit	internal/printer/emitcontext.go	EmitFlags	multi-hop-receiver
internal/transformers/estransforms/async.go	visitArrowFunction	internal/printer/emitcontext.go	EmitFlags	multi-hop-receiver
internal/transformers/estransforms/async.go	visitAwaitExpression	internal/ast/visitor.go	VisitEachChild	multi-hop-receiver
internal/transformers/estransforms/async.go	visitDefault	internal/ast/visitor.go	VisitEachChild	multi-hop-receiver
internal/transformers/estransforms/async.go	visitSourceFile	internal/ast/visitor.go	VisitEachChild	multi-hop-receiver
internal/transformers/estransforms/async.go	visitVariableDeclarationListWithCollidingNames	internal/ast/ast.go	Name	multi-hop-receiver
internal/transformers/estransforms/async.go	visitVariableDeclarationListWithCollidingNames	internal/ast/ast_generated.go	AsBindingPattern	alias-receiver
internal/transformers/estransforms/async.go	visitVariableStatementInAsyncBody	internal/ast/visitor.go	VisitEachChild	multi-hop-receiver
internal/transformers/estransforms/classfields.go	addPropertyOrClassStaticBlockStatements	internal/ast/utilities.go	IsStatic	package-qualified-call
internal/transformers/estransforms/classfields.go	classExpressionNeedsBlockScopedTemp	internal/ast/ast.go	Members	alias-receiver
internal/transformers/estransforms/classfields.go	classExpressionNeedsBlockScopedTemp	internal/ast/ast.go	Name	concrete-one-hop-receiver
internal/transformers/estransforms/classfields.go	createCopiableReceiverExpr	internal/ast/ast.go	Clone	alias-receiver
internal/transformers/estransforms/classfields.go	createHoistedVariableForClass	internal/ast/ast.go	Text	alias-receiver
internal/transformers/estransforms/classfields.go	createHoistedVariableForClassFromNode	internal/ast/ast.go	Text	alias-receiver
internal/transformers/estransforms/classfields.go	createMemberAccessForPropertyName	internal/ast/ast.go	Expression	alias-receiver
internal/transformers/estransforms/classfields.go	createPrivateIdentifierAccessHelper	internal/ast/ast.go	End	alias-receiver
internal/transformers/estransforms/classfields.go	createPrivateIdentifierAssignment	internal/ast/ast.go	End	alias-receiver
internal/transformers/estransforms/classfields.go	flattenCommaListWorker	internal/ast/ast.go	AsNode	alias-receiver
internal/transformers/estransforms/classfields.go	flattenCommaListWorker	internal/ast/ast.go	Expression	alias-receiver
internal/transformers/estransforms/classfields.go	flattenCommaListWorker	internal/ast/ast_generated.go	AsBinaryExpression	alias-receiver
internal/transformers/estransforms/classfields.go	getClassFacts	internal/ast/ast.go	SubtreeFacts	concrete-one-hop-receiver
internal/transformers/estransforms/classfields.go	getClassFacts	internal/ast/utilities.go	IsStatic	package-qualified-call
internal/transformers/estransforms/classfields.go	getPropertyNameExpressionIfNeeded	internal/ast/ast.go	Expression	alias-receiver
internal/transformers/estransforms/classfields.go	getPropertyNameExpressionIfNeeded	internal/ast/ast_generated.go	AsBinaryExpression	alias-receiver
internal/transformers/estransforms/classfields.go	injectPendingExpressions	internal/ast/ast.go	Expression	alias-receiver
internal/transformers/estransforms/classfields.go	injectPendingExpressions	internal/ast/ast_generated.go	AsParenthesizedExpression	alias-receiver
internal/transformers/estransforms/classfields.go	isAnonymousClassNeedingAssignedNameWorker	internal/ast/ast.go	Name	alias-receiver
internal/transformers/estransforms/classfields.go	isNonStaticMethodOrAccessorWithPrivateName	internal/ast/utilities.go	IsStatic	package-qualified-call
internal/transformers/estransforms/classfields.go	newClassFieldsTransformer	internal/printer/emitcontext.go	NewNodeVisitor	multi-hop-receiver
internal/transformers/estransforms/classfields.go	nodeHasTransformPrivateStaticElementsFlag	internal/printer/emitcontext.go	EmitFlags	multi-hop-receiver
internal/transformers/estransforms/classfields.go	shouldAlwaysTransformPrivateStaticElements	internal/printer/emitcontext.go	EmitFlags	multi-hop-receiver
internal/transformers/estransforms/classfields.go	transformAutoAccessor	internal/ast/ast.go	Expression	alias-receiver
internal/transformers/estransforms/classfields.go	transformAutoAccessor	internal/ast/ast_generated.go	AsComputedPropertyName	alias-receiver
internal/transformers/estransforms/classfields.go	transformAutoAccessor	internal/ast/utilities.go	IsStatic	package-qualified-call
internal/transformers/estransforms/classfields.go	transformAutoAccessor	internal/printer/emitcontext.go	CommentRange	multi-hop-receiver
internal/transformers/estransforms/classfields.go	transformClassMembers	internal/ast/ast.go	Name	concrete-one-hop-receiver
internal/transformers/estransforms/classfields.go	transformClassMembers	internal/printer/emitcontext.go	EmitFlags	multi-hop-receiver
internal/transformers/estransforms/classfields.go	transformClassStaticBlockDeclaration	internal/ast/ast.go	Expression	alias-receiver
internal/transformers/estransforms/classfields.go	transformClassStaticBlockDeclaration	internal/ast/ast_generated.go	AsArrowFunction	alias-receiver
internal/transformers/estransforms/classfields.go	transformConstructor	internal/ast/ast.go	Expression	alias-receiver
internal/transformers/estransforms/classfields.go	transformConstructor	internal/ast/visitor.go	VisitEachChild	multi-hop-receiver
internal/transformers/estransforms/classfields.go	transformPrivateIdentifierInInExpression	internal/ast/visitor.go	VisitEachChild	multi-hop-receiver
internal/transformers/estransforms/classfields.go	transformPropertyOrClassStaticBlock	internal/printer/emitcontext.go	EmitFlags	multi-hop-receiver
internal/transformers/estransforms/classfields.go	transformPropertyWorker	internal/ast/ast.go	Clone	alias-receiver
internal/transformers/estransforms/classfields.go	transformPropertyWorker	internal/ast/ast.go	Name	concrete-one-hop-receiver
internal/transformers/estransforms/classfields.go	transformPropertyWorker	internal/ast/ast.go	Text	alias-receiver
internal/transformers/estransforms/classfields.go	transformPropertyWorker	internal/ast/ast_generated.go	AsComputedPropertyName	alias-receiver
internal/transformers/estransforms/classfields.go	transformPublicFieldInitializer	internal/ast/utilities.go	IsStatic	package-qualified-call
internal/transformers/estransforms/classfields.go	tryGetClassThis	internal/ast/ast.go	Name	alias-receiver
internal/transformers/estransforms/classfields.go	visit	internal/ast/visitor.go	VisitEachChild	multi-hop-receiver
internal/transformers/estransforms/classfields.go	visitArrayAssignmentElement	internal/ast/visitor.go	VisitEachChild	multi-hop-receiver
internal/transformers/estransforms/classfields.go	visitAssignmentProperty	internal/ast/visitor.go	VisitEachChild	multi-hop-receiver
internal/transformers/estransforms/classfields.go	visitAssignmentRestElement	internal/ast/visitor.go	VisitEachChild	multi-hop-receiver
internal/transformers/estransforms/classfields.go	visitAssignmentRestProperty	internal/ast/visitor.go	VisitEachChild	multi-hop-receiver
internal/transformers/estransforms/classfields.go	visitBinaryExpression	internal/ast/ast.go	Expression	alias-receiver
internal/transformers/estransforms/classfields.go	visitBinaryExpression	internal/ast/ast.go	Name	alias-receiver
internal/transformers/estransforms/classfields.go	visitBinaryExpression	internal/ast/ast_generated.go	Name	multi-hop-receiver
internal/transformers/estransforms/classfields.go	visitBinaryExpression	internal/ast/visitor.go	VisitEachChild	multi-hop-receiver
internal/transformers/estransforms/classfields.go	visitBindingElement	internal/ast/visitor.go	VisitEachChild	multi-hop-receiver
internal/transformers/estransforms/classfields.go	visitCallExpression	internal/ast/ast.go	AsNode	embedded-promoted-method
internal/transformers/estransforms/classfields.go	visitCallExpression	internal/ast/ast_generated.go	Name	multi-hop-receiver
internal/transformers/estransforms/classfields.go	visitCallExpression	internal/ast/visitor.go	VisitEachChild	multi-hop-receiver
internal/transformers/estransforms/classfields.go	visitClassDeclarationInNewClassLexicalEnvironment	internal/ast/ast.go	Clone	alias-receiver
internal/transformers/estransforms/classfields.go	visitClassExpression	internal/ast/ast.go	AsNode	embedded-promoted-method
internal/transformers/estransforms/classfields.go	visitClassExpressionInNewClassLexicalEnvironment	internal/ast/ast.go	Clone	alias-receiver
internal/transformers/estransforms/classfields.go	visitClassStaticBlockDeclaration	internal/ast/visitor.go	VisitEachChild	multi-hop-receiver
internal/transformers/estransforms/classfields.go	visitConstructorDeclaration	internal/ast/visitor.go	VisitEachChild	multi-hop-receiver
internal/transformers/estransforms/classfields.go	visitDestructuringAssignmentTarget	internal/ast/visitor.go	VisitEachChild	multi-hop-receiver
internal/transformers/estransforms/classfields.go	visitEachChildOfNode	internal/ast/visitor.go	VisitEachChild	multi-hop-receiver
internal/transformers/estransforms/classfields.go	visitElementAccessExpression	internal/ast/ast.go	AsNode	embedded-promoted-method
internal/transformers/estransforms/classfields.go	visitElementAccessExpression	internal/ast/visitor.go	VisitEachChild	multi-hop-receiver
internal/transformers/estransforms/classfields.go	visitExportAssignment	internal/ast/visitor.go	VisitEachChild	multi-hop-receiver
internal/transformers/estransforms/classfields.go	visitExpressionWithTypeArgumentsInHeritageClause	internal/ast/ast.go	AsNode	embedded-promoted-method
internal/transformers/estransforms/classfields.go	visitFunctionExpressionOrDeclaration	internal/ast/ast.go	Members	alias-receiver
internal/transformers/estransforms/classfields.go	visitFunctionExpressionOrDeclaration	internal/ast/utilities.go	IsStatic	package-qualified-call
internal/transformers/estransforms/classfields.go	visitIdentifier	internal/ast/ast.go	AsNode	embedded-promoted-method
internal/transformers/estransforms/classfields.go	visitIdentifier	internal/ast/ast.go	Clone	alias-receiver
internal/transformers/estransforms/classfields.go	visitInNewClassLexicalEnvironment	internal/ast/ast.go	Name	multi-hop-receiver
internal/transformers/estransforms/classfields.go	visitInNewClassLexicalEnvironment	internal/ast/ast.go	Text	alias-receiver
internal/transformers/estransforms/classfields.go	visitObjectAssignmentElement	internal/ast/visitor.go	VisitEachChild	multi-hop-receiver
internal/transformers/estransforms/classfields.go	visitParameterDeclaration	internal/ast/visitor.go	VisitEachChild	multi-hop-receiver
internal/transformers/estransforms/classfields.go	visitPreOrPostfixUnaryExpression	internal/ast/ast.go	Expression	alias-receiver
internal/transformers/estransforms/classfields.go	visitPreOrPostfixUnaryExpression	internal/ast/ast.go	Name	alias-receiver
internal/transformers/estransforms/classfields.go	visitPreOrPostfixUnaryExpression	internal/ast/ast_generated.go	AsElementAccessExpression	alias-receiver
internal/transformers/estransforms/classfields.go	visitPreOrPostfixUnaryExpression	internal/ast/visitor.go	VisitEachChild	multi-hop-receiver
internal/transformers/estransforms/classfields.go	visitPropertyAccessExpression	internal/ast/ast.go	AsNode	embedded-promoted-method
internal/transformers/estransforms/classfields.go	visitPropertyAccessExpression	internal/ast/visitor.go	VisitEachChild	multi-hop-receiver
internal/transformers/estransforms/classfields.go	visitPropertyAccessExpressionForSubstitution	internal/ast/ast.go	AsNode	embedded-promoted-method
internal/transformers/estransforms/classfields.go	visitPropertyAssignment	internal/ast/visitor.go	VisitEachChild	multi-hop-receiver
internal/transformers/estransforms/classfields.go	visitPropertyName	internal/ast/ast_generated.go	AsComputedPropertyName	alias-receiver
internal/transformers/estransforms/classfields.go	visitShorthandAssignmentProperty	internal/ast/visitor.go	VisitEachChild	multi-hop-receiver
internal/transformers/estransforms/classfields.go	visitSourceFile	internal/ast/visitor.go	VisitEachChild	multi-hop-receiver
internal/transformers/estransforms/classfields.go	visitSourceFile	internal/printer/emitcontext.go	EmitFlags	multi-hop-receiver
internal/transformers/estransforms/classfields.go	visitTaggedTemplateExpression	internal/ast/ast.go	AsNode	embedded-promoted-method
internal/transformers/estransforms/classfields.go	visitTaggedTemplateExpression	internal/ast/ast_generated.go	Name	multi-hop-receiver
internal/transformers/estransforms/classfields.go	visitTaggedTemplateExpression	internal/ast/visitor.go	VisitEachChild	multi-hop-receiver
internal/transformers/estransforms/classfields.go	visitVariableDeclaration	internal/ast/visitor.go	VisitEachChild	multi-hop-receiver
internal/transformers/estransforms/classfields.go	visitVariableStatement	internal/ast/visitor.go	VisitEachChild	multi-hop-receiver
internal/transformers/estransforms/classfields.go	wrapPrivateIdentifierForDestructuringTarget	internal/ast/visitor.go	VisitEachChild	multi-hop-receiver
internal/transformers/estransforms/classthis.go	isClassThisAssignmentBlock	internal/ast/ast.go	Expression	concrete-one-hop-receiver
internal/transformers/estransforms/classthis.go	isClassThisAssignmentBlock	internal/ast/ast_generated.go	AsBinaryExpression	concrete-one-hop-receiver
internal/transformers/estransforms/esdecorator.go	appendDecorationStatement	internal/ast/utilities.go	IsStatic	package-qualified-call
internal/transformers/estransforms/esdecorator.go	canIgnoreEmptyStringLiteralInAssignedName	internal/ast/ast.go	Name	alias-receiver
internal/transformers/estransforms/esdecorator.go	createAccessorPropertyDescriptorObject	internal/ast/ast.go	NewNodeList	embedded-promoted-method
internal/transformers/estransforms/esdecorator.go	createAccessorPropertyDescriptorObject	internal/ast/ast_generated.go	NewBlock	embedded-promoted-method
internal/transformers/estransforms/esdecorator.go	createAccessorPropertyDescriptorObject	internal/ast/ast_generated.go	NewExpressionStatement	embedded-promoted-method
internal/transformers/estransforms/esdecorator.go	createAccessorPropertyDescriptorObject	internal/ast/ast_generated.go	NewIdentifier	embedded-promoted-method
internal/transformers/estransforms/esdecorator.go	createAccessorPropertyDescriptorObject	internal/ast/ast_generated.go	NewObjectLiteralExpression	embedded-promoted-method
internal/transformers/estransforms/esdecorator.go	createAccessorPropertyDescriptorObject	internal/ast/ast_generated.go	NewParameterDeclaration	embedded-promoted-method
internal/transformers/estransforms/esdecorator.go	createAccessorPropertyDescriptorObject	internal/ast/ast_generated.go	NewPropertyAccessExpression	embedded-promoted-method
internal/transformers/estransforms/esdecorator.go	createAccessorPropertyDescriptorObject	internal/ast/ast_generated.go	NewReturnStatement	embedded-promoted-method
internal/transformers/estransforms/esdecorator.go	createAccessorPropertyDescriptorObject	internal/printer/factory.go	NewAssignmentExpression	concrete-one-hop-receiver
internal/transformers/estransforms/esdecorator.go	createAccessorPropertyDescriptorObject	internal/printer/factory.go	NewGeneratedPrivateNameForNodeEx	concrete-one-hop-receiver
internal/transformers/estransforms/esdecorator.go	createAccessorPropertyDescriptorObject	internal/printer/factory.go	NewThisExpression	concrete-one-hop-receiver
internal/transformers/estransforms/esdecorator.go	createCallBinding	internal/ast/ast_generated.go	AsElementAccessExpression	alias-receiver
internal/transformers/estransforms/esdecorator.go	createCallBinding	internal/ast/ast_generated.go	AsPropertyAccessExpression	alias-receiver
internal/transformers/estransforms/esdecorator.go	createCallBinding	internal/ast/ast_generated.go	Name	concrete-one-hop-receiver
internal/transformers/estransforms/esdecorator.go	createCallBinding	internal/ast/ast_generated.go	NewElementAccessExpression	embedded-promoted-method
internal/transformers/estransforms/esdecorator.go	createCallBinding	internal/ast/ast_generated.go	NewPropertyAccessExpression	embedded-promoted-method
internal/transformers/estransforms/esdecorator.go	createCallBinding	internal/printer/emitcontext.go	EmitFlags	multi-hop-receiver
internal/transformers/estransforms/esdecorator.go	createCallBinding	internal/printer/factory.go	NewAssignmentExpression	concrete-one-hop-receiver
internal/transformers/estransforms/esdecorator.go	createCallBinding	internal/printer/factory.go	NewTempVariable	concrete-one-hop-receiver
internal/transformers/estransforms/esdecorator.go	createCallBinding	internal/printer/factory.go	NewThisExpression	concrete-one-hop-receiver
internal/transformers/estransforms/esdecorator.go	createCallBinding	internal/printer/factory.go	NewVoidZeroExpression	concrete-one-hop-receiver
internal/transformers/estransforms/esdecorator.go	createClassInfo	internal/printer/factory.go	NewRunInitializersHelper	concrete-one-hop-receiver
internal/transformers/estransforms/esdecorator.go	createClassInfo	internal/printer/factory.go	NewThisExpression	concrete-one-hop-receiver
internal/transformers/estransforms/esdecorator.go	createClassInfo	internal/printer/factory.go	NewUniqueNameEx	concrete-one-hop-receiver
internal/transformers/estransforms/esdecorator.go	createDescriptorMethod	internal/ast/ast.go	NewNodeList	embedded-promoted-method
internal/transformers/estransforms/esdecorator.go	createDescriptorMethod	internal/ast/ast_generated.go	NewBlock	embedded-promoted-method
internal/transformers/estransforms/esdecorator.go	createDescriptorMethod	internal/ast/ast_generated.go	NewFunctionExpression	embedded-promoted-method
internal/transformers/estransforms/esdecorator.go	createDescriptorMethod	internal/ast/ast_generated.go	NewIdentifier	embedded-promoted-method
internal/transformers/estransforms/esdecorator.go	createDescriptorMethod	internal/ast/ast_generated.go	NewPropertyAssignment	embedded-promoted-method
internal/transformers/estransforms/esdecorator.go	createDescriptorMethod	internal/printer/emitcontext.go	SetEmitFlags	concrete-one-hop-receiver
internal/transformers/estransforms/esdecorator.go	createDescriptorMethod	internal/printer/emitcontext.go	SetOriginal	concrete-one-hop-receiver
internal/transformers/estransforms/esdecorator.go	createDescriptorMethod	internal/printer/emitcontext.go	SetSourceMapRange	concrete-one-hop-receiver
internal/transformers/estransforms/esdecorator.go	createDescriptorMethod	internal/printer/factory.go	NewSetFunctionNameHelper	concrete-one-hop-receiver
internal/transformers/estransforms/esdecorator.go	createDescriptorMethod	internal/printer/factory.go	NewStringLiteralFromNode	concrete-one-hop-receiver
internal/transformers/estransforms/esdecorator.go	createGetAccessorDescriptorForwarder	internal/ast/ast.go	NewNodeList	embedded-promoted-method
internal/transformers/estransforms/esdecorator.go	createGetAccessorDescriptorForwarder	internal/ast/ast_generated.go	NewBlock	embedded-promoted-method
internal/transformers/estransforms/esdecorator.go	createGetAccessorDescriptorForwarder	internal/ast/ast_generated.go	NewGetAccessorDeclaration	embedded-promoted-method
internal/transformers/estransforms/esdecorator.go	createGetAccessorDescriptorForwarder	internal/ast/ast_generated.go	NewIdentifier	embedded-promoted-method
internal/transformers/estransforms/esdecorator.go	createGetAccessorDescriptorForwarder	internal/ast/ast_generated.go	NewPropertyAccessExpression	embedded-promoted-method
internal/transformers/estransforms/esdecorator.go	createGetAccessorDescriptorForwarder	internal/ast/ast_generated.go	NewReturnStatement	embedded-promoted-method
internal/transformers/estransforms/esdecorator.go	createGetAccessorDescriptorForwarder	internal/printer/factory.go	NewFunctionCallCall	concrete-one-hop-receiver
internal/transformers/estransforms/esdecorator.go	createGetAccessorDescriptorForwarder	internal/printer/factory.go	NewThisExpression	concrete-one-hop-receiver
internal/transformers/estransforms/esdecorator.go	createGetAccessorDescriptorObject	internal/ast/ast.go	NewNodeList	embedded-promoted-method
internal/transformers/estransforms/esdecorator.go	createGetAccessorDescriptorObject	internal/ast/ast_generated.go	NewObjectLiteralExpression	embedded-promoted-method
internal/transformers/estransforms/esdecorator.go	createMetadata	internal/ast/ast.go	NewNodeList	embedded-promoted-method
internal/transformers/estransforms/esdecorator.go	createMetadata	internal/ast/ast_generated.go	NewCallExpression	embedded-promoted-method
internal/transformers/estransforms/esdecorator.go	createMetadata	internal/ast/ast_generated.go	NewConditionalExpression	embedded-promoted-method
internal/transformers/estransforms/esdecorator.go	createMetadata	internal/ast/ast_generated.go	NewIdentifier	embedded-promoted-method
internal/transformers/estransforms/esdecorator.go	createMetadata	internal/ast/ast_generated.go	NewPropertyAccessExpression	embedded-promoted-method
internal/transformers/estransforms/esdecorator.go	createMetadata	internal/ast/ast_generated.go	NewToken	embedded-promoted-method
internal/transformers/estransforms/esdecorator.go	createMetadata	internal/ast/ast_generated.go	NewVariableDeclaration	embedded-promoted-method
internal/transformers/estransforms/esdecorator.go	createMetadata	internal/ast/ast_generated.go	NewVariableDeclarationList	embedded-promoted-method
internal/transformers/estransforms/esdecorator.go	createMetadata	internal/ast/ast_generated.go	NewVariableStatement	embedded-promoted-method
internal/transformers/estransforms/esdecorator.go	createMetadata	internal/printer/factory.go	NewLogicalANDExpression	concrete-one-hop-receiver
internal/transformers/estransforms/esdecorator.go	createMetadata	internal/printer/factory.go	NewTypeCheck	concrete-one-hop-receiver
internal/transformers/estransforms/esdecorator.go	createMetadata	internal/printer/factory.go	NewVoidZeroExpression	concrete-one-hop-receiver
internal/transformers/estransforms/esdecorator.go	createMethodDescriptorForwarder	internal/ast/ast.go	NewNodeList	embedded-promoted-method
internal/transformers/estransforms/esdecorator.go	createMethodDescriptorForwarder	internal/ast/ast_generated.go	NewBlock	embedded-promoted-method
internal/transformers/estransforms/esdecorator.go	createMethodDescriptorForwarder	internal/ast/ast_generated.go	NewGetAccessorDeclaration	embedded-promoted-method
internal/transformers/estransforms/esdecorator.go	createMethodDescriptorForwarder	internal/ast/ast_generated.go	NewIdentifier	embedded-promoted-method
internal/transformers/estransforms/esdecorator.go	createMethodDescriptorForwarder	internal/ast/ast_generated.go	NewPropertyAccessExpression	embedded-promoted-method
internal/transformers/estransforms/esdecorator.go	createMethodDescriptorForwarder	internal/ast/ast_generated.go	NewReturnStatement	embedded-promoted-method
internal/transformers/estransforms/esdecorator.go	createMethodDescriptorObject	internal/ast/ast.go	NewNodeList	embedded-promoted-method
internal/transformers/estransforms/esdecorator.go	createMethodDescriptorObject	internal/ast/ast_generated.go	NewObjectLiteralExpression	embedded-promoted-method
internal/transformers/estransforms/esdecorator.go	createSetAccessorDescriptorForwarder	internal/ast/ast.go	NewNodeList	embedded-promoted-method
internal/transformers/estransforms/esdecorator.go	createSetAccessorDescriptorForwarder	internal/ast/ast_generated.go	NewBlock	embedded-promoted-method
internal/transformers/estransforms/esdecorator.go	createSetAccessorDescriptorForwarder	internal/ast/ast_generated.go	NewIdentifier	embedded-promoted-method
internal/transformers/estransforms/esdecorator.go	createSetAccessorDescriptorForwarder	internal/ast/ast_generated.go	NewParameterDeclaration	embedded-promoted-method
internal/transformers/estransforms/esdecorator.go	createSetAccessorDescriptorForwarder	internal/ast/ast_generated.go	NewPropertyAccessExpression	embedded-promoted-method
internal/transformers/estransforms/esdecorator.go	createSetAccessorDescriptorForwarder	internal/ast/ast_generated.go	NewReturnStatement	embedded-promoted-method
internal/transformers/estransforms/esdecorator.go	createSetAccessorDescriptorForwarder	internal/ast/ast_generated.go	NewSetAccessorDeclaration	embedded-promoted-method
internal/transformers/estransforms/esdecorator.go	createSetAccessorDescriptorForwarder	internal/printer/factory.go	NewFunctionCallCall	concrete-one-hop-receiver
internal/transformers/estransforms/esdecorator.go	createSetAccessorDescriptorForwarder	internal/printer/factory.go	NewThisExpression	concrete-one-hop-receiver
internal/transformers/estransforms/esdecorator.go	createSetAccessorDescriptorObject	internal/ast/ast.go	NewNodeList	embedded-promoted-method
internal/transformers/estransforms/esdecorator.go	createSetAccessorDescriptorObject	internal/ast/ast_generated.go	NewObjectLiteralExpression	embedded-promoted-method
internal/transformers/estransforms/esdecorator.go	createSymbolMetadata	internal/ast/ast.go	NewNodeList	embedded-promoted-method
internal/transformers/estransforms/esdecorator.go	createSymbolMetadata	internal/ast/ast_generated.go	NewCallExpression	embedded-promoted-method
internal/transformers/estransforms/esdecorator.go	createSymbolMetadata	internal/ast/ast_generated.go	NewExpressionStatement	embedded-promoted-method
internal/transformers/estransforms/esdecorator.go	createSymbolMetadata	internal/ast/ast_generated.go	NewIdentifier	embedded-promoted-method
internal/transformers/estransforms/esdecorator.go	createSymbolMetadata	internal/ast/ast_generated.go	NewIfStatement	embedded-promoted-method
internal/transformers/estransforms/esdecorator.go	createSymbolMetadata	internal/ast/ast_generated.go	NewObjectLiteralExpression	embedded-promoted-method
internal/transformers/estransforms/esdecorator.go	createSymbolMetadata	internal/ast/ast_generated.go	NewPropertyAccessExpression	embedded-promoted-method
internal/transformers/estransforms/esdecorator.go	createSymbolMetadata	internal/ast/ast_generated.go	NewPropertyAssignment	embedded-promoted-method
internal/transformers/estransforms/esdecorator.go	createSymbolMetadata	internal/printer/factory.go	NewTrueExpression	concrete-one-hop-receiver
internal/transformers/estransforms/esdecorator.go	createSymbolMetadataReference	internal/ast/ast_generated.go	NewBinaryExpression	embedded-promoted-method
internal/transformers/estransforms/esdecorator.go	createSymbolMetadataReference	internal/ast/ast_generated.go	NewElementAccessExpression	embedded-promoted-method
internal/transformers/estransforms/esdecorator.go	createSymbolMetadataReference	internal/ast/ast_generated.go	NewIdentifier	embedded-promoted-method
internal/transformers/estransforms/esdecorator.go	createSymbolMetadataReference	internal/ast/ast_generated.go	NewPropertyAccessExpression	embedded-promoted-method
internal/transformers/estransforms/esdecorator.go	createSymbolMetadataReference	internal/ast/ast_generated.go	NewToken	embedded-promoted-method
internal/transformers/estransforms/esdecorator.go	getHelperVariableName	internal/ast/ast.go	Text	alias-receiver
internal/transformers/estransforms/esdecorator.go	getHelperVariableName	internal/ast/utilities.go	IsStatic	package-qualified-call
internal/transformers/estransforms/esdecorator.go	newESDecoratorTransformer	internal/printer/emitcontext.go	NewNodeVisitor	concrete-one-hop-receiver
internal/transformers/estransforms/esdecorator.go	partialTransformClassElement	internal/ast/ast.go	NewNodeList	embedded-promoted-method
internal/transformers/estransforms/esdecorator.go	partialTransformClassElement	internal/ast/ast_generated.go	NewArrayLiteralExpression	embedded-promoted-method
internal/transformers/estransforms/esdecorator.go	partialTransformClassElement	internal/ast/ast_generated.go	NewExpressionStatement	embedded-promoted-method
internal/transformers/estransforms/esdecorator.go	partialTransformClassElement	internal/ast/ast_generated.go	NewToken	embedded-promoted-method
internal/transformers/estransforms/esdecorator.go	partialTransformClassElement	internal/ast/utilities.go	IsStatic	package-qualified-call
internal/transformers/estransforms/esdecorator.go	partialTransformClassElement	internal/printer/emitcontext.go	SetEmitFlags	concrete-one-hop-receiver
internal/transformers/estransforms/esdecorator.go	partialTransformClassElement	internal/printer/emitcontext.go	SetSourceMapRange	concrete-one-hop-receiver
internal/transformers/estransforms/esdecorator.go	partialTransformClassElement	internal/printer/factory.go	NewAssignmentExpression	concrete-one-hop-receiver
internal/transformers/estransforms/esdecorator.go	partialTransformClassElement	internal/printer/factory.go	NewESDecorateClassElementContextObject	concrete-one-hop-receiver
internal/transformers/estransforms/esdecorator.go	partialTransformClassElement	internal/printer/factory.go	NewESDecorateHelper	concrete-one-hop-receiver
internal/transformers/estransforms/esdecorator.go	partialTransformClassElement	internal/printer/factory.go	NewStringLiteralFromNode	concrete-one-hop-receiver
internal/transformers/estransforms/esdecorator.go	partialTransformClassElement	internal/printer/factory.go	NewThisExpression	concrete-one-hop-receiver
internal/transformers/estransforms/esdecorator.go	prepareConstructor	internal/ast/ast_generated.go	NewExpressionStatement	embedded-promoted-method
internal/transformers/estransforms/esdecorator.go	prepareConstructor	internal/printer/factory.go	InlineExpressions	concrete-one-hop-receiver
internal/transformers/estransforms/esdecorator.go	prependExpressions	internal/ast/ast_generated.go	AsParenthesizedExpression	alias-receiver
internal/transformers/estransforms/esdecorator.go	prependExpressions	internal/ast/ast_generated.go	UpdateParenthesizedExpression	embedded-promoted-method
internal/transformers/estransforms/esdecorator.go	prependExpressions	internal/printer/factory.go	InlineExpressions	concrete-one-hop-receiver
internal/transformers/estransforms/esdecorator.go	transformClassLike	internal/ast/ast.go	NewNodeList	embedded-promoted-method
internal/transformers/estransforms/esdecorator.go	transformClassLike	internal/ast/ast.go	SubtreeFacts	alias-receiver
internal/transformers/estransforms/esdecorator.go	transformClassLike	internal/ast/ast_generated.go	NewArrayLiteralExpression	embedded-promoted-method
internal/transformers/estransforms/esdecorator.go	transformClassLike	internal/ast/ast_generated.go	NewBlock	embedded-promoted-method
internal/transformers/estransforms/esdecorator.go	transformClassLike	internal/ast/ast_generated.go	NewCallExpression	embedded-promoted-method
internal/transformers/estransforms/esdecorator.go	transformClassLike	internal/ast/ast_generated.go	NewClassExpression	embedded-promoted-method
internal/transformers/estransforms/esdecorator.go	transformClassLike	internal/ast/ast_generated.go	NewClassStaticBlockDeclaration	embedded-promoted-method
internal/transformers/estransforms/esdecorator.go	transformClassLike	internal/ast/ast_generated.go	NewConstructorDeclaration	embedded-promoted-method
internal/transformers/estransforms/esdecorator.go	transformClassLike	internal/ast/ast_generated.go	NewExpressionStatement	embedded-promoted-method
internal/transformers/estransforms/esdecorator.go	transformClassLike	internal/ast/ast_generated.go	NewIdentifier	embedded-promoted-method
internal/transformers/estransforms/esdecorator.go	transformClassLike	internal/ast/ast_generated.go	NewKeywordExpression	embedded-promoted-method
internal/transformers/estransforms/esdecorator.go	transformClassLike	internal/ast/ast_generated.go	NewNumericLiteral	embedded-promoted-method
internal/transformers/estransforms/esdecorator.go	transformClassLike	internal/ast/ast_generated.go	NewObjectLiteralExpression	embedded-promoted-method
internal/transformers/estransforms/esdecorator.go	transformClassLike	internal/ast/ast_generated.go	NewPropertyAccessExpression	embedded-promoted-method
internal/transformers/estransforms/esdecorator.go	transformClassLike	internal/ast/ast_generated.go	NewPropertyAssignment	embedded-promoted-method
internal/transformers/estransforms/esdecorator.go	transformClassLike	internal/ast/ast_generated.go	NewReturnStatement	embedded-promoted-method
internal/transformers/estransforms/esdecorator.go	transformClassLike	internal/ast/ast_generated.go	NewSpreadElement	embedded-promoted-method
internal/transformers/estransforms/esdecorator.go	transformClassLike	internal/ast/ast_generated.go	NewStringLiteral	embedded-promoted-method
internal/transformers/estransforms/esdecorator.go	transformClassLike	internal/ast/ast_generated.go	NewToken	embedded-promoted-method
internal/transformers/estransforms/esdecorator.go	transformClassLike	internal/ast/ast_generated.go	NewVariableDeclaration	embedded-promoted-method
internal/transformers/estransforms/esdecorator.go	transformClassLike	internal/ast/ast_generated.go	NewVariableDeclarationList	embedded-promoted-method
internal/transformers/estransforms/esdecorator.go	transformClassLike	internal/ast/ast_generated.go	NewVariableStatement	embedded-promoted-method
internal/transformers/estransforms/esdecorator.go	transformClassLike	internal/ast/ast_generated.go	UpdateExpressionWithTypeArguments	embedded-promoted-method
internal/transformers/estransforms/esdecorator.go	transformClassLike	internal/ast/ast_generated.go	UpdateHeritageClause	embedded-promoted-method
internal/transformers/estransforms/esdecorator.go	transformClassLike	internal/printer/emitcontext.go	AddEmitFlags	concrete-one-hop-receiver
internal/transformers/estransforms/esdecorator.go	transformClassLike	internal/printer/emitcontext.go	EndVariableEnvironment	concrete-one-hop-receiver
internal/transformers/estransforms/esdecorator.go	transformClassLike	internal/printer/emitcontext.go	MergeEnvironment	concrete-one-hop-receiver
internal/transformers/estransforms/esdecorator.go	transformClassLike	internal/printer/emitcontext.go	SetEmitFlags	concrete-one-hop-receiver
internal/transformers/estransforms/esdecorator.go	transformClassLike	internal/printer/emitcontext.go	SetOriginal	concrete-one-hop-receiver
internal/transformers/estransforms/esdecorator.go	transformClassLike	internal/printer/emitcontext.go	SetSourceMapRange	concrete-one-hop-receiver
internal/transformers/estransforms/esdecorator.go	transformClassLike	internal/printer/emitcontext.go	SourceMapRange	concrete-one-hop-receiver
internal/transformers/estransforms/esdecorator.go	transformClassLike	internal/printer/emitcontext.go	StartVariableEnvironment	concrete-one-hop-receiver
internal/transformers/estransforms/esdecorator.go	transformClassLike	internal/printer/factory.go	GetLocalNameEx	concrete-one-hop-receiver
internal/transformers/estransforms/esdecorator.go	transformClassLike	internal/printer/factory.go	NewAssignmentExpression	concrete-one-hop-receiver
internal/transformers/estransforms/esdecorator.go	transformClassLike	internal/printer/factory.go	NewCommaExpression	concrete-one-hop-receiver
internal/transformers/estransforms/esdecorator.go	transformClassLike	internal/printer/factory.go	NewESDecorateClassContextObject	concrete-one-hop-receiver
internal/transformers/estransforms/esdecorator.go	transformClassLike	internal/printer/factory.go	NewESDecorateHelper	concrete-one-hop-receiver
internal/transformers/estransforms/esdecorator.go	transformClassLike	internal/printer/factory.go	NewImmediatelyInvokedArrowFunction	concrete-one-hop-receiver
internal/transformers/estransforms/esdecorator.go	transformClassLike	internal/printer/factory.go	NewRunInitializersHelper	concrete-one-hop-receiver
internal/transformers/estransforms/esdecorator.go	transformClassLike	internal/printer/factory.go	NewThisExpression	concrete-one-hop-receiver
internal/transformers/estransforms/esdecorator.go	transformClassLike	internal/printer/factory.go	NewUniqueNameEx	concrete-one-hop-receiver
internal/transformers/estransforms/esdecorator.go	visit	internal/ast/visitor.go	VisitEachChild	multi-hop-receiver
internal/transformers/estransforms/esdecorator.go	visitArrayAssignmentElement	internal/ast/visitor.go	VisitEachChild	multi-hop-receiver
internal/transformers/estransforms/esdecorator.go	visitAssignmentElement	internal/ast/ast_generated.go	UpdateBinaryExpression	embedded-promoted-method
internal/transformers/estransforms/esdecorator.go	visitAssignmentPattern	internal/ast/ast_generated.go	UpdateArrayLiteralExpression	embedded-promoted-method
internal/transformers/estransforms/esdecorator.go	visitAssignmentPattern	internal/ast/ast_generated.go	UpdateObjectLiteralExpression	embedded-promoted-method
internal/transformers/estransforms/esdecorator.go	visitAssignmentPropertyNode	internal/ast/ast_generated.go	UpdatePropertyAssignment	embedded-promoted-method
internal/transformers/estransforms/esdecorator.go	visitAssignmentPropertyNode	internal/ast/visitor.go	VisitEachChild	multi-hop-receiver
internal/transformers/estransforms/esdecorator.go	visitAssignmentRestElement	internal/ast/ast_generated.go	UpdateSpreadElement	embedded-promoted-method
internal/transformers/estransforms/esdecorator.go	visitAssignmentRestElement	internal/ast/visitor.go	VisitEachChild	multi-hop-receiver
internal/transformers/estransforms/esdecorator.go	visitAssignmentRestProperty	internal/ast/ast_generated.go	UpdateSpreadAssignment	embedded-promoted-method
internal/transformers/estransforms/esdecorator.go	visitAssignmentRestProperty	internal/ast/visitor.go	VisitEachChild	multi-hop-receiver
internal/transformers/estransforms/esdecorator.go	visitBinaryExpression	internal/ast/ast.go	AsNodeFactory	embedded-promoted-method
internal/transformers/estransforms/esdecorator.go	visitBinaryExpression	internal/ast/ast_generated.go	Name	multi-hop-receiver
internal/transformers/estransforms/esdecorator.go	visitBinaryExpression	internal/ast/ast_generated.go	NewToken	embedded-promoted-method
internal/transformers/estransforms/esdecorator.go	visitBinaryExpression	internal/ast/ast_generated.go	UpdateBinaryExpression	embedded-promoted-method
internal/transformers/estransforms/esdecorator.go	visitBinaryExpression	internal/ast/visitor.go	VisitEachChild	multi-hop-receiver
internal/transformers/estransforms/esdecorator.go	visitBinaryExpression	internal/printer/emitcontext.go	AddVariableDeclaration	concrete-one-hop-receiver
internal/transformers/estransforms/esdecorator.go	visitBinaryExpression	internal/printer/emitcontext.go	SetOriginal	concrete-one-hop-receiver
internal/transformers/estransforms/esdecorator.go	visitBinaryExpression	internal/printer/factory.go	NewAssignmentExpression	concrete-one-hop-receiver
internal/transformers/estransforms/esdecorator.go	visitBinaryExpression	internal/printer/factory.go	NewCommaExpression	concrete-one-hop-receiver
internal/transformers/estransforms/esdecorator.go	visitBinaryExpression	internal/printer/factory.go	NewReflectGetCall	concrete-one-hop-receiver
internal/transformers/estransforms/esdecorator.go	visitBinaryExpression	internal/printer/factory.go	NewReflectSetCall	concrete-one-hop-receiver
internal/transformers/estransforms/esdecorator.go	visitBinaryExpression	internal/printer/factory.go	NewStringLiteralFromNode	concrete-one-hop-receiver
internal/transformers/estransforms/esdecorator.go	visitBinaryExpression	internal/printer/factory.go	NewTempVariable	concrete-one-hop-receiver
internal/transformers/estransforms/esdecorator.go	visitCallExpression	internal/ast/visitor.go	VisitEachChild	multi-hop-receiver
internal/transformers/estransforms/esdecorator.go	visitClassDeclaration	internal/ast/ast.go	NewNodeList	embedded-promoted-method
internal/transformers/estransforms/esdecorator.go	visitClassDeclaration	internal/ast/ast_generated.go	NewStringLiteral	embedded-promoted-method
internal/transformers/estransforms/esdecorator.go	visitClassDeclaration	internal/ast/ast_generated.go	NewVariableDeclaration	embedded-promoted-method
internal/transformers/estransforms/esdecorator.go	visitClassDeclaration	internal/ast/ast_generated.go	NewVariableDeclarationList	embedded-promoted-method
internal/transformers/estransforms/esdecorator.go	visitClassDeclaration	internal/ast/ast_generated.go	NewVariableStatement	embedded-promoted-method
internal/transformers/estransforms/esdecorator.go	visitClassDeclaration	internal/printer/emitcontext.go	AssignCommentRange	concrete-one-hop-receiver
internal/transformers/estransforms/esdecorator.go	visitClassDeclaration	internal/printer/emitcontext.go	MostOriginal	concrete-one-hop-receiver
internal/transformers/estransforms/esdecorator.go	visitClassDeclaration	internal/printer/emitcontext.go	SetOriginal	concrete-one-hop-receiver
internal/transformers/estransforms/esdecorator.go	visitClassDeclaration	internal/printer/emitcontext.go	SetSourceMapRange	concrete-one-hop-receiver
internal/transformers/estransforms/esdecorator.go	visitClassDeclaration	internal/printer/factory.go	GetDeclarationName	concrete-one-hop-receiver
internal/transformers/estransforms/esdecorator.go	visitClassDeclaration	internal/printer/factory.go	GetLocalName	concrete-one-hop-receiver
internal/transformers/estransforms/esdecorator.go	visitClassDeclaration	internal/printer/factory.go	GetLocalNameEx	concrete-one-hop-receiver
internal/transformers/estransforms/esdecorator.go	visitClassDeclaration	internal/printer/factory.go	NewExportDefault	concrete-one-hop-receiver
internal/transformers/estransforms/esdecorator.go	visitClassDeclaration	internal/printer/factory.go	NewExternalModuleExport	concrete-one-hop-receiver
internal/transformers/estransforms/esdecorator.go	visitClassDeclaration	internal/printer/factory.go	NewStringLiteralFromNode	concrete-one-hop-receiver
internal/transformers/estransforms/esdecorator.go	visitClassExpression	internal/ast/ast.go	AsNode	embedded-promoted-method
internal/transformers/estransforms/esdecorator.go	visitClassStaticBlockDeclaration	internal/ast/ast.go	NewNodeList	embedded-promoted-method
internal/transformers/estransforms/esdecorator.go	visitClassStaticBlockDeclaration	internal/ast/ast_generated.go	NewBlock	embedded-promoted-method
internal/transformers/estransforms/esdecorator.go	visitClassStaticBlockDeclaration	internal/ast/ast_generated.go	NewClassStaticBlockDeclaration	embedded-promoted-method
internal/transformers/estransforms/esdecorator.go	visitClassStaticBlockDeclaration	internal/ast/ast_generated.go	NewExpressionStatement	embedded-promoted-method
internal/transformers/estransforms/esdecorator.go	visitClassStaticBlockDeclaration	internal/ast/visitor.go	VisitEachChild	multi-hop-receiver
internal/transformers/estransforms/esdecorator.go	visitClassStaticBlockDeclaration	internal/printer/emitcontext.go	EndVariableEnvironment	concrete-one-hop-receiver
internal/transformers/estransforms/esdecorator.go	visitClassStaticBlockDeclaration	internal/printer/emitcontext.go	StartVariableEnvironment	concrete-one-hop-receiver
internal/transformers/estransforms/esdecorator.go	visitDestructuringAssignmentTarget	internal/ast/visitor.go	VisitEachChild	multi-hop-receiver
internal/transformers/estransforms/esdecorator.go	visitDestructuringAssignmentTarget	internal/printer/emitcontext.go	SetOriginal	concrete-one-hop-receiver
internal/transformers/estransforms/esdecorator.go	visitDestructuringAssignmentTarget	internal/printer/factory.go	NewAssignmentTargetWrapper	concrete-one-hop-receiver
internal/transformers/estransforms/esdecorator.go	visitDestructuringAssignmentTarget	internal/printer/factory.go	NewReflectSetCall	concrete-one-hop-receiver
internal/transformers/estransforms/esdecorator.go	visitDestructuringAssignmentTarget	internal/printer/factory.go	NewStringLiteralFromNode	concrete-one-hop-receiver
internal/transformers/estransforms/esdecorator.go	visitDestructuringAssignmentTarget	internal/printer/factory.go	NewTempVariable	concrete-one-hop-receiver
internal/transformers/estransforms/esdecorator.go	visitElementAccessExpression	internal/ast/visitor.go	VisitEachChild	multi-hop-receiver
internal/transformers/estransforms/esdecorator.go	visitForStatement	internal/ast/ast_generated.go	UpdateForStatement	embedded-promoted-method
internal/transformers/estransforms/esdecorator.go	visitNamedEvaluationSite	internal/ast/visitor.go	VisitEachChild	multi-hop-receiver
internal/transformers/estransforms/esdecorator.go	visitObjectAssignmentElement	internal/ast/visitor.go	VisitEachChild	multi-hop-receiver
internal/transformers/estransforms/esdecorator.go	visitParenthesizedExpression	internal/ast/ast_generated.go	UpdateParenthesizedExpression	embedded-promoted-method
internal/transformers/estransforms/esdecorator.go	visitPreOrPostfixUnaryExpression	internal/ast/ast_generated.go	AsElementAccessExpression	alias-receiver
internal/transformers/estransforms/esdecorator.go	visitPreOrPostfixUnaryExpression	internal/ast/ast_generated.go	AsPropertyAccessExpression	alias-receiver
internal/transformers/estransforms/esdecorator.go	visitPreOrPostfixUnaryExpression	internal/ast/ast_generated.go	Name	multi-hop-receiver
internal/transformers/estransforms/esdecorator.go	visitPreOrPostfixUnaryExpression	internal/ast/visitor.go	VisitEachChild	multi-hop-receiver
internal/transformers/estransforms/esdecorator.go	visitPreOrPostfixUnaryExpression	internal/printer/emitcontext.go	AddVariableDeclaration	concrete-one-hop-receiver
internal/transformers/estransforms/esdecorator.go	visitPreOrPostfixUnaryExpression	internal/printer/emitcontext.go	SetOriginal	concrete-one-hop-receiver
internal/transformers/estransforms/esdecorator.go	visitPreOrPostfixUnaryExpression	internal/printer/factory.go	NewAssignmentExpression	concrete-one-hop-receiver
internal/transformers/estransforms/esdecorator.go	visitPreOrPostfixUnaryExpression	internal/printer/factory.go	NewCommaExpression	concrete-one-hop-receiver
internal/transformers/estransforms/esdecorator.go	visitPreOrPostfixUnaryExpression	internal/printer/factory.go	NewReflectGetCall	concrete-one-hop-receiver
internal/transformers/estransforms/esdecorator.go	visitPreOrPostfixUnaryExpression	internal/printer/factory.go	NewReflectSetCall	concrete-one-hop-receiver
internal/transformers/estransforms/esdecorator.go	visitPreOrPostfixUnaryExpression	internal/printer/factory.go	NewStringLiteralFromNode	concrete-one-hop-receiver
internal/transformers/estransforms/esdecorator.go	visitPreOrPostfixUnaryExpression	internal/printer/factory.go	NewTempVariable	concrete-one-hop-receiver
internal/transformers/estransforms/esdecorator.go	visitPropertyAccessExpression	internal/ast/visitor.go	VisitEachChild	multi-hop-receiver
internal/transformers/estransforms/esdecorator.go	visitPropertyDeclaration	internal/ast/ast.go	Expression	alias-receiver
internal/transformers/estransforms/esdecorator.go	visitPropertyDeclaration	internal/ast/ast_generated.go	AsComputedPropertyName	alias-receiver
internal/transformers/estransforms/esdecorator.go	visitPropertyDeclaration	internal/ast/ast_generated.go	NewReturnStatement	embedded-promoted-method
internal/transformers/estransforms/esdecorator.go	visitPropertyDeclaration	internal/ast/ast_generated.go	UpdateComputedPropertyName	embedded-promoted-method
internal/transformers/estransforms/esdecorator.go	visitPropertyDeclaration	internal/ast/ast_generated.go	UpdatePropertyDeclaration	embedded-promoted-method
internal/transformers/estransforms/esdecorator.go	visitPropertyDeclaration	internal/ast/utilities.go	IsStatic	package-qualified-call
internal/transformers/estransforms/esdecorator.go	visitPropertyDeclaration	internal/printer/emitcontext.go	AddVariableDeclaration	concrete-one-hop-receiver
internal/transformers/estransforms/esdecorator.go	visitPropertyDeclaration	internal/printer/emitcontext.go	CommentRange	concrete-one-hop-receiver
internal/transformers/estransforms/esdecorator.go	visitPropertyDeclaration	internal/printer/emitcontext.go	EndVariableEnvironment	concrete-one-hop-receiver
internal/transformers/estransforms/esdecorator.go	visitPropertyDeclaration	internal/printer/emitcontext.go	SetCommentRange	concrete-one-hop-receiver
internal/transformers/estransforms/esdecorator.go	visitPropertyDeclaration	internal/printer/emitcontext.go	SetEmitFlags	concrete-one-hop-receiver
internal/transformers/estransforms/esdecorator.go	visitPropertyDeclaration	internal/printer/emitcontext.go	SetOriginal	concrete-one-hop-receiver
internal/transformers/estransforms/esdecorator.go	visitPropertyDeclaration	internal/printer/emitcontext.go	SetSourceMapRange	concrete-one-hop-receiver
internal/transformers/estransforms/esdecorator.go	visitPropertyDeclaration	internal/printer/emitcontext.go	SourceMapRange	concrete-one-hop-receiver
internal/transformers/estransforms/esdecorator.go	visitPropertyDeclaration	internal/printer/emitcontext.go	StartVariableEnvironment	concrete-one-hop-receiver
internal/transformers/estransforms/esdecorator.go	visitPropertyDeclaration	internal/printer/factory.go	NewAssignmentExpression	concrete-one-hop-receiver
internal/transformers/estransforms/esdecorator.go	visitPropertyDeclaration	internal/printer/factory.go	NewImmediatelyInvokedArrowFunction	concrete-one-hop-receiver
internal/transformers/estransforms/esdecorator.go	visitPropertyDeclaration	internal/printer/factory.go	NewRunInitializersHelper	concrete-one-hop-receiver
internal/transformers/estransforms/esdecorator.go	visitPropertyDeclaration	internal/printer/factory.go	NewTempVariable	concrete-one-hop-receiver
internal/transformers/estransforms/esdecorator.go	visitPropertyDeclaration	internal/printer/factory.go	NewThisExpression	concrete-one-hop-receiver
internal/transformers/estransforms/esdecorator.go	visitPropertyDeclaration	internal/printer/factory.go	NewVoidZeroExpression	concrete-one-hop-receiver
internal/transformers/estransforms/esdecorator.go	visitShorthandAssignmentProperty	internal/ast/visitor.go	VisitEachChild	multi-hop-receiver
internal/transformers/estransforms/esdecorator.go	visitSourceFile	internal/ast/visitor.go	VisitEachChild	multi-hop-receiver
internal/transformers/estransforms/esdecorator.go	visitTaggedTemplateExpression	internal/ast/visitor.go	VisitEachChild	multi-hop-receiver
internal/transformers/estransforms/exponentiation.go	visit	internal/ast/visitor.go	VisitEachChild	multi-hop-receiver
internal/transformers/estransforms/exponentiation.go	visitBinaryExpression	internal/ast/visitor.go	VisitEachChild	multi-hop-receiver
internal/transformers/estransforms/forawait.go	convertForOfStatementHead	internal/ast/ast.go	NewNodeList	embedded-promoted-method
internal/transformers/estransforms/forawait.go	convertForOfStatementHead	internal/ast/ast.go	StatementList	alias-receiver
internal/transformers/estransforms/forawait.go	convertForOfStatementHead	internal/ast/ast.go	Statements	alias-receiver
internal/transformers/estransforms/forawait.go	convertForOfStatementHead	internal/ast/ast_generated.go	NewBlock	embedded-promoted-method
internal/transformers/estransforms/forawait.go	convertForOfStatementHead	internal/ast/ast_generated.go	NewExpressionStatement	embedded-promoted-method
internal/transformers/estransforms/forawait.go	convertForOfStatementHead	internal/ast/ast_generated.go	NewKeywordExpression	embedded-promoted-method
internal/transformers/estransforms/forawait.go	convertForOfStatementHead	internal/ast/visitor.go	VisitEmbeddedStatement	multi-hop-receiver
internal/transformers/estransforms/forawait.go	convertForOfStatementHead	internal/printer/factory.go	NewAssignmentExpression	concrete-one-hop-receiver
internal/transformers/estransforms/forawait.go	convertForOfStatementHead	internal/printer/factory.go	NewTempVariable	concrete-one-hop-receiver
internal/transformers/estransforms/forawait.go	newforawaitTransformer	internal/printer/emitcontext.go	NewNodeVisitor	multi-hop-receiver
internal/transformers/estransforms/forawait.go	transformAsyncGeneratorFunctionBody	internal/ast/ast.go	NewNodeList	embedded-promoted-method
internal/transformers/estransforms/forawait.go	transformAsyncGeneratorFunctionBody	internal/ast/ast_generated.go	NewFunctionExpression	embedded-promoted-method
internal/transformers/estransforms/forawait.go	transformAsyncGeneratorFunctionBody	internal/ast/ast_generated.go	NewReturnStatement	embedded-promoted-method
internal/transformers/estransforms/forawait.go	transformAsyncGeneratorFunctionBody	internal/ast/ast_generated.go	NewToken	embedded-promoted-method
internal/transformers/estransforms/forawait.go	transformAsyncGeneratorFunctionBody	internal/ast/ast_generated.go	UpdateBlock	embedded-promoted-method
internal/transformers/estransforms/forawait.go	transformAsyncGeneratorFunctionBody	internal/printer/factory.go	NewAsyncGeneratorHelper	concrete-one-hop-receiver
internal/transformers/estransforms/forawait.go	transformAsyncGeneratorFunctionBody	internal/printer/factory.go	NewGeneratedNameForNode	concrete-one-hop-receiver
internal/transformers/estransforms/forawait.go	transformAsyncGeneratorFunctionBody	internal/printer/factory.go	NewUniqueNameEx	concrete-one-hop-receiver
internal/transformers/estransforms/forawait.go	transformForAwaitOfStatement	internal/ast/ast.go	NewNodeList	embedded-promoted-method
internal/transformers/estransforms/forawait.go	transformForAwaitOfStatement	internal/ast/ast_generated.go	NewBinaryExpression	embedded-promoted-method
internal/transformers/estransforms/forawait.go	transformForAwaitOfStatement	internal/ast/ast_generated.go	NewBlock	embedded-promoted-method
internal/transformers/estransforms/forawait.go	transformForAwaitOfStatement	internal/ast/ast_generated.go	NewCallExpression	embedded-promoted-method
internal/transformers/estransforms/forawait.go	transformForAwaitOfStatement	internal/ast/ast_generated.go	NewCatchClause	embedded-promoted-method
internal/transformers/estransforms/forawait.go	transformForAwaitOfStatement	internal/ast/ast_generated.go	NewExpressionStatement	embedded-promoted-method
internal/transformers/estransforms/forawait.go	transformForAwaitOfStatement	internal/ast/ast_generated.go	NewForStatement	embedded-promoted-method
internal/transformers/estransforms/forawait.go	transformForAwaitOfStatement	internal/ast/ast_generated.go	NewIdentifier	embedded-promoted-method
internal/transformers/estransforms/forawait.go	transformForAwaitOfStatement	internal/ast/ast_generated.go	NewIfStatement	embedded-promoted-method
internal/transformers/estransforms/forawait.go	transformForAwaitOfStatement	internal/ast/ast_generated.go	NewKeywordExpression	embedded-promoted-method
internal/transformers/estransforms/forawait.go	transformForAwaitOfStatement	internal/ast/ast_generated.go	NewObjectLiteralExpression	embedded-promoted-method
internal/transformers/estransforms/forawait.go	transformForAwaitOfStatement	internal/ast/ast_generated.go	NewPrefixUnaryExpression	embedded-promoted-method
internal/transformers/estransforms/forawait.go	transformForAwaitOfStatement	internal/ast/ast_generated.go	NewPropertyAccessExpression	embedded-promoted-method
internal/transformers/estransforms/forawait.go	transformForAwaitOfStatement	internal/ast/ast_generated.go	NewPropertyAssignment	embedded-promoted-method
internal/transformers/estransforms/forawait.go	transformForAwaitOfStatement	internal/ast/ast_generated.go	NewThrowStatement	embedded-promoted-method
internal/transformers/estransforms/forawait.go	transformForAwaitOfStatement	internal/ast/ast_generated.go	NewToken	embedded-promoted-method
internal/transformers/estransforms/forawait.go	transformForAwaitOfStatement	internal/ast/ast_generated.go	NewTryStatement	embedded-promoted-method
internal/transformers/estransforms/forawait.go	transformForAwaitOfStatement	internal/ast/ast_generated.go	NewVariableDeclaration	embedded-promoted-method
internal/transformers/estransforms/forawait.go	transformForAwaitOfStatement	internal/ast/ast_generated.go	NewVariableDeclarationList	embedded-promoted-method
internal/transformers/estransforms/forawait.go	transformForAwaitOfStatement	internal/printer/factory.go	InlineExpressions	concrete-one-hop-receiver
internal/transformers/estransforms/forawait.go	transformForAwaitOfStatement	internal/printer/factory.go	NewAssignmentExpression	concrete-one-hop-receiver
internal/transformers/estransforms/forawait.go	transformForAwaitOfStatement	internal/printer/factory.go	NewAsyncValuesHelper	concrete-one-hop-receiver
internal/transformers/estransforms/forawait.go	transformForAwaitOfStatement	internal/printer/factory.go	NewFunctionCallCall	concrete-one-hop-receiver
internal/transformers/estransforms/forawait.go	transformForAwaitOfStatement	internal/printer/factory.go	NewGeneratedNameForNode	concrete-one-hop-receiver
internal/transformers/estransforms/forawait.go	transformForAwaitOfStatement	internal/printer/factory.go	NewTempVariable	concrete-one-hop-receiver
internal/transformers/estransforms/forawait.go	transformForAwaitOfStatement	internal/printer/factory.go	NewUniqueName	concrete-one-hop-receiver
internal/transformers/estransforms/forawait.go	transformForAwaitOfStatement	internal/printer/factory.go	NewVoidZeroExpression	concrete-one-hop-receiver
internal/transformers/estransforms/forawait.go	transformForAwaitOfStatement	internal/printer/factory.go	RestoreEnclosingLabel	concrete-one-hop-receiver
internal/transformers/estransforms/forawait.go	visit	internal/ast/visitor.go	VisitEachChild	multi-hop-receiver
internal/transformers/estransforms/forawait.go	visitAwaitExpression	internal/ast/visitor.go	VisitEachChild	multi-hop-receiver
internal/transformers/estransforms/forawait.go	visitDefault	internal/ast/visitor.go	VisitEachChild	multi-hop-receiver
internal/transformers/estransforms/forawait.go	visitForOfStatement	internal/ast/visitor.go	VisitEachChild	multi-hop-receiver
internal/transformers/estransforms/forawait.go	visitLabeledStatement	internal/ast/visitor.go	VisitEachChild	multi-hop-receiver
internal/transformers/estransforms/forawait.go	visitReturnStatement	internal/ast/visitor.go	VisitEachChild	multi-hop-receiver
internal/transformers/estransforms/forawait.go	visitSourceFile	internal/ast/visitor.go	VisitEachChild	multi-hop-receiver
internal/transformers/estransforms/forawait.go	visitYieldExpression	internal/ast/visitor.go	VisitEachChild	multi-hop-receiver
internal/transformers/estransforms/logicalassignment.go	visit	internal/ast/visitor.go	VisitEachChild	multi-hop-receiver
internal/transformers/estransforms/logicalassignment.go	visitBinaryExpression	internal/ast/ast.go	Expression	alias-receiver
internal/transformers/estransforms/logicalassignment.go	visitBinaryExpression	internal/ast/ast.go	Name	alias-receiver
internal/transformers/estransforms/logicalassignment.go	visitBinaryExpression	internal/ast/ast_generated.go	AsElementAccessExpression	alias-receiver
internal/transformers/estransforms/logicalassignment.go	visitBinaryExpression	internal/ast/visitor.go	VisitEachChild	multi-hop-receiver
internal/transformers/estransforms/namedevaluation.go	classHasDeclaredOrExplicitlyAssignedName	internal/ast/ast.go	Name	alias-receiver
internal/transformers/estransforms/namedevaluation.go	classHasExplicitlyAssignedName	internal/ast/ast.go	Members	alias-receiver
internal/transformers/estransforms/namedevaluation.go	finishTransformNamedEvaluation	internal/ast/ast.go	Text	alias-receiver
internal/transformers/estransforms/namedevaluation.go	getAssignedNameOfIdentifier	internal/ast/ast.go	Name	concrete-one-hop-receiver
internal/transformers/estransforms/namedevaluation.go	getAssignedNameOfPropertyName	internal/ast/ast.go	Expression	alias-receiver
internal/transformers/estransforms/namedevaluation.go	getAssignedNameOfPropertyName	internal/ast/ast_generated.go	AsComputedPropertyName	alias-receiver
internal/transformers/estransforms/namedevaluation.go	injectClassNamedEvaluationHelperBlockIfMissing	internal/ast/ast.go	MemberList	alias-receiver
internal/transformers/estransforms/namedevaluation.go	injectClassNamedEvaluationHelperBlockIfMissing	internal/ast/ast.go	Members	alias-receiver
internal/transformers/estransforms/namedevaluation.go	injectClassNamedEvaluationHelperBlockIfMissing	internal/ast/ast.go	Modifiers	alias-receiver
internal/transformers/estransforms/namedevaluation.go	injectClassNamedEvaluationHelperBlockIfMissing	internal/ast/ast.go	Name	alias-receiver
internal/transformers/estransforms/namedevaluation.go	injectClassNamedEvaluationHelperBlockIfMissing	internal/ast/ast.go	TypeParameterList	alias-receiver
internal/transformers/estransforms/namedevaluation.go	injectClassNamedEvaluationHelperBlockIfMissing	internal/ast/ast_generated.go	AsClassDeclaration	alias-receiver
internal/transformers/estransforms/namedevaluation.go	injectClassNamedEvaluationHelperBlockIfMissing	internal/ast/ast_generated.go	AsClassExpression	alias-receiver
internal/transformers/estransforms/namedevaluation.go	isAnonymousFunctionDefinition	internal/ast/ast_generated.go	AsFunctionExpression	alias-receiver
internal/transformers/estransforms/namedevaluation.go	isAnonymousFunctionDefinition	internal/ast/ast_generated.go	Name	multi-hop-receiver
internal/transformers/estransforms/namedevaluation.go	isClassNamedEvaluationHelperBlock	internal/ast/ast.go	Expression	concrete-one-hop-receiver
internal/transformers/estransforms/namedevaluation.go	isClassNamedEvaluationHelperBlock	internal/ast/ast_generated.go	AsCallExpression	concrete-one-hop-receiver
internal/transformers/estransforms/nullishcoalescing.go	visit	internal/ast/visitor.go	VisitEachChild	multi-hop-receiver
internal/transformers/estransforms/nullishcoalescing.go	visitBinaryExpression	internal/ast/visitor.go	VisitEachChild	multi-hop-receiver
internal/transformers/estransforms/objectrestspread.go	chunkObjectLiteralElements	internal/ast/ast.go	Expression	concrete-one-hop-receiver
internal/transformers/estransforms/objectrestspread.go	chunkObjectLiteralElements	internal/ast/ast.go	Name	concrete-one-hop-receiver
internal/transformers/estransforms/objectrestspread.go	collectObjectRestAssignments	internal/ast/ast.go	Clone	alias-receiver
internal/transformers/estransforms/objectrestspread.go	collectObjectRestAssignments	internal/ast/ast.go	Elements	alias-receiver
internal/transformers/estransforms/objectrestspread.go	collectObjectRestAssignments	internal/ast/ast.go	Name	alias-receiver
internal/transformers/estransforms/objectrestspread.go	collectObjectRestAssignments	internal/ast/ast.go	SubtreeFacts	alias-receiver
internal/transformers/estransforms/objectrestspread.go	collectObjectRestAssignments	internal/ast/ast_generated.go	AsSyntaxList	concrete-one-hop-receiver
internal/transformers/estransforms/objectrestspread.go	collectParametersWithPrecedingObjectRestOrSpread	internal/ast/ast.go	SubtreeFacts	alias-receiver
internal/transformers/estransforms/objectrestspread.go	transformFunctionBody	internal/printer/emitcontext.go	EmitFlags	multi-hop-receiver
internal/transformers/estransforms/objectrestspread.go	visit	internal/ast/visitor.go	VisitEachChild	multi-hop-receiver
internal/transformers/estransforms/objectrestspread.go	visitBinaryExpression	internal/ast/visitor.go	VisitEachChild	multi-hop-receiver
internal/transformers/estransforms/objectrestspread.go	visitCatchClause	internal/ast/ast.go	Name	alias-receiver
internal/transformers/estransforms/objectrestspread.go	visitCatchClause	internal/ast/ast.go	SubtreeFacts	alias-receiver
internal/transformers/estransforms/objectrestspread.go	visitCatchClause	internal/ast/ast_generated.go	AsSyntaxList	concrete-one-hop-receiver
internal/transformers/estransforms/objectrestspread.go	visitCatchClause	internal/ast/visitor.go	VisitEachChild	multi-hop-receiver
internal/transformers/estransforms/objectrestspread.go	visitForOftatement	internal/ast/ast.go	StatementList	alias-receiver
internal/transformers/estransforms/objectrestspread.go	visitForOftatement	internal/ast/ast.go	SubtreeFacts	alias-receiver
internal/transformers/estransforms/objectrestspread.go	visitForOftatement	internal/ast/visitor.go	VisitEachChild	multi-hop-receiver
internal/transformers/estransforms/objectrestspread.go	visitFunctionExpression	internal/ast/ast.go	AsNode	embedded-promoted-method
internal/transformers/estransforms/objectrestspread.go	visitObjectLiteralExpression	internal/ast/ast.go	AsNode	embedded-promoted-method
internal/transformers/estransforms/objectrestspread.go	visitObjectLiteralExpression	internal/ast/ast.go	SubtreeFacts	embedded-promoted-method
internal/transformers/estransforms/objectrestspread.go	visitObjectLiteralExpression	internal/ast/visitor.go	VisitEachChild	multi-hop-receiver
internal/transformers/estransforms/objectrestspread.go	visitParameter	internal/ast/visitor.go	VisitEachChild	multi-hop-receiver
internal/transformers/estransforms/objectrestspread.go	visitSourceFile	internal/ast/visitor.go	VisitEachChild	multi-hop-receiver
internal/transformers/estransforms/objectrestspread.go	visitVariableDeclarationWorker	internal/ast/visitor.go	VisitEachChild	multi-hop-receiver
internal/transformers/estransforms/objectrestspread.go	visitVariableStatement	internal/ast/visitor.go	VisitEachChild	multi-hop-receiver
internal/transformers/estransforms/optionalcatch.go	visit	internal/ast/visitor.go	VisitEachChild	multi-hop-receiver
internal/transformers/estransforms/optionalcatch.go	visitCatchClause	internal/ast/visitor.go	VisitEachChild	multi-hop-receiver
internal/transformers/estransforms/optionalchain.go	visit	internal/ast/visitor.go	VisitEachChild	multi-hop-receiver
internal/transformers/estransforms/optionalchain.go	visitCallExpression	internal/ast/ast.go	AsNode	embedded-promoted-method
internal/transformers/estransforms/optionalchain.go	visitCallExpression	internal/ast/visitor.go	VisitEachChild	multi-hop-receiver
internal/transformers/estransforms/optionalchain.go	visitDeleteExpression	internal/ast/visitor.go	VisitEachChild	multi-hop-receiver
internal/transformers/estransforms/optionalchain.go	visitNonOptionalExpression	internal/ast/ast.go	AsNode	alias-receiver
internal/transformers/estransforms/optionalchain.go	visitNonOptionalExpression	internal/ast/ast_generated.go	AsCallExpression	alias-receiver
internal/transformers/estransforms/optionalchain.go	visitNonOptionalExpression	internal/ast/ast_generated.go	AsParenthesizedExpression	alias-receiver
internal/transformers/estransforms/optionalchain.go	visitOptionalExpression	internal/ast/ast.go	ArgumentList	concrete-one-hop-receiver
internal/transformers/estransforms/optionalchain.go	visitOptionalExpression	internal/ast/ast.go	Clone	alias-receiver
internal/transformers/estransforms/optionalchain.go	visitOptionalExpression	internal/ast/ast_generated.go	AsSyntheticReferenceExpression	alias-receiver
internal/transformers/estransforms/optionalchain.go	visitOptionalExpression	internal/ast/ast_generated.go	Name	multi-hop-receiver
internal/transformers/estransforms/optionalchain.go	visitParenthesizedExpression	internal/ast/ast.go	AsNode	embedded-promoted-method
internal/transformers/estransforms/optionalchain.go	visitParenthesizedExpression	internal/ast/ast_generated.go	AsSyntheticReferenceExpression	alias-receiver
internal/transformers/estransforms/optionalchain.go	visitPropertyOrElementAccessExpression	internal/ast/ast.go	AsNode	alias-receiver
internal/transformers/estransforms/optionalchain.go	visitPropertyOrElementAccessExpression	internal/ast/ast.go	Expression	alias-receiver
internal/transformers/estransforms/optionalchain.go	visitPropertyOrElementAccessExpression	internal/ast/ast_generated.go	AsElementAccessExpression	embedded-promoted-method
internal/transformers/estransforms/optionalchain.go	visitPropertyOrElementAccessExpression	internal/ast/ast_generated.go	AsPropertyAccessExpression	alias-receiver
internal/transformers/estransforms/optionalchain.go	visitPropertyOrElementAccessExpression	internal/ast/ast_generated.go	Name	concrete-one-hop-receiver
internal/transformers/estransforms/taggedtemplate.go	processTaggedTemplateExpression	internal/ast/ast.go	AsNode	embedded-promoted-method
internal/transformers/estransforms/taggedtemplate.go	processTaggedTemplateExpression	internal/ast/ast.go	NewNodeList	embedded-promoted-method
internal/transformers/estransforms/taggedtemplate.go	processTaggedTemplateExpression	internal/ast/ast_generated.go	NewArrayLiteralExpression	embedded-promoted-method
internal/transformers/estransforms/taggedtemplate.go	processTaggedTemplateExpression	internal/ast/ast_generated.go	NewCallExpression	embedded-promoted-method
internal/transformers/estransforms/taggedtemplate.go	processTaggedTemplateExpression	internal/ast/ast_generated.go	NewVariableDeclaration	embedded-promoted-method
internal/transformers/estransforms/taggedtemplate.go	processTaggedTemplateExpression	internal/ast/utilities.go	IsExternalModule	package-qualified-call
internal/transformers/estransforms/taggedtemplate.go	processTaggedTemplateExpression	internal/ast/visitor.go	VisitEachChild	multi-hop-receiver
internal/transformers/estransforms/taggedtemplate.go	processTaggedTemplateExpression	internal/printer/factory.go	NewAssignmentExpression	concrete-one-hop-receiver
internal/transformers/estransforms/taggedtemplate.go	processTaggedTemplateExpression	internal/printer/factory.go	NewLogicalORExpression	concrete-one-hop-receiver
internal/transformers/estransforms/taggedtemplate.go	processTaggedTemplateExpression	internal/printer/factory.go	NewTemplateObjectHelper	concrete-one-hop-receiver
internal/transformers/estransforms/taggedtemplate.go	processTaggedTemplateExpression	internal/printer/factory.go	NewUniqueName	concrete-one-hop-receiver
internal/transformers/estransforms/taggedtemplate.go	visit	internal/ast/visitor.go	VisitEachChild	multi-hop-receiver
internal/transformers/estransforms/taggedtemplate.go	visitSourceFile	internal/ast/ast_generated.go	AsSourceFile	concrete-one-hop-receiver
internal/transformers/estransforms/taggedtemplate.go	visitSourceFile	internal/ast/visitor.go	VisitEachChild	multi-hop-receiver
internal/transformers/estransforms/usestrict.go	visitSourceFile	internal/ast/utilities.go	IsExternalModule	package-qualified-call
internal/transformers/estransforms/using.go	hoistBindingElement	internal/ast/ast.go	Elements	alias-receiver
internal/transformers/estransforms/using.go	hoistBindingIdentifier	internal/ast/ast.go	Clone	alias-receiver
internal/transformers/estransforms/using.go	hoistBindingIdentifier	internal/ast/ast.go	Text	alias-receiver
internal/transformers/estransforms/using.go	hoistClassDeclaration	internal/printer/factory.go	GetDeclarationName	multi-hop-receiver
internal/transformers/estransforms/using.go	hoistInitializedVariable	internal/ast/ast.go	Clone	alias-receiver
internal/transformers/estransforms/using.go	hoistInitializedVariable	internal/printer/emitcontext.go	EmitFlags	multi-hop-receiver
internal/transformers/estransforms/using.go	isUsingVariableDeclarationList	internal/ast/ast_generated.go	AsVariableDeclarationList	alias-receiver
internal/transformers/estransforms/using.go	transformUsingDeclarations	internal/ast/ast.go	Name	concrete-one-hop-receiver
internal/transformers/estransforms/using.go	transformUsingDeclarations	internal/ast/ast_generated.go	AsVariableStatement	alias-receiver
internal/transformers/estransforms/using.go	visit	internal/ast/visitor.go	VisitEachChild	multi-hop-receiver
internal/transformers/estransforms/using.go	visitBlock	internal/ast/visitor.go	VisitEachChild	multi-hop-receiver
internal/transformers/estransforms/using.go	visitForOfStatement	internal/ast/ast.go	Name	concrete-one-hop-receiver
internal/transformers/estransforms/using.go	visitForOfStatement	internal/ast/ast_generated.go	AsVariableDeclaration	concrete-one-hop-receiver
internal/transformers/estransforms/using.go	visitForOfStatement	internal/ast/visitor.go	VisitEachChild	multi-hop-receiver
internal/transformers/estransforms/using.go	visitForStatement	internal/ast/visitor.go	VisitEachChild	multi-hop-receiver
internal/transformers/estransforms/using.go	visitSourceFile	internal/ast/visitor.go	VisitEachChild	multi-hop-receiver
internal/transformers/estransforms/utilities.go	substituteCallExpressionWithSuperAccess	internal/ast/ast.go	AsNode	embedded-promoted-method
internal/transformers/estransforms/utilities.go	substituteCallExpressionWithSuperAccess	internal/ast/ast_generated.go	Name	multi-hop-receiver
internal/transformers/estransforms/utilities.go	trackSuperAccess	internal/ast/ast.go	Text	alias-receiver
internal/transformers/estransforms/utilities.go	trackSuperAccess	internal/transformers/estransforms/async.go	isUpdateExpression	package-level-call
internal/transformers/inliners/constenum.go	visit	internal/ast/visitor.go	VisitEachChild	multi-hop-receiver
internal/transformers/inliners/constenum.go	visit	internal/jsnum/string.go	String	multi-hop-receiver
internal/transformers/jsxtransforms/jsx.go	convertJsxChildrenToChildrenPropAssignment	internal/printer/emitcontext.go	EmitFlags	multi-hop-receiver
internal/transformers/jsxtransforms/jsx.go	getAttributeName	internal/ast/ast.go	Text	alias-receiver
internal/transformers/jsxtransforms/jsx.go	getAttributeName	internal/ast/ast_generated.go	AsJsxNamespacedName	alias-receiver
internal/transformers/jsxtransforms/jsx.go	getImplicitImportForName	internal/ast/ast_generated.go	Name	multi-hop-receiver
internal/transformers/jsxtransforms/jsx.go	getTagName	internal/ast/kind_stringer_generated.go	String	multi-hop-receiver
internal/transformers/jsxtransforms/jsx.go	hasKeyAfterPropsSpread	internal/ast/ast.go	Expression	concrete-one-hop-receiver
internal/transformers/jsxtransforms/jsx.go	hasKeyAfterPropsSpread	internal/ast/ast.go	Name	concrete-one-hop-receiver
internal/transformers/jsxtransforms/jsx.go	hasKeyAfterPropsSpread	internal/ast/ast.go	Text	alias-receiver
internal/transformers/jsxtransforms/jsx.go	hasProto	internal/ast/ast.go	Name	concrete-one-hop-receiver
internal/transformers/jsxtransforms/jsx.go	hasProto	internal/ast/ast.go	Text	alias-receiver
internal/transformers/jsxtransforms/jsx.go	isAnyPrologueDirective	internal/printer/emitcontext.go	EmitFlags	multi-hop-receiver
internal/transformers/jsxtransforms/jsx.go	transformJsxAttributeInitializer	internal/ast/kind_stringer_generated.go	String	multi-hop-receiver
internal/transformers/jsxtransforms/jsx.go	transformJsxSpreadAttributesToProps	internal/ast/ast.go	Properties	alias-receiver
internal/transformers/jsxtransforms/jsx.go	visit	internal/ast/visitor.go	VisitEachChild	multi-hop-receiver
internal/transformers/jsxtransforms/jsx.go	visitJsxElement	internal/ast/ast.go	AsNode	embedded-promoted-method
internal/transformers/jsxtransforms/jsx.go	visitJsxElement	internal/ast/ast.go	End	embedded-promoted-method
internal/transformers/jsxtransforms/jsx.go	visitJsxElement	internal/ast/ast.go	Pos	embedded-promoted-method
internal/transformers/jsxtransforms/jsx.go	visitJsxFragment	internal/ast/ast.go	End	embedded-promoted-method
internal/transformers/jsxtransforms/jsx.go	visitJsxFragment	internal/ast/ast.go	Pos	embedded-promoted-method
internal/transformers/jsxtransforms/jsx.go	visitJsxOpeningLikeElementJSX	internal/ast/ast.go	Text	alias-receiver
internal/transformers/jsxtransforms/jsx.go	visitJsxOpeningLikeElementJSX	internal/ast/ast_generated.go	Name	multi-hop-receiver
internal/transformers/jsxtransforms/jsx.go	visitJsxOpeningLikeElementOrFragmentJSX	internal/ast/ast_generated.go	AsSourceFile	concrete-one-hop-receiver
internal/transformers/jsxtransforms/jsx.go	visitJsxSelfClosingElement	internal/ast/ast.go	AsNode	embedded-promoted-method
internal/transformers/jsxtransforms/jsx.go	visitJsxSelfClosingElement	internal/ast/ast.go	End	embedded-promoted-method
internal/transformers/jsxtransforms/jsx.go	visitJsxSelfClosingElement	internal/ast/ast.go	Pos	embedded-promoted-method
internal/transformers/jsxtransforms/jsx.go	visitSourceFile	internal/ast/ast.go	Statements	concrete-one-hop-receiver
internal/transformers/jsxtransforms/jsx.go	visitSourceFile	internal/ast/utilities.go	IsExternalModule	package-qualified-call
internal/transformers/jsxtransforms/jsx.go	visitSourceFile	internal/ast/visitor.go	VisitEachChild	multi-hop-receiver
internal/transformers/moduletransforms/commonjsmodule.go	NewCommonJSModuleTransformer	internal/printer/emitcontext.go	NewNodeVisitor	concrete-one-hop-receiver
internal/transformers/moduletransforms/commonjsmodule.go	appendExportStatement	internal/ast/ast.go	Text	alias-receiver
internal/transformers/moduletransforms/commonjsmodule.go	appendExportsOfBindingElement	internal/ast/ast.go	Elements	alias-receiver
internal/transformers/moduletransforms/commonjsmodule.go	appendExportsOfClassOrFunctionDeclaration	internal/ast/ast.go	Name	alias-receiver
internal/transformers/moduletransforms/commonjsmodule.go	appendExportsOfClassOrFunctionDeclaration	internal/printer/factory.go	GetDeclarationName	multi-hop-receiver
internal/transformers/moduletransforms/commonjsmodule.go	appendExportsOfDeclaration	internal/ast/ast.go	Name	alias-receiver
internal/transformers/moduletransforms/commonjsmodule.go	appendExportsOfDeclaration	internal/ast/ast.go	Text	alias-receiver
internal/transformers/moduletransforms/commonjsmodule.go	appendExportsOfDeclaration	internal/ast/ast_generated.go	Name	concrete-one-hop-receiver
internal/transformers/moduletransforms/commonjsmodule.go	appendExportsOfDeclaration	internal/printer/factory.go	GetDeclarationName	multi-hop-receiver
internal/transformers/moduletransforms/commonjsmodule.go	appendExportsOfImportDeclaration	internal/ast/ast.go	Elements	alias-receiver
internal/transformers/moduletransforms/commonjsmodule.go	appendExportsOfImportDeclaration	internal/ast/ast.go	Name	alias-receiver
internal/transformers/moduletransforms/commonjsmodule.go	createAllExportExpressions	internal/ast/ast.go	Clone	alias-receiver
internal/transformers/moduletransforms/commonjsmodule.go	createExportExpression	internal/ast/ast.go	Clone	alias-receiver
internal/transformers/moduletransforms/commonjsmodule.go	createRequireCall	internal/transformers/moduletransforms/utilities.go	rewriteModuleSpecifier	package-level-call
internal/transformers/moduletransforms/commonjsmodule.go	destructuringNeedsFlattening	internal/ast/ast.go	Expression	concrete-one-hop-receiver
internal/transformers/moduletransforms/commonjsmodule.go	destructuringNeedsFlattening	internal/ast/ast.go	Name	concrete-one-hop-receiver
internal/transformers/moduletransforms/commonjsmodule.go	getExports	internal/ast/ast.go	Text	alias-receiver
internal/transformers/moduletransforms/commonjsmodule.go	getExports	internal/ast/ast_generated.go	Name	concrete-one-hop-receiver
internal/transformers/moduletransforms/commonjsmodule.go	shimOrRewriteImportOrRequireCall	internal/transformers/moduletransforms/utilities.go	rewriteModuleSpecifier	package-level-call
internal/transformers/moduletransforms/commonjsmodule.go	shouldEmitUnderscoreUnderscoreESModule	internal/ast/utilities.go	IsExternalModule	package-qualified-call
internal/transformers/moduletransforms/commonjsmodule.go	transformCommonJSModule	internal/ast/ast.go	Clone	alias-receiver
internal/transformers/moduletransforms/commonjsmodule.go	transformInitializedVariable	internal/ast/ast_generated.go	AsBinaryExpression	alias-receiver
internal/transformers/moduletransforms/commonjsmodule.go	visitAssignmentExpression	internal/ast/visitor.go	VisitEachChild	multi-hop-receiver
internal/transformers/moduletransforms/commonjsmodule.go	visitBinaryExpression	internal/ast/visitor.go	VisitEachChild	multi-hop-receiver
internal/transformers/moduletransforms/commonjsmodule.go	visitCallExpression	internal/ast/ast.go	AsNode	embedded-promoted-method
internal/transformers/moduletransforms/commonjsmodule.go	visitCallExpression	internal/ast/ast_generated.go	AsCallExpression	embedded-promoted-method
internal/transformers/moduletransforms/commonjsmodule.go	visitCallExpression	internal/ast/visitor.go	VisitEachChild	multi-hop-receiver
internal/transformers/moduletransforms/commonjsmodule.go	visitDestructuringAssignment	internal/ast/visitor.go	VisitEachChild	multi-hop-receiver
internal/transformers/moduletransforms/commonjsmodule.go	visitExpressionIdentifier	internal/ast/ast_generated.go	AsImportSpecifier	alias-receiver
internal/transformers/moduletransforms/commonjsmodule.go	visitImportCallExpression	internal/ast/ast.go	AsNode	embedded-promoted-method
internal/transformers/moduletransforms/commonjsmodule.go	visitImportCallExpression	internal/ast/visitor.go	VisitEachChild	multi-hop-receiver
internal/transformers/moduletransforms/commonjsmodule.go	visitImportCallExpression	internal/transformers/moduletransforms/utilities.go	rewriteModuleSpecifier	package-level-call
internal/transformers/moduletransforms/commonjsmodule.go	visitNoStack	internal/ast/visitor.go	VisitEachChild	multi-hop-receiver
internal/transformers/moduletransforms/commonjsmodule.go	visitPostfixUnaryExpression	internal/ast/ast.go	AsNode	embedded-promoted-method
internal/transformers/moduletransforms/commonjsmodule.go	visitPostfixUnaryExpression	internal/ast/ast.go	Clone	alias-receiver
internal/transformers/moduletransforms/commonjsmodule.go	visitPostfixUnaryExpression	internal/ast/visitor.go	VisitEachChild	multi-hop-receiver
internal/transformers/moduletransforms/commonjsmodule.go	visitPrefixUnaryExpression	internal/ast/ast.go	AsNode	embedded-promoted-method
internal/transformers/moduletransforms/commonjsmodule.go	visitPrefixUnaryExpression	internal/ast/visitor.go	VisitEachChild	multi-hop-receiver
internal/transformers/moduletransforms/commonjsmodule.go	visitTaggedTemplateExpression	internal/ast/ast.go	AsNode	embedded-promoted-method
internal/transformers/moduletransforms/commonjsmodule.go	visitTaggedTemplateExpression	internal/ast/visitor.go	VisitEachChild	multi-hop-receiver
internal/transformers/moduletransforms/commonjsmodule.go	visitTopLevelClassDeclaration	internal/ast/visitor.go	VisitEachChild	multi-hop-receiver
internal/transformers/moduletransforms/commonjsmodule.go	visitTopLevelClassDeclaration	internal/printer/factory.go	GetDeclarationName	multi-hop-receiver
internal/transformers/moduletransforms/commonjsmodule.go	visitTopLevelExportDeclaration	internal/ast/ast.go	Clone	alias-receiver
internal/transformers/moduletransforms/commonjsmodule.go	visitTopLevelExportDeclaration	internal/ast/ast.go	Elements	alias-receiver
internal/transformers/moduletransforms/commonjsmodule.go	visitTopLevelExportDeclaration	internal/ast/ast.go	Name	alias-receiver
internal/transformers/moduletransforms/commonjsmodule.go	visitTopLevelFunctionDeclaration	internal/ast/visitor.go	VisitEachChild	multi-hop-receiver
internal/transformers/moduletransforms/commonjsmodule.go	visitTopLevelFunctionDeclaration	internal/printer/factory.go	GetDeclarationName	multi-hop-receiver
internal/transformers/moduletransforms/commonjsmodule.go	visitTopLevelImportDeclaration	internal/ast/ast.go	Clone	alias-receiver
internal/transformers/moduletransforms/commonjsmodule.go	visitTopLevelImportEqualsDeclaration	internal/ast/ast.go	Clone	alias-receiver
internal/transformers/moduletransforms/commonjsmodule.go	visitTopLevelNestedForInOrOfStatement	internal/ast/ast_generated.go	AsBlock	alias-receiver
internal/transformers/moduletransforms/commonjsmodule.go	visitTopLevelNestedVariableStatement	internal/ast/visitor.go	VisitEachChild	multi-hop-receiver
internal/transformers/moduletransforms/commonjsmodule.go	visitTopLevelVariableStatement	internal/ast/ast.go	Clone	alias-receiver
internal/transformers/moduletransforms/esmodule.go	appendExportsOfImportEqualsDeclaration	internal/ast/ast.go	Clone	alias-receiver
internal/transformers/moduletransforms/esmodule.go	createRequireCall	internal/ast/ast.go	Clone	alias-receiver
internal/transformers/moduletransforms/esmodule.go	createRequireCall	internal/transformers/moduletransforms/utilities.go	rewriteModuleSpecifier	package-level-call
internal/transformers/moduletransforms/esmodule.go	visit	internal/ast/visitor.go	VisitEachChild	multi-hop-receiver
internal/transformers/moduletransforms/esmodule.go	visitCallExpression	internal/ast/ast.go	AsNode	embedded-promoted-method
internal/transformers/moduletransforms/esmodule.go	visitCallExpression	internal/ast/visitor.go	VisitEachChild	multi-hop-receiver
internal/transformers/moduletransforms/esmodule.go	visitExportAssignment	internal/ast/visitor.go	VisitEachChild	multi-hop-receiver
internal/transformers/moduletransforms/esmodule.go	visitExportDeclaration	internal/ast/ast.go	Name	alias-receiver
internal/transformers/moduletransforms/esmodule.go	visitExportDeclaration	internal/transformers/moduletransforms/utilities.go	rewriteModuleSpecifier	package-level-call
internal/transformers/moduletransforms/esmodule.go	visitImportDeclaration	internal/transformers/moduletransforms/utilities.go	rewriteModuleSpecifier	package-level-call
internal/transformers/moduletransforms/esmodule.go	visitImportEqualsDeclaration	internal/ast/ast.go	Clone	alias-receiver
internal/transformers/moduletransforms/esmodule.go	visitImportOrRequireCall	internal/ast/ast.go	AsNode	embedded-promoted-method
internal/transformers/moduletransforms/esmodule.go	visitImportOrRequireCall	internal/ast/visitor.go	VisitEachChild	multi-hop-receiver
internal/transformers/moduletransforms/esmodule.go	visitImportOrRequireCall	internal/transformers/moduletransforms/utilities.go	rewriteModuleSpecifier	package-level-call
internal/transformers/moduletransforms/esmodule.go	visitSourceFile	internal/ast/utilities.go	IsExternalModule	package-qualified-call
internal/transformers/moduletransforms/esmodule.go	visitSourceFile	internal/ast/visitor.go	VisitEachChild	multi-hop-receiver
internal/transformers/moduletransforms/externalmoduleinfo.go	addExportedFunctionDeclaration	internal/ast/ast.go	Text	alias-receiver
internal/transformers/moduletransforms/externalmoduleinfo.go	addExportedNamesForExportDeclaration	internal/ast/ast.go	Elements	alias-receiver
internal/transformers/moduletransforms/externalmoduleinfo.go	addExportedNamesForExportDeclaration	internal/ast/ast.go	Name	concrete-one-hop-receiver
internal/transformers/moduletransforms/externalmoduleinfo.go	addExportedNamesForExportDeclaration	internal/ast/ast_generated.go	AsFunctionDeclaration	alias-receiver
internal/transformers/moduletransforms/externalmoduleinfo.go	collectExportedVariableInfo	internal/ast/ast.go	Elements	alias-receiver
internal/transformers/moduletransforms/externalmoduleinfo.go	collectExportedVariableInfo	internal/ast/ast.go	Text	alias-receiver
internal/transformers/moduletransforms/utilities.go	getExternalModuleNameLiteral	internal/ast/ast.go	Text	alias-receiver
internal/transformers/moduletransforms/utilities.go	isDeclarationNameOfEnumOrNamespace	internal/ast/ast.go	Name	multi-hop-receiver
internal/transformers/moduletransforms/utilities.go	rewriteModuleSpecifier	internal/ast/ast.go	Text	alias-receiver
internal/transformers/moduletransforms/utilities.go	rewriteModuleSpecifier	internal/ast/ast_generated.go	AsStringLiteral	alias-receiver
internal/transformers/tstransforms/importelision.go	shouldEmitImportEqualsDeclaration	internal/ast/utilities.go	IsExternalModule	package-qualified-call
internal/transformers/tstransforms/importelision.go	visit	internal/ast/visitor.go	VisitEachChild	multi-hop-receiver
internal/transformers/tstransforms/legacydecorators.go	getClassAliasIfNeeded	internal/ast/ast.go	Text	alias-receiver
internal/transformers/tstransforms/legacydecorators.go	getClassMemberPrefix	internal/ast/utilities.go	IsStatic	package-qualified-call
internal/transformers/tstransforms/legacydecorators.go	getClassMemberPrefix	internal/printer/factory.go	GetDeclarationName	multi-hop-receiver
internal/transformers/tstransforms/legacydecorators.go	getClassPrototype	internal/printer/factory.go	GetDeclarationName	multi-hop-receiver
internal/transformers/tstransforms/legacydecorators.go	getExpressionForPropertyName	internal/ast/ast.go	Text	alias-receiver
internal/transformers/tstransforms/legacydecorators.go	getExpressionForPropertyName	internal/ast/ast_generated.go	AsComputedPropertyName	alias-receiver
internal/transformers/tstransforms/legacydecorators.go	isDecoratedClassElement	internal/ast/utilities.go	IsStatic	package-qualified-call
internal/transformers/tstransforms/legacydecorators.go	transformClassDeclarationWithClassDecorators	internal/printer/factory.go	GetDeclarationName	multi-hop-receiver
internal/transformers/tstransforms/legacydecorators.go	transformDecoratorsOfParameters	internal/ast/ast.go	Expression	concrete-one-hop-receiver
internal/transformers/tstransforms/legacydecorators.go	visit	internal/ast/visitor.go	VisitEachChild	multi-hop-receiver
internal/transformers/tstransforms/legacydecorators.go	visitClassDeclaration	internal/ast/visitor.go	VisitEachChild	multi-hop-receiver
internal/transformers/tstransforms/legacydecorators.go	visitPropertyAccessExpression	internal/ast/ast.go	AsNode	embedded-promoted-method
internal/transformers/tstransforms/legacydecorators.go	visitPropertyNameOfClassElement	internal/ast/ast.go	AsNode	alias-receiver
internal/transformers/tstransforms/legacydecorators.go	visitPropertyNameOfClassElement	internal/ast/ast_generated.go	AsComputedPropertyName	alias-receiver
internal/transformers/tstransforms/metadata.go	visit	internal/ast/visitor.go	VisitEachChild	multi-hop-receiver
internal/transformers/tstransforms/metadata.go	visitClassDeclaration	internal/ast/visitor.go	VisitEachChild	multi-hop-receiver
internal/transformers/tstransforms/metadata.go	visitClassExpression	internal/ast/ast.go	AsNode	embedded-promoted-method
internal/transformers/tstransforms/metadata.go	visitClassExpression	internal/ast/visitor.go	VisitEachChild	multi-hop-receiver
internal/transformers/tstransforms/metadata.go	visitGetAccessor	internal/ast/visitor.go	VisitEachChild	multi-hop-receiver
internal/transformers/tstransforms/metadata.go	visitMethodDeclaration	internal/ast/visitor.go	VisitEachChild	multi-hop-receiver
internal/transformers/tstransforms/metadata.go	visitPropertyDeclaration	internal/ast/visitor.go	VisitEachChild	multi-hop-receiver
internal/transformers/tstransforms/metadata.go	visitSetAccessor	internal/ast/visitor.go	VisitEachChild	multi-hop-receiver
internal/transformers/tstransforms/runtimesyntax.go	addVarForDeclaration	internal/ast/ast.go	Modifiers	alias-receiver
internal/transformers/tstransforms/runtimesyntax.go	createExportStatementForDeclaration	internal/ast/ast.go	Name	alias-receiver
internal/transformers/tstransforms/runtimesyntax.go	createExportStatementForDeclaration	internal/ast/ast.go	Pos	alias-receiver
internal/transformers/tstransforms/runtimesyntax.go	getExportQualifiedReferenceToDeclaration	internal/ast/ast.go	AsNode	alias-receiver
internal/transformers/tstransforms/runtimesyntax.go	getExpressionForPropertyName	internal/ast/ast.go	Text	alias-receiver
internal/transformers/tstransforms/runtimesyntax.go	getExpressionForPropertyName	internal/ast/ast_generated.go	AsComputedPropertyName	alias-receiver
internal/transformers/tstransforms/runtimesyntax.go	isFirstDeclarationInScope	internal/ast/ast.go	Text	alias-receiver
internal/transformers/tstransforms/runtimesyntax.go	recordDeclarationInScope	internal/ast/ast.go	Text	alias-receiver
internal/transformers/tstransforms/runtimesyntax.go	transformEnumBody	internal/ast/visitor.go	VisitEachChild	multi-hop-receiver
internal/transformers/tstransforms/runtimesyntax.go	transformModuleBody	internal/ast/visitor.go	VisitEachChild	multi-hop-receiver
internal/transformers/tstransforms/runtimesyntax.go	visit	internal/ast/visitor.go	VisitEachChild	multi-hop-receiver
internal/transformers/tstransforms/runtimesyntax.go	visitClassDeclaration	internal/ast/ast.go	Clone	alias-receiver
internal/transformers/tstransforms/runtimesyntax.go	visitClassExpression	internal/ast/ast.go	Clone	alias-receiver
internal/transformers/tstransforms/runtimesyntax.go	visitConstructorBody	internal/ast/ast.go	Clone	alias-receiver
internal/transformers/tstransforms/runtimesyntax.go	visitConstructorBody	internal/ast/ast_generated.go	Name	concrete-one-hop-receiver
internal/transformers/tstransforms/runtimesyntax.go	visitEnumDeclaration	internal/printer/emitcontext.go	NewNotEmittedStatement	multi-hop-receiver
internal/transformers/tstransforms/runtimesyntax.go	visitExpressionIdentifier	internal/ast/ast.go	AsNode	alias-receiver
internal/transformers/tstransforms/runtimesyntax.go	visitExpressionIdentifier	internal/ast/ast.go	Clone	alias-receiver
internal/transformers/tstransforms/runtimesyntax.go	visitFunctionDeclaration	internal/ast/visitor.go	VisitEachChild	multi-hop-receiver
internal/transformers/tstransforms/runtimesyntax.go	visitImportEqualsDeclaration	internal/ast/visitor.go	VisitEachChild	multi-hop-receiver
internal/transformers/tstransforms/runtimesyntax.go	visitModuleDeclaration	internal/printer/emitcontext.go	NewNotEmittedStatement	multi-hop-receiver
internal/transformers/tstransforms/runtimesyntax.go	visitVariableStatement	internal/ast/visitor.go	VisitEachChild	multi-hop-receiver
internal/transformers/tstransforms/typeeraser.go	elide	internal/ast/ast.go	AsNode	alias-receiver
internal/transformers/tstransforms/typeeraser.go	elide	internal/printer/emitcontext.go	NewNotEmittedStatement	multi-hop-receiver
internal/transformers/tstransforms/typeeraser.go	visit	internal/ast/visitor.go	VisitEachChild	multi-hop-receiver
internal/transformers/tstransforms/typeserializer.go	serializeEntityNameAsExpression	internal/ast/ast.go	Clone	alias-receiver
internal/transformers/tstransforms/typeserializer.go	serializeEntityNameAsExpression	internal/ast/ast_generated.go	AsQualifiedName	alias-receiver
internal/transformers/tstransforms/typeserializer.go	serializeEntityNameAsExpressionFallback	internal/ast/ast_generated.go	AsQualifiedName	alias-receiver
internal/transformers/tstransforms/typeserializer.go	serializeParameterTypesOfNode	internal/ast/ast.go	Name	concrete-one-hop-receiver
internal/transformers/tstransforms/typeserializer.go	serializeParameterTypesOfNode	internal/ast/ast.go	Text	alias-receiver
internal/transformers/tstransforms/typeserializer.go	serializeParameterTypesOfNode	internal/ast/ast.go	Type	concrete-one-hop-receiver
internal/transformers/tstransforms/utilities.go	constantExpression	internal/jsnum/jsnum.go	IsInf	concrete-one-hop-receiver
internal/transformers/tstransforms/utilities.go	constantExpression	internal/jsnum/jsnum.go	IsNaN	concrete-one-hop-receiver
internal/transformers/tstransforms/utilities.go	constantExpression	internal/jsnum/string.go	String	concrete-one-hop-receiver
internal/transformers/utilities.go	GetSuperCallFromStatement	internal/ast/ast.go	Expression	alias-receiver
internal/transformers/utilities.go	IsOriginalNodeSingleLine	internal/core/text.go	End	multi-hop-receiver
internal/transformers/utilities.go	IsOriginalNodeSingleLine	internal/core/text.go	Pos	multi-hop-receiver
internal/transformers/utilities.go	MoveRangePastModifiers	internal/ast/ast.go	Pos	alias-receiver
internal/tsoptions/declscompiler.go	ForEachCompilerOptionValue	internal/tsoptions/tsconfigparsing.go	Get	concrete-one-hop-receiver
internal/tsoptions/errors.go	CreateDiagnosticForNodeInSourceFile	internal/core/text.go	Pos	multi-hop-receiver
internal/tsoptions/errors.go	createUnknownOptionError	internal/tsoptions/namemap.go	Get	multi-hop-receiver
internal/tsoptions/parsedcommandline.go	ConfigName	internal/ast/ast.go	FileName	multi-hop-receiver
internal/tsoptions/parsedcommandline.go	GetConfigFileParsingDiagnostics	internal/ast/ast.go	Diagnostics	multi-hop-receiver
internal/tsoptions/parsinghelpers.go	ParseBuildOptions	internal/tsoptions/namemap.go	Get	concrete-one-hop-receiver
internal/tsoptions/parsinghelpers.go	parseCompilerOptions	internal/tsoptions/tsconfigparsing.go	Get	concrete-one-hop-receiver
internal/tsoptions/showconfig.go	addImpliedOptions	internal/tsoptions/tsconfigparsing.go	Get	concrete-one-hop-receiver
internal/tsoptions/showconfig.go	anyDependencyProvided	internal/tsoptions/tsconfigparsing.go	Get	concrete-one-hop-receiver
internal/tsoptions/showconfig.go	serializeCompilerOptions	internal/tsoptions/commandlineoption.go	Elements	concrete-one-hop-receiver
internal/tsoptions/showconfig.go	serializeCompilerOptions	internal/tsoptions/commandlineoption.go	EnumMap	concrete-one-hop-receiver
internal/tsoptions/showconfig.go	serializeCompilerOptions	internal/tsoptions/tsconfigparsing.go	Get	concrete-one-hop-receiver
internal/tsoptions/tsconfigparsing.go	ForEachPropertyAssignment	internal/ast/ast.go	Name	concrete-one-hop-receiver
internal/tsoptions/tsconfigparsing.go	GetContentMapperOptionDiagnosticLocation	internal/ast/ast.go	Text	concrete-one-hop-receiver
internal/tsoptions/tsconfigparsing.go	ParseConfigFileTextToJson	internal/ast/ast.go	Diagnostics	concrete-one-hop-receiver
internal/tsoptions/tsconfigparsing.go	ParseExtendedConfig	internal/ast/ast.go	Diagnostics	multi-hop-receiver
internal/tsoptions/tsconfigparsing.go	convertConfigFileToObject	internal/ast/ast.go	Elements	alias-receiver
internal/tsoptions/tsconfigparsing.go	convertConfigFileToObject	internal/ast/ast.go	Expression	multi-hop-receiver
internal/tsoptions/tsconfigparsing.go	convertObjectLiteralExpressionToJson	internal/ast/ast.go	Name	concrete-one-hop-receiver
internal/tsoptions/tsconfigparsing.go	convertObjectLiteralExpressionToJson	internal/ast/ast.go	QuestionToken	concrete-one-hop-receiver
internal/tsoptions/tsconfigparsing.go	convertPropertyValueToJson	internal/ast/ast.go	Elements	alias-receiver
internal/tsoptions/tsconfigparsing.go	convertPropertyValueToJson	internal/ast/ast.go	Text	alias-receiver
internal/tsoptions/tsconfigparsing.go	convertPropertyValueToJson	internal/ast/ast_generated.go	AsObjectLiteralExpression	alias-receiver
internal/tsoptions/tsconfigparsing.go	convertPropertyValueToJson	internal/ast/ast_generated.go	AsPrefixUnaryExpression	alias-receiver
internal/tsoptions/tsconfigparsing.go	convertToObject	internal/ast/ast.go	Expression	multi-hop-receiver
internal/tsoptions/tsconfigparsing.go	getExtendedConfig	internal/ast/ast.go	FileName	multi-hop-receiver
internal/tsoptions/tsconfigparsing.go	getExtendsConfigPathOrArray	internal/ast/ast.go	Elements	alias-receiver
internal/tsoptions/tsconfigparsing.go	getExtendsConfigPathOrArray	internal/tsoptions/commandlineoption.go	Elements	concrete-one-hop-receiver
internal/tsoptions/tsconfigparsing.go	getTsConfigObjectLiteralExpression	internal/ast/ast.go	Expression	multi-hop-receiver
internal/tsoptions/tsconfigparsing.go	getTsConfigObjectLiteralExpression	internal/ast/ast_generated.go	AsObjectLiteralExpression	concrete-one-hop-receiver
internal/vfs/internal/internal.go	DirectoryExists	internal/vfs/internal/internal.go	Stat	concrete-one-hop-receiver
internal/vfs/internal/internal.go	FileExists	internal/vfs/internal/internal.go	Stat	concrete-one-hop-receiver
internal/vfs/internal/internal.go	GetAccessibleEntries	internal/vfs/internal/internal.go	Stat	concrete-one-hop-receiver
internal/vfs/internal/internal.go	GetAccessibleEntries	internal/vfs/internal/internal.go	getEntries	concrete-one-hop-receiver
internal/vfs/iovfs/iofs.go	AppendFile	internal/vfs/iovfs/iofs.go	writeFileEnsuringDir	concrete-one-hop-receiver
internal/vfs/iovfs/iofs.go	WriteFile	internal/vfs/iovfs/iofs.go	writeFileEnsuringDir	concrete-one-hop-receiver
internal/vfs/osvfs/os.go	AppendFile	internal/vfs/osvfs/os.go	writeFileEnsuringDir	concrete-one-hop-receiver
internal/vfs/osvfs/os.go	Chtimes	internal/core/semaphore.go	Acquire	concrete-one-hop-receiver
internal/vfs/osvfs/os.go	DirectoryExists	internal/core/semaphore.go	Acquire	concrete-one-hop-receiver
internal/vfs/osvfs/os.go	FileExists	internal/core/semaphore.go	Acquire	concrete-one-hop-receiver
internal/vfs/osvfs/os.go	GetAccessibleEntries	internal/core/semaphore.go	Acquire	concrete-one-hop-receiver
internal/vfs/osvfs/os.go	ReadFile	internal/core/semaphore.go	Acquire	concrete-one-hop-receiver
internal/vfs/osvfs/os.go	Realpath	internal/core/semaphore.go	Acquire	concrete-one-hop-receiver
internal/vfs/osvfs/os.go	Remove	internal/core/semaphore.go	Acquire	concrete-one-hop-receiver
internal/vfs/osvfs/os.go	Stat	internal/core/semaphore.go	Acquire	concrete-one-hop-receiver
internal/vfs/osvfs/os.go	WriteFile	internal/vfs/osvfs/os.go	writeFileEnsuringDir	concrete-one-hop-receiver
internal/vfs/osvfs/os.go	ensureDirectoryExists	internal/core/semaphore.go	Acquire	concrete-one-hop-receiver
internal/vfs/osvfs/os.go	isReparsePoint	internal/nativepath/symlink_other.go	IsSymlinkOrReparsePoint	package-qualified-call
internal/vfs/osvfs/os.go	osFSRealpath	internal/nativepath/realpath_other.go	Realpath	package-qualified-call
internal/vfs/osvfs/os.go	walker	internal/core/semaphore.go	Acquire	concrete-one-hop-receiver
internal/vfs/osvfs/os.go	writeFileEnsuringDir	internal/vfs/osvfs/os.go	ensureDirectoryExists	concrete-one-hop-receiver
internal/vfs/osvfs/os.go	writeFileEnsuringDir	internal/vfs/osvfs/os.go	writeFileWithFlag	concrete-one-hop-receiver
internal/vfs/osvfs/os.go	writeFileWithFlag	internal/core/semaphore.go	Acquire	concrete-one-hop-receiver
