/Users/chrishafley/projects/typescript-go/cmd/tsgo/isprocessalive_unix.go	0	31	642	25
/Users/chrishafley/projects/typescript-go/cmd/tsgo/isprocessalive_windows.go	0	29	739	26
/Users/chrishafley/projects/typescript-go/cmd/tsgo/isprocessalive_other.go	0	33	178	9
/Users/chrishafley/projects/typescript-go/cmd/tsgo/sys_unix_test.go	0	33	1002	42
/Users/chrishafley/projects/typescript-go/cmd/tsgo/enablevtprocessing_windows.go	0	37	524	22
/Users/chrishafley/projects/typescript-go/cmd/tsgo/sys.go	0	40	3233	138
/Users/chrishafley/projects/typescript-go/cmd/tsgo/api.go	0	32	2383	82
/Users/chrishafley/projects/typescript-go/cmd/tsgo/lsp.go	0	37	3385	115
/Users/chrishafley/projects/typescript-go/internal/testrunner/runner.go	0	35	228	14
/Users/chrishafley/projects/typescript-go/cmd/tsgo/main.go	0	35	668	33
/Users/chrishafley/projects/typescript-go/internal/testrunner/transpile_runner_test.go	0	34	111	8
/Users/chrishafley/projects/typescript-go/internal/testrunner/testmain_test.go	0	34	257	14
/Users/chrishafley/projects/typescript-go/internal/testrunner/test_case_parser_test.go	0	36	940	42
/Users/chrishafley/projects/typescript-go/internal/testrunner/transpile_runner.go	0	48	6289	191
/Users/chrishafley/projects/typescript-go/internal/testrunner/test_case_parser.go	0	40	10879	299
/Users/chrishafley/projects/typescript-go/internal/testrunner/compiler_runner.go	0	60	22228	631
/Users/chrishafley/projects/typescript-go/internal/testrunner/compiler_runner_test.go	0	33	1519	50
/Users/chrishafley/projects/typescript-go/internal/astnav/testmain_test.go	0	33	258	14
/Users/chrishafley/projects/typescript-go/internal/evaluator/evaluator.go	0	40	7417	168
/Users/chrishafley/projects/typescript-go/internal/tracing/tracing_test.go	0	48	4415	140
/Users/chrishafley/projects/typescript-go/internal/astnav/tokens.go	0	58	26730	793
/Users/chrishafley/projects/typescript-go/internal/astnav/tokens_test.go	0	65	17805	626
/Users/chrishafley/projects/typescript-go/internal/symlinks/knownsymlinks_bench_test.go	0	44	1833	73
/Users/chrishafley/projects/typescript-go/internal/tracing/tracing.go	0	64	24700	763
/Users/chrishafley/projects/typescript-go/internal/symlinks/knownsymlinks.go	0	44	5843	134
/Users/chrishafley/projects/typescript-go/internal/symlinks/knownsymlinks_test.go	0	49	8704	291
/Users/chrishafley/projects/typescript-go/internal/vfs/cachedvfs/cachedvfs.go	0	43	3122	154
/Users/chrishafley/projects/typescript-go/internal/vfs/cachedvfs/cachedvfs_test.go	0	52	9912	350
/Users/chrishafley/projects/typescript-go/internal/vfs/osvfs/helpers_test.go	0	32	713	27
/Users/chrishafley/projects/typescript-go/internal/vfs/osvfs/os.go	0	43	6177	243
/Users/chrishafley/projects/typescript-go/internal/vfs/osvfs/os_test.go	0	46	1453	67
/Users/chrishafley/projects/typescript-go/internal/vfs/iovfs/iofs_test.go	0	44	2942	134
/Users/chrishafley/projects/typescript-go/internal/vfs/osvfs/realpath_test.go	0	48	4482	152
/Users/chrishafley/projects/typescript-go/internal/vfs/iovfs/iofs.go	0	39	6497	222
/Users/chrishafley/projects/typescript-go/internal/vfs/vfsmock/wrapper.go	0	32	773	21
/Users/chrishafley/projects/typescript-go/internal/vfs/vfsmock/wrapper_test.go	0	40	575	26
/Users/chrishafley/projects/typescript-go/internal/vfs/vfs_test.go	0	35	1574	65
/Users/chrishafley/projects/typescript-go/internal/vfs/vfsmock/mock_generated.go	0	51	15534	580
/Users/chrishafley/projects/typescript-go/internal/vfs/internal/internal.go	0	43	4343	194
/Users/chrishafley/projects/typescript-go/internal/vfs/vfstest/vfstest.go	0	58	15903	679
/Users/chrishafley/projects/typescript-go/internal/vfs/vfsmatch/stringer_generated.go	0	32	704	26
/Users/chrishafley/projects/typescript-go/internal/vfs/vfstest/vfstest_test.go	0	71	19738	751
/Users/chrishafley/projects/typescript-go/internal/vfs/vfsmatch/bench_test.go	0	41	5805	233
/Users/chrishafley/projects/typescript-go/internal/vfs/vfsmatch/vfsmatch.go	0	62	22276	717
/Users/chrishafley/projects/typescript-go/internal/vfs/vfs.go	0	31	2806	88
/Users/chrishafley/projects/typescript-go/internal/vfs/trackingvfs/trackingvfs.go	0	31	2123	76
/Users/chrishafley/projects/typescript-go/internal/vfs/wrapvfs/wrapvfs.go	0	37	3627	132
/Users/chrishafley/projects/typescript-go/internal/tspath/ignoredpaths.go	0	34	265	18
/Users/chrishafley/projects/typescript-go/internal/tspath/ignoredpaths_test.go	0	38	2936	133
/Users/chrishafley/projects/typescript-go/internal/tspath/untitled_test.go	0	35	2241	61
/Users/chrishafley/projects/typescript-go/internal/tspath/startsWithDirectory_test.go	0	34	5623	177
/Users/chrishafley/projects/typescript-go/internal/tspath/extension.go	0	41	7496	208
/Users/chrishafley/projects/typescript-go/internal/sourcemap/util.go	0	27	796	29
/Users/chrishafley/projects/typescript-go/internal/vfs/vfsmatch/vfsmatch_test.go	0	125	66504	1938
/Users/chrishafley/projects/typescript-go/internal/sourcemap/decoder.go	0	39	6361	253
/Users/chrishafley/projects/typescript-go/internal/sourcemap/source_mapper.go	0	39	9548	313
/Users/chrishafley/projects/typescript-go/internal/tspath/path_test.go	0	98	37817	887
/Users/chrishafley/projects/typescript-go/internal/spanmap/spanmap.go	0	60	31258	778
/Users/chrishafley/projects/typescript-go/internal/tspath/path.go	0	70	39703	1269
/Users/chrishafley/projects/typescript-go/internal/spanmap/spanmap_test.go	0	72	22869	581
/Users/chrishafley/projects/typescript-go/internal/sourcemap/lineinfo.go	0	28	632	30
/Users/chrishafley/projects/typescript-go/internal/sourcemap/source.go	0	32	168	9
/Users/chrishafley/projects/typescript-go/internal/sourcemap/generator.go	0	44	11950	379
/Users/chrishafley/projects/typescript-go/internal/pseudochecker/checker.go	0	30	1282	21
/Users/chrishafley/projects/typescript-go/internal/pseudochecker/type.go	0	38	12892	376
/Users/chrishafley/projects/typescript-go/internal/locale/locale.go	0	37	638	35
/Users/chrishafley/projects/typescript-go/internal/sourcemap/generator_test.go	0	56	14272	383
/Users/chrishafley/projects/typescript-go/internal/core/bfs_test.go	0	39	4376	152
/Users/chrishafley/projects/typescript-go/internal/core/languagevariant_stringer_generated.go	0	33	795	25
/Users/chrishafley/projects/typescript-go/internal/core/textchange.go	0	30	559	30
/Users/chrishafley/projects/typescript-go/internal/core/version.go	0	32	521	33
/Users/chrishafley/projects/typescript-go/internal/pseudochecker/lookup.go	0	69	29510	729
/Users/chrishafley/projects/typescript-go/internal/core/languagevariant.go	0	36	310	11
/Users/chrishafley/projects/typescript-go/internal/core/tristate.go	0	39	1193	71
/Users/chrishafley/projects/typescript-go/internal/core/nodemodules.go	0	35	2623	90
/Users/chrishafley/projects/typescript-go/internal/core/pattern.go	0	39	1377	52
/Users/chrishafley/projects/typescript-go/internal/core/buildoptions.go	0	44	479	16
/Users/chrishafley/projects/typescript-go/internal/core/typeacquisition.go	0	36	747	24
/Users/chrishafley/projects/typescript-go/internal/core/scriptkind.go	0	34	536	20
/Users/chrishafley/projects/typescript-go/internal/core/scriptkind_stringer_generated.go	0	32	938	35
/Users/chrishafley/projects/typescript-go/internal/core/pattern_test.go	0	37	553	24
/Users/chrishafley/projects/typescript-go/internal/core/semaphore.go	0	33	1099	52
/Users/chrishafley/projects/typescript-go/internal/core/workgroup.go	0	34	2688	123
/Users/chrishafley/projects/typescript-go/internal/core/core.go	0	66	21011	876
/Users/chrishafley/projects/typescript-go/internal/core/text.go	0	54	1671	82
/Users/chrishafley/projects/typescript-go/internal/core/stack.go	0	45	469	33
/Users/chrishafley/projects/typescript-go/internal/core/bfs.go	0	50	6374	206
/Users/chrishafley/projects/typescript-go/internal/core/projectreference.go	0	32	708	23
/Users/chrishafley/projects/typescript-go/internal/core/context.go	0	38	839	42
/Users/chrishafley/projects/typescript-go/internal/core/linkstore.go	0	38	2161	93
/Users/chrishafley/projects/typescript-go/internal/core/binarysearch.go	0	43	758	26
/Users/chrishafley/projects/typescript-go/internal/core/compileroptions.go	0	54	28177	557
/Users/chrishafley/projects/typescript-go/internal/core/modulekind_stringer_generated.go	0	40	1527	52
/Users/chrishafley/projects/typescript-go/internal/core/scripttarget_stringer_generated.go	0	44	1500	50
/Users/chrishafley/projects/typescript-go/internal/core/watchoptions.go	0	36	1802	53
/Users/chrishafley/projects/typescript-go/internal/core/tristate_stringer_generated.go	0	37	701	26
/Users/chrishafley/projects/typescript-go/internal/core/arena.go	0	44	1744	66
/Users/chrishafley/projects/typescript-go/internal/pprof/pprof.go	0	52	4396	169
/Users/chrishafley/projects/typescript-go/internal/binder/binder_test.go	0	35	1305	46
/Users/chrishafley/projects/typescript-go/internal/binder/referenceresolver.go	0	47	9770	262
/Users/chrishafley/projects/typescript-go/internal/checker/checker_test.go	0	43	2607	84
/Users/chrishafley/projects/typescript-go/internal/binder/nameresolver.go	0	63	22992	498
/Users/chrishafley/projects/typescript-go/internal/checker/exports.go	0	44	10933	373
/Users/chrishafley/projects/typescript-go/internal/checker/nodebuilderscopes.go	0	43	9972	251
/Users/chrishafley/projects/typescript-go/internal/checker/emitresolver.go	0	83	53265	1330
/Users/chrishafley/projects/typescript-go/internal/checker/services.go	0	88	39712	1140
/Users/chrishafley/projects/typescript-go/internal/checker/types.go	0	68	64299	1474
/Users/chrishafley/projects/typescript-go/internal/checker/links.go	0	34	1410	50
/Users/chrishafley/projects/typescript-go/internal/checker/tracer_test.go	0	37	1942	69
/Users/chrishafley/projects/typescript-go/internal/checker/mapper.go	0	49	6885	326
/Users/chrishafley/projects/typescript-go/internal/checker/pseudotypenodebuilder.go	0	74	29684	765
/Users/chrishafley/projects/typescript-go/internal/checker/nodebuilder.go	0	62	14286	302
/Users/chrishafley/projects/typescript-go/internal/binder/binder.go	0	145	118043	2784
/Users/chrishafley/projects/typescript-go/internal/checker/jsdoc.go	0	49	2917	100
/Users/chrishafley/projects/typescript-go/internal/checker/jsx.go	0	105	67514	1488
/Users/chrishafley/projects/typescript-go/internal/checker/symbolaccessibility.go	0	82	36151	876
/Users/chrishafley/projects/typescript-go/internal/checker/tracer.go	0	48	8953	366
/Users/chrishafley/projects/typescript-go/internal/checker/inference.go	0	130	77127	1684
/Users/chrishafley/projects/typescript-go/internal/checker/printer.go	0	58	14415	356
/Users/chrishafley/projects/typescript-go/internal/checker/nodecopy.go	0	78	36332	900
/Users/chrishafley/projects/typescript-go/internal/checker/stringer_generated.go	0	34	760	25
/Users/chrishafley/projects/typescript-go/internal/checker/flow.go	0	172	115235	2764
/Users/chrishafley/projects/typescript-go/internal/checker/symboltracker.go	0	40	3376	129
/Users/chrishafley/projects/typescript-go/internal/checker/nodebuilderimpl.go	0	232	152472	3637
/Users/chrishafley/projects/typescript-go/internal/nodebuilder/types.go	0	43	3581	78
/Users/chrishafley/projects/typescript-go/internal/module/types.go	0	49	4105	137
/Users/chrishafley/projects/typescript-go/internal/module/cache.go	0	44	2277	79
/Users/chrishafley/projects/typescript-go/internal/checker/nodebuilder_hover.go	0	67	24996	597
/Users/chrishafley/projects/typescript-go/internal/module/util.go	0	41	5691	201
/Users/chrishafley/projects/typescript-go/internal/module/resolver_test.go	0	47	15373	416
/Users/chrishafley/projects/typescript-go/internal/modulespecifiers/types.go	0	36	3948	119
/Users/chrishafley/projects/typescript-go/internal/checker/relater.go	0	265	237063	5044
/Users/chrishafley/projects/typescript-go/internal/modulespecifiers/preferences.go	0	40	10056	256
/Users/chrishafley/projects/typescript-go/internal/modulespecifiers/util.go	0	40	15245	491
/Users/chrishafley/projects/typescript-go/internal/checker/utilities.go	0	113	65619	1868
/Users/chrishafley/projects/typescript-go/internal/modulespecifiers/specifiers_test.go	0	48	9465	347
/Users/chrishafley/projects/typescript-go/internal/modulespecifiers/compare.go	0	29	205	13
/Users/chrishafley/projects/typescript-go/internal/jsnum/pseudobigint.go	0	41	1566	66
/Users/chrishafley/projects/typescript-go/internal/jsnum/jsnum.go	0	37	5587	177
/Users/chrishafley/projects/typescript-go/internal/checker/grammarchecks.go	0	125	101536	2185
/Users/chrishafley/projects/typescript-go/internal/jsnum/jsnum_test.go	0	68	18383	740
/Users/chrishafley/projects/typescript-go/internal/modulespecifiers/specifiers.go	0	80	55887	1397
/Users/chrishafley/projects/typescript-go/internal/jsnum/string_test.go	0	51	8518	366
/Users/chrishafley/projects/typescript-go/internal/jsnum/ryu_test.go	0	39	5675	164
/Users/chrishafley/projects/typescript-go/internal/jsnum/pseudobigint_test.go	0	41	2067	77
/Users/chrishafley/projects/typescript-go/internal/jsnum/string.go	0	42	6584	341
/Users/chrishafley/projects/typescript-go/internal/printer/emitresolver.go	0	35	6685	129
/Users/chrishafley/projects/typescript-go/internal/printer/emithost.go	0	37	811	23
/Users/chrishafley/projects/typescript-go/internal/printer/utilities_test.go	0	44	6257	153
/Users/chrishafley/projects/typescript-go/internal/printer/syntheticfile.go	0	34	2093	53
/Users/chrishafley/projects/typescript-go/internal/module/resolver.go	0	132	97313	2384
/Users/chrishafley/projects/typescript-go/internal/printer/textwriter.go	0	42	4676	227
/Users/chrishafley/projects/typescript-go/internal/printer/singlelinestringwriter.go	0	46	3369	159
/Users/chrishafley/projects/typescript-go/internal/printer/generatedidentifierflags.go	0	38	2208	57
/Users/chrishafley/projects/typescript-go/internal/printer/emitcontext.go	0	71	37045	1067
/Users/chrishafley/projects/typescript-go/internal/printer/namegenerator_test.go	0	63	16569	640
/Users/chrishafley/projects/typescript-go/internal/printer/emittextwriter.go	0	35	851	36
/Users/chrishafley/projects/typescript-go/internal/printer/factory.go	0	84	48497	1315
/Users/chrishafley/projects/typescript-go/internal/printer/changetrackerwriter.go	0	45	7648	247
/Users/chrishafley/projects/typescript-go/internal/printer/namegenerator.go	0	54	16295	405
/Users/chrishafley/projects/typescript-go/internal/printer/helpers.go	0	45	25652	558
/Users/chrishafley/projects/typescript-go/internal/printer/emitflags.go	0	37	3929	38
/Users/chrishafley/projects/typescript-go/internal/printer/semicolon_writer.go	0	44	3506	143
/Users/chrishafley/projects/typescript-go/internal/printer/sourcefilemetadataprovider.go	0	39	245	10
/Users/chrishafley/projects/typescript-go/internal/nativepath/realpath_linux.go	0	40	2132	70
/Users/chrishafley/projects/typescript-go/internal/nativepath/symlink_windows_test.go	0	49	5263	185
/Users/chrishafley/projects/typescript-go/internal/nativepath/realpath_windows.go	0	39	2344	100
/Users/chrishafley/projects/typescript-go/internal/printer/utilities.go	0	77	28245	936
/Users/chrishafley/projects/typescript-go/internal/nativepath/realpath_darwin_test.go	0	37	1160	66
/Users/chrishafley/projects/typescript-go/internal/nativepath/symlink_windows.go	0	49	508	29
/Users/chrishafley/projects/typescript-go/internal/nativepath/realpath_other.go	0	42	158	9
/Users/chrishafley/projects/typescript-go/internal/nativepath/symlink_other.go	0	50	188	10
/Users/chrishafley/projects/typescript-go/internal/nativepath/eintr_unix.go	0	42	275	14
/Users/chrishafley/projects/typescript-go/internal/jsonrpc/baseproto.go	0	40	2280	99
/Users/chrishafley/projects/typescript-go/internal/jsonrpc/jsonrpc.go	0	52	4638	188
/Users/chrishafley/projects/typescript-go/internal/printer/printer_test.go	0	173	115441	2624
/Users/chrishafley/projects/typescript-go/internal/bundled/generate.go	0	56	5631	217
/Users/chrishafley/projects/typescript-go/internal/bundled/embed.go	0	64	4713	224
/Users/chrishafley/projects/typescript-go/internal/bundled/embed_generated.go	0	65	25757	452
/Users/chrishafley/projects/typescript-go/internal/bundled/libs_generated.go	0	50	3111	116
/Users/chrishafley/projects/typescript-go/internal/bundled/noembed.go	0	38	1033	48
/Users/chrishafley/projects/typescript-go/internal/bundled/bundled.go	0	45	1548	53
/Users/chrishafley/projects/typescript-go/internal/lsp/stack_sanitizer_test.go	0	44	7945	132
/Users/chrishafley/projects/typescript-go/internal/bundled/bundled_test.go	0	54	946	48
/Users/chrishafley/projects/typescript-go/internal/lsp/server_contentmapper_test.go	0	57	11876	244
/Users/chrishafley/projects/typescript-go/internal/lsp/stack_sanitizer.go	0	44	2647	96
/Users/chrishafley/projects/typescript-go/internal/lsp/server_projectinfo_test.go	0	45	3368	99
/Users/chrishafley/projects/typescript-go/internal/lsp/server_semantictokens_test.go	0	54	8889	185
/Users/chrishafley/projects/typescript-go/internal/lsp/progress_test.go	0	68	12403	456
/Users/chrishafley/projects/typescript-go/internal/lsp/logger.go	0	57	4052	184
/Users/chrishafley/projects/typescript-go/internal/lsp/server_completion_test.go	0	58	11243	281
/Users/chrishafley/projects/typescript-go/internal/lsp/testmain_test.go	0	50	250	14
/Users/chrishafley/projects/typescript-go/internal/lsp/dynamic_queue.go	0	59	2102	94
/Users/chrishafley/projects/typescript-go/internal/lsp/lspwatcher/lspwatcher.go	0	77	20128	601
/Users/chrishafley/projects/typescript-go/internal/lsp/server_projectreference_updates_test.go	0	65	4620	131
/Users/chrishafley/projects/typescript-go/internal/lsp/lsproto/baseproto_test.go	0	59	3169	151
/Users/chrishafley/projects/typescript-go/internal/lsp/lsproto/baseproto.go	0	51	700	33
/Users/chrishafley/projects/typescript-go/internal/lsp/lsproto/structcodec.go	0	55	4778	164
/Users/chrishafley/projects/typescript-go/internal/lsp/lspwatcher/lspwatcher_test.go	0	95	24111	854
/Users/chrishafley/projects/typescript-go/internal/lsp/lsproto/util.go	0	45	3244	111
/Users/chrishafley/projects/typescript-go/internal/lsp/server.go	0	141	97152	2542
/Users/chrishafley/projects/typescript-go/internal/lsp/lsproto/lsp_test.go	0	40	1694	84
/Users/chrishafley/projects/typescript-go/internal/lsp/lsproto/lsp.go	0	52	8065	312
/Users/chrishafley/projects/typescript-go/internal/lsp/lsproto/jsonrpc.go	0	44	3161	130
/Users/chrishafley/projects/typescript-go/internal/lsp/dynamic_queue_test.go	0	37	1355	78
/Users/chrishafley/projects/typescript-go/internal/lsp/replay_test.go	0	44	6666	226
/Users/chrishafley/projects/typescript-go/internal/lsp/server_contentmapper_internal_test.go	0	41	3040	82
/Users/chrishafley/projects/typescript-go/internal/lsp/server_progress_test.go	0	42	4540	134
/Users/chrishafley/projects/typescript-go/internal/printer/printer.go	0	323	221803	6307
/Users/chrishafley/projects/typescript-go/internal/lsp/server_test.go	0	43	6414	234
/Users/chrishafley/projects/typescript-go/internal/lsp/progress.go	0	43	6436	217
/Users/chrishafley/projects/typescript-go/internal/lsp/lsproto/lsp_json_test.go	0	100	30328	1036
/Users/chrishafley/projects/typescript-go/internal/tsoptions/showconfig.go	0	50	14470	389
/Users/chrishafley/projects/typescript-go/internal/tsoptions/parsinghelpers.go	0	70	23809	738
/Users/chrishafley/projects/typescript-go/internal/tsoptions/contentmappers_test.go	0	52	6277	133
/Users/chrishafley/projects/typescript-go/internal/tsoptions/enummaps.go	0	55	12375	255
/Users/chrishafley/projects/typescript-go/internal/tsoptions/tsoptionstest/parsedcommandline.go	0	48	810	14
/Users/chrishafley/projects/typescript-go/internal/tsoptions/tsoptionstest/vfsparseconfighost.go	0	40	1970	60
/Users/chrishafley/projects/typescript-go/internal/tsoptions/parsedoptions.go	0	48	566	16
/Users/chrishafley/projects/typescript-go/internal/tsoptions/commandlineoption.go	0	40	5574	204
/Users/chrishafley/projects/typescript-go/internal/tsoptions/parsedcommandline_test.go	0	53	6754	237
/Users/chrishafley/projects/typescript-go/internal/tsoptions/declsbuild.go	0	47	2410	69
/Users/chrishafley/projects/typescript-go/internal/tsoptions/tsconfigparsing_test.go	0	110	62270	1975
/Users/chrishafley/projects/typescript-go/internal/tsoptions/contentmappers.go	0	41	3191	53
/Users/chrishafley/projects/typescript-go/internal/tsoptions/namemap.go	0	55	1581	58
/Users/chrishafley/projects/typescript-go/internal/tsoptions/wildcarddirectories_test.go	0	58	2859	85
/Users/chrishafley/projects/typescript-go/internal/tsoptions/diagnostics.go	0	48	2564	67
/Users/chrishafley/projects/typescript-go/internal/tsoptions/parsedcommandline.go	0	64	16130	492
/Users/chrishafley/projects/typescript-go/internal/tsoptions/declswatch.go	0	87	3550	88
/Users/chrishafley/projects/typescript-go/internal/tsoptions/declscompiler.go	0	78	53838	1272
/Users/chrishafley/projects/typescript-go/internal/tsoptions/testmain_test.go	0	85	261	14
/Users/chrishafley/projects/typescript-go/internal/tsoptions/commandlineparser.go	0	74	13502	411
/Users/chrishafley/projects/typescript-go/internal/tsoptions/export_test.go	0	48	1540	51
/Users/chrishafley/projects/typescript-go/internal/tsoptions/parsinghelpers_test.go	0	47	919	36
/Users/chrishafley/projects/typescript-go/internal/tsoptions/parsedbuildcommandline.go	0	39	1335	45
/Users/chrishafley/projects/typescript-go/internal/tsoptions/declstypeacquisition.go	0	44	767	29
/Users/chrishafley/projects/typescript-go/internal/tsoptions/wildcarddirectories.go	0	46	4270	134
/Users/chrishafley/projects/typescript-go/internal/tsoptions/decls_test.go	0	53	1813	79
/Users/chrishafley/projects/typescript-go/internal/lsp/lsproto/lsp_generated.go	0	435	632401	17560
/Users/chrishafley/projects/typescript-go/internal/tsoptions/tsconfigparsing.go	0	177	84899	2097
/Users/chrishafley/projects/typescript-go/internal/tsoptions/errors.go	0	40	4910	131
/Users/chrishafley/projects/typescript-go/internal/parser/references.go	0	39	3662	71
/Users/chrishafley/projects/typescript-go/internal/parser/types.go	0	53	384	14
/Users/chrishafley/projects/typescript-go/internal/parser/parser_test.go	0	79	9835	339
/Users/chrishafley/projects/typescript-go/internal/parser/utilities.go	0	50	2153	56
/Users/chrishafley/projects/typescript-go/internal/tsoptions/commandlineparser_test.go	0	80	24337	599
/Users/chrishafley/projects/typescript-go/internal/project/background/queue.go	0	34	891	52
/Users/chrishafley/projects/typescript-go/internal/project/background/queue_test.go	0	41	1648	91
/Users/chrishafley/projects/typescript-go/internal/project/compilerhost.go	0	48	5792	174
/Users/chrishafley/projects/typescript-go/internal/parser/reparser.go	0	91	29694	748
/Users/chrishafley/projects/typescript-go/internal/project/projectcollectionbuilder_test.go	0	84	32511	662
/Users/chrishafley/projects/typescript-go/internal/project/refcountcache_test.go	0	69	22671	476
/Users/chrishafley/projects/typescript-go/internal/project/overlayfs_test.go	0	46	7582	306
/Users/chrishafley/projects/typescript-go/internal/parser/jsdoc.go	0	120	46282	1354
/Users/chrishafley/projects/typescript-go/internal/project/snapshotfs.go	0	70	26059	868
/Users/chrishafley/projects/typescript-go/internal/project/projectreferencesprogram_test.go	0	63	22043	539
/Users/chrishafley/projects/typescript-go/internal/project/projectlifetime_test.go	0	59	23780	486
/Users/chrishafley/projects/typescript-go/internal/project/refcountcache.go	0	43	4216	137
/Users/chrishafley/projects/typescript-go/internal/project/extendedconfigcache_test.go	0	55	12476	323
/Users/chrishafley/projects/typescript-go/internal/project/extendedconfigcache.go	0	44	1590	51
/Users/chrishafley/projects/typescript-go/internal/project/customconfigfilename_test.go	0	53	9021	231
/Users/chrishafley/projects/typescript-go/internal/project/projectcollectiondefaultproject_test.go	0	36	3142	128
/Users/chrishafley/projects/typescript-go/internal/project/client.go	0	41	1093	27
/Users/chrishafley/projects/typescript-go/internal/project/watchtimeout_test.go	0	49	5331	151
/Users/chrishafley/projects/typescript-go/internal/project/overlayfs.go	0	48	10183	409
/Users/chrishafley/projects/typescript-go/internal/project/testmain_test.go	0	43	259	14
/Users/chrishafley/projects/typescript-go/internal/project/snapshot_test.go	0	54	15232	372
/Users/chrishafley/projects/typescript-go/internal/project/projectcollectionbuilder.go	0	104	49390	1358
/Users/chrishafley/projects/typescript-go/internal/project/checkerpool.go	0	68	17672	530
/Users/chrishafley/projects/typescript-go/internal/project/filechange.go	0	54	2920	86
/Users/chrishafley/projects/typescript-go/internal/project/session.go	0	128	80822	2171
/Users/chrishafley/projects/typescript-go/internal/project/configfileregistry.go	0	58	8121	244
/Users/chrishafley/projects/typescript-go/internal/project/snapshotfs_test.go	0	109	55141	1544
/Users/chrishafley/projects/typescript-go/internal/project/checkerpool_test.go	0	102	48665	1295
/Users/chrishafley/projects/typescript-go/internal/project/watch_test.go	0	35	1242	28
/Users/chrishafley/projects/typescript-go/internal/project/configfilechanges_test.go	0	47	8500	200
/Users/chrishafley/projects/typescript-go/internal/project/programcounter.go	0	47	922	48
/Users/chrishafley/projects/typescript-go/internal/project/parsecache.go	0	43	3654	94
/Users/chrishafley/projects/typescript-go/internal/project/bulkcache_test.go	0	55	17162	391
/Users/chrishafley/projects/typescript-go/internal/project/project_stringer_generated.go	0	40	669	25
/Users/chrishafley/projects/typescript-go/internal/project/api.go	0	41	2700	69
/Users/chrishafley/projects/typescript-go/internal/project/dirty/box.go	0	48	942	62
/Users/chrishafley/projects/typescript-go/internal/project/untitled_test.go	0	50	6321	183
/Users/chrishafley/projects/typescript-go/internal/project/dirty/interfaces.go	0	42	243	15
/Users/chrishafley/projects/typescript-go/internal/project/contentmapper_test.go	0	100	50300	991
/Users/chrishafley/projects/typescript-go/internal/project/dirty/util.go	0	44	378	18
/Users/chrishafley/projects/typescript-go/internal/project/dirty/syncmap_test.go	0	50	6756	245
/Users/chrishafley/projects/typescript-go/internal/project/dirty/entry.go	0	51	401	29
/Users/chrishafley/projects/typescript-go/internal/project/dirty/cloneablemap.go	0	39	159	9
/Users/chrishafley/projects/typescript-go/internal/project/dirty/map.go	0	48	3364	169
/Users/chrishafley/projects/typescript-go/internal/project/dirty/mapbuilder.go	0	47	1610	74
/Users/chrishafley/projects/typescript-go/internal/project/dirty/syncmap.go	0	56	7258	362
/Users/chrishafley/projects/typescript-go/internal/project/autoimport.go	0	49	5519	180
/Users/chrishafley/projects/typescript-go/internal/project/project.go	0	62	18171	533
/Users/chrishafley/projects/typescript-go/internal/project/ownercache.go	0	58	3031	107
/Users/chrishafley/projects/typescript-go/internal/project/ata/installnpmpackages_test.go	0	49	15150	523
/Users/chrishafley/projects/typescript-go/internal/project/snapshot.go	0	74	24607	645
/Users/chrishafley/projects/typescript-go/internal/parser/parser.go	0	387	273865	6850
/Users/chrishafley/projects/typescript-go/internal/project/session_test.go	0	116	76151	1738
/Users/chrishafley/projects/typescript-go/internal/project/ata/discovertypings.go	0	53	12900	334
/Users/chrishafley/projects/typescript-go/internal/project/ata/ata.go	0	45	18338	500
/Users/chrishafley/projects/typescript-go/internal/project/ata/typesmap.go	0	45	21302	505
/Users/chrishafley/projects/typescript-go/internal/project/ata/testmain_test.go	0	44	255	14
/Users/chrishafley/projects/typescript-go/internal/project/ata/validatepackagename.go	0	44	3028	98
/Users/chrishafley/projects/typescript-go/internal/project/ata/ata_test.go	0	72	35307	767
/Users/chrishafley/projects/typescript-go/internal/project/ata/validatepackagename_test.go	0	46	4577	109
/Users/chrishafley/projects/typescript-go/internal/project/logging/logcollector.go	0	38	486	34
/Users/chrishafley/projects/typescript-go/internal/project/logging/logger.go	0	46	2722	135
/Users/chrishafley/projects/typescript-go/internal/project/logging/logtree.go	0	44	3055	163
/Users/chrishafley/projects/typescript-go/internal/project/logging/logtree_test.go	0	35	286	19
/Users/chrishafley/projects/typescript-go/internal/project/ata/discovertypings_test.go	0	54	13149	361
/Users/chrishafley/projects/typescript-go/internal/project/projectcollection.go	0	45	12585	359
/Users/chrishafley/projects/typescript-go/internal/semver/version.go	0	48	7528	274
/Users/chrishafley/projects/typescript-go/internal/semver/version_test.go	0	41	5456	147
/Users/chrishafley/projects/typescript-go/internal/project/watch.go	0	51	16894	496
/Users/chrishafley/projects/typescript-go/internal/project/project_test.go	0	78	38223	836
/Users/chrishafley/projects/typescript-go/internal/project/configfileregistrybuilder.go	0	65	28957	806
/Users/chrishafley/projects/typescript-go/internal/json/json.go	0	39	2634	100
/Users/chrishafley/projects/typescript-go/internal/semver/version_range.go	0	54	10798	438
/Users/chrishafley/projects/typescript-go/internal/transformers/moduletransforms/esmodule.go	0	57	13962	372
/Users/chrishafley/projects/typescript-go/internal/transformers/moduletransforms/impliedmodule.go	0	39	1670	53
/Users/chrishafley/projects/typescript-go/internal/diagnosticwriter/diagnosticwriter.go	0	65	20834	594
/Users/chrishafley/projects/typescript-go/internal/semver/version_range_test.go	0	88	27170	959
/Users/chrishafley/projects/typescript-go/internal/transformers/moduletransforms/utilities.go	0	39	5697	118
/Users/chrishafley/projects/typescript-go/internal/transformers/moduletransforms/externalmoduleinfo.go	0	57	15716	390
/Users/chrishafley/projects/typescript-go/internal/transformers/inliners/constenum.go	0	51	3564	102
/Users/chrishafley/projects/typescript-go/internal/transformers/declarations/supplementalreferences.go	0	48	2028	54
/Users/chrishafley/projects/typescript-go/internal/transformers/declarations/util.go	0	39	6361	186
/Users/chrishafley/projects/typescript-go/internal/transformers/declarations/tracker.go	0	54	11581	252
/Users/chrishafley/projects/typescript-go/internal/transformers/chain.go	0	47	1882	62
/Users/chrishafley/projects/typescript-go/internal/transformers/declarations/diagnostics.go	0	67	36712	736
/Users/chrishafley/projects/typescript-go/internal/transformers/modifiervisitor.go	0	32	734	28
/Users/chrishafley/projects/typescript-go/internal/transformers/transformer.go	0	39	1025	41
/Users/chrishafley/projects/typescript-go/internal/transformers/tstransforms/importelision_test.go	0	44	10176	274
/Users/chrishafley/projects/typescript-go/internal/transformers/tstransforms/typeserializer.go	0	56	20028	511
/Users/chrishafley/projects/typescript-go/internal/transformers/jsxtransforms/jsx.go	0	96	40393	1209
/Users/chrishafley/projects/typescript-go/internal/transformers/moduletransforms/commonjsmodule.go	0	128	86501	2162
/Users/chrishafley/projects/typescript-go/internal/transformers/tstransforms/metadata.go	0	57	14057	390
/Users/chrishafley/projects/typescript-go/internal/transformers/tstransforms/typeeraser.go	0	49	14829	393
/Users/chrishafley/projects/typescript-go/internal/transformers/tstransforms/importelision.go	0	55	5535	153
/Users/chrishafley/projects/typescript-go/internal/transformers/tstransforms/legacydecorators.go	0	75	38284	1038
/Users/chrishafley/projects/typescript-go/internal/transformers/tstransforms/utilities.go	0	33	867	29
/Users/chrishafley/projects/typescript-go/internal/transformers/tstransforms/typeeraser_test.go	0	47	7477	106
/Users/chrishafley/projects/typescript-go/internal/transformers/utilities.go	0	46	14042	375
/Users/chrishafley/projects/typescript-go/internal/transformers/estransforms/definitions.go	0	45	2117	43
/Users/chrishafley/projects/typescript-go/internal/transformers/estransforms/taggedtemplate.go	0	50	6428	174
/Users/chrishafley/projects/typescript-go/internal/transformers/tstransforms/runtimesyntax.go	0	80	42056	995
/Users/chrishafley/projects/typescript-go/internal/transformers/estransforms/exponentiation.go	0	49	3503	90
/Users/chrishafley/projects/typescript-go/internal/transformers/destructuring.go	0	63	20738	510
/Users/chrishafley/projects/typescript-go/internal/transformers/estransforms/logicalassignment.go	0	48	3421	113
/Users/chrishafley/projects/typescript-go/internal/transformers/estransforms/optionalchain.go	0	66	9831	240
/Users/chrishafley/projects/typescript-go/internal/transformers/estransforms/objectrestspread.go	0	82	23040	593
/Users/chrishafley/projects/typescript-go/internal/transformers/estransforms/usestrict.go	0	32	1703	50
/Users/chrishafley/projects/typescript-go/internal/transformers/estransforms/namedevaluation.go	0	61	22877	537
/Users/chrishafley/projects/typescript-go/internal/transformers/estransforms/nullishcoalescing.go	0	44	1513	49
/Users/chrishafley/projects/typescript-go/internal/transformers/estransforms/using.go	0	82	28573	799
/Users/chrishafley/projects/typescript-go/internal/transformers/estransforms/classthis.go	0	42	1031	28
/Users/chrishafley/projects/typescript-go/internal/transformers/estransforms/forawait.go	0	78	29800	856
/Users/chrishafley/projects/typescript-go/internal/transformers/estransforms/utilities.go	0	63	10500	289
/Users/chrishafley/projects/typescript-go/internal/transformers/declarations/transform.go	0	171	119344	2989
/Users/chrishafley/projects/typescript-go/internal/transformers/estransforms/optionalcatch.go	0	42	1066	37
/Users/chrishafley/projects/typescript-go/internal/transpile/transpile.go	0	50	9017	257
/Users/chrishafley/projects/typescript-go/internal/contentmapper/contentmapper.go	0	45	5766	154
/Users/chrishafley/projects/typescript-go/internal/contentmapper/transform_test.go	0	53	4157	110
/Users/chrishafley/projects/typescript-go/internal/checker/checker.go	0	1764	1434024	32296
/Users/chrishafley/projects/typescript-go/internal/contentmapper/host.go	0	44	12665	319
/Users/chrishafley/projects/typescript-go/internal/transformers/estransforms/async.go	0	100	35033	984
/Users/chrishafley/projects/typescript-go/internal/contentmapper/transform.go	0	43	5661	135
/Users/chrishafley/projects/typescript-go/internal/osutil/os_android.go	0	45	693	27
/Users/chrishafley/projects/typescript-go/internal/osutil/osutil.go	0	49	310	11
/Users/chrishafley/projects/typescript-go/internal/osutil/os_other.go	0	77	154	13
/Users/chrishafley/projects/typescript-go/internal/contentmapper/hostimpl.go	0	98	46951	1381
/Users/chrishafley/projects/typescript-go/internal/diagnostics/diagnostics.go	0	49	3967	159
/Users/chrishafley/projects/typescript-go/internal/diagnostics/loc_generated.go	0	44	2978	151
/Users/chrishafley/projects/typescript-go/internal/diagnostics/generate.go	0	63	13331	460
/Users/chrishafley/projects/typescript-go/internal/transformers/estransforms/esdecorator.go	0	155	115216	2751
/Users/chrishafley/projects/typescript-go/internal/contentmapper/host_test.go	0	120	53360	1315
/Users/chrishafley/projects/typescript-go/internal/diagnostics/stringer_generated.go	0	34	793	27
/Users/chrishafley/projects/typescript-go/internal/diagnostics/diagnostics_test.go	0	36	3594	145
/Users/chrishafley/projects/typescript-go/internal/format/indent_getindentation_test.go	0	34	1372	39
/Users/chrishafley/projects/typescript-go/internal/format/scanner.go	0	48	10196	374
/Users/chrishafley/projects/typescript-go/internal/format/comment_test.go	0	51	15224	402
/Users/chrishafley/projects/typescript-go/internal/format/format_test.go	0	41	1932	58
/Users/chrishafley/projects/typescript-go/internal/format/rulesmap.go	0	39	5115	156
/Users/chrishafley/projects/typescript-go/internal/format/util.go	0	43	4602	148
/Users/chrishafley/projects/typescript-go/internal/format/indent_test.go	0	41	1504	50
/Users/chrishafley/projects/typescript-go/internal/format/context.go	0	38	4256	121
/Users/chrishafley/projects/typescript-go/internal/format/rules.go	0	74	38004	450
/Users/chrishafley/projects/typescript-go/internal/transformers/estransforms/classfields.go	0	211	154673	3618
/Users/chrishafley/projects/typescript-go/internal/format/rule.go	0	38	3039	109
/Users/chrishafley/projects/typescript-go/internal/format/api.go	0	51	7281	189
/Users/chrishafley/projects/typescript-go/internal/format/api_test.go	0	51	3539	115
/Users/chrishafley/projects/typescript-go/internal/ast/positionmap.go	0	47	3392	111
/Users/chrishafley/projects/typescript-go/internal/format/rulecontext.go	0	65	21734	629
/Users/chrishafley/projects/typescript-go/internal/ast/kind_generated.go	0	53	26919	463
/Users/chrishafley/projects/typescript-go/internal/format/indent.go	0	86	33020	821
/Users/chrishafley/projects/typescript-go/internal/ast/nodeflags.go	0	43	6341	73
/Users/chrishafley/projects/typescript-go/internal/ast/tokenflags.go	0	38	2733	33
/Users/chrishafley/projects/typescript-go/internal/ast/symbol.go	0	41	4625	103
/Users/chrishafley/projects/typescript-go/internal/ast/flow.go	0	39	2594	75
/Users/chrishafley/projects/typescript-go/internal/ast/parseoptions.go	0	45	4761	149
/Users/chrishafley/projects/typescript-go/internal/ast/utilities_bench_test.go	0	39	1304	48
/Users/chrishafley/projects/typescript-go/internal/format/span.go	0	103	48176	1262
/Users/chrishafley/projects/typescript-go/internal/ast/modifierflags.go	0	56	4483	53
/Users/chrishafley/projects/typescript-go/internal/ast/visitor.go	0	45	10046	278
/Users/chrishafley/projects/typescript-go/internal/ast/deepclone.go	0	51	2679	86
/Users/chrishafley/projects/typescript-go/internal/ast/diagnostic.go	0	66	15421	503
/Users/chrishafley/projects/typescript-go/internal/ast/functionflags.go	0	44	925	37
/Users/chrishafley/projects/typescript-go/internal/ast/diagnostic_test.go	0	54	3808	99
/Users/chrishafley/projects/typescript-go/internal/ast/symbolflags.go	0	47	7250	83
/Users/chrishafley/projects/typescript-go/internal/ast/precedence.go	0	60	22100	717
/Users/chrishafley/projects/typescript-go/internal/ast/positionmap_test.go	0	52	6238	225
/Users/chrishafley/projects/typescript-go/internal/ast/checkflags.go	0	41	2926	36
/Users/chrishafley/projects/typescript-go/internal/ast/kind_stringer_generated.go	0	66	20597	375
/Users/chrishafley/projects/typescript-go/internal/ast/subtreefacts.go	0	63	6083	133
/Users/chrishafley/projects/typescript-go/internal/ast/ids.go	0	49	56	6
/Users/chrishafley/projects/typescript-go/internal/ast/ast.go	0	147	100952	3202
/Users/chrishafley/projects/typescript-go/internal/api/jsonvalue_test.go	0	32	1117	35
/Users/chrishafley/projects/typescript-go/internal/ast/deepclone_test.go	0	89	34075	599
/Users/chrishafley/projects/typescript-go/internal/api/callbackfs.go	0	50	6742	242
/Users/chrishafley/projects/typescript-go/internal/api/protocol_msgpack.go	0	51	7254	281
/Users/chrishafley/projects/typescript-go/internal/api/session_textedit_test.go	0	43	1023	39
/Users/chrishafley/projects/typescript-go/internal/api/server.go	0	42	4204	131
/Users/chrishafley/projects/typescript-go/internal/api/session_temporary_test.go	0	50	7789	202
/Users/chrishafley/projects/typescript-go/internal/api/encoder/stringtable.go	0	42	1885	68
/Users/chrishafley/projects/typescript-go/internal/api/encoder/decoder_test.go	0	67	15887	450
/Users/chrishafley/projects/typescript-go/internal/api/encoder/decoder.go	0	59	12380	381
/Users/chrishafley/projects/typescript-go/internal/api/encoder/encoder.go	0	76	41440	934
/Users/chrishafley/projects/typescript-go/internal/api/encoder/testmain_test.go	0	51	259	14
/Users/chrishafley/projects/typescript-go/internal/api/encoder/encoder_test.go	0	49	8276	217
/Users/chrishafley/projects/typescript-go/internal/api/session_apistate_test.go	0	50	10619	255
/Users/chrishafley/projects/typescript-go/internal/ast/utilities.go	0	192	148911	4599
/Users/chrishafley/projects/typescript-go/internal/api/session_completion_test.go	0	33	5362	141
/Users/chrishafley/projects/typescript-go/internal/api/encoder/encoder_generated.go	0	102	35591	707
/Users/chrishafley/projects/typescript-go/internal/api/encoder/decoder_generated.go	0	141	49106	1140
/Users/chrishafley/projects/typescript-go/internal/diagnostics/diagnostics_generated.go	0	423	925709	8834
/Users/chrishafley/projects/typescript-go/internal/api/proto_test.go	0	38	2054	83
/Users/chrishafley/projects/typescript-go/internal/api/stringer_generated.go	0	46	995	30
/Users/chrishafley/projects/typescript-go/internal/fourslash/tests/goToImplementationReexportedTypeOnlyNamespace2_test.go	0	46	965	32
/Users/chrishafley/projects/typescript-go/internal/fourslash/tests/callHierarchyIncomingCallsObjectLiteralMethodInStringLiteralComputedProperty_test.go	0	49	593	25
/Users/chrishafley/projects/typescript-go/internal/fourslash/tests/codeFixPromoteTypeOnlyImportJsxTag_test.go	0	46	2515	75
/Users/chrishafley/projects/typescript-go/internal/fourslash/test_parser.go	0	85	14541	524
/Users/chrishafley/projects/typescript-go/internal/api/proto.go	0	72	62746	1507
/Users/chrishafley/projects/typescript-go/internal/fourslash/tests/quickInfoFunction_test.go	0	35	478	18
/Users/chrishafley/projects/typescript-go/internal/fourslash/tests/codeLensOverloads01_test.go	0	32	1228	43
/Users/chrishafley/projects/typescript-go/internal/fourslash/tests/quickInfoGenericTypePath_test.go	0	42	739	36
/Users/chrishafley/projects/typescript-go/internal/fourslash/tests/quickinfoVerbosityNamespaceTypeAliases_test.go	0	38	810	26
/Users/chrishafley/projects/typescript-go/internal/fourslash/tests/quickinfoVerbosityClassInterfaceMerge_test.go	0	49	719	29
/Users/chrishafley/projects/typescript-go/internal/fourslash/tests/destructuredInterfaceJSDoc_test.go	0	37	1678	74
/Users/chrishafley/projects/typescript-go/internal/fourslash/tests/quickinfoVerbosityNamespaceClassHeritage_test.go	0	40	804	34
/Users/chrishafley/projects/typescript-go/internal/fourslash/tests/completionDetailSignature_test.go	0	42	1259	43
/Users/chrishafley/projects/typescript-go/internal/fourslash/tests/quickinfoVerbosityNamespaceErrorClassHeritage1_test.go	0	47	594	23
/Users/chrishafley/projects/typescript-go/internal/fourslash/tests/contentMapperImplementation_test.go	0	51	1184	38
/Users/chrishafley/projects/typescript-go/internal/fourslash/tests/hoverThenDiagnosticsJsxIntrinsic_test.go	0	33	1185	37
/Users/chrishafley/projects/typescript-go/internal/fourslash/tests/completionResolveKeyword_test.go	0	37	1024	36
/Users/chrishafley/projects/typescript-go/internal/fourslash/tests/quickInfoAliasVS_test.go	0	34	791	39
/Users/chrishafley/projects/typescript-go/internal/fourslash/tests/jsdocSnippetCompletion_test.go	0	46	5892	162
/Users/chrishafley/projects/typescript-go/internal/fourslash/tests/quickInfoDisplayPartsClassMethodVS_test.go	0	33	1135	36
/Users/chrishafley/projects/typescript-go/internal/fourslash/tests/quickInfoVerbosityNamespaceBindingWithDefaultExportedFunction1_test.go	0	38	652	24
/Users/chrishafley/projects/typescript-go/internal/api/session.go	0	198	136802	3950
/Users/chrishafley/projects/typescript-go/internal/fourslash/tests/TestGoToDefinitionDecoratorNoCrashOnFunctionDeclaration1_test.go	0	34	538	20
/Users/chrishafley/projects/typescript-go/internal/fourslash/tests/documentHighlightImportPath_test.go	0	36	559	22
/Users/chrishafley/projects/typescript-go/internal/fourslash/tests/basicInterfaceMembers_test.go	0	33	1136	41
/Users/chrishafley/projects/typescript-go/internal/fourslash/tests/importFixFromAtTypesWithRealPackage_test.go	0	32	2380	61
/Users/chrishafley/projects/typescript-go/internal/fourslash/tests/formatDocumentNoCrashJsxNamespacedName1_test.go	0	39	534	20
/Users/chrishafley/projects/typescript-go/internal/fourslash/tests/documentHighlightYield_test.go	0	34	574	27
/Users/chrishafley/projects/typescript-go/internal/fourslash/tests/renameUnresolvedReexport1_test.go	0	49	584	22
/Users/chrishafley/projects/typescript-go/internal/fourslash/tests/signatureHelpNestedCalls_test.go	0	42	1957	55
/Users/chrishafley/projects/typescript-go/internal/fourslash/tests/documentHighlightMalformedAmbientModuleExportEquals_test.go	0	48	594	25
/Users/chrishafley/projects/typescript-go/internal/fourslash/tests/quickInfoDisplayPartsClassPropertyVS_test.go	0	44	1167	36
/Users/chrishafley/projects/typescript-go/internal/fourslash/tests/codeFixMissingTypeAnnotationOnExports_arrowParensParamOnly_test.go	0	46	723	24
/Users/chrishafley/projects/typescript-go/internal/fourslash/tests/goToSourceDefinitionPackageResolution_test.go	0	53	4701	109
/Users/chrishafley/projects/typescript-go/internal/fourslash/tests/goToDefinitionShorthandObjectLiteralWithInterface_test.go	0	42	592	24
/Users/chrishafley/projects/typescript-go/internal/fourslash/tests/hoverCircularInheritedDocumentation_test.go	0	42	1703	41
/Users/chrishafley/projects/typescript-go/internal/fourslash/tests/organizeImports_dtsUnusedImportWithAugmentation_test.go	0	36	1063	39
/Users/chrishafley/projects/typescript-go/internal/fourslash/tests/organizeImports_sortModuleSpecifiers_test.go	0	54	3052	102
/Users/chrishafley/projects/typescript-go/internal/fourslash/tests/getEditsForFileRenameWithSolutionConfigFile_test.go	0	44	3055	115
/Users/chrishafley/projects/typescript-go/internal/fourslash/tests/codeLensFunctionExpressions01_test.go	0	50	1514	57
/Users/chrishafley/projects/typescript-go/internal/fourslash/tests/inlayHintsTupleTypeCrash_test.go	0	37	760	26
/Users/chrishafley/projects/typescript-go/internal/fourslash/tests/formatDocumentGrammarErrorInitializer_test.go	0	43	1215	32
/Users/chrishafley/projects/typescript-go/internal/fourslash/tests/workspaceSymbolCurrentProject_test.go	0	40	1668	65
/Users/chrishafley/projects/typescript-go/internal/fourslash/tests/codeLensShowOnAllFunctions_test.go	0	39	1093	42
/Users/chrishafley/projects/typescript-go/internal/fourslash/tests/diagnosticsDefaultImportMergedWithJSDocTypeAlias1_test.go	0	41	1108	48
/Users/chrishafley/projects/typescript-go/internal/fourslash/tests/organizeImportsWithTraceResolution1_test.go	0	48	758	36
/Users/chrishafley/projects/typescript-go/internal/fourslash/tests/goToTypeWithTupleTypes_test.go	0	38	592	24
/Users/chrishafley/projects/typescript-go/internal/fourslash/tests/completionWithUnterminatedJSDocEndingWithAt1_test.go	0	41	1075	37
/Users/chrishafley/projects/typescript-go/internal/fourslash/tests/formatSelectionInJSDocTypeLiteralNoCrash1_test.go	0	32	1173	38
/Users/chrishafley/projects/typescript-go/internal/ast/ast_generated.go	0	439	418965	10053
/Users/chrishafley/projects/typescript-go/internal/fourslash/tests/completionAfterExtendsL10nInJs_test.go	0	42	829	43
/Users/chrishafley/projects/typescript-go/internal/fourslash/tests/getEditsForFileRename_cssImport4_test.go	0	44	1068	41
/Users/chrishafley/projects/typescript-go/internal/fourslash/tests/codeLensInterface01_test.go	0	47	1404	63
/Users/chrishafley/projects/typescript-go/internal/fourslash/tests/findAllRefsParameterPropertyWithConflictingMember_test.go	0	56	717	38
/Users/chrishafley/projects/typescript-go/internal/fourslash/tests/organizeImports_exportLeadingComment_test.go	0	52	1257	64
/Users/chrishafley/projects/typescript-go/internal/fourslash/tests/signatureHelpUnresolvedTypeErrorRecovery_test.go	0	52	948	26
/Users/chrishafley/projects/typescript-go/internal/fourslash/tests/importModuleSpecifierEnding_test.go	0	58	4347	120
/Users/chrishafley/projects/typescript-go/internal/fourslash/tests/completionFilterText4_test.go	0	42	1320	44
/Users/chrishafley/projects/typescript-go/internal/fourslash/tests/unreachableCodeDiagnostics_test.go	0	50	507	22
/Users/chrishafley/projects/typescript-go/internal/fourslash/tests/quickInfoContextualObjectMethodJSDoc_test.go	0	44	732	31
/Users/chrishafley/projects/typescript-go/internal/fourslash/tests/inlayHintsPropertyDeclarationComputedName1_test.go	0	46	775	29
/Users/chrishafley/projects/typescript-go/internal/fourslash/tests/callHierarchyUnclosedTemplateExprNoCrash1_test.go	0	38	1137	29
/Users/chrishafley/projects/typescript-go/internal/fourslash/tests/completionsInJsxTag_test.go	0	49	3465	124
/Users/chrishafley/projects/typescript-go/internal/fourslash/tests/findAllRefsInheritedProperties1VS_test.go	0	38	701	25
/Users/chrishafley/projects/typescript-go/internal/fourslash/tests/codeFixImportNonTextualSpecifierText_test.go	0	51	760	27
/Users/chrishafley/projects/typescript-go/internal/fourslash/tests/goToImplementationReexportedTypeOnlyNamespace3_test.go	0	43	1015	33
/Users/chrishafley/projects/typescript-go/internal/fourslash/tests/quickInfoJSDocTypedefPropertyWithInvalidTag_test.go	0	59	2511	87
/Users/chrishafley/projects/typescript-go/internal/fourslash/tests/codeFixMissingTypeAnnotationOnExports_arrowParens_test.go	0	55	708	22
/Users/chrishafley/projects/typescript-go/internal/fourslash/tests/completionsInJsxTagDifferentSpreadElementTypes_test.go	0	44	2030	64
/Users/chrishafley/projects/typescript-go/internal/fourslash/tests/goToDefinitionPreferSourceDefinition_test.go	0	57	2331	57
/Users/chrishafley/projects/typescript-go/internal/fourslash/tests/goToImplementationReachingNonExistentExport1_test.go	0	61	694	27
/Users/chrishafley/projects/typescript-go/internal/fourslash/tests/quickInfoObjectTypeMultiline_test.go	0	51	533	24
/Users/chrishafley/projects/typescript-go/internal/fourslash/tests/stateimplementations_test.go	0	43	2552	121
/Users/chrishafley/projects/typescript-go/internal/fourslash/tests/tsxFindAllReferences1VS_test.go	0	47	814	29
/Users/chrishafley/projects/typescript-go/internal/fourslash/tests/destructuredIntersectionJSDoc_test.go	0	42	930	45
/Users/chrishafley/projects/typescript-go/internal/fourslash/tests/chineseCharacterDisplay_test.go	0	42	1722	52
/Users/chrishafley/projects/typescript-go/internal/fourslash/tests/documentHighlightJSDocThisFunctionExpressionNoCrash1_test.go	0	38	557	19
/Users/chrishafley/projects/typescript-go/internal/fourslash/tests/goToDefinitionObjectBindingPattern_test.go	0	40	1286	46
/Users/chrishafley/projects/typescript-go/internal/fourslash/tests/signatureHelpIncompleteJsxAttribute_test.go	0	41	898	24
/Users/chrishafley/projects/typescript-go/internal/fourslash/tests/quickinfoVerbosityNamespacePrivateTypes_test.go	0	49	818	28
/Users/chrishafley/projects/typescript-go/internal/fourslash/tests/formatDocumentNoCrashJsxNamespacedName2_test.go	0	37	558	20
/Users/chrishafley/projects/typescript-go/internal/fourslash/tests/inlayHintsElementAccess_test.go	0	40	807	31
/Users/chrishafley/projects/typescript-go/internal/fourslash/tests/completionsPathUnknownExtension_test.go	0	40	1271	55
/Users/chrishafley/projects/typescript-go/internal/fourslash/tests/basicBackspace_test.go	0	40	1193	43
/Users/chrishafley/projects/typescript-go/internal/fourslash/tests/goToSourceDefinitionTypes_test.go	0	41	3636	82
/Users/chrishafley/projects/typescript-go/internal/fourslash/tests/importAllowRenameOfImportPath_test.go	0	53	2018	66
/Users/chrishafley/projects/typescript-go/internal/fourslash/tests/util/util.go	0	109	50676	1580
/Users/chrishafley/projects/typescript-go/internal/fourslash/tests/hoverOptionalMembers_test.go	0	56	1794	88
/Users/chrishafley/projects/typescript-go/internal/fourslash/tests/goToSourceDefinitionProperties_test.go	0	35	4922	116
/Users/chrishafley/projects/typescript-go/internal/fourslash/tests/completionsJSDocSignature_test.go	0	50	1171	44
/Users/chrishafley/projects/typescript-go/internal/fourslash/tests/completionColonToken_test.go	0	48	954	40
/Users/chrishafley/projects/typescript-go/internal/fourslash/tests/completionInArrayLiteralAfterInvalidToken1_test.go	0	46	807	30
/Users/chrishafley/projects/typescript-go/internal/fourslash/tests/documentHighlightReferenceDirective_test.go	0	48	594	25
/Users/chrishafley/projects/typescript-go/internal/fourslash/tests/quickInfoDisplayPartsFunctionVS_test.go	0	48	1200	36
/Users/chrishafley/projects/typescript-go/internal/fourslash/tests/autoImportQuoteDetection_test.go	0	48	804	33
/Users/chrishafley/projects/typescript-go/internal/fourslash/tests/hoverMappedTypePropertyJSDoc_test.go	0	53	634	37
/Users/chrishafley/projects/typescript-go/internal/fourslash/tests/contentMapperCompletions_test.go	0	51	5241	163
/Users/chrishafley/projects/typescript-go/internal/fourslash/tests/getEditsForFileRename_jsRename_test.go	0	46	708	26
/Users/chrishafley/projects/typescript-go/internal/fourslash/tests/autoImportModuleAugmentation_test.go	0	57	619	30
/Users/chrishafley/projects/typescript-go/internal/fourslash/tests/formatSelectionAfterTemplateLiteral1_test.go	0	42	656	18
/Users/chrishafley/projects/typescript-go/internal/fourslash/tests/decoratorOnPrivateMethod_test.go	0	48	1025	36
/Users/chrishafley/projects/typescript-go/internal/fourslash/tests/completionInJSDocPropertyWithLinkNoCrash1_test.go	0	51	839	31
/Users/chrishafley/projects/typescript-go/internal/fourslash/tests/signatureHelpMalformedTaggedTemplateNoCrash1_test.go	0	49	670	25
/Users/chrishafley/projects/typescript-go/internal/fourslash/tests/goToImplementationReachingNonExistentExport3_test.go	0	49	731	30
/Users/chrishafley/projects/typescript-go/internal/fourslash/tests/completionListInUnclosedTypeArguments_test.go	0	49	2559	79
/Users/chrishafley/projects/typescript-go/internal/fourslash/tests/completionsAtTopLevelImportAssignmentNoCrash1_test.go	0	42	808	33
/Users/chrishafley/projects/typescript-go/internal/fourslash/tests/quickinfoVerbosityNamespaceMergedInterfaceHeritage_test.go	0	53	723	35
/Users/chrishafley/projects/typescript-go/internal/fourslash/tests/goToSourceDefinitionTripleSlashUnresolved_test.go	0	53	709	21
/Users/chrishafley/projects/typescript-go/internal/fourslash/tests/goToSourceDefinitionEmptyAndMissing_test.go	0	47	2014	48
/Users/chrishafley/projects/typescript-go/internal/fourslash/tests/autoImportSpecifierExcludeRegexes_test.go	0	35	1752	54
/Users/chrishafley/projects/typescript-go/internal/fourslash/tests/callHierarchyIncomingCallsNoCrashArrayPush_test.go	0	45	812	33
/Users/chrishafley/projects/typescript-go/internal/fourslash/tests/quickinfoVerbosityIncreaseDecrease_test.go	0	48	1624	64
/Users/chrishafley/projects/typescript-go/internal/fourslash/tests/goToSourceDefinitionPropertyAccessNoDecl_test.go	0	43	3394	75
/Users/chrishafley/projects/typescript-go/internal/fourslash/tests/organizeImportsShebang_test.go	0	48	846	39
/Users/chrishafley/projects/typescript-go/internal/fourslash/tests/contentMapperDocumentSymbols_test.go	0	44	938	32
/Users/chrishafley/projects/typescript-go/internal/fourslash/tests/goToImplementationReexportedTypeOnlyNamespace1_test.go	0	46	960	32
/Users/chrishafley/projects/typescript-go/internal/fourslash/tests/contentMapperRangeFeatures_test.go	0	33	786	26
/Users/chrishafley/projects/typescript-go/internal/fourslash/tests/contentMapperTypeDefinition_test.go	0	48	1188	39
/Users/chrishafley/projects/typescript-go/internal/fourslash/tests/documentHighlightTypeParameterConstraintExpressionNoCrash1_test.go	0	45	574	20
/Users/chrishafley/projects/typescript-go/internal/fourslash/tests/formattingOverrideKeyword_test.go	0	38	555	21
/Users/chrishafley/projects/typescript-go/internal/fourslash/tests/signatureHelpNestedTypeArgumentGTBalance_test.go	0	39	1112	33
/Users/chrishafley/projects/typescript-go/internal/fourslash/tests/goToSourceDefinitionTripleSlash_test.go	0	42	2455	56
/Users/chrishafley/projects/typescript-go/internal/fourslash/tests/formatDocumentZeroTabSize_test.go	0	43	792	28
/Users/chrishafley/projects/typescript-go/internal/fourslash/tests/signatureHelpAnonymousType_test.go	0	39	521	19
/Users/chrishafley/projects/typescript-go/internal/fourslash/tests/autoImportReexportOfCrossPackageAugmentation_test.go	0	51	1767	49
/Users/chrishafley/projects/typescript-go/internal/fourslash/tests/basicMultifileCompletions_test.go	0	56	1175	39
/Users/chrishafley/projects/typescript-go/internal/fourslash/tests/autoImportSymlinkedMonorepoProjectReferences_test.go	0	36	2554	78
/Users/chrishafley/projects/typescript-go/internal/fourslash/tests/contentMapperSupplementalDefinition_test.go	0	56	1347	41
/Users/chrishafley/projects/typescript-go/internal/fourslash/tests/pathCompletionsPartialPath_test.go	0	54	6556	206
/Users/chrishafley/projects/typescript-go/internal/fourslash/tests/contentMapperDiagnostics_test.go	0	53	1901	61
/Users/chrishafley/projects/typescript-go/internal/fourslash/tests/contentMapperAutoImports_test.go	0	43	7382	228
/Users/chrishafley/projects/typescript-go/internal/fourslash/tests/goToSourceDefinition_test.go	0	42	9425	213
/Users/chrishafley/projects/typescript-go/internal/fourslash/tests/contentMapperEditSafety_test.go	0	43	2803	79
/Users/chrishafley/projects/typescript-go/internal/fourslash/tests/autoImportSymlinkedMonorepo_test.go	0	38	1756	42
/Users/chrishafley/projects/typescript-go/internal/fourslash/tests/goToDefinitionOnInvalidParameterDecorator_test.go	0	55	478	19
/Users/chrishafley/projects/typescript-go/internal/fourslash/tests/goToSourceDefinitionImports_test.go	0	51	12378	278
/Users/chrishafley/projects/typescript-go/internal/fourslash/tests/statedeclarationmaps_test.go	0	48	12012	431
/Users/chrishafley/projects/typescript-go/internal/fourslash/tests/findReferencesAcrossMultipleProjectsVS_test.go	0	53	734	25
/Users/chrishafley/projects/typescript-go/internal/fourslash/tests/renameImportSpecifierNoResourceOperations_test.go	0	41	856	28
/Users/chrishafley/projects/typescript-go/internal/fourslash/tests/goToImplementationReachingNonExistentExport2_test.go	0	50	744	30
/Users/chrishafley/projects/typescript-go/internal/fourslash/tests/constructorFindAllReferences1VS_test.go	0	36	641	23
/Users/chrishafley/projects/typescript-go/internal/fourslash/tests/goToDefinitionGetterReturningCallableInterface_test.go	0	57	888	31
/Users/chrishafley/projects/typescript-go/internal/fourslash/tests/statefindallrefs_test.go	0	62	32670	1206
/Users/chrishafley/projects/typescript-go/internal/fourslash/tests/classMemberCompletion_test.go	0	47	1818	66
/Users/chrishafley/projects/typescript-go/internal/fourslash/tests/completionJSDocNoCrash2_test.go	0	36	955	33
/Users/chrishafley/projects/typescript-go/internal/fourslash/tests/completionImportKeywordNoCrash_test.go	0	49	1562	55
/Users/chrishafley/projects/typescript-go/internal/fourslash/tests/basicClassElementKeywords_test.go	0	34	764	28
/Users/chrishafley/projects/typescript-go/internal/fourslash/tests/quickinfoVerbosityNamespaceMembers_test.go	0	37	836	37
/Users/chrishafley/projects/typescript-go/internal/fourslash/tests/autoImportTypedefMissingName_test.go	0	45	632	25
/Users/chrishafley/projects/typescript-go/internal/fourslash/tests/quickinfoVerbosityAbstractClass_test.go	0	47	635	24
/Users/chrishafley/projects/typescript-go/internal/fourslash/tests/goToImplementationInterfaceObjectLiteral_test.go	0	40	629	25
/Users/chrishafley/projects/typescript-go/internal/fourslash/tests/quickinfoVerbosityConstMergedWithNamespace_test.go	0	41	746	27
/Users/chrishafley/projects/typescript-go/internal/fourslash/tests/codeLensShowOnAllClassMethods_test.go	0	50	1363	47
/Users/chrishafley/projects/typescript-go/internal/fourslash/tests/completionListDefaultTypeArgumentPositionTypeOnly_test.go	0	48	836	28
/Users/chrishafley/projects/typescript-go/internal/fourslash/tests/stringCompletionDetails_test.go	0	45	1272	42
/Users/chrishafley/projects/typescript-go/internal/fourslash/tests/quickInfoJSDocLinkBackticks_test.go	0	53	1011	33
/Users/chrishafley/projects/typescript-go/internal/fourslash/tests/completionWithUnterminatedJSDocEndingWithAt2_test.go	0	49	1079	36
/Users/chrishafley/projects/typescript-go/internal/fourslash/tests/signatureHelpJsxTextLessThanTrigger_test.go	0	40	872	34
/Users/chrishafley/projects/typescript-go/internal/fourslash/tests/basicJSDocCompletions_test.go	0	38	2891	124
/Users/chrishafley/projects/typescript-go/internal/fourslash/tests/contentMapperRename_test.go	0	43	2669	91
/Users/chrishafley/projects/typescript-go/internal/fourslash/tests/hoverSelfReExportedNamespaceGenericNoCrash_test.go	0	43	1826	60
/Users/chrishafley/projects/typescript-go/internal/fourslash/tests/goToImplementationNoCrashTripleSlashRef2_test.go	0	46	670	25
/Users/chrishafley/projects/typescript-go/internal/fourslash/tests/signatureHelpApplicableRange_test.go	0	48	642	27
/Users/chrishafley/projects/typescript-go/internal/fourslash/tests/documentHighlightsExportEqualsInMergedNamespace_test.go	0	54	538	22
/Users/chrishafley/projects/typescript-go/internal/fourslash/tests/goToSourceDefinitionNestedScope_test.go	0	48	2427	58
/Users/chrishafley/projects/typescript-go/internal/fourslash/tests/gen/autoImportProvider_importsMap2_test.go	0	55	1165	41
/Users/chrishafley/projects/typescript-go/internal/fourslash/tests/gen/formattingTypeInfer_test.go	0	52	2265	53
/Users/chrishafley/projects/typescript-go/internal/fourslash/tests/gen/renameJsSpecialAssignmentRhs2_test.go	0	50	774	30
/Users/chrishafley/projects/typescript-go/internal/fourslash/tests/gen/completionListOnVarBetweenModules_test.go	0	44	1126	44
/Users/chrishafley/projects/typescript-go/internal/fourslash/tests/gen/findAllRefsClassExpression1_test.go	0	49	736	26
/Users/chrishafley/projects/typescript-go/internal/fourslash/tests/gen/smartSelection_JSDocTags13_test.go	0	51	716	27
/Users/chrishafley/projects/typescript-go/internal/fourslash/tests/gen/quickInfoMeaning_test.go	0	60	2960	100
/Users/chrishafley/projects/typescript-go/internal/fourslash/tests/gen/renameRest_test.go	0	57	753	28
/Users/chrishafley/projects/typescript-go/internal/fourslash/tests/gen/organizeImportsAttributes3_test.go	0	64	1299	40
/Users/chrishafley/projects/typescript-go/internal/fourslash/tests/gen/completionsJSDocNoCrash3_test.go	0	64	1435	50
/Users/chrishafley/projects/typescript-go/internal/fourslash/tests/gen/quickInfoGenerics_test.go	0	45	2692	58
/Users/chrishafley/projects/typescript-go/internal/fourslash/tests/gen/deduplicateDuplicateMergedBindCheckErrors_test.go	0	63	698	28
/Users/chrishafley/projects/typescript-go/internal/fourslash/tests/gen/goToDefinitionOverriddenMember3_test.go	0	60	739	28
/Users/chrishafley/projects/typescript-go/internal/fourslash/tests/gen/findAllRefsTypedef_importType_test.go	0	57	793	28
/Users/chrishafley/projects/typescript-go/internal/fourslash/tests/gen/completionListInObjectLiteral3_test.go	0	59	1093	40
/Users/chrishafley/projects/typescript-go/internal/fourslash/tests/gen/jsdocDeprecated_suggestion20_test.go	0	45	1518	51
/Users/chrishafley/projects/typescript-go/internal/fourslash/tests/gen/tsxFindAllReferences10_test.go	0	52	1488	48
/Users/chrishafley/projects/typescript-go/internal/fourslash/tests/gen/getOccurrencesThis6_test.go	0	50	3473	196
/Users/chrishafley/projects/typescript-go/internal/fourslash/tests/gen/codeFixImportNonExportedMember5_test.go	0	43	802	27
/Users/chrishafley/projects/typescript-go/internal/fourslash/tests/gen/completionListAtIdentifierDefinitionLocations_Generics_test.go	0	45	790	26
/Users/chrishafley/projects/typescript-go/internal/fourslash/tests/gen/goToDefinitionOverriddenMember20_test.go	0	37	813	32
/Users/chrishafley/projects/typescript-go/internal/fourslash/tests/gen/findAllRefsOnDecorators_test.go	0	45	816	31
/Users/chrishafley/projects/typescript-go/internal/fourslash/tests/gen/findAllRefsUnresolvedSymbols2_test.go	0	48	876	28
/Users/chrishafley/projects/typescript-go/internal/fourslash/tests/gen/autoImportTypeImport4_test.go	0	51	4025	128
/Users/chrishafley/projects/typescript-go/internal/fourslash/tests/gen/completionEntryForDeferredMappedTypeMembers_test.go	0	53	1217	41
/Users/chrishafley/projects/typescript-go/internal/fourslash/tests/gen/semanticModernClassificationCallableVariables2_test.go	0	53	1589	42
/Users/chrishafley/projects/typescript-go/internal/fourslash/tests/gen/quickInfoInInvalidIndexSignature_test.go	0	48	720	21
/Users/chrishafley/projects/typescript-go/internal/fourslash/tests/gen/renameImportAndExportInDiffFiles_test.go	0	60	1033	26
/Users/chrishafley/projects/typescript-go/internal/fourslash/tests/gen/completionsForSelfTypeParameterInConstraint1_test.go	0	51	1255	39
/Users/chrishafley/projects/typescript-go/internal/fourslash/tests/gen/renameCrossJsTs01_test.go	0	57	848	26
/Users/chrishafley/projects/typescript-go/internal/fourslash/tests/gen/formatSelectionPreserveTrailingWhitespace_test.go	0	42	883	36
/Users/chrishafley/projects/typescript-go/internal/fourslash/tests/gen/goToDefinitionRest_test.go	0	55	715	28
/Users/chrishafley/projects/typescript-go/internal/fourslash/tests/gen/stringLiteralCompletionsForTypeIndexedAccess_test.go	0	52	1501	50
/Users/chrishafley/projects/typescript-go/internal/fourslash/tests/gen/completionForStringLiteralNonrelativeImport17_test.go	0	40	1257	44
/Users/chrishafley/projects/typescript-go/internal/fourslash/tests/gen/getJavaScriptCompletions18_test.go	0	50	1817	65
/Users/chrishafley/projects/typescript-go/internal/fourslash/tests/gen/renameModuleExportsProperties2_test.go	0	46	712	22
/Users/chrishafley/projects/typescript-go/internal/fourslash/tests/gen/autoImportProvider_exportMap3_test.go	0	39	2248	75
/Users/chrishafley/projects/typescript-go/internal/fourslash/tests/gen/referencesForMergedDeclarations_test.go	0	46	823	33
/Users/chrishafley/projects/typescript-go/internal/fourslash/tests/gen/findAllRefsRedeclaredPropertyInDerivedInterface_test.go	0	40	830	29
/Users/chrishafley/projects/typescript-go/internal/fourslash/tests/gen/findAllRefsReExportStarAs_test.go	0	57	950	28
/Users/chrishafley/projects/typescript-go/internal/fourslash/tests/gen/formatTsx_test.go	0	46	701	23
/Users/chrishafley/projects/typescript-go/internal/fourslash/tests/gen/codeFixClassImplementInterfaceIndexSignaturesNoFix_test.go	0	57	713	25
/Users/chrishafley/projects/typescript-go/internal/fourslash/tests/gen/signatureHelpWithInvalidArgumentList1_test.go	0	60	728	23
/Users/chrishafley/projects/typescript-go/internal/fourslash/tests/gen/docCommentTemplateClassDeclMethods02_test.go	0	64	1044	39
/Users/chrishafley/projects/typescript-go/internal/fourslash/tests/gen/moduleMembersOfGenericType_test.go	0	44	1181	40
/Users/chrishafley/projects/typescript-go/internal/fourslash/tests/gen/signatureHelpImplicitConstructor_test.go	0	44	804	24
/Users/chrishafley/projects/typescript-go/internal/fourslash/tests/gen/completionListInTypedObjectLiterals2_test.go	0	48	1054	37
/Users/chrishafley/projects/typescript-go/internal/fourslash/tests/gen/jsDocTypeTagQuickInfo2_test.go	0	45	1106	48
/Users/chrishafley/projects/typescript-go/internal/fourslash/tests/gen/codeFixClassImplementInterfaceWithAmbientSignatures1_test.go	0	64	1298	45
/Users/chrishafley/projects/typescript-go/internal/fourslash/tests/gen/quickInfoDisplayPartsClassIncomplete_test.go	0	45	616	22
/Users/chrishafley/projects/typescript-go/internal/fourslash/tests/gen/quickinfoVerbosityTuple_test.go	0	49	1121	38
/Users/chrishafley/projects/typescript-go/internal/fourslash/tests/gen/codeFixMissingTypeAnnotationOnExports9_test.go	0	50	899	35
/Users/chrishafley/projects/typescript-go/internal/fourslash/tests/gen/gotoDefinitionInObjectBindingPattern1_test.go	0	37	781	27
/Users/chrishafley/projects/typescript-go/internal/fourslash/tests/gen/signatureHelpJSDocTags_test.go	0	42	1700	78
/Users/chrishafley/projects/typescript-go/internal/fourslash/tests/gen/quickInfoDisplayPartsFunction_test.go	0	39	1245	39
/Users/chrishafley/projects/typescript-go/internal/fourslash/tests/gen/renamePropertyAccessExpressionHeritageClause_test.go	0	51	804	26
/Users/chrishafley/projects/typescript-go/internal/fourslash/tests/gen/importTypesDeclarationDiagnosticsNoServerError_test.go	0	44	845	30
/Users/chrishafley/projects/typescript-go/internal/fourslash/tests/gen/inlayHintsNoHintWhenArgumentMatchesName_test.go	0	34	1076	29
/Users/chrishafley/projects/typescript-go/internal/fourslash/tests/gen/inlayHintsInteractiveVariableTypes1_test.go	0	38	1284	42
/Users/chrishafley/projects/typescript-go/internal/fourslash/tests/gen/quickInfoJsDocAlias_test.go	0	38	741	30
/Users/chrishafley/projects/typescript-go/internal/fourslash/tests/gen/stringCompletionsVsEscaping_test.go	0	44	4227	130
/Users/chrishafley/projects/typescript-go/internal/fourslash/tests/gen/referencesForMergedDeclarations4_test.go	0	45	1009	39
/Users/chrishafley/projects/typescript-go/internal/fourslash/tests/gen/quickinfoVerbosity3_test.go	0	46	1338	51
/Users/chrishafley/projects/typescript-go/internal/fourslash/tests/gen/getOutliningSpansForRegionsNoSingleLineFolds_test.go	0	75	820	37
/Users/chrishafley/projects/typescript-go/internal/fourslash/tests/gen/completionListCladule_test.go	0	73	2193	75
/Users/chrishafley/projects/typescript-go/internal/fourslash/tests/gen/findAllReferencesLinkTag2_test.go	0	53	1321	46
/Users/chrishafley/projects/typescript-go/internal/fourslash/tests/gen/goToImplementationInterfaceProperty_01_test.go	0	45	771	29
/Users/chrishafley/projects/typescript-go/internal/fourslash/tests/gen/completionListInTypeLiteralInTypeParameter17_test.go	0	51	2680	93
/Users/chrishafley/projects/typescript-go/internal/fourslash/tests/gen/tsxSignatureHelp2_test.go	0	55	1786	45
/Users/chrishafley/projects/typescript-go/internal/fourslash/tests/gen/goToDefinitionExternalModuleName6_test.go	0	53	721	26
/Users/chrishafley/projects/typescript-go/internal/fourslash/tests/gen/navigationBarItemsModules1_test.go	0	56	874	45
/Users/chrishafley/projects/typescript-go/internal/fourslash/tests/gen/jsdocTypedefTagRename01_test.go	0	43	953	33
/Users/chrishafley/projects/typescript-go/internal/fourslash/tests/gen/basicClassMembers_test.go	0	35	1144	42
/Users/chrishafley/projects/typescript-go/internal/fourslash/tests/gen/codeFixMissingTypeAnnotationOnExports35-variable-releative_test.go	0	39	944	30
/Users/chrishafley/projects/typescript-go/internal/fourslash/tests/gen/navigationBarItemsBindingPatternsInConstructor_test.go	0	35	746	30
/Users/chrishafley/projects/typescript-go/internal/fourslash/tests/gen/memberListOnFunctionParameter_test.go	0	42	1110	39
/Users/chrishafley/projects/typescript-go/internal/fourslash/tests/gen/signatureHelpOnSuperWhenMembersAreNotResolved_test.go	0	34	852	29
/Users/chrishafley/projects/typescript-go/internal/fourslash/tests/gen/importNameCodeFixNewImportAllowSyntheticDefaultImports1_test.go	0	40	901	33
/Users/chrishafley/projects/typescript-go/internal/fourslash/tests/gen/goToImplementationNamespace_01_test.go	0	37	689	25
/Users/chrishafley/projects/typescript-go/internal/fourslash/tests/gen/memberListInWithBlock3_test.go	0	38	989	34
/Users/chrishafley/projects/typescript-go/internal/fourslash/tests/gen/completionListOutsideOfForLoop01_test.go	0	45	991	33
/Users/chrishafley/projects/typescript-go/internal/fourslash/tests/gen/renameLabel3_test.go	0	44	708	26
/Users/chrishafley/projects/typescript-go/internal/fourslash/tests/gen/quickInfoOnGenericClass_test.go	0	46	634	23
/Users/chrishafley/projects/typescript-go/internal/fourslash/tests/gen/quickInfoGenericCombinators2_test.go	0	45	4752	105
/Users/chrishafley/projects/typescript-go/internal/fourslash/tests/gen/formatRemoveSpaceBetweenDotDotDotAndTypeName_test.go	0	38	779	26
/Users/chrishafley/projects/typescript-go/internal/fourslash/tests/gen/getOccurrencesStatic1_test.go	0	41	1897	74
/Users/chrishafley/projects/typescript-go/internal/fourslash/tests/gen/referencesForStringLiteralPropertyNames6_test.go	0	37	719	23
/Users/chrishafley/projects/typescript-go/internal/fourslash/tests/gen/autoImportPackageJsonImportsLength1_test.go	0	40	876	31
/Users/chrishafley/projects/typescript-go/internal/fourslash/tests/gen/formatAfterObjectLiteral_test.go	0	43	701	23
/Users/chrishafley/projects/typescript-go/internal/fourslash/tests/gen/getOccurrencesIsDefinitionOfClass_test.go	0	40	722	27
/Users/chrishafley/projects/typescript-go/internal/fourslash/tests/gen/functionIndentation_test.go	0	45	1481	96
/Users/chrishafley/projects/typescript-go/internal/fourslash/tests/gen/lambdaThisMembers_test.go	0	49	1058	41
/Users/chrishafley/projects/typescript-go/internal/fourslash/tests/gen/codeFixMissingTypeAnnotationOnExports18_test.go	0	45	993	34
/Users/chrishafley/projects/typescript-go/internal/fourslash/tests/gen/syntacticClassifications1_test.go	0	49	1192	47
/Users/chrishafley/projects/typescript-go/internal/fourslash/tests/gen/renameLocationsForFunctionExpression01_test.go	0	37	738	23
/Users/chrishafley/projects/typescript-go/internal/fourslash/tests/gen/semicolonFormattingAfterArrayLiteral_test.go	0	45	660	23
/Users/chrishafley/projects/typescript-go/internal/fourslash/tests/gen/completionsECMAPrivateMemberTriggerCharacter_test.go	0	55	1459	54
/Users/chrishafley/projects/typescript-go/internal/fourslash/tests/gen/completionsObjectLiteralUnionTemplateLiteralType_test.go	0	43	1766	66
/Users/chrishafley/projects/typescript-go/internal/fourslash/tests/gen/goToDefinitionInstanceof1_test.go	0	43	683	25
/Users/chrishafley/projects/typescript-go/internal/fourslash/tests/gen/completionsAtTypeArguments_test.go	0	49	1105	39
/Users/chrishafley/projects/typescript-go/internal/fourslash/tests/gen/findAllReferencesOfConstructor_test.go	0	49	1205	52
/Users/chrishafley/projects/typescript-go/internal/fourslash/tests/gen/completionListInObjectBindingPattern11_test.go	0	63	1095	38
/Users/chrishafley/projects/typescript-go/internal/fourslash/tests/gen/signatureHelpExpandedRestTuples_test.go	0	60	1704	32
/Users/chrishafley/projects/typescript-go/internal/fourslash/tests/gen/getJavaScriptSyntacticDiagnostics18_test.go	0	54	843	31
/Users/chrishafley/projects/typescript-go/internal/fourslash/tests/gen/findAllRefsOnImportAliases2_test.go	0	55	1253	28
/Users/chrishafley/projects/typescript-go/internal/fourslash/tests/gen/completionsWithDeprecatedTag7_test.go	0	51	1493	51
/Users/chrishafley/projects/typescript-go/internal/fourslash/tests/gen/completionListInObjectBindingPattern01_test.go	0	52	1109	40
/Users/chrishafley/projects/typescript-go/internal/fourslash/tests/gen/jsxFindAllReferencesOnRuntimeImportWithPaths1_test.go	0	88	1367	47
/Users/chrishafley/projects/typescript-go/internal/fourslash/tests/gen/completionsAugmentedTypesClass2_test.go	0	79	1582	54
/Users/chrishafley/projects/typescript-go/internal/fourslash/tests/gen/smartSelection_loneVariableDeclaration_test.go	0	56	626	21
/Users/chrishafley/projects/typescript-go/internal/fourslash/tests/gen/autoImportPackageJsonImportsPreference3_test.go	0	71	999	32
/Users/chrishafley/projects/typescript-go/internal/fourslash/tests/gen/findAllRefsThisKeywordMultipleFiles_test.go	0	79	872	29
/Users/chrishafley/projects/typescript-go/internal/fourslash/tests/gen/occurrences01_test.go	0	43	871	32
/Users/chrishafley/projects/typescript-go/internal/fourslash/tests/gen/formattingOfChainedLambda_test.go	0	44	702	23
/Users/chrishafley/projects/typescript-go/internal/fourslash/tests/gen/incrementalParsingDynamicImport4_test.go	0	49	822	29
/Users/chrishafley/projects/typescript-go/internal/fourslash/tests/gen/renameJsPrototypeProperty01_test.go	0	46	799	27
/Users/chrishafley/projects/typescript-go/internal/fourslash/tests/gen/renameCommentsAndStrings4_test.go	0	45	976	30
/Users/chrishafley/projects/typescript-go/internal/fourslash/tests/gen/getOccurrencesTryCatchFinally_test.go	0	40	844	36
/Users/chrishafley/projects/typescript-go/internal/fourslash/tests/gen/referencesForClassMembersExtendingGenericClass_test.go	0	32	893	32
/Users/chrishafley/projects/typescript-go/internal/fourslash/tests/gen/goToDefinitionAwait4_test.go	0	44	707	25
/Users/chrishafley/projects/typescript-go/internal/fourslash/tests/gen/referencesBloomFilters_test.go	0	47	894	28
/Users/chrishafley/projects/typescript-go/internal/fourslash/tests/gen/jsdocLink_findAllReferences1_test.go	0	42	662	25
/Users/chrishafley/projects/typescript-go/internal/fourslash/tests/gen/codeFixClassImplementInterface_all_test.go	0	45	1133	41
/Users/chrishafley/projects/typescript-go/internal/fourslash/tests/gen/findAllRefsForVariableInExtendsClause01_test.go	0	46	690	22
/Users/chrishafley/projects/typescript-go/internal/fourslash/tests/gen/goToDefinition_untypedModule_test.go	0	44	719	25
/Users/chrishafley/projects/typescript-go/internal/fourslash/tests/gen/codeFixMissingTypeAnnotationOnExports53-nested-generic-types_test.go	0	41	1072	33
/Users/chrishafley/projects/typescript-go/internal/fourslash/tests/gen/formatLiteralTypeInUnionOrIntersectionType_test.go	0	46	982	52
/Users/chrishafley/projects/typescript-go/internal/fourslash/tests/gen/codeFixClassExtendAbstractSomePropertiesPresent_test.go	0	59	886	34
/Users/chrishafley/projects/typescript-go/internal/fourslash/tests/gen/addInterfaceToNotSatisfyConstraint_test.go	0	46	735	30
/Users/chrishafley/projects/typescript-go/internal/fourslash/tests/gen/jsdocDeprecated_suggestion8_test.go	0	55	834	29
/Users/chrishafley/projects/typescript-go/internal/fourslash/tests/gen/organizeImports17_test.go	0	37	1075	33
/Users/chrishafley/projects/typescript-go/internal/fourslash/tests/gen/failureToImplementClass_test.go	0	36	758	25
/Users/chrishafley/projects/typescript-go/internal/fourslash/tests/gen/renameForDefaultExport06_test.go	0	38	798	31
/Users/chrishafley/projects/typescript-go/internal/fourslash/tests/gen/referencesForInheritedProperties_test.go	0	44	877	40
/Users/chrishafley/projects/typescript-go/internal/fourslash/tests/gen/completionListInUnclosedTaggedTemplate02_test.go	0	42	1050	35
/Users/chrishafley/projects/typescript-go/internal/fourslash/tests/gen/completionListInTemplateLiteralPartsNegatives1_test.go	0	48	773	23
/Users/chrishafley/projects/typescript-go/internal/fourslash/tests/gen/goToDefinitionUndefinedSymbols_test.go	0	47	779	24
/Users/chrishafley/projects/typescript-go/internal/fourslash/tests/gen/importNameCodeFixExistingImport8_test.go	0	46	809	29
/Users/chrishafley/projects/typescript-go/internal/fourslash/tests/gen/gotoDefinitionLinkTag2_test.go	0	41	644	24
/Users/chrishafley/projects/typescript-go/internal/fourslash/tests/gen/syntacticClassificationsFunctionWithComments_test.go	0	41	1059	35
/Users/chrishafley/projects/typescript-go/internal/fourslash/tests/gen/codeFixClassImplementInterfaceArrayTuple_test.go	0	47	992	41
/Users/chrishafley/projects/typescript-go/internal/fourslash/tests/gen/documentHighlights01_test.go	0	45	803	27
/Users/chrishafley/projects/typescript-go/internal/fourslash/tests/gen/codeFixInferFromUsageMember3_test.go	0	51	704	25
/Users/chrishafley/projects/typescript-go/internal/fourslash/tests/gen/signatureHelpTrailingRestTuple_test.go	0	43	1553	31
/Users/chrishafley/projects/typescript-go/internal/fourslash/tests/gen/formattingTemplatesWithNewline_test.go	0	48	691	25
/Users/chrishafley/projects/typescript-go/internal/fourslash/tests/gen/importNameCodeFixUMDGlobalReact0_test.go	0	50	1487	54
/Users/chrishafley/projects/typescript-go/internal/fourslash/tests/gen/completionsClassMemberImportTypeNodeParameter4_test.go	0	44	1710	53
/Users/chrishafley/projects/typescript-go/internal/fourslash/tests/gen/restArgSignatureHelp_test.go	0	50	718	23
/Users/chrishafley/projects/typescript-go/internal/fourslash/tests/gen/completionListOnMethodParameterName_test.go	0	44	644	24
/Users/chrishafley/projects/typescript-go/internal/fourslash/tests/gen/smartSelection_comment1_test.go	0	44	614	21
/Users/chrishafley/projects/typescript-go/internal/fourslash/tests/gen/augmentedTypesClass3Fourslash_test.go	0	46	1348	41
/Users/chrishafley/projects/typescript-go/internal/fourslash/tests/gen/findAllRefsPrivateNameProperties_test.go	0	39	916	39
/Users/chrishafley/projects/typescript-go/internal/fourslash/tests/gen/navigationBarItemsComputedNames_test.go	0	39	803	42
/Users/chrishafley/projects/typescript-go/internal/fourslash/tests/gen/completionsImport_named_namespaceImportExists_test.go	0	37	1881	57
/Users/chrishafley/projects/typescript-go/internal/fourslash/tests/gen/formatTypeAnnotation2_test.go	0	38	796	30
/Users/chrishafley/projects/typescript-go/internal/fourslash/tests/gen/findAllRefsObjectBindingElementPropertyName10_test.go	0	35	777	27
/Users/chrishafley/projects/typescript-go/internal/fourslash/tests/gen/signatureHelpObjectCreationExpressionNoArgs_NotAvailable_test.go	0	43	740	22
/Users/chrishafley/projects/typescript-go/internal/fourslash/tests/gen/codeFixNegativeReplaceQualifiedNameWithIndexedAccessType01_test.go	0	50	759	26
/Users/chrishafley/projects/typescript-go/internal/fourslash/tests/gen/quickInfoDisplayPartsTypeAlias_test.go	0	47	667	24
/Users/chrishafley/projects/typescript-go/internal/fourslash/tests/gen/callHierarchyDecorator_test.go	0	39	703	32
/Users/chrishafley/projects/typescript-go/internal/fourslash/tests/gen/inlayHintsInteractiveAnyParameter2_test.go	0	39	982	34
/Users/chrishafley/projects/typescript-go/internal/fourslash/tests/gen/codeFixClassImplementInterfaceTypeParamInstantiateT_test.go	0	36	854	29
/Users/chrishafley/projects/typescript-go/internal/fourslash/tests/gen/goToDefinitionDynamicImport4_test.go	0	34	730	23
/Users/chrishafley/projects/typescript-go/internal/fourslash/tests/gen/autoImportCompletionExportListAugmentation1_test.go	0	38	2468	77
/Users/chrishafley/projects/typescript-go/internal/fourslash/tests/gen/renameParameterPropertyDeclaration4_test.go	0	40	800	25
/Users/chrishafley/projects/typescript-go/internal/fourslash/tests/gen/completionForStringLiteral12_test.go	0	49	1344	45
/Users/chrishafley/projects/typescript-go/internal/fourslash/tests/gen/ngProxy2_test.go	0	40	836	36
/Users/chrishafley/projects/typescript-go/internal/fourslash/tests/gen/formattingOnDoWhileNoSemicolon_test.go	0	40	1030	34
/Users/chrishafley/projects/typescript-go/internal/fourslash/tests/gen/organizeImportsPathsUnicode4_test.go	0	44	1759	56
/Users/chrishafley/projects/typescript-go/internal/fourslash/tests/gen/completionAfterBrace_test.go	0	40	941	34
/Users/chrishafley/projects/typescript-go/internal/fourslash/tests/gen/reallyLargeFile_test.go	0	54	584345	583727
/Users/chrishafley/projects/typescript-go/internal/fourslash/tests/gen/completionListInTypeLiteralInTypeParameter6_test.go	0	43	1138	43
/Users/chrishafley/projects/typescript-go/internal/fourslash/tests/gen/formattingInExpressionsInTsx_test.go	0	48	782	30
/Users/chrishafley/projects/typescript-go/internal/fourslash/tests/gen/completionAfterBackslashFollowingString_test.go	0	44	998	32
/Users/chrishafley/projects/typescript-go/internal/fourslash/tests/gen/formattingForLoopSemicolons_test.go	0	43	1338	40
/Users/chrishafley/projects/typescript-go/internal/fourslash/tests/gen/quickInfoDisplayPartsTypeParameterInFunction_test.go	0	55	799	28
/Users/chrishafley/projects/typescript-go/internal/fourslash/tests/gen/insertReturnStatementInDuplicateIdentifierFunction_test.go	0	55	789	26
/Users/chrishafley/projects/typescript-go/internal/fourslash/tests/gen/quickInfoDisplayPartsClassDefaultAnonymous_test.go	0	36	653	22
/Users/chrishafley/projects/typescript-go/internal/fourslash/tests/gen/navigationBarItemsTypeAlias_test.go	0	47	612	21
/Users/chrishafley/projects/typescript-go/internal/fourslash/tests/gen/codeFixAddMissingAttributes10_test.go	0	46	888	31
/Users/chrishafley/projects/typescript-go/internal/fourslash/tests/gen/goToTypeDefinitionUnionType_test.go	0	56	788	37
/Users/chrishafley/projects/typescript-go/internal/fourslash/tests/gen/signatureHelpOnNestedOverloads_test.go	0	41	1099	28
/Users/chrishafley/projects/typescript-go/internal/fourslash/tests/gen/thisBindingInLambda_test.go	0	57	682	27
/Users/chrishafley/projects/typescript-go/internal/fourslash/tests/gen/importTypeCompletions4_test.go	0	49	1590	54
/Users/chrishafley/projects/typescript-go/internal/fourslash/tests/gen/parameterWithNestedDestructuring_test.go	0	58	951	26
/Users/chrishafley/projects/typescript-go/internal/fourslash/tests/gen/completionListPrivateMembers_test.go	0	57	1087	43
/Users/chrishafley/projects/typescript-go/internal/fourslash/tests/gen/completionForStringLiteral_quotePreference2_test.go	0	54	1501	48
/Users/chrishafley/projects/typescript-go/internal/fourslash/tests/gen/getOccurrencesTryCatchFinally4_test.go	0	56	859	36
/Users/chrishafley/projects/typescript-go/internal/fourslash/tests/gen/findAllRefsJsDocTemplateTag_class_js_test.go	0	59	770	29
/Users/chrishafley/projects/typescript-go/internal/fourslash/tests/gen/identifierErrorRecovery_test.go	0	52	1190	41
/Users/chrishafley/projects/typescript-go/internal/fourslash/tests/gen/completionForStringLiteral_mappedTypeMembers_test.go	0	46	1579	57
/Users/chrishafley/projects/typescript-go/internal/fourslash/tests/gen/codeFixCorrectReturnValue27_test.go	0	47	644	21
/Users/chrishafley/projects/typescript-go/internal/fourslash/tests/gen/tsxQuickInfo7_test.go	0	47	2399	41
/Users/chrishafley/projects/typescript-go/internal/fourslash/tests/gen/signatureHelpForNonlocalTypeDoesNotUseImportType_test.go	0	41	897	28
/Users/chrishafley/projects/typescript-go/internal/fourslash/tests/gen/quickInfoParameter_skipThisParameter_test.go	0	49	699	22
/Users/chrishafley/projects/typescript-go/internal/fourslash/tests/gen/completionListInUnclosedFunction05_test.go	0	42	1153	41
/Users/chrishafley/projects/typescript-go/internal/fourslash/tests/gen/renameAcrossMultipleProjects_test.go	0	43	805	28
/Users/chrishafley/projects/typescript-go/internal/fourslash/tests/gen/formatSelectionWithTrivia2_test.go	0	46	667	28
/Users/chrishafley/projects/typescript-go/internal/fourslash/tests/gen/bestCommonTypeObjectLiterals_test.go	0	41	1395	39
/Users/chrishafley/projects/typescript-go/internal/fourslash/tests/gen/renameJsOverloadedFunctionParameter_test.go	0	38	882	38
/Users/chrishafley/projects/typescript-go/internal/fourslash/tests/gen/importNameCodeFixNewImportPaths0_test.go	0	40	888	36
/Users/chrishafley/projects/typescript-go/internal/fourslash/tests/gen/completionsImport_duplicatePackages_types_test.go	0	46	2783	80
/Users/chrishafley/projects/typescript-go/internal/fourslash/tests/gen/importCompletionsPackageJsonImportsPattern_js_test.go	0	45	1225	43
/Users/chrishafley/projects/typescript-go/internal/fourslash/tests/gen/goToDefinitionSignatureAlias_require_test.go	0	45	831	29
/Users/chrishafley/projects/typescript-go/internal/fourslash/tests/gen/completionListInUnclosedFunction15_test.go	0	40	1254	48
/Users/chrishafley/projects/typescript-go/internal/fourslash/tests/gen/quickInfoOnUnionPropertiesWithIdenticalJSDocComments01_test.go	0	37	1630	45
/Users/chrishafley/projects/typescript-go/internal/fourslash/tests/gen/contextualTypingOfGenericCallSignatures1_test.go	0	46	738	25
/Users/chrishafley/projects/typescript-go/internal/fourslash/tests/gen/quickInfoContextualTyping_test.go	0	53	13602	321
/Users/chrishafley/projects/typescript-go/internal/fourslash/tests/gen/signatureHelpCommentsClass_test.go	0	47	1563	77
/Users/chrishafley/projects/typescript-go/internal/fourslash/tests/gen/getOccurrencesSetAndGet2_test.go	0	41	1002	43
/Users/chrishafley/projects/typescript-go/internal/fourslash/tests/gen/jsdocSatisfiesTagRename_test.go	0	45	780	31
/Users/chrishafley/projects/typescript-go/internal/fourslash/tests/gen/completionListStringParenthesizedExpression_test.go	0	48	2338	89
/Users/chrishafley/projects/typescript-go/internal/fourslash/tests/gen/findAllReferencesDynamicImport2_test.go	0	53	893	27
/Users/chrishafley/projects/typescript-go/internal/fourslash/tests/gen/tsxFindAllReferencesUnionElementType1_test.go	0	50	1037	37
/Users/chrishafley/projects/typescript-go/internal/fourslash/tests/gen/squiggleIllegalClassExtension_test.go	0	47	682	22
/Users/chrishafley/projects/typescript-go/internal/fourslash/tests/gen/renameInheritedProperties5_test.go	0	38	771	28
/Users/chrishafley/projects/typescript-go/internal/fourslash/tests/gen/signatureHelpWithUnknown_test.go	0	45	591	21
/Users/chrishafley/projects/typescript-go/internal/fourslash/tests/gen/goToDefinitionSwitchCase4_test.go	0	50	720	27
/Users/chrishafley/projects/typescript-go/internal/fourslash/tests/gen/incompatibleOverride_test.go	0	55	975	32
/Users/chrishafley/projects/typescript-go/internal/fourslash/tests/gen/stringPropertyNames1_test.go	0	38	673	25
/Users/chrishafley/projects/typescript-go/internal/fourslash/tests/gen/inlayHintsFunctionParameterTypes2_test.go	0	39	1272	37
/Users/chrishafley/projects/typescript-go/internal/fourslash/tests/gen/renameImportOfReExport2_test.go	0	42	1449	35
/Users/chrishafley/projects/typescript-go/internal/fourslash/tests/gen/completionsObjectLiteralMethod1_test.go	0	57	8373	245
/Users/chrishafley/projects/typescript-go/internal/fourslash/tests/gen/jsDocPropertyDescription6_test.go	0	40	1181	32
/Users/chrishafley/projects/typescript-go/internal/fourslash/tests/gen/syntacticClassificationForJSDocTemplateTag_test.go	0	49	834	27
/Users/chrishafley/projects/typescript-go/internal/fourslash/tests/gen/quickInfoTypedGenericPrototypeMember_test.go	0	47	813	26
/Users/chrishafley/projects/typescript-go/internal/fourslash/tests/gen/completionListInComments3_test.go	0	42	1157	38
/Users/chrishafley/projects/typescript-go/internal/fourslash/tests/gen/moduleNodeNextAutoImport2_test.go	0	56	961	35
/Users/chrishafley/projects/typescript-go/internal/fourslash/tests/gen/findReferencesJSXTagName_test.go	0	71	1021	29
/Users/chrishafley/projects/typescript-go/internal/fourslash/tests/gen/formatonkey01_test.go	0	66	718	30
/Users/chrishafley/projects/typescript-go/internal/fourslash/tests/gen/jsxElementExtendsNoCrash1_test.go	0	63	629	22
/Users/chrishafley/projects/typescript-go/internal/fourslash/tests/gen/codeFixCorrectReturnValue5_test.go	0	44	621	23
/Users/chrishafley/projects/typescript-go/internal/fourslash/tests/gen/getOccurrencesIfElse2_test.go	0	44	967	42
/Users/chrishafley/projects/typescript-go/internal/fourslash/tests/gen/addInterfaceMemberAboveClass_test.go	0	42	847	32
/Users/chrishafley/projects/typescript-go/internal/fourslash/tests/gen/autoImportFileExcludePatterns8_test.go	0	43	1553	48
/Users/chrishafley/projects/typescript-go/internal/fourslash/tests/gen/completionInJsDoc_test.go	0	40	3306	147
/Users/chrishafley/projects/typescript-go/internal/fourslash/tests/gen/formattingInDestructuring3_test.go	0	35	1023	35
/Users/chrishafley/projects/typescript-go/internal/fourslash/tests/gen/quickInfoOnMergedInterfaces_test.go	0	35	886	35
/Users/chrishafley/projects/typescript-go/internal/fourslash/tests/gen/completionsAsserts_test.go	0	42	1118	36
/Users/chrishafley/projects/typescript-go/internal/fourslash/tests/gen/inlayHintsEnumMemberValue_test.go	0	44	874	29
/Users/chrishafley/projects/typescript-go/internal/fourslash/tests/gen/completionListOutsideOfClosedArrowFunction01_test.go	0	44	1019	35
/Users/chrishafley/projects/typescript-go/internal/fourslash/tests/gen/referencesForInheritedProperties9_test.go	0	46	734	30
/Users/chrishafley/projects/typescript-go/internal/fourslash/tests/gen/findAllRefs_importType_js_test.go	0	46	836	31
/Users/chrishafley/projects/typescript-go/internal/fourslash/tests/gen/completionsMergedDeclarations2_test.go	0	43	1661	56
/Users/chrishafley/projects/typescript-go/internal/fourslash/tests/gen/completionListAndMemberListOnCommentedWhiteSpace_test.go	0	56	786	32
/Users/chrishafley/projects/typescript-go/internal/fourslash/tests/gen/completionListInObjectLiteralAssignmentPattern1_test.go	0	39	1067	35
/Users/chrishafley/projects/typescript-go/internal/fourslash/tests/gen/findAllRefs_importType_meaningAtLocation_test.go	0	53	821	26
/Users/chrishafley/projects/typescript-go/internal/fourslash/tests/gen/genericParameterHelpTypeReferences_test.go	0	44	1935	48
/Users/chrishafley/projects/typescript-go/internal/fourslash/tests/gen/esModuleInteropFindAllReferences_test.go	0	37	774	28
/Users/chrishafley/projects/typescript-go/internal/fourslash/tests/gen/getOutliningSpansForImports_test.go	0	40	944	36
/Users/chrishafley/projects/typescript-go/internal/fourslash/tests/gen/quickInfoForObjectBindingElementName05_test.go	0	44	744	33
/Users/chrishafley/projects/typescript-go/internal/fourslash/tests/gen/quickInfoTemplateTag_test.go	0	43	941	31
/Users/chrishafley/projects/typescript-go/internal/fourslash/tests/gen/formatOnEnterOpenBraceAddNewLine_test.go	0	45	992	41
/Users/chrishafley/projects/typescript-go/internal/fourslash/tests/gen/typeErrorAfterStringCompletionsInNestedCall2_test.go	0	48	2118	85
/Users/chrishafley/projects/typescript-go/internal/fourslash/tests/gen/jsdocParamTagSpecialKeywords_test.go	0	51	1141	42
/Users/chrishafley/projects/typescript-go/internal/fourslash/tests/gen/organizeImports5_test.go	0	42	937	35
/Users/chrishafley/projects/typescript-go/internal/fourslash/tests/gen/formattingofSingleLineBlockConstructs_test.go	0	49	1837	56
/Users/chrishafley/projects/typescript-go/internal/fourslash/tests/gen/formatDocumentWithJSDoc_test.go	0	44	878	44
/Users/chrishafley/projects/typescript-go/internal/fourslash/tests/gen/completionListAfterRegularExpressionLiteral1_test.go	0	47	1453	47
/Users/chrishafley/projects/typescript-go/internal/fourslash/tests/gen/docCommentTemplateFunctionExpression_test.go	0	47	857	29
/Users/chrishafley/projects/typescript-go/internal/fourslash/tests/gen/quickInfoEnumMembersAcceptNonAsciiStrings_test.go	0	45	1059	29
/Users/chrishafley/projects/typescript-go/internal/fourslash/tests/gen/getOccurrencesSetAndGet_test.go	0	52	1000	43
/Users/chrishafley/projects/typescript-go/internal/fourslash/tests/gen/importNameCodeFixNewImportPaths_withExtension_test.go	0	47	956	37
/Users/chrishafley/projects/typescript-go/internal/fourslash/tests/gen/completionListBuilderLocations_VariableDeclarations_test.go	0	42	1905	66
/Users/chrishafley/projects/typescript-go/internal/fourslash/tests/gen/importNameCodeFix_jsx2_test.go	0	57	1224	44
/Users/chrishafley/projects/typescript-go/internal/fourslash/tests/gen/quickInfoTypedefTag_test.go	0	59	1099	44
/Users/chrishafley/projects/typescript-go/internal/fourslash/tests/gen/docCommentTemplatePrototypeMethod_test.go	0	55	937	33
/Users/chrishafley/projects/typescript-go/internal/fourslash/tests/gen/importCompletions_importsMap2_test.go	0	58	1885	66
/Users/chrishafley/projects/typescript-go/internal/fourslash/tests/gen/signatureHelpConstructExpression_test.go	0	57	1014	25
/Users/chrishafley/projects/typescript-go/internal/fourslash/tests/gen/callHierarchyTaggedTemplate_test.go	0	43	760	31
/Users/chrishafley/projects/typescript-go/internal/fourslash/tests/gen/errorInIncompleteMethodInObjectLiteral_test.go	0	47	648	21
/Users/chrishafley/projects/typescript-go/internal/fourslash/tests/gen/documentHighlightAtInheritedProperties4_test.go	0	53	877	30
/Users/chrishafley/projects/typescript-go/internal/fourslash/tests/gen/callHierarchyFunctionAmbiguity1_test.go	0	57	833	30
/Users/chrishafley/projects/typescript-go/internal/fourslash/tests/gen/callHierarchyExportDefaultFunction_test.go	0	74	789	34
/Users/chrishafley/projects/typescript-go/internal/fourslash/tests/gen/autoImportProvider_wildcardExports2_test.go	0	51	2134	73
/Users/chrishafley/projects/typescript-go/internal/fourslash/tests/gen/completionsImport_named_exportEqualsNamespace_merged_test.go	0	72	1753	57
/Users/chrishafley/projects/typescript-go/internal/fourslash/tests/gen/formattingTemplates_test.go	0	59	831	27
/Users/chrishafley/projects/typescript-go/internal/fourslash/tests/gen/quickInfoFunctionCheckType_test.go	0	53	804	21
/Users/chrishafley/projects/typescript-go/internal/fourslash/tests/gen/importNameCodeFixNewImportNodeModules2_test.go	0	50	1095	37
/Users/chrishafley/projects/typescript-go/internal/fourslash/tests/gen/rewriteRelativeImportExtensionsProjectReferences3_test.go	0	43	1506	55
/Users/chrishafley/projects/typescript-go/internal/fourslash/tests/gen/codeFixMissingTypeAnnotationOnExports11_test.go	0	45	1155	36
/Users/chrishafley/projects/typescript-go/internal/fourslash/tests/gen/codeFixClassImplementInterfaceAutoImports_typeOnly_test.go	0	54	1478	55
/Users/chrishafley/projects/typescript-go/internal/fourslash/tests/gen/completionListAfterRegularExpressionLiteral05_test.go	0	49	656	22
/Users/chrishafley/projects/typescript-go/internal/fourslash/tests/gen/formatSelectionDocCommentInBlock_test.go	0	61	1046	57
/Users/chrishafley/projects/typescript-go/internal/fourslash/tests/gen/findAllRefsInheritedProperties1_test.go	0	45	748	28
/Users/chrishafley/projects/typescript-go/internal/fourslash/tests/gen/importNameCodeFix_importType3_test.go	0	48	946	32
/Users/chrishafley/projects/typescript-go/internal/fourslash/tests/gen/smartSelection_JSDoc_test.go	0	41	689	27
/Users/chrishafley/projects/typescript-go/internal/fourslash/tests/gen/codeFixClassImplementInterfaceMultipleImplementsIntersection2_test.go	0	37	778	31
/Users/chrishafley/projects/typescript-go/internal/fourslash/tests/gen/navigationBarItemsMultilineStringIdentifiers3_test.go	0	42	908	27
/Users/chrishafley/projects/typescript-go/internal/fourslash/tests/gen/autoImportPathsConfigDir_test.go	0	48	853	32
/Users/chrishafley/projects/typescript-go/internal/fourslash/tests/gen/quickInfoOfLablledForStatementIterator_test.go	0	52	665	22
/Users/chrishafley/projects/typescript-go/internal/fourslash/tests/gen/jsDocSee4_test.go	0	60	809	36
/Users/chrishafley/projects/typescript-go/internal/fourslash/tests/gen/pasteLambdaOverModule_test.go	0	55	738	27
/Users/chrishafley/projects/typescript-go/internal/fourslash/tests/gen/completionListInTypedObjectLiteralsWithPartialPropertyNames_test.go	0	54	2253	81
/Users/chrishafley/projects/typescript-go/internal/fourslash/tests/gen/syntacticClassificationsDocComment3_test.go	0	61	709	24
/Users/chrishafley/projects/typescript-go/internal/fourslash/tests/gen/navigationBarItemsClass2_test.go	0	37	611	22
/Users/chrishafley/projects/typescript-go/internal/fourslash/tests/gen/codeFixClassImplementInterfaceTypeParamMethod_test.go	0	31	960	35
/Users/chrishafley/projects/typescript-go/internal/fourslash/tests/gen/completionListInImportClause03_test.go	0	32	1351	47
/Users/chrishafley/projects/typescript-go/internal/fourslash/tests/gen/findAllRefsForDefaultExport02_test.go	0	46	868	30
/Users/chrishafley/projects/typescript-go/internal/fourslash/tests/gen/documentHighlightInExport1_test.go	0	37	751	23
/Users/chrishafley/projects/typescript-go/internal/fourslash/tests/gen/autoImportTypeOnlyPreferred1_test.go	0	40	1964	67
/Users/chrishafley/projects/typescript-go/internal/fourslash/tests/gen/completionsWithOverride2_test.go	0	51	1130	46
/Users/chrishafley/projects/typescript-go/internal/fourslash/tests/gen/formattingOnDocumentReadyFunction_test.go	0	34	967	29
/Users/chrishafley/projects/typescript-go/internal/fourslash/tests/gen/callHierarchyCallExpressionByConstNamedFunctionExpression_test.go	0	40	767	33
/Users/chrishafley/projects/typescript-go/internal/fourslash/tests/gen/quickInfoDisplayPartsClassConstructor_test.go	0	45	1508	46
/Users/chrishafley/projects/typescript-go/internal/fourslash/tests/gen/findAllRefsNonexistentPropertyNoCrash1_test.go	0	38	1501	65
/Users/chrishafley/projects/typescript-go/internal/fourslash/tests/gen/quickInfoOnUndefined_test.go	0	49	755	28
/Users/chrishafley/projects/typescript-go/internal/fourslash/tests/gen/whiteSpaceTrimming3_test.go	0	51	681	25
/Users/chrishafley/projects/typescript-go/internal/fourslash/tests/gen/getJavaScriptSyntacticDiagnostics7_test.go	0	51	663	23
/Users/chrishafley/projects/typescript-go/internal/fourslash/tests/gen/getOccurrencesClassExpressionPublic_test.go	0	47	1045	37
/Users/chrishafley/projects/typescript-go/internal/fourslash/tests/gen/codeFixClassImplementInterfaceEmptyTypeLiteral_test.go	0	52	885	40
/Users/chrishafley/projects/typescript-go/internal/fourslash/tests/gen/optionalPropertyFormatting_test.go	0	39	748	28
/Users/chrishafley/projects/typescript-go/internal/fourslash/tests/gen/quickInfoInJsdocInTsFile1_test.go	0	41	1754	59
/Users/chrishafley/projects/typescript-go/internal/fourslash/tests/gen/deleteExtensionInReopenedInterface_test.go	0	49	945	37
/Users/chrishafley/projects/typescript-go/internal/fourslash/tests/gen/callHierarchyCrossFile_test.go	0	45	924	33
/Users/chrishafley/projects/typescript-go/internal/fourslash/tests/gen/smartSelection_simple2_test.go	0	39	701	26
/Users/chrishafley/projects/typescript-go/internal/fourslash/tests/gen/quickInfoLink6_test.go	0	42	631	25
/Users/chrishafley/projects/typescript-go/internal/fourslash/tests/gen/completionsLiteralOverload_test.go	0	50	1881	64
/Users/chrishafley/projects/typescript-go/internal/fourslash/tests/gen/genericFunctionReturnType2_test.go	0	57	1076	34
/Users/chrishafley/projects/typescript-go/internal/fourslash/tests/gen/quickInfoSignatureRestParameterFromUnion2_test.go	0	49	880	26
/Users/chrishafley/projects/typescript-go/internal/fourslash/tests/gen/completionListBeforeNewScope01_test.go	0	67	1037	38
/Users/chrishafley/projects/typescript-go/internal/fourslash/tests/gen/signatureHelpEmptyList_test.go	0	46	1003	29
/Users/chrishafley/projects/typescript-go/internal/fourslash/tests/gen/completionListInNamespaceImportName01_test.go	0	92	699	24
/Users/chrishafley/projects/typescript-go/internal/fourslash/tests/gen/tsxCompletion11_test.go	0	55	1112	39
/Users/chrishafley/projects/typescript-go/internal/fourslash/tests/gen/quickInfoForNamedTupleMember_test.go	0	63	623	21
/Users/chrishafley/projects/typescript-go/internal/fourslash/tests/gen/completionOfAwaitPromise1_test.go	0	63	1364	46
/Users/chrishafley/projects/typescript-go/internal/fourslash/tests/gen/tsxFindAllReferences4_test.go	0	41	902	35
/Users/chrishafley/projects/typescript-go/internal/fourslash/tests/gen/codeFixMissingTypeAnnotationOnExports23-heritage-formatting_test.go	0	36	1440	53
/Users/chrishafley/projects/typescript-go/internal/fourslash/tests/gen/completionListAtThisType_test.go	0	44	1203	47
/Users/chrishafley/projects/typescript-go/internal/fourslash/tests/gen/constEnumQuickInfoAndCompletionList_test.go	0	38	1275	44
/Users/chrishafley/projects/typescript-go/internal/fourslash/tests/gen/getJavaScriptCompletions11_test.go	0	46	1342	45
/Users/chrishafley/projects/typescript-go/internal/fourslash/tests/gen/organizeImportsType5_test.go	0	49	1607	69
/Users/chrishafley/projects/typescript-go/internal/fourslash/tests/gen/organizeImports21_test.go	0	62	1358	46
/Users/chrishafley/projects/typescript-go/internal/fourslash/tests/gen/completionsGenericIndexedAccess6_test.go	0	49	1508	50
/Users/chrishafley/projects/typescript-go/internal/fourslash/tests/gen/codeFixAwaitInSyncFunction4_test.go	0	40	654	25
/Users/chrishafley/projects/typescript-go/internal/fourslash/tests/gen/completionsElementAccessNumeric_test.go	0	45	2193	79
/Users/chrishafley/projects/typescript-go/internal/fourslash/tests/gen/navigationBarItemsBindingPatterns_test.go	0	39	743	27
/Users/chrishafley/projects/typescript-go/internal/fourslash/tests/gen/jsDocSee_rename1_test.go	0	43	771	26
/Users/chrishafley/projects/typescript-go/internal/fourslash/tests/gen/semanticClassificationModules_test.go	0	50	1143	39
/Users/chrishafley/projects/typescript-go/internal/fourslash/tests/gen/quickInfoJsDocTags3_test.go	0	50	969	38
/Users/chrishafley/projects/typescript-go/internal/fourslash/tests/gen/completionsImportPathsConflict_test.go	0	43	2242	70
/Users/chrishafley/projects/typescript-go/internal/fourslash/tests/gen/importNameCodeFix_HeaderComment2_test.go	0	53	1084	46
/Users/chrishafley/projects/typescript-go/internal/fourslash/tests/gen/quickInfoJSDocBackticks_test.go	0	40	1298	40
/Users/chrishafley/projects/typescript-go/internal/fourslash/tests/gen/goToImplementationInterface_07_test.go	0	45	1735	44
/Users/chrishafley/projects/typescript-go/internal/fourslash/tests/gen/completionsImport_default_addToNamedImports_test.go	0	44	1909	58
/Users/chrishafley/projects/typescript-go/internal/fourslash/tests/gen/findAllReferencesJsDocTypeLiteral_test.go	0	42	996	32
/Users/chrishafley/projects/typescript-go/internal/fourslash/tests/gen/codeFixUndeclaredPropertyAccesses_test.go	0	40	769	33
/Users/chrishafley/projects/typescript-go/internal/fourslash/tests/gen/formattingOnTabAfterCloseCurly_test.go	0	53	1418	48
/Users/chrishafley/projects/typescript-go/internal/fourslash/tests/gen/jsDocFunctionTypeCompletionsNoCrash_test.go	0	46	1060	37
/Users/chrishafley/projects/typescript-go/internal/fourslash/tests/gen/completionListForTransitivelyExportedMembers02_test.go	0	49	1573	61
/Users/chrishafley/projects/typescript-go/internal/fourslash/tests/gen/completionPropertyShorthandForObjectLiteral5_test.go	0	42	1546	49
/Users/chrishafley/projects/typescript-go/internal/fourslash/tests/gen/completionsStringsWithTriggerCharacter_test.go	0	48	6579	244
/Users/chrishafley/projects/typescript-go/internal/fourslash/tests/gen/navigationBarItemsSymbols4_test.go	0	35	1028	38
/Users/chrishafley/projects/typescript-go/internal/fourslash/tests/gen/signatureHelpAtEOF2_test.go	0	40	751	23
/Users/chrishafley/projects/typescript-go/internal/fourslash/tests/gen/formattingSpaceBetweenOptionalChaining_test.go	0	38	804	26
/Users/chrishafley/projects/typescript-go/internal/fourslash/tests/gen/completionListAtIdentifierDefinitionLocations_functions_test.go	0	44	716	23
/Users/chrishafley/projects/typescript-go/internal/fourslash/tests/gen/autoImportCrossProject_baseUrl_toDist_test.go	0	46	1699	55
/Users/chrishafley/projects/typescript-go/internal/fourslash/tests/gen/codeFixClassImplementInterfaceMultipleImplements1_test.go	0	43	817	34
/Users/chrishafley/projects/typescript-go/internal/fourslash/tests/gen/renamePrivateMethod_test.go	0	44	811	27
/Users/chrishafley/projects/typescript-go/internal/fourslash/tests/gen/completionListOnAliasedModule_test.go	0	45	1104	40
/Users/chrishafley/projects/typescript-go/internal/fourslash/tests/gen/quickInfoMappedTypeRecursiveInference_test.go	0	48	1881	45
/Users/chrishafley/projects/typescript-go/internal/fourslash/tests/gen/quickInfoOnFunctionPropertyReturnedFromGenericFunction3_test.go	0	36	892	29
/Users/chrishafley/projects/typescript-go/internal/fourslash/tests/gen/genericWithSpecializedProperties3_test.go	0	42	1014	33
/Users/chrishafley/projects/typescript-go/internal/fourslash/tests/gen/sideEffectImportsSuggestion1_test.go	0	37	838	32
/Users/chrishafley/projects/typescript-go/internal/fourslash/tests/gen/typeReferenceOnServer_test.go	0	37	1059	37
/Users/chrishafley/projects/typescript-go/internal/fourslash/tests/gen/findAllRefsReExportStar_test.go	0	37	761	27
/Users/chrishafley/projects/typescript-go/internal/fourslash/tests/gen/tsxRename3_test.go	0	40	927	35
/Users/chrishafley/projects/typescript-go/internal/fourslash/tests/gen/autoImportNodeNextJSRequire_test.go	0	39	1017	39
/Users/chrishafley/projects/typescript-go/internal/fourslash/tests/gen/findAllRefsWithLeadingUnderscoreNames4_test.go	0	38	714	26
/Users/chrishafley/projects/typescript-go/internal/fourslash/tests/gen/renameObjectSpreadAssignment_test.go	0	39	850	25
/Users/chrishafley/projects/typescript-go/internal/fourslash/tests/gen/tsxCompletion6_test.go	0	46	1134	40
/Users/chrishafley/projects/typescript-go/internal/fourslash/tests/gen/importNameCodeFix_preferBaseUrl_test.go	0	46	874	31
/Users/chrishafley/projects/typescript-go/internal/fourslash/tests/gen/importNameCodeFixUMDGlobalJavaScript_test.go	0	50	968	35
/Users/chrishafley/projects/typescript-go/internal/fourslash/tests/gen/inlayHintsInteractiveRestParameters3_test.go	0	38	960	26
/Users/chrishafley/projects/typescript-go/internal/fourslash/tests/gen/quickInfoForContextuallyTypedIife_test.go	0	49	1674	40
/Users/chrishafley/projects/typescript-go/internal/fourslash/tests/gen/signatureHelpJSX_test.go	0	34	884	26
/Users/chrishafley/projects/typescript-go/internal/fourslash/tests/gen/syntacticClassificationsTemplates1_test.go	0	42	936	30
/Users/chrishafley/projects/typescript-go/internal/fourslash/tests/gen/codeFixClassImplementInterfaceTypeParamInstantiation_test.go	0	40	687	25
/Users/chrishafley/projects/typescript-go/internal/fourslash/tests/gen/importNameCodeFixInferEndingPreference_classic_test.go	0	44	880	32
/Users/chrishafley/projects/typescript-go/internal/fourslash/tests/gen/inlayHintsVariableTypes3_test.go	0	70	1125	34
/Users/chrishafley/projects/typescript-go/internal/fourslash/tests/gen/organizeImportsUnicode4_test.go	0	73	1578	62
/Users/chrishafley/projects/typescript-go/internal/fourslash/tests/gen/autoImportFileExcludePatterns11_test.go	0	79	1490	53
/Users/chrishafley/projects/typescript-go/internal/fourslash/tests/gen/tripleSlashRefPathCompletionExtensionsAllowJSFalse_test.go	0	50	1302	52
/Users/chrishafley/projects/typescript-go/internal/fourslash/tests/gen/formatTsxMultilineAttributeString_test.go	0	45	746	33
/Users/chrishafley/projects/typescript-go/internal/fourslash/tests/gen/referencesForLabel2_test.go	0	59	677	25
/Users/chrishafley/projects/typescript-go/internal/fourslash/tests/gen/importNameCodeFixConvertTypeOnly1_test.go	0	51	810	30
/Users/chrishafley/projects/typescript-go/internal/fourslash/tests/gen/quickinfoVerbosityClass1_test.go	0	81	1836	72
/Users/chrishafley/projects/typescript-go/internal/fourslash/tests/gen/completionListInTypeParameterOfTypeAlias1_test.go	0	52	1530	52
/Users/chrishafley/projects/typescript-go/internal/fourslash/tests/gen/codeFixOverrideModifier18_test.go	0	55	712	27
/Users/chrishafley/projects/typescript-go/internal/fourslash/tests/gen/codeFixSpellingCaseSensitive1_test.go	0	50	673	23
/Users/chrishafley/projects/typescript-go/internal/fourslash/tests/gen/completionListAtBeginningOfIdentifierInArrowFunction01_test.go	0	45	1041	33
/Users/chrishafley/projects/typescript-go/internal/fourslash/tests/gen/completionsImport_named_addToNamedImports_test.go	0	44	1897	58
/Users/chrishafley/projects/typescript-go/internal/fourslash/tests/gen/signatureHelpIncompleteCalls_test.go	0	42	1404	39
/Users/chrishafley/projects/typescript-go/internal/fourslash/tests/gen/formattingSpaceBeforeFunctionParen_test.go	0	36	1677	48
/Users/chrishafley/projects/typescript-go/internal/fourslash/tests/gen/completionListNewIdentifierBindingElement_test.go	0	49	631	21
/Users/chrishafley/projects/typescript-go/internal/fourslash/tests/gen/referenceInParameterPropertyDeclaration_test.go	0	60	1050	36
/Users/chrishafley/projects/typescript-go/internal/fourslash/tests/gen/importNameCodeFixNewImportDefault0_test.go	0	53	744	27
/Users/chrishafley/projects/typescript-go/internal/fourslash/tests/gen/localFunction_test.go	0	54	909	31
/Users/chrishafley/projects/typescript-go/internal/fourslash/tests/gen/codeFixClassSuperMustPrecedeThisAccess_test.go	0	55	830	33
/Users/chrishafley/projects/typescript-go/internal/fourslash/tests/gen/duplicateTypeParameters_test.go	0	39	615	22
/Users/chrishafley/projects/typescript-go/internal/fourslash/tests/gen/referencesForClassMembers_test.go	0	44	829	32
/Users/chrishafley/projects/typescript-go/internal/fourslash/tests/gen/stringLiteralCompletionsWithinInferredObjectWhenItsKeysAreUsedOutsideOfIt_test.go	0	73	1431	58
/Users/chrishafley/projects/typescript-go/internal/fourslash/tests/gen/callHierarchyFunction_test.go	0	73	723	36
/Users/chrishafley/projects/typescript-go/internal/fourslash/tests/gen/renameForAliasingExport02_test.go	0	75	677	25
/Users/chrishafley/projects/typescript-go/internal/fourslash/tests/gen/goToDefinitionObjectLiteralProperties3_test.go	0	75	833	40
/Users/chrishafley/projects/typescript-go/internal/fourslash/tests/gen/indirectClassInstantiation_test.go	0	58	2358	78
/Users/chrishafley/projects/typescript-go/internal/fourslash/tests/gen/goToDefinitionImports_test.go	0	53	933	34
/Users/chrishafley/projects/typescript-go/internal/fourslash/tests/gen/constructorBraceFormatting_test.go	0	42	719	26
/Users/chrishafley/projects/typescript-go/internal/fourslash/tests/gen/quickInfoOnPropertyAccessInWriteLocation5_test.go	0	54	809	27
/Users/chrishafley/projects/typescript-go/internal/fourslash/tests/gen/completionListInTypedObjectLiteralsWithPartialPropertyNames2_test.go	0	49	1137	40
/Users/chrishafley/projects/typescript-go/internal/fourslash/tests/gen/autoImportPaths_test.go	0	44	1063	40
/Users/chrishafley/projects/typescript-go/internal/fourslash/tests/gen/renameNameOnEnumMember_test.go	0	43	713	27
/Users/chrishafley/projects/typescript-go/internal/fourslash/tests/gen/completionListInObjectBindingPattern08_test.go	0	38	1191	43
/Users/chrishafley/projects/typescript-go/internal/fourslash/tests/gen/codeFixAddMissingParam15_test.go	0	45	637	22
/Users/chrishafley/projects/typescript-go/internal/fourslash/tests/gen/getJavaScriptSyntacticDiagnostics01_test.go	0	41	699	25
/Users/chrishafley/projects/typescript-go/internal/fourslash/tests/gen/javascriptModules21_test.go	0	44	1499	50
/Users/chrishafley/projects/typescript-go/internal/fourslash/tests/gen/getJavaScriptSyntacticDiagnostics11_test.go	0	50	674	23
/Users/chrishafley/projects/typescript-go/internal/fourslash/tests/gen/quickInfoOnGenericWithConstraints1_test.go	0	50	756	22
/Users/chrishafley/projects/typescript-go/internal/fourslash/tests/gen/quickInfoInWithBlock_test.go	0	53	721	26
/Users/chrishafley/projects/typescript-go/internal/fourslash/tests/gen/completionListOfUnion_test.go	0	53	1978	64
/Users/chrishafley/projects/typescript-go/internal/fourslash/tests/gen/completionListAfterSlash_test.go	0	53	597	22
/Users/chrishafley/projects/typescript-go/internal/fourslash/tests/gen/quickInfoTypeError_test.go	0	56	634	24
/Users/chrishafley/projects/typescript-go/internal/fourslash/tests/gen/getOccurrencesIsDefinitionOfFunction_test.go	0	50	674	23
/Users/chrishafley/projects/typescript-go/internal/fourslash/tests/gen/completionListAfterAnyType_test.go	0	71	1085	39
/Users/chrishafley/projects/typescript-go/internal/fourslash/tests/gen/callHierarchyInterfaceMethod_test.go	0	81	687	28
/Users/chrishafley/projects/typescript-go/internal/fourslash/tests/gen/docCommentTemplateWithMultipleJSDoc2_test.go	0	66	851	31
/Users/chrishafley/projects/typescript-go/internal/fourslash/tests/gen/pathCompletionsPackageJsonImportsIgnoreMatchingNodeModule1_test.go	0	74	1313	41
/Users/chrishafley/projects/typescript-go/internal/fourslash/tests/gen/documentHighlightsInvalidModifierLocations_test.go	0	75	864	30
/Users/chrishafley/projects/typescript-go/internal/fourslash/tests/gen/completionsObjectLiteralWithPartialConstraint_test.go	0	79	4728	175
/Users/chrishafley/projects/typescript-go/internal/fourslash/tests/gen/genericFunctionSignatureHelp3_test.go	0	57	2500	49
/Users/chrishafley/projects/typescript-go/internal/fourslash/tests/gen/genericInterfaceWithInheritanceEdit1_test.go	0	59	933	35
/Users/chrishafley/projects/typescript-go/internal/fourslash/tests/gen/deprecatedInheritedJSDocOverload_test.go	0	50	1842	46
/Users/chrishafley/projects/typescript-go/internal/fourslash/tests/gen/isDefinitionAcrossModuleProjects_test.go	0	72	3104	143
/Users/chrishafley/projects/typescript-go/internal/fourslash/tests/gen/explainFilesNodeNextWithTypesReference_test.go	0	55	1670	56
/Users/chrishafley/projects/typescript-go/internal/fourslash/tests/gen/navigationBarItemsExports_test.go	0	54	707	27
/Users/chrishafley/projects/typescript-go/internal/fourslash/tests/gen/unusedImports11FS_test.go	0	47	832	29
/Users/chrishafley/projects/typescript-go/internal/fourslash/tests/gen/inlayHintsParameterNames_test.go	0	51	1736	73
/Users/chrishafley/projects/typescript-go/internal/fourslash/tests/gen/referencesForContextuallyTypedUnionProperties_test.go	0	46	1386	53
/Users/chrishafley/projects/typescript-go/internal/fourslash/tests/gen/formattingMultilineCommentsWithTabs1_test.go	0	44	1536	45
/Users/chrishafley/projects/typescript-go/internal/fourslash/tests/gen/codeFixMissingTypeAnnotationOnExports38-unique-symbol-return_test.go	0	56	1045	33
/Users/chrishafley/projects/typescript-go/internal/fourslash/tests/gen/typedefinition01_test.go	0	39	730	27
/Users/chrishafley/projects/typescript-go/internal/fourslash/tests/gen/formatMultilineTypesWithMapped_test.go	0	46	1426	90
/Users/chrishafley/projects/typescript-go/internal/fourslash/tests/gen/smartSelection_lastBlankLine_test.go	0	43	605	22
/Users/chrishafley/projects/typescript-go/internal/fourslash/tests/gen/codeFixMissingTypeAnnotationOnExports27-non-exported-bidings_test.go	0	42	1055	34
/Users/chrishafley/projects/typescript-go/internal/fourslash/tests/gen/removeParameterBetweenCommentAndParameter_test.go	0	46	673	22
/Users/chrishafley/projects/typescript-go/internal/fourslash/tests/gen/jsdocDeprecated_suggestion16_test.go	0	48	1384	43
/Users/chrishafley/projects/typescript-go/internal/fourslash/tests/gen/codeFixTopLevelForAwait_module_noTsConfig_test.go	0	57	718	24
/Users/chrishafley/projects/typescript-go/internal/fourslash/tests/gen/signatureHelpCommentsClassMembers_test.go	0	49	3915	151
/Users/chrishafley/projects/typescript-go/internal/fourslash/tests/gen/autoImportJsDocImport1_test.go	0	47	1215	54
/Users/chrishafley/projects/typescript-go/internal/fourslash/tests/gen/jsDocFunctionSignatures13_test.go	0	44	687	26
/Users/chrishafley/projects/typescript-go/internal/fourslash/tests/gen/goToImplementationLocal_06_test.go	0	51	655	22
/Users/chrishafley/projects/typescript-go/internal/fourslash/tests/gen/callHierarchyConstNamedClassExpression_test.go	0	47	750	33
/Users/chrishafley/projects/typescript-go/internal/fourslash/tests/gen/completionListInUnclosedVoidExpression01_test.go	0	43	1039	35
/Users/chrishafley/projects/typescript-go/internal/fourslash/tests/gen/importNameCodeFixExistingImport1_test.go	0	58	787	28
/Users/chrishafley/projects/typescript-go/internal/fourslash/tests/gen/codeFixClassImplementInterfaceAutoImportsReExports_test.go	0	59	1193	44
/Users/chrishafley/projects/typescript-go/internal/fourslash/tests/gen/quickInfoDisplayPartsArrowFunctionExpression_test.go	0	43	736	24
/Users/chrishafley/projects/typescript-go/internal/fourslash/tests/gen/completionListInstanceProtectedMembers3_test.go	0	48	1499	56
/Users/chrishafley/projects/typescript-go/internal/fourslash/tests/gen/completionEntryForArrayElementConstrainedToString2_test.go	0	51	1128	36
/Users/chrishafley/projects/typescript-go/internal/fourslash/tests/gen/documentHighlightDefaultInSwitch_test.go	0	73	762	27
/Users/chrishafley/projects/typescript-go/internal/fourslash/tests/gen/importFixesGlobalTypingsCache_test.go	0	52	1457	37
/Users/chrishafley/projects/typescript-go/internal/fourslash/tests/gen/smartSelection_JSDocTags5_test.go	0	63	748	29
/Users/chrishafley/projects/typescript-go/internal/fourslash/tests/gen/signatureHelpCallExpressionJs_test.go	0	49	1372	35
/Users/chrishafley/projects/typescript-go/internal/fourslash/tests/gen/quickInfoForJSDocWithHttpLinks_test.go	0	67	949	40
/Users/chrishafley/projects/typescript-go/internal/fourslash/tests/gen/transitiveExportImports_test.go	0	36	1398	36
/Users/chrishafley/projects/typescript-go/internal/fourslash/tests/gen/codeFixAddParameterNames2_test.go	0	62	672	22
/Users/chrishafley/projects/typescript-go/internal/fourslash/tests/gen/goToDefinitionVariableAssignment2_test.go	0	60	764	26
/Users/chrishafley/projects/typescript-go/internal/fourslash/tests/gen/goToDefinitionOverriddenMember16_test.go	0	86	837	32
/Users/chrishafley/projects/typescript-go/internal/fourslash/tests/gen/completionInUncheckedJSFile_test.go	0	45	1434	51
/Users/chrishafley/projects/typescript-go/internal/fourslash/tests/gen/goToDefinitionReturn6_test.go	0	70	678	25
/Users/chrishafley/projects/typescript-go/internal/fourslash/tests/gen/findAllRefsTypedef_test.go	0	63	720	30
/Users/chrishafley/projects/typescript-go/internal/fourslash/tests/gen/goToDefinitionImportedNames7_test.go	0	51	789	27
/Users/chrishafley/projects/typescript-go/internal/fourslash/tests/gen/goToImplementationInterfaceMethod_04_test.go	0	47	899	39
/Users/chrishafley/projects/typescript-go/internal/fourslash/tests/gen/renameJsExports03_test.go	0	53	752	29
/Users/chrishafley/projects/typescript-go/internal/fourslash/tests/gen/completionForQuotedPropertyInPropertyAssignment4_test.go	0	75	2051	72
/Users/chrishafley/projects/typescript-go/internal/fourslash/tests/gen/getOccurrencesOfUndefinedSymbol_test.go	0	49	810	33
/Users/chrishafley/projects/typescript-go/internal/fourslash/tests/gen/codeFixMissingTypeAnnotationOnExports31-inline-import-default_test.go	0	53	1420	41
/Users/chrishafley/projects/typescript-go/internal/fourslash/tests/gen/autoImportVerbatimTypeOnly1_test.go	0	62	1532	51
/Users/chrishafley/projects/typescript-go/internal/fourslash/tests/gen/addDeclareToFunction_test.go	0	96	675	24
/Users/chrishafley/projects/typescript-go/internal/fourslash/tests/gen/signatureHelpOptionalCall_test.go	0	86	815	23
/Users/chrishafley/projects/typescript-go/internal/fourslash/tests/gen/documentHighlightAtInheritedProperties5_test.go	0	67	919	34
/Users/chrishafley/projects/typescript-go/internal/fourslash/tests/gen/jsDocTagsWithHyphen_test.go	0	74	1369	48
/Users/chrishafley/projects/typescript-go/internal/fourslash/tests/gen/findAllRefsClassStaticBlocks_test.go	0	63	852	28
/Users/chrishafley/projects/typescript-go/internal/fourslash/tests/gen/importCompletions_importsMap3_test.go	0	52	1883	66
/Users/chrishafley/projects/typescript-go/internal/fourslash/tests/gen/importNameCodeFix_jsx3_test.go	0	57	1224	44
/Users/chrishafley/projects/typescript-go/internal/fourslash/tests/gen/importNameCodeFixNewImportFile4_test.go	0	65	807	31
/Users/chrishafley/projects/typescript-go/internal/fourslash/tests/gen/organizeImports4_test.go	0	51	937	35
/Users/chrishafley/projects/typescript-go/internal/fourslash/tests/gen/completionListInUnclosedObjectTypeLiteralInSignature04_test.go	0	54	1391	43
/Users/chrishafley/projects/typescript-go/internal/fourslash/tests/gen/completionForStringLiteralRelativeImportAllowJSTrue_test.go	0	75	1536	63
/Users/chrishafley/projects/typescript-go/internal/fourslash/tests/gen/promiseTyping2_test.go	0	49	1795	39
/Users/chrishafley/projects/typescript-go/internal/fourslash/tests/gen/signatureHelpInFunctionCallOnFunctionDeclarationInMultipleFiles_test.go	0	52	1073	27
/Users/chrishafley/projects/typescript-go/internal/fourslash/tests/gen/importNameCodeFix_importType2_test.go	0	63	1910	61
/Users/chrishafley/projects/typescript-go/internal/fourslash/tests/gen/memberlistOnDDot_test.go	0	59	638	25
/Users/chrishafley/projects/typescript-go/internal/fourslash/tests/gen/quickInfoForSyntaxErrorNoError_test.go	0	58	637	24
/Users/chrishafley/projects/typescript-go/internal/fourslash/tests/gen/completionListAfterRegularExpressionLiteral04_test.go	0	64	1042	34
/Users/chrishafley/projects/typescript-go/internal/fourslash/tests/gen/ambientShorthandFindAllRefs_test.go	0	34	763	26
/Users/chrishafley/projects/typescript-go/internal/fourslash/tests/gen/quickInfoInheritDoc_test.go	0	49	1986	80
/Users/chrishafley/projects/typescript-go/internal/fourslash/tests/gen/rewriteRelativeImportExtensionsProjectReferences2_test.go	0	59	1409	50
/Users/chrishafley/projects/typescript-go/internal/fourslash/tests/gen/codeFixMissingTypeAnnotationOnExports10_test.go	0	53	972	37
/Users/chrishafley/projects/typescript-go/internal/fourslash/tests/gen/completionListInClosedObjectTypeLiteralInSignature01_test.go	0	73	1271	44
/Users/chrishafley/projects/typescript-go/internal/fourslash/tests/gen/importNameCodeFixNewImportNodeModules3_test.go	0	64	810	29
/Users/chrishafley/projects/typescript-go/internal/fourslash/tests/gen/autoImportProvider_wildcardExports3_test.go	0	58	2312	77
/Users/chrishafley/projects/typescript-go/internal/fourslash/tests/gen/jsdocExtendsTagCompletion_test.go	0	55	1049	37
/Users/chrishafley/projects/typescript-go/internal/fourslash/tests/gen/goToSource10_mapFromAtTypes3_test.go	0	91	2913	81
/Users/chrishafley/projects/typescript-go/internal/fourslash/tests/gen/formattingInDestructuring2_test.go	0	50	823	25
/Users/chrishafley/projects/typescript-go/internal/fourslash/tests/gen/getPropertySymbolsFromBaseTypesDoesntCrash_test.go	0	63	826	25
/Users/chrishafley/projects/typescript-go/internal/fourslash/tests/gen/autoImportFileExcludePatterns9_test.go	0	54	1531	48
/Users/chrishafley/projects/typescript-go/internal/fourslash/tests/gen/getOccurrencesIfElse3_test.go	0	57	968	42
/Users/chrishafley/projects/typescript-go/internal/fourslash/tests/gen/codeFixCorrectReturnValue4_test.go	0	59	612	23
/Users/chrishafley/projects/typescript-go/internal/fourslash/tests/gen/completionsBeforeRestArg1_test.go	0	62	1002	33
/Users/chrishafley/projects/typescript-go/internal/fourslash/tests/gen/completionNoAutoInsertQuestionDotForTypeParameter_test.go	0	67	1681	55
/Users/chrishafley/projects/typescript-go/internal/fourslash/tests/gen/codeFixClassImplementInterfaceGlobal_test.go	0	53	1252	45
/Users/chrishafley/projects/typescript-go/internal/fourslash/tests/gen/typeAssertionsFormatting_test.go	0	54	767	26
/Users/chrishafley/projects/typescript-go/internal/fourslash/tests/gen/renamePrivateAccessor_test.go	0	50	892	28
/Users/chrishafley/projects/typescript-go/internal/fourslash/tests/gen/completionsImport_typeOnly_test.go	0	71	1056	36
/Users/chrishafley/projects/typescript-go/internal/fourslash/tests/gen/moduleNodeNextAutoImport3_test.go	0	72	961	35
/Users/chrishafley/projects/typescript-go/internal/fourslash/tests/gen/codeFixClassImplementInterfaceTypeParamInstantiateError_test.go	0	80	758	25
/Users/chrishafley/projects/typescript-go/internal/fourslash/tests/gen/derivedTypeIndexerWithGenericConstraints_test.go	0	55	1230	40
/Users/chrishafley/projects/typescript-go/internal/fourslash/tests/gen/renameDestructuringAssignmentInForOf_test.go	0	62	1080	34
/Users/chrishafley/projects/typescript-go/internal/fourslash/tests/gen/completionListInComments2_test.go	0	63	605	21
/Users/chrishafley/projects/typescript-go/internal/fourslash/tests/gen/memberListOfModuleAfterInvalidCharater_test.go	0	56	1210	41
/Users/chrishafley/projects/typescript-go/internal/fourslash/tests/gen/inlayHintsFunctionParameterTypes3_test.go	0	71	1116	36
/Users/chrishafley/projects/typescript-go/internal/fourslash/tests/gen/jsDocPropertyDescription7_test.go	0	42	815	27
/Users/chrishafley/projects/typescript-go/internal/fourslash/tests/gen/quickInfoForObjectBindingElementName04_test.go	0	53	813	36
/Users/chrishafley/projects/typescript-go/internal/fourslash/tests/gen/formattingOnModuleIndentation_test.go	0	51	882	29
/Users/chrishafley/projects/typescript-go/internal/fourslash/tests/gen/quickInfoInheritedLinkTag_test.go	0	68	921	31
/Users/chrishafley/projects/typescript-go/internal/fourslash/tests/gen/codeFixMissingTypeAnnotationOnExports30-inline-import_test.go	0	48	1205	40
/Users/chrishafley/projects/typescript-go/internal/fourslash/tests/gen/autoImportModuleNone2_test.go	0	72	1622	52
/Users/chrishafley/projects/typescript-go/internal/fourslash/tests/gen/quickInfoImportMeta_test.go	0	45	915	33
/Users/chrishafley/projects/typescript-go/internal/fourslash/tests/gen/referencesForInheritedProperties8_test.go	0	45	758	30
/Users/chrishafley/projects/typescript-go/internal/fourslash/tests/gen/quickInfoTypeArgumentInferenceWithMethodWithoutBody_test.go	0	69	952	32
/Users/chrishafley/projects/typescript-go/internal/fourslash/tests/gen/completionsNamespaceName_test.go	0	59	1738	61
/Users/chrishafley/projects/typescript-go/internal/fourslash/tests/gen/getOutliningSpansForComments_test.go	0	67	1027	37
/Users/chrishafley/projects/typescript-go/internal/fourslash/tests/gen/completionImportMeta_test.go	0	68	1459	52
/Users/chrishafley/projects/typescript-go/internal/fourslash/tests/gen/referencesForClassLocal_test.go	0	62	807	37
/Users/chrishafley/projects/typescript-go/internal/fourslash/tests/gen/semanticClassificationAlias_test.go	0	86	893	31
/Users/chrishafley/projects/typescript-go/internal/fourslash/tests/gen/quickInfoJsDocTags16_test.go	0	78	760	36
/Users/chrishafley/projects/typescript-go/internal/fourslash/tests/gen/signatureHelpTypeParametersNotVariadic_test.go	0	60	761	23
/Users/chrishafley/projects/typescript-go/internal/fourslash/tests/gen/renameModuleToVar_test.go	0	57	754	32
/Users/chrishafley/projects/typescript-go/internal/fourslash/tests/gen/findAllRefsForStringLiteral_test.go	0	50	736	30
/Users/chrishafley/projects/typescript-go/internal/fourslash/tests/gen/getJavaScriptCompletions10_test.go	0	55	1254	42
/Users/chrishafley/projects/typescript-go/internal/fourslash/tests/gen/organizeImportsType4_test.go	0	68	1227	51
/Users/chrishafley/projects/typescript-go/internal/fourslash/tests/gen/codeFixMissingTypeAnnotationOnExports21-params-and-return_test.go	0	64	1405	62
/Users/chrishafley/projects/typescript-go/internal/fourslash/tests/gen/organizeImports20_test.go	0	34	778	32
/Users/chrishafley/projects/typescript-go/internal/fourslash/tests/gen/insertMethodCallAboveOthers_test.go	0	43	657	24
/Users/chrishafley/projects/typescript-go/internal/fourslash/tests/gen/tsxFindAllReferences5_test.go	0	58	1232	40
/Users/chrishafley/projects/typescript-go/internal/fourslash/tests/gen/noCompletionListOnCommentsInsideObjectLiterals_test.go	0	52	766	30
/Users/chrishafley/projects/typescript-go/internal/fourslash/tests/gen/completionsOverridingMethod7_test.go	0	63	2353	70
/Users/chrishafley/projects/typescript-go/internal/fourslash/tests/gen/tsxCompletion10_test.go	0	59	1124	40
/Users/chrishafley/projects/typescript-go/internal/fourslash/tests/gen/goToDefinitionYield4_test.go	0	44	648	23
/Users/chrishafley/projects/typescript-go/internal/fourslash/tests/gen/renameObjectBindingElementPropertyName01_test.go	0	44	833	27
/Users/chrishafley/projects/typescript-go/internal/fourslash/tests/gen/getJavaScriptQuickInfo8_test.go	0	40	1908	74
/Users/chrishafley/projects/typescript-go/internal/fourslash/tests/gen/completionPropertyShorthandForObjectLiteral4_test.go	0	68	1143	40
/Users/chrishafley/projects/typescript-go/internal/fourslash/tests/gen/completionListForTransitivelyExportedMembers03_test.go	0	69	1571	62
/Users/chrishafley/projects/typescript-go/internal/fourslash/tests/gen/goToImplementationInterface_06_test.go	0	44	838	28
/Users/chrishafley/projects/typescript-go/internal/fourslash/tests/gen/memberListInReopenedEnum_test.go	0	45	1504	57
/Users/chrishafley/projects/typescript-go/internal/fourslash/tests/gen/importNameCodeFix_sortByDistance_test.go	0	45	1134	45
/Users/chrishafley/projects/typescript-go/internal/fourslash/tests/gen/unusedVariableInClass5_test.go	0	54	664	26
/Users/chrishafley/projects/typescript-go/internal/fourslash/tests/gen/completionsImport_named_fromMergedDeclarations_test.go	0	59	1944	64
/Users/chrishafley/projects/typescript-go/internal/fourslash/tests/gen/formatObjectBindingPattern_restElementWithPropertyName_test.go	0	58	712	22
/Users/chrishafley/projects/typescript-go/internal/fourslash/tests/gen/getOccurrencesLoopBreakContinue6_test.go	0	50	2281	83
/Users/chrishafley/projects/typescript-go/internal/fourslash/tests/gen/autoImportCrossProject_paths_toDist_test.go	0	41	2096	66
/Users/chrishafley/projects/typescript-go/internal/fourslash/tests/gen/smartSelection_behindCaret_test.go	0	46	603	21
/Users/chrishafley/projects/typescript-go/internal/fourslash/tests/gen/completionInNamedImportLocation_test.go	0	59	5182	176
/Users/chrishafley/projects/typescript-go/internal/fourslash/tests/gen/quickInfoJsDocTags2_test.go	0	43	651	23
/Users/chrishafley/projects/typescript-go/internal/fourslash/tests/gen/completionForStringLiteralNonrelativeImport7_test.go	0	40	1404	44
/Users/chrishafley/projects/typescript-go/internal/fourslash/tests/gen/addSignaturePartial_test.go	0	40	597	22
/Users/chrishafley/projects/typescript-go/internal/fourslash/tests/gen/formattingOnEnter_test.go	0	51	701	28
/Users/chrishafley/projects/typescript-go/internal/fourslash/tests/gen/findAllRefsForDefaultExport03_test.go	0	49	795	33
/Users/chrishafley/projects/typescript-go/internal/fourslash/tests/gen/referencesForStaticsAndMembersWithSameNames_test.go	0	40	1119	44
/Users/chrishafley/projects/typescript-go/internal/fourslash/tests/gen/codeFixClassImplementInterfaceProperty_test.go	0	53	989	45
/Users/chrishafley/projects/typescript-go/internal/fourslash/tests/gen/syntacticClassificationsDocComment2_test.go	0	46	719	24
/Users/chrishafley/projects/typescript-go/internal/fourslash/tests/gen/gotoDefinitionThrowsTag_test.go	0	63	679	26
/Users/chrishafley/projects/typescript-go/internal/fourslash/tests/gen/completionListInImportClause02_test.go	0	39	1296	45
/Users/chrishafley/projects/typescript-go/internal/fourslash/tests/gen/navigationBarItemsClass3_test.go	0	66	651	24
/Users/chrishafley/projects/typescript-go/internal/fourslash/tests/gen/completionsJsdocTag_test.go	0	46	1189	41
/Users/chrishafley/projects/typescript-go/internal/fourslash/tests/gen/quickinfoVerbosityMappedType_test.go	0	59	1064	35
/Users/chrishafley/projects/typescript-go/internal/fourslash/tests/gen/formatAfterPasteInString_test.go	0	41	724	25
/Users/chrishafley/projects/typescript-go/internal/fourslash/tests/gen/genericsFormatting_test.go	0	48	2318	59
/Users/chrishafley/projects/typescript-go/internal/fourslash/tests/gen/codeFixMissingTypeAnnotationOnExports29-inline_test.go	0	50	1003	37
/Users/chrishafley/projects/typescript-go/internal/fourslash/tests/gen/getOccurrencesStringLiterals_test.go	0	38	767	23
/Users/chrishafley/projects/typescript-go/internal/fourslash/tests/gen/refactorConvertToEsModule_module_node12_test.go	0	39	1019	38
/Users/chrishafley/projects/typescript-go/internal/fourslash/tests/gen/findAllRefsInsideTemplates2_test.go	0	40	708	22
/Users/chrishafley/projects/typescript-go/internal/fourslash/tests/gen/typeReferenceAndImportDeprecated_test.go	0	44	1946	53
/Users/chrishafley/projects/typescript-go/internal/fourslash/tests/gen/navigationBarItemsMultilineStringIdentifiers2_test.go	0	37	873	33
/Users/chrishafley/projects/typescript-go/internal/fourslash/tests/gen/importNameCodeFix_jsExtension_test.go	0	33	1316	43
/Users/chrishafley/projects/typescript-go/internal/fourslash/tests/gen/formattingConditionalTypes_test.go	0	38	888	26
/Users/chrishafley/projects/typescript-go/internal/fourslash/tests/gen/quickInfoSignatureRestParameterFromUnion3_test.go	0	33	887	25
/Users/chrishafley/projects/typescript-go/internal/fourslash/tests/gen/codeFixClassImplementInterfaceConstructorName1_test.go	0	46	880	33
/Users/chrishafley/projects/typescript-go/internal/fourslash/tests/gen/quickInfoLink7_test.go	0	46	610	24
/Users/chrishafley/projects/typescript-go/internal/fourslash/tests/gen/getJavaScriptSyntacticDiagnostics6_test.go	0	47	663	23
/Users/chrishafley/projects/typescript-go/internal/fourslash/tests/gen/signatureHelpExplicitTypeArguments_test.go	0	42	2360	55
/Users/chrishafley/projects/typescript-go/internal/fourslash/tests/gen/whiteSpaceTrimming2_test.go	0	50	1146	32
/Users/chrishafley/projects/typescript-go/internal/fourslash/tests/gen/quickInfoUniqueSymbolJsDoc_test.go	0	43	691	26
/Users/chrishafley/projects/typescript-go/internal/fourslash/tests/gen/docCommentTemplateVariableStatements01_test.go	0	41	1295	64
/Users/chrishafley/projects/typescript-go/internal/fourslash/tests/gen/completionListObjectMembersInTypeLocationWithTypeof_test.go	0	41	1841	57
/Users/chrishafley/projects/typescript-go/internal/fourslash/tests/gen/organizeImports_removeOnly_test.go	0	41	938	35
/Users/chrishafley/projects/typescript-go/internal/fourslash/tests/gen/publicBreak_test.go	0	36	577	23
/Users/chrishafley/projects/typescript-go/internal/fourslash/tests/gen/completionListInTypeLiteralInTypeParameter20_test.go	0	45	2399	81
/Users/chrishafley/projects/typescript-go/internal/fourslash/tests/gen/symbolNameAtUnparseableFunctionOverload_test.go	0	51	795	29
/Users/chrishafley/projects/typescript-go/internal/fourslash/tests/gen/renameImportOfExportEquals2_test.go	0	56	1448	36
/Users/chrishafley/projects/typescript-go/internal/fourslash/tests/gen/protoPropertyInObjectLiteral_test.go	0	40	1868	63
/Users/chrishafley/projects/typescript-go/internal/fourslash/tests/gen/genericRespecialization1_test.go	0	40	2817	92
/Users/chrishafley/projects/typescript-go/internal/fourslash/tests/gen/codeFixClassImplementInterfaceDuplicateMember1_test.go	0	43	782	28
/Users/chrishafley/projects/typescript-go/internal/fourslash/tests/gen/quickInfoOnNarrowedType_test.go	0	38	4391	144
/Users/chrishafley/projects/typescript-go/internal/fourslash/tests/gen/typeOperatorNodeBuilding_test.go	0	54	1116	34
/Users/chrishafley/projects/typescript-go/internal/fourslash/tests/gen/quickInfoOnPropertyAccessInWriteLocation4_test.go	0	53	830	27
/Users/chrishafley/projects/typescript-go/internal/fourslash/tests/gen/goToDefinitionShorthandProperty06_test.go	0	51	699	27
/Users/chrishafley/projects/typescript-go/internal/fourslash/tests/gen/quickInfoForGenericTaggedTemplateExpression_test.go	0	38	1819	39
/Users/chrishafley/projects/typescript-go/internal/fourslash/tests/gen/importNameCodeFix_all_js_test.go	0	57	927	38
/Users/chrishafley/projects/typescript-go/internal/fourslash/tests/gen/goToDefinitionAmbiants_test.go	0	44	1273	33
/Users/chrishafley/projects/typescript-go/internal/fourslash/tests/gen/refactorConvertToEsModule_notInCommonjsProject_test.go	0	59	697	24
/Users/chrishafley/projects/typescript-go/internal/fourslash/tests/gen/contextualTypingFromTypeAssertion1_test.go	0	59	701	21
/Users/chrishafley/projects/typescript-go/internal/fourslash/tests/gen/renameJsThisProperty01_test.go	0	42	784	27
/Users/chrishafley/projects/typescript-go/internal/fourslash/tests/gen/goToSource15_bundler_test.go	0	42	1726	46
/Users/chrishafley/projects/typescript-go/internal/fourslash/tests/gen/findAllRefsReExport_broken2_test.go	0	46	659	22
/Users/chrishafley/projects/typescript-go/internal/fourslash/tests/gen/jsDocAugmentsAndExtends_test.go	0	35	1272	46
/Users/chrishafley/projects/typescript-go/internal/fourslash/tests/gen/goToDefinitionObjectLiteralProperties2_test.go	0	51	895	39
/Users/chrishafley/projects/typescript-go/internal/fourslash/tests/gen/findAllRefsForComputedProperties2_test.go	0	42	750	31
/Users/chrishafley/projects/typescript-go/internal/fourslash/tests/gen/smartSelection_mappedTypes_test.go	0	39	663	21
/Users/chrishafley/projects/typescript-go/internal/fourslash/tests/gen/tsxCompletion7_test.go	0	41	1600	52
/Users/chrishafley/projects/typescript-go/internal/fourslash/tests/gen/tsxRename2_test.go	0	44	918	32
/Users/chrishafley/projects/typescript-go/internal/fourslash/tests/gen/signatureHelpOnTypePredicates_test.go	0	38	1107	31
/Users/chrishafley/projects/typescript-go/internal/fourslash/tests/gen/completionListInReturnWithContextualThis_test.go	0	39	1654	62
/Users/chrishafley/projects/typescript-go/internal/fourslash/tests/gen/docCommentTemplate_insideEmptyComment_test.go	0	48	895	32
/Users/chrishafley/projects/typescript-go/internal/fourslash/tests/gen/commentsLinePreservation_test.go	0	48	5455	155
/Users/chrishafley/projects/typescript-go/internal/fourslash/tests/gen/genericWithSpecializedProperties2_test.go	0	41	967	33
/Users/chrishafley/projects/typescript-go/internal/fourslash/tests/gen/goToDefinitionModifiers_test.go	0	45	1070	35
/Users/chrishafley/projects/typescript-go/internal/fourslash/tests/gen/quickInfoUntypedModuleImport_test.go	0	71	1029	33
/Users/chrishafley/projects/typescript-go/internal/fourslash/tests/gen/quickInfoOnFunctionPropertyReturnedFromGenericFunction2_test.go	0	56	902	29
/Users/chrishafley/projects/typescript-go/internal/fourslash/tests/gen/autoImportPathsNodeModules_test.go	0	46	1133	40
/Users/chrishafley/projects/typescript-go/internal/fourslash/tests/gen/completionAfterNewline_test.go	0	49	1195	42
/Users/chrishafley/projects/typescript-go/internal/fourslash/tests/gen/aliasMergingWithNamespace_test.go	0	51	654	22
/Users/chrishafley/projects/typescript-go/internal/fourslash/tests/gen/findAllRefsForDefaultExport_reExport_test.go	0	41	841	27
/Users/chrishafley/projects/typescript-go/internal/fourslash/tests/gen/organizeImportsReactJsxDev_test.go	0	41	1370	49
/Users/chrishafley/projects/typescript-go/internal/fourslash/tests/gen/formatImplicitModule_test.go	0	43	711	27
/Users/chrishafley/projects/typescript-go/internal/fourslash/tests/gen/formatNoSpaceBeforeCloseBrace6_test.go	0	36	676	24
/Users/chrishafley/projects/typescript-go/internal/fourslash/tests/gen/importCompletionsPackageJsonImportsConditions1_test.go	0	52	1401	46
/Users/chrishafley/projects/typescript-go/internal/fourslash/tests/gen/referencesForLabel3_test.go	0	60	632	23
/Users/chrishafley/projects/typescript-go/internal/fourslash/tests/gen/inlayHintsVariableTypes2_test.go	0	39	1064	32
/Users/chrishafley/projects/typescript-go/internal/fourslash/tests/gen/autoImportFileExcludePatterns10_test.go	0	42	1497	54
/Users/chrishafley/projects/typescript-go/internal/fourslash/tests/gen/codeFixSpellingJs8_test.go	0	40	664	26
/Users/chrishafley/projects/typescript-go/internal/fourslash/tests/gen/genericSignaturesAreProperlyCleaned_test.go	0	38	811	28
/Users/chrishafley/projects/typescript-go/internal/fourslash/tests/gen/completionsOverridingMethod17_test.go	0	46	1627	53
/Users/chrishafley/projects/typescript-go/internal/fourslash/tests/gen/getOccurrencesClassExpressionStaticThis_test.go	0	44	1502	66
/Users/chrishafley/projects/typescript-go/internal/fourslash/tests/gen/completionsImport_named_exportEqualsNamespace_test.go	0	44	1907	61
/Users/chrishafley/projects/typescript-go/internal/fourslash/tests/gen/inlayHintsInteractiveRestParameters2_test.go	0	44	1171	37
/Users/chrishafley/projects/typescript-go/internal/fourslash/tests/gen/findAllRefsWithLeadingUnderscoreNames5_test.go	0	41	780	32
/Users/chrishafley/projects/typescript-go/internal/fourslash/tests/gen/goToDefinitionReturn7_test.go	0	42	753	25
/Users/chrishafley/projects/typescript-go/internal/fourslash/tests/gen/goToDefinitionVariableAssignment3_test.go	0	39	764	25
/Users/chrishafley/projects/typescript-go/internal/fourslash/tests/gen/completionsImport_exportEquals_anonymous_test.go	0	50	2446	78
/Users/chrishafley/projects/typescript-go/internal/fourslash/tests/gen/findReferencesAfterEdit_test.go	0	37	826	33
/Users/chrishafley/projects/typescript-go/internal/fourslash/tests/gen/goToDefinitionOverriddenMember17_test.go	0	45	935	32
/Users/chrishafley/projects/typescript-go/internal/fourslash/tests/gen/smartSelection_JSDocTags4_test.go	0	43	723	29
/Users/chrishafley/projects/typescript-go/internal/fourslash/tests/gen/findAllRefsInsideWithBlock_test.go	0	45	783	28
/Users/chrishafley/projects/typescript-go/internal/fourslash/tests/gen/completionListInstanceProtectedMembers2_test.go	0	52	3482	133
/Users/chrishafley/projects/typescript-go/internal/fourslash/tests/gen/importNameCodeFixExistingImport0_test.go	0	59	757	27
/Users/chrishafley/projects/typescript-go/internal/fourslash/tests/gen/memberListOnConstructorType_test.go	0	52	1000	33
/Users/chrishafley/projects/typescript-go/internal/fourslash/tests/gen/formattingChainingMethods_test.go	0	45	1357	60
/Users/chrishafley/projects/typescript-go/internal/fourslash/tests/gen/quickinfoVerbosityIntersection1_test.go	0	56	995	36
/Users/chrishafley/projects/typescript-go/internal/fourslash/tests/gen/importNameCodeFixShebang_test.go	0	36	812	33
/Users/chrishafley/projects/typescript-go/internal/fourslash/tests/gen/quickinfoVerbosityRecursiveType_test.go	0	44	1171	46
/Users/chrishafley/projects/typescript-go/internal/fourslash/tests/gen/goToImplementationLocal_07_test.go	0	47	679	22
/Users/chrishafley/projects/typescript-go/internal/fourslash/tests/gen/jsdocDeprecated_suggestion17_test.go	0	67	1441	47
/Users/chrishafley/projects/typescript-go/internal/fourslash/tests/gen/completionsDefaultKeywordWhenDefaultExportAvailable_test.go	0	60	1356	41
/Users/chrishafley/projects/typescript-go/internal/fourslash/tests/gen/importNameCodeFixExportAsDefault_test.go	0	66	950	33
/Users/chrishafley/projects/typescript-go/internal/fourslash/tests/gen/autoImportPackageRootPath_test.go	0	63	959	38
/Users/chrishafley/projects/typescript-go/internal/fourslash/tests/gen/completionsImport_packageJsonImportsPreference_test.go	0	63	2752	84
/Users/chrishafley/projects/typescript-go/internal/fourslash/tests/gen/completionsWithOptionalPropertiesGenericValidBoolean_test.go	0	58	1486	46
/Users/chrishafley/projects/typescript-go/internal/fourslash/tests/gen/inlayHintsInteractiveFunctionParameterTypes1_test.go	0	42	1778	59
/Users/chrishafley/projects/typescript-go/internal/fourslash/tests/gen/goToImplementationInterfaceMethod_05_test.go	0	40	1217	51
/Users/chrishafley/projects/typescript-go/internal/fourslash/tests/gen/unusedImports6FS_test.go	0	42	791	33
/Users/chrishafley/projects/typescript-go/internal/fourslash/tests/gen/renameJsExports02_test.go	0	48	699	25
/Users/chrishafley/projects/typescript-go/internal/fourslash/tests/gen/addDuplicateSetter_test.go	0	50	633	25
/Users/chrishafley/projects/typescript-go/internal/fourslash/tests/gen/findReferencesSeeTagInTs_test.go	0	45	749	25
/Users/chrishafley/projects/typescript-go/internal/fourslash/tests/gen/codeFixAddParameterNames3_test.go	0	36	678	22
/Users/chrishafley/projects/typescript-go/internal/fourslash/tests/gen/completionsInJsxTag_test.go	0	43	2045	73
/Users/chrishafley/projects/typescript-go/internal/fourslash/tests/gen/renameStringLiteralOk_test.go	0	57	749	27
/Users/chrishafley/projects/typescript-go/internal/fourslash/tests/gen/goToDefinitionImportedNames6_test.go	0	44	841	31
/Users/chrishafley/projects/typescript-go/internal/fourslash/tests/gen/goToDefinitionMultipleDefinitions_test.go	0	39	1139	44
/Users/chrishafley/projects/typescript-go/internal/fourslash/tests/gen/docCommentTemplateWithMultipleJSDoc3_test.go	0	42	786	25
/Users/chrishafley/projects/typescript-go/internal/fourslash/tests/gen/insertVarAfterEmptyTypeParamList_test.go	0	39	642	24
/Users/chrishafley/projects/typescript-go/internal/fourslash/tests/gen/quickInfoForObjectBindingElementPropertyName02_test.go	0	46	763	27
/Users/chrishafley/projects/typescript-go/internal/fourslash/tests/gen/quickInfoForConstDeclaration_test.go	0	39	617	21
/Users/chrishafley/projects/typescript-go/internal/fourslash/tests/gen/genericTypeParamUnrelatedToArguments1_test.go	0	35	1147	34
/Users/chrishafley/projects/typescript-go/internal/fourslash/tests/gen/getJavaScriptSyntacticDiagnostics10_test.go	0	40	669	23
/Users/chrishafley/projects/typescript-go/internal/fourslash/tests/gen/thisPredicateFunctionQuickInfo02_test.go	0	40	2046	57
/Users/chrishafley/projects/typescript-go/internal/fourslash/tests/gen/importNameCodeFixExistingImport12_test.go	0	45	789	29
/Users/chrishafley/projects/typescript-go/internal/fourslash/tests/gen/javascriptModules20_test.go	0	36	1485	49
/Users/chrishafley/projects/typescript-go/internal/fourslash/tests/gen/completionListInObjectBindingPattern09_test.go	0	28	1188	43
/Users/chrishafley/projects/typescript-go/internal/fourslash/tests/gen/completionListInClosedFunction04_test.go	0	45	1160	42
/Users/chrishafley/projects/typescript-go/internal/fourslash/tests/gen/tsxIncrementalServer_test.go	0	37	757	31
/Users/chrishafley/projects/typescript-go/internal/fourslash/tests/gen/codeFixClassImplementClassMultipleSignatures2_test.go	0	40	1469	44
/Users/chrishafley/projects/typescript-go/internal/fourslash/tests/gen/tsxCompletionNonTagLessThan_test.go	0	39	1806	60
/Users/chrishafley/projects/typescript-go/internal/fourslash/tests/gen/addDeclareToModule_test.go	0	42	627	24
/Users/chrishafley/projects/typescript-go/internal/fourslash/tests/gen/codeFixTopLevelAwait_module_targetES2017CompilerOptionsInTsConfig_test.go	0	40	885	31
/Users/chrishafley/projects/typescript-go/internal/fourslash/tests/gen/formatOnSemiColonAfterBreak_test.go	0	45	666	25
/Users/chrishafley/projects/typescript-go/internal/fourslash/tests/gen/jsxAriaLikeCompletions_test.go	0	55	1537	49
/Users/chrishafley/projects/typescript-go/internal/fourslash/tests/gen/importNameCodeFixNewImportFromAtTypesScopedPackage_test.go	0	55	829	28
/Users/chrishafley/projects/typescript-go/internal/fourslash/tests/gen/javaScriptModulesError1_test.go	0	55	665	25
/Users/chrishafley/projects/typescript-go/internal/fourslash/tests/gen/genericFunctionSignatureHelp2_test.go	0	38	703	23
/Users/chrishafley/projects/typescript-go/internal/fourslash/tests/gen/getOccurrencesTryCatchFinallyBroken_test.go	0	53	987	50
/Users/chrishafley/projects/typescript-go/internal/fourslash/tests/gen/autoImportRelativePathToMonorepoPackage_test.go	0	47	1444	40
/Users/chrishafley/projects/typescript-go/internal/fourslash/tests/gen/completionListInUnclosedElementAccessExpression01_test.go	0	46	1038	34
/Users/chrishafley/projects/typescript-go/internal/fourslash/tests/gen/getJavaScriptCompletions19_test.go	0	36	1861	70
/Users/chrishafley/projects/typescript-go/internal/fourslash/tests/gen/completionsJSDocImportTagAttributesEmptyModuleSpecifier1_test.go	0	38	1231	41
/Users/chrishafley/projects/typescript-go/internal/fourslash/tests/gen/inlayHintsCrash1_test.go	0	59	1008	31
/Users/chrishafley/projects/typescript-go/internal/fourslash/tests/gen/jsdocLink_rename1_test.go	0	50	650	25
/Users/chrishafley/projects/typescript-go/internal/fourslash/tests/gen/signatureHelpCallExpression_test.go	0	42	965	25
/Users/chrishafley/projects/typescript-go/internal/fourslash/tests/gen/quickInfoModuleVariables_test.go	0	43	885	34
/Users/chrishafley/projects/typescript-go/internal/fourslash/tests/gen/tsxGoToDefinitionStatelessFunction2_test.go	0	36	1761	48
/Users/chrishafley/projects/typescript-go/internal/fourslash/tests/gen/getJavaScriptQuickInfo1_test.go	0	39	720	24
/Users/chrishafley/projects/typescript-go/internal/fourslash/tests/gen/getOccurrencesThrow8_test.go	0	41	865	39
/Users/chrishafley/projects/typescript-go/internal/fourslash/tests/gen/completionsImport_ofAlias_preferShortPath_test.go	0	44	2024	63
/Users/chrishafley/projects/typescript-go/internal/fourslash/tests/gen/findAllRefsUnresolvedSymbols3_test.go	0	49	877	28
/Users/chrishafley/projects/typescript-go/internal/fourslash/tests/gen/typeOfKeywordCompletion_test.go	0	43	1205	38
/Users/chrishafley/projects/typescript-go/internal/fourslash/tests/gen/codeFixClassImplementDefaultClass_test.go	0	58	843	29
/Users/chrishafley/projects/typescript-go/internal/fourslash/tests/gen/removeDeclareKeyword_test.go	0	50	615	23
/Users/chrishafley/projects/typescript-go/internal/fourslash/tests/gen/codeFixAddMissingAwait_topLevel_test.go	0	41	822	27
/Users/chrishafley/projects/typescript-go/internal/fourslash/tests/gen/findAllRefsInClassExpression_test.go	0	54	682	24
/Users/chrishafley/projects/typescript-go/internal/fourslash/tests/gen/callHierarchyExportDefaultClass_test.go	0	65	811	36
/Users/chrishafley/projects/typescript-go/internal/fourslash/tests/gen/getOccurrencesIsDefinitionOfInterface_test.go	0	64	692	24
/Users/chrishafley/projects/typescript-go/internal/fourslash/tests/gen/importNameCodeFix_all_test.go	0	40	1783	70
/Users/chrishafley/projects/typescript-go/internal/fourslash/tests/gen/completionListInTypedObjectLiterals3_test.go	0	39	1058	37
/Users/chrishafley/projects/typescript-go/internal/fourslash/tests/gen/signatureHelpNegativeTests2_test.go	0	31	787	22
/Users/chrishafley/projects/typescript-go/internal/fourslash/tests/gen/addMemberToModule_test.go	0	39	747	31
/Users/chrishafley/projects/typescript-go/internal/fourslash/tests/gen/inlayHintsRestParameters1_test.go	0	41	1051	29
/Users/chrishafley/projects/typescript-go/internal/fourslash/tests/gen/typeAboveNumberLiteralExpressionStatement_test.go	0	53	629	24
/Users/chrishafley/projects/typescript-go/internal/fourslash/tests/gen/formatInTryCatchFinally_test.go	0	52	675	29
/Users/chrishafley/projects/typescript-go/internal/fourslash/tests/gen/augmentedTypesModule6_test.go	0	49	2539	85
/Users/chrishafley/projects/typescript-go/internal/fourslash/tests/gen/renameModuleExportsProperties3_test.go	0	42	893	26
/Users/chrishafley/projects/typescript-go/internal/fourslash/tests/gen/autoImportProvider_exportMap2_test.go	0	37	2400	83
/Users/chrishafley/projects/typescript-go/internal/fourslash/tests/gen/packageJsonImportsFailedLookups_test.go	0	41	994	34
/Users/chrishafley/projects/typescript-go/internal/fourslash/tests/gen/goToDefinitionOverriddenMember2_test.go	0	44	714	28
/Users/chrishafley/projects/typescript-go/internal/fourslash/tests/gen/organizeImportsAttributes2_test.go	0	37	1194	39
/Users/chrishafley/projects/typescript-go/internal/fourslash/tests/gen/completionsJSDocNoCrash2_test.go	0	41	1486	48
/Users/chrishafley/projects/typescript-go/internal/fourslash/tests/gen/smartSelection_JSDocTags12_test.go	0	40	723	24
/Users/chrishafley/projects/typescript-go/internal/fourslash/tests/gen/findAllRefsClassExpression0_test.go	0	36	736	27
/Users/chrishafley/projects/typescript-go/internal/fourslash/tests/gen/autoImportProvider_importsMap3_test.go	0	34	1163	41
/Users/chrishafley/projects/typescript-go/internal/fourslash/tests/gen/getOccurrencesIsDefinitionOfNamespace_test.go	0	39	707	24
/Users/chrishafley/projects/typescript-go/internal/fourslash/tests/gen/completionsJSDocImportTagEmptyModuleSpecifier1_test.go	0	41	1221	40
/Users/chrishafley/projects/typescript-go/internal/fourslash/tests/gen/goToDefinitionJsxCall_test.go	0	43	760	27
/Users/chrishafley/projects/typescript-go/internal/fourslash/tests/gen/goToSource17_AddsFileToProject_test.go	0	39	1837	50
/Users/chrishafley/projects/typescript-go/internal/fourslash/tests/gen/completionsWithDeprecatedTag10_test.go	0	42	1664	50
/Users/chrishafley/projects/typescript-go/internal/fourslash/tests/gen/completionsCombineOverloads_returnType_test.go	0	44	1127	38
/Users/chrishafley/projects/typescript-go/internal/fourslash/tests/gen/semanticModernClassificationCallableVariables_test.go	0	44	1736	48
/Users/chrishafley/projects/typescript-go/internal/fourslash/tests/gen/formattingGlobalAugmentation1_test.go	0	42	707	24
/Users/chrishafley/projects/typescript-go/internal/fourslash/tests/gen/quickInfoDisplayPartsLet_test.go	0	48	959	41
/Users/chrishafley/projects/typescript-go/internal/fourslash/tests/gen/autoImportTypeImport5_test.go	0	44	3876	113
/Users/chrishafley/projects/typescript-go/internal/fourslash/tests/gen/formatNoSpaceBetweenClosingParenAndTemplateString_test.go	0	40	795	24
/Users/chrishafley/projects/typescript-go/internal/fourslash/tests/gen/codeFixImportNonExportedMember4_test.go	0	40	791	27
/Users/chrishafley/projects/typescript-go/internal/fourslash/tests/gen/goToDefinitionOverriddenMember21_test.go	0	34	789	30
/Users/chrishafley/projects/typescript-go/internal/fourslash/tests/gen/classInterfaceInsert_test.go	0	42	897	31
/Users/chrishafley/projects/typescript-go/internal/fourslash/tests/gen/formattingDoubleLessThan_test.go	0	47	700	23
/Users/chrishafley/projects/typescript-go/internal/fourslash/tests/gen/completionsImport_default_exportDefaultIdentifier_test.go	0	38	1929	60
/Users/chrishafley/projects/typescript-go/internal/fourslash/tests/gen/incrementalResolveAccessor_test.go	0	47	797	32
/Users/chrishafley/projects/typescript-go/internal/fourslash/tests/gen/autoImportSortCaseSensitivity1_test.go	0	44	1560	58
/Users/chrishafley/projects/typescript-go/internal/fourslash/tests/gen/tsxFindAllReferences11_test.go	0	42	1280	43
/Users/chrishafley/projects/typescript-go/internal/fourslash/tests/gen/jsdocDeprecated_suggestion21_test.go	0	45	1225	45
/Users/chrishafley/projects/typescript-go/internal/fourslash/tests/gen/importStatementCompletions_quotes_test.go	0	44	1954	62
/Users/chrishafley/projects/typescript-go/internal/fourslash/tests/gen/completionListInObjectLiteral2_test.go	0	42	1983	54
/Users/chrishafley/projects/typescript-go/internal/fourslash/tests/gen/formattingVoid_test.go	0	44	1200	39
/Users/chrishafley/projects/typescript-go/internal/fourslash/tests/gen/unusedClassInNamespace4_test.go	0	36	865	44
/Users/chrishafley/projects/typescript-go/internal/fourslash/tests/gen/codefixClassImplementInterface_omit_test.go	0	44	1017	46
/Users/chrishafley/projects/typescript-go/internal/fourslash/tests/gen/completionsOverridingMethod21_test.go	0	42	2224	66
/Users/chrishafley/projects/typescript-go/internal/fourslash/tests/gen/referencesForStringLiteralPropertyNames7_test.go	0	42	782	27
/Users/chrishafley/projects/typescript-go/internal/fourslash/tests/gen/formattingAfterChainedFatArrow_test.go	0	42	711	27
/Users/chrishafley/projects/typescript-go/internal/fourslash/tests/gen/getOccurrencesAsyncAwait_test.go	0	44	979	39
/Users/chrishafley/projects/typescript-go/internal/fourslash/tests/gen/jsDocFunctionSignatures3_test.go	0	44	2097	76
/Users/chrishafley/projects/typescript-go/internal/fourslash/tests/gen/recursiveGenerics2_test.go	0	44	660	23
/Users/chrishafley/projects/typescript-go/internal/fourslash/tests/gen/format01_test.go	0	45	710	25
/Users/chrishafley/projects/typescript-go/internal/fourslash/tests/gen/renameContextuallyTypedProperties2_test.go	0	44	1811	74
/Users/chrishafley/projects/typescript-go/internal/fourslash/tests/gen/renameLabel2_test.go	0	48	601	23
/Users/chrishafley/projects/typescript-go/internal/fourslash/tests/gen/completionListInExtendsClause_test.go	0	49	1707	58
/Users/chrishafley/projects/typescript-go/internal/fourslash/tests/gen/memberListInWithBlock2_test.go	0	46	652	27
/Users/chrishafley/projects/typescript-go/internal/fourslash/tests/gen/autoImportProvider2_test.go	0	46	1608	40
/Users/chrishafley/projects/typescript-go/internal/fourslash/tests/gen/findAllReferencesNonExistentExportBinding_test.go	0	52	791	26
/Users/chrishafley/projects/typescript-go/internal/fourslash/tests/gen/completionListForRest_test.go	0	55	1351	48
/Users/chrishafley/projects/typescript-go/internal/fourslash/tests/gen/completionsImport_windowsPathsProjectRelative_test.go	0	53	4609	139
/Users/chrishafley/projects/typescript-go/internal/fourslash/tests/gen/codeFixClassImplementInterfaceMappedType1_test.go	0	36	939	33
/Users/chrishafley/projects/typescript-go/internal/fourslash/tests/gen/smartSelection_stringLiteral_test.go	0	33	623	22
/Users/chrishafley/projects/typescript-go/internal/fourslash/tests/gen/quickInforForSucessiveInferencesIsNotAny_test.go	0	49	918	26
/Users/chrishafley/projects/typescript-go/internal/fourslash/tests/gen/goToDefinitionUnionTypeProperty1_test.go	0	43	908	34
/Users/chrishafley/projects/typescript-go/internal/fourslash/tests/gen/addFunctionInDuplicatedConstructorClassBody_test.go	0	41	739	27
/Users/chrishafley/projects/typescript-go/internal/fourslash/tests/gen/completionInChecks1_test.go	0	45	2523	93
/Users/chrishafley/projects/typescript-go/internal/fourslash/tests/gen/codeFixClassImplementInterfaceConstructSignature_test.go	0	41	702	24
/Users/chrishafley/projects/typescript-go/internal/fourslash/tests/gen/completionsWrappedClass_test.go	0	39	1283	47
/Users/chrishafley/projects/typescript-go/internal/fourslash/tests/gen/completionListModuleMembers_test.go	0	38	2179	68
/Users/chrishafley/projects/typescript-go/internal/fourslash/tests/gen/getOccurrencesLoopBreakContinueNegatives_test.go	0	36	2297	83
/Users/chrishafley/projects/typescript-go/internal/fourslash/tests/gen/formattingForOfKeyword_test.go	0	42	661	23
/Users/chrishafley/projects/typescript-go/internal/fourslash/tests/gen/codeFixMissingTypeAnnotationOnExports19_test.go	0	44	923	34
/Users/chrishafley/projects/typescript-go/internal/fourslash/tests/gen/renameDestructuringAssignmentNestedInFor_test.go	0	33	1309	35
/Users/chrishafley/projects/typescript-go/internal/fourslash/tests/gen/enumUpdate1_test.go	0	39	740	36
/Users/chrishafley/projects/typescript-go/internal/fourslash/tests/gen/renameDeclarationKeywords_test.go	0	40	2739	35
/Users/chrishafley/projects/typescript-go/internal/fourslash/tests/gen/completionListProtectedMembers_test.go	0	43	2528	100
/Users/chrishafley/projects/typescript-go/internal/fourslash/tests/gen/inlayHintsInteractiveMultifile1_test.go	0	40	1178	35
/Users/chrishafley/projects/typescript-go/internal/fourslash/tests/gen/quickinfoForUnionProperty_test.go	0	37	973	36
/Users/chrishafley/projects/typescript-go/internal/fourslash/tests/gen/goToDefinitionJsModuleNameAtImportName_test.go	0	43	1063	33
/Users/chrishafley/projects/typescript-go/internal/fourslash/tests/gen/unusedLocalsInFunction3_test.go	0	35	700	26
/Users/chrishafley/projects/typescript-go/internal/fourslash/tests/gen/codeFixClassImplementInterface_quotePreferenceAuto2_test.go	0	43	1358	48
/Users/chrishafley/projects/typescript-go/internal/fourslash/tests/gen/formatArrayLiteralExpression_test.go	0	50	1708	59
/Users/chrishafley/projects/typescript-go/internal/fourslash/tests/gen/findAllRefsPropertyContextuallyTypedByTypeParam01_test.go	0	54	822	36
/Users/chrishafley/projects/typescript-go/internal/fourslash/tests/gen/formattingOnCommaOperator_test.go	0	69	841	29
/Users/chrishafley/projects/typescript-go/internal/fourslash/tests/gen/referencesForMergedDeclarations5_test.go	0	41	731	25
/Users/chrishafley/projects/typescript-go/internal/fourslash/tests/gen/findAllReferencesJsOverloadedFunctionParameter_test.go	0	50	896	38
/Users/chrishafley/projects/typescript-go/internal/fourslash/tests/gen/quickinfoVerbosity2_test.go	0	60	794	26
/Users/chrishafley/projects/typescript-go/internal/fourslash/tests/gen/renameDestructuringDeclarationInForOf_test.go	0	36	965	31
/Users/chrishafley/projects/typescript-go/internal/fourslash/tests/gen/findAllRefsReExports2_test.go	0	40	713	25
/Users/chrishafley/projects/typescript-go/internal/fourslash/tests/gen/importNameCodeFixDefaultExport6_test.go	0	40	912	32
/Users/chrishafley/projects/typescript-go/internal/fourslash/tests/gen/syntacticClassificationsMergeConflictMarker1_test.go	0	50	692	25
/Users/chrishafley/projects/typescript-go/internal/fourslash/tests/gen/codeFixMissingTypeAnnotationOnExports8_test.go	0	46	985	30
/Users/chrishafley/projects/typescript-go/internal/fourslash/tests/gen/codeFixAddMissingMember8_test.go	0	58	624	23
/Users/chrishafley/projects/typescript-go/internal/fourslash/tests/gen/quickInfoAssertionNodeNotReusedWhenTypeNotEquivalent1_test.go	0	67	1203	47
/Users/chrishafley/projects/typescript-go/internal/fourslash/tests/gen/completionInTypeOf2_test.go	0	58	1031	36
/Users/chrishafley/projects/typescript-go/internal/fourslash/tests/gen/goToImplementationNamespace_00_test.go	0	43	812	30
/Users/chrishafley/projects/typescript-go/internal/fourslash/tests/gen/importNameCodeFixNewImportAllowSyntheticDefaultImports0_test.go	0	53	921	33
/Users/chrishafley/projects/typescript-go/internal/fourslash/tests/gen/memberListOnContextualThis_test.go	0	41	1296	42
/Users/chrishafley/projects/typescript-go/internal/fourslash/tests/gen/jsdocOnInheritedMembers2_test.go	0	57	816	36
/Users/chrishafley/projects/typescript-go/internal/fourslash/tests/gen/smartSelection_imports_test.go	0	43	655	24
/Users/chrishafley/projects/typescript-go/internal/fourslash/tests/gen/completionListObjectMembers_test.go	0	47	1363	48
/Users/chrishafley/projects/typescript-go/internal/fourslash/tests/gen/findAllRefsDestructureGeneric_test.go	0	52	693	25
/Users/chrishafley/projects/typescript-go/internal/fourslash/tests/gen/navigationBarItemsItems2_test.go	0	56	665	24
/Users/chrishafley/projects/typescript-go/internal/fourslash/tests/gen/quickInfoDisplayPartsVarWithStringTypes01_test.go	0	48	727	23
/Users/chrishafley/projects/typescript-go/internal/fourslash/tests/gen/pathCompletionsTypesVersionsWildcard1_test.go	0	49	1861	67
/Users/chrishafley/projects/typescript-go/internal/fourslash/tests/gen/unusedConstantInFunction1_test.go	0	47	689	25
/Users/chrishafley/projects/typescript-go/internal/fourslash/tests/gen/formattingInComment_test.go	0	55	841	29
/Users/chrishafley/projects/typescript-go/internal/fourslash/tests/gen/importCompletionsPackageJsonImportsPattern_ts_test.go	0	45	1225	43
/Users/chrishafley/projects/typescript-go/internal/fourslash/tests/gen/completionListAtEOF_test.go	0	37	1718	60
/Users/chrishafley/projects/typescript-go/internal/fourslash/tests/gen/quickInfoForDerivedGenericTypeWithConstructor_test.go	0	38	885	33
/Users/chrishafley/projects/typescript-go/internal/fourslash/tests/gen/goToDefinitionExternalModuleName7_test.go	0	47	730	26
/Users/chrishafley/projects/typescript-go/internal/fourslash/tests/gen/goToImplementationInterfaceProperty_00_test.go	0	37	875	36
/Users/chrishafley/projects/typescript-go/internal/fourslash/tests/gen/findAllReferencesLinkTag3_test.go	0	44	1381	46
/Users/chrishafley/projects/typescript-go/internal/fourslash/tests/gen/cloduleAsBaseClass_test.go	0	63	2443	95
/Users/chrishafley/projects/typescript-go/internal/fourslash/tests/gen/completionListInTypeLiteralInTypeParameter16_test.go	0	65	2465	97
/Users/chrishafley/projects/typescript-go/internal/fourslash/tests/gen/memberListInFunctionCall_test.go	0	44	1093	41
/Users/chrishafley/projects/typescript-go/internal/fourslash/tests/gen/formatInsertSpaceAfterCloseBraceBeforeCloseBracket_test.go	0	38	870	26
/Users/chrishafley/projects/typescript-go/internal/fourslash/tests/gen/findAllRefsObjectBindingElementPropertyName01_test.go	0	40	762	27
/Users/chrishafley/projects/typescript-go/internal/fourslash/tests/gen/completionListAtEndOfWordInArrowFunction01_test.go	0	52	1017	33
/Users/chrishafley/projects/typescript-go/internal/fourslash/tests/gen/codeFixInferFromExpressionStatement_test.go	0	42	729	24
/Users/chrishafley/projects/typescript-go/internal/fourslash/tests/gen/codeFixUnusedInterfaceInNamespace1_test.go	0	52	721	27
/Users/chrishafley/projects/typescript-go/internal/fourslash/tests/gen/navigationBarComputedPropertyName_test.go	0	49	687	26
/Users/chrishafley/projects/typescript-go/internal/fourslash/tests/gen/importNameCodeFixUMDGlobalReact1_test.go	0	50	1263	45
/Users/chrishafley/projects/typescript-go/internal/fourslash/tests/gen/getEditsForFileRename_test.go	0	44	1437	43
/Users/chrishafley/projects/typescript-go/internal/fourslash/tests/gen/javascriptModulesTypeImportAsValue_test.go	0	45	1135	41
/Users/chrishafley/projects/typescript-go/internal/fourslash/tests/gen/quickinfoVerbosityImport_test.go	0	45	1160	45
/Users/chrishafley/projects/typescript-go/internal/fourslash/tests/gen/codeFixInferFromUsageMember2_test.go	0	46	680	26
/Users/chrishafley/projects/typescript-go/internal/fourslash/tests/gen/gotoDefinitionLinkTag3_test.go	0	45	702	28
/Users/chrishafley/projects/typescript-go/internal/fourslash/tests/gen/formatAfterMultilineComment_test.go	0	41	646	24
/Users/chrishafley/projects/typescript-go/internal/fourslash/tests/gen/importNameCodeFixExistingImport9_test.go	0	53	769	32
/Users/chrishafley/projects/typescript-go/internal/fourslash/tests/gen/typeArgCompletion_test.go	0	43	1056	39
/Users/chrishafley/projects/typescript-go/internal/fourslash/tests/gen/quickInfoCommentsCommentParsing_test.go	0	41	5854	221
/Users/chrishafley/projects/typescript-go/internal/fourslash/tests/gen/codeFixClassImplementInterfaceNoBody_test.go	0	41	753	26
/Users/chrishafley/projects/typescript-go/internal/fourslash/tests/gen/renameParameterPropertyDeclaration5_test.go	0	36	804	25
/Users/chrishafley/projects/typescript-go/internal/fourslash/tests/gen/inlayHintsNoParameterHints_test.go	0	45	843	23
/Users/chrishafley/projects/typescript-go/internal/fourslash/tests/gen/ngProxy3_test.go	0	51	833	36
/Users/chrishafley/projects/typescript-go/internal/fourslash/tests/gen/completionForStringLiteral13_test.go	0	45	1187	40
/Users/chrishafley/projects/typescript-go/internal/fourslash/tests/gen/smartSelection_objectTypes_test.go	0	48	676	25
/Users/chrishafley/projects/typescript-go/internal/fourslash/tests/gen/formattingOnConstructorSignature_test.go	0	48	830	26
/Users/chrishafley/projects/typescript-go/internal/fourslash/tests/gen/importNameCodeFix_barrelExport_test.go	0	50	1111	38
/Users/chrishafley/projects/typescript-go/internal/fourslash/tests/gen/codeFixClassImplementInterfaceTypeParamInstantiateU_test.go	0	60	854	29
/Users/chrishafley/projects/typescript-go/internal/fourslash/tests/gen/jsDocExtends_test.go	0	59	850	36
/Users/chrishafley/projects/typescript-go/internal/fourslash/tests/gen/moduleEnumModule_test.go	0	53	653	30
/Users/chrishafley/projects/typescript-go/internal/fourslash/tests/gen/completionsObjectLiteralUnionStringMappingType_test.go	0	52	1733	66
/Users/chrishafley/projects/typescript-go/internal/fourslash/tests/gen/goToDefinitionObjectSpread_test.go	0	52	730	26
/Users/chrishafley/projects/typescript-go/internal/fourslash/tests/gen/syntacticClassificationsConflictDiff3Markers2_test.go	0	46	795	29
/Users/chrishafley/projects/typescript-go/internal/fourslash/tests/gen/getOccurrencesOfAnonymousFunction2_test.go	0	46	820	29
/Users/chrishafley/projects/typescript-go/internal/fourslash/tests/gen/documentHighlightInKeyword_test.go	0	37	797	28
/Users/chrishafley/projects/typescript-go/internal/fourslash/tests/gen/completionsDefaultExport_test.go	0	42	1216	41
/Users/chrishafley/projects/typescript-go/internal/fourslash/tests/gen/unusedFunctionInNamespace1_test.go	0	46	755	28
/Users/chrishafley/projects/typescript-go/internal/fourslash/tests/gen/importNameCodeFix_tripleSlashOrdering_test.go	0	42	2188	107
/Users/chrishafley/projects/typescript-go/internal/fourslash/tests/gen/completionsWithDeprecatedTag6_test.go	0	52	1428	44
/Users/chrishafley/projects/typescript-go/internal/fourslash/tests/gen/navigationItemsExportEqualsExpression2_test.go	0	42	871	49
/Users/chrishafley/projects/typescript-go/internal/fourslash/tests/gen/quickInfoOnVarInArrowExpression_test.go	0	50	899	31
/Users/chrishafley/projects/typescript-go/internal/fourslash/tests/gen/autoImportPackageJsonImportsPreference2_test.go	0	42	998	32
/Users/chrishafley/projects/typescript-go/internal/fourslash/tests/gen/jsdocLink6_test.go	0	46	738	30
/Users/chrishafley/projects/typescript-go/internal/fourslash/tests/gen/findAllRefsParameterPropertyDeclaration1_test.go	0	44	767	26
/Users/chrishafley/projects/typescript-go/internal/fourslash/tests/gen/renameStringLiteralTypes1_test.go	0	63	863	29
/Users/chrishafley/projects/typescript-go/internal/fourslash/tests/gen/getJavaScriptSyntacticDiagnostics19_test.go	0	47	660	23
/Users/chrishafley/projects/typescript-go/internal/fourslash/tests/gen/renameForDefaultExport07_test.go	0	57	856	32
/Users/chrishafley/projects/typescript-go/internal/fourslash/tests/gen/completionListInObjectBindingPattern10_test.go	0	68	1577	56
/Users/chrishafley/projects/typescript-go/internal/fourslash/tests/gen/autoImportBundlerExports_test.go	0	72	914	34
/Users/chrishafley/projects/typescript-go/internal/fourslash/tests/gen/organizeImports16_test.go	0	59	1829	62
/Users/chrishafley/projects/typescript-go/internal/fourslash/tests/gen/jsdocDeprecated_suggestion9_test.go	0	55	757	27
/Users/chrishafley/projects/typescript-go/internal/fourslash/tests/gen/syntacticClassificationsConflictMarkers1_test.go	0	52	796	30
/Users/chrishafley/projects/typescript-go/internal/fourslash/tests/gen/renameFromNodeModulesDep1_test.go	0	40	1231	38
/Users/chrishafley/projects/typescript-go/internal/fourslash/tests/gen/codeFixClassImplementInterfaceMemberNestedTypeAlias_test.go	0	51	1163	40
/Users/chrishafley/projects/typescript-go/internal/fourslash/tests/gen/findAllRefsExportConstEqualToClass_test.go	0	46	719	25
/Users/chrishafley/projects/typescript-go/internal/fourslash/tests/gen/unreachableCodeAfterEdit_test.go	0	48	1616	52
/Users/chrishafley/projects/typescript-go/internal/fourslash/tests/gen/autoImportPnpm_test.go	0	58	1243	37
/Users/chrishafley/projects/typescript-go/internal/fourslash/tests/gen/docCommentTemplateInterfacesEnumsAndTypeAliases_test.go	0	56	1467	54
/Users/chrishafley/projects/typescript-go/internal/fourslash/tests/gen/completionsExternalModuleRenamedExports_test.go	0	46	1244	44
/Users/chrishafley/projects/typescript-go/internal/fourslash/tests/gen/jsdocPropertyTagCompletion_test.go	0	57	1002	35
/Users/chrishafley/projects/typescript-go/internal/fourslash/tests/gen/completionListAtNodeBoundary_test.go	0	39	1345	48
/Users/chrishafley/projects/typescript-go/internal/fourslash/tests/gen/getOutliningForArrayDestructuring_test.go	0	56	1036	60
/Users/chrishafley/projects/typescript-go/internal/fourslash/tests/gen/codeFixClassImplementInterfaceMultipleMembersAndPunctuation_test.go	0	47	1259	56
/Users/chrishafley/projects/typescript-go/internal/fourslash/tests/gen/getOccurrencesSetAndGet3_test.go	0	40	1002	43
/Users/chrishafley/projects/typescript-go/internal/fourslash/tests/gen/smartSelection_functionParams1_test.go	0	38	647	21
/Users/chrishafley/projects/typescript-go/internal/fourslash/tests/gen/documentHighlightVarianceModifiers_test.go	0	50	801	23
/Users/chrishafley/projects/typescript-go/internal/fourslash/tests/gen/importNameCodeFixNewImportPaths1_test.go	0	38	892	36
/Users/chrishafley/projects/typescript-go/internal/fourslash/tests/gen/completionListInScope_doesNotIncludeAugmentations_test.go	0	41	1094	40
/Users/chrishafley/projects/typescript-go/internal/fourslash/tests/gen/completionListInUnclosedFunction14_test.go	0	39	1260	49
/Users/chrishafley/projects/typescript-go/internal/fourslash/tests/gen/stringCompletionsImportOrExportSpecifier_test.go	0	51	7917	252
/Users/chrishafley/projects/typescript-go/internal/fourslash/tests/gen/completionsImport_tsx_test.go	0	50	1549	53
/Users/chrishafley/projects/typescript-go/internal/fourslash/tests/gen/staticGenericOverloads1_test.go	0	62	1235	36
/Users/chrishafley/projects/typescript-go/internal/fourslash/tests/gen/completionListInUnclosedFunction04_test.go	0	49	1151	40
/Users/chrishafley/projects/typescript-go/internal/fourslash/tests/gen/getEditsForFileRename_amd_test.go	0	29	830	27
/Users/chrishafley/projects/typescript-go/internal/fourslash/tests/gen/completionsImportDeclarationAttributesErrorModuleSpecifier1_test.go	0	51	1194	39
/Users/chrishafley/projects/typescript-go/internal/fourslash/tests/gen/importNameCodeFix_typeOnly_test.go	0	39	817	31
/Users/chrishafley/projects/typescript-go/internal/fourslash/tests/gen/formatSelectionWithTrivia3_test.go	0	39	701	26
/Users/chrishafley/projects/typescript-go/internal/fourslash/tests/gen/completionListStaticMembers_test.go	0	60	1556	53
/Users/chrishafley/projects/typescript-go/internal/fourslash/tests/gen/importNameCodeFixNewImportFileAllComments_test.go	0	42	1268	51
/Users/chrishafley/projects/typescript-go/internal/fourslash/tests/gen/quickInfoOnExpandoLikePropertyWithSetterDeclarationJs2_test.go	0	57	877	34
/Users/chrishafley/projects/typescript-go/internal/fourslash/tests/gen/quickInfoCanBeTruncated_test.go	0	63	11245	544
/Users/chrishafley/projects/typescript-go/internal/fourslash/tests/gen/documentHighlights_40082_test.go	0	46	701	25
/Users/chrishafley/projects/typescript-go/internal/fourslash/tests/gen/goToDefinitionSwitchCase5_test.go	0	57	628	21
/Users/chrishafley/projects/typescript-go/internal/fourslash/tests/gen/renameInheritedProperties4_test.go	0	59	763	26
/Users/chrishafley/projects/typescript-go/internal/fourslash/tests/gen/findAllRefsReExportRightNameWrongSymbol_test.go	0	53	1657	36
/Users/chrishafley/projects/typescript-go/internal/fourslash/tests/gen/goToImplementationTypeAlias_00_test.go	0	34	762	25
/Users/chrishafley/projects/typescript-go/internal/fourslash/tests/gen/referencesForContextuallyTypedObjectLiteralProperties_test.go	0	42	1097	44
/Users/chrishafley/projects/typescript-go/internal/fourslash/tests/gen/getOccurrencesYield_test.go	0	47	871	33
/Users/chrishafley/projects/typescript-go/internal/fourslash/tests/gen/goToDefinitionExpandoClass2_test.go	0	40	784	33
/Users/chrishafley/projects/typescript-go/internal/fourslash/tests/gen/completionsImport_duplicatePackages_scopedTypes_test.go	0	48	2872	80
/Users/chrishafley/projects/typescript-go/internal/fourslash/tests/gen/completionsImport_require_addToExisting_test.go	0	44	1867	61
/Users/chrishafley/projects/typescript-go/internal/fourslash/tests/gen/renameFunctionParameter2_test.go	0	50	676	26
/Users/chrishafley/projects/typescript-go/internal/fourslash/tests/gen/findAllReferencesDynamicImport3_test.go	0	42	964	24
/Users/chrishafley/projects/typescript-go/internal/fourslash/tests/gen/formattingOnNestedStatements_test.go	0	38	806	31
/Users/chrishafley/projects/typescript-go/internal/fourslash/tests/gen/renameImportOfReExport_test.go	0	39	1277	35
/Users/chrishafley/projects/typescript-go/internal/fourslash/tests/gen/referencesForUnionProperties_test.go	0	47	866	41
/Users/chrishafley/projects/typescript-go/internal/fourslash/tests/gen/findAllReferencesFromLinkTagReference1_test.go	0	47	657	24
/Users/chrishafley/projects/typescript-go/internal/fourslash/tests/gen/importTypeMemberCompletions_test.go	0	51	4733	167
/Users/chrishafley/projects/typescript-go/internal/fourslash/tests/gen/findAllReferencesTripleSlash_test.go	0	65	906	31
/Users/chrishafley/projects/typescript-go/internal/fourslash/tests/gen/correuptedTryExpressionsDontCrashGettingOutlineSpans_test.go	0	48	712	27
/Users/chrishafley/projects/typescript-go/internal/fourslash/tests/gen/completionsWithOptionalPropertiesGenericDeep_test.go	0	54	1543	50
/Users/chrishafley/projects/typescript-go/internal/fourslash/tests/gen/completionListInTypeLiteralInTypeParameter7_test.go	0	52	1145	45
/Users/chrishafley/projects/typescript-go/internal/fourslash/tests/gen/tsxQuickInfo6_test.go	0	37	1251	31
/Users/chrishafley/projects/typescript-go/internal/fourslash/tests/gen/importNameCodeFix_require_addToExisting_test.go	0	59	1130	41
/Users/chrishafley/projects/typescript-go/internal/fourslash/tests/gen/completionsImport_umdDefaultNoCrash2_test.go	0	63	1780	67
/Users/chrishafley/projects/typescript-go/internal/fourslash/tests/gen/getOccurrencesIsDefinitionOfNumberNamedProperty_test.go	0	39	682	22
/Users/chrishafley/projects/typescript-go/internal/fourslash/tests/gen/completionForStringLiteral_quotePreference3_test.go	0	40	1505	48
/Users/chrishafley/projects/typescript-go/internal/fourslash/tests/gen/completionInFunctionLikeBody_includesPrimitiveTypes_test.go	0	59	1878	64
/Users/chrishafley/projects/typescript-go/internal/fourslash/tests/gen/tripleSlashRefPathCompletionRootdirs_test.go	0	51	1479	57
/Users/chrishafley/projects/typescript-go/internal/fourslash/tests/gen/importTypeCompletions5_test.go	0	46	1664	56
/Users/chrishafley/projects/typescript-go/internal/fourslash/tests/gen/formattingAfterMultiLineString_test.go	0	58	751	29
/Users/chrishafley/projects/typescript-go/internal/fourslash/tests/gen/renameAliasExternalModule_test.go	0	51	818	26
/Users/chrishafley/projects/typescript-go/internal/fourslash/tests/gen/referencesInEmptyFile_test.go	0	63	629	23
/Users/chrishafley/projects/typescript-go/internal/fourslash/tests/gen/goToSource3_nodeModulesAtTypes_test.go	0	49	1267	34
/Users/chrishafley/projects/typescript-go/internal/fourslash/tests/gen/completionsLiteralDirectlyInRestConstrainedToTupleType_test.go	0	49	1264	46
/Users/chrishafley/projects/typescript-go/internal/fourslash/tests/gen/letQuickInfoAndCompletionList_test.go	0	54	2480	85
/Users/chrishafley/projects/typescript-go/internal/fourslash/tests/gen/autoImportReExportFromAmbientModule_test.go	0	43	2578	81
/Users/chrishafley/projects/typescript-go/internal/fourslash/tests/gen/findAllRefsJsDocImportTag3_test.go	0	50	1087	46
/Users/chrishafley/projects/typescript-go/internal/fourslash/tests/gen/codeFixMissingTypeAnnotationOnExports50-generics-with-default_test.go	0	52	945	30
/Users/chrishafley/projects/typescript-go/internal/fourslash/tests/gen/completionForStringLiteralFromSignature_test.go	0	44	1332	44
/Users/chrishafley/projects/typescript-go/internal/fourslash/tests/gen/codeFixMissingTypeAnnotationOnExports60-drops-unneeded-non-trailing-unknown_test.go	0	41	1050	33
/Users/chrishafley/projects/typescript-go/internal/fourslash/tests/gen/findAllRefsOfConstructor_test.go	0	34	918	37
/Users/chrishafley/projects/typescript-go/internal/fourslash/tests/gen/getOccurrencesIsDefinitionOfExport_test.go	0	59	721	25
/Users/chrishafley/projects/typescript-go/internal/fourslash/tests/gen/goToImplementationInterface_04_test.go	0	36	880	34
/Users/chrishafley/projects/typescript-go/internal/fourslash/tests/gen/getOccurrencesLoopBreakContinue4_test.go	0	43	2265	83
/Users/chrishafley/projects/typescript-go/internal/fourslash/tests/gen/autoImportProvider_exportMap9_test.go	0	38	2378	79
/Users/chrishafley/projects/typescript-go/internal/fourslash/tests/gen/importNameCodeFix_HeaderComment1_test.go	0	41	992	40
/Users/chrishafley/projects/typescript-go/internal/fourslash/tests/gen/getOccurrencesLoopBreakContinue_test.go	0	47	2259	83
/Users/chrishafley/projects/typescript-go/internal/fourslash/tests/gen/completionsStringLiteral_fromTypeConstraint_test.go	0	54	1598	53
/Users/chrishafley/projects/typescript-go/internal/fourslash/tests/gen/codeFixClassImplementInterfaceMultipleImplements2_test.go	0	44	837	34
/Users/chrishafley/projects/typescript-go/internal/fourslash/tests/gen/goToDefinitionClassConstructors_test.go	0	32	1475	46
/Users/chrishafley/projects/typescript-go/internal/fourslash/tests/gen/findAllRefsOnDefinition_test.go	0	33	965	41
/Users/chrishafley/projects/typescript-go/internal/fourslash/tests/gen/completionListForTransitivelyExportedMembers01_test.go	0	42	1570	62
/Users/chrishafley/projects/typescript-go/internal/fourslash/tests/gen/getOccurrencesThrow3_test.go	0	38	1366	62
/Users/chrishafley/projects/typescript-go/internal/fourslash/tests/gen/completionOfAwaitPromise2_test.go	0	33	1388	47
/Users/chrishafley/projects/typescript-go/internal/fourslash/tests/gen/syntacticClassificationsForOfKeyword_test.go	0	38	730	24
/Users/chrishafley/projects/typescript-go/internal/fourslash/tests/gen/quickInfoOnJsxIntrinsicDeclaredUsingCatchCallIndexSignature_test.go	0	40	793	26
/Users/chrishafley/projects/typescript-go/internal/fourslash/tests/gen/tsxFindAllReferences7_test.go	0	56	1068	39
/Users/chrishafley/projects/typescript-go/internal/fourslash/tests/gen/completionsGenericIndexedAccess5_test.go	0	47	1661	59
/Users/chrishafley/projects/typescript-go/internal/fourslash/tests/gen/codeFixMissingTypeAnnotationOnExports51-slightly-more-complex-generics-with-default_test.go	0	44	1046	33
/Users/chrishafley/projects/typescript-go/internal/fourslash/tests/gen/organizeImports22_test.go	0	45	1122	49
/Users/chrishafley/projects/typescript-go/internal/fourslash/tests/gen/getJavaScriptCompletions12_test.go	0	50	2704	90
/Users/chrishafley/projects/typescript-go/internal/fourslash/tests/gen/organizeImportsType6_test.go	0	48	2175	67
/Users/chrishafley/projects/typescript-go/internal/fourslash/tests/gen/completionListInNamedFunctionExpression1_test.go	0	43	1243	40
/Users/chrishafley/projects/typescript-go/internal/fourslash/tests/gen/goToDefinitionShadowVariable_test.go	0	40	793	25
/Users/chrishafley/projects/typescript-go/internal/fourslash/tests/gen/documentHighlightsTypeParameterInHeritageClause01_test.go	0	57	835	25
/Users/chrishafley/projects/typescript-go/internal/fourslash/tests/gen/goToImplementationSuper_00_test.go	0	37	725	29
/Users/chrishafley/projects/typescript-go/internal/fourslash/tests/gen/completionsExternalModuleReferenceResolutionOrderInImportDeclaration_test.go	0	53	1703	47
/Users/chrishafley/projects/typescript-go/internal/fourslash/tests/gen/renameTemplateLiteralsComputedProperties_test.go	0	49	1454	56
/Users/chrishafley/projects/typescript-go/internal/fourslash/tests/gen/getJavaScriptSyntacticDiagnostics4_test.go	0	40	666	23
/Users/chrishafley/projects/typescript-go/internal/fourslash/tests/gen/findAllRefsForDefaultKeyword_test.go	0	49	796	32
/Users/chrishafley/projects/typescript-go/internal/fourslash/tests/gen/callHierarchyConstNamedFunctionExpression_test.go	0	36	728	31
/Users/chrishafley/projects/typescript-go/internal/fourslash/tests/gen/jsdocTypedefTagSemanticMeaning0_test.go	0	43	764	26
/Users/chrishafley/projects/typescript-go/internal/fourslash/tests/gen/autoImportPackageJsonImportsPattern_js_test.go	0	45	865	31
/Users/chrishafley/projects/typescript-go/internal/fourslash/tests/gen/restParamsContextuallyTyped_test.go	0	38	775	23
/Users/chrishafley/projects/typescript-go/internal/fourslash/tests/gen/quickInfoLink5_test.go	0	37	631	25
/Users/chrishafley/projects/typescript-go/internal/fourslash/tests/gen/smartSelection_simple1_test.go	0	43	691	28
/Users/chrishafley/projects/typescript-go/internal/fourslash/tests/gen/codeFixAddMissingEnumMember13_test.go	0	66	646	23
/Users/chrishafley/projects/typescript-go/internal/fourslash/tests/gen/navbar_exportDefault_test.go	0	63	958	35
/Users/chrishafley/projects/typescript-go/internal/fourslash/tests/gen/completionListBeforeNewScope02_test.go	0	46	988	37
/Users/chrishafley/projects/typescript-go/internal/fourslash/tests/gen/quickInfoSignatureRestParameterFromUnion1_test.go	0	45	856	25
/Users/chrishafley/projects/typescript-go/internal/fourslash/tests/gen/signatureHelpAfterParameter_test.go	0	46	795	24
/Users/chrishafley/projects/typescript-go/internal/fourslash/tests/gen/navigationBarAnonymousClassAndFunctionExpressions3_test.go	0	49	824	29
/Users/chrishafley/projects/typescript-go/internal/fourslash/tests/gen/completionListPrivateNamesAccessors_test.go	0	52	2660	105
/Users/chrishafley/projects/typescript-go/internal/fourslash/tests/gen/codeFixClassImplementInterfaceClassExpression_test.go	0	38	842	29
/Users/chrishafley/projects/typescript-go/internal/fourslash/tests/gen/codeFixClassImplementInterfaceMultipleImplementsIntersection1_test.go	0	55	812	28
/Users/chrishafley/projects/typescript-go/internal/fourslash/tests/gen/findAllRefsEnumMember_test.go	0	39	643	22
/Users/chrishafley/projects/typescript-go/internal/fourslash/tests/gen/quickinfoVerbosityFunction_test.go	0	49	1036	38
/Users/chrishafley/projects/typescript-go/internal/fourslash/tests/gen/signatureHelpJSMissingIdentifier_test.go	0	41	671	24
/Users/chrishafley/projects/typescript-go/internal/fourslash/tests/gen/quickInfoTypeOnlyNamespaceAndClass_test.go	0	48	838	28
/Users/chrishafley/projects/typescript-go/internal/fourslash/tests/gen/signatureHelpInCompleteGenericsCall_test.go	0	49	786	24
/Users/chrishafley/projects/typescript-go/internal/fourslash/tests/gen/goToDefinitionOverriddenMember9_test.go	0	45	757	30
/Users/chrishafley/projects/typescript-go/internal/fourslash/tests/gen/codeFixTopLevelAwait_module_compatibleCompilerOptionsInTsConfig_test.go	0	50	875	31
/Users/chrishafley/projects/typescript-go/internal/fourslash/tests/gen/navigationBarItemsClass1_test.go	0	48	611	22
/Users/chrishafley/projects/typescript-go/internal/fourslash/tests/gen/funduleWithRecursiveReference_test.go	0	47	732	27
/Users/chrishafley/projects/typescript-go/internal/fourslash/tests/gen/autoImportTypeOnlyPreferred2_test.go	0	35	1739	54
/Users/chrishafley/projects/typescript-go/internal/fourslash/tests/gen/quickInfoInheritDoc3_test.go	0	35	906	38
/Users/chrishafley/projects/typescript-go/internal/fourslash/tests/gen/findAllRefsForDefaultExport01_test.go	0	38	744	26
/Users/chrishafley/projects/typescript-go/internal/fourslash/tests/gen/unusedImports1FS_test.go	0	50	726	27
/Users/chrishafley/projects/typescript-go/internal/fourslash/tests/gen/findAllRefsJsDocTypeDef_js_test.go	0	39	801	33
/Users/chrishafley/projects/typescript-go/internal/fourslash/tests/gen/completionsWithOverride1_test.go	0	42	1047	40
/Users/chrishafley/projects/typescript-go/internal/fourslash/tests/gen/importNameCodeFix_pnpm1_test.go	0	46	1237	33
/Users/chrishafley/projects/typescript-go/internal/fourslash/tests/gen/callHierarchyFunctionAmbiguity2_test.go	0	52	833	30
/Users/chrishafley/projects/typescript-go/internal/fourslash/tests/gen/autoImportProvider_wildcardExports1_test.go	0	52	3961	128
/Users/chrishafley/projects/typescript-go/internal/fourslash/tests/gen/signatureHelpInAdjacentBlockBody_test.go	0	58	956	27
/Users/chrishafley/projects/typescript-go/internal/fourslash/tests/gen/squiggleIllegalSubclassOverride_test.go	0	40	770	29
/Users/chrishafley/projects/typescript-go/internal/fourslash/tests/gen/codeFixMissingTypeAnnotationOnExports12_test.go	0	32	984	35
/Users/chrishafley/projects/typescript-go/internal/fourslash/tests/gen/completionsDiscriminatedUnion_test.go	0	41	1085	35
/Users/chrishafley/projects/typescript-go/internal/fourslash/tests/gen/completionListInClosedObjectTypeLiteralInSignature03_test.go	0	43	1277	44
/Users/chrishafley/projects/typescript-go/internal/fourslash/tests/gen/completionAtDottedNamespace_test.go	0	36	962	31
/Users/chrishafley/projects/typescript-go/internal/fourslash/tests/gen/jsxTagNameCompletionUnderElementUnclosed_test.go	0	47	2998	96
/Users/chrishafley/projects/typescript-go/internal/fourslash/tests/gen/importNameCodeFix_order_test.go	0	42	914	35
/Users/chrishafley/projects/typescript-go/internal/fourslash/tests/gen/jsdocImportTagCompletion1_test.go	0	41	1044	38
/Users/chrishafley/projects/typescript-go/internal/fourslash/tests/gen/quickinfoVerbosityServer_test.go	0	43	715	24
/Users/chrishafley/projects/typescript-go/internal/fourslash/tests/gen/findAllRefsInheritedProperties2_test.go	0	43	797	28
/Users/chrishafley/projects/typescript-go/internal/fourslash/tests/gen/autoImportProvider9_test.go	0	40	3533	88
/Users/chrishafley/projects/typescript-go/internal/fourslash/tests/gen/syntacticClassificationWithErrors_test.go	0	42	731	27
/Users/chrishafley/projects/typescript-go/internal/fourslash/tests/gen/memberListOfEnumFromExternalModule_test.go	0	48	1256	39
/Users/chrishafley/projects/typescript-go/internal/fourslash/tests/gen/quickInfoJsDocTagsTypedef_test.go	0	36	895	38
/Users/chrishafley/projects/typescript-go/internal/fourslash/tests/gen/codeFixClassImplementInterfaceTypeParamInstantiateNumber_test.go	0	55	879	29
/Users/chrishafley/projects/typescript-go/internal/fourslash/tests/gen/organizeImports6_test.go	0	38	1190	45
/Users/chrishafley/projects/typescript-go/internal/fourslash/tests/gen/completionListInContextuallyTypedArgument_test.go	0	43	1257	49
/Users/chrishafley/projects/typescript-go/internal/fourslash/tests/gen/importNameCodeFix_jsx1_test.go	0	44	1252	46
/Users/chrishafley/projects/typescript-go/internal/fourslash/tests/gen/errorConsistency_test.go	0	42	862	30
/Users/chrishafley/projects/typescript-go/internal/fourslash/tests/gen/completionBeforeSemanticDiagnosticsInArrowFunction1_test.go	0	53	1314	42
/Users/chrishafley/projects/typescript-go/internal/fourslash/tests/gen/getOccurrencesSuperNegatives_test.go	0	52	942	40
/Users/chrishafley/projects/typescript-go/internal/fourslash/tests/gen/importCompletions_importsMap1_test.go	0	35	1650	58
/Users/chrishafley/projects/typescript-go/internal/fourslash/tests/gen/importCompletionsPackageJsonImportsPattern_ts_js_test.go	0	54	1237	43
/Users/chrishafley/projects/typescript-go/internal/fourslash/tests/gen/completionsImport_filteredByPackageJson_peerDependencies_test.go	0	45	1971	69
/Users/chrishafley/projects/typescript-go/internal/fourslash/tests/gen/outliningSpansForParenthesizedExpression_test.go	0	40	858	49
/Users/chrishafley/projects/typescript-go/internal/fourslash/tests/gen/jsDocFunctionSignatures8_test.go	0	54	989	35
/Users/chrishafley/projects/typescript-go/internal/fourslash/tests/gen/quickInfoJsDocTags14_test.go	0	55	902	30
/Users/chrishafley/projects/typescript-go/internal/fourslash/tests/gen/getSemanticDiagnosticForDeclaration1_test.go	0	40	659	23
/Users/chrishafley/projects/typescript-go/internal/fourslash/tests/gen/stringLiteralCompletionsForGenericConditionalTypesUsingTemplateLiteralTypes_test.go	0	56	1583	42
/Users/chrishafley/projects/typescript-go/internal/fourslash/tests/gen/importNameCodeFix_barrelExport2_test.go	0	50	1484	43
/Users/chrishafley/projects/typescript-go/internal/fourslash/tests/gen/completionsMergedDeclarations1_test.go	0	40	1793	64
/Users/chrishafley/projects/typescript-go/internal/fourslash/tests/gen/completionListInObjectLiteralAssignmentPattern2_test.go	0	45	1061	34
/Users/chrishafley/projects/typescript-go/internal/fourslash/tests/gen/recursiveInternalModuleImport_test.go	0	47	661	26
/Users/chrishafley/projects/typescript-go/internal/fourslash/tests/gen/findAllRefsDefaultImport_test.go	0	58	704	24
/Users/chrishafley/projects/typescript-go/internal/fourslash/tests/gen/renameModifiers_test.go	0	43	1702	31
/Users/chrishafley/projects/typescript-go/internal/fourslash/tests/gen/completionListOutsideOfClosedArrowFunction02_test.go	0	49	1019	35
/Users/chrishafley/projects/typescript-go/internal/fourslash/tests/gen/importStatementCompletions_semicolons_test.go	0	45	1969	62
/Users/chrishafley/projects/typescript-go/internal/fourslash/tests/gen/completionListForShorthandPropertyAssignment_test.go	0	54	1062	34
/Users/chrishafley/projects/typescript-go/internal/fourslash/tests/gen/quickInfoForObjectBindingElementName06_test.go	0	59	822	38
/Users/chrishafley/projects/typescript-go/internal/fourslash/tests/gen/completionsRecommended_switch_test.go	0	51	1287	44
/Users/chrishafley/projects/typescript-go/internal/fourslash/tests/gen/trailingCommaSignatureHelp_test.go	0	39	857	32
/Users/chrishafley/projects/typescript-go/internal/fourslash/tests/gen/invertedFunduleAfterQuickInfo_test.go	0	44	742	28
/Users/chrishafley/projects/typescript-go/internal/fourslash/tests/gen/jsDocPropertyDescription5_test.go	0	42	862	27
/Users/chrishafley/projects/typescript-go/internal/fourslash/tests/gen/stringPropertyNames2_test.go	0	42	680	25
/Users/chrishafley/projects/typescript-go/internal/fourslash/tests/gen/inlayHintsFunctionParameterTypes1_test.go	0	41	1338	40
/Users/chrishafley/projects/typescript-go/internal/fourslash/tests/gen/formattingObjectLiteralOpenCurlyNewlineAssignment_test.go	0	39	1155	61
/Users/chrishafley/projects/typescript-go/internal/fourslash/tests/gen/codeFixMissingTypeAnnotationOnExports3_test.go	0	42	1039	37
/Users/chrishafley/projects/typescript-go/internal/fourslash/tests/gen/moduleNodeNextAutoImport1_test.go	0	36	958	35
/Users/chrishafley/projects/typescript-go/internal/fourslash/tests/gen/renameReferenceFromLinkTag4_test.go	0	43	652	25
/Users/chrishafley/projects/typescript-go/internal/fourslash/tests/gen/codeFixCorrectReturnValue6_test.go	0	45	626	23
/Users/chrishafley/projects/typescript-go/internal/fourslash/tests/gen/formattingOnSemiColon_test.go	0	42	653	23
/Users/chrishafley/projects/typescript-go/internal/fourslash/tests/gen/jsxElementExtendsNoCrash2_test.go	0	38	623	22
/Users/chrishafley/projects/typescript-go/internal/fourslash/tests/gen/formattingObjectLiteralOpenCurlyNewlineTyping_test.go	0	41	923	43
/Users/chrishafley/projects/typescript-go/internal/fourslash/tests/gen/constQuickInfoAndCompletionList_test.go	0	39	3012	109
/Users/chrishafley/projects/typescript-go/internal/fourslash/tests/gen/quickInfoForContextuallyTypedParameters_test.go	0	46	1785	48
/Users/chrishafley/projects/typescript-go/internal/fourslash/tests/gen/referencesForGlobals3_test.go	0	58	751	26
/Users/chrishafley/projects/typescript-go/internal/fourslash/tests/gen/formatParameter_test.go	0	31	922	38
/Users/chrishafley/projects/typescript-go/internal/fourslash/tests/gen/getOccurrencesConstructor2_test.go	0	39	1022	38
/Users/chrishafley/projects/typescript-go/internal/fourslash/tests/gen/signatureHelpWithInterfaceAsIdentifier_test.go	0	34	656	24
/Users/chrishafley/projects/typescript-go/internal/fourslash/tests/gen/memberListInsideObjectLiterals_test.go	0	49	2013	78
/Users/chrishafley/projects/typescript-go/internal/fourslash/tests/gen/goToDefinitionImportedNames4_test.go	0	34	848	31
/Users/chrishafley/projects/typescript-go/internal/fourslash/tests/gen/codeFixAddParameterNames1_test.go	0	42	662	22
/Users/chrishafley/projects/typescript-go/internal/fourslash/tests/gen/formatObjectBindingPattern_test.go	0	51	658	28
/Users/chrishafley/projects/typescript-go/internal/fourslash/tests/gen/referencesForFunctionParameter_test.go	0	46	700	27
/Users/chrishafley/projects/typescript-go/internal/fourslash/tests/gen/quickInfoJSDocTags_test.go	0	46	1735	78
/Users/chrishafley/projects/typescript-go/internal/fourslash/tests/gen/completionListAfterSpreadOperator01_test.go	0	44	1022	34
/Users/chrishafley/projects/typescript-go/internal/fourslash/tests/gen/inlayHintsInteractiveFunctionParameterTypes3_test.go	0	45	1138	36
/Users/chrishafley/projects/typescript-go/internal/fourslash/tests/gen/findAllRefsForDefaultExport_anonymous_test.go	0	38	698	24
/Users/chrishafley/projects/typescript-go/internal/fourslash/tests/gen/completionsInExport_moduleBlock_test.go	0	50	3794	131
/Users/chrishafley/projects/typescript-go/internal/fourslash/tests/gen/goToImplementationLocal_05_test.go	0	42	697	26
/Users/chrishafley/projects/typescript-go/internal/fourslash/tests/gen/jsdocDeprecated_suggestion15_test.go	0	51	1484	51
/Users/chrishafley/projects/typescript-go/internal/fourslash/tests/gen/importNameCodeFixOptionalImport1_test.go	0	43	866	33
/Users/chrishafley/projects/typescript-go/internal/fourslash/tests/gen/jsDocFunctionSignatures10_test.go	0	35	811	32
/Users/chrishafley/projects/typescript-go/internal/fourslash/tests/gen/inlayHintsInteractiveParameterNamesWithComments_test.go	0	42	1364	52
/Users/chrishafley/projects/typescript-go/internal/fourslash/tests/gen/importNameCodeFixExistingImport2_test.go	0	46	893	34
/Users/chrishafley/projects/typescript-go/internal/fourslash/tests/gen/goToTypeDefinition5_test.go	0	54	687	24
/Users/chrishafley/projects/typescript-go/internal/fourslash/tests/gen/quickInfoOnObjectLiteralWithAccessors_test.go	0	45	1744	54
/Users/chrishafley/projects/typescript-go/internal/fourslash/tests/gen/codeFixMissingTypeAnnotationOnExports43-expando-functions-3_test.go	0	48	1045	37
/Users/chrishafley/projects/typescript-go/internal/fourslash/tests/gen/referencesForEnums_test.go	0	43	766	30
/Users/chrishafley/projects/typescript-go/internal/fourslash/tests/gen/smartSelection_JSDocTags6_test.go	0	51	675	28
/Users/chrishafley/projects/typescript-go/internal/fourslash/tests/gen/contextualTypingReturnExpressions_test.go	0	33	799	24
/Users/chrishafley/projects/typescript-go/internal/fourslash/tests/gen/getOccurrencesSwitchCaseDefault4_test.go	0	38	961	31
/Users/chrishafley/projects/typescript-go/internal/fourslash/tests/gen/goToDefinitionReturn5_test.go	0	39	670	25
/Users/chrishafley/projects/typescript-go/internal/fourslash/tests/gen/goToDefinitionOverriddenMember15_test.go	0	38	750	28
/Users/chrishafley/projects/typescript-go/internal/fourslash/tests/gen/goToDefinitionVariableAssignment1_test.go	0	53	800	27
/Users/chrishafley/projects/typescript-go/internal/fourslash/tests/gen/renameTemplateLiteralsDefinePropertyJs_test.go	0	52	941	34
/Users/chrishafley/projects/typescript-go/internal/fourslash/tests/gen/completionOfInterfaceAndVar_test.go	0	61	1394	45
/Users/chrishafley/projects/typescript-go/internal/fourslash/tests/gen/crossFileQuickInfoExportedTypeDoesNotUseImportType_test.go	0	77	987	33
/Users/chrishafley/projects/typescript-go/internal/fourslash/tests/gen/indexerReturnTypes1_test.go	0	39	2483	95
/Users/chrishafley/projects/typescript-go/internal/fourslash/tests/gen/formatSatisfiesExpression_test.go	0	49	878	28
/Users/chrishafley/projects/typescript-go/internal/fourslash/tests/gen/getOccurrencesClassExpressionConstructor_test.go	0	45	931	33
/Users/chrishafley/projects/typescript-go/internal/fourslash/tests/gen/autoImportPackageJsonImportsPattern_test.go	0	42	859	31
/Users/chrishafley/projects/typescript-go/internal/fourslash/tests/gen/quickinfoWrongComment_test.go	0	42	983	37
/Users/chrishafley/projects/typescript-go/internal/fourslash/tests/gen/quickinfoForNamespaceMergeWithClassConstrainedToSelf_test.go	0	48	1079	36
/Users/chrishafley/projects/typescript-go/internal/fourslash/tests/gen/emptyExportFindReferences_test.go	0	42	689	25
/Users/chrishafley/projects/typescript-go/internal/fourslash/tests/gen/completionListsStringLiteralTypeAsIndexedAccessTypeObject_test.go	0	51	1883	60
/Users/chrishafley/projects/typescript-go/internal/fourslash/tests/gen/completionListInClosedFunction06_test.go	0	39	1205	43
/Users/chrishafley/projects/typescript-go/internal/fourslash/tests/gen/navbarNestedCommonJsExports_test.go	0	36	663	23
/Users/chrishafley/projects/typescript-go/internal/fourslash/tests/gen/referencesInStringLiteralValueWithMultipleProjects_test.go	0	46	1117	30
/Users/chrishafley/projects/typescript-go/internal/fourslash/tests/gen/renameJsPropertyAssignment3_test.go	0	40	789	26
/Users/chrishafley/projects/typescript-go/internal/fourslash/tests/gen/getJavaScriptSyntacticDiagnostics02_test.go	0	51	768	28
/Users/chrishafley/projects/typescript-go/internal/fourslash/tests/gen/getJavaScriptCompletions5_test.go	0	46	1282	45
/Users/chrishafley/projects/typescript-go/internal/fourslash/tests/gen/completionsImport_exportEquals_global_test.go	0	42	1566	55
/Users/chrishafley/projects/typescript-go/internal/fourslash/tests/gen/signatureHelpOptionalCall2_test.go	0	50	861	24
/Users/chrishafley/projects/typescript-go/internal/fourslash/tests/gen/codeFixMissingTypeAnnotationOnExports28-long-types_test.go	0	43	3168	121
/Users/chrishafley/projects/typescript-go/internal/fourslash/tests/gen/importNameCodeFixNewImportFileDetachedComments_test.go	0	34	993	38
/Users/chrishafley/projects/typescript-go/internal/fourslash/tests/gen/quickInfoForShorthandProperty_test.go	0	41	1173	31
/Users/chrishafley/projects/typescript-go/internal/fourslash/tests/gen/getJavaScriptSyntacticDiagnostics12_test.go	0	47	664	23
/Users/chrishafley/projects/typescript-go/internal/fourslash/tests/gen/completionListInObjectLiteral_test.go	0	35	1136	43
/Users/chrishafley/projects/typescript-go/internal/fourslash/tests/gen/importNameCodeFixExistingImport10_test.go	0	37	825	36
/Users/chrishafley/projects/typescript-go/internal/fourslash/tests/gen/javascriptModules22_test.go	0	35	2233	80
/Users/chrishafley/projects/typescript-go/internal/fourslash/tests/gen/docCommentTemplateObjectLiteralMethods01_test.go	0	39	1299	55
/Users/chrishafley/projects/typescript-go/internal/fourslash/tests/gen/genericDerivedTypeAcrossModuleBoundary1_test.go	0	57	957	33
/Users/chrishafley/projects/typescript-go/internal/fourslash/tests/gen/navigationBarFunctionLikePropertyAssignments_test.go	0	40	742	28
/Users/chrishafley/projects/typescript-go/internal/fourslash/tests/gen/isDefinitionShorthandProperty_test.go	0	51	668	22
/Users/chrishafley/projects/typescript-go/internal/fourslash/tests/gen/formatSpaceAfterImplementsExtends_test.go	0	65	888	42
/Users/chrishafley/projects/typescript-go/internal/fourslash/tests/gen/quickInfoCommentsFunctionExpression_test.go	0	61	1524	46
/Users/chrishafley/projects/typescript-go/internal/fourslash/tests/gen/docCommentTemplateWithMultipleJSDoc1_test.go	0	56	776	25
/Users/chrishafley/projects/typescript-go/internal/fourslash/tests/gen/pathCompletionsPackageJsonImportsIgnoreMatchingNodeModule2_test.go	0	56	1340	46
/Users/chrishafley/projects/typescript-go/internal/fourslash/tests/gen/genericParameterHelpConstructorCalls_test.go	0	63	1750	41
/Users/chrishafley/projects/typescript-go/internal/fourslash/tests/gen/restArgType_test.go	0	50	2979	66
/Users/chrishafley/projects/typescript-go/internal/fourslash/tests/gen/renameForAliasingExport01_test.go	0	40	677	25
/Users/chrishafley/projects/typescript-go/internal/fourslash/tests/gen/renameJsThisProperty03_test.go	0	43	799	29
/Users/chrishafley/projects/typescript-go/internal/fourslash/tests/gen/codeFixClassImplementInterfaceMemberTypeAlias_test.go	0	38	1032	34
/Users/chrishafley/projects/typescript-go/internal/fourslash/tests/gen/docCommentTemplateInsideFunctionDeclaration_test.go	0	49	867	26
/Users/chrishafley/projects/typescript-go/internal/fourslash/tests/gen/codeFixAddVoidToPromiseJS5_test.go	0	41	818	28
/Users/chrishafley/projects/typescript-go/internal/fourslash/tests/gen/navigationBarGetterAndSetter_test.go	0	33	727	27
/Users/chrishafley/projects/typescript-go/internal/fourslash/tests/gen/formattingSpaceAfterCommaBeforeOpenParen_test.go	0	40	793	27
/Users/chrishafley/projects/typescript-go/internal/fourslash/tests/gen/quickInfoDisplayPartsModules_test.go	0	37	944	32
/Users/chrishafley/projects/typescript-go/internal/fourslash/tests/gen/autoImportNodeModuleSymlinkRenamed_test.go	0	45	2353	75
/Users/chrishafley/projects/typescript-go/internal/fourslash/tests/gen/quickInfoOnThis2_test.go	0	50	797	29
/Users/chrishafley/projects/typescript-go/internal/fourslash/tests/gen/completionAsKeyword_test.go	0	46	1250	41
/Users/chrishafley/projects/typescript-go/internal/fourslash/tests/gen/navigationBarPrivateNameMethod_test.go	0	48	700	30
/Users/chrishafley/projects/typescript-go/internal/fourslash/tests/gen/formatComments_test.go	0	56	986	39
/Users/chrishafley/projects/typescript-go/internal/fourslash/tests/gen/goToDefinitionShorthandProperty04_test.go	0	43	683	27
/Users/chrishafley/projects/typescript-go/internal/fourslash/tests/gen/formatEmptyBlock_test.go	0	41	617	24
/Users/chrishafley/projects/typescript-go/internal/fourslash/tests/gen/signatureHelpLeadingRestTuple_test.go	0	42	1377	31
/Users/chrishafley/projects/typescript-go/internal/fourslash/tests/gen/symbolCompletionLowerPriority_test.go	0	40	1589	50
/Users/chrishafley/projects/typescript-go/internal/fourslash/tests/gen/completionListInTypeParameterOfTypeAlias2_test.go	0	49	1190	39
/Users/chrishafley/projects/typescript-go/internal/fourslash/tests/gen/formatSelectionWithTrivia8_test.go	0	51	677	26
/Users/chrishafley/projects/typescript-go/internal/fourslash/tests/gen/quickInfoGenericTypeArgumentInference1_test.go	0	54	2043	45
/Users/chrishafley/projects/typescript-go/internal/fourslash/tests/gen/renameExportSpecifier_test.go	0	43	878	28
/Users/chrishafley/projects/typescript-go/internal/fourslash/tests/gen/codeFixSpellingCaseSensitive2_test.go	0	39	673	23
/Users/chrishafley/projects/typescript-go/internal/fourslash/tests/gen/docCommentTemplateVariableStatements03_test.go	0	50	1557	77
/Users/chrishafley/projects/typescript-go/internal/fourslash/tests/gen/switchCompletions_test.go	0	40	2534	105
/Users/chrishafley/projects/typescript-go/internal/fourslash/tests/gen/renameBindingElementInitializerExternal_test.go	0	37	955	34
/Users/chrishafley/projects/typescript-go/internal/fourslash/tests/gen/highlightsForExportFromUnfoundModule_test.go	0	51	778	31
/Users/chrishafley/projects/typescript-go/internal/fourslash/tests/gen/findAllRefsWithLeadingUnderscoreNames7_test.go	0	40	675	23
/Users/chrishafley/projects/typescript-go/internal/fourslash/tests/gen/findAllRefsForDefaultExport_reExport_allowSyntheticDefaultImports_test.go	0	44	974	30
/Users/chrishafley/projects/typescript-go/internal/fourslash/tests/gen/jsxSpreadReference_test.go	0	39	1018	37
/Users/chrishafley/projects/typescript-go/internal/fourslash/tests/gen/autoImportPathsAliasesAndBarrels_test.go	0	40	2590	87
/Users/chrishafley/projects/typescript-go/internal/fourslash/tests/gen/findAllRefs_importType_js4_test.go	0	41	802	32
/Users/chrishafley/projects/typescript-go/internal/fourslash/tests/gen/getOccurrencesReturn3_test.go	0	46	1010	39
/Users/chrishafley/projects/typescript-go/internal/fourslash/tests/gen/docCommentTemplateNamespacesAndModules02_test.go	0	40	882	29
/Users/chrishafley/projects/typescript-go/internal/fourslash/tests/gen/unclosedStringLiteralErrorRecovery_test.go	0	40	1078	37
/Users/chrishafley/projects/typescript-go/internal/fourslash/tests/gen/semanticClassificationWithUnionTypes_test.go	0	59	1242	45
/Users/chrishafley/projects/typescript-go/internal/fourslash/tests/gen/goToDefinitionInTypeArgument_test.go	0	47	750	25
/Users/chrishafley/projects/typescript-go/internal/fourslash/tests/gen/autoImportFileExcludePatterns12_test.go	0	42	1451	52
/Users/chrishafley/projects/typescript-go/internal/fourslash/tests/gen/syntacticClassificationsTemplates2_test.go	0	40	847	25
/Users/chrishafley/projects/typescript-go/internal/fourslash/tests/gen/importNameCodeFixReExport_test.go	0	39	763	29
/Users/chrishafley/projects/typescript-go/internal/fourslash/tests/gen/goToDefinitionMethodOverloads_test.go	0	44	1450	35
/Users/chrishafley/projects/typescript-go/internal/fourslash/tests/gen/codeFixTopLevelAwait_module_missingCompilerOptionsInTsConfig_test.go	0	39	843	30
/Users/chrishafley/projects/typescript-go/internal/fourslash/tests/gen/formatNoSpaceBeforeCloseBrace4_test.go	0	42	680	24
/Users/chrishafley/projects/typescript-go/internal/fourslash/tests/gen/completionForStringLiteral_quotePreference8_test.go	0	39	1802	52
/Users/chrishafley/projects/typescript-go/internal/fourslash/tests/gen/quickinfoVerbosityClass2_test.go	0	44	1565	57
/Users/chrishafley/projects/typescript-go/internal/fourslash/tests/gen/completionListOutsideOfClosedFunctionDeclaration01_test.go	0	35	1038	35
/Users/chrishafley/projects/typescript-go/internal/fourslash/tests/gen/codeFixClassImplementInterfacePropertyFromParentConstructorFunction_test.go	0	37	743	25
/Users/chrishafley/projects/typescript-go/internal/fourslash/tests/gen/jsdocTypedefTagTypeExpressionCompletion_test.go	0	48	5527	197
/Users/chrishafley/projects/typescript-go/internal/fourslash/tests/gen/codeFixMissingTypeAnnotationOnExports33-methods_test.go	0	48	934	35
/Users/chrishafley/projects/typescript-go/internal/fourslash/tests/gen/codeFixAmbientClassImplementClassAbstractGettersAndSetters_test.go	0	43	1238	48
/Users/chrishafley/projects/typescript-go/internal/fourslash/tests/gen/docCommentTemplateEmptyFile_test.go	0	44	744	24
/Users/chrishafley/projects/typescript-go/internal/fourslash/tests/gen/documentHighlightTemplateStrings_test.go	0	50	880	33
/Users/chrishafley/projects/typescript-go/internal/fourslash/tests/gen/whiteSpaceBeforeReturnTypeFormatting_test.go	0	66	691	23
/Users/chrishafley/projects/typescript-go/internal/fourslash/tests/gen/codeFixMissingTypeAnnotationOnExports40-extract-other-to-variable_test.go	0	56	1447	53
/Users/chrishafley/projects/typescript-go/internal/fourslash/tests/gen/renameForStringLiteral_test.go	0	54	736	30
/Users/chrishafley/projects/typescript-go/internal/fourslash/tests/gen/importNameCodeFix_symlink_test.go	0	36	952	37
/Users/chrishafley/projects/typescript-go/internal/fourslash/tests/gen/tsxCompletion5_test.go	0	44	1135	41
/Users/chrishafley/projects/typescript-go/internal/fourslash/tests/gen/quickInfoInFunctionTypeReference2_test.go	0	41	985	29
/Users/chrishafley/projects/typescript-go/internal/fourslash/tests/gen/completionsImport_umdModules3_script_test.go	0	45	1754	51
/Users/chrishafley/projects/typescript-go/internal/fourslash/tests/gen/signatureHelpTaggedTemplatesNegatives5_test.go	0	42	715	24
/Users/chrishafley/projects/typescript-go/internal/fourslash/tests/gen/findAllRefsPrivateNameMethods_test.go	0	51	867	38
/Users/chrishafley/projects/typescript-go/internal/fourslash/tests/gen/importNameCodeFixNewImportNodeModules8_test.go	0	45	1133	37
/Users/chrishafley/projects/typescript-go/internal/fourslash/tests/gen/jsxQualifiedTagCompletion_test.go	0	38	1135	41
/Users/chrishafley/projects/typescript-go/internal/fourslash/tests/gen/renameLocationsForFunctionExpression02_test.go	0	37	818	29
/Users/chrishafley/projects/typescript-go/internal/fourslash/tests/gen/goToDefinitionInstanceof2_test.go	0	51	780	27
/Users/chrishafley/projects/typescript-go/internal/fourslash/tests/gen/goToDefinitionTypeofThis_test.go	0	41	857	27
/Users/chrishafley/projects/typescript-go/internal/fourslash/tests/gen/formattingOnInterfaces_test.go	0	44	664	25
/Users/chrishafley/projects/typescript-go/internal/fourslash/tests/gen/chainedFatArrowFormatting_test.go	0	55	677	23
/Users/chrishafley/projects/typescript-go/internal/fourslash/tests/gen/goToDefinitionUnionTypeProperty3_test.go	0	46	771	28
/Users/chrishafley/projects/typescript-go/internal/fourslash/tests/gen/completionsDotDotDotInObjectLiteral1_test.go	0	56	1179	46
/Users/chrishafley/projects/typescript-go/internal/fourslash/tests/gen/formattingOfMultilineBlockConstructs_test.go	0	62	1992	84
/Users/chrishafley/projects/typescript-go/internal/fourslash/tests/gen/completionListInObjectLiteralThatIsParameterOfFunctionCall_test.go	0	50	1108	37
/Users/chrishafley/projects/typescript-go/internal/fourslash/tests/gen/tripleSlashRefPathCompletionContext_test.go	0	54	1213	38
/Users/chrishafley/projects/typescript-go/internal/fourslash/tests/gen/completionsPathsJsonModuleWithoutResolveJsonModule_test.go	0	58	1116	35
/Users/chrishafley/projects/typescript-go/internal/fourslash/tests/gen/completionListOutsideOfForLoop02_test.go	0	38	989	33
/Users/chrishafley/projects/typescript-go/internal/fourslash/tests/gen/completionListInNamedClassExpression_test.go	0	56	1584	53
/Users/chrishafley/projects/typescript-go/internal/fourslash/tests/gen/autoImportPackageJsonFilterExistingImport3_test.go	0	44	1363	40
/Users/chrishafley/projects/typescript-go/internal/fourslash/tests/gen/quickInfoExportAssignmentOfGenericInterface_test.go	0	50	924	29
/Users/chrishafley/projects/typescript-go/internal/fourslash/tests/gen/unclosedStringLiteralAutoformating_test.go	0	39	684	25
/Users/chrishafley/projects/typescript-go/internal/fourslash/tests/gen/quickInfoDisplayPartsClassAutoAccessors_test.go	0	37	1689	49
/Users/chrishafley/projects/typescript-go/internal/fourslash/tests/gen/superInDerivedTypeOfGenericWithStatics_test.go	0	32	911	35
/Users/chrishafley/projects/typescript-go/internal/fourslash/tests/gen/autoImportPackageJsonImportsLength2_test.go	0	44	871	31
/Users/chrishafley/projects/typescript-go/internal/fourslash/tests/gen/referencesForStringLiteralPropertyNames5_test.go	0	49	708	23
/Users/chrishafley/projects/typescript-go/internal/fourslash/tests/gen/quickInfoWithNestedDestructuredParameterInLambda_test.go	0	45	984	31
/Users/chrishafley/projects/typescript-go/internal/fourslash/tests/gen/memberCompletionOnTypeParameters_test.go	0	40	2036	71
/Users/chrishafley/projects/typescript-go/internal/fourslash/tests/gen/completionListInTypeLiteralInTypeParameter14_test.go	0	48	1155	39
/Users/chrishafley/projects/typescript-go/internal/fourslash/tests/gen/navigationBarItemsFunctionProperties_test.go	0	47	658	25
/Users/chrishafley/projects/typescript-go/internal/fourslash/tests/gen/findAllReferencesLinkTag1_test.go	0	41	1592	83
/Users/chrishafley/projects/typescript-go/internal/fourslash/tests/gen/referencesForExternalModuleNames_test.go	0	42	790	26
/Users/chrishafley/projects/typescript-go/internal/fourslash/tests/gen/reverseMappedTypeQuickInfo_test.go	0	39	1266	48
/Users/chrishafley/projects/typescript-go/internal/fourslash/tests/gen/goToDefinitionExternalModuleName5_test.go	0	43	690	24
/Users/chrishafley/projects/typescript-go/internal/fourslash/tests/gen/jsdocTypedefTag_test.go	0	52	6536	233
/Users/chrishafley/projects/typescript-go/internal/fourslash/tests/gen/referencesForInheritedProperties3_test.go	0	46	771	28
/Users/chrishafley/projects/typescript-go/internal/fourslash/tests/gen/navigationBarItemsModules2_test.go	0	46	645	25
/Users/chrishafley/projects/typescript-go/internal/fourslash/tests/gen/autoImportPackageJsonImportsCaseSensitivity_test.go	0	57	1054	34
/Users/chrishafley/projects/typescript-go/internal/fourslash/tests/gen/tsxSignatureHelp1_test.go	0	39	1485	40
/Users/chrishafley/projects/typescript-go/internal/fourslash/tests/gen/quickInfoCallProperty_test.go	0	42	696	27
/Users/chrishafley/projects/typescript-go/internal/fourslash/tests/gen/getOccurrencesNonStringImportAssertion_test.go	0	41	726	23
/Users/chrishafley/projects/typescript-go/internal/fourslash/tests/gen/navigationBarItemsItems_test.go	0	47	1378	58
/Users/chrishafley/projects/typescript-go/internal/fourslash/tests/gen/documentHighlights_windowsPath_test.go	0	46	724	22
/Users/chrishafley/projects/typescript-go/internal/fourslash/tests/gen/jsdocTypedefTagRename02_test.go	0	47	926	30
/Users/chrishafley/projects/typescript-go/internal/fourslash/tests/gen/importNameCodeFixNewImportAllowSyntheticDefaultImports2_test.go	0	45	946	34
/Users/chrishafley/projects/typescript-go/internal/fourslash/tests/gen/goToImplementationNamespace_02_test.go	0	49	689	25
/Users/chrishafley/projects/typescript-go/internal/fourslash/tests/gen/gotoDefinitionInObjectBindingPattern2_test.go	0	45	788	22
/Users/chrishafley/projects/typescript-go/internal/fourslash/tests/gen/referencesIsAvailableThroughGlobalNoCrash_test.go	0	38	1220	33
/Users/chrishafley/projects/typescript-go/internal/fourslash/tests/gen/importNameCodeFixDefaultExport4_test.go	0	37	780	30
/Users/chrishafley/projects/typescript-go/internal/fourslash/tests/gen/codeFixMissingTypeAnnotationOnExports58-genercs-doesnt-drop-trailing-unknown-2_test.go	0	48	959	32
/Users/chrishafley/projects/typescript-go/internal/fourslash/tests/gen/renameAliasExternalModule2_test.go	0	45	928	26
/Users/chrishafley/projects/typescript-go/internal/fourslash/tests/gen/quickInfoDisplayPartsParameters_test.go	0	41	880	27
/Users/chrishafley/projects/typescript-go/internal/fourslash/tests/gen/navigationBarAnonymousClassAndFunctionExpressions_test.go	0	59	1539	47
/Users/chrishafley/projects/typescript-go/internal/fourslash/tests/gen/getOccurrencesIsDefinitionOfInterfaceClassMerge_test.go	0	59	918	33
/Users/chrishafley/projects/typescript-go/internal/fourslash/tests/gen/referencesForMergedDeclarations7_test.go	0	61	833	29
/Users/chrishafley/projects/typescript-go/internal/fourslash/tests/gen/autoImportFileExcludePatterns2_test.go	0	65	2171	61
/Users/chrishafley/projects/typescript-go/internal/fourslash/tests/gen/inlayHintsInteractiveVariableTypes2_test.go	0	73	1086	32
/Users/chrishafley/projects/typescript-go/internal/fourslash/tests/gen/importCompletionsPackageJsonExportsSpecifierEndsInTs_test.go	0	48	1393	51
/Users/chrishafley/projects/typescript-go/internal/fourslash/tests/gen/unusedLocalsInFunction1_test.go	0	63	683	26
/Users/chrishafley/projects/typescript-go/internal/fourslash/tests/gen/getJavaScriptSyntacticDiagnostics24_test.go	0	60	844	31
/Users/chrishafley/projects/typescript-go/internal/fourslash/tests/gen/augmentedTypesModule4_test.go	0	75	1574	53
/Users/chrishafley/projects/typescript-go/internal/fourslash/tests/gen/javaScriptModules14_test.go	0	42	1478	56
/Users/chrishafley/projects/typescript-go/internal/fourslash/tests/gen/importFixes_ambientCircularDefaultCrash_test.go	0	50	1004	35
/Users/chrishafley/projects/typescript-go/internal/fourslash/tests/gen/docCommentTemplateClassDeclMethods01_test.go	0	46	1381	57
/Users/chrishafley/projects/typescript-go/internal/fourslash/tests/gen/quickInfoJsDocTags9_test.go	0	41	788	32
/Users/chrishafley/projects/typescript-go/internal/fourslash/tests/gen/renameModuleExportsProperties1_test.go	0	46	856	24
/Users/chrishafley/projects/typescript-go/internal/fourslash/tests/gen/formatWithStatement_test.go	0	43	1508	53
/Users/chrishafley/projects/typescript-go/internal/fourslash/tests/gen/codeFixClassImplementInterfaceWithAmbientSignatures2_test.go	0	52	940	35
/Users/chrishafley/projects/typescript-go/internal/fourslash/tests/gen/jsDocTypeTagQuickInfo1_test.go	0	51	1110	50
/Users/chrishafley/projects/typescript-go/internal/fourslash/tests/gen/findAllRefsUnresolvedSymbols1_test.go	0	54	825	26
/Users/chrishafley/projects/typescript-go/internal/fourslash/tests/gen/codeFixClassImplementClassPropertyModifiers_test.go	0	48	1224	49
/Users/chrishafley/projects/typescript-go/internal/fourslash/tests/gen/referencesForIndexProperty2_test.go	0	41	617	22
/Users/chrishafley/projects/typescript-go/internal/fourslash/tests/gen/getJavaScriptQuickInfo3_test.go	0	35	712	24
/Users/chrishafley/projects/typescript-go/internal/fourslash/tests/gen/syntacticClassificationsForOfKeyword2_test.go	0	48	732	24
/Users/chrishafley/projects/typescript-go/internal/fourslash/tests/gen/getEditsForFileRename_js_simple_test.go	0	40	794	27
/Users/chrishafley/projects/typescript-go/internal/fourslash/tests/gen/completionListAndMemberListOnCommentedLine_test.go	0	37	626	22
/Users/chrishafley/projects/typescript-go/internal/fourslash/tests/gen/referencesForIllegalAssignment_test.go	0	39	682	23
/Users/chrishafley/projects/typescript-go/internal/fourslash/tests/gen/goToDefinitionNewExpressionTargetNotClass_test.go	0	43	832	29
/Users/chrishafley/projects/typescript-go/internal/fourslash/tests/gen/referencesForDeclarationKeywords_test.go	0	44	1968	39
/Users/chrishafley/projects/typescript-go/internal/fourslash/tests/gen/renameInConfiguredProject_test.go	0	40	1018	28
/Users/chrishafley/projects/typescript-go/internal/fourslash/tests/gen/jsdocOverloadTagCompletion_test.go	0	39	1048	38
/Users/chrishafley/projects/typescript-go/internal/fourslash/tests/gen/completionListInsideTargetTypedFunction_test.go	0	39	1253	40
/Users/chrishafley/projects/typescript-go/internal/fourslash/tests/gen/goToTypeDefinitionModule_test.go	0	54	758	28
/Users/chrishafley/projects/typescript-go/internal/fourslash/tests/gen/completionListInvalidMemberNames2_test.go	0	38	1239	43
/Users/chrishafley/projects/typescript-go/internal/fourslash/tests/gen/goToTypeDefinitionEnumMembers_test.go	0	44	690	27
/Users/chrishafley/projects/typescript-go/internal/fourslash/tests/gen/navbar_let_test.go	0	59	563	21
/Users/chrishafley/projects/typescript-go/internal/fourslash/tests/gen/getOccurrencesThis5_test.go	0	45	2992	160
/Users/chrishafley/projects/typescript-go/internal/fourslash/tests/gen/autoImportPackageJsonImports_ts_test.go	0	46	859	31
/Users/chrishafley/projects/typescript-go/internal/fourslash/tests/gen/renameAlias_test.go	0	50	727	23
/Users/chrishafley/projects/typescript-go/internal/fourslash/tests/gen/completionsTypeKeywords_test.go	0	50	1060	37
/Users/chrishafley/projects/typescript-go/internal/fourslash/tests/gen/goToDefinitionOverriddenMember23_test.go	0	42	802	32
/Users/chrishafley/projects/typescript-go/internal/fourslash/tests/gen/signatureHelpNegativeTests_test.go	0	48	784	23
/Users/chrishafley/projects/typescript-go/internal/fourslash/tests/gen/bestCommonTypeObjectLiterals1_test.go	0	60	1416	39
/Users/chrishafley/projects/typescript-go/internal/fourslash/tests/gen/formattingJsxTexts4_test.go	0	43	836	31
/Users/chrishafley/projects/typescript-go/internal/fourslash/tests/gen/tsxCompletionInFunctionExpressionOfChildrenCallback_test.go	0	45	1164	45
/Users/chrishafley/projects/typescript-go/internal/fourslash/tests/gen/quickInfoClassKeyword_test.go	0	46	718	23
/Users/chrishafley/projects/typescript-go/internal/fourslash/tests/gen/completionsTriggerCharacter_test.go	0	71	5613	188
/Users/chrishafley/projects/typescript-go/internal/fourslash/tests/gen/findAllRefsParameterPropertyDeclaration_inheritance_test.go	0	89	800	30
/Users/chrishafley/projects/typescript-go/internal/fourslash/tests/gen/renameJsSpecialAssignmentRhs1_test.go	0	67	774	30
/Users/chrishafley/projects/typescript-go/internal/fourslash/tests/gen/codeFixAddOptionalParam14_test.go	0	40	747	26
/Users/chrishafley/projects/typescript-go/internal/fourslash/tests/gen/autoImportProvider_importsMap1_test.go	0	34	1326	46
/Users/chrishafley/projects/typescript-go/internal/fourslash/tests/gen/completionsImportDeclarationAttributesEmptyModuleSpecifier1_test.go	0	43	1194	39
/Users/chrishafley/projects/typescript-go/internal/fourslash/tests/gen/smartSelection_JSDocTags10_test.go	0	44	655	26
/Users/chrishafley/projects/typescript-go/internal/fourslash/tests/gen/codeFixMissingTypeAnnotationOnExports44-default-export_test.go	0	51	922	30
/Users/chrishafley/projects/typescript-go/internal/fourslash/tests/gen/objectLiteralBindingInParameter_test.go	0	56	1317	48
/Users/chrishafley/projects/typescript-go/internal/fourslash/tests/gen/findAllRefsClassExpression2_test.go	0	38	727	26
/Users/chrishafley/projects/typescript-go/internal/fourslash/tests/gen/findAllRefsForDefaultExport08_test.go	0	45	771	30
/Users/chrishafley/projects/typescript-go/internal/fourslash/tests/gen/codeFixClassImplementClassMemberAnonymousClass_test.go	0	50	792	30
/Users/chrishafley/projects/typescript-go/internal/fourslash/tests/gen/completionsPropertiesWithPromiseUnionType_test.go	0	44	1316	46
/Users/chrishafley/projects/typescript-go/internal/fourslash/tests/gen/completionsImport_quoteStyle_test.go	0	53	1073	35
/Users/chrishafley/projects/typescript-go/internal/fourslash/tests/gen/asOperatorCompletion2_test.go	0	45	1001	36
/Users/chrishafley/projects/typescript-go/internal/fourslash/tests/gen/semanticModernClassificationMembers_test.go	0	48	1277	41
/Users/chrishafley/projects/typescript-go/internal/fourslash/tests/gen/findAllReferPropertyAccessExpressionHeritageClause_test.go	0	60	771	26
/Users/chrishafley/projects/typescript-go/internal/fourslash/tests/gen/findAllReferencesDynamicImport1_test.go	0	38	751	25
/Users/chrishafley/projects/typescript-go/internal/fourslash/tests/gen/signatureHelp_contextual_test.go	0	44	3576	65
/Users/chrishafley/projects/typescript-go/internal/fourslash/tests/gen/tsxFindAllReferencesUnionElementType2_test.go	0	60	942	36
/Users/chrishafley/projects/typescript-go/internal/fourslash/tests/gen/findAllReferencesJSDocFunctionNew_test.go	0	45	711	24
/Users/chrishafley/projects/typescript-go/internal/fourslash/tests/gen/exportEqualTypes_test.go	0	53	1714	53
/Users/chrishafley/projects/typescript-go/internal/fourslash/tests/gen/jsDocServices_test.go	0	62	1127	34
/Users/chrishafley/projects/typescript-go/internal/fourslash/tests/gen/quickInfoOnElementAccessInWriteLocation5_test.go	0	69	810	27
/Users/chrishafley/projects/typescript-go/internal/fourslash/tests/gen/completionsObjectLiteralMethod2_test.go	0	60	2271	70
/Users/chrishafley/projects/typescript-go/internal/fourslash/tests/gen/autoImportRootDirs_test.go	0	58	873	31
/Users/chrishafley/projects/typescript-go/internal/fourslash/tests/gen/goToDefinitionSwitchCase7_test.go	0	49	663	23
/Users/chrishafley/projects/typescript-go/internal/fourslash/tests/gen/gotoDefinitionPropertyAccessExpressionHeritageClause_test.go	0	44	786	26
/Users/chrishafley/projects/typescript-go/internal/fourslash/tests/gen/renameInheritedProperties6_test.go	0	49	771	28
/Users/chrishafley/projects/typescript-go/internal/fourslash/tests/gen/getOutliningForSingleLineComments_test.go	0	42	1754	104
/Users/chrishafley/projects/typescript-go/internal/fourslash/tests/gen/formatTSXWithInlineComment_test.go	0	57	702	27
/Users/chrishafley/projects/typescript-go/internal/fourslash/tests/gen/completionListInUnclosedFunction06_test.go	0	45	1153	40
/Users/chrishafley/projects/typescript-go/internal/fourslash/tests/gen/goToDefinitionJsDocImportTag5_test.go	0	40	795	33
/Users/chrishafley/projects/typescript-go/internal/fourslash/tests/gen/unusedImports10FS_test.go	0	47	732	30
/Users/chrishafley/projects/typescript-go/internal/fourslash/tests/gen/callHierarchyClassPropertyArrowFunction_test.go	0	41	724	29
/Users/chrishafley/projects/typescript-go/internal/fourslash/tests/gen/completionListInTypeParameterOfClassExpression1_test.go	0	40	1262	41
/Users/chrishafley/projects/typescript-go/internal/fourslash/tests/gen/addMemberNotInNodeModulesDeclarationFile_test.go	0	45	922	31
/Users/chrishafley/projects/typescript-go/internal/fourslash/tests/gen/completionListInUnclosedFunction16_test.go	0	43	1252	47
/Users/chrishafley/projects/typescript-go/internal/fourslash/tests/gen/findAllRefsIsDefinition_test.go	0	38	1182	45
/Users/chrishafley/projects/typescript-go/internal/fourslash/tests/gen/quickInfoOnUnResolvedBaseConstructorSignature_test.go	0	38	1006	30
/Users/chrishafley/projects/typescript-go/internal/fourslash/tests/gen/autoImportCrossProject_symlinks_toDist_test.go	0	43	1868	55
/Users/chrishafley/projects/typescript-go/internal/fourslash/tests/gen/quickInfoElementAccessDeclaration_test.go	0	42	821	27
/Users/chrishafley/projects/typescript-go/internal/fourslash/tests/gen/navigationBarNestedObjectLiterals_test.go	0	35	733	33
/Users/chrishafley/projects/typescript-go/internal/fourslash/tests/gen/commentsInheritanceFourslash_test.go	0	102	41632	1309
/Users/chrishafley/projects/typescript-go/internal/fourslash/tests/gen/codeFixClassImplementDeepInheritance_test.go	0	42	1831	80
/Users/chrishafley/projects/typescript-go/internal/fourslash/tests/gen/documentHighlights_33722_test.go	0	45	806	31
/Users/chrishafley/projects/typescript-go/internal/fourslash/tests/gen/contextualTypingOfGenericCallSignatures2_test.go	0	38	856	27
/Users/chrishafley/projects/typescript-go/internal/fourslash/tests/gen/importTypeCompletions7_test.go	0	47	1763	60
/Users/chrishafley/projects/typescript-go/internal/fourslash/tests/gen/completionAmbientPropertyDeclaration_test.go	0	37	1325	44
/Users/chrishafley/projects/typescript-go/internal/fourslash/tests/gen/getOccurrencesPropertyInAliasedInterface_test.go	0	37	923	38
/Users/chrishafley/projects/typescript-go/internal/fourslash/tests/gen/completionsImport_default_reExport_test.go	0	48	2012	70
/Users/chrishafley/projects/typescript-go/internal/fourslash/tests/gen/completionsImport_importType_test.go	0	47	2625	87
/Users/chrishafley/projects/typescript-go/internal/fourslash/tests/gen/goToDefinitionIndexSignature_test.go	0	39	1027	38
/Users/chrishafley/projects/typescript-go/internal/fourslash/tests/gen/navigationBarWithLocalVariables_test.go	0	43	642	24
/Users/chrishafley/projects/typescript-go/internal/fourslash/tests/gen/completionForStringLiteral_quotePreference1_test.go	0	63	1474	54
/Users/chrishafley/projects/typescript-go/internal/fourslash/tests/gen/goToDefinitionBuiltInTypes_test.go	0	57	708	24
/Users/chrishafley/projects/typescript-go/internal/fourslash/tests/gen/codeFixSpellingJs3_test.go	0	61	852	36
/Users/chrishafley/projects/typescript-go/internal/fourslash/tests/gen/tsxQuickInfo4_test.go	0	73	2286	61
/Users/chrishafley/projects/typescript-go/internal/fourslash/tests/gen/completionListStaticProtectedMembers3_test.go	0	62	2060	69
/Users/chrishafley/projects/typescript-go/internal/fourslash/tests/gen/getOccurrencesSuper2_test.go	0	69	1632	70
/Users/chrishafley/projects/typescript-go/internal/fourslash/tests/gen/codeFixClassImplementInterfaceIndexSignaturesBoth_test.go	0	45	929	38
/Users/chrishafley/projects/typescript-go/internal/fourslash/tests/gen/completionListInTypeLiteralInTypeParameter5_test.go	0	47	1140	43
/Users/chrishafley/projects/typescript-go/internal/fourslash/tests/gen/declarationMapsGoToDefinitionRelativeSourceRoot_test.go	0	41	1730	59
/Users/chrishafley/projects/typescript-go/internal/fourslash/tests/gen/renameBindingElementInitializerProperty_test.go	0	45	999	26
/Users/chrishafley/projects/typescript-go/internal/fourslash/tests/gen/completionListOfSplitInterface_test.go	0	54	1807	84
/Users/chrishafley/projects/typescript-go/internal/fourslash/tests/gen/jsdocThrowsTagCompletion_test.go	0	53	1000	35
/Users/chrishafley/projects/typescript-go/internal/fourslash/tests/gen/incrementalUpdateToClassImplementingGenericClass_test.go	0	37	1028	35
/Users/chrishafley/projects/typescript-go/internal/fourslash/tests/gen/importCompletionsPackageJsonImportsPatternRootWildcard_test.go	0	44	1326	46
/Users/chrishafley/projects/typescript-go/internal/fourslash/tests/gen/goToDefinitionAcrossMultipleProjects_test.go	0	47	935	34
/Users/chrishafley/projects/typescript-go/internal/fourslash/tests/gen/codeFixTopLevelForAwait_module_missingCompilerOptionsInTsConfig_test.go	0	51	859	30
/Users/chrishafley/projects/typescript-go/internal/fourslash/tests/gen/getEditsForFileRename_unresolvableImport_test.go	0	37	1150	37
/Users/chrishafley/projects/typescript-go/internal/fourslash/tests/gen/completionsJSDocImportTagAttributesErrorModuleSpecifier1_test.go	0	44	1231	41
/Users/chrishafley/projects/typescript-go/internal/fourslash/tests/gen/rename01_test.go	0	45	806	27
/Users/chrishafley/projects/typescript-go/internal/fourslash/tests/gen/findAllReferencesFromLinkTagReference3_test.go	0	37	733	29
/Users/chrishafley/projects/typescript-go/internal/fourslash/tests/gen/tsxRename9_test.go	0	37	2058	48
/Users/chrishafley/projects/typescript-go/internal/fourslash/tests/gen/signatureHelpCallExpressionTuples_test.go	0	38	2182	42
/Users/chrishafley/projects/typescript-go/internal/fourslash/tests/gen/autoImportCompletionExportListAugmentation2_test.go	0	50	2757	87
/Users/chrishafley/projects/typescript-go/internal/fourslash/tests/gen/stringLiteralCompletionsForStringEnumContextualType_test.go	0	56	1053	34
/Users/chrishafley/projects/typescript-go/internal/fourslash/tests/gen/inlayHintsInteractiveAnyParameter1_test.go	0	41	899	28
/Users/chrishafley/projects/typescript-go/internal/fourslash/tests/gen/goToTypeDefinition_typeReference_test.go	0	47	729	24
/Users/chrishafley/projects/typescript-go/internal/fourslash/tests/gen/importNameCodeFixExistingImportEquals0_test.go	0	43	974	33
/Users/chrishafley/projects/typescript-go/internal/fourslash/tests/gen/completionsJsxExpression_test.go	0	46	1743	53
/Users/chrishafley/projects/typescript-go/internal/fourslash/tests/gen/quickInfoJsDocThisTag_test.go	0	44	654	26
/Users/chrishafley/projects/typescript-go/internal/fourslash/tests/gen/completionEntryForConst_test.go	0	41	2207	75
/Users/chrishafley/projects/typescript-go/internal/fourslash/tests/gen/completionForStringLiteral11_test.go	0	43	1114	40
/Users/chrishafley/projects/typescript-go/internal/fourslash/tests/gen/findAllRefsForMappedType_test.go	0	38	743	25
/Users/chrishafley/projects/typescript-go/internal/fourslash/tests/gen/jsxAttributeSnippetCompletionAfterTypeArgs_test.go	0	46	2350	83
/Users/chrishafley/projects/typescript-go/internal/fourslash/tests/gen/outliningSpansSwitchCases_test.go	0	41	983	53
/Users/chrishafley/projects/typescript-go/internal/fourslash/tests/gen/ngProxy1_test.go	0	46	880	36
/Users/chrishafley/projects/typescript-go/internal/fourslash/tests/gen/completionsImport_ambient_test.go	0	56	2448	83
/Users/chrishafley/projects/typescript-go/internal/fourslash/tests/gen/callHierarchyJsxElement_test.go	0	52	732	33
/Users/chrishafley/projects/typescript-go/internal/fourslash/tests/gen/gotoDefinitionLinkTag1_test.go	0	55	1169	44
/Users/chrishafley/projects/typescript-go/internal/fourslash/tests/gen/autoImportCrossPackage_pathsAndSymlink_test.go	0	45	1588	53
/Users/chrishafley/projects/typescript-go/internal/fourslash/tests/gen/findAllRefsNoSubstitutionTemplateLiteralNoCrash1_test.go	0	47	678	21
/Users/chrishafley/projects/typescript-go/internal/fourslash/tests/gen/documentHighlights02_test.go	0	38	937	33
/Users/chrishafley/projects/typescript-go/internal/fourslash/tests/gen/findAllRefsOnDefinition2_test.go	0	39	908	32
/Users/chrishafley/projects/typescript-go/internal/fourslash/tests/gen/formattingForIn_test.go	0	34	660	23
/Users/chrishafley/projects/typescript-go/internal/fourslash/tests/gen/goToTypeDefinition_test.go	0	50	751	27
/Users/chrishafley/projects/typescript-go/internal/fourslash/tests/gen/tsxGoToDefinitionClassInDifferentFile_test.go	0	49	779	27
/Users/chrishafley/projects/typescript-go/internal/fourslash/tests/gen/signatureHelpForOptionalMethods_test.go	0	38	891	31
/Users/chrishafley/projects/typescript-go/internal/fourslash/tests/gen/findAllRefsObjectBindingElementPropertyName03_test.go	0	40	789	27
/Users/chrishafley/projects/typescript-go/internal/fourslash/tests/gen/renameJsDocImportTag_test.go	0	44	777	33
/Users/chrishafley/projects/typescript-go/internal/fourslash/tests/gen/completionListAtEndOfWordInArrowFunction03_test.go	0	52	1399	41
/Users/chrishafley/projects/typescript-go/internal/fourslash/tests/gen/formatNestedClassWithOpenBraceOnNewLines_test.go	0	43	1045	39
/Users/chrishafley/projects/typescript-go/internal/fourslash/tests/gen/formatTypeAnnotation1_test.go	0	54	974	34
/Users/chrishafley/projects/typescript-go/internal/fourslash/tests/gen/smartSelection_comment2_test.go	0	49	605	21
/Users/chrishafley/projects/typescript-go/internal/fourslash/tests/gen/completionForStringLiteral5_test.go	0	68	1115	41
/Users/chrishafley/projects/typescript-go/internal/fourslash/tests/gen/renameRestBindingElement_test.go	0	53	902	30
/Users/chrishafley/projects/typescript-go/internal/fourslash/tests/gen/findAllRefsForVariableInExtendsClause02_test.go	0	53	737	25
/Users/chrishafley/projects/typescript-go/internal/fourslash/tests/gen/autoImportSameNameDefaultExported_test.go	0	48	2034	65
/Users/chrishafley/projects/typescript-go/internal/fourslash/tests/gen/goToDefinitionSimple_test.go	0	43	716	25
/Users/chrishafley/projects/typescript-go/internal/fourslash/tests/gen/signatureHelpConstructorInheritance_test.go	0	53	1020	33
/Users/chrishafley/projects/typescript-go/internal/fourslash/tests/gen/findAllRefsForStaticInstanceMethodInheritance_test.go	0	41	897	41
/Users/chrishafley/projects/typescript-go/internal/fourslash/tests/gen/renameFromNodeModulesDep3_test.go	0	52	1343	38
/Users/chrishafley/projects/typescript-go/internal/fourslash/tests/gen/findAllRefsOnImportAliases_test.go	0	38	779	29
/Users/chrishafley/projects/typescript-go/internal/fourslash/tests/gen/completionListInUnclosedTaggedTemplate01_test.go	0	48	1041	35
/Users/chrishafley/projects/typescript-go/internal/fourslash/tests/gen/organizeImports14_test.go	0	51	994	52
/Users/chrishafley/projects/typescript-go/internal/fourslash/tests/gen/signatureHelpCommentsCommentParsing_test.go	0	36	5729	221
/Users/chrishafley/projects/typescript-go/internal/fourslash/tests/gen/renameForDefaultExport05_test.go	0	50	798	31
/Users/chrishafley/projects/typescript-go/internal/fourslash/tests/gen/renameDefaultImport_test.go	0	53	1049	31
/Users/chrishafley/projects/typescript-go/internal/fourslash/tests/gen/importNameCodeFixNewImportFileQuoteStyleMixed0_test.go	0	40	981	36
/Users/chrishafley/projects/typescript-go/internal/fourslash/tests/gen/completionListInObjectBindingPattern12_test.go	0	44	1154	42
/Users/chrishafley/projects/typescript-go/internal/fourslash/tests/gen/renameStringLiteralTypes3_test.go	0	53	829	33
/Users/chrishafley/projects/typescript-go/internal/fourslash/tests/gen/outlineSpansBlockCommentsWithoutStatements_test.go	0	43	634	23
/Users/chrishafley/projects/typescript-go/internal/fourslash/tests/gen/goToModuleAliasDefinition_test.go	0	43	718	25
/Users/chrishafley/projects/typescript-go/internal/fourslash/tests/gen/completionEntryForUnionProperty_test.go	0	58	1458	53
/Users/chrishafley/projects/typescript-go/internal/fourslash/tests/gen/jsdocLink4_test.go	0	47	797	34
/Users/chrishafley/projects/typescript-go/internal/fourslash/tests/gen/codeFixAddConvertToUnknownForNonOverlappingTypes9_test.go	0	45	773	24
/Users/chrishafley/projects/typescript-go/internal/fourslash/tests/gen/findAllRefsParameterPropertyDeclaration3_test.go	0	35	797	26
/Users/chrishafley/projects/typescript-go/internal/fourslash/tests/gen/referencesForImports_test.go	0	47	769	27
/Users/chrishafley/projects/typescript-go/internal/fourslash/tests/gen/completionListInObjectBindingPattern02_test.go	0	56	1103	39
/Users/chrishafley/projects/typescript-go/internal/fourslash/tests/gen/occurrences02_test.go	0	60	770	26
/Users/chrishafley/projects/typescript-go/internal/fourslash/tests/gen/unusedFunctionInNamespace3_test.go	0	39	738	27
/Users/chrishafley/projects/typescript-go/internal/fourslash/tests/gen/renameJsPrototypeProperty02_test.go	0	39	799	27
/Users/chrishafley/projects/typescript-go/internal/fourslash/tests/gen/jsdocOnInheritedMembers1_test.go	0	48	808	36
/Users/chrishafley/projects/typescript-go/internal/fourslash/tests/gen/goToImplementationNamespace_03_test.go	0	35	964	41
/Users/chrishafley/projects/typescript-go/internal/fourslash/tests/gen/importNameCodeFixNewImportAllowSyntheticDefaultImports3_test.go	0	43	949	34
/Users/chrishafley/projects/typescript-go/internal/fourslash/tests/gen/referencesForGlobals_test.go	0	51	975	41
/Users/chrishafley/projects/typescript-go/internal/fourslash/tests/gen/codeFixClassImplementInterfaceComputedPropertyNameWellKnownSymbols_test.go	0	45	2964	86
/Users/chrishafley/projects/typescript-go/internal/fourslash/tests/gen/isDefinitionSingleReference_test.go	0	52	630	22
/Users/chrishafley/projects/typescript-go/internal/fourslash/tests/gen/signatureHelpCommentsFunctionDeclaration_test.go	0	46	995	37
/Users/chrishafley/projects/typescript-go/internal/fourslash/tests/gen/getOccurrencesIsDefinitionOfParameter_test.go	0	49	670	23
/Users/chrishafley/projects/typescript-go/internal/fourslash/tests/gen/getOccurrencesReturnBroken_test.go	0	48	1202	47
/Users/chrishafley/projects/typescript-go/internal/fourslash/tests/gen/pathCompletionsTypesVersionsWildcard2_test.go	0	38	1526	54
/Users/chrishafley/projects/typescript-go/internal/fourslash/tests/gen/jsdocTypedefTagRename03_test.go	0	42	1038	36
/Users/chrishafley/projects/typescript-go/internal/fourslash/tests/gen/codeFixTopLevelForAwait_module_blankCompilerOptionsInTsConfig_test.go	0	48	855	30
/Users/chrishafley/projects/typescript-go/internal/fourslash/tests/gen/jsSignature-41059_test.go	0	55	771	25
/Users/chrishafley/projects/typescript-go/internal/fourslash/tests/gen/documentHighlights_moduleImport_filesToSearchWithInvalidFile_test.go	0	42	1050	30
/Users/chrishafley/projects/typescript-go/internal/fourslash/tests/gen/renameDestructuringAssignmentNestedInForOf2_test.go	0	47	1213	34
/Users/chrishafley/projects/typescript-go/internal/fourslash/tests/gen/jsDocDontBreakWithNamespaces_test.go	0	42	949	37
/Users/chrishafley/projects/typescript-go/internal/fourslash/tests/gen/quickInfoDisplayPartsFunctionIncomplete_test.go	0	43	666	24
/Users/chrishafley/projects/typescript-go/internal/fourslash/tests/gen/semanticModernClassificationVariables_test.go	0	47	1112	36
/Users/chrishafley/projects/typescript-go/internal/fourslash/tests/gen/goToDefinitionExternalModuleName4_test.go	0	38	664	22
/Users/chrishafley/projects/typescript-go/internal/fourslash/tests/gen/referencesForInheritedProperties2_test.go	0	40	875	43
/Users/chrishafley/projects/typescript-go/internal/fourslash/tests/gen/genericArityEnforcementAfterEdit_test.go	0	51	737	26
/Users/chrishafley/projects/typescript-go/internal/fourslash/tests/gen/navigationItemsExportEqualsExpression_test.go	0	48	1027	51
/Users/chrishafley/projects/typescript-go/internal/fourslash/tests/gen/completionListInTypeLiteralInTypeParameter15_test.go	0	39	1198	44
/Users/chrishafley/projects/typescript-go/internal/fourslash/tests/gen/referencesForExportedValues_test.go	0	48	742	29
/Users/chrishafley/projects/typescript-go/internal/fourslash/tests/gen/quickInfoGetterSetter_test.go	0	37	1212	35
/Users/chrishafley/projects/typescript-go/internal/fourslash/tests/gen/codeFixClassImplementInterface_quotePreferenceAuto1_test.go	0	39	1358	48
/Users/chrishafley/projects/typescript-go/internal/fourslash/tests/gen/inlayHintsNoVariableTypeHints_test.go	0	38	836	23
/Users/chrishafley/projects/typescript-go/internal/fourslash/tests/gen/findAllReferencesOfJsonModule_test.go	0	58	803	28
/Users/chrishafley/projects/typescript-go/internal/fourslash/tests/gen/completionsImportTypeKeyword_test.go	0	59	1630	54
/Users/chrishafley/projects/typescript-go/internal/fourslash/tests/gen/completionListAfterInvalidCharacter_test.go	0	49	1090	38
/Users/chrishafley/projects/typescript-go/internal/fourslash/tests/gen/formatSpaceBetweenFunctionAndArrayIndex_test.go	0	40	772	36
/Users/chrishafley/projects/typescript-go/internal/fourslash/tests/gen/autoImportFileExcludePatterns3_test.go	0	35	2540	80
/Users/chrishafley/projects/typescript-go/internal/fourslash/tests/gen/jsDocInheritDoc_test.go	0	42	2170	81
/Users/chrishafley/projects/typescript-go/internal/fourslash/tests/gen/signatureHelpExpandedRestUnlabeledTuples_test.go	0	42	1656	32
/Users/chrishafley/projects/typescript-go/internal/fourslash/tests/gen/quickinfoVerbosity1_test.go	0	44	745	24
/Users/chrishafley/projects/typescript-go/internal/fourslash/tests/gen/removeExportedClassFromReopenedModule_test.go	0	33	778	30
/Users/chrishafley/projects/typescript-go/internal/fourslash/tests/gen/referencesForMergedDeclarations6_test.go	0	40	803	29
/Users/chrishafley/projects/typescript-go/internal/fourslash/tests/gen/importNameCodeFix_add_all_missing_imports_test.go	0	41	967	40
/Users/chrishafley/projects/typescript-go/internal/fourslash/tests/gen/formattingKeywordAsIdentifier_test.go	0	37	673	23
/Users/chrishafley/projects/typescript-go/internal/fourslash/tests/gen/typeCheckObjectInArrayLiteral_test.go	0	41	651	23
/Users/chrishafley/projects/typescript-go/internal/fourslash/tests/gen/renameAliasExternalModule3_test.go	0	51	828	26
/Users/chrishafley/projects/typescript-go/internal/fourslash/tests/gen/findAllRefsForUMDModuleAlias1_test.go	0	40	815	27
/Users/chrishafley/projects/typescript-go/internal/fourslash/tests/gen/docCommentTemplateWithExistingJSDoc_test.go	0	45	830	31
/Users/chrishafley/projects/typescript-go/internal/fourslash/tests/gen/completionInTypeOf1_test.go	0	43	652	24
/Users/chrishafley/projects/typescript-go/internal/fourslash/tests/gen/jsdocTypedefTagServices_test.go	0	55	1173	36
/Users/chrishafley/projects/typescript-go/internal/fourslash/tests/gen/completionWithDotFollowedByNamespaceKeyword_test.go	0	35	1285	43
/Users/chrishafley/projects/typescript-go/internal/fourslash/tests/gen/importNameCodeFixNewImportIndex_notForClassicResolution_test.go	0	43	1119	41
/Users/chrishafley/projects/typescript-go/internal/fourslash/tests/gen/commentsExternalModulesFourslash_test.go	0	58	9622	303
/Users/chrishafley/projects/typescript-go/internal/fourslash/tests/gen/formatSelectionJsxWithBinaryExpression_test.go	0	40	1336	51
/Users/chrishafley/projects/typescript-go/internal/fourslash/tests/gen/codeFixTopLevelForAwait_target_noTsConfig_test.go	0	41	699	24
/Users/chrishafley/projects/typescript-go/internal/fourslash/tests/gen/goToDefinitionUnionTypeProperty2_test.go	0	45	867	36
/Users/chrishafley/projects/typescript-go/internal/fourslash/tests/gen/importNameCodeFix_importType8_test.go	0	40	950	32
/Users/chrishafley/projects/typescript-go/internal/fourslash/tests/gen/codeFixClassImplementInterfaceMappedType2_test.go	0	41	1449	36
/Users/chrishafley/projects/typescript-go/internal/fourslash/tests/gen/navigationItemsExportDefaultExpression_test.go	0	48	1089	51
/Users/chrishafley/projects/typescript-go/internal/fourslash/tests/gen/goToDefinitionShadowVariableInsideModule_test.go	0	42	757	24
/Users/chrishafley/projects/typescript-go/internal/fourslash/tests/gen/definition_test.go	0	45	684	25
/Users/chrishafley/projects/typescript-go/internal/fourslash/tests/gen/quickInfoUnionOfNamespaces_test.go	0	39	737	29
/Users/chrishafley/projects/typescript-go/internal/fourslash/tests/gen/javaScriptClass4_test.go	0	46	1340	50
/Users/chrishafley/projects/typescript-go/internal/fourslash/tests/gen/signatureHelpTaggedTemplatesNegatives4_test.go	0	44	718	24
/Users/chrishafley/projects/typescript-go/internal/fourslash/tests/gen/quickInfoOnParameterProperties_test.go	0	53	1048	45
/Users/chrishafley/projects/typescript-go/internal/fourslash/tests/gen/referencesForStringLiteralPropertyNames4_test.go	0	52	708	23
/Users/chrishafley/projects/typescript-go/internal/fourslash/tests/gen/codeFixRequireInTs5_test.go	0	49	669	24
/Users/chrishafley/projects/typescript-go/internal/fourslash/tests/gen/codeFixAddMissingConstToArrayDestructuring3_test.go	0	51	644	22
/Users/chrishafley/projects/typescript-go/internal/fourslash/tests/gen/formatNoSpaceAfterTemplateHeadAndMiddle_test.go	0	50	1463	55
/Users/chrishafley/projects/typescript-go/internal/fourslash/tests/gen/codeFixTopLevelForAwait_module_compatibleCompilerOptionsInTsConfig_test.go	0	45	891	31
/Users/chrishafley/projects/typescript-go/internal/fourslash/tests/gen/autoImportPackageJsonImportsPattern_js_ts_test.go	0	38	877	31
/Users/chrishafley/projects/typescript-go/internal/fourslash/tests/gen/completionsImport_default_symbolName_test.go	0	53	2174	66
/Users/chrishafley/projects/typescript-go/internal/fourslash/tests/gen/autoImportPackageJsonFilterExistingImport2_test.go	0	36	1229	38
/Users/chrishafley/projects/typescript-go/internal/fourslash/tests/gen/renameLabel1_test.go	0	47	601	23
/Users/chrishafley/projects/typescript-go/internal/fourslash/tests/gen/quickInfoStaticPrototypePropertyOnClass_test.go	0	45	1096	41
/Users/chrishafley/projects/typescript-go/internal/fourslash/tests/gen/autoImportProvider1_test.go	0	44	1358	39
/Users/chrishafley/projects/typescript-go/internal/fourslash/tests/gen/goToDefinitionOverriddenMember22_test.go	0	50	782	30
/Users/chrishafley/projects/typescript-go/internal/fourslash/tests/gen/formatControlFlowConstructs_test.go	0	51	666	25
/Users/chrishafley/projects/typescript-go/internal/fourslash/tests/gen/completionsImport_default_addToNamespaceImport_test.go	0	42	1897	57
/Users/chrishafley/projects/typescript-go/internal/fourslash/tests/gen/jsdocDeprecated_suggestion22_test.go	0	38	782	30
/Users/chrishafley/projects/typescript-go/internal/fourslash/tests/gen/codeFixClassImplementClassMethodViaHeritage_test.go	0	42	787	34
/Users/chrishafley/projects/typescript-go/internal/fourslash/tests/gen/autoImportSortCaseSensitivity2_test.go	0	40	2062	60
/Users/chrishafley/projects/typescript-go/internal/fourslash/tests/gen/codeFixClassImplementInterfaceMappedTypeIndirectKeys_test.go	0	41	1113	34
/Users/chrishafley/projects/typescript-go/internal/fourslash/tests/gen/getOccurrencesThis4_test.go	0	50	2992	160
/Users/chrishafley/projects/typescript-go/internal/fourslash/tests/gen/completionListImplementingInterfaceFunctions_test.go	0	56	1153	46
/Users/chrishafley/projects/typescript-go/internal/fourslash/tests/gen/goToDefinitionOverriddenMember1_test.go	0	47	715	27
/Users/chrishafley/projects/typescript-go/internal/fourslash/tests/gen/completionsJSDocNoCrash1_test.go	0	41	1530	51
/Users/chrishafley/projects/typescript-go/internal/fourslash/tests/gen/importNameCodeFix_quoteStyle_test.go	0	45	869	30
/Users/chrishafley/projects/typescript-go/internal/fourslash/tests/gen/findAllRefsForDefaultExport09_test.go	0	45	1250	47
/Users/chrishafley/projects/typescript-go/internal/fourslash/tests/gen/inlayHintsInteractiveParameterNames_test.go	0	48	1569	60
/Users/chrishafley/projects/typescript-go/internal/fourslash/tests/gen/findAllRefsForImportCall_test.go	0	43	1003	32
/Users/chrishafley/projects/typescript-go/internal/fourslash/tests/gen/smartSelection_JSDocTags11_test.go	0	49	668	25
/Users/chrishafley/projects/typescript-go/internal/fourslash/tests/gen/completionListInvalidMemberNames_startWithSpace_test.go	0	53	1383	44
/Users/chrishafley/projects/typescript-go/internal/fourslash/tests/gen/pathCompletionsTypesVersionsLocal_test.go	0	53	1209	44
/Users/chrishafley/projects/typescript-go/internal/fourslash/tests/gen/codeFixAddOptionalParam15_test.go	0	69	640	22
/Users/chrishafley/projects/typescript-go/internal/fourslash/tests/gen/unusedLabelAfterEdit_test.go	0	56	946	34
/Users/chrishafley/projects/typescript-go/internal/fourslash/tests/gen/quickInfoSalsaMethodsOnAssignedFunctionExpressions_test.go	0	52	834	32
/Users/chrishafley/projects/typescript-go/internal/fourslash/tests/gen/genericMapTyping1_test.go	0	54	1859	49
/Users/chrishafley/projects/typescript-go/internal/fourslash/tests/gen/formattingGlobalAugmentation2_test.go	0	53	725	26
/Users/chrishafley/projects/typescript-go/internal/fourslash/tests/gen/codeFixClassImplementInterfaceWithAmbientSignatures3_test.go	0	46	976	35
/Users/chrishafley/projects/typescript-go/internal/fourslash/tests/gen/callHierarchyClass_test.go	0	42	672	31
/Users/chrishafley/projects/typescript-go/internal/fourslash/tests/gen/codeFixAddMissingFunctionDeclaration19_test.go	0	41	682	22
/Users/chrishafley/projects/typescript-go/internal/fourslash/tests/gen/quickInfoDisplayPartsIife_test.go	0	43	720	22
/Users/chrishafley/projects/typescript-go/internal/fourslash/tests/gen/formattingOnSingleLineBlocks_test.go	0	40	662	26
/Users/chrishafley/projects/typescript-go/internal/fourslash/tests/gen/organizeImportsReactJsx_test.go	0	40	1361	49
/Users/chrishafley/projects/typescript-go/internal/fourslash/tests/gen/completionInJSDocFunctionThis_test.go	0	39	1327	41
/Users/chrishafley/projects/typescript-go/internal/fourslash/tests/gen/completionListAtIdentifierDefinitionLocations_properties_test.go	0	41	1268	52
/Users/chrishafley/projects/typescript-go/internal/fourslash/tests/gen/quickInfoJsDocTags8_test.go	0	38	775	32
/Users/chrishafley/projects/typescript-go/internal/fourslash/tests/gen/callHierarchyFile_test.go	0	49	616	24
/Users/chrishafley/projects/typescript-go/internal/fourslash/tests/gen/callHierarchyExportEqualsFunction_test.go	0	44	787	34
/Users/chrishafley/projects/typescript-go/internal/fourslash/tests/gen/augmentedTypesModule5_test.go	0	61	1574	53
/Users/chrishafley/projects/typescript-go/internal/fourslash/tests/gen/autoImportProvider_exportMap1_test.go	0	58	2613	89
/Users/chrishafley/projects/typescript-go/internal/fourslash/tests/gen/inlayHintsRestParameters2_test.go	0	51	1149	37
/Users/chrishafley/projects/typescript-go/internal/fourslash/tests/gen/completionInAugmentedClassModule_test.go	0	45	1089	35
/Users/chrishafley/projects/typescript-go/internal/fourslash/tests/gen/memberListOfEnumInModule_test.go	0	51	1067	40
/Users/chrishafley/projects/typescript-go/internal/fourslash/tests/gen/completionListInUnclosedElementAccessExpression02_test.go	0	49	1054	35
/Users/chrishafley/projects/typescript-go/internal/fourslash/tests/gen/syntacticClassificationsForOfKeyword3_test.go	0	42	768	25
/Users/chrishafley/projects/typescript-go/internal/fourslash/tests/gen/completionsUniqueSymbol_import_test.go	0	47	2238	74
/Users/chrishafley/projects/typescript-go/internal/fourslash/tests/gen/referencesForIndexProperty3_test.go	0	54	722	29
/Users/chrishafley/projects/typescript-go/internal/fourslash/tests/gen/semanticModernClassificationInfinityAndNaN_test.go	0	60	1228	52
/Users/chrishafley/projects/typescript-go/internal/fourslash/tests/gen/referencesForLabel_test.go	0	46	760	27
/Users/chrishafley/projects/typescript-go/internal/fourslash/tests/gen/findAllRefsOfConstructor_withModifier_test.go	0	43	676	24
/Users/chrishafley/projects/typescript-go/internal/fourslash/tests/gen/getOccurrencesIfElse_test.go	0	50	990	42
/Users/chrishafley/projects/typescript-go/internal/fourslash/tests/gen/getJavaScriptQuickInfo2_test.go	0	54	708	24
/Users/chrishafley/projects/typescript-go/internal/fourslash/tests/gen/tsxGoToDefinitionStatelessFunction1_test.go	0	47	1216	39
/Users/chrishafley/projects/typescript-go/internal/fourslash/tests/gen/quickInfoDisplayPartsEnum4_test.go	0	45	656	26
/Users/chrishafley/projects/typescript-go/internal/fourslash/tests/gen/getOccurrencesSuper3_test.go	0	42	884	33
/Users/chrishafley/projects/typescript-go/internal/fourslash/tests/gen/tsxQuickInfo5_test.go	0	40	1118	30
/Users/chrishafley/projects/typescript-go/internal/fourslash/tests/gen/completionListStaticProtectedMembers2_test.go	0	50	6354	202
/Users/chrishafley/projects/typescript-go/internal/fourslash/tests/gen/completionsImport_umdDefaultNoCrash1_test.go	0	49	2060	74
/Users/chrishafley/projects/typescript-go/internal/fourslash/tests/gen/codeFixClassImplementInterface_quotePreferenceDouble_test.go	0	59	1342	50
/Users/chrishafley/projects/typescript-go/internal/fourslash/tests/gen/renameImportRequire_test.go	0	52	960	28
/Users/chrishafley/projects/typescript-go/internal/fourslash/tests/gen/completionsObjectLiteralModuleExports_test.go	0	45	1129	42
/Users/chrishafley/projects/typescript-go/internal/fourslash/tests/gen/getEditsForFileRename_renameToIndex_test.go	0	49	1379	41
/Users/chrishafley/projects/typescript-go/internal/fourslash/tests/gen/importNameCodeFix_importType_test.go	0	46	837	32
/Users/chrishafley/projects/typescript-go/internal/fourslash/tests/gen/codeFixClassImplementClassPropertyTypeQuery_test.go	0	53	861	34
/Users/chrishafley/projects/typescript-go/internal/fourslash/tests/gen/completionsImport_umdModules2_moduleExports_test.go	0	39	1984	58
/Users/chrishafley/projects/typescript-go/internal/fourslash/tests/gen/importTypeCompletions6_test.go	0	60	1613	54
/Users/chrishafley/projects/typescript-go/internal/fourslash/tests/gen/completionsUnion_test.go	0	72	1116	36
/Users/chrishafley/projects/typescript-go/internal/fourslash/tests/gen/completionListInScope_test.go	0	58	3540	143
/Users/chrishafley/projects/typescript-go/internal/fourslash/tests/gen/renameNamedImport_test.go	0	55	1472	37
/Users/chrishafley/projects/typescript-go/internal/fourslash/tests/gen/findAllReferencesFromLinkTagReference2_test.go	0	45	715	28
/Users/chrishafley/projects/typescript-go/internal/fourslash/tests/gen/spaceAfterConstructor_test.go	0	57	815	28
/Users/chrishafley/projects/typescript-go/internal/fourslash/tests/gen/findAllRefsForImportCallType_test.go	0	43	825	28
/Users/chrishafley/projects/typescript-go/internal/fourslash/tests/gen/unusedImports7FS_test.go	0	45	794	31
/Users/chrishafley/projects/typescript-go/internal/fourslash/tests/gen/tsxRename8_test.go	0	47	1098	40
/Users/chrishafley/projects/typescript-go/internal/fourslash/tests/gen/signatureHelpTypeArguments_test.go	0	63	2115	47
/Users/chrishafley/projects/typescript-go/internal/fourslash/tests/gen/codeFixRemoveUnnecessaryAwait_mixedUnion_test.go	0	56	767	28
/Users/chrishafley/projects/typescript-go/internal/fourslash/tests/gen/findAllRefsPrefixSuffixPreference_test.go	0	44	2054	40
/Users/chrishafley/projects/typescript-go/internal/fourslash/tests/gen/getOccurrencesConst04_test.go	0	43	726	25
/Users/chrishafley/projects/typescript-go/internal/fourslash/tests/gen/referencesForStatementKeywords_test.go	0	53	7462	73
/Users/chrishafley/projects/typescript-go/internal/fourslash/tests/gen/formatAsyncKeyword_test.go	0	51	926	29
/Users/chrishafley/projects/typescript-go/internal/fourslash/tests/gen/completionsQuotedObjectLiteralUnion_test.go	0	56	1110	44
/Users/chrishafley/projects/typescript-go/internal/fourslash/tests/gen/completionListInTypeLiteralInTypeParameter4_test.go	0	71	1127	42
/Users/chrishafley/projects/typescript-go/internal/fourslash/tests/gen/goToDefinitionSwitchCase6_test.go	0	53	673	23
/Users/chrishafley/projects/typescript-go/internal/fourslash/tests/gen/renameInheritedProperties7_test.go	0	44	765	30
/Users/chrishafley/projects/typescript-go/internal/fourslash/tests/gen/quickInfoOnExpandoLikePropertyWithSetterDeclarationJs1_test.go	0	52	832	31
/Users/chrishafley/projects/typescript-go/internal/fourslash/tests/gen/documentHighlightInTypeExport_test.go	0	68	945	32
/Users/chrishafley/projects/typescript-go/internal/fourslash/tests/gen/getOccurrencesClassExpressionThis_test.go	0	72	1464	64
/Users/chrishafley/projects/typescript-go/internal/fourslash/tests/gen/quickInfoOnElementAccessInWriteLocation4_test.go	0	57	831	27
/Users/chrishafley/projects/typescript-go/internal/fourslash/tests/gen/completionsObjectLiteralMethod3_test.go	0	88	6062	188
/Users/chrishafley/projects/typescript-go/internal/fourslash/tests/gen/goToDefinitionObjectBindingElementPropertyName01_test.go	0	53	766	27
/Users/chrishafley/projects/typescript-go/internal/fourslash/tests/gen/docCommentTemplateIndentation_test.go	0	48	914	28
/Users/chrishafley/projects/typescript-go/internal/fourslash/tests/gen/codeFixClassImplementInterfaceIndexSignaturesNumber_test.go	0	58	871	33
/Users/chrishafley/projects/typescript-go/internal/fourslash/tests/gen/formattingReplaceTabsWithSpaces_test.go	0	54	1290	43
/Users/chrishafley/projects/typescript-go/internal/fourslash/tests/gen/signatureHelpInference_test.go	0	50	815	23
/Users/chrishafley/projects/typescript-go/internal/fourslash/tests/gen/goToDefinitionExpandoClass1_test.go	0	36	764	31
/Users/chrishafley/projects/typescript-go/internal/fourslash/tests/gen/asOperatorCompletion3_test.go	0	43	1011	35
/Users/chrishafley/projects/typescript-go/internal/fourslash/tests/gen/renameFunctionParameter1_test.go	0	48	718	28
/Users/chrishafley/projects/typescript-go/internal/fourslash/tests/gen/referencesForExpressionKeywords_test.go	0	55	933	34
/Users/chrishafley/projects/typescript-go/internal/fourslash/tests/gen/signatureHelpExpandedTuplesArgumentIndex_test.go	0	57	3265	44
/Users/chrishafley/projects/typescript-go/internal/fourslash/tests/gen/quickInfoDisplayPartsClassDefaultNamed_test.go	0	41	652	22
/Users/chrishafley/projects/typescript-go/internal/fourslash/tests/gen/quickInfoDisplayPartsClassProperty_test.go	0	47	1217	39
/Users/chrishafley/projects/typescript-go/internal/fourslash/tests/gen/findAllRefsForComputedProperties_test.go	0	55	766	31
/Users/chrishafley/projects/typescript-go/internal/fourslash/tests/gen/findAllRefsMappedType_nonHomomorphic_test.go	0	49	704	25
/Users/chrishafley/projects/typescript-go/internal/fourslash/tests/gen/smartSelection_functionParams2_test.go	0	51	623	24
/Users/chrishafley/projects/typescript-go/internal/fourslash/tests/gen/findAllRefsImportEqualsJsonFile_test.go	0	47	915	33
/Users/chrishafley/projects/typescript-go/internal/fourslash/tests/gen/formatAfterWhitespace_test.go	0	49	692	32
/Users/chrishafley/projects/typescript-go/internal/fourslash/tests/gen/findAllRefsPrivateNameAccessors_test.go	0	61	1025	40
/Users/chrishafley/projects/typescript-go/internal/fourslash/tests/gen/quickInfoSignatureOptionalParameterFromUnion1_test.go	0	45	831	26
/Users/chrishafley/projects/typescript-go/internal/fourslash/tests/gen/getOccurrencesNonStringImportAttributes_test.go	0	60	728	23
/Users/chrishafley/projects/typescript-go/internal/fourslash/tests/gen/completionListInUnclosedFunction17_test.go	0	43	1256	47
/Users/chrishafley/projects/typescript-go/internal/fourslash/tests/gen/findAllRefsThisKeyword_test.go	0	54	1068	43
/Users/chrishafley/projects/typescript-go/internal/fourslash/tests/gen/getOccurrencesThis_test.go	0	67	2946	160
/Users/chrishafley/projects/typescript-go/internal/fourslash/tests/gen/goToDefinitionJsDocImportTag4_test.go	0	46	751	28
/Users/chrishafley/projects/typescript-go/internal/fourslash/tests/gen/indirectJsRequireRename_test.go	0	36	986	28
/Users/chrishafley/projects/typescript-go/internal/fourslash/tests/gen/importNameCodeFixNewImportPaths2_test.go	0	46	992	41
/Users/chrishafley/projects/typescript-go/internal/fourslash/tests/gen/importStatementCompletions_noPatternAmbient_test.go	0	40	1493	48
/Users/chrishafley/projects/typescript-go/internal/fourslash/tests/gen/renameForDefaultExport04_test.go	0	53	798	31
/Users/chrishafley/projects/typescript-go/internal/fourslash/tests/gen/completionListInUnclosedFunction07_test.go	0	101	1154	40
/Users/chrishafley/projects/typescript-go/internal/fourslash/tests/gen/quickInfoSatisfiesTag_test.go	0	42	691	26
/Users/chrishafley/projects/typescript-go/internal/fourslash/tests/gen/editLambdaArgToTypeParameter1_test.go	0	38	780	32
/Users/chrishafley/projects/typescript-go/internal/fourslash/tests/gen/syntacticClassificationsConflictMarkers2_test.go	0	39	741	27
/Users/chrishafley/projects/typescript-go/internal/fourslash/tests/gen/organizeImports15_test.go	0	60	940	50
/Users/chrishafley/projects/typescript-go/internal/fourslash/tests/gen/findAllRefsCatchClause_test.go	0	45	632	24
/Users/chrishafley/projects/typescript-go/internal/fourslash/tests/gen/renameFromNodeModulesDep2_test.go	0	64	1554	42
/Users/chrishafley/projects/typescript-go/internal/fourslash/tests/gen/quickinfoVerbosityLibType_test.go	0	48	891	31
/Users/chrishafley/projects/typescript-go/internal/fourslash/tests/gen/importFixWithMultipleModuleExportAssignment_test.go	0	42	914	36
/Users/chrishafley/projects/typescript-go/internal/fourslash/tests/gen/docCommentTemplateClassDeclProperty01_test.go	0	56	1203	51
/Users/chrishafley/projects/typescript-go/internal/fourslash/tests/gen/memberListOfModuleBeforeKeyword_test.go	0	35	1240	46
/Users/chrishafley/projects/typescript-go/internal/fourslash/tests/gen/externalModuleIntellisense_test.go	0	44	1634	53
/Users/chrishafley/projects/typescript-go/internal/fourslash/tests/gen/syntacticClassificationsConflictDiff3Markers1_test.go	0	45	849	32
/Users/chrishafley/projects/typescript-go/internal/fourslash/tests/gen/completionListInComments_test.go	0	48	603	22
/Users/chrishafley/projects/typescript-go/internal/fourslash/tests/gen/completionsImport_default_alreadyExistedWithRename_test.go	0	47	1918	58
/Users/chrishafley/projects/typescript-go/internal/fourslash/tests/gen/formattingOnEmptyInterfaceLiteral_test.go	0	36	1294	42
/Users/chrishafley/projects/typescript-go/internal/fourslash/tests/gen/codeFixMissingTypeAnnotationOnExports56-toplevel-import_test.go	0	46	1233	42
/Users/chrishafley/projects/typescript-go/internal/fourslash/tests/gen/codeFixInferFromFunctionUsage_test.go	0	53	827	25
/Users/chrishafley/projects/typescript-go/internal/fourslash/tests/gen/jsdocNullableUnion_test.go	0	52	1927	70
/Users/chrishafley/projects/typescript-go/internal/fourslash/tests/gen/unusedFunctionInNamespace2_test.go	0	48	784	30
/Users/chrishafley/projects/typescript-go/internal/fourslash/tests/gen/findAllRefsParameterPropertyDeclaration2_test.go	0	39	782	26
/Users/chrishafley/projects/typescript-go/internal/fourslash/tests/gen/getOccurrencesSwitchCaseDefaultBroken_test.go	0	50	1133	49
/Users/chrishafley/projects/typescript-go/internal/fourslash/tests/gen/completionListInObjectBindingPattern03_test.go	0	42	712	27
/Users/chrishafley/projects/typescript-go/internal/fourslash/tests/gen/autoImportPackageJsonImportsPreference1_test.go	0	37	990	32
/Users/chrishafley/projects/typescript-go/internal/fourslash/tests/gen/jsdocLink5_test.go	0	38	761	28
/Users/chrishafley/projects/typescript-go/internal/fourslash/tests/gen/formattingOnVariety_test.go	0	42	2081	69
/Users/chrishafley/projects/typescript-go/internal/fourslash/tests/gen/completionsWithDeprecatedTag5_test.go	0	38	1602	51
/Users/chrishafley/projects/typescript-go/internal/fourslash/tests/gen/findAllRefsPrimitiveJsDoc_test.go	0	48	724	26
/Users/chrishafley/projects/typescript-go/internal/fourslash/tests/gen/renameStringLiteralTypes2_test.go	0	49	972	38
/Users/chrishafley/projects/typescript-go/internal/fourslash/tests/gen/completionListInObjectBindingPattern13_test.go	0	42	1141	45
/Users/chrishafley/projects/typescript-go/internal/fourslash/tests/gen/importNameCodeFixNewImportFileQuoteStyleMixed1_test.go	0	48	981	36
/Users/chrishafley/projects/typescript-go/internal/fourslash/tests/gen/completionsImport_filteredByPackageJson_direct_test.go	0	52	1947	69
/Users/chrishafley/projects/typescript-go/internal/fourslash/tests/gen/completionListWithUnresolvedModule_test.go	0	39	1271	41
/Users/chrishafley/projects/typescript-go/internal/fourslash/tests/gen/completionsImport_previousTokenIsSemicolon_test.go	0	44	1624	50
/Users/chrishafley/projects/typescript-go/internal/fourslash/tests/gen/referencesToStringLiteralValue_test.go	0	45	680	23
/Users/chrishafley/projects/typescript-go/internal/fourslash/tests/gen/completionsImportFromJSXTag_test.go	0	42	1181	48
/Users/chrishafley/projects/typescript-go/internal/fourslash/tests/gen/codeFixMissingTypeAnnotationOnExports47_test.go	0	51	1727	56
/Users/chrishafley/projects/typescript-go/internal/fourslash/tests/gen/autoImportCompletionExportListAugmentation3_test.go	0	57	2435	76
/Users/chrishafley/projects/typescript-go/internal/fourslash/tests/gen/findAllRefsBadImport_test.go	0	63	636	21
/Users/chrishafley/projects/typescript-go/internal/fourslash/tests/gen/jsdocTemplatePrototypeCompletions_test.go	0	56	1241	44
/Users/chrishafley/projects/typescript-go/internal/fourslash/tests/gen/goToDefinitionTypeOnlyImport_test.go	0	43	832	28
/Users/chrishafley/projects/typescript-go/internal/fourslash/tests/gen/autoImportCrossProject_paths_toDist2_test.go	0	47	1720	57
/Users/chrishafley/projects/typescript-go/internal/fourslash/tests/gen/memberListOfModule_test.go	0	44	1045	44
/Users/chrishafley/projects/typescript-go/internal/fourslash/tests/gen/completionForStringLiteral4_test.go	0	51	2034	66
/Users/chrishafley/projects/typescript-go/internal/fourslash/tests/gen/docCommentTemplateClassDecl01_test.go	0	44	908	32
/Users/chrishafley/projects/typescript-go/internal/fourslash/tests/gen/importNameCodeFixUMDGlobalReact2_test.go	0	49	915	36
/Users/chrishafley/projects/typescript-go/internal/fourslash/tests/gen/completionSatisfiesKeyword_test.go	0	59	1279	41
/Users/chrishafley/projects/typescript-go/internal/fourslash/tests/gen/completionListWithAmbientDeclaration_test.go	0	76	1382	52
/Users/chrishafley/projects/typescript-go/internal/fourslash/tests/gen/completionListAtEndOfWordInArrowFunction02_test.go	0	80	1316	40
/Users/chrishafley/projects/typescript-go/internal/fourslash/tests/gen/autoImportPackageJsonImports_js_test.go	0	56	859	31
/Users/chrishafley/projects/typescript-go/internal/fourslash/tests/gen/codeFixUnusedInterfaceInNamespace2_test.go	0	51	769	28
/Users/chrishafley/projects/typescript-go/internal/fourslash/tests/gen/findAllRefsObjectBindingElementPropertyName02_test.go	0	60	759	27
/Users/chrishafley/projects/typescript-go/internal/fourslash/tests/gen/recursiveClassReference_test.go	0	57	706	30
/Users/chrishafley/projects/typescript-go/internal/fourslash/tests/gen/importFixes_quotePreferenceDouble_importHelpers_test.go	0	61	878	32
/Users/chrishafley/projects/typescript-go/internal/fourslash/tests/gen/findAllRefsClassWithStaticThisAccess_test.go	0	46	956	32
/Users/chrishafley/projects/typescript-go/internal/fourslash/tests/gen/importNameCodeFix_dollar_test.go	0	51	841	31
/Users/chrishafley/projects/typescript-go/internal/fourslash/tests/gen/functionTypeFormatting_test.go	0	57	669	23
/Users/chrishafley/projects/typescript-go/internal/fourslash/tests/gen/navigationBarAnonymousClassAndFunctionExpressions2_test.go	0	39	757	22
/Users/chrishafley/projects/typescript-go/internal/fourslash/tests/gen/importNameCodeFixNewImportFromAtTypes_test.go	0	52	787	28
/Users/chrishafley/projects/typescript-go/internal/fourslash/tests/gen/quickInfoCommentsFunctionDeclaration_test.go	0	47	981	37
/Users/chrishafley/projects/typescript-go/internal/fourslash/tests/gen/importNameCodeFix_require_importVsRequire_importWins_test.go	0	51	1446	54
/Users/chrishafley/projects/typescript-go/internal/fourslash/tests/gen/duplicateIndexers_test.go	0	49	674	26
/Users/chrishafley/projects/typescript-go/internal/fourslash/tests/gen/getEditsForFileRename_renameFromIndex_test.go	0	45	1557	47
/Users/chrishafley/projects/typescript-go/internal/fourslash/tests/gen/goToDefinitionTypePredicate_test.go	0	54	812	24
/Users/chrishafley/projects/typescript-go/internal/fourslash/tests/gen/goToDefinitionExpandoElementAccess_test.go	0	50	665	23
/Users/chrishafley/projects/typescript-go/internal/fourslash/tests/gen/constructorFindAllReferences4_test.go	0	44	689	26
/Users/chrishafley/projects/typescript-go/internal/fourslash/tests/gen/completionListKeywords_test.go	0	37	1004	34
/Users/chrishafley/projects/typescript-go/internal/fourslash/tests/gen/quickInfoLink4_test.go	0	46	660	29
/Users/chrishafley/projects/typescript-go/internal/fourslash/tests/gen/referencesForClassParameter_test.go	0	47	795	36
/Users/chrishafley/projects/typescript-go/internal/fourslash/tests/gen/completionListInFatArrow_test.go	0	82	1083	39
/Users/chrishafley/projects/typescript-go/internal/fourslash/tests/gen/codeFixClassImplementInterfaceConstructorName2_test.go	0	49	945	35
/Users/chrishafley/projects/typescript-go/internal/fourslash/tests/gen/codeFixMissingTypeAnnotationOnExports32-inline-short-hand_test.go	0	51	1156	42
/Users/chrishafley/projects/typescript-go/internal/fourslash/tests/gen/jsRequireQuickInfo_test.go	0	50	678	25
/Users/chrishafley/projects/typescript-go/internal/fourslash/tests/gen/jsdocTypedefTagSemanticMeaning1_test.go	0	63	742	26
/Users/chrishafley/projects/typescript-go/internal/fourslash/tests/gen/completionListInObjectLiteral8_test.go	0	55	1402	47
/Users/chrishafley/projects/typescript-go/internal/fourslash/tests/gen/functionOverloadCount_test.go	0	62	860	31
/Users/chrishafley/projects/typescript-go/internal/fourslash/tests/gen/getJavaScriptSyntacticDiagnostics5_test.go	0	56	672	23
/Users/chrishafley/projects/typescript-go/internal/fourslash/tests/gen/referencesInComment_test.go	0	44	713	24
/Users/chrishafley/projects/typescript-go/internal/fourslash/tests/gen/quickInfoInheritDoc2_test.go	0	54	837	37
/Users/chrishafley/projects/typescript-go/internal/fourslash/tests/gen/completionListDefaultTypeArgumentPositionTypeOnly_test.go	0	56	1046	33
/Users/chrishafley/projects/typescript-go/internal/fourslash/tests/gen/findAllRefsJsThisPropertyAssignment2_test.go	0	44	1104	44
/Users/chrishafley/projects/typescript-go/internal/fourslash/tests/gen/processInvalidSyntax1_test.go	0	50	803	33
/Users/chrishafley/projects/typescript-go/internal/fourslash/tests/gen/quickInfoContextuallyTypedSignatureOptionalParameterFromIntersection1_test.go	0	64	831	24
/Users/chrishafley/projects/typescript-go/internal/fourslash/tests/gen/renameNumericalIndexSingleQuoted_test.go	0	49	783	23
/Users/chrishafley/projects/typescript-go/internal/fourslash/tests/gen/goToDefinitionOverriddenMember8_test.go	0	42	787	30
/Users/chrishafley/projects/typescript-go/internal/fourslash/tests/gen/autoImportTypeOnlyPreferred3_test.go	0	43	1739	65
/Users/chrishafley/projects/typescript-go/internal/fourslash/tests/gen/syntacticClassificationsDocComment1_test.go	0	56	699	24
/Users/chrishafley/projects/typescript-go/internal/fourslash/tests/gen/completionListInImportClause01_test.go	0	56	1402	46
/Users/chrishafley/projects/typescript-go/internal/fourslash/tests/gen/superInsideInnerClass_test.go	0	42	724	31
/Users/chrishafley/projects/typescript-go/internal/fourslash/tests/gen/inlayHintsMultifile1_test.go	0	45	1143	34
/Users/chrishafley/projects/typescript-go/internal/fourslash/tests/gen/smartSelection_complex_test.go	0	47	764	21
/Users/chrishafley/projects/typescript-go/internal/fourslash/tests/gen/completionListAfterNumericLiteral1_test.go	0	49	1088	38
/Users/chrishafley/projects/typescript-go/internal/fourslash/tests/gen/navigationBarItemsMultilineStringIdentifiers1_test.go	0	40	961	48
/Users/chrishafley/projects/typescript-go/internal/fourslash/tests/gen/findAllRefsInsideTemplates1_test.go	0	60	685	22
/Users/chrishafley/projects/typescript-go/internal/fourslash/tests/gen/doubleUnderscoreRenames_test.go	0	45	811	28
/Users/chrishafley/projects/typescript-go/internal/fourslash/tests/gen/formattingObjectLiteralOpenCurlyNewline_test.go	0	52	1237	58
/Users/chrishafley/projects/typescript-go/internal/fourslash/tests/gen/completionsGenericUnconstrained_test.go	0	48	1251	43
/Users/chrishafley/projects/typescript-go/internal/fourslash/tests/gen/incrementalResolveFunctionPropertyAssignment_test.go	0	50	1266	41
/Users/chrishafley/projects/typescript-go/internal/fourslash/tests/gen/goToImplementationInterface_05_test.go	0	47	723	26
/Users/chrishafley/projects/typescript-go/internal/fourslash/tests/gen/autoImportProvider_exportMap8_test.go	0	50	3239	109
/Users/chrishafley/projects/typescript-go/internal/fourslash/tests/gen/getOccurrencesLoopBreakContinue5_test.go	0	38	2241	83
/Users/chrishafley/projects/typescript-go/internal/fourslash/tests/gen/quickInfoOnThis_test.go	0	47	1398	48
/Users/chrishafley/projects/typescript-go/internal/fourslash/tests/gen/formatRangeEndingAfterCommaOfCall_test.go	0	38	673	24
/Users/chrishafley/projects/typescript-go/internal/fourslash/tests/gen/codeFixAddMissingMember21_test.go	0	44	675	24
/Users/chrishafley/projects/typescript-go/internal/fourslash/tests/gen/quickInfoJsDocTags1_test.go	0	43	910	34
/Users/chrishafley/projects/typescript-go/internal/fourslash/tests/gen/findAllRefsJsDocImportTag2_test.go	0	49	1087	46
/Users/chrishafley/projects/typescript-go/internal/fourslash/tests/gen/inlayHintsInteractiveMultifileFunctionCalls_test.go	0	55	1166	34
/Users/chrishafley/projects/typescript-go/internal/fourslash/tests/gen/goToImplementationSuper_01_test.go	0	46	719	29
/Users/chrishafley/projects/typescript-go/internal/fourslash/tests/gen/quickInfoCommentsClassMembers_test.go	0	40	4380	151
/Users/chrishafley/projects/typescript-go/internal/fourslash/tests/gen/whiteSpaceTrimming_test.go	0	57	677	28
/Users/chrishafley/projects/typescript-go/internal/fourslash/tests/gen/completionsImport_multipleWithSameName_test.go	0	42	2680	84
/Users/chrishafley/projects/typescript-go/internal/fourslash/tests/gen/findAllRefsDestructureGetter_test.go	0	45	764	27
/Users/chrishafley/projects/typescript-go/internal/fourslash/tests/gen/quickInfoDisplayPartsTypeParameterInTypeAlias_test.go	0	49	698	22
/Users/chrishafley/projects/typescript-go/internal/fourslash/tests/gen/organizeImports23_test.go	0	41	1182	52
/Users/chrishafley/projects/typescript-go/internal/fourslash/tests/gen/organizeImportsType7_test.go	0	42	2175	67
/Users/chrishafley/projects/typescript-go/internal/fourslash/tests/gen/quickInfoMappedTypeMethods_test.go	0	40	668	24
/Users/chrishafley/projects/typescript-go/internal/fourslash/tests/gen/getJavaScriptCompletions13_test.go	0	47	2181	74
/Users/chrishafley/projects/typescript-go/internal/fourslash/tests/gen/removeDeclareParamTypeAnnotation_test.go	0	34	678	24
/Users/chrishafley/projects/typescript-go/internal/fourslash/tests/gen/tsxCompletion13_test.go	0	48	3990	122
/Users/chrishafley/projects/typescript-go/internal/fourslash/tests/gen/completionsGenericIndexedAccess4_test.go	0	52	2849	92
/Users/chrishafley/projects/typescript-go/internal/fourslash/tests/gen/completionsOverridingMethod4_test.go	0	45	2117	76
/Users/chrishafley/projects/typescript-go/internal/fourslash/tests/gen/getOccurrencesThrow2_test.go	0	39	1362	62
/Users/chrishafley/projects/typescript-go/internal/fourslash/tests/gen/tsxFindAllReferences6_test.go	0	56	965	36
/Users/chrishafley/projects/typescript-go/internal/fourslash/tests/gen/completionOfAwaitPromise3_test.go	0	46	1418	47
/Users/chrishafley/projects/typescript-go/internal/fourslash/tests/gen/completionListForGenericInstance1_test.go	0	43	1261	42
/Users/chrishafley/projects/typescript-go/internal/fourslash/tests/gen/findReferencesDefinitionDisplayParts_test.go	0	42	801	29
/Users/chrishafley/projects/typescript-go/internal/fourslash/tests/gen/findAllRefsCommonJsRequire_test.go	0	57	714	27
/Users/chrishafley/projects/typescript-go/internal/fourslash/tests/gen/completionsInExport_test.go	0	50	3714	127
/Users/chrishafley/projects/typescript-go/internal/fourslash/tests/gen/completionsKeywordsExtends_test.go	0	53	1279	40
/Users/chrishafley/projects/typescript-go/internal/fourslash/tests/gen/jsxGenericQuickInfo_test.go	0	57	1736	50
/Users/chrishafley/projects/typescript-go/internal/fourslash/tests/gen/quickInfoPropertyTag_test.go	0	54	772	30
/Users/chrishafley/projects/typescript-go/internal/fourslash/tests/gen/quickInfoJsDocTags15_test.go	0	49	984	51
/Users/chrishafley/projects/typescript-go/internal/fourslash/tests/gen/semicolonFormatting_test.go	0	46	668	23
/Users/chrishafley/projects/typescript-go/internal/fourslash/tests/gen/completionForComputedStringProperties_test.go	0	51	1560	54
/Users/chrishafley/projects/typescript-go/internal/fourslash/tests/gen/importNameCodeFix_barrelExport3_test.go	0	46	1278	39
/Users/chrishafley/projects/typescript-go/internal/fourslash/tests/gen/docCommentTemplateInSingleLineComment_test.go	0	60	1039	31
/Users/chrishafley/projects/typescript-go/internal/fourslash/tests/gen/quickInfoDisplayPartsTypeParameterInFunctionLikeInTypeAlias_test.go	0	60	803	22
/Users/chrishafley/projects/typescript-go/internal/fourslash/tests/gen/findAllRefsReExport_broken_test.go	0	40	641	22
/Users/chrishafley/projects/typescript-go/internal/fourslash/tests/gen/referencesForGlobals2_test.go	0	45	751	26
/Users/chrishafley/projects/typescript-go/internal/fourslash/tests/gen/completionTypeGuard_test.go	0	42	1760	56
/Users/chrishafley/projects/typescript-go/internal/fourslash/tests/gen/propertyDuplicateIdentifierError_test.go	0	43	675	25
/Users/chrishafley/projects/typescript-go/internal/fourslash/tests/gen/goToTypeDefinition_typedef_test.go	0	40	740	29
/Users/chrishafley/projects/typescript-go/internal/fourslash/tests/gen/jsxTagNameCompletionUnclosed_test.go	0	44	4877	160
/Users/chrishafley/projects/typescript-go/internal/fourslash/tests/gen/formattingInDestructuring1_test.go	0	52	1068	38
/Users/chrishafley/projects/typescript-go/internal/fourslash/tests/gen/duplicatePackageServices_test.go	0	51	1470	46
/Users/chrishafley/projects/typescript-go/internal/fourslash/tests/gen/navigationBarItemsFunctions_test.go	0	64	867	36
/Users/chrishafley/projects/typescript-go/internal/fourslash/tests/gen/jsxElementExtendsNoCrash3_test.go	0	56	625	22
/Users/chrishafley/projects/typescript-go/internal/fourslash/tests/gen/renameReferenceFromLinkTag5_test.go	0	44	647	24
/Users/chrishafley/projects/typescript-go/internal/fourslash/tests/gen/addFunctionAboveMultiLineLambdaExpression_test.go	0	40	668	25
/Users/chrishafley/projects/typescript-go/internal/fourslash/tests/gen/completionsTuple_test.go	0	42	1605	58
/Users/chrishafley/projects/typescript-go/internal/fourslash/tests/gen/codeFixMissingTypeAnnotationOnExports2_test.go	0	48	969	32
/Users/chrishafley/projects/typescript-go/internal/fourslash/tests/gen/jsDocPropertyDescription4_test.go	0	43	859	27
/Users/chrishafley/projects/typescript-go/internal/fourslash/tests/gen/completionsLiterals_test.go	0	56	2428	83
/Users/chrishafley/projects/typescript-go/internal/fourslash/tests/gen/completionsImport_require_test.go	0	42	1888	59
/Users/chrishafley/projects/typescript-go/internal/fourslash/tests/gen/findAllRefsInheritedProperties3_test.go	0	45	995	36
/Users/chrishafley/projects/typescript-go/internal/fourslash/tests/gen/declarationMapsOutOfDateMapping_test.go	0	53	1431	44
/Users/chrishafley/projects/typescript-go/internal/fourslash/tests/gen/importNameCodeFix_importType1_test.go	0	49	1355	41
/Users/chrishafley/projects/typescript-go/internal/fourslash/tests/gen/codeFixClassImplementInterface_quotePreferenceSingle_test.go	0	52	1342	50
/Users/chrishafley/projects/typescript-go/internal/fourslash/tests/gen/formattingComma_test.go	0	37	1335	53
/Users/chrishafley/projects/typescript-go/internal/fourslash/tests/gen/importNameCodeFixNewImportNodeModules0_test.go	0	37	929	32
/Users/chrishafley/projects/typescript-go/internal/fourslash/tests/gen/memberListInWithBlock_test.go	0	43	1189	48
/Users/chrishafley/projects/typescript-go/internal/fourslash/tests/gen/rewriteRelativeImportExtensionsProjectReferences1_test.go	0	38	1734	65
/Users/chrishafley/projects/typescript-go/internal/fourslash/tests/gen/memberListOnExplicitThis_test.go	0	47	2189	75
/Users/chrishafley/projects/typescript-go/internal/fourslash/tests/gen/codeFixMissingTypeAnnotationOnExports13_test.go	0	38	1002	35
/Users/chrishafley/projects/typescript-go/internal/fourslash/tests/gen/completionListInClosedObjectTypeLiteralInSignature02_test.go	0	54	1274	44
/Users/chrishafley/projects/typescript-go/internal/fourslash/tests/gen/importNameCodeFix_defaultExport_test.go	0	38	811	33
/Users/chrishafley/projects/typescript-go/internal/fourslash/tests/gen/formattingSpacesAfterConstructor_test.go	0	42	1078	31
/Users/chrishafley/projects/typescript-go/internal/fourslash/tests/gen/callHierarchyFunctionAmbiguity3_test.go	0	40	833	30
/Users/chrishafley/projects/typescript-go/internal/fourslash/tests/gen/quickInfoJsDocTagsCallback_test.go	0	42	803	34
/Users/chrishafley/projects/typescript-go/internal/fourslash/tests/gen/documentHighlightAtInheritedProperties6_test.go	0	51	911	34
/Users/chrishafley/projects/typescript-go/internal/fourslash/tests/gen/formattingBlockInCaseClauses_test.go	0	55	707	28
/Users/chrishafley/projects/typescript-go/internal/fourslash/tests/gen/autoFormattingOnPasting_test.go	0	48	812	30
/Users/chrishafley/projects/typescript-go/internal/fourslash/tests/gen/completionsInRequire_test.go	0	42	1210	47
/Users/chrishafley/projects/typescript-go/internal/fourslash/tests/gen/promiseTyping1_test.go	0	47	1471	35
/Users/chrishafley/projects/typescript-go/internal/fourslash/tests/gen/organizeImports7_test.go	0	45	978	40
/Users/chrishafley/projects/typescript-go/internal/fourslash/tests/gen/organizeImportsGroup_MultilineCommentInNewline_test.go	0	58	990	44
/Users/chrishafley/projects/typescript-go/internal/fourslash/tests/gen/completionAfterDotDotDot_test.go	0	49	949	32
/Users/chrishafley/projects/typescript-go/internal/fourslash/tests/gen/goToTypeDefinition_Pick_test.go	0	43	812	28
/Users/chrishafley/projects/typescript-go/internal/fourslash/tests/gen/callHierarchyContainerName_test.go	0	52	993	56
/Users/chrishafley/projects/typescript-go/internal/fourslash/tests/gen/autoImportProvider8_test.go	0	50	2931	79
/Users/chrishafley/projects/typescript-go/internal/fourslash/tests/gen/quickInfoOnMergedInterfacesWithIncrementalEdits_test.go	0	43	1209	43
/Users/chrishafley/projects/typescript-go/internal/fourslash/tests/gen/genericFunctionWithGenericParams1_test.go	0	47	684	24
/Users/chrishafley/projects/typescript-go/internal/fourslash/tests/gen/codeFixMissingTypeAnnotationOnExports39-extract-arr-to-variable_test.go	0	45	1659	64
/Users/chrishafley/projects/typescript-go/internal/fourslash/tests/gen/noSignatureHelpOnNewKeyword_test.go	0	45	752	25
/Users/chrishafley/projects/typescript-go/internal/fourslash/tests/gen/completionsImport_addToNamedWithDifferentCacheValue_test.go	0	53	3667	99
/Users/chrishafley/projects/typescript-go/internal/fourslash/tests/gen/renameJsPropertyAssignment2_test.go	0	47	806	26
/Users/chrishafley/projects/typescript-go/internal/fourslash/tests/gen/codeFixClassImplementClassMultipleSignatures1_test.go	0	37	1246	38
/Users/chrishafley/projects/typescript-go/internal/fourslash/tests/gen/completionListInClosedFunction07_test.go	0	45	1300	52
/Users/chrishafley/projects/typescript-go/internal/fourslash/tests/gen/jsdocDeprecated_suggestion3_test.go	0	43	4438	133
/Users/chrishafley/projects/typescript-go/internal/fourslash/tests/gen/completionListBuilderLocations_Modules_test.go	0	48	1347	43
/Users/chrishafley/projects/typescript-go/internal/fourslash/tests/gen/codeFixClassImplementInterfaceMethodTypePredicate_test.go	0	52	1026	41
/Users/chrishafley/projects/typescript-go/internal/fourslash/tests/gen/extendsTArray_test.go	0	39	774	31
/Users/chrishafley/projects/typescript-go/internal/fourslash/tests/gen/completionListAtIdentifierDefinitionLocations_destructuring_test.go	0	35	1010	36
/Users/chrishafley/projects/typescript-go/internal/fourslash/tests/gen/goToSource1_localJsBesideDts_test.go	0	41	947	29
/Users/chrishafley/projects/typescript-go/internal/fourslash/tests/gen/genericFunctionSignatureHelp1_test.go	0	39	719	23
/Users/chrishafley/projects/typescript-go/internal/fourslash/tests/gen/formattingOnNestedDoWhileByEnter_test.go	0	39	1124	40
/Users/chrishafley/projects/typescript-go/internal/fourslash/tests/gen/paste_test.go	0	53	606	23
/Users/chrishafley/projects/typescript-go/internal/fourslash/tests/gen/quickInfoForObjectBindingElementPropertyName01_test.go	0	44	766	27
/Users/chrishafley/projects/typescript-go/internal/fourslash/tests/gen/importValueUsedAsType_test.go	0	49	651	27
/Users/chrishafley/projects/typescript-go/internal/fourslash/tests/gen/asOperatorFormatting_test.go	0	41	666	23
/Users/chrishafley/projects/typescript-go/internal/fourslash/tests/gen/genericMethodParam_test.go	0	46	886	34
/Users/chrishafley/projects/typescript-go/internal/fourslash/tests/gen/thisPredicateFunctionQuickInfo01_test.go	0	48	2206	66
/Users/chrishafley/projects/typescript-go/internal/fourslash/tests/gen/excessivelyLargeArrayLiteralCompletions_test.go	0	64	1144740	43
/Users/chrishafley/projects/typescript-go/internal/fourslash/tests/gen/importNameCodeFixExistingImport11_test.go	0	46	837	36
/Users/chrishafley/projects/typescript-go/internal/fourslash/tests/gen/javascriptModules23_test.go	0	43	1071	38
/Users/chrishafley/projects/typescript-go/internal/fourslash/tests/gen/referencesToNonPropertyNameStringLiteral_test.go	0	47	695	23
/Users/chrishafley/projects/typescript-go/internal/fourslash/tests/gen/getJavaScriptSyntacticDiagnostics13_test.go	0	46	670	23
/Users/chrishafley/projects/typescript-go/internal/fourslash/tests/gen/completionsPaths_pathMapping_notInNestedDirectory_test.go	0	43	1197	41
/Users/chrishafley/projects/typescript-go/internal/fourslash/tests/gen/getJavaScriptCompletions4_test.go	0	48	1244	41
/Users/chrishafley/projects/typescript-go/internal/fourslash/tests/gen/inlayHintsInteractiveFunctionParameterTypes2_test.go	0	49	1294	37
/Users/chrishafley/projects/typescript-go/internal/fourslash/tests/gen/getOccurrencesClassExpressionPrivate_test.go	0	54	1052	37
/Users/chrishafley/projects/typescript-go/internal/fourslash/tests/gen/autoImportPackageJsonImportsConditions_test.go	0	55	1038	34
/Users/chrishafley/projects/typescript-go/internal/fourslash/tests/gen/renameJsExports01_test.go	0	42	841	27
/Users/chrishafley/projects/typescript-go/internal/fourslash/tests/gen/goToImplementationInterfaceMethod_06_test.go	0	48	1484	62
/Users/chrishafley/projects/typescript-go/internal/fourslash/tests/gen/signatureHelpInParenthetical_test.go	0	45	845	25
/Users/chrishafley/projects/typescript-go/internal/fourslash/tests/gen/goToDefinitionImportedNames5_test.go	0	48	848	31
/Users/chrishafley/projects/typescript-go/internal/fourslash/tests/gen/findAllRefsWithShorthandPropertyAssignment_test.go	0	53	758	26
/Users/chrishafley/projects/typescript-go/internal/fourslash/tests/gen/goToDefinitionOverriddenMember14_test.go	0	43	736	28
/Users/chrishafley/projects/typescript-go/internal/fourslash/tests/gen/getOccurrencesSwitchCaseDefault5_test.go	0	47	1059	38
/Users/chrishafley/projects/typescript-go/internal/fourslash/tests/gen/invertedCloduleAfterQuickInfo_test.go	0	60	754	31
/Users/chrishafley/projects/typescript-go/internal/fourslash/tests/gen/goToDefinitionReturn4_test.go	0	60	610	21
/Users/chrishafley/projects/typescript-go/internal/fourslash/tests/gen/quickinfoVerbosityTypeof_test.go	0	55	938	33
/Users/chrishafley/projects/typescript-go/internal/fourslash/tests/gen/tsxGoToDefinitionIntrinsics_test.go	0	47	950	34
/Users/chrishafley/projects/typescript-go/internal/fourslash/tests/gen/quickInfoJsDocGetterSetter_test.go	0	60	1316	64
/Users/chrishafley/projects/typescript-go/internal/fourslash/tests/gen/codeFixMissingTypeAnnotationOnExports43-expando-functions-2_test.go	0	44	1033	37
/Users/chrishafley/projects/typescript-go/internal/fourslash/tests/gen/formattingReadonly_test.go	0	59	819	28
/Users/chrishafley/projects/typescript-go/internal/fourslash/tests/gen/autoImportPackageJsonImportsPattern_ts_test.go	0	51	865	31
/Users/chrishafley/projects/typescript-go/internal/fourslash/tests/gen/smartSelection_JSDocTags7_test.go	0	52	658	26
/Users/chrishafley/projects/typescript-go/internal/fourslash/tests/gen/completionsImport_shadowedByLocal_test.go	0	42	1263	44
/Users/chrishafley/projects/typescript-go/internal/fourslash/tests/gen/goToTypeDefinition4_test.go	0	39	798	27
/Users/chrishafley/projects/typescript-go/internal/fourslash/tests/gen/importNameCodeFixExistingImport3_test.go	0	46	907	32
/Users/chrishafley/projects/typescript-go/internal/fourslash/tests/gen/jsDocFunctionSignatures11_test.go	0	39	772	27
/Users/chrishafley/projects/typescript-go/internal/fourslash/tests/gen/codeFixUnreachableCode_noSuggestionIfDisabled_test.go	0	44	675	22
/Users/chrishafley/projects/typescript-go/internal/fourslash/tests/gen/goToImplementationLocal_04_test.go	0	48	649	24
/Users/chrishafley/projects/typescript-go/internal/fourslash/tests/gen/jsdocDeprecated_suggestion14_test.go	0	56	1435	47
/Users/chrishafley/projects/typescript-go/internal/fourslash/tests/gen/autoImportFileExcludePatterns13_test.go	0	41	1498	54
/Users/chrishafley/projects/typescript-go/internal/fourslash/tests/gen/quickInfoDisplayPartsClass_test.go	0	47	651	24
/Users/chrishafley/projects/typescript-go/internal/fourslash/tests/gen/formatNoSpaceBeforeCloseBrace5_test.go	0	45	683	24
/Users/chrishafley/projects/typescript-go/internal/fourslash/tests/gen/referencesForNumericLiteralPropertyNames_test.go	0	40	711	28
/Users/chrishafley/projects/typescript-go/internal/fourslash/tests/gen/inlayHintsVariableTypes1_test.go	0	44	1165	39
/Users/chrishafley/projects/typescript-go/internal/fourslash/tests/gen/getOccurrencesReturn2_test.go	0	43	1029	39
/Users/chrishafley/projects/typescript-go/internal/fourslash/tests/gen/fixExactOptionalUnassignableProperties7_test.go	0	51	925	29
/Users/chrishafley/projects/typescript-go/internal/fourslash/tests/gen/inlayHintsInteractiveRestParameters1_test.go	0	44	1073	29
/Users/chrishafley/projects/typescript-go/internal/fourslash/tests/gen/genericParameterHelp_test.go	0	60	1617	41
/Users/chrishafley/projects/typescript-go/internal/fourslash/tests/gen/importCompletionsPackageJsonImportsPattern_ts_ts_test.go	0	51	1237	43
/Users/chrishafley/projects/typescript-go/internal/fourslash/tests/gen/goToDefinitionScriptImport_test.go	0	46	820	29
/Users/chrishafley/projects/typescript-go/internal/fourslash/tests/gen/findAllRefsWithLeadingUnderscoreNames6_test.go	0	45	780	32
/Users/chrishafley/projects/typescript-go/internal/fourslash/tests/gen/tsxCompletion4_test.go	0	59	1131	41
/Users/chrishafley/projects/typescript-go/internal/fourslash/tests/gen/codeFixAwaitShouldNotCrashIfNotInFunction_test.go	0	80	638	21
/Users/chrishafley/projects/typescript-go/internal/fourslash/tests/gen/goToDefinitionDifferentFileIndirectly_test.go	0	60	1425	38
/Users/chrishafley/projects/typescript-go/internal/fourslash/tests/gen/tsxRename1_test.go	0	47	904	32
/Users/chrishafley/projects/typescript-go/internal/fourslash/tests/gen/quickInfoJsDocTagsFunctionOverload05_test.go	0	58	753	27
/Users/chrishafley/projects/typescript-go/internal/fourslash/tests/gen/genericWithSpecializedProperties1_test.go	0	56	967	33
/Users/chrishafley/projects/typescript-go/internal/fourslash/tests/gen/jsxTagNameCompletionUnderElementClosed_test.go	0	82	3003	96
/Users/chrishafley/projects/typescript-go/internal/fourslash/tests/gen/memberListOnThisInClassWithPrivates_test.go	0	55	1614	54
/Users/chrishafley/projects/typescript-go/internal/fourslash/tests/gen/navigationBarAssignmentTypes_test.go	0	49	642	26
/Users/chrishafley/projects/typescript-go/internal/fourslash/tests/gen/quickInfoOnFunctionPropertyReturnedFromGenericFunction1_test.go	0	44	886	29
/Users/chrishafley/projects/typescript-go/internal/fourslash/tests/gen/completionsWithOptionalPropertiesGenericPartial_test.go	0	50	2006	66
/Users/chrishafley/projects/typescript-go/internal/fourslash/tests/gen/goToDefinitionShorthandProperty05_test.go	0	48	702	27
/Users/chrishafley/projects/typescript-go/internal/fourslash/tests/gen/referencesForFunctionOverloads_test.go	0	57	726	24
/Users/chrishafley/projects/typescript-go/internal/fourslash/tests/gen/findAllRefsRootSymbols_test.go	0	57	712	24
/Users/chrishafley/projects/typescript-go/internal/fourslash/tests/gen/genericFunctionSignatureHelp3MultiFile_test.go	0	64	2827	56
/Users/chrishafley/projects/typescript-go/internal/fourslash/tests/gen/getOutliningSpansForUnbalancedEndRegion_test.go	0	32	795	27
/Users/chrishafley/projects/typescript-go/internal/fourslash/tests/gen/quickInfoOnThis3_test.go	0	39	1294	41
/Users/chrishafley/projects/typescript-go/internal/fourslash/tests/gen/importNameCodeFix_require_test.go	0	43	1141	46
/Users/chrishafley/projects/typescript-go/internal/fourslash/tests/gen/completionsBigIntShowNoCompletions_test.go	0	49	1044	32
/Users/chrishafley/projects/typescript-go/internal/fourslash/tests/gen/quickInfoOnClassMergedWithFunction_test.go	0	59	925	32
/Users/chrishafley/projects/typescript-go/internal/fourslash/tests/gen/codeFixInferFromUsageRestParam_test.go	0	40	781	29
/Users/chrishafley/projects/typescript-go/internal/fourslash/tests/gen/goToDefinitionObjectLiteralProperties1_test.go	0	53	832	31
/Users/chrishafley/projects/typescript-go/internal/fourslash/tests/gen/returnRecursiveType_test.go	0	37	685	25
/Users/chrishafley/projects/typescript-go/internal/fourslash/tests/gen/docCommentTemplateVariableStatements02_test.go	0	41	1181	51
/Users/chrishafley/projects/typescript-go/internal/fourslash/tests/gen/completionForStringLiteral_quotePreference_test.go	0	39	1466	54
/Users/chrishafley/projects/typescript-go/internal/fourslash/tests/gen/removeDuplicateIdentifier_test.go	0	53	629	23
/Users/chrishafley/projects/typescript-go/internal/fourslash/tests/gen/unusedFunctionInNamespaceWithTrivia_test.go	0	48	794	31
/Users/chrishafley/projects/typescript-go/internal/fourslash/tests/gen/codeFixSpellingCaseSensitive3_test.go	0	43	653	23
/Users/chrishafley/projects/typescript-go/internal/fourslash/tests/gen/codeFixTopLevelForAwait_module_targetES2017CompilerOptionsInTsConfig_test.go	0	52	901	31
/Users/chrishafley/projects/typescript-go/internal/fourslash/tests/gen/navigationBarJsDocCommentWithNoTags_test.go	0	83	637	22
/Users/chrishafley/projects/typescript-go/internal/fourslash/tests/gen/completionListAtIdentifierDefinitionLocations_varDeclarations_test.go	0	43	750	25
/Users/chrishafley/projects/typescript-go/internal/fourslash/tests/gen/codeFixClassImplementInterfaceDuplicateMember2_test.go	0	40	748	31
/Users/chrishafley/projects/typescript-go/internal/fourslash/tests/gen/closedCommentsInConstructor_test.go	0	40	630	23
/Users/chrishafley/projects/typescript-go/internal/fourslash/tests/gen/quickinfoVerbosityConditionalType_test.go	0	47	885	29
/Users/chrishafley/projects/typescript-go/internal/fourslash/tests/gen/docCommentTemplateWithMultipleJSDocAndParameters_test.go	0	57	850	33
/Users/chrishafley/projects/typescript-go/internal/fourslash/tests/gen/completionListInTypeParameterOfTypeAlias3_test.go	0	41	671	21
/Users/chrishafley/projects/typescript-go/internal/fourslash/tests/gen/quickInfoForObjectBindingElementPropertyName04_test.go	0	44	831	28
/Users/chrishafley/projects/typescript-go/internal/fourslash/tests/gen/completionListAfterFunction_test.go	0	45	2207	79
/Users/chrishafley/projects/typescript-go/internal/fourslash/tests/gen/completionListInNamedFunctionExpression_test.go	0	52	1519	47
/Users/chrishafley/projects/typescript-go/internal/fourslash/tests/gen/completionClassMemberSnippetCrossFileNodeReuse1_test.go	0	53	2378	68
/Users/chrishafley/projects/typescript-go/internal/fourslash/tests/gen/getOccurrencesConstructor_test.go	0	48	1032	38
/Users/chrishafley/projects/typescript-go/internal/fourslash/tests/gen/constructorQuickInfo_test.go	0	45	797	27
/Users/chrishafley/projects/typescript-go/internal/fourslash/tests/gen/importNameCodeFix_symlink_own_package_test.go	0	50	990	35
/Users/chrishafley/projects/typescript-go/internal/fourslash/tests/gen/renameObjectSpread_test.go	0	37	818	26
/Users/chrishafley/projects/typescript-go/internal/fourslash/tests/gen/renameImportOfExportEquals_test.go	0	56	1716	39
/Users/chrishafley/projects/typescript-go/internal/fourslash/tests/gen/completionsExportImport_test.go	0	53	1491	52
/Users/chrishafley/projects/typescript-go/internal/fourslash/tests/gen/getJavaScriptCompletions1_test.go	0	63	1220	41
/Users/chrishafley/projects/typescript-go/internal/fourslash/tests/gen/importNameCodeFixNewImportBaseUrl1_test.go	0	43	1091	41
/Users/chrishafley/projects/typescript-go/internal/fourslash/tests/gen/referencesBloomFilters3_test.go	0	44	704	24
/Users/chrishafley/projects/typescript-go/internal/fourslash/tests/gen/goToDefinition_super_test.go	0	43	909	38
/Users/chrishafley/projects/typescript-go/internal/fourslash/tests/gen/getOccurrencesExport3_test.go	0	55	1966	81
/Users/chrishafley/projects/typescript-go/internal/fourslash/tests/gen/getJavaScriptSyntacticDiagnostics16_test.go	0	62	668	23
/Users/chrishafley/projects/typescript-go/internal/fourslash/tests/gen/codeFixClassExprClassImplementClassFunctionVoidInferred_test.go	0	47	919	35
/Users/chrishafley/projects/typescript-go/internal/fourslash/tests/gen/navigationBarInitializerSpans_test.go	0	65	823	24
/Users/chrishafley/projects/typescript-go/internal/fourslash/tests/gen/convertFunctionToEs6Class_noQuickInfoForIIFE_test.go	0	57	761	29
/Users/chrishafley/projects/typescript-go/internal/fourslash/tests/gen/organizeImports19_test.go	0	39	847	41
/Users/chrishafley/projects/typescript-go/internal/fourslash/tests/gen/completionsSymbolMembers_test.go	0	42	2272	76
/Users/chrishafley/projects/typescript-go/internal/fourslash/tests/gen/goToDefinitionPrivateName_test.go	0	44	958	31
/Users/chrishafley/projects/typescript-go/internal/fourslash/tests/gen/renameForDefaultExport08_test.go	0	54	856	32
/Users/chrishafley/projects/typescript-go/internal/fourslash/tests/gen/javaScriptModulesWithBackticks_test.go	0	51	1106	38
/Users/chrishafley/projects/typescript-go/internal/fourslash/tests/gen/completionListInClosedFunction02_test.go	0	40	1154	42
/Users/chrishafley/projects/typescript-go/internal/fourslash/tests/gen/jsdocDeprecated_suggestion6_test.go	0	52	2081	58
/Users/chrishafley/projects/typescript-go/internal/fourslash/tests/gen/importNameCodeFix_symlink_own_package_2_test.go	0	54	911	32
/Users/chrishafley/projects/typescript-go/internal/fourslash/tests/gen/formattingIfInElseBlock_test.go	0	49	676	28
/Users/chrishafley/projects/typescript-go/internal/fourslash/tests/gen/codeFixConvertToTypeOnlyImport3_test.go	0	41	1091	41
/Users/chrishafley/projects/typescript-go/internal/fourslash/tests/gen/multiModuleFundule_test.go	0	41	2060	76
/Users/chrishafley/projects/typescript-go/internal/fourslash/tests/gen/isDefinitionOverloads_test.go	0	38	715	26
/Users/chrishafley/projects/typescript-go/internal/fourslash/tests/gen/completionListAtIdentifierDefinitionLocations_interfaces_test.go	0	44	722	23
/Users/chrishafley/projects/typescript-go/internal/fourslash/tests/gen/autoImport_node12_node_modules1_test.go	0	36	789	26
/Users/chrishafley/projects/typescript-go/internal/fourslash/tests/gen/codeFixClassImplementInterface_noUndefinedOnOptionalParameter_test.go	0	44	1020	38
/Users/chrishafley/projects/typescript-go/internal/fourslash/tests/gen/importStatementCompletions_js_test.go	0	39	1959	65
/Users/chrishafley/projects/typescript-go/internal/fourslash/tests/gen/smartSelection_bindingPatterns_test.go	0	42	644	21
/Users/chrishafley/projects/typescript-go/internal/fourslash/tests/gen/formatArrayOrObjectLiteralsInVariableList_test.go	0	34	791	23
/Users/chrishafley/projects/typescript-go/internal/fourslash/tests/gen/findAllRefsJsDocTemplateTag_function_test.go	0	37	665	22
/Users/chrishafley/projects/typescript-go/internal/fourslash/tests/gen/completionForStringLiteral8_test.go	0	37	1094	38
/Users/chrishafley/projects/typescript-go/internal/fourslash/tests/gen/completionListInstanceProtectedMembers4_test.go	0	48	1519	56
/Users/chrishafley/projects/typescript-go/internal/fourslash/tests/gen/smartSelection_JSDocTags2_test.go	0	42	624	24
/Users/chrishafley/projects/typescript-go/internal/fourslash/tests/gen/callHierarchyClassStaticBlock2_test.go	0	47	852	42
/Users/chrishafley/projects/typescript-go/internal/fourslash/tests/gen/goToDefinitionOverriddenMember11_test.go	0	56	944	32
/Users/chrishafley/projects/typescript-go/internal/fourslash/tests/gen/goToDefinitionReturn1_test.go	0	45	643	23
/Users/chrishafley/projects/typescript-go/internal/fourslash/tests/gen/codeFixTopLevelAwait_target_compatibleCompilerOptionsInTsConfig_test.go	0	45	856	31
/Users/chrishafley/projects/typescript-go/internal/fourslash/tests/gen/jsdocDeprecated_suggestion11_test.go	0	42	1351	41
/Users/chrishafley/projects/typescript-go/internal/fourslash/tests/gen/goToImplementationLocal_01_test.go	0	40	664	22
/Users/chrishafley/projects/typescript-go/internal/fourslash/tests/gen/importStatementCompletions_js2_test.go	0	42	1995	66
/Users/chrishafley/projects/typescript-go/internal/fourslash/tests/gen/completionsNonExistentImport_test.go	0	42	1055	34
/Users/chrishafley/projects/typescript-go/internal/fourslash/tests/gen/importNameCodeFixExistingImport6_test.go	0	46	863	29
/Users/chrishafley/projects/typescript-go/internal/fourslash/tests/gen/renameImportAndShorthand_test.go	0	40	707	22
/Users/chrishafley/projects/typescript-go/internal/fourslash/tests/gen/quickInfoForIn_test.go	0	43	610	22
/Users/chrishafley/projects/typescript-go/internal/fourslash/tests/gen/getOutliningForBlockComments_test.go	0	40	5219	351
/Users/chrishafley/projects/typescript-go/internal/fourslash/tests/gen/removeVarFromModuleWithReopenedEnums_test.go	0	36	693	31
/Users/chrishafley/projects/typescript-go/internal/fourslash/tests/gen/gotoDefinitionSatisfiesTag_test.go	0	40	801	31
/Users/chrishafley/projects/typescript-go/internal/fourslash/tests/gen/formatOnEnterFunctionDeclaration_test.go	0	50	768	24
/Users/chrishafley/projects/typescript-go/internal/fourslash/tests/gen/commentsOverloadsFourslash_test.go	0	73	30307	727
/Users/chrishafley/projects/typescript-go/internal/fourslash/tests/gen/quickInfoOnMethodOfImportEquals_test.go	0	44	777	29
/Users/chrishafley/projects/typescript-go/internal/fourslash/tests/gen/completionForQuotedPropertyInPropertyAssignment3_test.go	0	35	2118	76
/Users/chrishafley/projects/typescript-go/internal/fourslash/tests/gen/completionListAfterFunction2_test.go	0	40	1770	61
/Users/chrishafley/projects/typescript-go/internal/fourslash/tests/gen/goToImplementationInterfaceMethod_03_test.go	0	39	917	38
/Users/chrishafley/projects/typescript-go/internal/fourslash/tests/gen/formattingOnStatementsWithNoSemicolon_test.go	0	43	5451	187
/Users/chrishafley/projects/typescript-go/internal/fourslash/tests/gen/importNameCodeFixNewImportTypeRoots0_test.go	0	43	906	36
/Users/chrishafley/projects/typescript-go/internal/fourslash/tests/gen/quickInfoDisplayPartsInternalModuleAlias_test.go	0	37	872	34
/Users/chrishafley/projects/typescript-go/internal/fourslash/tests/gen/importNameCodeFix_require_UMD_test.go	0	40	1041	40
/Users/chrishafley/projects/typescript-go/internal/fourslash/tests/gen/goToImplementationInvalid_test.go	0	37	649	23
/Users/chrishafley/projects/typescript-go/internal/fourslash/tests/gen/tsxRename4_test.go	0	43	1041	35
/Users/chrishafley/projects/typescript-go/internal/fourslash/tests/gen/memberListOfExportedClass_test.go	0	43	1251	45
/Users/chrishafley/projects/typescript-go/internal/fourslash/tests/gen/tsxCompletion1_test.go	0	44	1132	41
/Users/chrishafley/projects/typescript-go/internal/fourslash/tests/gen/genericInterfacePropertyInference1_test.go	0	50	5251	152
/Users/chrishafley/projects/typescript-go/internal/fourslash/tests/gen/completionForStringLiteralFromSignature2_test.go	0	53	1076	33
/Users/chrishafley/projects/typescript-go/internal/fourslash/tests/gen/formatNoSpaceBeforeCloseBrace_test.go	0	52	664	22
/Users/chrishafley/projects/typescript-go/internal/fourslash/tests/gen/isDefinitionSingleImport_test.go	0	54	689	24
/Users/chrishafley/projects/typescript-go/internal/fourslash/tests/gen/removeInterfaceExtendsClause_test.go	0	45	663	23
/Users/chrishafley/projects/typescript-go/internal/fourslash/tests/gen/completionListInTypeLiteralInTypeParameter8_test.go	0	41	1961	78
/Users/chrishafley/projects/typescript-go/internal/fourslash/tests/gen/tsxGoToDefinitionUnionElementType2_test.go	0	79	924	36
/Users/chrishafley/projects/typescript-go/internal/fourslash/tests/gen/incrementalEditInvocationExpressionAboveInterfaceDeclaration_test.go	0	48	915	29
/Users/chrishafley/projects/typescript-go/internal/fourslash/tests/gen/navigationBarItemsItemsExternalModules2_test.go	0	39	702	25
/Users/chrishafley/projects/typescript-go/internal/fourslash/tests/gen/completionsOverridingMethod11_test.go	0	50	2151	72
/Users/chrishafley/projects/typescript-go/internal/fourslash/tests/gen/linkedEditingJsxTag10_test.go	0	40	1511	52
/Users/chrishafley/projects/typescript-go/internal/fourslash/tests/gen/pathCompletionsPackageJsonImportsOnlyFromClosestScope1_test.go	0	62	1665	57
/Users/chrishafley/projects/typescript-go/internal/fourslash/tests/gen/referencesForLabel5_test.go	0	72	895	29
/Users/chrishafley/projects/typescript-go/internal/fourslash/tests/gen/tsxCompletionInFunctionExpressionOfChildrenCallback1_test.go	0	60	1605	58
/Users/chrishafley/projects/typescript-go/internal/fourslash/tests/gen/findAllRefsWriteAccess_test.go	0	40	817	37
/Users/chrishafley/projects/typescript-go/internal/fourslash/tests/gen/goToDefinitionObjectLiteralProperties_test.go	0	41	1118	33
/Users/chrishafley/projects/typescript-go/internal/fourslash/tests/gen/renameExportCrash_test.go	0	47	686	25
/Users/chrishafley/projects/typescript-go/internal/fourslash/tests/gen/quickInfoForConstTypeReference_test.go	0	60	605	21
/Users/chrishafley/projects/typescript-go/internal/fourslash/tests/gen/quickInfoForIndexerResultWithConstraint_test.go	0	47	814	27
/Users/chrishafley/projects/typescript-go/internal/fourslash/tests/gen/cloduleAsBaseClass2_test.go	0	50	2462	97
/Users/chrishafley/projects/typescript-go/internal/fourslash/tests/gen/findAllRefsWithLeadingUnderscoreNames3_test.go	0	34	712	26
/Users/chrishafley/projects/typescript-go/internal/fourslash/tests/gen/codeFixAddMissingImportForReactJsx2_test.go	0	46	1210	50
/Users/chrishafley/projects/typescript-go/internal/fourslash/tests/gen/codeFixClassImplementInterfaceNoTruncation_test.go	0	157	4029450	39
/Users/chrishafley/projects/typescript-go/internal/fourslash/tests/gen/ambientShorthandGotoDefinition_test.go	0	52	1375	32
/Users/chrishafley/projects/typescript-go/internal/fourslash/tests/gen/signatureHelpNoArguments_test.go	0	51	756	25
/Users/chrishafley/projects/typescript-go/internal/fourslash/tests/gen/scopeOfUnionProperties_test.go	0	42	664	23
/Users/chrishafley/projects/typescript-go/internal/fourslash/tests/gen/goToDefinitionSourceUnit_test.go	0	43	927	34
/Users/chrishafley/projects/typescript-go/internal/fourslash/tests/gen/getJSXOutliningSpans_test.go	0	46	1361	54
/Users/chrishafley/projects/typescript-go/internal/fourslash/tests/gen/importNameCodeFix_jsxOpeningTagImportDefault_test.go	0	38	962	35
/Users/chrishafley/projects/typescript-go/internal/fourslash/tests/gen/findAllReferencesImportMeta_test.go	0	35	643	23
/Users/chrishafley/projects/typescript-go/internal/fourslash/tests/gen/goToDefinitionSatisfiesExpression1_test.go	0	46	769	26
/Users/chrishafley/projects/typescript-go/internal/fourslash/tests/gen/quickInfoJsPropertyAssignedAfterMethodDeclaration_test.go	0	44	857	30
/Users/chrishafley/projects/typescript-go/internal/fourslash/tests/gen/codeFixClassImplementClassAbstractGettersAndSetters_test.go	0	41	1536	61
/Users/chrishafley/projects/typescript-go/internal/fourslash/tests/gen/getOutliningSpansForUnbalancedRegion_test.go	0	41	783	27
/Users/chrishafley/projects/typescript-go/internal/fourslash/tests/gen/quickInfoForTypeParameterInTypeAlias1_test.go	0	43	1235	29
/Users/chrishafley/projects/typescript-go/internal/fourslash/tests/gen/importNameCodeFix_all2_test.go	0	44	931	36
/Users/chrishafley/projects/typescript-go/internal/fourslash/tests/gen/codeFixClassImplementInterface_order_test.go	0	44	1005	42
/Users/chrishafley/projects/typescript-go/internal/fourslash/tests/gen/completionForStringLiteralNonrelativeImportTypings2_test.go	0	40	1488	46
/Users/chrishafley/projects/typescript-go/internal/fourslash/tests/gen/getOccurrencesIsWriteAccess_test.go	0	39	1332	37
/Users/chrishafley/projects/typescript-go/internal/fourslash/tests/gen/getOccurrencesReadonly3_test.go	0	34	924	30
/Users/chrishafley/projects/typescript-go/internal/fourslash/tests/gen/completionListAfterObjectLiteral1_test.go	0	39	1016	34
/Users/chrishafley/projects/typescript-go/internal/fourslash/tests/gen/quickInfoDisplayPartsUsing_test.go	0	47	701	25
/Users/chrishafley/projects/typescript-go/internal/fourslash/tests/gen/outliningSpansForImportsAndExports_test.go	0	48	1041	64
/Users/chrishafley/projects/typescript-go/internal/fourslash/tests/gen/quickInfoOnPropertyAccessInWriteLocation2_test.go	0	37	750	24
/Users/chrishafley/projects/typescript-go/internal/fourslash/tests/gen/asOperatorCompletion_test.go	0	33	998	35
/Users/chrishafley/projects/typescript-go/internal/fourslash/tests/gen/importNameCodeFixIndentedIdentifier_test.go	0	48	847	37
/Users/chrishafley/projects/typescript-go/internal/fourslash/tests/gen/smartSelection_function1_test.go	0	37	611	23
/Users/chrishafley/projects/typescript-go/internal/fourslash/tests/gen/quickInfoForDestructuringShorthandInitializer_test.go	0	39	689	23
/Users/chrishafley/projects/typescript-go/internal/fourslash/tests/gen/completions01_test.go	0	45	1516	54
/Users/chrishafley/projects/typescript-go/internal/fourslash/tests/gen/completionsImport_named_didNotExistBefore_test.go	0	40	2225	68
/Users/chrishafley/projects/typescript-go/internal/fourslash/tests/gen/findAllRefsOfConstructor2_test.go	0	43	899	37
/Users/chrishafley/projects/typescript-go/internal/fourslash/tests/gen/formattingQMark_test.go	0	47	762	28
/Users/chrishafley/projects/typescript-go/internal/fourslash/tests/gen/jsdocCallbackTagRename01_test.go	0	40	875	32
/Users/chrishafley/projects/typescript-go/internal/fourslash/tests/gen/inlayHintsInteractiveInferredTypePredicate1_test.go	0	50	937	26
/Users/chrishafley/projects/typescript-go/internal/fourslash/tests/gen/renameAlias2_test.go	0	49	735	23
/Users/chrishafley/projects/typescript-go/internal/fourslash/tests/gen/inlayHintsPropertyDeclarations2_test.go	0	56	1088	37
/Users/chrishafley/projects/typescript-go/internal/fourslash/tests/gen/goToDefinitionFunctionOverloads_test.go	0	58	1051	27
/Users/chrishafley/projects/typescript-go/internal/fourslash/tests/gen/completionsRecursiveNamespace_test.go	0	37	653	24
/Users/chrishafley/projects/typescript-go/internal/fourslash/tests/gen/syntacticClassificationsDocComment4_test.go	0	48	765	25
/Users/chrishafley/projects/typescript-go/internal/fourslash/tests/gen/navigationBarItemsClass5_test.go	0	47	606	22
/Users/chrishafley/projects/typescript-go/internal/fourslash/tests/gen/completionListInImportClause04_test.go	0	46	1535	52
/Users/chrishafley/projects/typescript-go/internal/fourslash/tests/gen/quickinfoVerbosityTruncation1_test.go	0	39	1493	45
/Users/chrishafley/projects/typescript-go/internal/fourslash/tests/gen/getOccurrencesIsDefinitionOfStringNamedProperty_test.go	0	44	693	22
/Users/chrishafley/projects/typescript-go/internal/fourslash/tests/gen/asConstRefsNoErrors3_test.go	0	46	702	26
/Users/chrishafley/projects/typescript-go/internal/fourslash/tests/gen/findAllReferencesUndefined_test.go	0	50	674	26
/Users/chrishafley/projects/typescript-go/internal/fourslash/tests/gen/jsDocSee3_test.go	0	38	699	27
/Users/chrishafley/projects/typescript-go/internal/fourslash/tests/gen/documentHighlightMultilineTemplateStrings_test.go	0	51	712	25
/Users/chrishafley/projects/typescript-go/internal/fourslash/tests/gen/stringLiteralCompletionsForOpenEndedTemplateLiteralType_test.go	0	51	1262	37
/Users/chrishafley/projects/typescript-go/internal/fourslash/tests/gen/jsDocPropertyDescription10_test.go	0	45	866	27
/Users/chrishafley/projects/typescript-go/internal/fourslash/tests/gen/findAllRefsForDefaultExport_test.go	0	52	815	28
/Users/chrishafley/projects/typescript-go/internal/fourslash/tests/gen/quickInfoNamedTupleMembers_test.go	0	57	692	21
/Users/chrishafley/projects/typescript-go/internal/fourslash/tests/gen/goToDefinitionImportedNames11_test.go	0	50	820	29
/Users/chrishafley/projects/typescript-go/internal/fourslash/tests/gen/findAllRefsJsDocTemplateTag_function_js_test.go	0	62	725	27
/Users/chrishafley/projects/typescript-go/internal/fourslash/tests/gen/signatureHelpWithTriggers02_test.go	0	53	1133	33
/Users/chrishafley/projects/typescript-go/internal/fourslash/tests/gen/constructorFindAllReferences1_test.go	0	45	686	26
/Users/chrishafley/projects/typescript-go/internal/fourslash/tests/gen/documentHighlightAtParameterPropertyDeclaration2_test.go	0	58	1259	38
/Users/chrishafley/projects/typescript-go/internal/fourslash/tests/gen/signatureHelpSkippedArgs1_test.go	0	42	668	22
/Users/chrishafley/projects/typescript-go/internal/fourslash/tests/gen/whiteSpaceTrimming4_test.go	0	51	657	23
/Users/chrishafley/projects/typescript-go/internal/fourslash/tests/gen/completionsPrivateProperties_Js_test.go	0	49	1277	51
/Users/chrishafley/projects/typescript-go/internal/fourslash/tests/gen/completionListInvalidMemberNames_withExistingIdentifier_test.go	0	59	1705	55
/Users/chrishafley/projects/typescript-go/internal/fourslash/tests/gen/completionsGenericIndexedAccess1_test.go	0	56	1288	44
/Users/chrishafley/projects/typescript-go/internal/fourslash/tests/gen/organizeImportsType2_test.go	0	56	1796	71
/Users/chrishafley/projects/typescript-go/internal/fourslash/tests/gen/getJavaScriptCompletions16_test.go	0	59	2118	79
/Users/chrishafley/projects/typescript-go/internal/fourslash/tests/gen/automaticConstructorToggling_test.go	0	58	1876	46
/Users/chrishafley/projects/typescript-go/internal/fourslash/tests/gen/getOutliningSpansForRegions_test.go	0	45	1441	70
/Users/chrishafley/projects/typescript-go/internal/fourslash/tests/gen/getEditsForFileRename_casing_test.go	0	41	800	26
/Users/chrishafley/projects/typescript-go/internal/fourslash/tests/gen/completionListForObjectSpread_test.go	0	46	2936	97
/Users/chrishafley/projects/typescript-go/internal/fourslash/tests/gen/findAllReferencesUmdModuleAsGlobalConst_test.go	0	41	1551	53
/Users/chrishafley/projects/typescript-go/internal/fourslash/tests/gen/findAllRefsMappedType_test.go	0	45	731	26
/Users/chrishafley/projects/typescript-go/internal/fourslash/tests/gen/codeFixAwaitInSyncFunction3_test.go	0	34	712	28
/Users/chrishafley/projects/typescript-go/internal/fourslash/tests/gen/completionsImport_default_didNotExistBefore_test.go	0	42	1874	58
/Users/chrishafley/projects/typescript-go/internal/fourslash/tests/gen/completionOfAwaitPromise6_test.go	0	54	1052	37
/Users/chrishafley/projects/typescript-go/internal/fourslash/tests/gen/goToSource6_sameAsGoToDef2_test.go	0	62	1485	37
/Users/chrishafley/projects/typescript-go/internal/fourslash/tests/gen/getOccurrencesThrow7_test.go	0	56	881	39
/Users/chrishafley/projects/typescript-go/internal/fourslash/tests/gen/formattingOfExportDefault_test.go	0	40	890	28
/Users/chrishafley/projects/typescript-go/internal/fourslash/tests/gen/completionsJsPropertyAssignment_test.go	0	70	1572	55
/Users/chrishafley/projects/typescript-go/internal/fourslash/tests/gen/tsxFindAllReferences3_test.go	0	48	853	35
/Users/chrishafley/projects/typescript-go/internal/fourslash/tests/gen/getOccurrencesAbstract03_test.go	0	59	957	33
/Users/chrishafley/projects/typescript-go/internal/fourslash/tests/gen/goToDefinitionYield2_test.go	0	61	692	26
/Users/chrishafley/projects/typescript-go/internal/fourslash/tests/gen/spaceAfterReturn_test.go	0	36	836	31
/Users/chrishafley/projects/typescript-go/internal/fourslash/tests/gen/importNameCodeFixNewImportExportEqualsESNextInteropOff_test.go	0	41	866	33
/Users/chrishafley/projects/typescript-go/internal/fourslash/tests/gen/goToImplementationInterface_00_test.go	0	42	1135	39
/Users/chrishafley/projects/typescript-go/internal/fourslash/tests/gen/callSignatureHelp_test.go	0	45	685	26
/Users/chrishafley/projects/typescript-go/internal/fourslash/tests/gen/importNameCodeFixInferEndingPreference_test.go	0	52	884	33
/Users/chrishafley/projects/typescript-go/internal/fourslash/tests/gen/completionPropertyShorthandForObjectLiteral2_test.go	0	56	1617	61
/Users/chrishafley/projects/typescript-go/internal/fourslash/tests/gen/navigationBarItemsSymbols3_test.go	0	54	654	24
/Users/chrishafley/projects/typescript-go/internal/fourslash/tests/gen/navigationBarVariables_test.go	0	54	740	29
/Users/chrishafley/projects/typescript-go/internal/fourslash/tests/gen/completionListInStringLiterals1_test.go	0	56	1013	32
/Users/chrishafley/projects/typescript-go/internal/fourslash/tests/gen/completionListInUnclosedForLoop01_test.go	0	70	1005	33
/Users/chrishafley/projects/typescript-go/internal/fourslash/tests/gen/findAllRefsMissingModulesOverlappingSpecifiers_test.go	0	70	789	23
/Users/chrishafley/projects/typescript-go/internal/fourslash/tests/gen/goToImplementationInterface_10_test.go	0	53	801	32
/Users/chrishafley/projects/typescript-go/internal/fourslash/tests/gen/goToDefinitionConstructorOverloads_test.go	0	52	1290	34
/Users/chrishafley/projects/typescript-go/internal/fourslash/tests/gen/codefixEnableJsxFlag_noTsconfig_test.go	0	62	682	23
/Users/chrishafley/projects/typescript-go/internal/fourslash/tests/gen/isDefinitionInterfaceImplementation_test.go	0	58	725	30
/Users/chrishafley/projects/typescript-go/internal/fourslash/tests/gen/quickInfoJsDocTags4_test.go	0	63	1024	41
/Users/chrishafley/projects/typescript-go/internal/fourslash/tests/gen/importNameCodeFixNewImportExportEqualsESNextInteropOn_test.go	0	41	894	34
/Users/chrishafley/projects/typescript-go/internal/fourslash/tests/gen/completionsImport_uriStyleNodeCoreModules1_test.go	0	37	2813	84
/Users/chrishafley/projects/typescript-go/internal/fourslash/tests/gen/findAllRefsNoImportClause_test.go	0	44	679	24
/Users/chrishafley/projects/typescript-go/internal/fourslash/tests/gen/javaScriptModules19_test.go	0	47	2376	83
/Users/chrishafley/projects/typescript-go/internal/fourslash/tests/gen/autoImportCompletionAmbientMergedModule1_test.go	0	45	2822	85
/Users/chrishafley/projects/typescript-go/internal/fourslash/tests/gen/getOccurrencesIfElseBroken_test.go	0	45	902	29
/Users/chrishafley/projects/typescript-go/internal/fourslash/tests/gen/codeFixUnusedLabel_noSuggestionIfDisabled_test.go	0	44	671	22
/Users/chrishafley/projects/typescript-go/internal/fourslash/tests/gen/quickInfoForDecorators_test.go	0	34	712	25
/Users/chrishafley/projects/typescript-go/internal/fourslash/tests/gen/codeFixClassImplementInterfaceComputedPropertyLiterals_test.go	0	43	1198	48
/Users/chrishafley/projects/typescript-go/internal/fourslash/tests/gen/getOccurrencesIfElse5_test.go	0	43	1030	42
/Users/chrishafley/projects/typescript-go/internal/fourslash/tests/gen/completionsLiteralMatchingGenericSignature_test.go	0	44	1133	39
/Users/chrishafley/projects/typescript-go/internal/fourslash/tests/gen/completionsNamespaceMergedWithClass_test.go	0	38	1872	67
/Users/chrishafley/projects/typescript-go/internal/fourslash/tests/gen/noErrorsAfterCompletionsRequestWithinGenericFunction2_test.go	0	44	852	29
/Users/chrishafley/projects/typescript-go/internal/fourslash/tests/gen/formattingInDestructuring4_test.go	0	43	1102	36
/Users/chrishafley/projects/typescript-go/internal/fourslash/tests/gen/renameNoDefaultLib_test.go	0	49	697	26
/Users/chrishafley/projects/typescript-go/internal/fourslash/tests/gen/completionListInObjectLiteralPropertyAssignment_test.go	0	47	1095	38
/Users/chrishafley/projects/typescript-go/internal/fourslash/tests/gen/completionListInUnclosedTypeOfExpression02_test.go	0	53	1045	35
/Users/chrishafley/projects/typescript-go/internal/fourslash/tests/gen/goToSource13_nodenext_test.go	0	48	1477	49
/Users/chrishafley/projects/typescript-go/internal/fourslash/tests/gen/jsDocPropertyDescription1_test.go	0	47	1001	31
/Users/chrishafley/projects/typescript-go/internal/fourslash/tests/gen/memberCompletionOnRightSideOfImport_test.go	0	64	618	21
/Users/chrishafley/projects/typescript-go/internal/fourslash/tests/gen/inlayHintsFunctionParameterTypes5_test.go	0	55	990	29
/Users/chrishafley/projects/typescript-go/internal/fourslash/tests/gen/typeCheckAfterAddingGenericParameter_test.go	0	49	890	35
/Users/chrishafley/projects/typescript-go/internal/fourslash/tests/gen/formattingCommentsBeforeErrors_test.go	0	44	854	36
/Users/chrishafley/projects/typescript-go/internal/fourslash/tests/gen/findAllRefsReExportsUseInImportType_test.go	0	52	2032	38
/Users/chrishafley/projects/typescript-go/internal/fourslash/tests/gen/signatureHelpFunctionOverload_test.go	0	43	1147	28
/Users/chrishafley/projects/typescript-go/internal/fourslash/tests/gen/codeFixMissingTypeAnnotationOnExports7_test.go	0	42	951	31
/Users/chrishafley/projects/typescript-go/internal/fourslash/tests/gen/genericCallSignaturesInNonGenericTypes1_test.go	0	38	851	29
/Users/chrishafley/projects/typescript-go/internal/fourslash/tests/gen/completionsImport_filteredByInvalidPackageJson_direct_test.go	0	44	2247	77
/Users/chrishafley/projects/typescript-go/internal/fourslash/tests/gen/autoImportCrossProject_paths_stripSrc_test.go	0	48	2090	66
/Users/chrishafley/projects/typescript-go/internal/fourslash/tests/gen/goToDefinitionImport1_test.go	0	42	693	24
/Users/chrishafley/projects/typescript-go/internal/fourslash/tests/gen/unusedClassInNamespaceWithTrivia2_test.go	0	39	790	31
/Users/chrishafley/projects/typescript-go/internal/fourslash/tests/gen/declarationMapGoToDefinition_test.go	0	40	1673	59
/Users/chrishafley/projects/typescript-go/internal/fourslash/tests/gen/quickInfoForObjectBindingElementName02_test.go	0	41	737	27
/Users/chrishafley/projects/typescript-go/internal/fourslash/tests/gen/goToDefinitionOverloadsInMultiplePropertyAccesses_test.go	0	37	862	28
/Users/chrishafley/projects/typescript-go/internal/fourslash/tests/gen/goToDefinitionExternalModuleName8_test.go	0	38	730	26
/Users/chrishafley/projects/typescript-go/internal/fourslash/tests/gen/completionsImport_reExportDefault2_test.go	0	49	2028	62
/Users/chrishafley/projects/typescript-go/internal/fourslash/tests/gen/goToDefinitionApparentTypeProperties_test.go	0	47	794	27
/Users/chrishafley/projects/typescript-go/internal/fourslash/tests/gen/quickInfoJsDocTags10_test.go	0	41	740	29
/Users/chrishafley/projects/typescript-go/internal/fourslash/tests/gen/quickinfoVerbosityToplevelTruncation1_test.go	0	36	1754	69
/Users/chrishafley/projects/typescript-go/internal/fourslash/tests/gen/completionListInTypeLiteralInTypeParameter19_test.go	0	39	3601	123
/Users/chrishafley/projects/typescript-go/internal/fourslash/tests/gen/quickInfoDisplayPartsLocalFunction_test.go	0	50	1379	42
/Users/chrishafley/projects/typescript-go/internal/fourslash/tests/gen/importNameCodeFix_jsx5_test.go	0	43	1214	44
/Users/chrishafley/projects/typescript-go/internal/fourslash/tests/gen/completionListInUnclosedObjectTypeLiteralInSignature02_test.go	0	51	1276	44
/Users/chrishafley/projects/typescript-go/internal/fourslash/tests/gen/completionsImport_jsModuleExportsAssignment_test.go	0	51	2894	91
/Users/chrishafley/projects/typescript-go/internal/fourslash/tests/gen/findAllRefsNonModule_test.go	0	55	916	32
/Users/chrishafley/projects/typescript-go/internal/fourslash/tests/gen/importNameCodeFix_pathsWithExtension_test.go	0	65	1155	39
/Users/chrishafley/projects/typescript-go/internal/fourslash/tests/gen/importNameCodeFixNewImportFile2_test.go	0	40	779	28
/Users/chrishafley/projects/typescript-go/internal/fourslash/tests/gen/importCompletions_importsMap5_test.go	0	46	1610	57
/Users/chrishafley/projects/typescript-go/internal/fourslash/tests/gen/documentHighlightAtInheritedProperties3_test.go	0	48	896	30
/Users/chrishafley/projects/typescript-go/internal/fourslash/tests/gen/organizeImports2_test.go	0	53	809	36
/Users/chrishafley/projects/typescript-go/internal/fourslash/tests/gen/completionListInEmptyFile_test.go	0	51	982	34
/Users/chrishafley/projects/typescript-go/internal/fourslash/tests/gen/inlayHintsImportType1_test.go	0	45	951	29
/Users/chrishafley/projects/typescript-go/internal/fourslash/tests/gen/completionsImport_exportEqualsNamespace_noDuplicate_test.go	0	46	1661	56
/Users/chrishafley/projects/typescript-go/internal/fourslash/tests/gen/genericCallsWithOptionalParams1_test.go	0	53	942	31
/Users/chrishafley/projects/typescript-go/internal/fourslash/tests/gen/getRenameInfoTests1_test.go	0	46	626	24
/Users/chrishafley/projects/typescript-go/internal/fourslash/tests/gen/completionListAfterRegularExpressionLiteral02_test.go	0	43	655	22
/Users/chrishafley/projects/typescript-go/internal/fourslash/tests/gen/quickInfoOnNarrowedTypeInModule_test.go	0	49	6131	191
/Users/chrishafley/projects/typescript-go/internal/fourslash/tests/gen/inlayHintsInteractiveWithClosures_test.go	0	41	994	31
/Users/chrishafley/projects/typescript-go/internal/fourslash/tests/gen/quickInfoForGetterAndSetter_test.go	0	41	956	38
/Users/chrishafley/projects/typescript-go/internal/fourslash/tests/gen/codeFixClassImplementClassFunctionVoidInferred_test.go	0	44	896	37
/Users/chrishafley/projects/typescript-go/internal/fourslash/tests/gen/importNameCodeFix_importType4_test.go	0	43	967	33
/Users/chrishafley/projects/typescript-go/internal/fourslash/tests/gen/prototypeProperty_test.go	0	43	1209	40
/Users/chrishafley/projects/typescript-go/internal/fourslash/tests/gen/codeFixUseBigIntLiteralWithNumericSeparators_test.go	0	49	719	22
/Users/chrishafley/projects/typescript-go/internal/fourslash/tests/gen/callHierarchyContainerNameServer_test.go	0	49	1046	58
/Users/chrishafley/projects/typescript-go/internal/fourslash/tests/gen/transitiveExportImports2_test.go	0	52	1252	33
/Users/chrishafley/projects/typescript-go/internal/fourslash/tests/gen/codeFixSpelling5_test.go	0	42	728	25
/Users/chrishafley/projects/typescript-go/internal/fourslash/tests/gen/codeFixMissingTypeAnnotationOnExports16_test.go	0	51	1167	42
/Users/chrishafley/projects/typescript-go/internal/fourslash/tests/gen/codeFixMissingTypeAnnotationOnExports41-no-computed-enum-members_test.go	0	58	781	27
/Users/chrishafley/projects/typescript-go/internal/fourslash/tests/gen/completionsImportDefaultExportCrash2_test.go	0	49	2236	81
/Users/chrishafley/projects/typescript-go/internal/fourslash/tests/gen/testmain_test.go	0	48	261	14
/Users/chrishafley/projects/typescript-go/internal/fourslash/tests/gen/goToDefinitionJsxNotSet_test.go	0	41	778	29
/Users/chrishafley/projects/typescript-go/internal/fourslash/tests/gen/navigationBarMerging_grandchildren_test.go	0	34	738	29
/Users/chrishafley/projects/typescript-go/internal/fourslash/tests/gen/findAllRefsForRest_test.go	0	48	712	28
/Users/chrishafley/projects/typescript-go/internal/fourslash/tests/gen/tsxCompletion8_test.go	0	44	1169	41
/Users/chrishafley/projects/typescript-go/internal/fourslash/tests/gen/signatureHelpSimpleConstructorCall_test.go	0	46	1157	28
/Users/chrishafley/projects/typescript-go/internal/fourslash/tests/gen/autoImportPackageJsonImports_capsInPath1_test.go	0	48	889	31
/Users/chrishafley/projects/typescript-go/internal/fourslash/tests/gen/getOccurrencesConst01_test.go	0	46	812	28
/Users/chrishafley/projects/typescript-go/internal/fourslash/tests/gen/completionTypeofExpressions_test.go	0	43	1427	47
/Users/chrishafley/projects/typescript-go/internal/fourslash/tests/gen/codeFixMissingTypeAnnotationOnExports20_test.go	0	42	947	33
/Users/chrishafley/projects/typescript-go/internal/fourslash/tests/gen/completionListInTypeLiteralInTypeParameter1_test.go	0	41	1302	53
/Users/chrishafley/projects/typescript-go/internal/fourslash/tests/gen/formatAsyncComputedMethod_test.go	0	44	695	25
/Users/chrishafley/projects/typescript-go/internal/fourslash/tests/gen/completionForStringLiteral_quotePreference5_test.go	0	41	1339	42
/Users/chrishafley/projects/typescript-go/internal/fourslash/tests/gen/completionsImport_augmentation_test.go	0	51	1916	64
/Users/chrishafley/projects/typescript-go/internal/fourslash/tests/gen/getOccurrencesTryCatchFinally3_test.go	0	49	842	36
/Users/chrishafley/projects/typescript-go/internal/fourslash/tests/gen/thisPredicateFunctionCompletions02_test.go	0	66	2368	90
/Users/chrishafley/projects/typescript-go/internal/fourslash/tests/gen/getOutliningForTupleType_test.go	0	67	741	35
/Users/chrishafley/projects/typescript-go/internal/fourslash/tests/gen/referencesInConfiguredProject_test.go	0	53	1006	29
/Users/chrishafley/projects/typescript-go/internal/fourslash/tests/gen/completionsOverridingMethod18_test.go	0	44	2641	76
/Users/chrishafley/projects/typescript-go/internal/fourslash/tests/gen/codeFixSpellingJs7_test.go	0	56	1524	72
/Users/chrishafley/projects/typescript-go/internal/fourslash/tests/gen/quickinfo01_test.go	0	45	986	38
/Users/chrishafley/projects/typescript-go/internal/fourslash/tests/gen/completionListInvalidMemberNames_test.go	0	59	4408	163
/Users/chrishafley/projects/typescript-go/internal/fourslash/tests/gen/quickInfoOnObjectLiteralWithOnlyGetter_test.go	0	57	1509	46
/Users/chrishafley/projects/typescript-go/internal/fourslash/tests/gen/jsdocTypedefTagGoToDefinition_test.go	0	53	1026	39
/Users/chrishafley/projects/typescript-go/internal/fourslash/tests/gen/quickInfoPrivateIdentifierInTypeReferenceNoCrash1_test.go	0	49	742	28
/Users/chrishafley/projects/typescript-go/internal/fourslash/tests/gen/importTypeCompletions3_test.go	0	43	1585	53
/Users/chrishafley/projects/typescript-go/internal/fourslash/tests/gen/importNameCodeFixUMDGlobal0_test.go	0	87	912	33
/Users/chrishafley/projects/typescript-go/internal/fourslash/tests/gen/renameDestructuringFunctionParameter_test.go	0	79	743	23
/Users/chrishafley/projects/typescript-go/internal/fourslash/tests/gen/codeFixMissingTypeAnnotationOnExports25-heritage-formatting-3_test.go	0	68	1298	41
/Users/chrishafley/projects/typescript-go/internal/fourslash/tests/gen/pathCompletionsAllowTsExtensions_test.go	0	63	2015	66
/Users/chrishafley/projects/typescript-go/internal/fourslash/tests/gen/refactorConvertToEsModule_notAtTopLevel_test.go	0	45	715	26
/Users/chrishafley/projects/typescript-go/internal/fourslash/tests/gen/completionsOverridingProperties3_test.go	0	46	1533	48
/Users/chrishafley/projects/typescript-go/internal/fourslash/tests/gen/getEditsForFileRename_ambientModule_test.go	0	41	975	32
/Users/chrishafley/projects/typescript-go/internal/fourslash/tests/gen/goToDefinitionJsDocImportTag1_test.go	0	68	755	28
/Users/chrishafley/projects/typescript-go/internal/fourslash/tests/gen/completionListInUnclosedFunction02_test.go	0	65	1147	40
/Users/chrishafley/projects/typescript-go/internal/fourslash/tests/gen/quickInfoOnPrivateConstructorCall_test.go	0	50	667	24
/Users/chrishafley/projects/typescript-go/internal/fourslash/tests/gen/quickInfoOnCircularTypes_test.go	0	48	827	34
/Users/chrishafley/projects/typescript-go/internal/fourslash/tests/gen/formatSelectionWithTrivia5_test.go	0	57	739	28
/Users/chrishafley/projects/typescript-go/internal/fourslash/tests/gen/completionListInUnclosedFunction12_test.go	0	51	1163	39
/Users/chrishafley/projects/typescript-go/internal/fourslash/tests/gen/memberListAfterDoubleDot_test.go	0	68	585	21
/Users/chrishafley/projects/typescript-go/internal/fourslash/tests/gen/completionsWithOptionalPropertiesGenericPartial2_test.go	0	55	1616	51
/Users/chrishafley/projects/typescript-go/internal/fourslash/tests/gen/quickInfoOnElementAccessInWriteLocation1_test.go	0	44	750	24
/Users/chrishafley/projects/typescript-go/internal/fourslash/tests/gen/typeKeywordInFunction_test.go	0	47	1203	40
/Users/chrishafley/projects/typescript-go/internal/fourslash/tests/gen/renameInheritedProperties2_test.go	0	42	742	26
/Users/chrishafley/projects/typescript-go/internal/fourslash/tests/gen/codeFixClassImplementInterfacePropertySignatures_test.go	0	43	2572	71
/Users/chrishafley/projects/typescript-go/internal/fourslash/tests/gen/goToDefinitionSwitchCase3_test.go	0	48	720	27
/Users/chrishafley/projects/typescript-go/internal/fourslash/tests/gen/jsdocCallbackTag_test.go	0	49	1646	54
/Users/chrishafley/projects/typescript-go/internal/fourslash/tests/gen/completionsObjectLiteralMethod6_test.go	0	55	1290	44
/Users/chrishafley/projects/typescript-go/internal/fourslash/tests/gen/completionsOverridingMethodCrash1_test.go	0	51	1728	51
/Users/chrishafley/projects/typescript-go/internal/fourslash/tests/gen/functionTypes_test.go	0	57	1798	66
/Users/chrishafley/projects/typescript-go/internal/fourslash/tests/gen/importNameCodeFixNewImportFileQuoteStyle1_test.go	0	48	863	32
/Users/chrishafley/projects/typescript-go/internal/fourslash/tests/gen/goToTypeDefinitionModifiers_test.go	0	57	1142	38
/Users/chrishafley/projects/typescript-go/internal/fourslash/tests/gen/completionForStringLiteralRelativeImport6_test.go	0	49	1935	59
/Users/chrishafley/projects/typescript-go/internal/fourslash/tests/gen/completionsRedeclareModuleAsGlobal_test.go	0	48	1591	54
/Users/chrishafley/projects/typescript-go/internal/fourslash/tests/gen/completionsCombineOverloads_test.go	0	60	1105	38
/Users/chrishafley/projects/typescript-go/internal/fourslash/tests/gen/navigationBarItemsMissingName2_test.go	0	40	669	26
/Users/chrishafley/projects/typescript-go/internal/fourslash/tests/gen/hoverOverPrivateName_test.go	0	41	1425	41
/Users/chrishafley/projects/typescript-go/internal/fourslash/tests/gen/renameCommentsAndStrings3_test.go	0	38	795	25
/Users/chrishafley/projects/typescript-go/internal/fourslash/tests/gen/codeFixMissingTypeAnnotationOnExports43-expando-functions_test.go	0	55	1024	37
/Users/chrishafley/projects/typescript-go/internal/fourslash/tests/gen/incrementalParsingDynamicImport3_test.go	0	55	803	28
/Users/chrishafley/projects/typescript-go/internal/fourslash/tests/gen/signatureHelpForSignatureWithUnreachableType_test.go	0	43	1095	32
/Users/chrishafley/projects/typescript-go/internal/fourslash/tests/gen/errorsAfterResolvingVariableDeclOfMergedVariableAndClassDecl_test.go	0	45	896	33
/Users/chrishafley/projects/typescript-go/internal/fourslash/tests/gen/renameDestructuringAssignmentNestedInFor2_test.go	0	38	1321	36
/Users/chrishafley/projects/typescript-go/internal/fourslash/tests/gen/signatureHelpExpandedRestTuplesLocalLabels1_test.go	0	42	2712	83
/Users/chrishafley/projects/typescript-go/internal/fourslash/tests/gen/completionListInObjectBindingPattern16_test.go	0	47	1182	46
/Users/chrishafley/projects/typescript-go/internal/fourslash/tests/gen/quickInfoDisplayPartsConst_test.go	0	47	1003	41
/Users/chrishafley/projects/typescript-go/internal/fourslash/tests/gen/unusedImports13FS_test.go	0	47	757	27
/Users/chrishafley/projects/typescript-go/internal/fourslash/tests/gen/quickfixImplementInterfaceUnreachableTypeUsesRelativeImport_test.go	0	47	1019	37
/Users/chrishafley/projects/typescript-go/internal/fourslash/tests/gen/completionListInObjectBindingPattern06_test.go	0	49	723	27
/Users/chrishafley/projects/typescript-go/internal/fourslash/tests/gen/completionsInExport_invalid_test.go	0	50	1283	43
/Users/chrishafley/projects/typescript-go/internal/fourslash/tests/gen/completionListPrivateMembers2_test.go	0	42	1454	53
/Users/chrishafley/projects/typescript-go/internal/fourslash/tests/gen/commentsImportDeclaration_test.go	0	49	4581	142
/Users/chrishafley/projects/typescript-go/internal/fourslash/tests/gen/quickInfoFunctionKeyword_test.go	0	57	729	23
/Users/chrishafley/projects/typescript-go/internal/fourslash/tests/gen/getJavaScriptCompletions8_test.go	0	54	1238	43
/Users/chrishafley/projects/typescript-go/internal/fourslash/tests/gen/codeFixClassImplementInterfaceMultipleSignatures_test.go	0	49	1283	44
/Users/chrishafley/projects/typescript-go/internal/fourslash/tests/gen/renameJsPropertyAssignment_test.go	0	41	755	26
/Users/chrishafley/projects/typescript-go/internal/fourslash/tests/gen/codeFixMissingTypeAnnotationOnExports42-static-readonly-class-symbol_test.go	0	48	980	33
/Users/chrishafley/projects/typescript-go/internal/fourslash/tests/gen/getOccurrencesClassExpressionStatic_test.go	0	41	1104	39
/Users/chrishafley/projects/typescript-go/internal/fourslash/tests/gen/codeFixUnusedIdentifier_parameter1_test.go	0	46	722	24
/Users/chrishafley/projects/typescript-go/internal/fourslash/tests/gen/getJavaScriptCompletions20_test.go	0	40	1845	66
/Users/chrishafley/projects/typescript-go/internal/fourslash/tests/gen/formattingFatArrowFunctions_test.go	0	56	17489	309
/Users/chrishafley/projects/typescript-go/internal/fourslash/tests/gen/numericPropertyNames_test.go	0	42	647	21
/Users/chrishafley/projects/typescript-go/internal/fourslash/tests/gen/quickInfoRecursiveObjectLiteral_test.go	0	35	624	21
/Users/chrishafley/projects/typescript-go/internal/fourslash/tests/gen/organizeImports10_test.go	0	59	1072	36
/Users/chrishafley/projects/typescript-go/internal/fourslash/tests/gen/quickinfoVerbosityNoErrorTruncation1_test.go	0	48	1263	41
/Users/chrishafley/projects/typescript-go/internal/fourslash/tests/gen/goToDefinitionAwait3_test.go	0	50	758	29
/Users/chrishafley/projects/typescript-go/internal/fourslash/tests/gen/qualifiedName_import-declaration-with-variable-entity-names_test.go	0	40	1509	48
/Users/chrishafley/projects/typescript-go/internal/fourslash/tests/gen/renameNamespaceImport_test.go	0	48	1321	35
/Users/chrishafley/projects/typescript-go/internal/fourslash/tests/gen/semanticClassification1_test.go	0	49	904	31
/Users/chrishafley/projects/typescript-go/internal/fourslash/tests/gen/goToDefinitionOverriddenMember18_test.go	0	52	921	32
/Users/chrishafley/projects/typescript-go/internal/fourslash/tests/gen/findAllRefsObjectBindingElementPropertyName07_test.go	0	55	687	23
/Users/chrishafley/projects/typescript-go/internal/fourslash/tests/gen/quickInfoDisplayPartsLiteralLikeNames01_test.go	0	62	934	33
/Users/chrishafley/projects/typescript-go/internal/fourslash/tests/gen/completionsClassMemberImportTypeNodeParameter3_test.go	0	60	1797	55
/Users/chrishafley/projects/typescript-go/internal/fourslash/tests/gen/quickInfoJSDocFunctionThis_test.go	0	59	780	25
/Users/chrishafley/projects/typescript-go/internal/fourslash/tests/gen/definitionNameOnEnumMember_test.go	0	50	699	26
/Users/chrishafley/projects/typescript-go/internal/fourslash/tests/gen/importNameCodeFixNewImportAmbient3_test.go	0	44	1372	44
/Users/chrishafley/projects/typescript-go/internal/fourslash/tests/gen/duplicateFunctionImplementation_test.go	0	51	739	26
/Users/chrishafley/projects/typescript-go/internal/fourslash/tests/gen/jsdocDeprecated_suggestion18_test.go	0	50	1160	41
/Users/chrishafley/projects/typescript-go/internal/fourslash/tests/gen/codeFixClassImplementInterface_typeInOtherFile_test.go	0	53	1048	40
/Users/chrishafley/projects/typescript-go/internal/fourslash/tests/gen/gotoDefinitionLinkTag5_test.go	0	48	651	25
/Users/chrishafley/projects/typescript-go/internal/fourslash/tests/gen/goToImplementationLocal_08_test.go	0	42	679	22
/Users/chrishafley/projects/typescript-go/internal/fourslash/tests/gen/esModuleInteropFindAllReferences2_test.go	0	58	774	27
/Users/chrishafley/projects/typescript-go/internal/fourslash/tests/gen/protoVarVisibleWithOuterScopeUnderscoreProto_test.go	0	54	1361	46
/Users/chrishafley/projects/typescript-go/internal/fourslash/tests/gen/getOccurrencesPrivate1_test.go	0	42	1911	74
/Users/chrishafley/projects/typescript-go/internal/fourslash/tests/gen/renameParameterPropertyDeclaration3_test.go	0	46	845	26
/Users/chrishafley/projects/typescript-go/internal/fourslash/tests/gen/goToDefinitionDynamicImport3_test.go	0	53	730	23
/Users/chrishafley/projects/typescript-go/internal/fourslash/tests/gen/completionForStringLiteral15_test.go	0	50	1294	44
/Users/chrishafley/projects/typescript-go/internal/fourslash/tests/gen/semanticClassificationInstantiatedModuleWithVariableOfSameName2_test.go	0	44	1373	50
/Users/chrishafley/projects/typescript-go/internal/fourslash/tests/gen/formattingMultilineTemplateLiterals_test.go	0	63	1097	29
/Users/chrishafley/projects/typescript-go/internal/fourslash/tests/gen/completionListForShorthandPropertyAssignment2_test.go	0	51	1064	34
/Users/chrishafley/projects/typescript-go/internal/fourslash/tests/gen/goToImplementationEnum_01_test.go	0	42	699	26
/Users/chrishafley/projects/typescript-go/internal/fourslash/tests/gen/codeFixInferFromUsageBindingElement_test.go	0	52	658	23
/Users/chrishafley/projects/typescript-go/internal/fourslash/tests/gen/completionsGenericTypeWithMultipleBases1_test.go	0	61	1620	55
/Users/chrishafley/projects/typescript-go/internal/fourslash/tests/gen/completionsImportBaseUrl_test.go	0	61	1678	56
/Users/chrishafley/projects/typescript-go/internal/fourslash/tests/gen/goToDefinitionImportedNames9_test.go	0	52	805	29
/Users/chrishafley/projects/typescript-go/internal/fourslash/tests/gen/suggestionOfUnusedVariableWithExternalModule_test.go	0	66	1905	55
/Users/chrishafley/projects/typescript-go/internal/fourslash/tests/gen/referencesForMergedDeclarations3_test.go	0	62	938	37
/Users/chrishafley/projects/typescript-go/internal/fourslash/tests/gen/importCompletionsPackageJsonImports_js_test.go	0	43	1219	43
/Users/chrishafley/projects/typescript-go/internal/fourslash/tests/gen/signatureHelpOnOverloadsDifferentArity2_test.go	0	46	1105	29
/Users/chrishafley/projects/typescript-go/internal/fourslash/tests/gen/autoImportFileExcludePatterns6_test.go	0	41	1550	48
/Users/chrishafley/projects/typescript-go/internal/fourslash/tests/gen/getEditsForFileRename_unresolvableNodeModule_test.go	0	49	883	26
/Users/chrishafley/projects/typescript-go/internal/fourslash/tests/gen/importNameCodeFixNewImportExportEqualsCommonJSInteropOn_test.go	0	45	1479	66
/Users/chrishafley/projects/typescript-go/internal/fourslash/tests/gen/codeFixAddMissingAttributes6_test.go	0	44	885	35
/Users/chrishafley/projects/typescript-go/internal/fourslash/tests/gen/quickInfoAssignToExistingClass_test.go	0	41	905	33
/Users/chrishafley/projects/typescript-go/internal/fourslash/tests/gen/jsDocPropertyDescription8_test.go	0	64	769	27
/Users/chrishafley/projects/typescript-go/internal/fourslash/tests/gen/quickInfoForArgumentsPropertyNameInJsMode1_test.go	0	53	756	31
/Users/chrishafley/projects/typescript-go/internal/fourslash/tests/gen/quickInfoForGenericConstraints1_test.go	0	42	737	22
/Users/chrishafley/projects/typescript-go/internal/fourslash/tests/gen/completionsRecommended_union_test.go	0	39	1712	59
/Users/chrishafley/projects/typescript-go/internal/fourslash/tests/gen/quickInfoForRequire_test.go	0	45	832	28
/Users/chrishafley/projects/typescript-go/internal/fourslash/tests/gen/completionListAtInvalidLocations_test.go	0	49	1474	51
/Users/chrishafley/projects/typescript-go/internal/fourslash/tests/gen/signatureHelpRestArgs2_test.go	0	56	870	32
/Users/chrishafley/projects/typescript-go/internal/fourslash/tests/gen/quickInfoOfStringPropertyNames1_test.go	0	45	1044	39
/Users/chrishafley/projects/typescript-go/internal/fourslash/tests/gen/goToImplementationNamespace_06_test.go	0	46	726	26
/Users/chrishafley/projects/typescript-go/internal/fourslash/tests/gen/completionsImport_sortingModuleSpecifiers_test.go	0	44	2543	80
/Users/chrishafley/projects/typescript-go/internal/fourslash/tests/gen/quickInfoJsDoc_test.go	0	34	1282	78
/Users/chrishafley/projects/typescript-go/internal/fourslash/tests/gen/quickInfoDisplayPartsTypeParameterInClass_test.go	0	41	1248	40
/Users/chrishafley/projects/typescript-go/internal/fourslash/tests/gen/referencesForInheritedProperties7_test.go	0	42	949	36
/Users/chrishafley/projects/typescript-go/internal/fourslash/tests/gen/completionListInTypeLiteralInTypeParameter10_test.go	0	47	3594	138
/Users/chrishafley/projects/typescript-go/internal/fourslash/tests/gen/autoImportAllowImportingTsExtensionsPackageJsonImports1_test.go	0	43	1436	53
/Users/chrishafley/projects/typescript-go/internal/fourslash/tests/gen/completionListEnumValues_test.go	0	50	1665	62
/Users/chrishafley/projects/typescript-go/internal/fourslash/tests/gen/codeFixMissingTypeAnnotationOnExports54-generator-generics_test.go	0	50	964	32
/Users/chrishafley/projects/typescript-go/internal/fourslash/tests/gen/jsDocFunctionSignatures5_test.go	0	48	1154	35
/Users/chrishafley/projects/typescript-go/internal/fourslash/tests/gen/signatureHelpAnonymousFunction_test.go	0	36	1113	27
/Users/chrishafley/projects/typescript-go/internal/fourslash/tests/gen/findAllRefsImportEquals_test.go	0	44	641	22
/Users/chrishafley/projects/typescript-go/internal/fourslash/tests/gen/getOccurrencesDeclare2_test.go	0	54	1891	74
/Users/chrishafley/projects/typescript-go/internal/fourslash/tests/gen/quickinfoVerbosityJs_test.go	0	48	1233	49
/Users/chrishafley/projects/typescript-go/internal/fourslash/tests/gen/insertPublicBeforeSetter_test.go	0	42	671	25
/Users/chrishafley/projects/typescript-go/internal/fourslash/tests/gen/renameImportNamespaceAndShorthand_test.go	0	46	730	22
/Users/chrishafley/projects/typescript-go/internal/fourslash/tests/gen/autoImportProvider4_test.go	0	47	1423	39
/Users/chrishafley/projects/typescript-go/internal/fourslash/tests/gen/commentsInterfaceFourslash_test.go	0	68	14582	423
/Users/chrishafley/projects/typescript-go/internal/fourslash/tests/gen/quickInfoNarrowedTypeOfAliasSymbol_test.go	0	74	941	32
/Users/chrishafley/projects/typescript-go/internal/fourslash/tests/gen/renameLabel4_test.go	0	63	708	26
/Users/chrishafley/projects/typescript-go/internal/fourslash/tests/gen/navigationBarPropertyDeclarations_test.go	0	48	1079	52
/Users/chrishafley/projects/typescript-go/internal/fourslash/tests/gen/codeFixClassImplementInterfaceUndeclaredSymbol_test.go	0	47	706	25
/Users/chrishafley/projects/typescript-go/internal/fourslash/tests/gen/completionExportFrom_test.go	0	52	1222	39
/Users/chrishafley/projects/typescript-go/internal/fourslash/tests/gen/memberCompletionFromFunctionCall_test.go	0	60	1131	39
/Users/chrishafley/projects/typescript-go/internal/fourslash/tests/gen/smartSelection_templateStrings2_test.go	0	57	630	21
/Users/chrishafley/projects/typescript-go/internal/fourslash/tests/gen/signatureHelpInferenceJsDocImportTag_test.go	0	74	824	37
/Users/chrishafley/projects/typescript-go/internal/fourslash/tests/gen/inlayHintsQuotePreference2_test.go	0	55	956	25
/Users/chrishafley/projects/typescript-go/internal/fourslash/tests/gen/findAllRefsModuleDotExports_test.go	0	66	723	25
/Users/chrishafley/projects/typescript-go/internal/fourslash/tests/gen/tsxGoToDefinitionClasses_test.go	0	47	950	34
/Users/chrishafley/projects/typescript-go/internal/fourslash/tests/gen/signatureHelpTaggedTemplatesNegatives1_test.go	0	38	863	24
/Users/chrishafley/projects/typescript-go/internal/fourslash/tests/gen/callHierarchyConstNamedArrowFunction_test.go	0	38	712	31
/Users/chrishafley/projects/typescript-go/internal/fourslash/tests/gen/importCompletionsPackageJsonExportsTrailingSlash1_test.go	0	50	1783	65
/Users/chrishafley/projects/typescript-go/internal/fourslash/tests/gen/completionsImport_duplicatePackages_typesAndNotTypes_test.go	0	46	2472	70
/Users/chrishafley/projects/typescript-go/internal/fourslash/tests/gen/callHierarchyClassStaticBlock_test.go	0	44	850	42
/Users/chrishafley/projects/typescript-go/internal/fourslash/tests/gen/formattingExpressionsInIfCondition_test.go	0	50	734	27
/Users/chrishafley/projects/typescript-go/internal/fourslash/tests/gen/autoImportSpecifierExcludeRegexes2_test.go	0	48	1582	38
/Users/chrishafley/projects/typescript-go/internal/fourslash/tests/gen/quickInfoOnJsxNamespacedNameWithDoc1_test.go	0	49	1017	36
/Users/chrishafley/projects/typescript-go/internal/fourslash/tests/gen/goToDefinitionOverriddenMember4_test.go	0	38	752	29
/Users/chrishafley/projects/typescript-go/internal/fourslash/tests/gen/organizeImportsAttributes4_test.go	0	59	1421	40
/Users/chrishafley/projects/typescript-go/internal/fourslash/tests/gen/referencesForObjectLiteralProperties_test.go	0	49	715	25
/Users/chrishafley/projects/typescript-go/internal/fourslash/tests/gen/removeInterfaceUsedAsGenericTypeArgument_test.go	0	45	692	24
/Users/chrishafley/projects/typescript-go/internal/fourslash/tests/gen/importStatementCompletions4_test.go	0	46	1339	46
/Users/chrishafley/projects/typescript-go/internal/fourslash/tests/gen/goToDefinitionMetaProperty_test.go	0	46	843	26
/Users/chrishafley/projects/typescript-go/internal/fourslash/tests/gen/quickInfoNestedGenericCalls_test.go	0	45	1120	28
/Users/chrishafley/projects/typescript-go/internal/fourslash/tests/gen/autoImportProvider_importsMap5_test.go	0	44	1266	45
/Users/chrishafley/projects/typescript-go/internal/fourslash/tests/gen/quickInfoInFunctionTypeReference_test.go	0	36	830	24
/Users/chrishafley/projects/typescript-go/internal/fourslash/tests/gen/allowLateBoundSymbolsOverwriteEarlyBoundSymbols_test.go	0	50	752	29
/Users/chrishafley/projects/typescript-go/internal/fourslash/tests/gen/goToTypeDefinition_promiseType_test.go	0	58	826	27
/Users/chrishafley/projects/typescript-go/internal/fourslash/tests/gen/formatInTsxFiles_test.go	0	58	618	24
/Users/chrishafley/projects/typescript-go/internal/fourslash/tests/gen/findAllRefsWithShorthandPropertyAssignment2_test.go	0	48	778	28
/Users/chrishafley/projects/typescript-go/internal/fourslash/tests/gen/completionEntryForUnionProperty2_test.go	0	50	2799	93
/Users/chrishafley/projects/typescript-go/internal/fourslash/tests/gen/autoImportTypeImport3_test.go	0	47	1559	47
/Users/chrishafley/projects/typescript-go/internal/fourslash/tests/gen/quickInfoLink8_test.go	0	40	631	25
/Users/chrishafley/projects/typescript-go/internal/fourslash/tests/gen/functionTypePredicateFormatting_test.go	0	48	724	23
/Users/chrishafley/projects/typescript-go/internal/fourslash/tests/gen/genericInterfacesWithConstraints1_test.go	0	43	1046	32
/Users/chrishafley/projects/typescript-go/internal/fourslash/tests/gen/signatureHelpTypeArguments2_test.go	0	40	877	32
/Users/chrishafley/projects/typescript-go/internal/fourslash/tests/gen/semanticClassificationUninstantiatedModuleWithVariableOfSameName1_test.go	0	40	930	32
/Users/chrishafley/projects/typescript-go/internal/fourslash/tests/gen/signatureHelpConstructorCallParamProperties_test.go	0	41	801	29
/Users/chrishafley/projects/typescript-go/internal/fourslash/tests/gen/completionListInObjectLiteral4_test.go	0	46	1497	52
/Users/chrishafley/projects/typescript-go/internal/fourslash/tests/gen/getJavaScriptSyntacticDiagnostics9_test.go	0	47	671	23
/Users/chrishafley/projects/typescript-go/internal/fourslash/tests/gen/completionForStringLiteralNonrelativeImport10_test.go	0	43	1595	46
/Users/chrishafley/projects/typescript-go/internal/fourslash/tests/gen/renameImportSpecifierPropertyName_test.go	0	51	733	24
/Users/chrishafley/projects/typescript-go/internal/fourslash/tests/gen/completionsOverridingMethod8_test.go	0	49	2411	69
/Users/chrishafley/projects/typescript-go/internal/fourslash/tests/gen/exportEqualNamespaceClassESModuleInterop_test.go	0	56	1419	47
/Users/chrishafley/projects/typescript-go/internal/fourslash/tests/gen/referencesForTypeKeywords_test.go	0	55	1149	27
/Users/chrishafley/projects/typescript-go/internal/fourslash/tests/gen/getJavaScriptQuickInfo7_test.go	0	48	910	35
/Users/chrishafley/projects/typescript-go/internal/fourslash/tests/gen/quickInfoDisplayPartsEnum1_test.go	0	50	1003	38
/Users/chrishafley/projects/typescript-go/internal/fourslash/tests/gen/navigationBarPrivateName_test.go	0	68	701	30
/Users/chrishafley/projects/typescript-go/internal/fourslash/tests/gen/formattingOnEnterInComments_test.go	0	63	725	29
/Users/chrishafley/projects/typescript-go/internal/fourslash/tests/gen/getEditsForFileRename_keepFileExtensions_test.go	0	49	962	33
/Users/chrishafley/projects/typescript-go/internal/fourslash/tests/gen/completionListInUnclosedSpreadExpression01_test.go	0	50	1030	34
/Users/chrishafley/projects/typescript-go/internal/fourslash/tests/gen/getOccurrencesThrow_test.go	0	62	1388	62
/Users/chrishafley/projects/typescript-go/internal/fourslash/tests/gen/completionAutoInsertQuestionDot_test.go	0	54	1853	63
/Users/chrishafley/projects/typescript-go/internal/fourslash/tests/gen/goToImplementationInterface_09_test.go	0	57	765	25
/Users/chrishafley/projects/typescript-go/internal/fourslash/tests/gen/exportInObjectLiteral_test.go	0	70	717	24
/Users/chrishafley/projects/typescript-go/internal/fourslash/tests/gen/autoImportProvider_exportMap4_test.go	0	50	2292	78
/Users/chrishafley/projects/typescript-go/internal/fourslash/tests/gen/codeFixClassImplementInterfaceEmptyMultilineBody_test.go	0	44	912	38
/Users/chrishafley/projects/typescript-go/internal/fourslash/tests/gen/formatSelectionSingleProperty_test.go	0	46	713	30
/Users/chrishafley/projects/typescript-go/internal/fourslash/tests/gen/completionsAfterLessThanToken_test.go	0	49	1254	41
/Users/chrishafley/projects/typescript-go/internal/fourslash/tests/gen/satisfiesOperatorCompletion_test.go	0	42	1019	35
/Users/chrishafley/projects/typescript-go/internal/fourslash/tests/gen/completionListInUnclosedFunction03_test.go	0	39	1149	41
/Users/chrishafley/projects/typescript-go/internal/fourslash/tests/gen/codeFixInferFromUsageMember_test.go	0	47	703	27
/Users/chrishafley/projects/typescript-go/internal/fourslash/tests/gen/completionListInUnclosedFunction13_test.go	0	49	1169	40
/Users/chrishafley/projects/typescript-go/internal/fourslash/tests/gen/renamePrivateFields1_test.go	0	50	721	27
/Users/chrishafley/projects/typescript-go/internal/fourslash/tests/gen/formatSelectionWithTrivia4_test.go	0	46	731	28
/Users/chrishafley/projects/typescript-go/internal/fourslash/tests/gen/completionAtCaseClause_test.go	0	47	947	32
/Users/chrishafley/projects/typescript-go/internal/fourslash/tests/gen/completionsOverridingProperties2_test.go	0	54	1532	48
/Users/chrishafley/projects/typescript-go/internal/fourslash/tests/gen/importNameCodeFixUMDGlobal1_test.go	0	49	975	36
/Users/chrishafley/projects/typescript-go/internal/fourslash/tests/gen/syntacticClassificationsJsx1_test.go	0	54	822	29
/Users/chrishafley/projects/typescript-go/internal/fourslash/tests/gen/importCompletionsPackageJsonImports_ts_test.go	0	60	1219	43
/Users/chrishafley/projects/typescript-go/internal/fourslash/tests/gen/insertInterfaceAndCheckTypeLiteralField_test.go	0	52	760	26
/Users/chrishafley/projects/typescript-go/internal/fourslash/tests/gen/getOutliningSpansDepthChainedCalls_test.go	0	47	2946	130
/Users/chrishafley/projects/typescript-go/internal/fourslash/tests/gen/completionsImport_filteredByPackageJson_nested_test.go	0	69	2608	93
/Users/chrishafley/projects/typescript-go/internal/fourslash/tests/gen/goToSource2_nodeModulesWithTypes_test.go	0	46	1149	32
/Users/chrishafley/projects/typescript-go/internal/fourslash/tests/gen/importNameCodeFixNewImportFileQuoteStyle0_test.go	0	61	863	32
/Users/chrishafley/projects/typescript-go/internal/fourslash/tests/gen/codeFixConvertToMappedObjectType13_test.go	0	78	661	23
/Users/chrishafley/projects/typescript-go/internal/fourslash/tests/gen/formattingOnCloseBrace_test.go	0	56	664	25
/Users/chrishafley/projects/typescript-go/internal/fourslash/tests/gen/codeFixClassSuperMustPrecedeThisAccess_callWithThisInside_test.go	0	77	782	28
/Users/chrishafley/projects/typescript-go/internal/fourslash/tests/gen/signatureHelpOnOverloads_test.go	0	112	1000	26
/Users/chrishafley/projects/typescript-go/internal/fourslash/tests/gen/codeFixClassImplementInterfaceIndexSignaturesString_test.go	0	59	911	35
/Users/chrishafley/projects/typescript-go/internal/fourslash/tests/gen/completionEntryForPropertyConstrainedToString_test.go	0	58	1125	36
/Users/chrishafley/projects/typescript-go/internal/fourslash/tests/gen/renameInheritedProperties3_test.go	0	87	762	26
/Users/chrishafley/projects/typescript-go/internal/fourslash/tests/gen/goToDefinitionSwitchCase2_test.go	0	64	646	23
/Users/chrishafley/projects/typescript-go/internal/fourslash/tests/gen/importNameCodeFix_require_namedAndDefault_test.go	0	66	994	36
/Users/chrishafley/projects/typescript-go/internal/fourslash/tests/gen/formatTypeParameters_test.go	0	49	696	23
/Users/chrishafley/projects/typescript-go/internal/fourslash/tests/gen/completionsWithOptionalPropertiesGenericPartial3_test.go	0	64	1719	57
/Users/chrishafley/projects/typescript-go/internal/fourslash/tests/gen/tsxCompletionOnClosingTag2_test.go	0	51	1531	54
/Users/chrishafley/projects/typescript-go/internal/fourslash/tests/gen/codeFixInferFromUsageOptionalParam_test.go	0	47	705	27
/Users/chrishafley/projects/typescript-go/internal/fourslash/tests/gen/signatureHelpConstructorOverload_test.go	0	47	1108	26
/Users/chrishafley/projects/typescript-go/internal/fourslash/tests/gen/codeFixTopLevelForAwait_target_compatibleCompilerOptionsInTsConfig_test.go	0	46	872	31
/Users/chrishafley/projects/typescript-go/internal/fourslash/tests/gen/findAllRefsFromContextualUnionType1_test.go	0	51	783	26
/Users/chrishafley/projects/typescript-go/internal/fourslash/tests/gen/quickInfoOnNewKeyword01_test.go	0	56	976	31
/Users/chrishafley/projects/typescript-go/internal/fourslash/tests/gen/importFixes_quotePreferenceSingle_importHelpers_test.go	0	54	878	32
/Users/chrishafley/projects/typescript-go/internal/fourslash/tests/gen/findAllRefs_importType_named_test.go	0	49	799	26
/Users/chrishafley/projects/typescript-go/internal/fourslash/tests/gen/codefixCrashExportGlobal_test.go	0	45	1067	44
/Users/chrishafley/projects/typescript-go/internal/fourslash/tests/gen/importTypeCompletions2_test.go	0	49	1065	36
/Users/chrishafley/projects/typescript-go/internal/fourslash/tests/gen/completionListInNamedClassExpressionWithShadowing_test.go	0	49	2539	91
/Users/chrishafley/projects/typescript-go/internal/fourslash/tests/gen/completionListInUnclosedTemplate01_test.go	0	50	1027	35
/Users/chrishafley/projects/typescript-go/internal/fourslash/tests/gen/completionListAtIdentifierDefinitionLocations_enums_test.go	0	45	722	24
/Users/chrishafley/projects/typescript-go/internal/fourslash/tests/gen/tsxQuickInfo1_test.go	0	40	821	27
/Users/chrishafley/projects/typescript-go/internal/fourslash/tests/gen/codeFixSpellingJs6_test.go	0	42	1513	71
/Users/chrishafley/projects/typescript-go/internal/fourslash/tests/gen/codeFixClassImplementInterfaceNamespaceConflict_test.go	0	34	966	39
/Users/chrishafley/projects/typescript-go/internal/fourslash/tests/gen/completionsWithGenericStringLiteral_test.go	0	44	1127	36
/Users/chrishafley/projects/typescript-go/internal/fourslash/tests/gen/quickInfoForFunctionDeclaration_test.go	0	49	851	31
/Users/chrishafley/projects/typescript-go/internal/fourslash/tests/gen/getOccurrencesTryCatchFinally2_test.go	0	53	842	36
/Users/chrishafley/projects/typescript-go/internal/fourslash/tests/gen/completionsOverridingMethod19_test.go	0	57	2644	78
/Users/chrishafley/projects/typescript-go/internal/fourslash/tests/gen/thisPredicateFunctionCompletions03_test.go	0	45	2274	91
/Users/chrishafley/projects/typescript-go/internal/fourslash/tests/gen/importSuggestionsCache_exportUndefined_test.go	0	53	2496	75
/Users/chrishafley/projects/typescript-go/internal/fourslash/tests/gen/completionForStringLiteral_quotePreference4_test.go	0	48	1179	40
/Users/chrishafley/projects/typescript-go/internal/fourslash/tests/gen/getEditsForFileRename_directory_test.go	0	57	1922	59
/Users/chrishafley/projects/typescript-go/internal/fourslash/tests/gen/quickInfoUnion_discriminated_test.go	0	56	1188	48
/Users/chrishafley/projects/typescript-go/internal/fourslash/tests/gen/findAllRefsJsDocImportTag_test.go	0	55	777	33
/Users/chrishafley/projects/typescript-go/internal/fourslash/tests/gen/importCompletionsPackageJsonImportsLength2_test.go	0	62	2716	93
/Users/chrishafley/projects/typescript-go/internal/fourslash/tests/gen/contextuallyTypedFunctionExpressionGeneric1_test.go	0	47	1092	30
/Users/chrishafley/projects/typescript-go/internal/fourslash/tests/gen/gotoDefinitionLinkTag4_test.go	0	48	720	29
/Users/chrishafley/projects/typescript-go/internal/fourslash/tests/gen/codeFixClassImplementInterfaceMultipleSignaturesRest1_test.go	0	49	1328	44
/Users/chrishafley/projects/typescript-go/internal/fourslash/tests/gen/noCompletionsForCurrentOrLaterParametersInDefaults_test.go	0	53	3465	123
/Users/chrishafley/projects/typescript-go/internal/fourslash/tests/gen/importNameCodeFixNewImportAmbient2_test.go	0	55	887	37
/Users/chrishafley/projects/typescript-go/internal/fourslash/tests/gen/findAllRefsObjectBindingElementPropertyName06_test.go	0	54	918	35
/Users/chrishafley/projects/typescript-go/internal/fourslash/tests/gen/completionsClassMemberImportTypeNodeParameter2_test.go	0	45	1642	51
/Users/chrishafley/projects/typescript-go/internal/fourslash/tests/gen/importNameCodeFix_require_importVsRequire_moduleTarget_test.go	0	72	1170	44
/Users/chrishafley/projects/typescript-go/internal/fourslash/tests/gen/completionListInferKeyword_test.go	0	68	1311	41
/Users/chrishafley/projects/typescript-go/internal/fourslash/tests/gen/goToDefinitionOverriddenMember19_test.go	0	38	827	32
/Users/chrishafley/projects/typescript-go/internal/fourslash/tests/gen/unusedImports4FS_test.go	0	42	901	39
/Users/chrishafley/projects/typescript-go/internal/fourslash/tests/gen/navigationBarItemsInsideMethodsAndConstructors_test.go	0	40	1152	37
/Users/chrishafley/projects/typescript-go/internal/fourslash/tests/gen/codeFixClassImplementInterfaceWithNegativeNumber_test.go	0	42	719	22
/Users/chrishafley/projects/typescript-go/internal/fourslash/tests/gen/codeFixMissingTypeAnnotationOnExportsTypePredicate1_test.go	0	49	995	32
/Users/chrishafley/projects/typescript-go/internal/fourslash/tests/gen/goToDefinitionImportedNames8_test.go	0	55	800	28
/Users/chrishafley/projects/typescript-go/internal/fourslash/tests/gen/signatureHelpJSDocCallbackTag_test.go	0	53	1207	46
/Users/chrishafley/projects/typescript-go/internal/fourslash/tests/gen/getOutliningForTypeLiteral_test.go	0	44	827	40
/Users/chrishafley/projects/typescript-go/internal/fourslash/tests/gen/referencesForAmbients_test.go	0	60	950	33
/Users/chrishafley/projects/typescript-go/internal/fourslash/tests/gen/formatImportDeclaration_test.go	0	55	926	34
/Users/chrishafley/projects/typescript-go/internal/fourslash/tests/gen/goToImplementationEnum_00_test.go	0	57	704	26
/Users/chrishafley/projects/typescript-go/internal/fourslash/tests/gen/organizeImportsPathsUnicode2_test.go	0	58	1650	53
/Users/chrishafley/projects/typescript-go/internal/fourslash/tests/gen/ngProxy4_test.go	0	65	831	36
/Users/chrishafley/projects/typescript-go/internal/fourslash/tests/gen/extendsKeywordCompletion1_test.go	0	73	1212	38
/Users/chrishafley/projects/typescript-go/internal/fourslash/tests/gen/noTypeParameterInLHS_test.go	0	58	708	25
/Users/chrishafley/projects/typescript-go/internal/fourslash/tests/gen/formatVariableDeclarationList_test.go	0	68	2099	57
/Users/chrishafley/projects/typescript-go/internal/fourslash/tests/gen/codeFixMissingTypeAnnotationOnExports52-generics-oversimplification_test.go	0	51	1034	33
/Users/chrishafley/projects/typescript-go/internal/fourslash/tests/gen/completionForStringLiteral14_test.go	0	41	1784	65
/Users/chrishafley/projects/typescript-go/internal/fourslash/tests/gen/goToDefinitionDestructuredRequire1_test.go	0	50	776	27
/Users/chrishafley/projects/typescript-go/internal/fourslash/tests/gen/autoImportCompletionExportEqualsWithDefault1_test.go	0	59	3124	111
/Users/chrishafley/projects/typescript-go/internal/fourslash/tests/gen/goToDefinitionDynamicImport2_test.go	0	56	744	26
/Users/chrishafley/projects/typescript-go/internal/fourslash/tests/gen/goToSource16_callbackParamDifferentFile_test.go	0	71	1764	50
/Users/chrishafley/projects/typescript-go/internal/fourslash/tests/gen/renameParameterPropertyDeclaration2_test.go	0	46	827	26
/Users/chrishafley/projects/typescript-go/internal/fourslash/tests/gen/completionsWithDeprecatedTag1_test.go	0	60	4179	127
/Users/chrishafley/projects/typescript-go/internal/fourslash/tests/gen/jsdocLink1_test.go	0	51	745	32
/Users/chrishafley/projects/typescript-go/internal/fourslash/tests/gen/getJavaScriptCompletions9_test.go	0	56	1244	43
/Users/chrishafley/projects/typescript-go/internal/fourslash/tests/gen/inlayHintsInteractiveImportType1_test.go	0	59	973	29
/Users/chrishafley/projects/typescript-go/internal/fourslash/tests/gen/completionListPrivateMembers3_test.go	0	69	1212	49
/Users/chrishafley/projects/typescript-go/internal/fourslash/tests/gen/completionListInObjectBindingPattern07_test.go	0	38	1197	44
/Users/chrishafley/projects/typescript-go/internal/fourslash/tests/gen/getOccurrencesOfDecorators_test.go	0	47	742	29
/Users/chrishafley/projects/typescript-go/internal/fourslash/tests/gen/inlayHintsReturnType_test.go	0	51	1024	37
/Users/chrishafley/projects/typescript-go/internal/fourslash/tests/gen/qualifyModuleTypeNames_test.go	0	36	732	24
/Users/chrishafley/projects/typescript-go/internal/fourslash/tests/gen/globalThisCompletion_test.go	0	46	1082	38
/Users/chrishafley/projects/typescript-go/internal/fourslash/tests/gen/incrementalParsingInsertIntoMethod1_test.go	0	49	715	28
/Users/chrishafley/projects/typescript-go/internal/fourslash/tests/gen/calledUnionsOfDissimilarTyeshaveGoodDisplay_test.go	0	41	2311	71
/Users/chrishafley/projects/typescript-go/internal/fourslash/tests/gen/signatureHelpFunctionParameter_test.go	0	39	1108	26
/Users/chrishafley/projects/typescript-go/internal/fourslash/tests/gen/argumentsIndexExpression_test.go	0	50	641	24
/Users/chrishafley/projects/typescript-go/internal/fourslash/tests/gen/referencesForIndexProperty_test.go	0	46	727	28
/Users/chrishafley/projects/typescript-go/internal/fourslash/tests/gen/renameCommentsAndStrings2_test.go	0	51	795	25
/Users/chrishafley/projects/typescript-go/internal/fourslash/tests/gen/importNameCodeFix_externalNonRelateive2_test.go	0	43	2091	63
/Users/chrishafley/projects/typescript-go/internal/fourslash/tests/gen/incrementalParsingDynamicImport2_test.go	0	48	824	28
/Users/chrishafley/projects/typescript-go/internal/fourslash/tests/gen/completionEntryForPropertyFromUnionOfModuleType_test.go	0	57	1318	46
/Users/chrishafley/projects/typescript-go/internal/fourslash/tests/gen/goToDefinitionAwait2_test.go	0	46	626	21
/Users/chrishafley/projects/typescript-go/internal/fourslash/tests/gen/referencesForStringLiteralPropertyNames_test.go	0	44	719	29
/Users/chrishafley/projects/typescript-go/internal/fourslash/tests/gen/completionsImportOrExportSpecifier_test.go	0	68	12793	415
/Users/chrishafley/projects/typescript-go/internal/fourslash/tests/gen/completionListInUnclosedDeleteExpression02_test.go	0	44	1045	35
/Users/chrishafley/projects/typescript-go/internal/fourslash/tests/gen/formattingRegexes_test.go	0	34	755	23
/Users/chrishafley/projects/typescript-go/internal/fourslash/tests/gen/completionsImport_details_withMisspelledName_test.go	0	35	1353	47
/Users/chrishafley/projects/typescript-go/internal/fourslash/tests/gen/completionsWritingSpreadArgument_test.go	0	42	1126	39
/Users/chrishafley/projects/typescript-go/internal/fourslash/tests/gen/tsxCompletionsGenericComponent_test.go	0	56	1457	57
/Users/chrishafley/projects/typescript-go/internal/fourslash/tests/gen/jsdocTypedefTag1_test.go	0	38	1217	47
/Users/chrishafley/projects/typescript-go/internal/fourslash/tests/gen/getJavaScriptCompletions21_test.go	0	47	1390	48
/Users/chrishafley/projects/typescript-go/internal/fourslash/tests/gen/importCompletionsPackageJsonImportsPattern_capsInPath2_test.go	0	57	1267	43
/Users/chrishafley/projects/typescript-go/internal/fourslash/tests/gen/organizeImports11_test.go	0	56	1600	81
/Users/chrishafley/projects/typescript-go/internal/fourslash/tests/gen/completionsOverridingMethodDefaultExported_test.go	0	49	1941	60
/Users/chrishafley/projects/typescript-go/internal/fourslash/tests/gen/codeFixClassImplementInterfaceComments_test.go	0	66	2886	60
/Users/chrishafley/projects/typescript-go/internal/fourslash/tests/gen/codeFixCannotFindModule_suggestion_falsePositive_test.go	0	49	892	31
/Users/chrishafley/projects/typescript-go/internal/fourslash/tests/gen/contextualTypingGenericFunction1_test.go	0	36	908	30
/Users/chrishafley/projects/typescript-go/internal/fourslash/tests/gen/renameLabel5_test.go	0	49	738	26
/Users/chrishafley/projects/typescript-go/internal/fourslash/tests/gen/importStatementCompletions_esModuleInterop1_test.go	0	52	2063	65
/Users/chrishafley/projects/typescript-go/internal/fourslash/tests/gen/completionsTypeOnlyNamespace_test.go	0	42	1395	49
/Users/chrishafley/projects/typescript-go/internal/fourslash/tests/gen/getOccurrencesDeclare3_test.go	0	49	1972	81
/Users/chrishafley/projects/typescript-go/internal/fourslash/tests/gen/autoImportProvider_namespaceSameNameAsIntrinsic_test.go	0	47	2281	62
/Users/chrishafley/projects/typescript-go/internal/fourslash/tests/gen/getOccurrencesProtected2_test.go	0	52	1903	74
/Users/chrishafley/projects/typescript-go/internal/fourslash/tests/gen/jsDocFunctionSignatures4_test.go	0	41	743	25
/Users/chrishafley/projects/typescript-go/internal/fourslash/tests/gen/codeFixTopLevelAwait_module_blankCompilerOptionsInTsConfig_test.go	0	40	839	30
/Users/chrishafley/projects/typescript-go/internal/fourslash/tests/gen/autoImportSpecifierExcludeRegexes3_test.go	0	48	1246	38
/Users/chrishafley/projects/typescript-go/internal/fourslash/tests/gen/completionsImport_jsxOpeningTagImportDefault_test.go	0	45	2003	65
/Users/chrishafley/projects/typescript-go/internal/fourslash/tests/gen/getOccurrencesStringLiteralTypes_test.go	0	48	770	23
/Users/chrishafley/projects/typescript-go/internal/fourslash/tests/gen/commentsBlocks_test.go	0	43	1606	70
/Users/chrishafley/projects/typescript-go/internal/fourslash/tests/gen/getDeclarationDiagnostics_test.go	0	40	953	36
/Users/chrishafley/projects/typescript-go/internal/fourslash/tests/gen/goToDefinitionTypeReferenceDirective_test.go	0	39	782	26
/Users/chrishafley/projects/typescript-go/internal/fourslash/tests/gen/memberListOfClass_test.go	0	46	1353	48
/Users/chrishafley/projects/typescript-go/internal/fourslash/tests/gen/jsDocPropertyDescription9_test.go	0	44	1252	33
/Users/chrishafley/projects/typescript-go/internal/fourslash/tests/gen/importNameCodeFixDefaultExport1_test.go	0	42	831	29
/Users/chrishafley/projects/typescript-go/internal/fourslash/tests/gen/semanticModernClassificationClassProperties_test.go	0	42	1258	38
/Users/chrishafley/projects/typescript-go/internal/fourslash/tests/gen/codeFixClassImplementInterfaceMemberOrdering_test.go	0	46	1535	104
/Users/chrishafley/projects/typescript-go/internal/fourslash/tests/gen/signatureHelpOnOverloadsDifferentArity3_test.go	0	42	1234	31
/Users/chrishafley/projects/typescript-go/internal/fourslash/tests/gen/autoImportFileExcludePatterns7_test.go	0	41	1555	48
/Users/chrishafley/projects/typescript-go/internal/fourslash/tests/gen/navigationBarNamespaceImportWithNoName_test.go	0	39	631	21
/Users/chrishafley/projects/typescript-go/internal/fourslash/tests/gen/completionListOnSuper_test.go	0	48	1169	48
/Users/chrishafley/projects/typescript-go/internal/fourslash/tests/gen/singleLineTypeLiteralFormatting_test.go	0	43	703	23
/Users/chrishafley/projects/typescript-go/internal/fourslash/tests/gen/referencesInEmptyFileWithMultipleProjects_test.go	0	51	1044	30
/Users/chrishafley/projects/typescript-go/internal/fourslash/tests/gen/regexDetection_test.go	0	44	891	28
/Users/chrishafley/projects/typescript-go/internal/fourslash/tests/gen/referencesForMergedDeclarations2_test.go	0	48	806	30
/Users/chrishafley/projects/typescript-go/internal/fourslash/tests/gen/jsObjectDefinePropertyRenameLocations_test.go	0	52	1033	33
/Users/chrishafley/projects/typescript-go/internal/fourslash/tests/gen/inheritedModuleMembersForClodule2_test.go	0	41	825	34
/Users/chrishafley/projects/typescript-go/internal/fourslash/tests/gen/navigationBarImports_test.go	0	46	645	23
/Users/chrishafley/projects/typescript-go/internal/fourslash/tests/gen/getOccurrencesSwitchCaseDefault_test.go	0	38	1017	38
/Users/chrishafley/projects/typescript-go/internal/fourslash/tests/gen/jsdocPropTagCompletion_test.go	0	45	998	36
/Users/chrishafley/projects/typescript-go/internal/fourslash/tests/gen/formatBracketInSwitchCase_test.go	0	46	702	28
/Users/chrishafley/projects/typescript-go/internal/fourslash/tests/gen/codeFixSpellingCaseWeight2_test.go	0	41	658	23
/Users/chrishafley/projects/typescript-go/internal/fourslash/tests/gen/completionListInTypeLiteralInTypeParameter11_test.go	0	41	2806	109
/Users/chrishafley/projects/typescript-go/internal/fourslash/tests/gen/referencesForInheritedProperties6_test.go	0	46	740	29
/Users/chrishafley/projects/typescript-go/internal/fourslash/tests/gen/inlayHintsJsDocParameterNames_test.go	0	34	1014	36
/Users/chrishafley/projects/typescript-go/internal/fourslash/tests/gen/importNameCodeFix_pathsWithoutBaseUrl2_test.go	0	44	1061	38
/Users/chrishafley/projects/typescript-go/internal/fourslash/tests/gen/completionsRecommended_equals_test.go	0	46	1272	42
/Users/chrishafley/projects/typescript-go/internal/fourslash/tests/gen/signatureHelpRestArgs3_test.go	0	40	656	23
/Users/chrishafley/projects/typescript-go/internal/fourslash/tests/gen/getEditsForFileRename_tsconfig_empty_include_test.go	0	41	771	24
/Users/chrishafley/projects/typescript-go/internal/fourslash/tests/gen/quickInfoFromContextualUnionType1_test.go	0	58	899	33
/Users/chrishafley/projects/typescript-go/internal/fourslash/tests/gen/quickInfoJsDocTextFormatting1_test.go	0	42	1378	61
/Users/chrishafley/projects/typescript-go/internal/fourslash/tests/gen/getJavaScriptQuickInfo6_test.go	0	52	700	24
/Users/chrishafley/projects/typescript-go/internal/fourslash/tests/gen/memberOverloadEdits_test.go	0	53	854	34
/Users/chrishafley/projects/typescript-go/internal/fourslash/tests/gen/completionListForUnicodeEscapeName_test.go	0	48	1767	63
/Users/chrishafley/projects/typescript-go/internal/fourslash/tests/gen/formattingWithMultilineComments_test.go	0	42	716	25
/Users/chrishafley/projects/typescript-go/internal/fourslash/tests/gen/navigationBarItemsFunctionsBroken_test.go	0	41	629	23
/Users/chrishafley/projects/typescript-go/internal/fourslash/tests/gen/formatMultipleFunctionArguments_test.go	0	45	1112	60
/Users/chrishafley/projects/typescript-go/internal/fourslash/tests/gen/completionListOnParam_test.go	0	42	1068	39
/Users/chrishafley/projects/typescript-go/internal/fourslash/tests/gen/jsDocIndentationPreservation1_test.go	0	39	801	29
/Users/chrishafley/projects/typescript-go/internal/fourslash/tests/gen/quickInfoForJSDocUnknownTag_test.go	0	36	1052	66
/Users/chrishafley/projects/typescript-go/internal/fourslash/tests/gen/formatV8Directive_test.go	0	48	650	23
/Users/chrishafley/projects/typescript-go/internal/fourslash/tests/gen/importStatementCompletions_pnpmTransitive_test.go	0	52	2269	54
/Users/chrishafley/projects/typescript-go/internal/fourslash/tests/gen/getJavaScriptSyntacticDiagnostics21_test.go	0	42	700	24
/Users/chrishafley/projects/typescript-go/internal/fourslash/tests/gen/implementation01_test.go	0	44	669	24
/Users/chrishafley/projects/typescript-go/internal/fourslash/tests/gen/augmentedTypesModule1_test.go	0	37	1134	39
/Users/chrishafley/projects/typescript-go/internal/fourslash/tests/gen/autoImportsWithRootDirsAndRootedPath01_test.go	0	35	1192	41
/Users/chrishafley/projects/typescript-go/internal/fourslash/tests/gen/autoImportProvider_exportMap5_test.go	0	34	3084	100
/Users/chrishafley/projects/typescript-go/internal/fourslash/tests/gen/arrayCallAndConstructTypings_test.go	0	44	1375	39
/Users/chrishafley/projects/typescript-go/internal/fourslash/tests/gen/goToImplementationInterface_08_test.go	0	38	848	35
/Users/chrishafley/projects/typescript-go/internal/fourslash/tests/gen/completionListInTypedObjectLiterals4_test.go	0	44	1090	40
/Users/chrishafley/projects/typescript-go/internal/fourslash/tests/gen/memberConstructorEdits_test.go	0	55	996	42
/Users/chrishafley/projects/typescript-go/internal/fourslash/tests/gen/codeFixClassImplementInterfaceAutoImports_test.go	0	62	1434	53
/Users/chrishafley/projects/typescript-go/internal/fourslash/tests/gen/codeFixInferFromFunctionThisUsageObjectPropertyParameter_test.go	0	55	1014	36
/Users/chrishafley/projects/typescript-go/internal/fourslash/tests/gen/jsdocReturnsTag_test.go	0	39	763	32
/Users/chrishafley/projects/typescript-go/internal/fourslash/tests/gen/genericCombinators3_test.go	0	42	1303	36
/Users/chrishafley/projects/typescript-go/internal/fourslash/tests/gen/autoImportProvider_importsMap4_test.go	0	49	1218	44
/Users/chrishafley/projects/typescript-go/internal/fourslash/tests/gen/findAllReferencesJsRequireDestructuring1_test.go	0	37	782	27
/Users/chrishafley/projects/typescript-go/internal/fourslash/tests/gen/contextuallyTypedObjectLiteralMethodDeclarationParam01_test.go	0	40	1098	45
/Users/chrishafley/projects/typescript-go/internal/fourslash/tests/gen/goToImplementationShorthandPropertyAssignment_02_test.go	0	39	843	35
/Users/chrishafley/projects/typescript-go/internal/fourslash/tests/gen/quickInfoImportNonunicodePath_test.go	0	40	757	24
/Users/chrishafley/projects/typescript-go/internal/fourslash/tests/gen/findAllReferencesFilteringMappedTypeProperty_test.go	0	42	782	23
/Users/chrishafley/projects/typescript-go/internal/fourslash/tests/gen/codeFixInferFromFunctionThisUsageObjectProperty_test.go	0	37	955	36
/Users/chrishafley/projects/typescript-go/internal/fourslash/tests/gen/codeFixGenerateDefinitions_test.go	0	41	692	24
/Users/chrishafley/projects/typescript-go/internal/fourslash/tests/gen/goToDefinitionOverriddenMember5_test.go	0	48	713	26
/Users/chrishafley/projects/typescript-go/internal/fourslash/tests/gen/deleteTypeParameter_test.go	0	43	744	30
/Users/chrishafley/projects/typescript-go/internal/fourslash/tests/gen/completionForStringLiteralNonrelativeImport9_test.go	0	38	1489	51
/Users/chrishafley/projects/typescript-go/internal/fourslash/tests/gen/codeFixMissingTypeAnnotationOnExports37-array-spread_test.go	0	39	1746	87
/Users/chrishafley/projects/typescript-go/internal/fourslash/tests/gen/importNameCodeFix_jsCJSvsESM1_test.go	0	37	855	33
/Users/chrishafley/projects/typescript-go/internal/fourslash/tests/gen/getJavaScriptSyntacticDiagnostics8_test.go	0	48	659	23
/Users/chrishafley/projects/typescript-go/internal/fourslash/tests/gen/importTypeNodeGoToDefinition_test.go	0	56	941	29
/Users/chrishafley/projects/typescript-go/internal/fourslash/tests/gen/completionListAfterClassExtends_test.go	0	58	1133	43
/Users/chrishafley/projects/typescript-go/internal/fourslash/tests/gen/renameStringLiteralOk1_test.go	0	63	740	27
/Users/chrishafley/projects/typescript-go/internal/fourslash/tests/gen/importNameCodeFix_externalNonRelative1_test.go	0	52	2490	72
/Users/chrishafley/projects/typescript-go/internal/fourslash/tests/gen/codeFixSpellingShortName2_test.go	0	51	603	22
/Users/chrishafley/projects/typescript-go/internal/fourslash/tests/gen/unusedClassInNamespace3_test.go	0	35	835	41
/Users/chrishafley/projects/typescript-go/internal/fourslash/tests/gen/completionListInUnclosedIndexSignature01_test.go	0	40	1052	36
/Users/chrishafley/projects/typescript-go/internal/fourslash/tests/gen/completionListInObjectLiteral5_test.go	0	50	2565	99
/Users/chrishafley/projects/typescript-go/internal/fourslash/tests/gen/completionsImport_weirdDefaultSynthesis_test.go	0	35	1233	38
/Users/chrishafley/projects/typescript-go/internal/fourslash/tests/gen/issue57429_test.go	0	42	1207	44
/Users/chrishafley/projects/typescript-go/internal/fourslash/tests/gen/quickInfoLink9_test.go	0	48	654	26
/Users/chrishafley/projects/typescript-go/internal/fourslash/tests/gen/formattingJsxTexts1_test.go	0	45	2418	131
/Users/chrishafley/projects/typescript-go/internal/fourslash/tests/gen/autoImportTypeImport2_test.go	0	56	1554	47
/Users/chrishafley/projects/typescript-go/internal/fourslash/tests/gen/goToImplementation_satisfies_test.go	0	35	719	28
/Users/chrishafley/projects/typescript-go/internal/fourslash/tests/gen/completionListAndMemberListOnCommentedDot_test.go	0	47	771	32
/Users/chrishafley/projects/typescript-go/internal/fourslash/tests/gen/formatSelectionWithTrivia_test.go	0	43	752	34
/Users/chrishafley/projects/typescript-go/internal/fourslash/tests/gen/importCompletionsPackageJsonImportsPattern2_test.go	0	42	1258	44
/Users/chrishafley/projects/typescript-go/internal/fourslash/tests/gen/referencesForModifiers_test.go	0	55	1213	32
/Users/chrishafley/projects/typescript-go/internal/fourslash/tests/gen/goToDefinitionOverriddenMember26_test.go	0	56	773	30
/Users/chrishafley/projects/typescript-go/internal/fourslash/tests/gen/renameDefaultImportDifferentName_test.go	0	51	1123	32
/Users/chrishafley/projects/typescript-go/internal/fourslash/tests/gen/importNameCodeFixExistingImport7_test.go	0	50	779	27
/Users/chrishafley/projects/typescript-go/internal/fourslash/tests/gen/goToImplementationLocal_00_test.go	0	43	655	22
/Users/chrishafley/projects/typescript-go/internal/fourslash/tests/gen/syntheticImportFromBabelGeneratedFile2_test.go	0	54	949	35
/Users/chrishafley/projects/typescript-go/internal/fourslash/tests/gen/definition01_test.go	0	58	729	27
/Users/chrishafley/projects/typescript-go/internal/fourslash/tests/gen/gotoDefinitionConstructorFunction_test.go	0	48	843	32
/Users/chrishafley/projects/typescript-go/internal/fourslash/tests/gen/jsdocDeprecated_suggestion10_test.go	0	46	1615	49
/Users/chrishafley/projects/typescript-go/internal/fourslash/tests/gen/formattingOnObjectLiteral_test.go	0	49	3187	101
/Users/chrishafley/projects/typescript-go/internal/fourslash/tests/gen/docCommentTemplateReturnsTag2_test.go	0	47	923	36
/Users/chrishafley/projects/typescript-go/internal/fourslash/tests/gen/completionListInFunctionDeclaration_test.go	0	48	1265	43
/Users/chrishafley/projects/typescript-go/internal/fourslash/tests/gen/signatureHelpCommentsFunctionExpression_test.go	0	36	1495	46
/Users/chrishafley/projects/typescript-go/internal/fourslash/tests/gen/goToDefinitionOverriddenMember10_test.go	0	40	798	30
/Users/chrishafley/projects/typescript-go/internal/fourslash/tests/gen/formattingIllegalImportClause_test.go	0	39	1065	38
/Users/chrishafley/projects/typescript-go/internal/fourslash/tests/gen/smartSelection_JSDocTags3_test.go	0	32	635	24
/Users/chrishafley/projects/typescript-go/internal/fourslash/tests/gen/quickInfoBindingPatternInJsdocNoCrash1_test.go	0	37	747	26
/Users/chrishafley/projects/typescript-go/internal/fourslash/tests/gen/completionsImportYieldExpression_test.go	0	39	924	35
/Users/chrishafley/projects/typescript-go/internal/fourslash/tests/gen/tsxParsing_test.go	0	38	624	23
/Users/chrishafley/projects/typescript-go/internal/fourslash/tests/gen/formatDotAfterNumber_test.go	0	47	1092	35
/Users/chrishafley/projects/typescript-go/internal/fourslash/tests/gen/importNameCodeFixNewImportTypeRoots1_test.go	0	47	927	37
/Users/chrishafley/projects/typescript-go/internal/fourslash/tests/gen/goToImplementationInterfaceMethod_02_test.go	0	40	891	35
/Users/chrishafley/projects/typescript-go/internal/fourslash/tests/gen/completionListAfterFunction3_test.go	0	47	1400	48
/Users/chrishafley/projects/typescript-go/internal/fourslash/tests/gen/getOccurrencesIsDefinitionOfArrowFunction_test.go	0	44	674	22
/Users/chrishafley/projects/typescript-go/internal/fourslash/tests/gen/completionAfterNewline2_test.go	0	39	1189	41
/Users/chrishafley/projects/typescript-go/internal/fourslash/tests/gen/completionForQuotedPropertyInPropertyAssignment2_test.go	0	44	2114	77
/Users/chrishafley/projects/typescript-go/internal/fourslash/tests/gen/references01_test.go	0	57	867	29
/Users/chrishafley/projects/typescript-go/internal/fourslash/tests/gen/importNameCodeFixExportAsDefaultExistingImport_test.go	0	43	861	30
/Users/chrishafley/projects/typescript-go/internal/fourslash/tests/gen/completionsLiteralOnPropertyValueMatchingGeneric_test.go	0	39	1165	39
/Users/chrishafley/projects/typescript-go/internal/fourslash/tests/gen/renameUMDModuleAlias2_test.go	0	41	809	28
/Users/chrishafley/projects/typescript-go/internal/fourslash/tests/gen/stringLiteralTypeCompletionsInTypeArgForNonGeneric1_test.go	0	43	1034	33
/Users/chrishafley/projects/typescript-go/internal/fourslash/tests/gen/completionsClassPropertiesAfterPrivateProperty_test.go	0	40	1087	39
/Users/chrishafley/projects/typescript-go/internal/fourslash/tests/gen/outliningSpansForArrowFunctionBody_test.go	0	42	701	31
/Users/chrishafley/projects/typescript-go/internal/fourslash/tests/gen/completionListInstanceProtectedMembers_test.go	0	55	2228	86
/Users/chrishafley/projects/typescript-go/internal/fourslash/tests/gen/genericTypeAliasIntersectionCompletions_test.go	0	56	1675	62
/Users/chrishafley/projects/typescript-go/internal/fourslash/tests/gen/unusedLocalsinConstructorFS2_test.go	0	61	884	34
/Users/chrishafley/projects/typescript-go/internal/fourslash/tests/gen/completionListInMiddleOfIdentifierInArrowFunction01_test.go	0	45	1036	33
/Users/chrishafley/projects/typescript-go/internal/fourslash/tests/gen/interfaceExtendsPrimitive_test.go	0	88	679	22
/Users/chrishafley/projects/typescript-go/internal/fourslash/tests/gen/getJavaScriptSyntacticDiagnostics17_test.go	0	69	675	23
/Users/chrishafley/projects/typescript-go/internal/fourslash/tests/gen/referencesBloomFilters2_test.go	0	74	854	28
/Users/chrishafley/projects/typescript-go/internal/fourslash/tests/gen/importNameCodeFixNewImportBaseUrl0_test.go	0	69	818	33
/Users/chrishafley/projects/typescript-go/internal/fourslash/tests/gen/getOccurrencesExport2_test.go	0	82	1889	74
/Users/chrishafley/projects/typescript-go/internal/fourslash/tests/gen/semanticModernClassificationConstructorTypes_test.go	0	73	1063	31
/Users/chrishafley/projects/typescript-go/internal/fourslash/tests/gen/quickInfoForConstAssertions_test.go	0	67	699	24
/Users/chrishafley/projects/typescript-go/internal/fourslash/tests/gen/jsdocTypedefTagNamespace_test.go	0	61	1956	65
/Users/chrishafley/projects/typescript-go/internal/fourslash/tests/gen/codeFixMissingTypeAnnotationOnExports55-generator-return_test.go	0	55	950	32
/Users/chrishafley/projects/typescript-go/internal/fourslash/tests/gen/organizeImportsGroup_CommentInNewline_test.go	0	53	978	40
/Users/chrishafley/projects/typescript-go/internal/fourslash/tests/gen/codeFixAddMissingConstToCommaSeparatedInitializer4_test.go	0	61	655	22
/Users/chrishafley/projects/typescript-go/internal/fourslash/tests/gen/remoteGetReferences_test.go	0	103	3670	195
/Users/chrishafley/projects/typescript-go/internal/fourslash/tests/gen/completionListInUnclosedCommaExpression02_test.go	0	100	1044	35
/Users/chrishafley/projects/typescript-go/internal/fourslash/tests/gen/codeFixMissingTypeAnnotationOnExports26-fn-in-object-literal_test.go	0	92	1329	44
/Users/chrishafley/projects/typescript-go/internal/fourslash/tests/gen/completionListInClosedFunction03_test.go	0	89	1159	43
/Users/chrishafley/projects/typescript-go/internal/fourslash/tests/gen/jsdocDeprecated_suggestion7_test.go	0	95	726	29
/Users/chrishafley/projects/typescript-go/internal/fourslash/tests/gen/codeFixConvertToTypeOnlyImport2_test.go	0	95	902	34
/Users/chrishafley/projects/typescript-go/internal/fourslash/tests/gen/getEditsForFileRename_tsconfig_include_add_test.go	0	89	855	30
/Users/chrishafley/projects/typescript-go/internal/fourslash/tests/gen/completionsImport_mergedReExport_test.go	0	95	3010	90
/Users/chrishafley/projects/typescript-go/internal/fourslash/tests/gen/organizeImports18_test.go	0	85	1285	50
/Users/chrishafley/projects/typescript-go/internal/fourslash/tests/gen/findAllRefsOfConstructor_multipleFiles_test.go	0	83	985	36
/Users/chrishafley/projects/typescript-go/internal/fourslash/tests/gen/renameForDefaultExport09_test.go	0	143	791	38
/Users/chrishafley/projects/typescript-go/internal/fourslash/tests/gen/goToDefinitionJsModuleExports_test.go	0	107	757	26
/Users/chrishafley/projects/typescript-go/internal/fourslash/tests/gen/completionInfoWithExplicitTypeArguments_test.go	0	101	2096	74
/Users/chrishafley/projects/typescript-go/internal/fourslash/tests/gen/signatureHelpJSMissingPropertyAccess_test.go	0	91	678	24
/Users/chrishafley/projects/typescript-go/internal/fourslash/tests/gen/genericObjectBaseType_test.go	0	42	746	31
/Users/chrishafley/projects/typescript-go/internal/fourslash/tests/gen/renameDefaultLibDontWork_test.go	0	63	708	23
/Users/chrishafley/projects/typescript-go/internal/fourslash/tests/gen/moduleReexportedIntoGlobalQuickInfo_test.go	0	62	912	31
/Users/chrishafley/projects/typescript-go/internal/fourslash/tests/gen/completionListBeforeKeyword_test.go	0	39	1387	48
/Users/chrishafley/projects/typescript-go/internal/fourslash/tests/gen/importNameCodeFixDefaultExport_test.go	0	43	772	29
/Users/chrishafley/projects/typescript-go/internal/fourslash/tests/gen/completionsInterfaceElement_test.go	0	46	1362	47
/Users/chrishafley/projects/typescript-go/internal/fourslash/tests/gen/renameJsDocTypeLiteral_test.go	0	44	799	30
/Users/chrishafley/projects/typescript-go/internal/fourslash/tests/gen/jsdocImplementsTagCompletion_test.go	0	42	1058	37
/Users/chrishafley/projects/typescript-go/internal/fourslash/tests/gen/inlayHintsOverloadCall1_test.go	0	36	1285	42
/Users/chrishafley/projects/typescript-go/internal/fourslash/tests/gen/unusedImports9FS_test.go	0	55	789	35
/Users/chrishafley/projects/typescript-go/internal/fourslash/tests/gen/renameJsThisProperty06_test.go	0	48	824	30
/Users/chrishafley/projects/typescript-go/internal/fourslash/tests/gen/renameAlias3_test.go	0	68	737	23
/Users/chrishafley/projects/typescript-go/internal/fourslash/tests/gen/getPreProcessedFile_test.go	0	46	1506	45
/Users/chrishafley/projects/typescript-go/internal/fourslash/tests/gen/deleteClassWithEnumPresent_test.go	0	55	668	24
/Users/chrishafley/projects/typescript-go/internal/fourslash/tests/gen/completionNoAutoInsertQuestionDotWithUserPreferencesOff_test.go	0	46	1170	39
/Users/chrishafley/projects/typescript-go/internal/fourslash/tests/gen/completionsImport_umdModules1_globalAccess_test.go	0	38	1810	52
/Users/chrishafley/projects/typescript-go/internal/fourslash/tests/gen/parameterlessSetter_test.go	0	48	736	29
/Users/chrishafley/projects/typescript-go/internal/fourslash/tests/gen/selfReferencedExternalModule_test.go	0	55	1294	44
/Users/chrishafley/projects/typescript-go/internal/fourslash/tests/gen/completionForStringLiteralInIndexedAccess01_test.go	0	90	1571	56
/Users/chrishafley/projects/typescript-go/internal/fourslash/tests/gen/quickInfoOnPropertyAccessInWriteLocation3_test.go	0	81	751	24
/Users/chrishafley/projects/typescript-go/internal/fourslash/tests/gen/goToDefinitionShorthandProperty01_test.go	0	77	945	27
/Users/chrishafley/projects/typescript-go/internal/fourslash/tests/gen/completionForStringLiteralNonrelativeImportTypings3_test.go	0	63	1611	46
/Users/chrishafley/projects/typescript-go/internal/fourslash/tests/gen/completionsImport_compilerOptionsModule_test.go	0	52	2165	69
/Users/chrishafley/projects/typescript-go/internal/fourslash/tests/gen/completionListInExportClause01_test.go	0	58	2584	86
/Users/chrishafley/projects/typescript-go/internal/fourslash/tests/gen/getOccurrencesReadonly2_test.go	0	93	737	24
/Users/chrishafley/projects/typescript-go/internal/fourslash/tests/gen/completionEntryForArgumentConstrainedToString_test.go	0	61	1093	37
/Users/chrishafley/projects/typescript-go/internal/fourslash/tests/gen/underscoreTypings02_test.go	0	47	1123	39
/Users/chrishafley/projects/typescript-go/internal/fourslash/tests/gen/renameExportSpecifier2_test.go	0	48	872	28
/Users/chrishafley/projects/typescript-go/internal/fourslash/tests/gen/quickInfoJsDocInheritage_test.go	0	39	2807	124
/Users/chrishafley/projects/typescript-go/internal/fourslash/tests/gen/renameDestructuringClassProperty_test.go	0	47	1077	35
/Users/chrishafley/projects/typescript-go/internal/fourslash/tests/gen/completionsAssertKeyword_test.go	0	43	4080	136
/Users/chrishafley/projects/typescript-go/internal/fourslash/tests/gen/quickinfoVerbosityIndexSignature_test.go	0	43	783	28
/Users/chrishafley/projects/typescript-go/internal/fourslash/tests/gen/quickinfoVerbosityInterface1_test.go	0	44	1900	80
/Users/chrishafley/projects/typescript-go/internal/fourslash/tests/gen/importNameCodeFix_jsxReact17_test.go	0	43	1149	45
/Users/chrishafley/projects/typescript-go/internal/fourslash/tests/gen/tsxRename5_test.go	0	52	914	35
/Users/chrishafley/projects/typescript-go/internal/fourslash/tests/gen/goToDefinitionConstructorOfClassExpression01_test.go	0	39	1107	42
/Users/chrishafley/projects/typescript-go/internal/fourslash/tests/gen/quickInfoJsDocTagsFunctionOverload01_test.go	0	47	794	31
/Users/chrishafley/projects/typescript-go/internal/fourslash/tests/gen/codeFixTopLevelAwait_module_noTsConfig_test.go	0	38	702	24
/Users/chrishafley/projects/typescript-go/internal/fourslash/tests/gen/documentHighlightDefaultInKeyword_test.go	0	40	736	23
/Users/chrishafley/projects/typescript-go/internal/fourslash/tests/gen/getOccurrencesPublic1_test.go	0	56	1921	74
/Users/chrishafley/projects/typescript-go/internal/fourslash/tests/gen/jsconfig_test.go	0	60	737	31
/Users/chrishafley/projects/typescript-go/internal/fourslash/tests/gen/selfReferencedExternalModule2_test.go	0	59	835	29
/Users/chrishafley/projects/typescript-go/internal/fourslash/tests/gen/findAllReferencesOfConstructor_badOverload_test.go	0	45	699	24
/Users/chrishafley/projects/typescript-go/internal/fourslash/tests/gen/fixExactOptionalUnassignableProperties3_test.go	0	36	980	35
/Users/chrishafley/projects/typescript-go/internal/fourslash/tests/gen/findAllRefs_importType_js1_test.go	0	58	838	31
/Users/chrishafley/projects/typescript-go/internal/fourslash/tests/gen/goToDefinitionPropertyAssignment_test.go	0	56	830	26
/Users/chrishafley/projects/typescript-go/internal/fourslash/tests/gen/findAllRefsJsThisPropertyAssignment_test.go	0	67	1069	44
/Users/chrishafley/projects/typescript-go/internal/fourslash/tests/gen/formatNoSpaceBeforeCloseBrace1_test.go	0	59	674	22
/Users/chrishafley/projects/typescript-go/internal/fourslash/tests/gen/findAllRefsWithLeadingUnderscoreNames2_test.go	0	60	710	26
/Users/chrishafley/projects/typescript-go/internal/fourslash/tests/gen/linkedEditingJsxTag11_test.go	0	52	883	33
/Users/chrishafley/projects/typescript-go/internal/fourslash/tests/gen/insertSecondTryCatchBlock_test.go	0	55	629	23
/Users/chrishafley/projects/typescript-go/internal/fourslash/tests/gen/jsdocThrowsTag_findAllReferences_test.go	0	68	671	25
/Users/chrishafley/projects/typescript-go/internal/fourslash/tests/gen/organizeImportsUnicode2_test.go	0	54	1529	59
/Users/chrishafley/projects/typescript-go/internal/fourslash/tests/gen/completionsOverridingMethod10_test.go	0	52	2079	65
/Users/chrishafley/projects/typescript-go/internal/fourslash/tests/gen/referencesForLabel4_test.go	0	76	680	25
/Users/chrishafley/projects/typescript-go/internal/fourslash/tests/gen/navigationBarItemsItemsExternalModules3_test.go	0	59	706	25
/Users/chrishafley/projects/typescript-go/internal/fourslash/tests/gen/findReferencesBindingPatternInJsdocNoCrash1_test.go	0	57	1254	46
/Users/chrishafley/projects/typescript-go/internal/fourslash/tests/gen/goToDefinitionYield3_test.go	0	47	724	29
/Users/chrishafley/projects/typescript-go/internal/fourslash/tests/gen/quickinfoVerbosityIndexedAccessType_test.go	0	46	992	32
/Users/chrishafley/projects/typescript-go/internal/fourslash/tests/gen/tsxFindAllReferences2_test.go	0	41	844	32
/Users/chrishafley/projects/typescript-go/internal/fourslash/tests/gen/getOccurrencesAbstract02_test.go	0	50	1069	32
/Users/chrishafley/projects/typescript-go/internal/fourslash/tests/gen/cloduleTypeOf1_test.go	0	43	2412	84
/Users/chrishafley/projects/typescript-go/internal/fourslash/tests/gen/completionOfAwaitPromise7_test.go	0	49	1383	47
/Users/chrishafley/projects/typescript-go/internal/fourslash/tests/gen/inlayHintsWithClosures_test.go	0	41	972	31
/Users/chrishafley/projects/typescript-go/internal/fourslash/tests/gen/getOccurrencesThrow6_test.go	0	31	854	34
/Users/chrishafley/projects/typescript-go/internal/fourslash/tests/gen/completionListClassThisJS_test.go	0	42	1469	49
/Users/chrishafley/projects/typescript-go/internal/fourslash/tests/gen/findAllRefs_jsEnum_test.go	0	51	742	27
/Users/chrishafley/projects/typescript-go/internal/fourslash/tests/gen/classExtendsInterfaceSigHelp1_test.go	0	51	861	31
/Users/chrishafley/projects/typescript-go/internal/fourslash/tests/gen/completionForStringLiteralNonrelativeImport18_test.go	0	66	1232	44
/Users/chrishafley/projects/typescript-go/internal/fourslash/tests/gen/organizeImportsType3_test.go	0	48	1228	51
/Users/chrishafley/projects/typescript-go/internal/fourslash/tests/gen/getEditsForFileRename_notAffectedByJsFile_test.go	0	37	835	28
/Users/chrishafley/projects/typescript-go/internal/fourslash/tests/gen/completionsImport_preferUpdatingExistingImport_test.go	0	56	1832	58
/Users/chrishafley/projects/typescript-go/internal/fourslash/tests/gen/javaScriptModules18_test.go	0	69	1020	37
/Users/chrishafley/projects/typescript-go/internal/fourslash/tests/gen/completionWithNamespaceInsideFunction_test.go	0	54	3119	124
/Users/chrishafley/projects/typescript-go/internal/fourslash/tests/gen/genericCombinatorWithConstraints1_test.go	0	76	876	25
/Users/chrishafley/projects/typescript-go/internal/fourslash/tests/gen/tsxCompletionOnClosingTagWithoutJSX1_test.go	0	78	1031	34
/Users/chrishafley/projects/typescript-go/internal/fourslash/tests/gen/completionNoAutoInsertQuestionDotForThis_test.go	0	83	1705	58
/Users/chrishafley/projects/typescript-go/internal/fourslash/tests/gen/quickInfoJsDocTags5_test.go	0	73	1011	43
/Users/chrishafley/projects/typescript-go/internal/fourslash/tests/gen/enumAddition_test.go	0	35	641	22
/Users/chrishafley/projects/typescript-go/internal/fourslash/tests/gen/navigationBarItemsSymbols2_test.go	0	36	664	24
/Users/chrishafley/projects/typescript-go/internal/fourslash/tests/gen/referencesForClassMembersExtendingAbstractClass_test.go	0	50	897	32
/Users/chrishafley/projects/typescript-go/internal/fourslash/tests/gen/completionPropertyShorthandForObjectLiteral3_test.go	0	40	1138	40
/Users/chrishafley/projects/typescript-go/internal/fourslash/tests/gen/completionListForTransitivelyExportedMembers04_test.go	0	59	1538	59
/Users/chrishafley/projects/typescript-go/internal/fourslash/tests/gen/quickinfoVerbosityNamespace_test.go	0	35	1617	68
/Users/chrishafley/projects/typescript-go/internal/fourslash/tests/gen/codeFixMissingTypeAnnotationOnExports_test.go	0	42	879	29
/Users/chrishafley/projects/typescript-go/internal/fourslash/tests/gen/exportEqualCallableInterface_test.go	0	41	1349	46
/Users/chrishafley/projects/typescript-go/internal/fourslash/tests/gen/goToImplementationInterface_01_test.go	0	50	1015	40
/Users/chrishafley/projects/typescript-go/internal/fourslash/tests/gen/getOutliningForObjectsInArray_test.go	0	43	1098	68
/Users/chrishafley/projects/typescript-go/internal/fourslash/tests/gen/issue57585-2_test.go	0	46	2200	91
/Users/chrishafley/projects/typescript-go/internal/fourslash/tests/gen/jsDocPropertyDescription11_test.go	0	52	916	29
/Users/chrishafley/projects/typescript-go/internal/fourslash/tests/gen/completionsImport_default_fromMergedDeclarations_test.go	0	42	1947	64
/Users/chrishafley/projects/typescript-go/internal/fourslash/tests/gen/jsDocGenerics1_test.go	0	35	1430	56
/Users/chrishafley/projects/typescript-go/internal/fourslash/tests/gen/jsDocSee2_test.go	0	36	1069	34
/Users/chrishafley/projects/typescript-go/internal/fourslash/tests/gen/findAllReferencesJSDocFunctionThis_test.go	0	36	749	24
/Users/chrishafley/projects/typescript-go/internal/fourslash/tests/gen/codeFixAddOptionalParam18_test.go	0	51	652	22
/Users/chrishafley/projects/typescript-go/internal/fourslash/tests/gen/arityErrorAfterSignatureHelp_test.go	0	46	910	31
/Users/chrishafley/projects/typescript-go/internal/fourslash/tests/gen/getNavigationBarItems_test.go	0	32	616	24
/Users/chrishafley/projects/typescript-go/internal/fourslash/tests/gen/asConstRefsNoErrors2_test.go	0	34	647	24
/Users/chrishafley/projects/typescript-go/internal/fourslash/tests/gen/jsdocSatisfiesTagCompletion2_test.go	0	33	1090	40
/Users/chrishafley/projects/typescript-go/internal/fourslash/tests/gen/findAllRefsForDefaultExport04_test.go	0	70	738	26
/Users/chrishafley/projects/typescript-go/internal/fourslash/tests/gen/quickInfoJsdocEnum_test.go	0	61	846	35
/Users/chrishafley/projects/typescript-go/internal/fourslash/tests/gen/quickInfoInheritDoc6_test.go	0	62	792	31
/Users/chrishafley/projects/typescript-go/internal/fourslash/tests/gen/referencesForInheritedProperties10_test.go	0	51	1080	41
/Users/chrishafley/projects/typescript-go/internal/fourslash/tests/gen/quickInfo_errorSignatureFillsInTypeParameter_test.go	0	76	693	22
/Users/chrishafley/projects/typescript-go/internal/fourslash/tests/gen/codeFixMissingTypeAnnotationOnExports59-drops-unneeded-after-unknown_test.go	0	44	1092	33
/Users/chrishafley/projects/typescript-go/internal/fourslash/tests/gen/quickInfoJSDocFunctionNew_test.go	0	91	739	25
/Users/chrishafley/projects/typescript-go/internal/fourslash/tests/gen/findAllRefsImportNamed_test.go	0	96	778	28
/Users/chrishafley/projects/typescript-go/internal/fourslash/tests/gen/completionListAtIdentifierDefinitionLocations_catch_test.go	0	98	720	23
/Users/chrishafley/projects/typescript-go/internal/fourslash/tests/gen/navigationBarItemsClass4_test.go	0	101	651	24
/Users/chrishafley/projects/typescript-go/internal/fourslash/tests/gen/codeFixClassImplementInterfaceHeritageClauseAlreadyHaveMember_test.go	0	100	1143	56
/Users/chrishafley/projects/typescript-go/internal/fourslash/tests/gen/getJavaScriptSyntacticDiagnostics1_test.go	0	67	661	23
/Users/chrishafley/projects/typescript-go/internal/fourslash/tests/gen/linkedEditingJsxTag8_test.go	0	43	774	30
/Users/chrishafley/projects/typescript-go/internal/fourslash/tests/gen/completionListAtEOF1_test.go	0	75	989	34
/Users/chrishafley/projects/typescript-go/internal/fourslash/tests/gen/completionsJsdocTypeTagCast_test.go	0	45	1283	41
/Users/chrishafley/projects/typescript-go/internal/fourslash/tests/gen/navigationBarItemsFunctionsBroken2_test.go	0	48	641	24
/Users/chrishafley/projects/typescript-go/internal/fourslash/tests/gen/quickInfoSignatureRestParameterFromUnion4_test.go	0	43	891	25
/Users/chrishafley/projects/typescript-go/internal/fourslash/tests/gen/documentHighlightAtParameterPropertyDeclaration3_test.go	0	45	1259	38
/Users/chrishafley/projects/typescript-go/internal/fourslash/tests/gen/goToDefinitionImportedNames10_test.go	0	49	820	29
/Users/chrishafley/projects/typescript-go/internal/fourslash/tests/gen/organizeImports3_test.go	0	52	814	36
/Users/chrishafley/projects/typescript-go/internal/fourslash/tests/gen/completionsLiteralFromInferenceWithinInferredType1_test.go	0	47	1660	67
/Users/chrishafley/projects/typescript-go/internal/fourslash/tests/gen/docCommentTemplateFunctionWithParameters_js_test.go	0	50	879	30
/Users/chrishafley/projects/typescript-go/internal/fourslash/tests/gen/completionWithConditionalOperatorMissingColon_test.go	0	43	1043	34
/Users/chrishafley/projects/typescript-go/internal/fourslash/tests/gen/stringCompletionsFromGenericConditionalTypesUsingTemplateLiteralTypes_test.go	0	42	2280	79
/Users/chrishafley/projects/typescript-go/internal/fourslash/tests/gen/stringLiteralCompletionsInArgUsingInferenceResultFromPreviousArg_test.go	0	44	1669	60
/Users/chrishafley/projects/typescript-go/internal/fourslash/tests/gen/incrementalParsingTopLevelAwait1_test.go	0	47	841	30
/Users/chrishafley/projects/typescript-go/internal/fourslash/tests/gen/editTemplateConstraint_test.go	0	49	641	26
/Users/chrishafley/projects/typescript-go/internal/fourslash/tests/gen/completionsImport_promoteTypeOnly2_test.go	0	49	1285	42
/Users/chrishafley/projects/typescript-go/internal/fourslash/tests/gen/importCompletions_importsMap4_test.go	0	46	1562	56
/Users/chrishafley/projects/typescript-go/internal/fourslash/tests/gen/documentHighlightAtInheritedProperties2_test.go	0	58	828	26
/Users/chrishafley/projects/typescript-go/internal/fourslash/tests/gen/nodeNextModuleKindCaching1_test.go	0	58	1368	50
/Users/chrishafley/projects/typescript-go/internal/fourslash/tests/gen/importNameCodeFixNewImportFile3_test.go	0	70	781	30
/Users/chrishafley/projects/typescript-go/internal/fourslash/tests/gen/quickInfoDisplayPartsTypeParameterInInterface_test.go	0	82	1467	38
/Users/chrishafley/projects/typescript-go/internal/fourslash/tests/gen/completionListInUnclosedObjectTypeLiteralInSignature03_test.go	0	68	1279	44
/Users/chrishafley/projects/typescript-go/internal/fourslash/tests/gen/goToDefinitionThis_test.go	0	50	818	27
/Users/chrishafley/projects/typescript-go/internal/fourslash/tests/gen/importNameCodeFix_jsx4_test.go	0	101	1214	43
/Users/chrishafley/projects/typescript-go/internal/fourslash/tests/gen/quickInfoForContextuallyTypedArrowFunctionInSuperCall_test.go	0	93	1099	31
/Users/chrishafley/projects/typescript-go/internal/fourslash/tests/gen/formattingSingleLineWithNewLineOptionSet_test.go	0	81	1300	40
/Users/chrishafley/projects/typescript-go/internal/fourslash/tests/gen/completionInsideObjectLiteralExpressionWithInstantiatedClassType_test.go	0	50	2174	81
/Users/chrishafley/projects/typescript-go/internal/fourslash/tests/gen/importNameCodeFixNewImportNodeModules4_test.go	0	41	1106	37
/Users/chrishafley/projects/typescript-go/internal/fourslash/tests/gen/navigationBarWellKnownSymbolExpando_test.go	0	64	653	22
/Users/chrishafley/projects/typescript-go/internal/fourslash/tests/gen/quickInfoOnArgumentsInsideFunction_test.go	0	90	690	23
/Users/chrishafley/projects/typescript-go/internal/fourslash/tests/gen/formatIfTryCatchBlocks_test.go	0	109	868	46
/Users/chrishafley/projects/typescript-go/internal/fourslash/tests/gen/codeFixSpelling4_test.go	0	90	648	23
/Users/chrishafley/projects/typescript-go/internal/fourslash/tests/gen/goToTypeDefinitionAliases_test.go	0	97	1004	32
/Users/chrishafley/projects/typescript-go/internal/fourslash/tests/gen/codeFixClassImplementInterfaceTypeLiterals_test.go	0	62	1390	43
/Users/chrishafley/projects/typescript-go/internal/fourslash/tests/gen/importNameCodeFix_importType5_test.go	0	41	914	31
/Users/chrishafley/projects/typescript-go/internal/fourslash/tests/gen/findAllReferencesJsRequireDestructuring_test.go	0	62	792	29
/Users/chrishafley/projects/typescript-go/internal/fourslash/tests/gen/completionListAfterRegularExpressionLiteral03_test.go	0	63	1042	35
/Users/chrishafley/projects/typescript-go/internal/fourslash/tests/gen/transitiveExportImports3_test.go	0	67	1414	31
/Users/chrishafley/projects/typescript-go/internal/fourslash/tests/gen/verifySingleFileEmitOutput1_test.go	0	46	819	28
/Users/chrishafley/projects/typescript-go/internal/fourslash/tests/gen/renameReferenceFromLinkTag1_test.go	0	56	645	24
/Users/chrishafley/projects/typescript-go/internal/fourslash/tests/gen/codeFixMissingTypeAnnotationOnExports6_test.go	0	54	919	29
/Users/chrishafley/projects/typescript-go/internal/fourslash/tests/gen/completionsUnionStringLiteralProperty_test.go	0	64	3525	129
/Users/chrishafley/projects/typescript-go/internal/fourslash/tests/gen/formatAsyncClassMethod1_test.go	0	48	673	26
/Users/chrishafley/projects/typescript-go/internal/fourslash/tests/gen/getOccurrencesReturn_test.go	0	53	1020	39
/Users/chrishafley/projects/typescript-go/internal/fourslash/tests/gen/inlayHintsFunctionParameterTypes4_test.go	0	47	1050	33
/Users/chrishafley/projects/typescript-go/internal/fourslash/tests/gen/organizeImportsAttributes_test.go	0	55	1167	37
/Users/chrishafley/projects/typescript-go/internal/fourslash/tests/gen/completionsImport_fromAmbientModule_test.go	0	44	917	34
/Users/chrishafley/projects/typescript-go/internal/fourslash/tests/gen/completionListBuilderLocations_properties_test.go	0	51	1074	37
/Users/chrishafley/projects/typescript-go/internal/fourslash/tests/gen/formattingInDestructuring5_test.go	0	55	960	30
/Users/chrishafley/projects/typescript-go/internal/fourslash/tests/gen/jsdocTypedefTagNavigateTo_test.go	0	51	850	31
/Users/chrishafley/projects/typescript-go/internal/fourslash/tests/gen/findAllRefsGlobalThisKeywordInModule_test.go	0	49	659	23
/Users/chrishafley/projects/typescript-go/internal/fourslash/tests/gen/renameThis_test.go	0	45	816	27
/Users/chrishafley/projects/typescript-go/internal/fourslash/tests/gen/importNameCodeFix_shorthandPropertyAssignment2_test.go	0	54	816	30
/Users/chrishafley/projects/typescript-go/internal/fourslash/tests/gen/getOccurrencesIfElse4_test.go	0	54	976	42
/Users/chrishafley/projects/typescript-go/internal/fourslash/tests/gen/completionListInvalidMemberNames_escapeQuote_test.go	0	48	2123	67
/Users/chrishafley/projects/typescript-go/internal/fourslash/tests/gen/genericAssignmentCompat_test.go	0	60	760	30
/Users/chrishafley/projects/typescript-go/internal/fourslash/tests/gen/goToDefinitionExternalModuleName9_test.go	0	53	721	26
/Users/chrishafley/projects/typescript-go/internal/fourslash/tests/gen/completionListInTypeLiteralInTypeParameter18_test.go	0	68	3678	123
/Users/chrishafley/projects/typescript-go/internal/fourslash/tests/gen/syntaxErrorAfterImport1_test.go	0	54	774	31
/Users/chrishafley/projects/typescript-go/internal/fourslash/tests/gen/completionListClassMembersWithSuperClassFromUnknownNamespace_test.go	0	60	1053	33
/Users/chrishafley/projects/typescript-go/internal/fourslash/tests/gen/signatureHelpIteratorNext_test.go	0	44	1060	40
/Users/chrishafley/projects/typescript-go/internal/fourslash/tests/gen/quickInfoJsDocTags11_test.go	0	40	780	30
/Users/chrishafley/projects/typescript-go/internal/fourslash/tests/gen/signatureHelp01_test.go	0	42	753	29
/Users/chrishafley/projects/typescript-go/internal/fourslash/tests/gen/signatureHelpInFunctionCall_test.go	0	48	651	24
/Users/chrishafley/projects/typescript-go/internal/fourslash/tests/gen/findAllRefsImportType_test.go	0	78	735	26
/Users/chrishafley/projects/typescript-go/internal/fourslash/tests/gen/quickInfoForObjectBindingElementName03_test.go	0	52	730	30
/Users/chrishafley/projects/typescript-go/internal/fourslash/tests/gen/formattingOnEnterInStrings_test.go	0	65	749	25
/Users/chrishafley/projects/typescript-go/internal/fourslash/tests/gen/importCompletionsPackageJsonImportsPattern_test.go	0	55	1219	43
/Users/chrishafley/projects/typescript-go/internal/fourslash/tests/gen/getOccurrencesPrivate2_test.go	0	35	1895	74
/Users/chrishafley/projects/typescript-go/internal/fourslash/tests/gen/hoverOverComment_test.go	0	45	709	26
/Users/chrishafley/projects/typescript-go/internal/fourslash/tests/gen/completionForStringLiteral16_test.go	0	44	1296	49
/Users/chrishafley/projects/typescript-go/internal/fourslash/tests/gen/semanticClassificationInstantiatedModuleWithVariableOfSameName1_test.go	0	42	1308	46
/Users/chrishafley/projects/typescript-go/internal/fourslash/tests/gen/goToImplementationInterfaceMethod_09_test.go	0	51	985	44
/Users/chrishafley/projects/typescript-go/internal/fourslash/tests/gen/quickInfoDisplayPartsInterfaceMembers_test.go	0	42	844	30
/Users/chrishafley/projects/typescript-go/internal/fourslash/tests/gen/findAllRefsExportDefaultClassConstructor_test.go	0	53	671	23
/Users/chrishafley/projects/typescript-go/internal/fourslash/tests/gen/completionListAtIdentifierDefinitionLocations_enumMembers_test.go	0	45	693	22
/Users/chrishafley/projects/typescript-go/internal/fourslash/tests/gen/completionsImport_require_addNew_test.go	0	42	1797	58
/Users/chrishafley/projects/typescript-go/internal/fourslash/tests/gen/importNameCodeFix_uriStyleNodeCoreModules3_test.go	0	37	2144	56
/Users/chrishafley/projects/typescript-go/internal/fourslash/tests/gen/completionPreferredSuggestions1_test.go	0	44	2871	98
/Users/chrishafley/projects/typescript-go/internal/fourslash/tests/gen/quickinfoVerbosityIndexType_test.go	0	39	955	33
/Users/chrishafley/projects/typescript-go/internal/fourslash/tests/gen/findAllRefsObjectBindingElementPropertyName04_test.go	0	39	851	31
/Users/chrishafley/projects/typescript-go/internal/fourslash/tests/gen/formattingNonNullAssertionOperator_test.go	0	46	1057	35
/Users/chrishafley/projects/typescript-go/internal/fourslash/tests/gen/importNameCodeFixNewImportAmbient0_test.go	0	43	806	30
/Users/chrishafley/projects/typescript-go/internal/fourslash/tests/gen/formattingNestedScopes_test.go	0	44	1394	41
/Users/chrishafley/projects/typescript-go/internal/fourslash/tests/gen/smartSelection_JSDocTags8_test.go	0	38	657	26
/Users/chrishafley/projects/typescript-go/internal/fourslash/tests/gen/completionForStringLiteral2_test.go	0	52	2796	103
/Users/chrishafley/projects/typescript-go/internal/fourslash/tests/gen/gotoDefinitionLinkTag6_test.go	0	48	646	24
/Users/chrishafley/projects/typescript-go/internal/fourslash/tests/gen/formatSelectionEditAtEndOfRange_test.go	0	49	774	27
/Users/chrishafley/projects/typescript-go/internal/fourslash/tests/gen/quickInfoMappedSpreadTypes_test.go	0	48	1112	43
/Users/chrishafley/projects/typescript-go/internal/fourslash/tests/gen/semanticClassificatonTypeAlias_test.go	0	59	1101	34
/Users/chrishafley/projects/typescript-go/internal/fourslash/tests/gen/indexSignatureWithoutAnnotation_test.go	0	59	690	29
/Users/chrishafley/projects/typescript-go/internal/fourslash/tests/gen/completionsSelfDeclaring2_test.go	0	54	1473	52
/Users/chrishafley/projects/typescript-go/internal/fourslash/tests/gen/goToTypeDefinitionPrimitives_test.go	0	70	844	30
/Users/chrishafley/projects/typescript-go/internal/fourslash/tests/gen/organizeImports13_test.go	0	50	2099	98
/Users/chrishafley/projects/typescript-go/internal/fourslash/tests/gen/goToDefinitionAlias_test.go	0	55	1093	40
/Users/chrishafley/projects/typescript-go/internal/fourslash/tests/gen/goToDefinitionFunctionType_test.go	0	52	885	31
/Users/chrishafley/projects/typescript-go/internal/fourslash/tests/gen/renameForDefaultExport02_test.go	0	50	1198	32
/Users/chrishafley/projects/typescript-go/internal/fourslash/tests/gen/docCommentTemplateExportAssignmentJS_test.go	0	43	881	31
/Users/chrishafley/projects/typescript-go/internal/fourslash/tests/gen/completionsImportModuleAugmentationWithJS_test.go	0	50	1195	51
/Users/chrishafley/projects/typescript-go/internal/fourslash/tests/gen/quickInfoOnJsxNamespacedName_test.go	0	41	766	27
/Users/chrishafley/projects/typescript-go/internal/fourslash/tests/gen/codeFixMissingTypeAnnotationOnExports22-formatting_test.go	0	52	947	35
/Users/chrishafley/projects/typescript-go/internal/fourslash/tests/gen/completionReturnConstAssertion_test.go	0	46	1307	46
/Users/chrishafley/projects/typescript-go/internal/fourslash/tests/gen/stringLiteralCompletionsInJsxAttributeInitializer_test.go	0	64	2075	67
/Users/chrishafley/projects/typescript-go/internal/fourslash/tests/gen/semanticClassification2_test.go	0	67	943	32
/Users/chrishafley/projects/typescript-go/internal/fourslash/tests/gen/formatSpaceAfterTemplateHeadAndMiddle_test.go	0	70	1458	55
/Users/chrishafley/projects/typescript-go/internal/fourslash/tests/gen/referencesForStatic_test.go	0	67	1034	46
/Users/chrishafley/projects/typescript-go/internal/fourslash/tests/gen/findAllRefsTypeParameterInMergedInterface_test.go	0	42	705	22
/Users/chrishafley/projects/typescript-go/internal/fourslash/tests/gen/renameFromNodeModulesDep4_test.go	0	53	1862	46
/Users/chrishafley/projects/typescript-go/internal/fourslash/tests/gen/jsxElementMissingOpeningTagNoCrash_test.go	0	52	688	23
/Users/chrishafley/projects/typescript-go/internal/fourslash/tests/gen/smartSelection_emptyRanges_test.go	0	46	701	27
/Users/chrishafley/projects/typescript-go/internal/fourslash/tests/gen/completionListInNamedFunctionExpressionWithShadowing_test.go	0	58	1832	61
/Users/chrishafley/projects/typescript-go/internal/fourslash/tests/gen/unusedFunctionInNamespace4_test.go	0	48	744	27
/Users/chrishafley/projects/typescript-go/internal/fourslash/tests/gen/findAllRefsJsDocTemplateTag_class_test.go	0	58	654	22
/Users/chrishafley/projects/typescript-go/internal/fourslash/tests/gen/renameStringLiteralTypes4_test.go	0	58	708	27
/Users/chrishafley/projects/typescript-go/internal/fourslash/tests/gen/codeFixAddMissingFunctionDeclaration20_test.go	0	49	690	24
/Users/chrishafley/projects/typescript-go/internal/fourslash/tests/gen/importStatementCompletions_pnpm1_test.go	0	54	2443	66
/Users/chrishafley/projects/typescript-go/internal/fourslash/tests/gen/completionListInObjectBindingPattern15_test.go	0	49	2472	91
/Users/chrishafley/projects/typescript-go/internal/fourslash/tests/gen/codeFixClassImplementInterfaceIndexType_test.go	0	48	861	33
/Users/chrishafley/projects/typescript-go/internal/fourslash/tests/gen/jsdocLink3_test.go	0	70	840	35
/Users/chrishafley/projects/typescript-go/internal/fourslash/tests/gen/completionListInObjectBindingPattern05_test.go	0	49	1118	40
/Users/chrishafley/projects/typescript-go/internal/fourslash/tests/gen/completionsWithDeprecatedTag3_test.go	0	49	1342	44
/Users/chrishafley/projects/typescript-go/internal/fourslash/tests/gen/completionsPropertiesPriorities_test.go	0	52	2054	72
/Users/chrishafley/projects/typescript-go/internal/fourslash/tests/gen/goToSource9_mapFromAtTypes2_test.go	0	51	3339	90
/Users/chrishafley/projects/typescript-go/internal/fourslash/tests/gen/quickInfoOnElementAccessInWriteLocation2_test.go	0	54	751	24
/Users/chrishafley/projects/typescript-go/internal/fourslash/tests/gen/completionForMetaProperty_test.go	0	47	1998	64
/Users/chrishafley/projects/typescript-go/internal/fourslash/tests/gen/renameInheritedProperties1_test.go	0	55	746	26
/Users/chrishafley/projects/typescript-go/internal/fourslash/tests/gen/importNameCodeFixNewImportRootDirs0_test.go	0	47	893	37
/Users/chrishafley/projects/typescript-go/internal/fourslash/tests/gen/completionsObjectLiteralMethod5_test.go	0	62	2241	65
/Users/chrishafley/projects/typescript-go/internal/fourslash/tests/gen/inlayHintsPropertyDeclarations_test.go	0	48	1031	36
/Users/chrishafley/projects/typescript-go/internal/fourslash/tests/gen/formattingOnClasses_test.go	0	58	13416	236
/Users/chrishafley/projects/typescript-go/internal/fourslash/tests/gen/importNameCodeFixNewImportFileQuoteStyle2_test.go	0	43	867	32
/Users/chrishafley/projects/typescript-go/internal/fourslash/tests/gen/completionsUniqueSymbol1_test.go	0	49	1616	58
/Users/chrishafley/projects/typescript-go/internal/fourslash/tests/gen/getOccurrencesModifiersNegatives1_test.go	0	46	2512	54
/Users/chrishafley/projects/typescript-go/internal/fourslash/tests/gen/missingMethodAfterEditAfterImport_test.go	0	50	845	30
/Users/chrishafley/projects/typescript-go/internal/fourslash/tests/gen/navigationBarItemsMissingName1_test.go	0	42	633	24
/Users/chrishafley/projects/typescript-go/internal/fourslash/tests/gen/quickInfoDisplayPartsInterface_test.go	0	45	632	23
/Users/chrishafley/projects/typescript-go/internal/fourslash/tests/gen/declareFunction_test.go	0	58	801	29
/Users/chrishafley/projects/typescript-go/internal/fourslash/tests/gen/quickInfoForContextuallyTypedFunctionInReturnStatement_test.go	0	50	979	34
/Users/chrishafley/projects/typescript-go/internal/fourslash/tests/gen/completionListForNonExportedMemberInAmbientModuleWithExportAssignment1_test.go	0	45	1101	27
/Users/chrishafley/projects/typescript-go/internal/fourslash/tests/gen/autoImportProvider_referencesCrash_test.go	0	47	1890	49
/Users/chrishafley/projects/typescript-go/internal/fourslash/tests/gen/goToDefinitionPrimitives_test.go	0	49	627	21
/Users/chrishafley/projects/typescript-go/internal/fourslash/tests/gen/quickinfoVerbosityTypeParameter_test.go	0	59	888	27
/Users/chrishafley/projects/typescript-go/internal/fourslash/tests/gen/completionForStringLiteralRelativeImport5_test.go	0	62	2536	78
/Users/chrishafley/projects/typescript-go/internal/fourslash/tests/gen/quickInfoOnInternalAliases_test.go	0	61	2188	50
/Users/chrishafley/projects/typescript-go/internal/fourslash/tests/gen/completionListInUnclosedFunction01_test.go	0	46	1074	38
/Users/chrishafley/projects/typescript-go/internal/fourslash/tests/gen/formatSelectionWithTrivia6_test.go	0	59	675	24
/Users/chrishafley/projects/typescript-go/internal/fourslash/tests/gen/completionsImport_46332_test.go	0	51	3009	103
/Users/chrishafley/projects/typescript-go/internal/fourslash/tests/gen/goToDefinitionJsDocImportTag2_test.go	0	48	756	28
/Users/chrishafley/projects/typescript-go/internal/fourslash/tests/gen/goToDefinitionDifferentFile_test.go	0	46	1389	32
/Users/chrishafley/projects/typescript-go/internal/fourslash/tests/gen/importNameCodeFix_withJson_test.go	0	67	794	32
/Users/chrishafley/projects/typescript-go/internal/fourslash/tests/gen/completionListInUnclosedFunction11_test.go	0	69	1161	38
/Users/chrishafley/projects/typescript-go/internal/fourslash/tests/gen/inlayHintsInteractiveOverloadCall_test.go	0	43	1305	42
/Users/chrishafley/projects/typescript-go/internal/fourslash/tests/gen/navigationBarItemsEmptyConstructors_test.go	0	58	643	24
/Users/chrishafley/projects/typescript-go/internal/fourslash/tests/gen/formattingOnOpenBraceOfFunctions_test.go	0	57	701	26
/Users/chrishafley/projects/typescript-go/internal/fourslash/tests/gen/findAllRefsForModuleGlobal_test.go	0	56	780	27
/Users/chrishafley/projects/typescript-go/internal/fourslash/tests/gen/doubleUnderscoreCompletions_test.go	0	58	1572	52
/Users/chrishafley/projects/typescript-go/internal/fourslash/tests/gen/importNameCodeFix_trailingComma_test.go	0	56	851	39
/Users/chrishafley/projects/typescript-go/internal/fourslash/tests/gen/completionForStringLiteral_quotePreference6_test.go	0	55	1343	42
/Users/chrishafley/projects/typescript-go/internal/fourslash/tests/gen/tsxQuickInfo3_test.go	0	55	1102	40
/Users/chrishafley/projects/typescript-go/internal/fourslash/tests/gen/inlayHintsInteractiveTemplateLiteralTypes_test.go	0	66	1347	30
/Users/chrishafley/projects/typescript-go/internal/fourslash/tests/gen/signatureHelpObjectLiteral_test.go	0	51	1074	25
/Users/chrishafley/projects/typescript-go/internal/fourslash/tests/gen/findAllRefsWithLeadingUnderscoreNames9_test.go	0	52	679	23
/Users/chrishafley/projects/typescript-go/internal/fourslash/tests/gen/completionListOnPrivateVariableInModule_test.go	0	65	1198	37
/Users/chrishafley/projects/typescript-go/internal/fourslash/tests/gen/codeFixInferFromUsageOptionalParam2_test.go	0	57	694	24
/Users/chrishafley/projects/typescript-go/internal/fourslash/tests/gen/completionListInArrowFunctionInUnclosedCallSite01_test.go	0	72	1218	38
/Users/chrishafley/projects/typescript-go/internal/fourslash/tests/gen/codeFixClassImplementInterfaceQualifiedName_test.go	0	62	881	33
/Users/chrishafley/projects/typescript-go/internal/fourslash/tests/gen/smartSelection_templateStrings_test.go	0	62	642	23
/Users/chrishafley/projects/typescript-go/internal/fourslash/tests/gen/autoImportPackageJsonImports_capsInPath2_test.go	0	87	893	31
/Users/chrishafley/projects/typescript-go/internal/fourslash/tests/gen/findAllReferencesFromLinkTagReference4_test.go	0	56	664	25
/Users/chrishafley/projects/typescript-go/internal/fourslash/tests/gen/codeFixAddMissingAwait_notAvailableWithoutPromise_test.go	0	85	695	23
/Users/chrishafley/projects/typescript-go/internal/fourslash/tests/gen/getQuickInfoForIntersectionTypes_test.go	0	41	689	25
/Users/chrishafley/projects/typescript-go/internal/fourslash/tests/gen/commentsVariables_test.go	0	84	7180	235
/Users/chrishafley/projects/typescript-go/internal/fourslash/tests/gen/quickInfoLink10_test.go	0	36	627	24
/Users/chrishafley/projects/typescript-go/internal/fourslash/tests/gen/codeFixPropertyOverrideAccess4_test.go	0	43	786	31
/Users/chrishafley/projects/typescript-go/internal/fourslash/tests/gen/removeDeclareInModule_test.go	0	52	691	27
/Users/chrishafley/projects/typescript-go/internal/fourslash/tests/gen/completionListInTypeLiteralInTypeParameter2_test.go	0	50	1123	43
/Users/chrishafley/projects/typescript-go/internal/fourslash/tests/gen/codeFixAddVoidToPromise5_test.go	0	64	692	24
/Users/chrishafley/projects/typescript-go/internal/fourslash/tests/gen/signatureHelpInCallback_test.go	0	44	785	26
/Users/chrishafley/projects/typescript-go/internal/fourslash/tests/gen/codeFixClassImplementInterfaceObjectLiteral_test.go	0	52	1003	39
/Users/chrishafley/projects/typescript-go/internal/fourslash/tests/gen/getOccurrencesConst02_test.go	0	51	905	31
/Users/chrishafley/projects/typescript-go/internal/fourslash/tests/gen/completionEntryForClassMembers_StaticWhenBaseTypeIsNotResolved_test.go	0	64	1240	40
/Users/chrishafley/projects/typescript-go/internal/fourslash/tests/gen/docCommentTemplateFunctionWithParameters_test.go	0	51	1007	36
/Users/chrishafley/projects/typescript-go/internal/fourslash/tests/gen/partialUnionPropertyCacheInconsistentErrors_test.go	0	43	1418	58
/Users/chrishafley/projects/typescript-go/internal/fourslash/tests/gen/completionsOptionalKindModifier_test.go	0	61	1456	48
/Users/chrishafley/projects/typescript-go/internal/fourslash/tests/gen/quickInfoMappedType_test.go	0	60	950	33
/Users/chrishafley/projects/typescript-go/internal/fourslash/tests/gen/completionListInUnclosedSpreadExpression02_test.go	0	46	1046	35
/Users/chrishafley/projects/typescript-go/internal/fourslash/tests/gen/forceIndentAfterNewLineInsert_test.go	0	57	833	39
/Users/chrishafley/projects/typescript-go/internal/fourslash/tests/gen/genericCombinators1_test.go	0	49	3435	79
/Users/chrishafley/projects/typescript-go/internal/fourslash/tests/gen/augmentedTypesModule3_test.go	0	43	1324	43
/Users/chrishafley/projects/typescript-go/internal/fourslash/tests/gen/updateSourceFile_jsdocSignature_test.go	0	58	652	26
/Users/chrishafley/projects/typescript-go/internal/fourslash/tests/gen/regexp_test.go	0	56	576	21
/Users/chrishafley/projects/typescript-go/internal/fourslash/tests/gen/getJavaScriptSyntacticDiagnostics23_test.go	0	53	812	30
/Users/chrishafley/projects/typescript-go/internal/fourslash/tests/gen/autoImportProvider_exportMap7_test.go	0	58	2710	91
/Users/chrishafley/projects/typescript-go/internal/fourslash/tests/gen/javaScriptModules13_test.go	0	56	2405	85
/Users/chrishafley/projects/typescript-go/internal/fourslash/tests/gen/functionProperty_test.go	0	50	2491	80
/Users/chrishafley/projects/typescript-go/internal/fourslash/tests/gen/findAllRefsExportEquals_test.go	0	61	727	25
/Users/chrishafley/projects/typescript-go/internal/fourslash/tests/gen/codeFixAmbientClassImplementClassMethodViaHeritage_test.go	0	60	757	32
/Users/chrishafley/projects/typescript-go/internal/fourslash/tests/gen/jsDocIndentationPreservation3_test.go	0	62	803	29
/Users/chrishafley/projects/typescript-go/internal/fourslash/tests/gen/exportEqualsInterfaceA_test.go	0	53	751	29
/Users/chrishafley/projects/typescript-go/internal/fourslash/tests/gen/renameStringPropertyNames2_test.go	0	42	732	28
/Users/chrishafley/projects/typescript-go/internal/fourslash/tests/gen/quickInfoFromEmptyBlockComment_test.go	0	49	651	24
/Users/chrishafley/projects/typescript-go/internal/fourslash/tests/gen/findAllRefsDefinition_test.go	0	48	613	22
/Users/chrishafley/projects/typescript-go/internal/fourslash/tests/gen/findAllRefsForStringLiteralTypes_test.go	0	42	695	22
/Users/chrishafley/projects/typescript-go/internal/fourslash/tests/gen/memberListInFunctionCall2_test.go	0	52	1270	47
/Users/chrishafley/projects/typescript-go/internal/fourslash/tests/gen/organizeImportsType8_test.go	0	46	2713	80
/Users/chrishafley/projects/typescript-go/internal/fourslash/tests/gen/tsxFindAllReferences9_test.go	0	42	1517	49
/Users/chrishafley/projects/typescript-go/internal/fourslash/tests/gen/signatureHelpForSuperCalls1_test.go	0	54	1041	39
/Users/chrishafley/projects/typescript-go/internal/fourslash/tests/gen/getOccurrencesIsDefinitionOfVariable_test.go	0	44	1016	37
/Users/chrishafley/projects/typescript-go/internal/fourslash/tests/gen/quickInfoDisplayPartsEnum2_test.go	0	45	1015	38
/Users/chrishafley/projects/typescript-go/internal/fourslash/tests/gen/completionsECMAPrivateMember_test.go	0	65	1214	46
/Users/chrishafley/projects/typescript-go/internal/fourslash/tests/gen/getOccurrencesAfterEdit_test.go	0	38	791	30
/Users/chrishafley/projects/typescript-go/internal/fourslash/tests/gen/jsxWithTypeParametershasInstantiatedSignatureHelp_test.go	0	51	1076	35
/Users/chrishafley/projects/typescript-go/internal/fourslash/tests/gen/getJavaScriptQuickInfo4_test.go	0	56	727	24
/Users/chrishafley/projects/typescript-go/internal/fourslash/tests/gen/findAllRefsModuleAugmentation_test.go	0	42	807	28
/Users/chrishafley/projects/typescript-go/internal/fourslash/tests/gen/quickInfoFromContextualUnionType3_test.go	0	47	1309	47
/Users/chrishafley/projects/typescript-go/internal/fourslash/tests/gen/getOutliningSpansDepthElseIf_test.go	0	48	1675	103
/Users/chrishafley/projects/typescript-go/internal/fourslash/tests/gen/goToDefinitionOverriddenMember24_test.go	0	50	788	32
/Users/chrishafley/projects/typescript-go/internal/fourslash/tests/gen/formattingJsxTexts3_test.go	0	46	778	35
/Users/chrishafley/projects/typescript-go/internal/fourslash/tests/gen/linkedEditingJsxTag3_test.go	0	56	1087	47
/Users/chrishafley/projects/typescript-go/internal/fourslash/tests/gen/completionsWithOptionalProperties_test.go	0	51	1480	50
/Users/chrishafley/projects/typescript-go/internal/fourslash/tests/gen/javascriptModulesTypeImport_test.go	0	37	1243	46
/Users/chrishafley/projects/typescript-go/internal/fourslash/tests/gen/unusedClassInNamespace1_test.go	0	62	685	26
/Users/chrishafley/projects/typescript-go/internal/fourslash/tests/gen/completionListInObjectLiteral7_test.go	0	49	1195	42
/Users/chrishafley/projects/typescript-go/internal/fourslash/tests/gen/completionInsideFunctionContainsArguments_test.go	0	56	1543	53
/Users/chrishafley/projects/typescript-go/internal/fourslash/tests/gen/completionListInUnclosedIndexSignature03_test.go	0	62	1057	36
/Users/chrishafley/projects/typescript-go/internal/fourslash/tests/gen/getOccurrencesThis2_test.go	0	54	2964	160
/Users/chrishafley/projects/typescript-go/internal/fourslash/tests/gen/codeFixTopLevelAwait_target_noTsConfig_test.go	0	41	683	24
/Users/chrishafley/projects/typescript-go/internal/fourslash/tests/gen/unusedImports3FS_test.go	0	41	903	35
/Users/chrishafley/projects/typescript-go/internal/fourslash/tests/gen/semanticClassificationUninstantiatedModuleWithVariableOfSameName2_test.go	0	57	1230	44
/Users/chrishafley/projects/typescript-go/internal/fourslash/tests/gen/quickInfoForTypeofParameter_test.go	0	57	752	25
/Users/chrishafley/projects/typescript-go/internal/fourslash/tests/gen/jsQuickInfoGenerallyAcceptableSize_test.go	0	53	18814	228
/Users/chrishafley/projects/typescript-go/internal/fourslash/tests/gen/importNameCodeFix_jsCJSvsESM3_test.go	0	50	949	38
/Users/chrishafley/projects/typescript-go/internal/fourslash/tests/gen/quickInfoCircularInstantiationExpression_test.go	0	58	662	22
/Users/chrishafley/projects/typescript-go/internal/fourslash/tests/gen/goToDefinitionOverriddenMember7_test.go	0	51	677	24
/Users/chrishafley/projects/typescript-go/internal/fourslash/tests/gen/completionsImport_reExport_wrongName_test.go	0	46	2477	80
/Users/chrishafley/projects/typescript-go/internal/fourslash/tests/gen/codeFixConvertToMappedObjectType5_test.go	0	48	658	24
/Users/chrishafley/projects/typescript-go/internal/fourslash/tests/gen/jsDocAugments_test.go	0	54	853	36
/Users/chrishafley/projects/typescript-go/internal/fourslash/tests/gen/goToDefinitionUnionTypeProperty_discriminated_test.go	0	52	963	40
/Users/chrishafley/projects/typescript-go/internal/fourslash/tests/gen/goToImplementationShorthandPropertyAssignment_00_test.go	0	49	1122	51
/Users/chrishafley/projects/typescript-go/internal/fourslash/tests/gen/importNameCodeFix_reExportDefault_test.go	0	62	1453	58
/Users/chrishafley/projects/typescript-go/internal/fourslash/tests/gen/completionListBuilderLocations_parameters_test.go	0	66	1200	37
/Users/chrishafley/projects/typescript-go/internal/fourslash/tests/gen/goToDefinitionUnionTypeProperty4_test.go	0	54	895	37
/Users/chrishafley/projects/typescript-go/internal/fourslash/tests/gen/renameNamespace_test.go	0	55	673	27
/Users/chrishafley/projects/typescript-go/internal/fourslash/tests/gen/inlayHintsQuotePreference1_test.go	0	50	956	25
/Users/chrishafley/projects/typescript-go/internal/fourslash/tests/gen/goToDefinitionSignatureAlias_test.go	0	50	1833	54
/Users/chrishafley/projects/typescript-go/internal/fourslash/tests/gen/codeFixInferFromUsageInaccessibleTypes_test.go	0	44	877	37
/Users/chrishafley/projects/typescript-go/internal/fourslash/tests/gen/signatureHelpAtEOF_test.go	0	44	793	25
/Users/chrishafley/projects/typescript-go/internal/fourslash/tests/gen/signatureHelpTaggedTemplatesNegatives2_test.go	0	53	741	24
/Users/chrishafley/projects/typescript-go/internal/fourslash/tests/gen/javaScriptClass2_test.go	0	47	887	31
/Users/chrishafley/projects/typescript-go/internal/fourslash/tests/gen/inlayHintsInferredTypePredicate1_test.go	0	44	915	26
/Users/chrishafley/projects/typescript-go/internal/fourslash/tests/gen/autoImportSpecifierExcludeRegexes1_test.go	0	53	3882	87
/Users/chrishafley/projects/typescript-go/internal/fourslash/tests/gen/formatJsxWithKeywordInIdentifier_test.go	0	46	699	23
/Users/chrishafley/projects/typescript-go/internal/fourslash/tests/gen/referencesForOverrides_test.go	0	44	1866	94
/Users/chrishafley/projects/typescript-go/internal/fourslash/tests/gen/jsDocFunctionSignatures6_test.go	0	45	911	30
/Users/chrishafley/projects/typescript-go/internal/fourslash/tests/gen/quickInfoAlias_test.go	0	46	821	42
/Users/chrishafley/projects/typescript-go/internal/fourslash/tests/gen/referencesForStringLiteralPropertyNames2_test.go	0	51	707	26
/Users/chrishafley/projects/typescript-go/internal/fourslash/tests/gen/codeFixRequireInTs3_test.go	0	55	629	22
/Users/chrishafley/projects/typescript-go/internal/fourslash/tests/gen/completionListAfterNumericLiteral_test.go	0	50	1637	47
/Users/chrishafley/projects/typescript-go/internal/fourslash/tests/gen/autoImportProvider7_test.go	0	55	2969	79
/Users/chrishafley/projects/typescript-go/internal/fourslash/tests/gen/organizeImports8_test.go	0	59	749	28
/Users/chrishafley/projects/typescript-go/internal/fourslash/tests/gen/getOccurrencesDeclare1_test.go	0	68	1853	73
/Users/chrishafley/projects/typescript-go/internal/fourslash/tests/gen/genericCloduleCompletionList_test.go	0	66	1059	36
/Users/chrishafley/projects/typescript-go/internal/fourslash/tests/gen/quickInfoOnJsxIntrinsicDeclaredUsingTemplateLiteralTypeSignatures_test.go	0	73	891	30
/Users/chrishafley/projects/typescript-go/internal/fourslash/tests/gen/quickInfoSpecialPropertyAssignment_test.go	0	53	835	30
/Users/chrishafley/projects/typescript-go/internal/fourslash/tests/gen/importCompletionsPackageJsonImportsPattern_js_ts_test.go	0	56	1237	43
/Users/chrishafley/projects/typescript-go/internal/fourslash/tests/gen/exportInLabeledStatement_test.go	0	44	727	23
/Users/chrishafley/projects/typescript-go/internal/fourslash/tests/gen/quickInfoForArgumentsPropertyNameInJsMode2_test.go	0	53	694	27
/Users/chrishafley/projects/typescript-go/internal/fourslash/tests/gen/findAllRefsForFunctionExpression01_test.go	0	51	832	27
/Users/chrishafley/projects/typescript-go/internal/fourslash/tests/gen/goToImplementationNamespace_05_test.go	0	42	950	32
/Users/chrishafley/projects/typescript-go/internal/fourslash/tests/gen/signatureHelpRestArgs1_test.go	0	67	751	29
/Users/chrishafley/projects/typescript-go/internal/fourslash/tests/gen/importNameCodeFixNewImportAllowSyntheticDefaultImports5_test.go	0	49	944	34
/Users/chrishafley/projects/typescript-go/internal/fourslash/tests/gen/jsDocSignature-43394_test.go	0	65	659	25
/Users/chrishafley/projects/typescript-go/internal/fourslash/tests/gen/completionListInTypeLiteralInTypeParameter13_test.go	0	57	1550	57
/Users/chrishafley/projects/typescript-go/internal/fourslash/tests/gen/referencesForInheritedProperties4_test.go	0	64	752	28
/Users/chrishafley/projects/typescript-go/internal/fourslash/tests/gen/autoImportAllowImportingTsExtensionsPackageJsonImports2_test.go	0	52	1222	47
/Users/chrishafley/projects/typescript-go/internal/fourslash/tests/gen/goToDefinitionExternalModuleName2_test.go	0	73	740	26
/Users/chrishafley/projects/typescript-go/internal/fourslash/tests/gen/docCommentTemplateInMultiLineComment_test.go	0	51	771	24
/Users/chrishafley/projects/typescript-go/internal/fourslash/tests/gen/augmentedTypesClass1_test.go	0	65	1702	57
/Users/chrishafley/projects/typescript-go/internal/fourslash/tests/gen/autoImportFileExcludePatterns5_test.go	0	60	1553	48
/Users/chrishafley/projects/typescript-go/internal/fourslash/tests/gen/findReferencesAcrossMultipleProjects_test.go	0	70	786	28
/Users/chrishafley/projects/typescript-go/internal/fourslash/tests/gen/goToImplementationClassMethod_01_test.go	0	64	822	31
/Users/chrishafley/projects/typescript-go/internal/fourslash/tests/gen/removeDeclareFunctionExports_test.go	0	58	732	25
/Users/chrishafley/projects/typescript-go/internal/fourslash/tests/gen/addAllMissingImportsNoCrash_test.go	0	68	1122	43
/Users/chrishafley/projects/typescript-go/internal/fourslash/tests/gen/codeFixAddMissingAttributes5_test.go	0	60	858	34
/Users/chrishafley/projects/typescript-go/internal/fourslash/tests/gen/importNameCodeFixDefaultExport3_test.go	0	52	780	29
/Users/chrishafley/projects/typescript-go/internal/fourslash/tests/gen/goToDefinitionImportedNames_test.go	0	44	832	31
/Users/chrishafley/projects/typescript-go/internal/fourslash/tests/gen/docCommentTemplateJsSpecialPropertyAssignment_test.go	0	53	1007	36
/Users/chrishafley/projects/typescript-go/internal/fourslash/tests/gen/formatDocumentWithTrivia_test.go	0	54	925	66
/Users/chrishafley/projects/typescript-go/internal/fourslash/tests/gen/completionUsingKeyword_test.go	0	57	1380	53
/Users/chrishafley/projects/typescript-go/internal/fourslash/tests/gen/unusedImports12FS_test.go	0	58	806	28
/Users/chrishafley/projects/typescript-go/internal/fourslash/tests/gen/codeFixClassImplementInterfaceInNamespace_test.go	0	47	1046	47
/Users/chrishafley/projects/typescript-go/internal/fourslash/tests/gen/referencesForNoContext_test.go	0	45	859	40
/Users/chrishafley/projects/typescript-go/internal/fourslash/tests/gen/quickinfoExpressionTypeNotChangedViaDeletion_test.go	0	54	1034	31
/Users/chrishafley/projects/typescript-go/internal/fourslash/tests/gen/renameInheritedProperties8_test.go	0	56	808	30
/Users/chrishafley/projects/typescript-go/internal/fourslash/tests/gen/indentAfterFunctionClosingBraces_test.go	0	55	731	28
/Users/chrishafley/projects/typescript-go/internal/fourslash/tests/gen/quickInfoOnThis5_test.go	0	48	942	41
/Users/chrishafley/projects/typescript-go/internal/fourslash/tests/gen/completionListInExportClause03_test.go	0	58	1351	47
/Users/chrishafley/projects/typescript-go/internal/fourslash/tests/gen/completionForStringLiteralNonrelativeImportTypings1_test.go	0	56	1541	48
/Users/chrishafley/projects/typescript-go/internal/fourslash/tests/gen/quickInfoOnPropertyAccessInWriteLocation1_test.go	0	51	749	24
/Users/chrishafley/projects/typescript-go/internal/fourslash/tests/gen/goToDefinitionShorthandProperty03_test.go	0	51	712	26
/Users/chrishafley/projects/typescript-go/internal/fourslash/tests/gen/smartSelection_function2_test.go	0	47	608	23
/Users/chrishafley/projects/typescript-go/internal/fourslash/tests/gen/thisPredicateFunctionQuickInfo_test.go	0	42	2159	83
/Users/chrishafley/projects/typescript-go/internal/fourslash/tests/gen/referenceToClass_test.go	0	42	870	36
/Users/chrishafley/projects/typescript-go/internal/fourslash/tests/gen/renameImportAndExport_test.go	0	53	727	22
/Users/chrishafley/projects/typescript-go/internal/fourslash/tests/gen/aliasToVarUsedAsType_test.go	0	50	637	27
/Users/chrishafley/projects/typescript-go/internal/fourslash/tests/gen/completionDetailsOfContextSensitiveParameterNoCrash_test.go	0	42	3770	107
/Users/chrishafley/projects/typescript-go/internal/fourslash/tests/gen/codeFixInferFromUsageRestParam3_test.go	0	56	712	25
/Users/chrishafley/projects/typescript-go/internal/fourslash/tests/gen/getEditsForFileRename_nodeModuleDirectoryCase_test.go	0	51	800	24
/Users/chrishafley/projects/typescript-go/internal/fourslash/tests/gen/autoImportPackageJsonImportsPattern_ts_ts_test.go	0	43	877	31
/Users/chrishafley/projects/typescript-go/internal/fourslash/tests/gen/codeFixClassImplementInterfaceNoTruncationProperties_test.go	0	2228	1501952	33
/Users/chrishafley/projects/typescript-go/internal/fourslash/tests/gen/completionListInUnclosedFunction18_test.go	0	47	1258	48
/Users/chrishafley/projects/typescript-go/internal/fourslash/tests/gen/formattingMappedType_test.go	0	50	810	27
/Users/chrishafley/projects/typescript-go/internal/fourslash/tests/gen/quickInfoForTypeParameterInTypeAlias2_test.go	0	51	1354	30
/Users/chrishafley/projects/typescript-go/internal/fourslash/tests/gen/completionsRecommended_nonAccessibleSymbol_test.go	0	45	1047	37
/Users/chrishafley/projects/typescript-go/internal/fourslash/tests/gen/completionListInUnclosedFunction08_test.go	0	40	1184	42
/Users/chrishafley/projects/typescript-go/internal/fourslash/tests/gen/referencesForGlobalsInExternalModule_test.go	0	37	983	35
/Users/chrishafley/projects/typescript-go/internal/fourslash/tests/gen/referencesForAmbients2_test.go	0	36	916	35
/Users/chrishafley/projects/typescript-go/internal/fourslash/tests/gen/unusedEnumInNamespace1_test.go	0	36	694	27
/Users/chrishafley/projects/typescript-go/internal/fourslash/tests/gen/completionEntryForArrayElementConstrainedToString_test.go	0	42	1121	36
/Users/chrishafley/projects/typescript-go/internal/fourslash/tests/gen/navigationBarMerging_test.go	0	38	1179	53
/Users/chrishafley/projects/typescript-go/internal/fourslash/tests/gen/formatNoSpaceBeforeCloseBrace3_test.go	0	40	674	24
/Users/chrishafley/projects/typescript-go/internal/fourslash/tests/gen/completionsOverridingMethod12_test.go	0	48	3164	102
/Users/chrishafley/projects/typescript-go/internal/fourslash/tests/gen/tsxGoToDefinitionUnionElementType1_test.go	0	41	1017	37
/Users/chrishafley/projects/typescript-go/internal/fourslash/tests/gen/findAllRefsForStaticInstancePropertyInheritance_test.go	0	47	917	41
/Users/chrishafley/projects/typescript-go/internal/fourslash/tests/gen/completionListAtDeclarationOfParameterType_test.go	0	46	1131	41
/Users/chrishafley/projects/typescript-go/internal/fourslash/tests/gen/jsxTagNameCompletionClosed_test.go	0	52	4891	160
/Users/chrishafley/projects/typescript-go/internal/fourslash/tests/gen/referencesForLabel6_test.go	0	49	708	24
/Users/chrishafley/projects/typescript-go/internal/fourslash/tests/gen/importTypeCompletions9_test.go	0	52	1584	53
/Users/chrishafley/projects/typescript-go/internal/fourslash/tests/gen/findAllRefs_importType_js3_test.go	0	42	838	31
/Users/chrishafley/projects/typescript-go/internal/fourslash/tests/gen/getOccurrencesReturn4_test.go	0	46	1042	39
/Users/chrishafley/projects/typescript-go/internal/fourslash/tests/gen/commentsEnumsFourslash_test.go	0	48	3018	89
/Users/chrishafley/projects/typescript-go/internal/fourslash/tests/gen/codeFixAddMissingImportForReactJsx1_test.go	0	48	1207	50
/Users/chrishafley/projects/typescript-go/internal/fourslash/tests/gen/outliningSpansForFunction_test.go	0	37	1456	100
/Users/chrishafley/projects/typescript-go/internal/fourslash/tests/gen/findAllRefsImportDefault_test.go	0	40	778	29
/Users/chrishafley/projects/typescript-go/internal/fourslash/tests/gen/incrementalResolveConstructorDeclaration_test.go	0	44	796	29
/Users/chrishafley/projects/typescript-go/internal/fourslash/tests/gen/quickInfoJsDocTagsFunctionOverload03_test.go	0	44	775	28
/Users/chrishafley/projects/typescript-go/internal/fourslash/tests/gen/tsxRename7_test.go	0	42	1179	39
/Users/chrishafley/projects/typescript-go/internal/fourslash/tests/gen/codeFixMissingTypeAnnotationOnExports34-object-spread_test.go	0	52	1688	80
/Users/chrishafley/projects/typescript-go/internal/fourslash/tests/gen/goToDefinitionConstructorOfClassWhenClassIsPrecededByNamespace01_test.go	0	50	799	30
/Users/chrishafley/projects/typescript-go/internal/fourslash/tests/gen/genericInterfacePropertyInference2_test.go	0	56	3492	108
/Users/chrishafley/projects/typescript-go/internal/fourslash/tests/gen/tsxCompletion2_test.go	0	46	1196	42
/Users/chrishafley/projects/typescript-go/internal/fourslash/tests/gen/formatTypeArgumentOnNewLine_test.go	0	48	891	33
/Users/chrishafley/projects/typescript-go/internal/fourslash/tests/gen/signatureHelpSuperConstructorOverload_test.go	0	48	1350	39
/Users/chrishafley/projects/typescript-go/internal/fourslash/tests/gen/completionInJSDocFunctionNew_test.go	0	54	1321	41
/Users/chrishafley/projects/typescript-go/internal/fourslash/tests/gen/formattingDecorators_test.go	0	57	4692	128
/Users/chrishafley/projects/typescript-go/internal/fourslash/tests/gen/completionListOnAliases2_test.go	0	49	4078	157
/Users/chrishafley/projects/typescript-go/internal/fourslash/tests/gen/typeCheckAfterResolve_test.go	0	50	852	31
/Users/chrishafley/projects/typescript-go/internal/fourslash/tests/gen/goToSource18_reusedFromDifferentFolder_test.go	0	42	2001	53
/Users/chrishafley/projects/typescript-go/internal/fourslash/tests/gen/inlayHintsInteractiveFunctionParameterTypes4_test.go	0	42	1072	33
/Users/chrishafley/projects/typescript-go/internal/fourslash/tests/gen/getJavaScriptGlobalCompletions1_test.go	0	48	1403	48
/Users/chrishafley/projects/typescript-go/internal/fourslash/tests/gen/goToImplementationThis_01_test.go	0	44	689	25
/Users/chrishafley/projects/typescript-go/internal/fourslash/tests/gen/assertContextualType_test.go	0	58	646	21
/Users/chrishafley/projects/typescript-go/internal/fourslash/tests/gen/codeFixMissingTypeAnnotationOnExports48_test.go	0	51	1778	56
/Users/chrishafley/projects/typescript-go/internal/fourslash/tests/gen/codeFixClassImplementInterfaceOptionalProperty_test.go	0	55	982	37
/Users/chrishafley/projects/typescript-go/internal/fourslash/tests/gen/completionsDestructuring_test.go	0	52	1112	37
/Users/chrishafley/projects/typescript-go/internal/fourslash/tests/gen/completionInJsDocQualifiedNames_test.go	0	63	1526	51
/Users/chrishafley/projects/typescript-go/internal/fourslash/tests/gen/goToImplementationInterfaceMethod_10_test.go	0	58	1300	60
/Users/chrishafley/projects/typescript-go/internal/fourslash/tests/gen/quickInfoOnClosingJsx_test.go	0	41	645	24
/Users/chrishafley/projects/typescript-go/internal/fourslash/tests/gen/argumentsAreAvailableAfterEditsAtEndOfFunction_test.go	0	40	1345	46
/Users/chrishafley/projects/typescript-go/internal/fourslash/tests/gen/goToDefinitionImportedNames3_test.go	0	50	1055	38
/Users/chrishafley/projects/typescript-go/internal/fourslash/tests/gen/formatAnyTypeLiteral_test.go	0	37	697	25
/Users/chrishafley/projects/typescript-go/internal/fourslash/tests/gen/goToImplementationInterfaceMethod_00_test.go	0	48	1010	38
/Users/chrishafley/projects/typescript-go/internal/fourslash/tests/gen/getEditsForFileRename_tsconfig_include_noChange_test.go	0	44	790	26
/Users/chrishafley/projects/typescript-go/internal/fourslash/tests/gen/renameDestructuringNestedBindingElement_test.go	0	46	1140	34
/Users/chrishafley/projects/typescript-go/internal/fourslash/tests/gen/completionsIsTypeOnlyCompletion_test.go	0	35	1161	40
/Users/chrishafley/projects/typescript-go/internal/fourslash/tests/gen/autoImportProvider_pnpm_test.go	0	40	1400	37
/Users/chrishafley/projects/typescript-go/internal/fourslash/tests/gen/codeFixMissingTypeAnnotationOnExports43-expando-functions-4_test.go	0	115	1169	38
/Users/chrishafley/projects/typescript-go/internal/fourslash/tests/gen/tripleSlashRefPathCompletionExtensionsAllowJSTrue_test.go	0	137	1345	55
/Users/chrishafley/projects/typescript-go/internal/fourslash/tests/gen/smartSelection_JSDocTags1_test.go	0	108	663	24
/Users/chrishafley/projects/typescript-go/internal/fourslash/tests/gen/signatureHelpFilteredTriggers03_test.go	0	62	1163	33
/Users/chrishafley/projects/typescript-go/internal/fourslash/tests/gen/importNameCodeFix_getCanonicalFileName_test.go	0	48	827	29
/Users/chrishafley/projects/typescript-go/internal/fourslash/tests/gen/documentHighlights_moduleImport_filesToSearch_test.go	0	62	1005	30
/Users/chrishafley/projects/typescript-go/internal/fourslash/tests/gen/codeFixInferFromFunctionThisUsageObjectPropertyShorthand_test.go	0	42	955	36
/Users/chrishafley/projects/typescript-go/internal/fourslash/tests/gen/completionListInTemplateLiteralParts1_test.go	0	58	1451	44
/Users/chrishafley/projects/typescript-go/internal/fourslash/tests/gen/completionListPrivateNames_test.go	0	58	2385	97
/Users/chrishafley/projects/typescript-go/internal/fourslash/tests/gen/quickInfoOnErrorTypes1_test.go	0	41	657	24
/Users/chrishafley/projects/typescript-go/internal/fourslash/tests/gen/goToDefinitionReturn2_test.go	0	45	672	25
/Users/chrishafley/projects/typescript-go/internal/fourslash/tests/gen/goToDefinitionImplicitConstructor_test.go	0	42	761	23
/Users/chrishafley/projects/typescript-go/internal/fourslash/tests/gen/goToDefinitionOverriddenMember12_test.go	0	93	731	27
/Users/chrishafley/projects/typescript-go/internal/fourslash/tests/gen/goToImplementationLocal_02_test.go	0	72	670	24
/Users/chrishafley/projects/typescript-go/internal/fourslash/tests/gen/getOccurrencesSwitchCaseDefault3_test.go	0	83	1003	36
/Users/chrishafley/projects/typescript-go/internal/fourslash/tests/gen/codeFixClassExtendAbstractPrivateProperty_test.go	0	99	762	27
/Users/chrishafley/projects/typescript-go/internal/fourslash/tests/gen/importStatementCompletions_noSnippet_test.go	0	75	1717	56
/Users/chrishafley/projects/typescript-go/internal/fourslash/tests/gen/jsdocDeprecated_suggestion12_test.go	0	65	1078	38
/Users/chrishafley/projects/typescript-go/internal/fourslash/tests/gen/importNameCodeFixExistingImport5_test.go	0	49	790	29
/Users/chrishafley/projects/typescript-go/internal/fourslash/tests/gen/formatMultilineComment_test.go	0	64	1625	61
/Users/chrishafley/projects/typescript-go/internal/fourslash/tests/gen/goToTypeDefinition2_test.go	0	45	829	31
/Users/chrishafley/projects/typescript-go/internal/fourslash/tests/gen/formattingArrayLiteral_test.go	0	56	1109	44
/Users/chrishafley/projects/typescript-go/internal/fourslash/tests/gen/jsDocTypedefQuickInfo1_test.go	0	80	1068	48
/Users/chrishafley/projects/typescript-go/internal/fourslash/tests/gen/signatureHelp_unionType_test.go	0	83	941	36
/Users/chrishafley/projects/typescript-go/internal/fourslash/tests/gen/goToDefinitionDecoratorOverloads_test.go	0	52	1017	33
/Users/chrishafley/projects/typescript-go/internal/fourslash/tests/gen/signatureHelpThis_test.go	0	87	1815	59
/Users/chrishafley/projects/typescript-go/internal/fourslash/tests/gen/tripleSlashReferenceResolutionMode_test.go	0	51	1723	40
/Users/chrishafley/projects/typescript-go/internal/fourslash/tests/gen/completionListInClosedFunction01_test.go	0	42	1060	37
/Users/chrishafley/projects/typescript-go/internal/fourslash/tests/gen/jsdocDeprecated_suggestion5_test.go	0	56	964	37
/Users/chrishafley/projects/typescript-go/internal/fourslash/tests/gen/getOccurrencesOfAnonymousFunction_test.go	0	60	783	25
/Users/chrishafley/projects/typescript-go/internal/fourslash/tests/gen/findAllRefsCommonJsRequire3_test.go	0	55	726	27
/Users/chrishafley/projects/typescript-go/internal/fourslash/tests/gen/typeOfAFundule_test.go	0	42	701	26
/Users/chrishafley/projects/typescript-go/internal/fourslash/tests/gen/findAllRefsForObjectLiteralProperties_test.go	0	39	719	27
/Users/chrishafley/projects/typescript-go/internal/fourslash/tests/gen/renameJsPropertyAssignment4_test.go	0	59	731	27
/Users/chrishafley/projects/typescript-go/internal/fourslash/tests/gen/completionsRecommended_namespace_test.go	0	48	2953	96
/Users/chrishafley/projects/typescript-go/internal/fourslash/tests/gen/memberCompletionOnTypeParameters2_test.go	0	51	1187	46
/Users/chrishafley/projects/typescript-go/internal/fourslash/tests/gen/importNameCodeFixNewImportPaths_withParentRelativePath_test.go	0	49	969	37
/Users/chrishafley/projects/typescript-go/internal/fourslash/tests/gen/completionListForExportEquals2_test.go	0	45	1390	46
/Users/chrishafley/projects/typescript-go/internal/fourslash/tests/gen/goToDefinition_filteringMappedType_test.go	0	50	760	23
/Users/chrishafley/projects/typescript-go/internal/fourslash/tests/gen/quickInfoOnProtectedConstructorCall_test.go	0	48	673	24
/Users/chrishafley/projects/typescript-go/internal/fourslash/tests/gen/annotateWithTypeFromJSDoc2_test.go	0	47	654	23
/Users/chrishafley/projects/typescript-go/internal/fourslash/tests/gen/completionsImport_filteredByPackageJson_@typesOnly_test.go	0	55	1952	67
/Users/chrishafley/projects/typescript-go/internal/fourslash/tests/gen/goToDefinitionJsModuleName_test.go	0	54	716	25
/Users/chrishafley/projects/typescript-go/internal/fourslash/tests/gen/getEditsForFileRename_tsconfig_test.go	0	73	1326	52
/Users/chrishafley/projects/typescript-go/internal/fourslash/tests/gen/semicolonFormattingNestedStatements_test.go	0	88	937	32
/Users/chrishafley/projects/typescript-go/internal/fourslash/tests/gen/goToSource12_callbackParam_test.go	0	82	1531	45
/Users/chrishafley/projects/typescript-go/internal/fourslash/tests/gen/updateToClassStatics_test.go	0	91	1156	37
/Users/chrishafley/projects/typescript-go/internal/fourslash/tests/gen/importNameCodeFixNewImportBaseUrl2_test.go	0	91	1090	41
/Users/chrishafley/projects/typescript-go/internal/fourslash/tests/gen/getJavaScriptCompletions2_test.go	0	82	1223	41
/Users/chrishafley/projects/typescript-go/internal/fourslash/tests/gen/multilineCommentBeforeOpenBrace_test.go	0	63	915	34
/Users/chrishafley/projects/typescript-go/internal/fourslash/tests/gen/tsxIncremental_test.go	0	64	704	29
/Users/chrishafley/projects/typescript-go/internal/fourslash/tests/gen/inlayHintsThisParameter_test.go	0	61	991	33
/Users/chrishafley/projects/typescript-go/internal/fourslash/tests/gen/completionListAtBeginningOfFile01_test.go	0	91	1064	40
/Users/chrishafley/projects/typescript-go/internal/fourslash/tests/gen/getJavaScriptSyntacticDiagnostics15_test.go	0	54	674	23
/Users/chrishafley/projects/typescript-go/internal/fourslash/tests/gen/quickInfoOnObjectLiteralWithOnlySetter_test.go	0	64	1643	51
/Users/chrishafley/projects/typescript-go/internal/fourslash/tests/gen/javascriptModules25_test.go	0	98	1113	39
/Users/chrishafley/projects/typescript-go/internal/fourslash/tests/gen/protoVarInContextualObjectLiteral_test.go	0	67	8703	317
/Users/chrishafley/projects/typescript-go/internal/fourslash/tests/gen/renameReExportDefault_test.go	0	89	1113	30
/Users/chrishafley/projects/typescript-go/internal/fourslash/tests/gen/quickInfoForAliasedGeneric_test.go	0	49	817	30
/Users/chrishafley/projects/typescript-go/internal/fourslash/tests/gen/completionListAfterRegularExpressionLiteral01_test.go	0	53	1468	48
/Users/chrishafley/projects/typescript-go/internal/fourslash/tests/gen/importNameCodeFix_importType7_test.go	0	75	1662	59
/Users/chrishafley/projects/typescript-go/internal/fourslash/tests/gen/completionListOnParamInClass_test.go	0	63	1097	38
/Users/chrishafley/projects/typescript-go/internal/fourslash/tests/gen/findAllRefsInheritedProperties5_test.go	0	48	778	32
/Users/chrishafley/projects/typescript-go/internal/fourslash/tests/gen/findAllRefsOnPrivateParameterProperty1_test.go	0	86	779	28
/Users/chrishafley/projects/typescript-go/internal/fourslash/tests/gen/completionListStaticProtectedMembers_test.go	0	55	4011	128
/Users/chrishafley/projects/typescript-go/internal/fourslash/tests/gen/codeFixClassImplementInterfaceCallSignature_test.go	0	58	696	24
/Users/chrishafley/projects/typescript-go/internal/fourslash/tests/gen/callHierarchyFunctionAmbiguity5_test.go	0	66	833	30
/Users/chrishafley/projects/typescript-go/internal/fourslash/tests/gen/completionEntryAfterASIExpressionInClass_test.go	0	48	1346	49
/Users/chrishafley/projects/typescript-go/internal/fourslash/tests/gen/completionsImportDefaultExportCrash1_test.go	0	51	1641	64
/Users/chrishafley/projects/typescript-go/internal/fourslash/tests/gen/unclosedCommentsInConstructor_test.go	0	58	631	23
/Users/chrishafley/projects/typescript-go/internal/fourslash/tests/gen/codeFixMissingTypeAnnotationOnExports15_test.go	0	52	1075	37
/Users/chrishafley/projects/typescript-go/internal/fourslash/tests/gen/completionListInClosedObjectTypeLiteralInSignature04_test.go	0	47	1389	43
/Users/chrishafley/projects/typescript-go/internal/fourslash/tests/gen/importNameCodeFixNewImportNodeModules6_test.go	0	55	1098	37
/Users/chrishafley/projects/typescript-go/internal/fourslash/tests/gen/importNameCodeFix_jsx6_test.go	0	63	1351	50
/Users/chrishafley/projects/typescript-go/internal/fourslash/tests/gen/importNameCodeFixNewImportFile1_test.go	0	53	912	33
/Users/chrishafley/projects/typescript-go/internal/fourslash/tests/gen/jsdocParam_suggestion1_test.go	0	50	813	34
/Users/chrishafley/projects/typescript-go/internal/fourslash/tests/gen/findReferencesJSXTagName3_test.go	0	57	1248	40
/Users/chrishafley/projects/typescript-go/internal/fourslash/tests/gen/completionListInUnclosedObjectTypeLiteralInSignature01_test.go	0	52	1273	44
/Users/chrishafley/projects/typescript-go/internal/fourslash/tests/gen/getOccurrencesAsyncAwait3_test.go	0	44	664	24
/Users/chrishafley/projects/typescript-go/internal/fourslash/tests/gen/noQuickInfoForLabel_test.go	0	43	691	26
/Users/chrishafley/projects/typescript-go/internal/fourslash/tests/gen/getRenameInfoTests2_test.go	0	61	632	24
/Users/chrishafley/projects/typescript-go/internal/fourslash/tests/gen/inlayHintsImportType2_test.go	0	82	1099	32
/Users/chrishafley/projects/typescript-go/internal/fourslash/tests/gen/organizeImports1_test.go	0	94	1669	85
/Users/chrishafley/projects/typescript-go/internal/fourslash/tests/gen/unusedClassInNamespaceWithTrivia1_test.go	0	78	755	28
/Users/chrishafley/projects/typescript-go/internal/fourslash/tests/gen/importMetaCompletionDetails_test.go	0	53	1253	41
/Users/chrishafley/projects/typescript-go/internal/fourslash/tests/gen/quickInfoOnCatchVariable_test.go	0	69	663	24
/Users/chrishafley/projects/typescript-go/internal/fourslash/tests/gen/quickInfoForObjectBindingElementName01_test.go	0	67	755	28
/Users/chrishafley/projects/typescript-go/internal/fourslash/tests/gen/genericCallSignaturesInNonGenericTypes2_test.go	0	72	838	27
/Users/chrishafley/projects/typescript-go/internal/fourslash/tests/gen/intellisenseInObjectLiteral_test.go	0	72	691	27
/Users/chrishafley/projects/typescript-go/internal/fourslash/tests/gen/importNameCodeFix_barrelExport5_test.go	0	77	1229	40
/Users/chrishafley/projects/typescript-go/internal/fourslash/tests/gen/codeFixInferFromUsageCallbackParameter7_test.go	0	84	751	26
/Users/chrishafley/projects/typescript-go/internal/fourslash/tests/gen/quickInfoJsDocTags13_test.go	0	70	887	45
/Users/chrishafley/projects/typescript-go/internal/fourslash/tests/gen/codefixInferFromUsageNullish_test.go	0	73	740	26
/Users/chrishafley/projects/typescript-go/internal/fourslash/tests/gen/completionListInExtendsClauseAtEOF_test.go	0	41	1057	36
/Users/chrishafley/projects/typescript-go/internal/fourslash/tests/gen/formatColonAndQMark_test.go	0	60	984	32
/Users/chrishafley/projects/typescript-go/internal/fourslash/tests/gen/superCallError0_test.go	0	52	697	29
/Users/chrishafley/projects/typescript-go/internal/fourslash/tests/gen/quickinfoVerbosityToplevelTruncation2_test.go	0	55	1754	69
/Users/chrishafley/projects/typescript-go/internal/fourslash/tests/gen/codeFixInferFromFunctionThisUsageObjectPropertyShorthandParameter_test.go	0	59	1014	36
/Users/chrishafley/projects/typescript-go/internal/fourslash/tests/gen/fixingTypeParametersQuickInfo_test.go	0	103	1001	26
/Users/chrishafley/projects/typescript-go/internal/fourslash/tests/gen/completionListInUnclosedTypeOfExpression01_test.go	0	97	1029	34
/Users/chrishafley/projects/typescript-go/internal/fourslash/tests/gen/referencesForGlobals4_test.go	0	101	754	26
/Users/chrishafley/projects/typescript-go/internal/fourslash/tests/gen/noErrorsAfterCompletionsRequestWithinGenericFunction1_test.go	0	81	788	26
/Users/chrishafley/projects/typescript-go/internal/fourslash/tests/gen/completionsJsdocParamTypeBeforeName_test.go	0	72	1748	57
/Users/chrishafley/projects/typescript-go/internal/fourslash/tests/gen/completionForStringLiteral_test.go	0	43	2875	102
/Users/chrishafley/projects/typescript-go/internal/fourslash/tests/gen/completionsCombineOverloads_restParameter_test.go	0	41	1594	55
/Users/chrishafley/projects/typescript-go/internal/fourslash/tests/gen/jsDocPropertyDescription2_test.go	0	40	760	27
/Users/chrishafley/projects/typescript-go/internal/fourslash/tests/gen/goToDefinitionImportMeta_test.go	0	69	769	28
/Users/chrishafley/projects/typescript-go/internal/fourslash/tests/gen/jsDocAliasQuickInfo_test.go	0	57	750	28
/Users/chrishafley/projects/typescript-go/internal/fourslash/tests/gen/defaultParamsAndContextualTypes_test.go	0	56	973	33
/Users/chrishafley/projects/typescript-go/internal/fourslash/tests/gen/goToDefinitionImport2_test.go	0	51	694	24
/Users/chrishafley/projects/typescript-go/internal/fourslash/tests/gen/quickInfoInOptionalChain_test.go	0	64	1375	43
/Users/chrishafley/projects/typescript-go/internal/fourslash/tests/gen/codeFixMissingTypeAnnotationOnExports4_test.go	0	59	985	36
/Users/chrishafley/projects/typescript-go/internal/fourslash/tests/gen/completionsImport_notFromUnrelatedNodeModules_test.go	0	64	1117	37
/Users/chrishafley/projects/typescript-go/internal/fourslash/tests/gen/quickInfoDisplayPartsExternalModules_test.go	0	87	1002	32
/Users/chrishafley/projects/typescript-go/internal/fourslash/tests/gen/renameReferenceFromLinkTag3_test.go	0	42	721	29
/Users/chrishafley/projects/typescript-go/internal/fourslash/tests/gen/goToImplementationInterface_03_test.go	0	52	720	23
/Users/chrishafley/projects/typescript-go/internal/fourslash/tests/gen/completionListInUnclosedForLoop02_test.go	0	45	1018	33
/Users/chrishafley/projects/typescript-go/internal/fourslash/tests/gen/consistenceOnIndentionsOfObjectsInAListAfterFormatting_test.go	0	41	776	27
/Users/chrishafley/projects/typescript-go/internal/fourslash/tests/gen/codeFixAddMissingFunctionDeclaration16_test.go	0	57	787	27
/Users/chrishafley/projects/typescript-go/internal/fourslash/tests/gen/completionListInStringLiterals2_test.go	0	54	1021	33
/Users/chrishafley/projects/typescript-go/internal/fourslash/tests/gen/referencesForContextuallyTypedUnionProperties2_test.go	0	45	1304	53
/Users/chrishafley/projects/typescript-go/internal/fourslash/tests/gen/findAllRefsJsDocImportTag4_test.go	0	54	1077	46
/Users/chrishafley/projects/typescript-go/internal/fourslash/tests/gen/completionListAtIdentifierDefinitionLocations_infers_test.go	0	73	764	24
/Users/chrishafley/projects/typescript-go/internal/fourslash/tests/gen/completionListNewIdentifierVariableDeclaration_test.go	0	114	652	21
/Users/chrishafley/projects/typescript-go/internal/fourslash/tests/gen/completionsImport_noSemicolons_test.go	0	46	943	35
/Users/chrishafley/projects/typescript-go/internal/fourslash/tests/gen/findAllRefsConstructorFunctions_test.go	0	85	810	29
/Users/chrishafley/projects/typescript-go/internal/fourslash/tests/gen/quickInfoJsDocTags7_test.go	0	43	769	32
/Users/chrishafley/projects/typescript-go/internal/fourslash/tests/gen/completionListOfGenericSymbol_test.go	0	85	1885	56
/Users/chrishafley/projects/typescript-go/internal/fourslash/tests/gen/quickInfoDisplayPartsClassAccessors_test.go	0	54	2045	55
/Users/chrishafley/projects/typescript-go/internal/fourslash/tests/gen/completionsImport_uriStyleNodeCoreModules2_test.go	0	44	2209	66
/Users/chrishafley/projects/typescript-go/internal/fourslash/tests/gen/goToTypeDefinitionImportMeta_test.go	0	47	781	28
/Users/chrishafley/projects/typescript-go/internal/fourslash/tests/gen/renameDestructuringAssignmentInFor_test.go	0	46	1116	34
/Users/chrishafley/projects/typescript-go/internal/fourslash/tests/gen/getOccurrencesLoopBreakContinue3_test.go	0	55	2261	83
/Users/chrishafley/projects/typescript-go/internal/fourslash/tests/gen/formattingSpaceBetweenParent_test.go	0	37	1047	33
/Users/chrishafley/projects/typescript-go/internal/fourslash/tests/gen/recursiveWrappedTypeParameters1_test.go	0	62	1178	39
/Users/chrishafley/projects/typescript-go/internal/fourslash/tests/gen/completionsGenericIndexedAccess2_test.go	0	51	1782	60
/Users/chrishafley/projects/typescript-go/internal/fourslash/tests/gen/completionListClassMembers_test.go	0	47	4178	130
/Users/chrishafley/projects/typescript-go/internal/fourslash/tests/gen/navbar_const_test.go	0	48	569	21
/Users/chrishafley/projects/typescript-go/internal/fourslash/tests/gen/completionListAtIdentifierDefinitionLocations_classes_test.go	0	54	700	23
/Users/chrishafley/projects/typescript-go/internal/fourslash/tests/gen/organizeImportsType1_test.go	0	62	1870	66
/Users/chrishafley/projects/typescript-go/internal/fourslash/tests/gen/docCommentTemplateInterfacePropertyFunctionType_test.go	0	50	997	36
/Users/chrishafley/projects/typescript-go/internal/fourslash/tests/gen/quickInfoJSExport_test.go	0	67	828	31
/Users/chrishafley/projects/typescript-go/internal/fourslash/tests/gen/goToDefinitionPartialImplementation_test.go	0	52	934	34
/Users/chrishafley/projects/typescript-go/internal/fourslash/tests/gen/getJavaScriptCompletions15_test.go	0	62	3111	105
/Users/chrishafley/projects/typescript-go/internal/fourslash/tests/gen/completionsAfterKeywordsInBlock_test.go	0	50	2555	92
/Users/chrishafley/projects/typescript-go/internal/fourslash/tests/gen/importNameCodeFix_avoidRelativeNodeModules_test.go	0	54	1084	38
/Users/chrishafley/projects/typescript-go/internal/fourslash/tests/gen/codeCompletionEscaping_test.go	0	40	1465	46
/Users/chrishafley/projects/typescript-go/internal/fourslash/tests/gen/findAllRefs_importType_typeofImport_test.go	0	48	789	25
/Users/chrishafley/projects/typescript-go/internal/fourslash/tests/gen/navigationBarItemsImports_test.go	0	44	743	31
/Users/chrishafley/projects/typescript-go/internal/fourslash/tests/gen/quickInfoDisplayPartsVar_test.go	0	34	868	35
/Users/chrishafley/projects/typescript-go/internal/fourslash/tests/gen/getOccurrencesThrow4_test.go	0	44	1378	62
/Users/chrishafley/projects/typescript-go/internal/fourslash/tests/gen/completionOfAwaitPromise5_test.go	0	38	1412	47
/Users/chrishafley/projects/typescript-go/internal/fourslash/tests/gen/genericFunctionReturnType_test.go	0	34	1063	31
/Users/chrishafley/projects/typescript-go/internal/fourslash/tests/gen/spaceAfterStatementConditions_test.go	0	47	1242	64
/Users/chrishafley/projects/typescript-go/internal/fourslash/tests/gen/documentHighlightJSDocTypedef_test.go	0	37	908	36
/Users/chrishafley/projects/typescript-go/internal/fourslash/tests/gen/tsxCompletion15_test.go	0	49	5893	190
/Users/chrishafley/projects/typescript-go/internal/fourslash/tests/gen/completionsOverridingMethod2_test.go	0	48	2966	79
/Users/chrishafley/projects/typescript-go/internal/fourslash/tests/gen/goToDefinitionYield1_test.go	0	55	725	27
/Users/chrishafley/projects/typescript-go/internal/fourslash/tests/gen/constructorFindAllReferences2_test.go	0	50	687	26
/Users/chrishafley/projects/typescript-go/internal/fourslash/tests/gen/declarationMapsGoToDefinitionSameNameDifferentDirectory_test.go	0	52	2154	77
/Users/chrishafley/projects/typescript-go/internal/fourslash/tests/gen/documentHighlightAtParameterPropertyDeclaration1_test.go	0	47	1188	37
/Users/chrishafley/projects/typescript-go/internal/fourslash/tests/gen/quickInfoLink2_test.go	0	57	797	28
/Users/chrishafley/projects/typescript-go/internal/fourslash/tests/gen/returnTypeOfGenericFunction1_test.go	0	45	756	25
/Users/chrishafley/projects/typescript-go/internal/fourslash/tests/gen/organizeImportsGroup_Newline_test.go	0	42	932	38
/Users/chrishafley/projects/typescript-go/internal/fourslash/tests/gen/completionsLiteralFromInferenceWithinInferredType3_test.go	0	53	1634	66
/Users/chrishafley/projects/typescript-go/internal/fourslash/tests/gen/incrementalJsDocAdjustsLengthsRight_test.go	0	49	751	28
/Users/chrishafley/projects/typescript-go/internal/fourslash/tests/gen/findAllRefsExportAsNamespace_test.go	0	55	803	28
/Users/chrishafley/projects/typescript-go/internal/fourslash/tests/gen/completionsKeyof_test.go	0	49	2169	76
/Users/chrishafley/projects/typescript-go/internal/fourslash/tests/gen/completionListForDerivedType1_test.go	0	71	1910	65
/Users/chrishafley/projects/typescript-go/internal/fourslash/tests/gen/getJavaScriptSyntacticDiagnostics3_test.go	0	81	662	23
/Users/chrishafley/projects/typescript-go/internal/fourslash/tests/gen/completionsImport_filteredByPackageJson_@typesImplicit_test.go	0	38	1950	67
/Users/chrishafley/projects/typescript-go/internal/fourslash/tests/gen/importNameCodeFixNewImportPaths_withLeadingDotSlash_test.go	0	40	957	37
/Users/chrishafley/projects/typescript-go/internal/fourslash/tests/gen/quickinfoVerbosityTruncation2_test.go	0	51	5917	320
/Users/chrishafley/projects/typescript-go/internal/fourslash/tests/gen/navigationBarItemsClass6_test.go	0	53	622	25
/Users/chrishafley/projects/typescript-go/internal/fourslash/tests/gen/findAllRefsExportNotAtTopLevel_test.go	0	45	660	24
/Users/chrishafley/projects/typescript-go/internal/fourslash/tests/gen/completionAfterAtChar_test.go	0	52	942	32
/Users/chrishafley/projects/typescript-go/internal/fourslash/tests/gen/completionsImport_duplicatePackages_scopedTypesAndNotTypes_test.go	0	76	2866	80
/Users/chrishafley/projects/typescript-go/internal/fourslash/tests/gen/completionForStringLiteralNonrelativeImport2_test.go	0	49	1816	53
/Users/chrishafley/projects/typescript-go/internal/fourslash/tests/gen/quickInfoInheritDoc4_test.go	0	39	728	31
/Users/chrishafley/projects/typescript-go/internal/fourslash/tests/gen/quickInfoWidenedTypes_test.go	0	44	996	28
/Users/chrishafley/projects/typescript-go/internal/fourslash/tests/gen/findAllRefsForObjectSpread_test.go	0	48	758	27
/Users/chrishafley/projects/typescript-go/internal/fourslash/tests/gen/goToDefinitionScriptImportServer_test.go	0	57	994	32
/Users/chrishafley/projects/typescript-go/internal/fourslash/tests/gen/importNameCodeFix_order2_test.go	0	54	1135	58
/Users/chrishafley/projects/typescript-go/internal/fourslash/tests/gen/completionsPathsJsonModuleWithAmd_test.go	0	57	1097	36
/Users/chrishafley/projects/typescript-go/internal/fourslash/tests/gen/organizeImportsType11_test.go	0	65	1546	68
/Users/chrishafley/projects/typescript-go/internal/fourslash/tests/gen/quickInfoShowsGenericSpecialization_test.go	0	52	667	22
/Users/chrishafley/projects/typescript-go/internal/fourslash/tests/gen/goToSource8_mapFromAtTypes_test.go	0	37	3190	89
/Users/chrishafley/projects/typescript-go/internal/fourslash/tests/gen/tabbingAfterNewlineInsertedBeforeWhile_test.go	0	42	714	25
/Users/chrishafley/projects/typescript-go/internal/fourslash/tests/gen/codeFixUnusedIdentifier_suggestion_test.go	0	54	1608	44
/Users/chrishafley/projects/typescript-go/internal/fourslash/tests/gen/autoImportProvider_globalTypingsCache_test.go	0	45	2642	63
/Users/chrishafley/projects/typescript-go/internal/fourslash/tests/gen/quickInfoForJSDocWithUnresolvedHttpLinks_test.go	0	49	772	27
/Users/chrishafley/projects/typescript-go/internal/fourslash/tests/gen/navigationBarClassStaticBlock_test.go	0	74	628	25
/Users/chrishafley/projects/typescript-go/internal/fourslash/tests/gen/formattingObjectLiteralOpenCurlySingleLine_test.go	0	88	786	36
/Users/chrishafley/projects/typescript-go/internal/fourslash/tests/gen/findAllRefs_importType_js2_test.go	0	73	838	31
/Users/chrishafley/projects/typescript-go/internal/fourslash/tests/gen/importTypeCompletions8_test.go	0	47	1585	53
/Users/chrishafley/projects/typescript-go/internal/fourslash/tests/gen/completionListAfterStringLiteralTypeWithNoSubstitutionTemplateLiteral_test.go	0	45	1610	52
/Users/chrishafley/projects/typescript-go/internal/fourslash/tests/gen/findAllRefsWithLeadingUnderscoreNames1_test.go	0	37	708	26
/Users/chrishafley/projects/typescript-go/internal/fourslash/tests/gen/memberListOfVarInArrowExpression_test.go	0	55	1486	49
/Users/chrishafley/projects/typescript-go/internal/fourslash/tests/gen/unusedImports5FS_test.go	0	40	899	39
/Users/chrishafley/projects/typescript-go/internal/fourslash/tests/gen/formatTryFinally_test.go	0	47	698	30
/Users/chrishafley/projects/typescript-go/internal/fourslash/tests/gen/importNameCodeFix_fromPathMapping_test.go	0	36	914	38
/Users/chrishafley/projects/typescript-go/internal/fourslash/tests/gen/quickInfoJsdocTypedefMissingType_test.go	0	43	680	26
/Users/chrishafley/projects/typescript-go/internal/fourslash/tests/gen/multiModuleClodule_test.go	0	46	2621	96
/Users/chrishafley/projects/typescript-go/internal/fourslash/tests/gen/formatNoSpaceBeforeCloseBrace2_test.go	0	51	647	22
/Users/chrishafley/projects/typescript-go/internal/fourslash/tests/gen/generatorDeclarationFormatting_test.go	0	48	797	26
/Users/chrishafley/projects/typescript-go/internal/fourslash/tests/gen/underscoreTypings01_test.go	0	47	2345	73
/Users/chrishafley/projects/typescript-go/internal/fourslash/tests/gen/organizeImportsUnicode1_test.go	0	43	1442	60
/Users/chrishafley/projects/typescript-go/internal/fourslash/tests/gen/completionListOnAliases3_test.go	0	42	1102	39
/Users/chrishafley/projects/typescript-go/internal/fourslash/tests/gen/codeFixMissingTypeAnnotationOnExports17-unique-symbol_test.go	0	36	899	28
/Users/chrishafley/projects/typescript-go/internal/fourslash/tests/gen/getJavaScriptCompletions_tsCheck_test.go	0	38	1137	39
/Users/chrishafley/projects/typescript-go/internal/fourslash/tests/gen/inlayHintsInteractiveReturnType_test.go	0	47	1084	40
/Users/chrishafley/projects/typescript-go/internal/fourslash/tests/gen/formattingOnChainedCallbacksAndPropertyAccesses_test.go	0	53	1319	49
/Users/chrishafley/projects/typescript-go/internal/fourslash/tests/gen/quickinfoVerbosityInterface2_test.go	0	51	1591	73
/Users/chrishafley/projects/typescript-go/internal/fourslash/tests/gen/tsxCompletion3_test.go	0	40	1105	40
/Users/chrishafley/projects/typescript-go/internal/fourslash/tests/gen/findAllRefsReExportLocal_test.go	0	51	1642	35
/Users/chrishafley/projects/typescript-go/internal/fourslash/tests/gen/deleteModifierBeforeVarStatement1_test.go	0	68	1107	46
/Users/chrishafley/projects/typescript-go/internal/fourslash/tests/gen/tsxRename6_test.go	0	45	1334	40
/Users/chrishafley/projects/typescript-go/internal/fourslash/tests/gen/getOccurrencesPublic2_test.go	0	51	1893	74
/Users/chrishafley/projects/typescript-go/internal/fourslash/tests/gen/renameJsThisProperty05_test.go	0	71	818	30
/Users/chrishafley/projects/typescript-go/internal/fourslash/tests/gen/completionAfterQuestionDot_test.go	0	90	2632	95
/Users/chrishafley/projects/typescript-go/internal/fourslash/tests/gen/completionListAfterPropertyName_test.go	0	75	2528	87
/Users/chrishafley/projects/typescript-go/internal/fourslash/tests/gen/completionsImport_default_anonymous_test.go	0	81	2318	74
/Users/chrishafley/projects/typescript-go/internal/fourslash/tests/gen/formatTsxClosingAfterJsxText_test.go	0	49	878	47
/Users/chrishafley/projects/typescript-go/internal/fourslash/tests/gen/completionsAfterJSDoc_test.go	0	40	1277	42
/Users/chrishafley/projects/typescript-go/internal/fourslash/tests/gen/completions03_test.go	0	39	1118	45
/Users/chrishafley/projects/typescript-go/internal/fourslash/tests/gen/smartSelection_function3_test.go	0	44	617	23
/Users/chrishafley/projects/typescript-go/internal/fourslash/tests/gen/completionsForStringDependingOnContexSensitiveSignature_test.go	0	84	2134	81
/Users/chrishafley/projects/typescript-go/internal/fourslash/tests/gen/goToDefinitionShorthandProperty02_test.go	0	77	638	23
/Users/chrishafley/projects/typescript-go/internal/fourslash/tests/gen/getOccurrencesThisNegatives2_test.go	0	58	2985	160
/Users/chrishafley/projects/typescript-go/internal/fourslash/tests/gen/goToDefinitionBuiltInValues_test.go	0	43	767	25
/Users/chrishafley/projects/typescript-go/internal/fourslash/tests/gen/importNameCodeFix_typeOnly2_test.go	0	58	862	31
/Users/chrishafley/projects/typescript-go/internal/fourslash/tests/gen/completionListInExportClause02_test.go	0	50	1302	45
/Users/chrishafley/projects/typescript-go/internal/fourslash/tests/gen/quickInfoOnThis4_test.go	0	50	976	35
/Users/chrishafley/projects/typescript-go/internal/fourslash/tests/gen/getOccurrencesReadonly1_test.go	0	49	740	24
/Users/chrishafley/projects/typescript-go/internal/fourslash/tests/gen/quickInfoOfGenericTypeAssertions1_test.go	0	70	909	27
/Users/chrishafley/projects/typescript-go/internal/fourslash/tests/gen/navigationItemsExportDefaultExpression2_test.go	0	67	909	49
/Users/chrishafley/projects/typescript-go/internal/fourslash/tests/gen/importNameCodeFix_noDestructureNonObjectLiteral_test.go	0	66	1203	43
/Users/chrishafley/projects/typescript-go/internal/fourslash/tests/gen/regexErrorRecovery_test.go	0	61	755	26
/Users/chrishafley/projects/typescript-go/internal/fourslash/tests/gen/getEditsForFileRename_directory_noUpdateNodeModulesImport_test.go	0	79	826	24
/Users/chrishafley/projects/typescript-go/internal/fourslash/tests/gen/renameNumericalIndex_test.go	0	59	647	22
/Users/chrishafley/projects/typescript-go/internal/fourslash/tests/gen/completionListInUnclosedFunction09_test.go	0	58	1186	43
/Users/chrishafley/projects/typescript-go/internal/fourslash/tests/gen/inlayHintsOverloadCall2_test.go	0	46	1030	38
/Users/chrishafley/projects/typescript-go/internal/fourslash/tests/gen/signatureHelpBeforeSemicolon1_test.go	0	65	816	25
/Users/chrishafley/projects/typescript-go/internal/fourslash/tests/gen/codeFixInferFromUsageRestParam2_test.go	0	49	797	29
/Users/chrishafley/projects/typescript-go/internal/fourslash/tests/gen/goToSource11_propertyOfAlias_test.go	0	51	937	30
/Users/chrishafley/projects/typescript-go/internal/fourslash/tests/gen/completionListInUnclosedFunction19_test.go	0	56	1265	47
/Users/chrishafley/projects/typescript-go/internal/fourslash/tests/gen/codeFixInferFromUsage_noCrashOnMissingParens_test.go	0	49	723	26
/Users/chrishafley/projects/typescript-go/internal/fourslash/tests/gen/completionsImport_computedSymbolName_test.go	0	38	1989	64
/Users/chrishafley/projects/typescript-go/internal/fourslash/tests/gen/codeFixInferFromUsageVariable3JS_test.go	0	47	845	36
/Users/chrishafley/projects/typescript-go/internal/fourslash/tests/gen/syntacticClassificationsObjectLiteral_test.go	0	45	1239	42
/Users/chrishafley/projects/typescript-go/internal/fourslash/tests/gen/findAllRefsCommonJsRequire2_test.go	0	49	724	27
/Users/chrishafley/projects/typescript-go/internal/fourslash/tests/gen/genericTypeWithMultipleBases1MultiFile_test.go	0	60	1838	60
/Users/chrishafley/projects/typescript-go/internal/fourslash/tests/gen/quickInfoFromContextualType_test.go	0	49	768	26
/Users/chrishafley/projects/typescript-go/internal/fourslash/tests/gen/codeFixConvertToTypeOnlyImport1_test.go	0	52	885	36
/Users/chrishafley/projects/typescript-go/internal/fourslash/tests/gen/importSuggestionsCache_invalidPackageJson_test.go	0	42	1954	66
/Users/chrishafley/projects/typescript-go/internal/fourslash/tests/gen/jsdocDeprecated_suggestion4_test.go	0	47	1799	63
/Users/chrishafley/projects/typescript-go/internal/fourslash/tests/gen/getEditsForFileRename_symlink_test.go	0	45	806	26
/Users/chrishafley/projects/typescript-go/internal/fourslash/tests/gen/getOccurrencesExport1_test.go	0	54	1859	73
/Users/chrishafley/projects/typescript-go/internal/fourslash/tests/gen/instanceTypesForGenericType1_test.go	0	70	889	27
/Users/chrishafley/projects/typescript-go/internal/fourslash/tests/gen/javascriptModules24_test.go	0	70	998	34
/Users/chrishafley/projects/typescript-go/internal/fourslash/tests/gen/getJavaScriptSyntacticDiagnostics14_test.go	0	53	664	23
/Users/chrishafley/projects/typescript-go/internal/fourslash/tests/gen/getJavaScriptCompletions3_test.go	0	44	1221	41
/Users/chrishafley/projects/typescript-go/internal/fourslash/tests/gen/renamePrivateFields_test.go	0	61	685	28
/Users/chrishafley/projects/typescript-go/internal/fourslash/tests/gen/completionInIncompleteCallExpression_test.go	0	55	1120	39
/Users/chrishafley/projects/typescript-go/internal/fourslash/tests/gen/goToDefinitionMember_test.go	0	69	643	24
/Users/chrishafley/projects/typescript-go/internal/fourslash/tests/gen/quickInfoDisplayPartsFunctionExpression_test.go	0	57	732	28
/Users/chrishafley/projects/typescript-go/internal/fourslash/tests/gen/completionListOnFunctionCallWithOptionalArgument_test.go	0	79	1091	34
/Users/chrishafley/projects/typescript-go/internal/fourslash/tests/gen/completionListInUnclosedCommaExpression01_test.go	0	59	1016	35
/Users/chrishafley/projects/typescript-go/internal/fourslash/tests/gen/goToDefinitionLabels_test.go	0	44	838	28
/Users/chrishafley/projects/typescript-go/internal/fourslash/tests/gen/tslibFindAllReferencesOnRuntimeImportWithPaths1_test.go	0	53	1198	41
/Users/chrishafley/projects/typescript-go/internal/fourslash/tests/gen/goToDefinitionImportedNames2_test.go	0	43	834	31
/Users/chrishafley/projects/typescript-go/internal/fourslash/tests/gen/goToImplementationInterfaceMethod_01_test.go	0	47	866	35
/Users/chrishafley/projects/typescript-go/internal/fourslash/tests/gen/completionForQuotedPropertyInPropertyAssignment1_test.go	0	47	2042	72
/Users/chrishafley/projects/typescript-go/internal/fourslash/tests/gen/goToImplementationInterfaceMethod_11_test.go	0	49	757	26
/Users/chrishafley/projects/typescript-go/internal/fourslash/tests/gen/goToDefinitionFunctionOverloadsInClass_test.go	0	45	1039	30
/Users/chrishafley/projects/typescript-go/internal/fourslash/tests/gen/renameUMDModuleAlias1_test.go	0	52	844	27
/Users/chrishafley/projects/typescript-go/internal/fourslash/tests/gen/formattingAwait_test.go	0	41	767	30
/Users/chrishafley/projects/typescript-go/internal/fourslash/tests/gen/completionsAtGenericTypeArguments_test.go	0	53	2308	82
/Users/chrishafley/projects/typescript-go/internal/fourslash/tests/gen/inlayHintsInteractiveFunctionParameterTypes5_test.go	0	44	910	24
/Users/chrishafley/projects/typescript-go/internal/fourslash/tests/gen/goToImplementationThis_00_test.go	0	35	706	27
/Users/chrishafley/projects/typescript-go/internal/fourslash/tests/gen/codeFixImplicitThis_ts_cantFixNonFunction_test.go	0	49	642	22
/Users/chrishafley/projects/typescript-go/internal/fourslash/tests/gen/completionListForExportEquals_test.go	0	44	1423	49
/Users/chrishafley/projects/typescript-go/internal/fourslash/tests/gen/completionForObjectProperty_test.go	0	45	5838	193
/Users/chrishafley/projects/typescript-go/internal/fourslash/tests/gen/unusedLocalsinConstructorFS1_test.go	0	41	745	28
/Users/chrishafley/projects/typescript-go/internal/fourslash/tests/gen/quickInfoDisplayPartsClassMethod_test.go	0	37	1183	39
/Users/chrishafley/projects/typescript-go/internal/fourslash/tests/gen/completionsJsxAttribute2_test.go	0	47	2444	90
/Users/chrishafley/projects/typescript-go/internal/fourslash/tests/gen/quickInfoNestedExportEqualExportDefault_test.go	0	37	670	24
/Users/chrishafley/projects/typescript-go/internal/fourslash/tests/gen/goToTypeDefinition3_test.go	0	48	643	22
/Users/chrishafley/projects/typescript-go/internal/fourslash/tests/gen/syntheticImportFromBabelGeneratedFile1_test.go	0	47	909	33
/Users/chrishafley/projects/typescript-go/internal/fourslash/tests/gen/importNameCodeFix_commonjs_allowSynthetic_test.go	0	40	1027	39
/Users/chrishafley/projects/typescript-go/internal/fourslash/tests/gen/importNameCodeFixExistingImport4_test.go	0	36	808	29
/Users/chrishafley/projects/typescript-go/internal/fourslash/tests/gen/completionEntryOnNarrowedType_test.go	0	36	2212	75
/Users/chrishafley/projects/typescript-go/internal/fourslash/tests/gen/goToDefinitionClassStaticBlocks_test.go	0	40	849	28
/Users/chrishafley/projects/typescript-go/internal/fourslash/tests/gen/jsdocDeprecated_suggestion13_test.go	0	38	1108	41
/Users/chrishafley/projects/typescript-go/internal/fourslash/tests/gen/overloadObjectLiteralCrash_test.go	0	86	728	28
/Users/chrishafley/projects/typescript-go/internal/fourslash/tests/gen/goToImplementationLocal_03_test.go	0	87	660	26
/Users/chrishafley/projects/typescript-go/internal/fourslash/tests/gen/findAllRefsDeclareClass_test.go	0	53	643	23
/Users/chrishafley/projects/typescript-go/internal/fourslash/tests/gen/findAllRefsUnionProperty_test.go	0	59	893	33
/Users/chrishafley/projects/typescript-go/internal/fourslash/tests/gen/getOccurrencesSwitchCaseDefault2_test.go	0	48	1007	38
/Users/chrishafley/projects/typescript-go/internal/fourslash/tests/gen/goToDefinitionOverriddenMember13_test.go	0	86	729	27
/Users/chrishafley/projects/typescript-go/internal/fourslash/tests/gen/completionsJsxAttributeInitializer2_test.go	0	79	1955	67
/Users/chrishafley/projects/typescript-go/internal/fourslash/tests/gen/docCommentTemplateReturnsTag1_test.go	0	42	1276	60
/Users/chrishafley/projects/typescript-go/internal/fourslash/tests/gen/goToDefinitionReturn3_test.go	0	43	655	25
/Users/chrishafley/projects/typescript-go/internal/fourslash/tests/gen/completionsImport_exportEquals_test.go	0	51	2808	95
/Users/chrishafley/projects/typescript-go/internal/fourslash/tests/gen/formatTrimRemainingRange_test.go	0	44	676	30
/Users/chrishafley/projects/typescript-go/internal/fourslash/tests/gen/ambientVariablesWithSameName_test.go	0	45	682	26
/Users/chrishafley/projects/typescript-go/internal/fourslash/tests/gen/navigationBarItemsItemsExternalModules_test.go	0	62	651	23
/Users/chrishafley/projects/typescript-go/internal/fourslash/tests/gen/completionsForRecursiveGenericTypesMember_test.go	0	43	1297	45
/Users/chrishafley/projects/typescript-go/internal/fourslash/tests/gen/findAllRefsRenameImportWithSameName_test.go	0	53	1064	27
/Users/chrishafley/projects/typescript-go/internal/fourslash/tests/gen/autoImportsCustomConditions_test.go	0	62	973	37
/Users/chrishafley/projects/typescript-go/internal/fourslash/tests/gen/codeFixMissingTypeAnnotationOnExports43-expando-functions-5_test.go	0	70	1203	44
/Users/chrishafley/projects/typescript-go/internal/fourslash/tests/gen/functionFormatting_test.go	0	61	700	24
/Users/chrishafley/projects/typescript-go/internal/fourslash/tests/gen/quickInfoLinkCodePlain_test.go	0	79	803	28
/Users/chrishafley/projects/typescript-go/internal/fourslash/tests/gen/jsxTagNameCompletionWithExistingJsxInitializer_test.go	0	79	1689	52
/Users/chrishafley/projects/typescript-go/internal/fourslash/tests/gen/quickInfoCommentsClass_test.go	0	57	1662	77
/Users/chrishafley/projects/typescript-go/internal/fourslash/tests/gen/importTypeFormatting_test.go	0	97	717	24
/Users/chrishafley/projects/typescript-go/internal/fourslash/tests/gen/indentationInJsx3_test.go	0	67	911	45
/Users/chrishafley/projects/typescript-go/internal/fourslash/tests/gen/importNameCodeFix_types_classic_test.go	0	51	986	36
/Users/chrishafley/projects/typescript-go/internal/fourslash/tests/gen/completionImportMetaWithGlobalDeclaration_test.go	0	39	2345	87
/Users/chrishafley/projects/typescript-go/internal/fourslash/tests/gen/quickInfoJsDocTags12_test.go	0	53	817	29
/Users/chrishafley/projects/typescript-go/internal/fourslash/tests/gen/unreachableStatementNodeReuse_test.go	0	57	726	28
/Users/chrishafley/projects/typescript-go/internal/fourslash/tests/gen/autoImportCrossProject_symlinks_stripSrc_test.go	0	41	1862	55
/Users/chrishafley/projects/typescript-go/internal/fourslash/tests/gen/codeFixClassImplementInterfaceCallback_test.go	0	41	1854	88
/Users/chrishafley/projects/typescript-go/internal/fourslash/tests/gen/formattingSpaceBeforeCloseParen_test.go	0	50	1779	53
/Users/chrishafley/projects/typescript-go/internal/fourslash/tests/gen/importNameCodeFix_barrelExport4_test.go	0	54	1143	39
/Users/chrishafley/projects/typescript-go/internal/fourslash/tests/gen/codeFixInferFromUsageCallbackParameter6_test.go	0	49	740	25
/Users/chrishafley/projects/typescript-go/internal/fourslash/tests/gen/autoImportPackageJsonImportsPattern_ts_js_test.go	0	60	877	31
/Users/chrishafley/projects/typescript-go/internal/fourslash/tests/gen/findAllRefsImportStarOfExportEquals_test.go	0	48	1651	39
/Users/chrishafley/projects/typescript-go/internal/fourslash/tests/gen/nodeModulesFileEditStillAllowsResolutionsToWork_test.go	0	55	973	32
/Users/chrishafley/projects/typescript-go/internal/fourslash/tests/gen/docCommentTemplateRegex_test.go	0	59	794	25
/Users/chrishafley/projects/typescript-go/internal/fourslash/tests/gen/completionsLiteralDirectlyInArgumentWithNullableConstraint_test.go	0	91	1179	40
/Users/chrishafley/projects/typescript-go/internal/fourslash/tests/gen/completionListWithoutVariableinitializer_test.go	0	90	5832	222
/Users/chrishafley/projects/typescript-go/internal/fourslash/tests/gen/renameReferenceFromLinkTag2_test.go	0	50	703	28
/Users/chrishafley/projects/typescript-go/internal/fourslash/tests/gen/formatAsyncClassMethod2_test.go	0	41	692	26
/Users/chrishafley/projects/typescript-go/internal/fourslash/tests/gen/formatDebuggerStatement_test.go	0	40	780	26
/Users/chrishafley/projects/typescript-go/internal/fourslash/tests/gen/goToDefinitionImport3_test.go	0	49	693	24
/Users/chrishafley/projects/typescript-go/internal/fourslash/tests/gen/codeFixMissingTypeAnnotationOnExports5_test.go	0	56	997	36
/Users/chrishafley/projects/typescript-go/internal/fourslash/tests/gen/jsDocPropertyDescription3_test.go	0	54	880	29
/Users/chrishafley/projects/typescript-go/internal/fourslash/tests/gen/referencesForGlobals5_test.go	0	48	789	28
/Users/chrishafley/projects/typescript-go/internal/fourslash/tests/gen/referencesForMergedDeclarations8_test.go	0	43	811	29
/Users/chrishafley/projects/typescript-go/internal/fourslash/tests/gen/importNameCodeFix_shorthandPropertyAssignment1_test.go	0	43	809	29
/Users/chrishafley/projects/typescript-go/internal/fourslash/tests/gen/quickInfoTypeAliasDefinedInDifferentFile_test.go	0	54	790	26
/Users/chrishafley/projects/typescript-go/internal/fourslash/tests/gen/codeFixClassImplementInterfaceMethodThisAndSelfReference_test.go	0	59	975	37
/Users/chrishafley/projects/typescript-go/internal/fourslash/tests/gen/codeFixClassImplementInterfaceInheritsAbstractMethod_test.go	0	53	1119	39
/Users/chrishafley/projects/typescript-go/internal/fourslash/tests/gen/getOccurrencesSuper_test.go	0	50	1646	70
/Users/chrishafley/projects/typescript-go/internal/fourslash/tests/gen/outliningSpansForImportAndExportAttributes_test.go	0	46	1057	64
/Users/chrishafley/projects/typescript-go/internal/fourslash/tests/gen/importNameCodeFixNewImportNodeModules7_test.go	0	48	1075	34
/Users/chrishafley/projects/typescript-go/internal/fourslash/tests/gen/codeFixMissingTypeAnnotationOnExports14_test.go	0	83	1059	37
/Users/chrishafley/projects/typescript-go/internal/fourslash/tests/gen/navigationBarFunctionIndirectlyInVariableDeclaration_test.go	0	46	819	32
/Users/chrishafley/projects/typescript-go/internal/fourslash/tests/gen/autoImportCrossProject_paths_sharedOutDir_test.go	0	53	1708	56
/Users/chrishafley/projects/typescript-go/internal/fourslash/tests/gen/formattingEqualsBeforeBracketInTypeAlias_test.go	0	45	700	23
/Users/chrishafley/projects/typescript-go/internal/fourslash/tests/gen/callHierarchyFunctionAmbiguity4_test.go	0	55	833	30
/Users/chrishafley/projects/typescript-go/internal/fourslash/tests/gen/importNameCodeFix_all_promoteType_test.go	0	64	1323	49
/Users/chrishafley/projects/typescript-go/internal/fourslash/tests/gen/importNameCodeFix_importType6_test.go	0	62	984	34
/Users/chrishafley/projects/typescript-go/internal/fourslash/tests/gen/findAllRefsInheritedProperties4_test.go	0	59	786	32
/Users/chrishafley/projects/typescript-go/internal/fourslash/tests/gen/completionsAfterAsyncInObjectLiteral_test.go	0	56	1035	33
/Users/chrishafley/projects/typescript-go/internal/fourslash/tests/gen/completionsImport_duplicatePackages_scoped_test.go	0	50	2813	80
/Users/chrishafley/projects/typescript-go/internal/fourslash/tests/gen/formattingHexLiteral_test.go	0	54	578	21
/Users/chrishafley/projects/typescript-go/internal/fourslash/tests/gen/quickInfoOnPropDeclaredUsingIndexSignatureOnInterfaceWithBase_test.go	0	59	783	26
/Users/chrishafley/projects/typescript-go/internal/fourslash/tests/gen/getOutliningForObjectDestructuring_test.go	0	44	1001	54
/Users/chrishafley/projects/typescript-go/internal/fourslash/tests/gen/overloadQuickInfo_test.go	0	53	1428	36
/Users/chrishafley/projects/typescript-go/internal/fourslash/tests/gen/incrementalParsingTopLevelAwait2_test.go	0	58	841	30
/Users/chrishafley/projects/typescript-go/internal/fourslash/tests/gen/getOccurrencesAsyncAwait2_test.go	0	54	827	28
/Users/chrishafley/projects/typescript-go/internal/fourslash/tests/gen/findReferencesJSXTagName2_test.go	0	45	712	23
/Users/chrishafley/projects/typescript-go/internal/fourslash/tests/gen/smartSelection_punctuationPriority_test.go	0	55	620	21
/Users/chrishafley/projects/typescript-go/internal/fourslash/tests/gen/documentHighlightAtInheritedProperties1_test.go	0	48	843	26
/Users/chrishafley/projects/typescript-go/internal/fourslash/tests/gen/goToSource5_sameAsGoToDef1_test.go	0	50	1007	32
/Users/chrishafley/projects/typescript-go/internal/fourslash/tests/gen/getOccurrencesIsDefinitionOfEnum_test.go	0	68	683	25
/Users/chrishafley/projects/typescript-go/internal/fourslash/tests/gen/importNameCodeFixNewImportFile0_test.go	0	37	757	28
/Users/chrishafley/projects/typescript-go/internal/fourslash/tests/gen/jsFileImportNoTypes2_test.go	0	50	2807	87
/Users/chrishafley/projects/typescript-go/internal/fourslash/tests/gen/importNameCodeFix_jsx7_test.go	0	46	798	29
/Users/chrishafley/projects/typescript-go/internal/fourslash/tests/gen/completionListAtEOF2_test.go	0	44	1101	39
/Users/chrishafley/projects/typescript-go/internal/fourslash/tests/gen/formatDocumentPreserveTrailingWhitespace_test.go	0	59	1005	44
/Users/chrishafley/projects/typescript-go/internal/fourslash/tests/gen/completionListInClassExpressionWithTypeParameter_test.go	0	56	1719	56
/Users/chrishafley/projects/typescript-go/internal/fourslash/tests/gen/completionEntryForShorthandPropertyAssignment_test.go	0	42	1208	37
/Users/chrishafley/projects/typescript-go/internal/fourslash/tests/gen/goToDefinitionIndexSignature2_test.go	0	84	673	24
/Users/chrishafley/projects/typescript-go/internal/fourslash/tests/gen/completionsLiteralFromInferenceWithinInferredType2_test.go	0	84	2152	81
/Users/chrishafley/projects/typescript-go/internal/fourslash/tests/gen/genericsFormattingMultiline_test.go	0	69	2403	88
/Users/chrishafley/projects/typescript-go/internal/fourslash/tests/gen/getJavaScriptSyntacticDiagnostics2_test.go	0	99	659	23
/Users/chrishafley/projects/typescript-go/internal/fourslash/tests/gen/quickInfoForJSDocCodefence_test.go	0	41	828	38
/Users/chrishafley/projects/typescript-go/internal/fourslash/tests/gen/quickInfoLink3_test.go	0	49	752	32
/Users/chrishafley/projects/typescript-go/internal/fourslash/tests/gen/constructorFindAllReferences3_test.go	0	49	679	26
/Users/chrishafley/projects/typescript-go/internal/fourslash/tests/gen/suggestionNoDuplicates_test.go	0	48	1093	33
/Users/chrishafley/projects/typescript-go/internal/fourslash/tests/gen/jsDocGenerics2_test.go	0	51	969	35
/Users/chrishafley/projects/typescript-go/internal/fourslash/tests/gen/exportDefaultFunction_test.go	0	48	1223	41
/Users/chrishafley/projects/typescript-go/internal/fourslash/tests/gen/jsDocPropertyDescription12_test.go	0	53	761	27
/Users/chrishafley/projects/typescript-go/internal/fourslash/tests/gen/inlayHintsInteractiveJsDocParameterNames_test.go	0	62	1036	36
/Users/chrishafley/projects/typescript-go/internal/fourslash/tests/gen/quickInfoForUMDModuleAlias_test.go	0	44	869	28
/Users/chrishafley/projects/typescript-go/internal/fourslash/tests/gen/insertArgumentBeforeOverloadedConstructor_test.go	0	49	712	27
/Users/chrishafley/projects/typescript-go/internal/fourslash/tests/gen/signatureHelpSimpleSuperCall_test.go	0	50	904	30
/Users/chrishafley/projects/typescript-go/internal/fourslash/tests/gen/jsDocSee1_test.go	0	44	968	38
/Users/chrishafley/projects/typescript-go/internal/fourslash/tests/gen/organizeImportsType10_test.go	0	52	1723	72
/Users/chrishafley/projects/typescript-go/internal/fourslash/tests/gen/quickInfoForGenericPrototypeMember_test.go	0	55	785	26
/Users/chrishafley/projects/typescript-go/internal/fourslash/tests/gen/quickInfoInheritDoc5_test.go	0	35	768	33
/Users/chrishafley/projects/typescript-go/internal/fourslash/tests/gen/goToDefinition_filteringGenericMappedType_test.go	0	59	987	41
/Users/chrishafley/projects/typescript-go/internal/fourslash/tests/gen/importNameCodeFixNewImportIndex_test.go	0	39	799	30
/Users/chrishafley/projects/typescript-go/internal/fourslash/tests/gen/jsdocSatisfiesTagCompletion1_test.go	0	52	1075	39
/Users/chrishafley/projects/typescript-go/internal/fourslash/tests/gen/completionForStringLiteralNonrelativeImport3_test.go	0	65	1773	58
/Users/chrishafley/projects/typescript-go/internal/fourslash/tests/gen/asConstRefsNoErrors1_test.go	0	65	649	24
/Users/chrishafley/projects/typescript-go/internal/fourslash/tests/gen/completionListInImportClause06_test.go	0	57	1160	39
/Users/chrishafley/projects/typescript-go/internal/fourslash/tests/gen/completionsNewTarget_test.go	0	50	1428	54
/Users/chrishafley/projects/typescript-go/internal/fourslash/tests/gen/completionListAtIdentifierDefinitionLocations_enumMembers2_test.go	0	57	700	22
/Users/chrishafley/projects/typescript-go/internal/fourslash/tests/gen/importNameCodeFix_reExport_test.go	0	44	853	34
/Users/chrishafley/projects/typescript-go/internal/fourslash/tests/gen/findAllRefsJsDocTypeDef_test.go	0	39	636	22
/Users/chrishafley/projects/typescript-go/internal/fourslash/tests/gen/tsxCompletionOnClosingTagWithoutJSX2_test.go	0	49	1416	48
/Users/chrishafley/projects/typescript-go/internal/fourslash/tests/gen/quickInfoJsDocTags6_test.go	0	35	1034	44
/Users/chrishafley/projects/typescript-go/internal/fourslash/tests/gen/getOccurrencesLoopBreakContinue2_test.go	0	42	2251	83
/Users/chrishafley/projects/typescript-go/internal/fourslash/tests/gen/quickInfoExtendArray_test.go	0	49	791	27
/Users/chrishafley/projects/typescript-go/internal/fourslash/tests/gen/completionsImport_uriStyleNodeCoreModules3_test.go	0	53	8162	254
/Users/chrishafley/projects/typescript-go/internal/fourslash/tests/gen/nonExistingImport_test.go	0	56	1069	39
/Users/chrishafley/projects/typescript-go/internal/fourslash/tests/gen/findAllRefsJsDocImportTag5_test.go	0	46	733	25
/Users/chrishafley/projects/typescript-go/internal/fourslash/tests/gen/completionsTypeAssertionKeywords_test.go	0	79	1066	40
/Users/chrishafley/projects/typescript-go/internal/fourslash/tests/gen/navigationBarItemsSymbols1_test.go	0	81	693	25
/Users/chrishafley/projects/typescript-go/internal/fourslash/tests/gen/noQuickInfoInWhitespace_test.go	0	62	909	34
/Users/chrishafley/projects/typescript-go/internal/fourslash/tests/gen/goToImplementationInterface_02_test.go	0	51	972	42
/Users/chrishafley/projects/typescript-go/internal/fourslash/tests/gen/referenceToEmptyObject_test.go	0	80	646	23
/Users/chrishafley/projects/typescript-go/internal/fourslash/tests/gen/formattingCrash_test.go	0	38	961	31
/Users/chrishafley/projects/typescript-go/internal/fourslash/tests/gen/tsxCompletion14_test.go	0	49	1938	65
/Users/chrishafley/projects/typescript-go/internal/fourslash/tests/gen/completionsOverridingMethod3_test.go	0	51	1593	51
/Users/chrishafley/projects/typescript-go/internal/fourslash/tests/gen/goToDefinitionVariableAssignment_test.go	0	43	798	28
/Users/chrishafley/projects/typescript-go/internal/fourslash/tests/gen/getOccurrencesAbstract01_test.go	0	44	993	32
/Users/chrishafley/projects/typescript-go/internal/fourslash/tests/gen/tsxFindAllReferences1_test.go	0	51	851	32
/Users/chrishafley/projects/typescript-go/internal/fourslash/tests/gen/findReferencesBindingPatternInJsdocNoCrash2_test.go	0	54	1274	46
/Users/chrishafley/projects/typescript-go/internal/fourslash/tests/gen/editJsdocType_test.go	0	41	710	28
/Users/chrishafley/projects/typescript-go/internal/fourslash/tests/gen/completionListStringParenthesizedType_test.go	0	51	4910	190
/Users/chrishafley/projects/typescript-go/internal/fourslash/tests/gen/completionOfAwaitPromise4_test.go	0	42	1061	38
/Users/chrishafley/projects/typescript-go/internal/fourslash/tests/gen/smartIndentNamedImport_test.go	0	51	932	32
/Users/chrishafley/projects/typescript-go/internal/fourslash/tests/gen/navigationBarItemsNamedArrowFunctions_test.go	0	88	735	24
/Users/chrishafley/projects/typescript-go/internal/fourslash/tests/gen/getOccurrencesThrow5_test.go	0	82	1362	62
/Users/chrishafley/projects/typescript-go/internal/fourslash/tests/gen/formattingAfterMultiLineIfCondition_test.go	0	67	791	29
/Users/chrishafley/projects/typescript-go/internal/fourslash/tests/gen/goToDefinitionDecorator_test.go	0	41	955	33
/Users/chrishafley/projects/typescript-go/internal/fourslash/tests/gen/formattingObjectLiteral_test.go	0	68	661	25
/Users/chrishafley/projects/typescript-go/internal/fourslash/tests/gen/codeFixInferFromCallInAssignment_test.go	0	69	753	25
/Users/chrishafley/projects/typescript-go/internal/fourslash/tests/gen/completionListOnAliases_test.go	0	65	1552	55
/Users/chrishafley/projects/typescript-go/internal/fourslash/tests/gen/completionListFunctionExpression_test.go	0	58	1407	48
/Users/chrishafley/projects/typescript-go/internal/fourslash/tests/gen/callHierarchyAccessor_test.go	0	68	711	33
/Users/chrishafley/projects/typescript-go/internal/fourslash/tests/gen/getJavaScriptCompletions14_test.go	0	70	1281	43
/Users/chrishafley/projects/typescript-go/internal/fourslash/tests/gen/navbar_contains-no-duplicates_test.go	0	84	1024	47
/Users/chrishafley/projects/typescript-go/internal/fourslash/tests/gen/completionsGenericIndexedAccess3_test.go	0	42	2160	73
/Users/chrishafley/projects/typescript-go/internal/fourslash/tests/gen/jsdocSatisfiesTagFindAllReferences_test.go	0	47	792	31
/Users/chrishafley/projects/typescript-go/internal/fourslash/tests/gen/quickinfoVerbosityObjectType1_test.go	0	54	968	27
/Users/chrishafley/projects/typescript-go/internal/fourslash/tests/gen/renameDestructuringAssignmentNestedInForOf_test.go	0	42	1285	37
/Users/chrishafley/projects/typescript-go/internal/fourslash/tests/gen/completionListInUnclosedDeleteExpression01_test.go	0	45	1029	34
/Users/chrishafley/projects/typescript-go/internal/fourslash/tests/gen/quickInfoInObjectLiteral_test.go	0	41	986	38
/Users/chrishafley/projects/typescript-go/internal/fourslash/tests/gen/goToDefinitionAwait1_test.go	0	46	743	26
/Users/chrishafley/projects/typescript-go/internal/fourslash/tests/gen/renameForDefaultExport03_test.go	0	54	1184	38
/Users/chrishafley/projects/typescript-go/internal/fourslash/tests/gen/getJavaScriptCompletions22_test.go	0	42	704	26
/Users/chrishafley/projects/typescript-go/internal/fourslash/tests/gen/importCompletionsPackageJsonImportsPattern_capsInPath1_test.go	0	57	1263	43
/Users/chrishafley/projects/typescript-go/internal/fourslash/tests/gen/jsdocTypedefTag2_test.go	0	44	1621	65
/Users/chrishafley/projects/typescript-go/internal/fourslash/tests/gen/completionListSuperMembers_test.go	0	52	1715	61
/Users/chrishafley/projects/typescript-go/internal/fourslash/tests/gen/organizeImports12_test.go	0	57	898	33
/Users/chrishafley/projects/typescript-go/internal/fourslash/tests/gen/organizeImportsGroup_MultiNewlines_test.go	0	56	920	40
/Users/chrishafley/projects/typescript-go/internal/fourslash/tests/gen/completionsNamespaceMergedWithObject_test.go	0	71	1438	50
/Users/chrishafley/projects/typescript-go/internal/fourslash/tests/gen/signatureHelpOnOverloadsDifferentArity_test.go	0	85	1099	29
/Users/chrishafley/projects/typescript-go/internal/fourslash/tests/gen/findAllRefsGlobalModuleAugmentation_test.go	0	58	755	28
/Users/chrishafley/projects/typescript-go/internal/fourslash/tests/gen/jsdocThrowsTag_rename_test.go	0	49	659	25
/Users/chrishafley/projects/typescript-go/internal/fourslash/tests/gen/outliningSpansForArguments_test.go	0	54	733	34
/Users/chrishafley/projects/typescript-go/internal/fourslash/tests/gen/getOutliningSpansForTemplateLiteral_test.go	0	50	1082	36
/Users/chrishafley/projects/typescript-go/internal/fourslash/tests/gen/completionListInObjectBindingPattern04_test.go	0	98	1114	40
/Users/chrishafley/projects/typescript-go/internal/fourslash/tests/gen/jsdocLink2_test.go	0	87	797	34
/Users/chrishafley/projects/typescript-go/internal/fourslash/tests/gen/completionsWithDeprecatedTag2_test.go	0	83	1462	45
/Users/chrishafley/projects/typescript-go/internal/fourslash/tests/gen/inlayHintsInteractiveImportType2_test.go	0	64	1121	32
/Users/chrishafley/projects/typescript-go/internal/fourslash/tests/gen/completionListInObjectBindingPattern14_test.go	0	49	672	24
/Users/chrishafley/projects/typescript-go/internal/fourslash/tests/gen/renameStringLiteralTypes5_test.go	0	72	705	27
/Users/chrishafley/projects/typescript-go/internal/fourslash/tests/gen/autoImportCrossProject_paths_toSrc_test.go	0	73	2084	66
/Users/chrishafley/projects/typescript-go/internal/fourslash/tests/gen/codeFixForgottenThisPropertyAccess04_test.go	0	102	724	28
/Users/chrishafley/projects/typescript-go/internal/fourslash/tests/gen/renameCommentsAndStrings1_test.go	0	88	799	25
/Users/chrishafley/projects/typescript-go/internal/fourslash/tests/gen/contextuallyTypedParameters_test.go	0	90	2238	74
/Users/chrishafley/projects/typescript-go/internal/fourslash/tests/gen/unusedImports8FS_test.go	0	59	922	37
/Users/chrishafley/projects/typescript-go/internal/fourslash/tests/gen/unusedFunctionInNamespace5_test.go	0	57	962	44
/Users/chrishafley/projects/typescript-go/internal/fourslash/tests/gen/consistentContextualTypeErrorsAfterEdits_test.go	0	41	999	36
/Users/chrishafley/projects/typescript-go/internal/fourslash/tests/gen/completionListNewIdentifierFunctionDeclaration_test.go	0	88	1006	32
/Users/chrishafley/projects/typescript-go/internal/fourslash/tests/gen/semanticModernClassificationObjectProperties_test.go	0	99	979	30
/Users/chrishafley/projects/typescript-go/internal/fourslash/tests/gen/memberListAfterSingleDot_test.go	0	101	584	21
/Users/chrishafley/projects/typescript-go/internal/fourslash/tests/gen/autoImportCompletionExportListAugmentation4_test.go	0	97	2744	85
/Users/chrishafley/projects/typescript-go/internal/fourslash/tests/gen/incrementalParsingDynamicImport1_test.go	0	129	863	32
/Users/chrishafley/projects/typescript-go/internal/fourslash/tests/gen/toggleDuplicateFunctionDeclaration_test.go	0	60	672	25
/Users/chrishafley/projects/typescript-go/internal/fourslash/tests/gen/importNameCodeFix_uriStyleNodeCoreModules2_test.go	0	77	1505	38
/Users/chrishafley/projects/typescript-go/internal/fourslash/tests/gen/invalidRestArgError_test.go	0	93	614	21
/Users/chrishafley/projects/typescript-go/internal/fourslash/tests/gen/completionsLiteralDirectlyInRestConstrainedToArrayType_test.go	0	61	1252	40
/Users/chrishafley/projects/typescript-go/internal/fourslash/tests/gen/organizeImportsPathsUnicode1_test.go	0	87	1623	54
/Users/chrishafley/projects/typescript-go/internal/fourslash/tests/gen/goToImplementationInterfaceMethod_08_test.go	0	84	845	35
/Users/chrishafley/projects/typescript-go/internal/fourslash/tests/gen/extendsKeywordCompletion2_test.go	0	101	1257	39
/Users/chrishafley/projects/typescript-go/internal/fourslash/tests/gen/renameLocationsForClassExpression01_test.go	0	107	898	39
/Users/chrishafley/projects/typescript-go/internal/fourslash/tests/gen/formatIfWithEmptyCondition_test.go	0	55	814	29
/Users/chrishafley/projects/typescript-go/internal/fourslash/tests/gen/codeFixInferFromUsageCall_test.go	0	75	665	24
/Users/chrishafley/projects/typescript-go/internal/fourslash/tests/gen/goToDefinitionDynamicImport1_test.go	0	89	738	24
/Users/chrishafley/projects/typescript-go/internal/fourslash/tests/gen/renameParameterPropertyDeclaration1_test.go	0	84	833	26
/Users/chrishafley/projects/typescript-go/internal/fourslash/tests/gen/goToDefinitionDestructuredRequire2_test.go	0	42	869	30
/Users/chrishafley/projects/typescript-go/internal/fourslash/tests/gen/importCompletionsPackageJsonImportsLength1_test.go	0	51	2735	94
/Users/chrishafley/projects/typescript-go/internal/fourslash/tests/gen/quickInfoSignatureWithTrailingComma_test.go	0	54	668	22
/Users/chrishafley/projects/typescript-go/internal/fourslash/tests/gen/forwardReference_test.go	0	46	1028	39
/Users/chrishafley/projects/typescript-go/internal/fourslash/tests/gen/extendInterfaceOverloadedMethod_test.go	0	52	854	32
/Users/chrishafley/projects/typescript-go/internal/fourslash/tests/gen/renameDestructuringAssignment_test.go	0	55	760	26
/Users/chrishafley/projects/typescript-go/internal/fourslash/tests/gen/specialIntersectionsOrderIndependent_test.go	0	63	1134	36
/Users/chrishafley/projects/typescript-go/internal/fourslash/tests/gen/formattingOnInvalidCodes_test.go	0	49	10028	284
/Users/chrishafley/projects/typescript-go/internal/fourslash/tests/gen/codeFixClassImplementInterfaceMultipleSignaturesRest2_test.go	0	48	1329	44
/Users/chrishafley/projects/typescript-go/internal/fourslash/tests/gen/spaceBeforeAndAfterBinaryOperators_test.go	0	84	1210	41
/Users/chrishafley/projects/typescript-go/internal/fourslash/tests/gen/parameterWithDestructuring_test.go	0	61	1070	32
/Users/chrishafley/projects/typescript-go/internal/fourslash/tests/gen/completionsSelfDeclaring3_test.go	0	65	2177	66
/Users/chrishafley/projects/typescript-go/internal/fourslash/tests/gen/signatureHelpOnDeclaration_test.go	0	49	609	22
/Users/chrishafley/projects/typescript-go/internal/fourslash/tests/gen/completionsWithOptionalPropertiesGenericConstructor_test.go	0	64	1737	56
/Users/chrishafley/projects/typescript-go/internal/fourslash/tests/gen/completionForStringLiteral3_test.go	0	53	2225	81
/Users/chrishafley/projects/typescript-go/internal/fourslash/tests/gen/codeFixExpectedComma03_test.go	0	53	644	23
/Users/chrishafley/projects/typescript-go/internal/fourslash/tests/gen/smartSelection_JSDocTags9_test.go	0	53	646	25
/Users/chrishafley/projects/typescript-go/internal/fourslash/tests/gen/importNameCodeFixNewImportAmbient1_test.go	0	50	1240	42
/Users/chrishafley/projects/typescript-go/internal/fourslash/tests/gen/completionsClassMemberImportTypeNodeParameter1_test.go	0	53	1942	53
/Users/chrishafley/projects/typescript-go/internal/fourslash/tests/gen/findAllRefsObjectBindingElementPropertyName05_test.go	0	76	767	28
/Users/chrishafley/projects/typescript-go/internal/fourslash/tests/gen/importTypeCompletions1_test.go	0	54	1581	53
/Users/chrishafley/projects/typescript-go/internal/fourslash/tests/gen/findAllRefsWithLeadingUnderscoreNames8_test.go	0	39	677	23
/Users/chrishafley/projects/typescript-go/internal/fourslash/tests/gen/completionListClassPrivateFields_test.go	0	70	1006	37
/Users/chrishafley/projects/typescript-go/internal/fourslash/tests/gen/completionListInUnclosedTemplate02_test.go	0	53	1036	35
/Users/chrishafley/projects/typescript-go/internal/fourslash/tests/gen/renameJSDocNamepath_test.go	0	60	664	26
/Users/chrishafley/projects/typescript-go/internal/fourslash/tests/gen/fixExactOptionalUnassignableProperties9_test.go	0	69	798	31
/Users/chrishafley/projects/typescript-go/internal/fourslash/tests/gen/jsdocTemplateTagCompletion_test.go	0	56	1025	36
/Users/chrishafley/projects/typescript-go/internal/fourslash/tests/gen/completionCloneQuestionToken_test.go	0	105	1800	53
/Users/chrishafley/projects/typescript-go/internal/fourslash/tests/gen/completionsIndexSignatureConstraint1_test.go	0	64	1652	65
/Users/chrishafley/projects/typescript-go/internal/fourslash/tests/gen/localGetReferences_test.go	0	70	4280	203
/Users/chrishafley/projects/typescript-go/internal/fourslash/tests/gen/importNameCodeFix_exportEquals_test.go	0	74	992	40
/Users/chrishafley/projects/typescript-go/internal/fourslash/tests/gen/completionForStringLiteral_quotePreference7_test.go	0	64	1610	52
/Users/chrishafley/projects/typescript-go/internal/fourslash/tests/gen/quickInfoOnConstructorWithGenericParameter_test.go	0	52	1115	40
/Users/chrishafley/projects/typescript-go/internal/fourslash/tests/gen/codeFixSpellingJs5_test.go	0	73	974	39
/Users/chrishafley/projects/typescript-go/internal/fourslash/tests/gen/tsxQuickInfo2_test.go	0	91	1006	33
/Users/chrishafley/projects/typescript-go/internal/fourslash/tests/gen/completionTypeAssertion_test.go	0	69	1056	37
/Users/chrishafley/projects/typescript-go/internal/fourslash/tests/gen/navigationBarItemsStaticAndNonStaticNoMerge_test.go	0	64	651	24
/Users/chrishafley/projects/typescript-go/internal/fourslash/tests/gen/getOccurrencesConst03_test.go	0	55	901	31
/Users/chrishafley/projects/typescript-go/internal/fourslash/tests/gen/inlayHintsTypeMatchesName_test.go	0	63	967	25
/Users/chrishafley/projects/typescript-go/internal/fourslash/tests/gen/completionListInTypeLiteralInTypeParameter3_test.go	0	45	1123	42
/Users/chrishafley/projects/typescript-go/internal/fourslash/tests/gen/completionsGeneratorFunctions_test.go	0	52	2148	75
/Users/chrishafley/projects/typescript-go/internal/fourslash/tests/gen/findAllReferencesFromLinkTagReference5_test.go	0	76	659	24
/Users/chrishafley/projects/typescript-go/internal/fourslash/tests/gen/goToDefinitionExternalModuleName_test.go	0	54	728	25
/Users/chrishafley/projects/typescript-go/internal/fourslash/tests/gen/completionList_getExportsOfModule_test.go	0	63	1034	38
/Users/chrishafley/projects/typescript-go/internal/fourslash/tests/gen/quickInfoLink11_test.go	0	82	732	29
/Users/chrishafley/projects/typescript-go/internal/fourslash/tests/gen/codeFixMissingTypeAnnotationOnExports36-conditional-releative_test.go	0	47	1427	33
/Users/chrishafley/projects/typescript-go/internal/fourslash/tests/gen/inlayHintsTypeParameterModifiers1_test.go	0	98	897	25
/Users/chrishafley/projects/typescript-go/internal/fourslash/tests/gen/goToDefinitionCSSPatternAmbientModule_test.go	0	55	861	30
/Users/chrishafley/projects/typescript-go/internal/fourslash/tests/gen/importNameCodeFixNewImportFileQuoteStyle3_test.go	0	52	864	33
/Users/chrishafley/projects/typescript-go/internal/fourslash/tests/gen/goToDefinitionSwitchCase1_test.go	0	58	649	23
/Users/chrishafley/projects/typescript-go/internal/fourslash/tests/gen/goToSource14_unresolvedRequireDestructuring_test.go	0	51	783	25
/Users/chrishafley/projects/typescript-go/internal/fourslash/tests/gen/completionsObjectLiteralMethod4_test.go	0	43	2223	65
/Users/chrishafley/projects/typescript-go/internal/fourslash/tests/gen/importNameCodeFixNewImportRootDirs1_test.go	0	55	876	36
/Users/chrishafley/projects/typescript-go/internal/fourslash/tests/gen/quickInfoOnElementAccessInWriteLocation3_test.go	0	90	752	24
/Users/chrishafley/projects/typescript-go/internal/fourslash/tests/gen/quickInfoThrowsTag_test.go	0	53	778	40
/Users/chrishafley/projects/typescript-go/internal/fourslash/tests/gen/tsxCompletionOnClosingTag1_test.go	0	85	1146	40
/Users/chrishafley/projects/typescript-go/internal/fourslash/tests/gen/navbar01_test.go	0	91	1387	59
/Users/chrishafley/projects/typescript-go/internal/fourslash/tests/gen/formattingInMultilineComments_test.go	0	65	764	29
/Users/chrishafley/projects/typescript-go/internal/fourslash/tests/gen/completionListInUnclosedFunction10_test.go	0	65	1161	38
/Users/chrishafley/projects/typescript-go/internal/fourslash/tests/gen/autoImportBundlerBlockRelativeNodeModulesPaths_test.go	0	80	1022	34
/Users/chrishafley/projects/typescript-go/internal/fourslash/tests/gen/goToDefinitionJsDocImportTag3_test.go	0	98	756	28
/Users/chrishafley/projects/typescript-go/internal/fourslash/tests/gen/getSemanticDiagnosticForDeclaration_test.go	0	81	862	29
/Users/chrishafley/projects/typescript-go/internal/fourslash/tests/gen/syntacticClassificationsJsx2_test.go	0	41	837	29
/Users/chrishafley/projects/typescript-go/internal/fourslash/tests/gen/formatSelectionWithTrivia7_test.go	0	80	701	26
/Users/chrishafley/projects/typescript-go/internal/fourslash/tests/gen/goToTypeDefinition_returnType_test.go	0	62	1279	53
/Users/chrishafley/projects/typescript-go/internal/fourslash/tests/gen/quickinfoVerbosityEnum_test.go	0	95	1120	46
/Users/chrishafley/projects/typescript-go/internal/fourslash/tests/gen/renameInfoForFunctionExpression01_test.go	0	57	693	24
/Users/chrishafley/projects/typescript-go/internal/fourslash/tests/gen/completionsOverridingProperties1_test.go	0	56	1596	51
/Users/chrishafley/projects/typescript-go/internal/fourslash/tests/gen/getOccurrencesIsDefinitionOfBindingPattern_test.go	0	51	695	22
/Users/chrishafley/projects/typescript-go/internal/fourslash/tests/gen/formattingConditionalOperator_test.go	0	48	664	23
/Users/chrishafley/projects/typescript-go/internal/fourslash/tests/gen/documentHighlightsInvalidGlobalThis_test.go	0	54	778	24
/Users/chrishafley/projects/typescript-go/internal/fourslash/tests/gen/goToDefinitionInMemberDeclaration_test.go	0	59	1489	38
/Users/chrishafley/projects/typescript-go/internal/fourslash/tests/gen/getOccurrencesThis3_test.go	0	48	2948	160
/Users/chrishafley/projects/typescript-go/internal/fourslash/tests/gen/completionListInUnclosedIndexSignature02_test.go	0	66	1450	52
/Users/chrishafley/projects/typescript-go/internal/fourslash/tests/gen/renameDestructuringDeclarationInFor_test.go	0	53	1035	32
/Users/chrishafley/projects/typescript-go/internal/fourslash/tests/gen/completionListInObjectLiteral6_test.go	0	57	1679	57
/Users/chrishafley/projects/typescript-go/internal/fourslash/tests/gen/findAllRefsForVariableInImplementsClause01_test.go	0	75	690	22
/Users/chrishafley/projects/typescript-go/internal/fourslash/tests/gen/memberListErrorRecovery_test.go	0	62	1242	41
/Users/chrishafley/projects/typescript-go/internal/fourslash/tests/gen/completionListInClassStaticBlocks_test.go	0	47	1810	67
/Users/chrishafley/projects/typescript-go/internal/fourslash/tests/gen/navigationBarItemsItemsModuleVariables_test.go	0	60	1020	38
/Users/chrishafley/projects/typescript-go/internal/fourslash/tests/gen/codeFixSpellingShortName1_test.go	0	78	627	22
/Users/chrishafley/projects/typescript-go/internal/fourslash/tests/gen/renameStringPropertyNames_test.go	0	46	783	31
/Users/chrishafley/projects/typescript-go/internal/fourslash/tests/gen/importNameCodeFix_typeUsedAsValue_test.go	0	45	832	29
/Users/chrishafley/projects/typescript-go/internal/fourslash/tests/gen/autoImportTypeImport1_test.go	0	54	1554	47
/Users/chrishafley/projects/typescript-go/internal/fourslash/tests/gen/formattingJsxTexts2_test.go	0	49	1309	93
/Users/chrishafley/projects/typescript-go/internal/fourslash/tests/gen/quickInfoDisplayPartsExternalModuleAlias_test.go	0	49	1001	30
/Users/chrishafley/projects/typescript-go/internal/fourslash/tests/gen/goToDefinitionOverriddenMember25_test.go	0	48	780	30
/Users/chrishafley/projects/typescript-go/internal/fourslash/tests/gen/signatureHelpInRecursiveType_test.go	0	43	1015	32
/Users/chrishafley/projects/typescript-go/internal/fourslash/tests/gen/getSemanticDiagnosticForNoDeclaration_test.go	0	59	701	23
/Users/chrishafley/projects/typescript-go/internal/fourslash/tests/gen/completionListFunctionMembers_test.go	0	34	1043	37
/Users/chrishafley/projects/typescript-go/internal/fourslash/tests/gen/unusedEnumInFunction1_test.go	0	40	687	26
/Users/chrishafley/projects/typescript-go/internal/fourslash/tests/gen/quickInfoJsDocNonDiscriminatedUnionSharedProp_test.go	0	48	1280	62
/Users/chrishafley/projects/typescript-go/internal/fourslash/tests/gen/goToImplementationShorthandPropertyAssignment_01_test.go	0	57	1433	61
/Users/chrishafley/projects/typescript-go/internal/fourslash/tests/gen/codeFixCorrectQualifiedNameToIndexedAccessType01_test.go	0	51	723	24
/Users/chrishafley/projects/typescript-go/internal/fourslash/tests/gen/semanticClassificationInTemplateExpressions_test.go	0	45	1273	41
/Users/chrishafley/projects/typescript-go/internal/fourslash/tests/gen/findAllRefsTypeofImport_test.go	0	43	695	24
/Users/chrishafley/projects/typescript-go/internal/fourslash/tests/gen/quickInfoJsDocGetterSetterNoCrash1_test.go	0	54	842	32
/Users/chrishafley/projects/typescript-go/internal/fourslash/tests/gen/formattingSkippedTokens_test.go	0	70	1044	38
/Users/chrishafley/projects/typescript-go/internal/fourslash/tests/gen/autoImportsNodeNext1_test.go	0	86	1461	51
/Users/chrishafley/projects/typescript-go/internal/fourslash/tests/gen/goToDefinition_mappedType_test.go	0	42	687	23
/Users/chrishafley/projects/typescript-go/internal/fourslash/tests/gen/goToDefinitionOverriddenMember6_test.go	0	40	715	27
/Users/chrishafley/projects/typescript-go/internal/fourslash/tests/gen/importNameCodeFix_fileWithNoTrailingNewline_test.go	0	51	874	32
/Users/chrishafley/projects/typescript-go/internal/fourslash/tests/gen/navigationBarItemsPropertiesDefinedInConstructors_test.go	0	43	759	25
/Users/chrishafley/projects/typescript-go/internal/fourslash/tests/gen/importNameCodeFix_jsCJSvsESM2_test.go	0	47	910	35
/Users/chrishafley/projects/typescript-go/internal/fourslash/tests/gen/formattingOnClosingBracket_test.go	0	49	3422	110
/Users/chrishafley/projects/typescript-go/internal/fourslash/tests/gen/jsDocIndentationPreservation2_test.go	0	58	794	29
/Users/chrishafley/projects/typescript-go/internal/fourslash/tests/gen/arityErrorAfterStringCompletions_test.go	0	45	1254	44
/Users/chrishafley/projects/typescript-go/internal/fourslash/tests/gen/javaScriptModules12_test.go	0	69	3853	149
/Users/chrishafley/projects/typescript-go/internal/fourslash/tests/gen/autoImportProvider_exportMap6_test.go	0	71	3462	107
/Users/chrishafley/projects/typescript-go/internal/fourslash/tests/gen/quickInfoAtPropWithAmbientDeclarationInJs_test.go	0	63	778	31
/Users/chrishafley/projects/typescript-go/internal/fourslash/tests/gen/quickInfoOnMergedModule_test.go	0	72	871	36
/Users/chrishafley/projects/typescript-go/internal/fourslash/tests/gen/getJavaScriptSyntacticDiagnostics22_test.go	0	70	668	23
/Users/chrishafley/projects/typescript-go/internal/fourslash/tests/gen/pathCompletionsAllowModuleAugmentationExtensions_test.go	0	53	1168	38
/Users/chrishafley/projects/typescript-go/internal/fourslash/tests/gen/codeFixInferFromPrimitiveUsage_test.go	0	53	715	24
/Users/chrishafley/projects/typescript-go/internal/fourslash/tests/gen/formatEmptyParamList_test.go	0	63	670	23
/Users/chrishafley/projects/typescript-go/internal/fourslash/tests/gen/unusedImports14FS_test.go	0	43	829	27
/Users/chrishafley/projects/typescript-go/internal/fourslash/tests/gen/quickInfoFromContextualUnionType2_test.go	0	42	853	27
/Users/chrishafley/projects/typescript-go/internal/fourslash/tests/gen/quickInfoTypeOfThisInStatics_test.go	0	44	809	30
/Users/chrishafley/projects/typescript-go/internal/fourslash/tests/gen/getJavaScriptQuickInfo5_test.go	0	46	726	24
/Users/chrishafley/projects/typescript-go/internal/fourslash/tests/gen/completionListAfterStringLiteral1_test.go	0	50	1657	60
/Users/chrishafley/projects/typescript-go/internal/fourslash/tests/gen/completionsForLatterTypeParametersInConstraints1_test.go	0	62	1624	53
/Users/chrishafley/projects/typescript-go/internal/fourslash/tests/gen/formatTryCatch_test.go	0	57	818	32
/Users/chrishafley/projects/typescript-go/internal/fourslash/tests/gen/tsxFindAllReferences8_test.go	0	43	1674	48
/Users/chrishafley/projects/typescript-go/internal/fourslash/tests/gen/quickInfoDisplayPartsEnum3_test.go	0	44	1033	38
/Users/chrishafley/projects/typescript-go/internal/fourslash/tests/gen/completionImportModuleSpecifierEndingUnsupportedExtension_test.go	0	44	1598	51
/Users/chrishafley/projects/typescript-go/internal/fourslash/tests/gen/signatureHelpSimpleFunctionCall_test.go	0	54	1114	28
/Users/chrishafley/projects/typescript-go/internal/fourslash/tests/gen/codeFixRemoveUnnecessaryAwait_notAvailableOnReturn_test.go	0	53	708	24
/Users/chrishafley/projects/typescript-go/internal/fourslash/tests/gen/semanticModernClassificationInterfaces_test.go	0	66	1329	38
/Users/chrishafley/projects/typescript-go/internal/fourslash/tests/gen/renameDestructuringAssignmentNestedInArrayLiteral_test.go	0	69	1010	27
/Users/chrishafley/projects/typescript-go/internal/fourslash/tests/gen/organizeImportsType9_test.go	0	76	2713	80
/Users/chrishafley/projects/typescript-go/internal/fourslash/tests/gen/completionsWithOptionalPropertiesGeneric_test.go	0	81	1456	46
/Users/chrishafley/projects/typescript-go/internal/fourslash/tests/gen/findAllRefsForModule_test.go	0	44	1045	30
/Users/chrishafley/projects/typescript-go/internal/fourslash/tests/gen/goToSource7_conditionallyMinified_test.go	0	41	1645	46
/Users/chrishafley/projects/typescript-go/internal/fourslash/tests/gen/findAllRefsIndexedAccessTypes_test.go	0	58	723	28
/Users/chrishafley/projects/typescript-go/internal/fourslash/tests/gen/codeFixClassImplementInterfaceSomePropertiesPresent_test.go	0	39	1106	47
/Users/chrishafley/projects/typescript-go/internal/fourslash/tests/gen/goToDefinitionExternalModuleName3_test.go	0	47	748	27
/Users/chrishafley/projects/typescript-go/internal/fourslash/tests/gen/formatExportAssignment_test.go	0	103	630	22
/Users/chrishafley/projects/typescript-go/internal/fourslash/tests/gen/referencesForInheritedProperties5_test.go	0	67	836	32
/Users/chrishafley/projects/typescript-go/internal/fourslash/tests/gen/jsDocForTypeAlias_test.go	0	133	633	23
/Users/chrishafley/projects/typescript-go/internal/fourslash/tests/gen/codeFixSpellingCaseWeight1_test.go	0	66	695	23
/Users/chrishafley/projects/typescript-go/internal/fourslash/tests/gen/completionListInTypeLiteralInTypeParameter12_test.go	0	45	1711	63
/Users/chrishafley/projects/typescript-go/internal/fourslash/tests/gen/formatRemoveNewLineAfterOpenBrace_test.go	0	55	688	30
/Users/chrishafley/projects/typescript-go/internal/fourslash/tests/gen/goToDefinitionTaggedTemplateOverloads_test.go	0	76	939	26
/Users/chrishafley/projects/typescript-go/internal/fourslash/tests/gen/quickInfoJSDocAtBeforeSpace_test.go	0	61	748	33
/Users/chrishafley/projects/typescript-go/internal/fourslash/tests/gen/importNameCodeFix_pathsWithoutBaseUrl1_test.go	0	60	928	38
/Users/chrishafley/projects/typescript-go/internal/fourslash/tests/gen/codeFixMissingTypeAnnotationOnExports24-heritage-formatting-2_test.go	0	49	1282	41
/Users/chrishafley/projects/typescript-go/internal/fourslash/tests/gen/completionJSDocNamePath_test.go	0	49	1072	40
/Users/chrishafley/projects/typescript-go/internal/fourslash/tests/gen/importNameCodeFixNewImportAllowSyntheticDefaultImports4_test.go	0	42	944	34
/Users/chrishafley/projects/typescript-go/internal/fourslash/tests/gen/goToImplementationNamespace_04_test.go	0	44	964	41
/Users/chrishafley/projects/typescript-go/internal/fourslash/tests/gen/jsdocTypedefTagRename04_test.go	0	42	1047	42
/Users/chrishafley/projects/typescript-go/internal/fourslash/tests/gen/commentsUnion_test.go	0	46	748	22
/Users/chrishafley/projects/typescript-go/internal/fourslash/tests/gen/goToTypeDefinition_arrayType_test.go	0	59	958	32
/Users/chrishafley/projects/typescript-go/internal/fourslash/tests/gen/getOccurrencesIsDefinitionOfComputedProperty_test.go	0	52	721	23
/Users/chrishafley/projects/typescript-go/internal/fourslash/tests/gen/quickInfoOnValueSymbolWithoutExportWithSameNameExportSymbol_test.go	0	48	1069	37
/Users/chrishafley/projects/typescript-go/internal/fourslash/tests/gen/completionsDotInArrayLiteralInObjectLiteral_test.go	0	58	1147	34
/Users/chrishafley/projects/typescript-go/internal/fourslash/tests/gen/referencesForPropertiesOfGenericType_test.go	0	41	769	29
/Users/chrishafley/projects/typescript-go/internal/fourslash/tests/gen/autoImportFileExcludePatterns4_test.go	0	43	1453	45
/Users/chrishafley/projects/typescript-go/internal/fourslash/tests/gen/goToDefinitionSameFile_test.go	0	79	1243	32
/Users/chrishafley/projects/typescript-go/internal/fourslash/tests/gen/importNameCodeFixDefaultExport2_test.go	0	87	832	30
/Users/chrishafley/projects/typescript-go/internal/fourslash/tests/gen/goToImplementationClassMethod_00_test.go	0	42	771	25
/Users/chrishafley/projects/typescript-go/internal/fourslash/tests/gen/importNameCodeFix_require_importVsRequire_addToExistingWins_test.go	0	37	1212	45
/Users/chrishafley/projects/typescript-go/internal/fourslash/tests/gen/codeFixMissingTypeAnnotationOnExports57-generics-doesnt-drop-trailing-unknown_test.go	0	36	977	34
/Users/chrishafley/projects/typescript-go/internal/fourslash/tests/gen/refactorConvertToEsModule_module_nodenext_test.go	0	58	1023	38
/Users/chrishafley/projects/typescript-go/internal/fourslash/tests/gen/documentHighlights_filesToSearch_test.go	0	48	806	25
/Users/chrishafley/projects/typescript-go/internal/fourslash/tests/gen/emptyArrayInference_test.go	0	55	731	24
/Users/chrishafley/projects/typescript-go/internal/fourslash/tests/gen/codeFixClassImplementInterfaceTypeParamInstantiateDeeply_test.go	0	51	942	33
/Users/chrishafley/projects/typescript-go/internal/fourslash/tests/gen/completionEntryClassMembersWithInferredFunctionReturnType1_test.go	0	45	1798	52
/Users/chrishafley/projects/typescript-go/internal/fourslash/tests/gen/javaScriptClass3_test.go	0	97	839	32
/Users/chrishafley/projects/typescript-go/internal/fourslash/tests/gen/codeFixMissingTypeAnnotationOnExports49-private-name_test.go	0	96	1419	59
/Users/chrishafley/projects/typescript-go/internal/fourslash/tests/gen/signatureHelpTaggedTemplatesNegatives3_test.go	0	94	745	24
/Users/chrishafley/projects/typescript-go/internal/fourslash/tests/gen/completionsConditionalMember_test.go	0	84	1629	55
/Users/chrishafley/projects/typescript-go/internal/fourslash/tests/gen/outlineSpansTrailingBlockCommentsAfterStatements_test.go	0	80	662	24
/Users/chrishafley/projects/typescript-go/internal/fourslash/tests/gen/findAllRefsEnumAsNamespace_test.go	0	77	642	22
/Users/chrishafley/projects/typescript-go/internal/fourslash/tests/gen/completionListEnumMembers_test.go	0	43	1612	58
/Users/chrishafley/projects/typescript-go/internal/fourslash/tests/gen/autoImportPackageJsonExportsSpecifierEndsInTs_test.go	0	62	1027	39
/Users/chrishafley/projects/typescript-go/internal/fourslash/tests/gen/getOccurrencesIsDefinitionOfTypeAlias_test.go	0	42	678	22
/Users/chrishafley/projects/typescript-go/internal/fourslash/tests/gen/docCommentTemplateConstructor01_test.go	0	46	1144	48
/Users/chrishafley/projects/typescript-go/internal/fourslash/tests/gen/quickInfo_notInsideComment_test.go	0	48	615	22
/Users/chrishafley/projects/typescript-go/internal/fourslash/tests/gen/formattingElseInsideAFunction_test.go	0	54	764	29
/Users/chrishafley/projects/typescript-go/internal/fourslash/tests/gen/importStatementCompletions_esModuleInterop2_test.go	0	37	1989	63
/Users/chrishafley/projects/typescript-go/internal/fourslash/tests/gen/renameContextuallyTypedProperties_test.go	0	42	1809	74
/Users/chrishafley/projects/typescript-go/internal/fourslash/tests/gen/goToDefinitionInterfaceAfterImplement_test.go	0	48	818	30
/Users/chrishafley/projects/typescript-go/internal/fourslash/tests/gen/organizeImports9_test.go	0	40	779	28
/Users/chrishafley/projects/typescript-go/internal/fourslash/tests/gen/formatSimulatingScriptBlocks_test.go	0	59	1792	66
/Users/chrishafley/projects/typescript-go/internal/fourslash/tests/gen/autoImportProvider6_test.go	0	58	1945	55
/Users/chrishafley/projects/typescript-go/internal/fourslash/tests/gen/renameLabel6_test.go	0	61	738	26
/Users/chrishafley/projects/typescript-go/internal/fourslash/tests/gen/formatOnOpenCurlyBraceRemoveNewLine_test.go	0	51	857	28
/Users/chrishafley/projects/typescript-go/internal/fourslash/tests/gen/exportDefaultClass_test.go	0	48	1202	41
/Users/chrishafley/projects/typescript-go/internal/fourslash/tests/gen/quickInfoCloduleWithRecursiveReference_test.go	0	51	768	29
/Users/chrishafley/projects/typescript-go/internal/fourslash/tests/gen/goToImplementation_inDifferentFiles_test.go	0	50	910	36
/Users/chrishafley/projects/typescript-go/internal/fourslash/tests/gen/formatTemplateStringOnPaste_test.go	0	47	689	22
/Users/chrishafley/projects/typescript-go/internal/fourslash/tests/gen/referencesForStringLiteralPropertyNames3_test.go	0	48	748	27
/Users/chrishafley/projects/typescript-go/internal/fourslash/tests/gen/completionListPrivateNamesMethods_test.go	0	48	2417	96
/Users/chrishafley/projects/typescript-go/internal/fourslash/tests/gen/jsDocFunctionSignatures7_test.go	0	47	798	34
/Users/chrishafley/projects/typescript-go/internal/fourslash/tests/goToSourceDefinitionReExportChain_test.go	0	36	1217	30
/Users/chrishafley/projects/typescript-go/internal/fourslash/tests/semanticClassificationJSX_test.go	0	38	776	26
/Users/chrishafley/projects/typescript-go/internal/fourslash/tests/importPreferTypeOnlyAutoImports_test.go	0	52	977	33
/Users/chrishafley/projects/typescript-go/internal/fourslash/tests/hoverAliasInImportedFile_test.go	0	38	902	36
/Users/chrishafley/projects/typescript-go/internal/fourslash/tests/gen/getOccurrencesProtected1_test.go	0	59	1915	74
/Users/chrishafley/projects/typescript-go/internal/fourslash/tests/hoverNilBaseSymbolIntersection_test.go	0	48	792	32
/Users/chrishafley/projects/typescript-go/internal/fourslash/tests/getEditsForFileRename_duplicateUnresolvedImports_test.go	0	54	2117	63
/Users/chrishafley/projects/typescript-go/internal/fourslash/tests/autoImportCJSWithNodeModuleKind_test.go	0	49	2887	105
/Users/chrishafley/projects/typescript-go/internal/fourslash/tests/documentHighlightRequirePropertyDestructure1_test.go	0	48	551	20
/Users/chrishafley/projects/typescript-go/internal/fourslash/tests/basicQuickInfo_test.go	0	40	716	33
/Users/chrishafley/projects/typescript-go/internal/fourslash/tests/autoImportNewLine_test.go	0	43	1047	43
/Users/chrishafley/projects/typescript-go/internal/fourslash/tests/organizeImports_coalesceExports_test.go	0	47	5618	185
/Users/chrishafley/projects/typescript-go/internal/fourslash/tests/sourceFixAllImports_test.go	0	46	1296	55
/Users/chrishafley/projects/typescript-go/internal/fourslash/tests/basicGlobalCompletions_test.go	0	37	761	27
/Users/chrishafley/projects/typescript-go/internal/fourslash/tests/completionsFromUntitledFile_test.go	0	54	1137	35
/Users/chrishafley/projects/typescript-go/internal/fourslash/tests/completionFilterText2_test.go	0	57	1885	65
/Users/chrishafley/projects/typescript-go/internal/fourslash/tests/formatDocumentNoCrashJsxAttrUnterminatedString_test.go	0	46	578	20
/Users/chrishafley/projects/typescript-go/internal/fourslash/tests/getEditsForFileRename_cssImport2_test.go	0	42	998	38
/Users/chrishafley/projects/typescript-go/internal/fourslash/tests/quickInfoDefaultTypeParameter1_test.go	0	49	566	19
/Users/chrishafley/projects/typescript-go/internal/fourslash/tests/goToSourceDefinitionImportVariants_test.go	0	50	2013	52
/Users/chrishafley/projects/typescript-go/internal/fourslash/tests/goToSourceDefinitionDefaultExport_test.go	0	56	6706	153
/Users/chrishafley/projects/typescript-go/internal/fourslash/tests/goToImplementationNoCrashUMDWithDynamicImport_test.go	0	58	584	21
/Users/chrishafley/projects/typescript-go/internal/fourslash/tests/completionsForMultilineDefaultImportWithFromOnNextLine_test.go	0	60	1357	43
/Users/chrishafley/projects/typescript-go/internal/fourslash/tests/hoverQualifiedGenericNames_test.go	0	71	770	37
/Users/chrishafley/projects/typescript-go/internal/fourslash/tests/documentSymbolPrivateName_test.go	0	36	738	40
/Users/chrishafley/projects/typescript-go/internal/fourslash/tests/renameQuotedSingleCharacterPropertyName1_test.go	0	46	524	21
/Users/chrishafley/projects/typescript-go/internal/fourslash/tests/formatDocumentNoCrashLeadingWhitespace2_test.go	0	47	435	17
/Users/chrishafley/projects/typescript-go/internal/fourslash/tests/autoImportCompletionsForArbitraryNonIdentifierExports_test.go	0	46	997	37
/Users/chrishafley/projects/typescript-go/internal/fourslash/tests/quickinfoVerbosityInterfaceMemberOrdering_test.go	0	61	757	26
/Users/chrishafley/projects/typescript-go/internal/fourslash/tests/completionClassMemberAfterJSDocWithInvalidJSDocTagInTheComment1_test.go	0	56	1053	38
/Users/chrishafley/projects/typescript-go/internal/fourslash/tests/callHierarchyIncomingCallsObjectLiteralMethodInExpressionComputedProperty_test.go	0	54	592	25
/Users/chrishafley/projects/typescript-go/internal/fourslash/tests/autoImportDefaultPascalCase_test.go	0	48	7078	235
/Users/chrishafley/projects/typescript-go/internal/fourslash/tests/goToSourceDefinitionPropertyAccess_test.go	0	56	2375	55
/Users/chrishafley/projects/typescript-go/internal/fourslash/tests/testmain_test.go	0	50	261	14
/Users/chrishafley/projects/typescript-go/internal/fourslash/tests/formatInterfaceWithMissingBraceAndLaterTemplateString2_test.go	0	43	1043	40
/Users/chrishafley/projects/typescript-go/internal/fourslash/tests/quickInfoAmbientModule_test.go	0	47	470	19
/Users/chrishafley/projects/typescript-go/internal/fourslash/tests/signatureHelpTypeArgumentsWithUntypedTarget_test.go	0	49	617	22
/Users/chrishafley/projects/typescript-go/internal/fourslash/tests/formatJsxDottedTagName_test.go	0	67	581	27
/Users/chrishafley/projects/typescript-go/internal/fourslash/tests/findAllRefsForDefaultExportVS_test.go	0	47	724	24
/Users/chrishafley/projects/typescript-go/internal/fourslash/tests/callHierarchyIncomingCallsObjectLiteralMethodInIdentifierComputedProperty_test.go	0	68	607	26
/Users/chrishafley/projects/typescript-go/internal/fourslash/tests/inlayHintsIdentifierLocation_test.go	0	45	731	21
/Users/chrishafley/projects/typescript-go/internal/fourslash/tests/quickInfoConstAssertion_test.go	0	41	472	19
/Users/chrishafley/projects/typescript-go/internal/fourslash/tests/goToSourceDefinitionNestedNodeModules_test.go	0	51	1727	36
/Users/chrishafley/projects/typescript-go/internal/fourslash/tests/quickInfoCommentsFunctionDeclarationVS_test.go	0	51	929	34
/Users/chrishafley/projects/typescript-go/internal/fourslash/tests/manual/linkedEditingJsxTag7_test.go	0	52	1656	69
/Users/chrishafley/projects/typescript-go/internal/fourslash/tests/manual/pathCompletionsPackageJsonImportsCustomConditions_test.go	0	44	1367	48
/Users/chrishafley/projects/typescript-go/internal/fourslash/tests/manual/importNameCodeFixDefaultExport7_test.go	0	49	588	22
/Users/chrishafley/projects/typescript-go/internal/fourslash/tests/manual/pathCompletionsPackageJsonExportsWildcard10_test.go	0	50	1323	48
/Users/chrishafley/projects/typescript-go/internal/fourslash/tests/manual/signatureHelpCommentsCommentParsingVS_test.go	0	61	5676	218
/Users/chrishafley/projects/typescript-go/internal/fourslash/tests/manual/jsDocFunctionSignatures6VS_test.go	0	47	869	27
/Users/chrishafley/projects/typescript-go/internal/fourslash/tests/manual/pathCompletionsPackageJsonImportsWildcard5_test.go	0	39	2080	76
/Users/chrishafley/projects/typescript-go/internal/fourslash/tests/manual/jsxAttributeCompletionStyleNoSnippet_test.go	0	48	2697	90
/Users/chrishafley/projects/typescript-go/internal/fourslash/tests/manual/completionsOverridingMethod20_test.go	0	44	2109	62
/Users/chrishafley/projects/typescript-go/internal/fourslash/tests/manual/completionsPaths_pathMapping_nonTrailingWildcard1_test.go	0	48	3426	121
/Users/chrishafley/projects/typescript-go/internal/fourslash/tests/manual/jsDocFunctionSignatures2_test.go	0	44	661	24
/Users/chrishafley/projects/typescript-go/internal/fourslash/tests/manual/completionImportModuleSpecifierEndingJs_test.go	0	53	1703	57
/Users/chrishafley/projects/typescript-go/internal/fourslash/tests/manual/pathCompletionsPackageJsonExportsWildcard4_test.go	0	44	3764	130
/Users/chrishafley/projects/typescript-go/internal/fourslash/tests/manual/navigationBarFunctionPrototype_test.go	0	52	755	33
/Users/chrishafley/projects/typescript-go/internal/fourslash/tests/manual/getEditsForFileRename_directory_down_test.go	0	52	2008	60
/Users/chrishafley/projects/typescript-go/internal/fourslash/tests/manual/navigationBarFunctionPrototypeBroken_test.go	0	64	629	24
/Users/chrishafley/projects/typescript-go/internal/fourslash/tests/manual/completionForStringLiteralImport1_test.go	0	50	2593	88
/Users/chrishafley/projects/typescript-go/internal/fourslash/tests/manual/completionsOverridingMethod6_test.go	0	64	5941	176
/Users/chrishafley/projects/typescript-go/internal/fourslash/tests/manual/completionsWithStringReplacementMode1_test.go	0	69	6090	193
/Users/chrishafley/projects/typescript-go/internal/fourslash/tests/manual/navigateToSymbolIterator_test.go	0	56	855	34
/Users/chrishafley/projects/typescript-go/internal/fourslash/tests/manual/docCommentTemplateNamespacesAndModules01_test.go	0	48	823	31
/Users/chrishafley/projects/typescript-go/internal/fourslash/tests/manual/pathCompletionsPackageJsonExportsBundlerNoNodeCondition_test.go	0	52	1435	50
/Users/chrishafley/projects/typescript-go/internal/fourslash/tests/manual/pathCompletionsPackageJsonImportsSrcNoDistWildcard2_test.go	0	52	2653	92
/Users/chrishafley/projects/typescript-go/internal/fourslash/tests/manual/completionListInClosedFunction05_test.go	0	42	1039	41
/Users/chrishafley/projects/typescript-go/internal/fourslash/tests/manual/completionListInTypeLiteralInTypeParameter21_test.go	0	53	2474	89
/Users/chrishafley/projects/typescript-go/internal/fourslash/tests/manual/jsxAttributeCompletionStyleNone_test.go	0	57	2848	94
/Users/chrishafley/projects/typescript-go/internal/fourslash/tests/manual/exhaustiveCaseCompletions8_test.go	0	44	1427	45
/Users/chrishafley/projects/typescript-go/internal/fourslash/tests/manual/jsdocDeprecated_suggestion1_test.go	0	80	11436	304
/Users/chrishafley/projects/typescript-go/internal/fourslash/tests/manual/completionsPathsRelativeJsonModule_test.go	0	55	1154	39
/Users/chrishafley/projects/typescript-go/internal/fourslash/tests/manual/incrementalParsingWithJsDoc_test.go	0	63	645	25
/Users/chrishafley/projects/typescript-go/internal/fourslash/tests/manual/autoCloseFragment_test.go	0	43	1230	72
/Users/chrishafley/projects/typescript-go/internal/fourslash/tests/manual/completionAfterImportWithJSDoc_test.go	0	70	1167	31
/Users/chrishafley/projects/typescript-go/internal/fourslash/tests/manual/quickInfoJsDocTextFormatting1VS_test.go	0	45	1331	58
/Users/chrishafley/projects/typescript-go/internal/fourslash/tests/manual/signatureHelpAnonymousTypeVS_test.go	0	42	634	20
/Users/chrishafley/projects/typescript-go/internal/fourslash/tests/manual/completionsPaths_importType_test.go	0	66	2671	92
/Users/chrishafley/projects/typescript-go/internal/fourslash/tests/manual/inlayHintsInteractiveParameterNamesInSpan2_test.go	0	51	1194	39
/Users/chrishafley/projects/typescript-go/internal/fourslash/tests/manual/jsDocFunctionSignatures12_test.go	0	83	919	33
/Users/chrishafley/projects/typescript-go/internal/fourslash/tests/manual/pathCompletionsPackageJsonImportsSrcNoDistWildcard3_test.go	0	56	2676	89
/Users/chrishafley/projects/typescript-go/internal/fourslash/tests/manual/semanticModernClassificationFunctions_test.go	0	53	1173	35
/Users/chrishafley/projects/typescript-go/internal/fourslash/tests/manual/completionListWithLabel_test.go	0	63	1771	65
/Users/chrishafley/projects/typescript-go/internal/fourslash/tests/manual/exhaustiveCaseCompletions1_test.go	0	82	2874	99
/Users/chrishafley/projects/typescript-go/internal/fourslash/tests/manual/linkedEditingJsxTag6_test.go	0	108	2085	76
/Users/chrishafley/projects/typescript-go/internal/fourslash/tests/manual/pathCompletionsPackageJsonExportsWildcard5_test.go	0	69	2428	86
/Users/chrishafley/projects/typescript-go/internal/fourslash/tests/manual/formatOnEnterInComment_test.go	0	77	510	24
/Users/chrishafley/projects/typescript-go/internal/fourslash/tests/manual/pathCompletionsPackageJsonExportsWildcard11_test.go	0	48	1284	47
/Users/chrishafley/projects/typescript-go/internal/fourslash/tests/manual/pathCompletionsPackageJsonImportsWildcard4_test.go	0	98	3667	130
/Users/chrishafley/projects/typescript-go/internal/fourslash/tests/manual/formatConflictDiff3Marker1_test.go	0	62	661	34
/Users/chrishafley/projects/typescript-go/internal/fourslash/tests/manual/completionImportModuleSpecifierEndingJsx_test.go	0	59	1715	56
/Users/chrishafley/projects/typescript-go/internal/fourslash/tests/manual/completionsPaths_kinds_test.go	0	53	1422	54
/Users/chrishafley/projects/typescript-go/internal/fourslash/tests/manual/jsxAttributeCompletionStyleDefault_test.go	0	52	2681	92
/Users/chrishafley/projects/typescript-go/internal/fourslash/tests/manual/completionImportModuleSpecifierEndingTs_test.go	0	60	1686	56
/Users/chrishafley/projects/typescript-go/internal/fourslash/tests/manual/tsconfigComputedPropertyError_test.go	0	58	907	32
/Users/chrishafley/projects/typescript-go/internal/fourslash/tests/manual/signatureHelpJSMissingPropertyAccessVS_test.go	0	61	624	21
/Users/chrishafley/projects/typescript-go/internal/fourslash/tests/manual/typeErrorAfterStringCompletionsInNestedCall_test.go	0	78	2115	64
/Users/chrishafley/projects/typescript-go/internal/fourslash/tests/manual/tsxCompletion12_test.go	0	60	3485	116
/Users/chrishafley/projects/typescript-go/internal/fourslash/tests/manual/completionsOverridingMethod5_test.go	0	43	4185	122
/Users/chrishafley/projects/typescript-go/internal/fourslash/tests/manual/completionsPaths_pathMapping_parentDirectory_test.go	0	45	1242	46
/Users/chrishafley/projects/typescript-go/internal/fourslash/tests/manual/completionForStringLiteralImport2_test.go	0	47	2246	78
/Users/chrishafley/projects/typescript-go/internal/fourslash/tests/manual/importNameCodeFixNewImportNodeModules1_test.go	0	43	909	29
/Users/chrishafley/projects/typescript-go/internal/fourslash/tests/manual/autoCloseTag_test.go	0	48	1288	73
/Users/chrishafley/projects/typescript-go/internal/fourslash/tests/manual/importNameCodeFix_typesVersions_test.go	0	40	1232	40
/Users/chrishafley/projects/typescript-go/internal/fourslash/tests/manual/signatureHelpWithUnknownVS_test.go	0	45	549	18
/Users/chrishafley/projects/typescript-go/internal/fourslash/tests/manual/signatureHelpJSDocTagsVS_test.go	0	83	1660	75
/Users/chrishafley/projects/typescript-go/internal/fourslash/tests/manual/NavigationBarJsDoc_test.go	0	47	551	22
/Users/chrishafley/projects/typescript-go/internal/fourslash/tests/manual/completionsImport_defaultFalsePositive_test.go	0	48	2129	64
/Users/chrishafley/projects/typescript-go/internal/fourslash/tests/manual/completionImportModuleSpecifierEndingTsxReact_test.go	0	42	1698	55
/Users/chrishafley/projects/typescript-go/internal/fourslash/tests/manual/completionsImport_reexportTransient_test.go	0	51	1910	64
/Users/chrishafley/projects/typescript-go/internal/fourslash/tests/manual/navto_emptyPattern_test.go	0	56	948	37
/Users/chrishafley/projects/typescript-go/internal/fourslash/tests/manual/pathCompletionsPackageJsonImportsSrcNoDistWildcard1_test.go	0	44	2275	79
/Users/chrishafley/projects/typescript-go/internal/fourslash/tests/manual/jsdocDeprecated_suggestion2_test.go	0	73	4396	137
/Users/chrishafley/projects/typescript-go/internal/fourslash/tests/manual/renameDefaultKeyword_test.go	0	46	795	37
/Users/chrishafley/projects/typescript-go/internal/fourslash/tests/manual/completionsImport_reExportDefault_test.go	0	44	1883	60
/Users/chrishafley/projects/typescript-go/internal/fourslash/tests/manual/pathCompletionsPackageJsonExportsWildcard7_test.go	0	54	1251	45
/Users/chrishafley/projects/typescript-go/internal/fourslash/tests/manual/pathCompletionsPackageJsonImportsWildcard6_test.go	0	45	1360	50
/Users/chrishafley/projects/typescript-go/internal/fourslash/tests/manual/completionsAtIncompleteObjectLiteralProperty_test.go	0	44	1491	49
/Users/chrishafley/projects/typescript-go/internal/fourslash/tests/manual/exhaustiveCaseCompletions3_test.go	0	56	4724	166
/Users/chrishafley/projects/typescript-go/internal/fourslash/tests/manual/signatureHelpJSDocCallbackTagVS_test.go	0	72	1132	42
/Users/chrishafley/projects/typescript-go/internal/fourslash/tests/manual/pathCompletionsTypesVersionsWildcard3_test.go	0	133	2135	79
/Users/chrishafley/projects/typescript-go/internal/fourslash/tests/manual/jsdocParameterNameCompletion_test.go	0	68	1866	73
/Users/chrishafley/projects/typescript-go/internal/fourslash/tests/manual/linkedEditingJsxTag4_test.go	0	46	1221	51
/Users/chrishafley/projects/typescript-go/internal/fourslash/tests/manual/outliningForNonCompleteInterfaceDeclaration_test.go	0	69	449	18
/Users/chrishafley/projects/typescript-go/internal/fourslash/tests/manual/getEditsForFileRename_directory_up_test.go	0	56	1995	60
/Users/chrishafley/projects/typescript-go/internal/fourslash/tests/manual/getOutliningSpans_test.go	0	67	2202	141
/Users/chrishafley/projects/typescript-go/internal/fourslash/tests/manual/navigationItemsExactMatch2_test.go	0	57	2623	101
/Users/chrishafley/projects/typescript-go/internal/fourslash/tests/manual/completionsPathsJsonModule_test.go	0	70	1157	39
/Users/chrishafley/projects/typescript-go/internal/fourslash/tests/manual/completionsWithDeprecatedTag4_test.go	0	49	1617	54
/Users/chrishafley/projects/typescript-go/internal/fourslash/tests/manual/getEditsForFileRename_caseInsensitive_test.go	0	51	661	23
/Users/chrishafley/projects/typescript-go/internal/fourslash/tests/manual/pathCompletionsPackageJsonImportsSrcNoDistWildcard8_test.go	0	59	1472	53
/Users/chrishafley/projects/typescript-go/internal/fourslash/tests/manual/importNameCodeFixDefaultExport5_test.go	0	45	908	30
/Users/chrishafley/projects/typescript-go/internal/fourslash/tests/manual/pathCompletionsPackageJsonExportsWildcard6_test.go	0	54	1414	50
/Users/chrishafley/projects/typescript-go/internal/fourslash/tests/manual/pathCompletionsPackageJsonExportsWildcard12_test.go	0	67	3054	105
/Users/chrishafley/projects/typescript-go/internal/fourslash/tests/manual/signatureHelpImportStarFromExportEquals_test.go	0	60	736	25
/Users/chrishafley/projects/typescript-go/internal/fourslash/tests/manual/completionsOverridingMethod22_test.go	0	59	2335	64
/Users/chrishafley/projects/typescript-go/internal/fourslash/tests/manual/pathCompletionsPackageJsonImportsWildcard7_test.go	0	46	1214	45
/Users/chrishafley/projects/typescript-go/internal/fourslash/tests/manual/exhaustiveCaseCompletions2_test.go	0	56	2576	85
/Users/chrishafley/projects/typescript-go/internal/fourslash/tests/manual/completionInTernaryConditional_test.go	0	45	2945	102
/Users/chrishafley/projects/typescript-go/internal/fourslash/tests/manual/getEditsForFileRename_shortenRelativePaths_test.go	0	39	652	22
/Users/chrishafley/projects/typescript-go/internal/fourslash/tests/manual/signatureHelpAfterParameterVS_test.go	0	38	750	21
/Users/chrishafley/projects/typescript-go/internal/fourslash/tests/manual/linkedEditingJsxTag5_test.go	0	42	1606	59
/Users/chrishafley/projects/typescript-go/internal/fourslash/tests/manual/navigationBarFunctionPrototype4_test.go	0	41	702	30
/Users/chrishafley/projects/typescript-go/internal/fourslash/tests/manual/isDefinitionAcrossGlobalProjects_test.go	0	56	2141	101
/Users/chrishafley/projects/typescript-go/internal/fourslash/tests/manual/completionsImport_filteredByPackageJson_ambient_test.go	0	49	4196	143
/Users/chrishafley/projects/typescript-go/internal/fourslash/tests/manual/signatureHelp_unionTypeVS_test.go	0	65	900	33
/Users/chrishafley/projects/typescript-go/internal/fourslash/tests/manual/signatureHelpRestArgs1VS_test.go	0	38	711	26
/Users/chrishafley/projects/typescript-go/internal/fourslash/tests/manual/signatureHelpExpandedRestTuplesLocalLabels1VS_test.go	0	44	2651	80
/Users/chrishafley/projects/typescript-go/internal/fourslash/tests/manual/semicolonFormattingInsideAStringLiteral_test.go	0	79	522	19
/Users/chrishafley/projects/typescript-go/internal/fourslash/tests/manual/pathCompletionsPackageJsonImportsSrcNoDistWildcard9_test.go	0	50	1493	54
/Users/chrishafley/projects/typescript-go/internal/fourslash/tests/manual/pathCompletionsPackageJsonExportsCustomConditions_test.go	0	48	1404	48
/Users/chrishafley/projects/typescript-go/internal/fourslash/tests/manual/completionForStringLiteralNonrelativeImport4_test.go	0	48	1444	46
/Users/chrishafley/projects/typescript-go/internal/fourslash/tests/manual/jsdocDeprecated_suggestion3_test.go	0	39	1299	42
/Users/chrishafley/projects/typescript-go/internal/fourslash/tests/manual/inlayHintsInteractiveParameterNamesInSpan1_test.go	0	65	1308	39
/Users/chrishafley/projects/typescript-go/internal/fourslash/tests/manual/formatMultilineImportBrace_test.go	0	48	759	26
/Users/chrishafley/projects/typescript-go/internal/fourslash/tests/manual/jsxAttributeCompletionStyleAuto_test.go	0	60	4266	114
/Users/chrishafley/projects/typescript-go/internal/fourslash/tests/manual/importNameCodeFixOptionalImport0_test.go	0	51	829	32
/Users/chrishafley/projects/typescript-go/internal/fourslash/tests/manual/completionsOverridingMethod14_test.go	0	44	1465	47
/Users/chrishafley/projects/typescript-go/internal/fourslash/tests/manual/pathCompletionsPackageJsonImportsSrcNoDistWildcard5_test.go	0	40	2446	85
/Users/chrishafley/projects/typescript-go/internal/fourslash/tests/manual/codeFixMissingTypeAnnotationOnExports46-decorators-experimental_test.go	0	54	2483	74
/Users/chrishafley/projects/typescript-go/internal/fourslash/tests/manual/signatureHelpOnOverloadOnConst_test.go	0	56	990	30
/Users/chrishafley/projects/typescript-go/internal/fourslash/tests/manual/tripleSlashRefPathCompletionHiddenFile_test.go	0	50	1737	62
/Users/chrishafley/projects/typescript-go/internal/fourslash/tests/manual/signatureHelpBindingPatternVS_test.go	0	44	1905	67
/Users/chrishafley/projects/typescript-go/internal/fourslash/tests/manual/organizeImportsUnicode3_test.go	0	42	1345	55
/Users/chrishafley/projects/typescript-go/internal/fourslash/tests/manual/tripleSlashRefPathCompletionAbsolutePaths_test.go	0	43	1884	64
/Users/chrishafley/projects/typescript-go/internal/fourslash/tests/manual/signatureHelpCommentsClassVS_test.go	0	56	1519	74
/Users/chrishafley/projects/typescript-go/internal/fourslash/tests/manual/linkedEditingJsxTag9_test.go	0	58	2199	76
/Users/chrishafley/projects/typescript-go/internal/fourslash/tests/manual/pathCompletionsPackageJsonImportsWildcard11_test.go	0	49	1244	47
/Users/chrishafley/projects/typescript-go/internal/fourslash/tests/manual/completionsOverridingMethod1_test.go	0	57	1512	48
/Users/chrishafley/projects/typescript-go/internal/fourslash/tests/manual/signatureHelpCommentsClassMembersVS_test.go	0	71	3864	148
/Users/chrishafley/projects/typescript-go/internal/fourslash/tests/manual/trailingCommaSignatureHelpVS_test.go	0	38	813	29
/Users/chrishafley/projects/typescript-go/internal/fourslash/tests/manual/autoImportNoPackageJson_nodenext_test.go	0	80	859	25
/Users/chrishafley/projects/typescript-go/internal/fourslash/tests/manual/navto_excludeLib3_test.go	0	56	817	31
/Users/chrishafley/projects/typescript-go/internal/fourslash/tests/manual/testmain_test.go	0	59	261	14
/Users/chrishafley/projects/typescript-go/internal/fourslash/tests/manual/navigationBarFunctionPrototypeNested_test.go	0	69	694	27
/Users/chrishafley/projects/typescript-go/internal/fourslash/tests/manual/signatureHelpIteratorNextVS_test.go	0	85	1017	37
/Users/chrishafley/projects/typescript-go/internal/fourslash/tests/manual/autoImportPackageRootPathExtension_test.go	0	79	1017	36
/Users/chrishafley/projects/typescript-go/internal/fourslash/tests/manual/renameForDefaultExport01_test.go	0	41	966	36
/Users/chrishafley/projects/typescript-go/internal/fourslash/tests/manual/completionsSelfDeclaring1_test.go	0	36	1487	55
/Users/chrishafley/projects/typescript-go/internal/fourslash/tests/manual/pathCompletionsPackageJsonImportsWildcard2_test.go	0	49	2395	84
/Users/chrishafley/projects/typescript-go/internal/fourslash/tests/manual/organizeImportsPathsUnicode3_test.go	0	40	1449	49
/Users/chrishafley/projects/typescript-go/internal/fourslash/tests/manual/exhaustiveCaseCompletions7_test.go	0	59	1438	45
/Users/chrishafley/projects/typescript-go/internal/fourslash/tests/manual/navigateToImport_test.go	0	57	1349	55
/Users/chrishafley/projects/typescript-go/internal/fourslash/tests/manual/autoImportSymlinkCaseSensitive_test.go	0	49	1209	34
/Users/chrishafley/projects/typescript-go/internal/fourslash/tests/manual/pathCompletionsPackageJsonExportsWildcard3_test.go	0	59	2401	80
/Users/chrishafley/projects/typescript-go/internal/fourslash/tests/manual/jsdocDeprecated_suggestion19_test.go	0	57	1177	40
/Users/chrishafley/projects/typescript-go/internal/fourslash/tests/manual/formatConflictMarker1_test.go	0	54	578	30
/Users/chrishafley/projects/typescript-go/internal/fourslash/tests/manual/signatureHelpRestArgs2VS_test.go	0	52	830	29
/Users/chrishafley/projects/typescript-go/internal/fourslash/tests/manual/completionsInArrayLiteralWithContextualType_test.go	0	57	3022	84
/Users/chrishafley/projects/typescript-go/internal/fourslash/tests/manual/importNameCodeFix_uriStyleNodeCoreModules1_test.go	0	72	879	24
/Users/chrishafley/projects/typescript-go/internal/fourslash/tests/manual/exhaustiveCaseCompletions6_test.go	0	58	1568	47
/Users/chrishafley/projects/typescript-go/internal/fourslash/tests/manual/pathCompletionsPackageJsonImportsWildcard3_test.go	0	47	2318	80
/Users/chrishafley/projects/typescript-go/internal/fourslash/tests/manual/autoImportProvider5_test.go	0	57	1369	39
/Users/chrishafley/projects/typescript-go/internal/fourslash/tests/manual/pathCompletionsTypesVersionsWildcard6_test.go	0	48	2329	87
/Users/chrishafley/projects/typescript-go/internal/fourslash/tests/manual/completionsOverridingMethod9_test.go	0	43	1637	54
/Users/chrishafley/projects/typescript-go/internal/fourslash/tests/manual/pathCompletionsPackageJsonExportsWildcard2_test.go	0	42	2488	84
/Users/chrishafley/projects/typescript-go/internal/fourslash/tests/manual/linkedEditingJsxTag1_test.go	0	49	2172	66
/Users/chrishafley/projects/typescript-go/internal/fourslash/tests/manual/autoImportNoPackageJson_commonjs_test.go	0	41	861	25
/Users/chrishafley/projects/typescript-go/internal/fourslash/tests/manual/jsDocDontBreakWithNamespacesVS_test.go	0	35	903	34
/Users/chrishafley/projects/typescript-go/internal/fourslash/tests/manual/signatureHelpCommentsFunctionExpressionVS_test.go	0	47	1438	43
/Users/chrishafley/projects/typescript-go/internal/fourslash/tests/manual/importNameCodeFixJsEnding_test.go	0	44	1010	28
/Users/chrishafley/projects/typescript-go/internal/fourslash/tests/manual/semanticClassificationClassExpression_test.go	0	59	751	25
/Users/chrishafley/projects/typescript-go/internal/fourslash/tests/manual/completionForStringLiteralExport_test.go	0	72	2600	89
/Users/chrishafley/projects/typescript-go/internal/fourslash/tests/manual/pathCompletionsPackageJsonImportsSrcNoDistWildcard4_test.go	0	83	4300	148
/Users/chrishafley/projects/typescript-go/internal/fourslash/tests/manual/quickInfoForOverloadOnConst1_test.go	0	44	1657	42
/Users/chrishafley/projects/typescript-go/internal/fourslash/tests/manual/completionImportModuleSpecifierEndingTsxPreserve_test.go	0	35	1706	55
/Users/chrishafley/projects/typescript-go/internal/fourslash/tests/manual/stringLiteralCompletionsInPositionTypedUsingRest_test.go	0	44	1717	55
/Users/chrishafley/projects/typescript-go/internal/fourslash/tests/manual/autoImportPackageRootPathTypeModule_test.go	0	54	824	35
/Users/chrishafley/projects/typescript-go/internal/fourslash/tests/manual/completionsOverridingMethod0_test.go	0	50	8994	297
/Users/chrishafley/projects/typescript-go/internal/fourslash/tests/manual/pathCompletionsPackageJsonImportsWildcard10_test.go	0	41	1283	48
/Users/chrishafley/projects/typescript-go/internal/fourslash/tests/manual/autoImportCrossProject_symlinks_toSrc_test.go	0	76	1835	51
/Users/chrishafley/projects/typescript-go/internal/fourslash/tests/manual/completionListInImportClause05_test.go	0	73	1061	36
/Users/chrishafley/projects/typescript-go/internal/fourslash/tests/manual/getEditsForFileRename_preferences_test.go	0	51	919	27
/Users/chrishafley/projects/typescript-go/internal/fourslash/tests/manual/navto_excludeLib2_test.go	0	70	1461	53
/Users/chrishafley/projects/typescript-go/internal/fourslash/tests/manual/completionForStringLiteralWithDynamicImport_test.go	0	47	2585	88
/Users/chrishafley/projects/typescript-go/internal/fourslash/tests/manual/navigationBarFunctionPrototype2_test.go	0	54	552	22
/Users/chrishafley/projects/typescript-go/internal/fourslash/tests/manual/duplicatePackageServices_fileChanges_test.go	0	52	1972	68
/Users/chrishafley/projects/typescript-go/internal/fourslash/tests/manual/completionsOverridingMethodCrash2_test.go	0	46	3237	95
/Users/chrishafley/projects/typescript-go/internal/fourslash/tests/manual/jsDocFunctionSignatures5VS_test.go	0	66	1112	32
/Users/chrishafley/projects/typescript-go/internal/fourslash/tests/manual/getEditsForFileRename_resolveJsonModule_test.go	0	72	672	23
/Users/chrishafley/projects/typescript-go/internal/fourslash/tests/manual/quickInfoJsDocTags13VS_test.go	0	70	849	42
/Users/chrishafley/projects/typescript-go/internal/fourslash/tests/manual/getEditsForFileRename_preservePathEnding_test.go	0	62	1225	41
/Users/chrishafley/projects/typescript-go/internal/fourslash/tests/manual/jsxAttributeSnippetCompletionClosed_test.go	0	82	15130	410
/Users/chrishafley/projects/typescript-go/internal/fourslash/tests/manual/jsdocReturnsTagVS_test.go	0	58	730	29
/Users/chrishafley/projects/typescript-go/internal/fourslash/tests/manual/navigationItemsSpecialPropertyAssignment_test.go	0	43	2267	92
/Users/chrishafley/projects/typescript-go/internal/fourslash/tests/manual/exhaustiveCaseCompletions4_test.go	0	51	5352	196
/Users/chrishafley/projects/typescript-go/internal/fourslash/tests/manual/signatureHelpSkippedArgs1VS_test.go	0	52	625	19
/Users/chrishafley/projects/typescript-go/internal/fourslash/tests/manual/pathCompletionsPackageJsonImportsWildcard1_test.go	0	58	1973	71
/Users/chrishafley/projects/typescript-go/internal/fourslash/tests/manual/signatureHelpInferenceJsDocImportTagVS_test.go	0	52	770	34
/Users/chrishafley/projects/typescript-go/internal/fourslash/tests/manual/pathCompletionsTypesVersionsWildcard4_test.go	0	68	1848	66
/Users/chrishafley/projects/typescript-go/internal/fourslash/tests/manual/overloadOnConstCallSignature_test.go	0	51	760	26
/Users/chrishafley/projects/typescript-go/internal/fourslash/tests/manual/completionsImport_defaultAndNamedConflict_test.go	0	47	2376	72
/Users/chrishafley/projects/typescript-go/internal/fourslash/tests/manual/pathCompletionsPackageJsonImportsSrcNoDistWildcard6_test.go	0	40	1639	58
/Users/chrishafley/projects/typescript-go/internal/fourslash/tests/manual/signatureHelpTypeArguments2VS_test.go	0	39	832	29
/Users/chrishafley/projects/typescript-go/internal/fourslash/tests/manual/pathCompletionsPackageJsonExportsWildcard9_test.go	0	43	1293	47
/Users/chrishafley/projects/typescript-go/internal/fourslash/tests/manual/parserCorruptionAfterMapInClass_test.go	0	44	860	35
/Users/chrishafley/projects/typescript-go/internal/fourslash/tests/manual/pathCompletionsPackageJsonImportsWildcard8_test.go	0	71	1272	47
/Users/chrishafley/projects/typescript-go/internal/fourslash/tests/manual/pathCompletionsPackageJsonImportsWildcard12_test.go	0	79	3446	121
/Users/chrishafley/projects/typescript-go/internal/fourslash/tests/manual/getEditsForFileRename_jsExtension_test.go	0	54	658	23
/Users/chrishafley/projects/typescript-go/internal/fourslash/tests/manual/navigateItemsLet_test.go	0	45	1071	45
/Users/chrishafley/projects/typescript-go/internal/fourslash/tests/manual/nodeModulesImportCompletions1_test.go	0	45	2230	89
/Users/chrishafley/projects/typescript-go/internal/fourslash/tests/manual/getEditsForFileRename_unaffectedNonRelativePath_test.go	0	47	682	22
/Users/chrishafley/projects/typescript-go/internal/fourslash/tests/manual/linkedEditingJsxTag12_test.go	0	53	1325	66
/Users/chrishafley/projects/typescript-go/internal/fourslash/tests/manual/jsdocDeprecated_suggestion4_test.go	0	46	1015	38
/Users/chrishafley/projects/typescript-go/internal/fourslash/tests/manual/navigationBarFunctionPrototypeInterlaced_test.go	0	61	656	28
/Users/chrishafley/projects/typescript-go/internal/fourslash/tests/manual/pathCompletionsPackageJsonImportsSrcNoDistWildcard7_test.go	0	48	1472	53
/Users/chrishafley/projects/typescript-go/internal/fourslash/tests/manual/signatureHelpRestArgs3VS_test.go	0	57	616	20
/Users/chrishafley/projects/typescript-go/internal/fourslash/tests/manual/pathCompletionsPackageJsonExportsWildcard8_test.go	0	47	1326	47
/Users/chrishafley/projects/typescript-go/internal/fourslash/tests/manual/pathCompletionsPackageJsonImportsWildcard9_test.go	0	49	1228	46
/Users/chrishafley/projects/typescript-go/internal/fourslash/tests/manual/codeFixMissingTypeAnnotationOnExports45-decorators_test.go	0	46	2309	75
/Users/chrishafley/projects/typescript-go/internal/fourslash/tests/manual/navto_excludeLib1_test.go	0	49	1615	59
/Users/chrishafley/projects/typescript-go/internal/fourslash/tests/manual/pathCompletionsPackageJsonImportsBundlerNoNodeCondition_test.go	0	42	1380	50
/Users/chrishafley/projects/typescript-go/internal/fourslash/tests/manual/jsxAttributeSnippetCompletionUnclosed_test.go	0	69	10755	297
/Users/chrishafley/projects/typescript-go/internal/fourslash/tests/manual/semicolonFormattingInsideAComment_test.go	0	42	490	19
/Users/chrishafley/projects/typescript-go/internal/fourslash/tests/manual/completionsPaths_pathMapping_test.go	0	45	2021	75
/Users/chrishafley/projects/typescript-go/internal/fourslash/tests/manual/signatureHelpCommentsFunctionDeclarationVS_test.go	0	69	937	34
/Users/chrishafley/projects/typescript-go/internal/fourslash/tests/manual/completionsOptionalMethod_test.go	0	78	875	31
/Users/chrishafley/projects/typescript-go/internal/fourslash/tests/manual/completionForStringLiteralRelativeImport4_test.go	0	62	1956	75
/Users/chrishafley/projects/typescript-go/internal/fourslash/tests/manual/navigationBarFunctionPrototype3_test.go	0	62	534	22
/Users/chrishafley/projects/typescript-go/internal/fourslash/tests/manual/completionForStringLiteral_details_test.go	0	76	3218	115
/Users/chrishafley/projects/typescript-go/internal/fourslash/tests/manual/jsxAttributeCompletionStyleBraces_test.go	0	73	4214	111
/Users/chrishafley/projects/typescript-go/internal/fourslash/tests/manual/linkedEditingJsxTag2_test.go	0	31	1460	60
/Users/chrishafley/projects/typescript-go/internal/fourslash/tests/manual/signatureHelpOnImportDefer_test.go	0	45	476	20
/Users/chrishafley/projects/typescript-go/internal/fourslash/tests/manual/outliningHintSpansForFunction_test.go	0	52	618	29
/Users/chrishafley/projects/typescript-go/internal/fourslash/tests/manual/navigationItemsInConstructorsExactMatch_test.go	0	39	1326	48
/Users/chrishafley/projects/typescript-go/internal/fourslash/tests/manual/completionImportModuleSpecifierEndingDts_test.go	0	47	1688	54
/Users/chrishafley/projects/typescript-go/internal/fourslash/tests/manual/completionsInMapConstructorNoCrash_test.go	0	48	1775	49
/Users/chrishafley/projects/typescript-go/internal/fourslash/tests/manual/getEditsForFileRename_subDir_test.go	0	57	635	22
/Users/chrishafley/projects/typescript-go/internal/fourslash/tests/manual/augmentedTypesModule2_test.go	0	62	1268	40
/Users/chrishafley/projects/typescript-go/internal/fourslash/tests/manual/signatureHelpConstructorCallParamPropertiesVS_test.go	0	91	740	26
/Users/chrishafley/projects/typescript-go/internal/fourslash/tests/manual/completionForStringLiteralNonrelativeImport12_test.go	0	56	1275	42
/Users/chrishafley/projects/typescript-go/internal/fourslash/tests/manual/pathCompletionsTypesVersionsWildcard5_test.go	0	109	2329	87
/Users/chrishafley/projects/typescript-go/internal/fourslash/tests/manual/pathCompletionsPackageJsonExportsWildcard1_test.go	0	90	2166	76
/Users/chrishafley/projects/typescript-go/internal/fourslash/tests/manual/navigationItemsPrefixMatch2_test.go	0	98	2600	94
/Users/chrishafley/projects/typescript-go/internal/fourslash/tests/manual/exhaustiveCaseCompletions5_test.go	0	90	1446	50
/Users/chrishafley/projects/typescript-go/internal/fourslash/tests/quickInfoGenericPropertyAccessor_test.go	0	47	681	28
/Users/chrishafley/projects/typescript-go/internal/fourslash/tests/completionListAlreadyImportedNamespaceExportAlias_test.go	0	40	1347	47
/Users/chrishafley/projects/typescript-go/internal/fourslash/tests/goToImplementationNoCrashTripleSlashRef_test.go	0	43	600	20
/Users/chrishafley/projects/typescript-go/internal/fourslash/tests/goToSourceDefinitionNonNodeModulesDts_test.go	0	40	903	26
/Users/chrishafley/projects/typescript-go/internal/fourslash/tests/statecallhierarchy_test.go	0	57	2717	116
/Users/chrishafley/projects/typescript-go/internal/fourslash/tests/quickInfoMergedAlias_test.go	0	65	843	46
/Users/chrishafley/projects/typescript-go/internal/fourslash/tests/autoImportPackageJsonImportsHashSlash_test.go	0	52	1405	61
/Users/chrishafley/projects/typescript-go/internal/fourslash/tests/exhaustiveCaseCompletions10_test.go	0	49	1281	41
/Users/chrishafley/projects/typescript-go/internal/fourslash/tests/completionImportAttributes_test.go	0	56	834	31
/Users/chrishafley/projects/typescript-go/internal/fourslash/tests/quickInfoJsxNamespacedIntrinsic_test.go	0	60	955	33
/Users/chrishafley/projects/typescript-go/internal/fourslash/tests/signatureHelpBindingPattern_test.go	0	58	1958	69
/Users/chrishafley/projects/typescript-go/internal/fourslash/tests/callHierarchyAnonymousFunctionNoCrash2_test.go	0	47	504	19
/Users/chrishafley/projects/typescript-go/internal/fourslash/tests/goToSourceDefinitionExtensionlessMappedSource_test.go	0	40	1114	29
/Users/chrishafley/projects/typescript-go/internal/fourslash/tests/codeFixPromoteTypeOnlyOrderingCrash_test.go	0	43	998	41
/Users/chrishafley/projects/typescript-go/internal/fourslash/tests/goToSourceDefinitionAliasedImportUsage_test.go	0	48	2469	55
/Users/chrishafley/projects/typescript-go/internal/fourslash/tests/contentMapper_test.go	0	40	1046	39
/Users/chrishafley/projects/typescript-go/internal/fourslash/tests/exportAssignmentMissingName_test.go	0	45	639	21
/Users/chrishafley/projects/typescript-go/internal/fourslash/tests/quickInfoIndexSignatureMappedType_test.go	0	43	792	25
/Users/chrishafley/projects/typescript-go/internal/fourslash/tests/autoImportNodeBuiltinNodenext_test.go	0	44	2037	57
/Users/chrishafley/projects/typescript-go/internal/fourslash/tests/goToSourceDefinitionDefaultUsageSite_test.go	0	39	2401	56
/Users/chrishafley/projects/typescript-go/internal/fourslash/tests/documentHighlightNoCrashNestedRequireDestructure_test.go	0	35	593	21
/Users/chrishafley/projects/typescript-go/internal/fourslash/tests/statecodelens_test.go	0	44	4115	187
/Users/chrishafley/projects/typescript-go/internal/fourslash/tests/autoImportTransitiveLeak_test.go	0	42	2966	116
/Users/chrishafley/projects/typescript-go/internal/fourslash/tests/autoImportSymlinkedMonorepoProjectReferencesNoPkgExports_test.go	0	49	2538	73
/Users/chrishafley/projects/typescript-go/internal/fourslash/tests/hoverMixinOverrideDocumentation_test.go	0	57	880	38
/Users/chrishafley/projects/typescript-go/internal/fourslash/tests/inlayHintsReparsedNodeCrash_test.go	0	53	837	32
/Users/chrishafley/projects/typescript-go/internal/fourslash/tests/completionJSDocNoCrash_test.go	0	54	807	32
/Users/chrishafley/projects/typescript-go/internal/fourslash/tests/completionAfterTrailingAtInJSDoc1_test.go	0	42	1266	52
/Users/chrishafley/projects/typescript-go/internal/fourslash/tests/completionsDeprecatedTags_test.go	0	52	1255	43
/Users/chrishafley/projects/typescript-go/internal/fourslash/tests/quickinfoVerbosityNestedNamespace_test.go	0	42	674	26
/Users/chrishafley/projects/typescript-go/internal/fourslash/tests/callHierarchyAnonymousFunctionNoCrash3_test.go	0	62	599	25
/Users/chrishafley/projects/typescript-go/internal/fourslash/tests/exhaustiveCaseCompletions11_test.go	0	62	1397	44
/Users/chrishafley/projects/typescript-go/internal/fourslash/tests/contentMapperCodeActions_test.go	0	66	577	20
/Users/chrishafley/projects/typescript-go/internal/fourslash/tests/quickinfoVerbosityNamespaceAnonymousClassHeritage1_test.go	0	46	622	25
/Users/chrishafley/projects/typescript-go/internal/fourslash/tests/formatDocumentNoCrashShortLastLine_test.go	0	53	442	17
/Users/chrishafley/projects/typescript-go/internal/fourslash/tests/keywordShadowsAutoImport_test.go	0	48	2000	55
/Users/chrishafley/projects/typescript-go/internal/fourslash/tests/findAllRefsExportStringRename_test.go	0	47	483	18
/Users/chrishafley/projects/typescript-go/internal/fourslash/tests/goToDefinitionJsxTagNameRightEdge_test.go	0	36	613	26
/Users/chrishafley/projects/typescript-go/internal/fourslash/tests/completionFilterText3_test.go	0	64	4574	153
/Users/chrishafley/projects/typescript-go/internal/fourslash/tests/completionsForContextualConstraintTypeInJsDoc_test.go	0	52	1740	58
/Users/chrishafley/projects/typescript-go/internal/fourslash/tests/quickinfoVerbosityNamespaceDefaultExport_test.go	0	47	633	26
/Users/chrishafley/projects/typescript-go/internal/fourslash/tests/foldingRangeLineFoldingOnly_test.go	0	67	3163	114
/Users/chrishafley/projects/typescript-go/internal/fourslash/tests/quickInfoDestructuredBinding_test.go	0	85	1244	35
/Users/chrishafley/projects/typescript-go/internal/fourslash/tests/getEditsForFileRename_cssImport3_test.go	0	66	961	39
/Users/chrishafley/projects/typescript-go/internal/fourslash/tests/codeFixMissingTypeAnnotationOnExports_expandoNoDuplicates_test.go	0	36	1011	38
/Users/chrishafley/projects/typescript-go/internal/fourslash/tests/exhaustiveCaseCompletionsUntitled_test.go	0	41	6142	177
/Users/chrishafley/projects/typescript-go/internal/fourslash/tests/quickinfoVerbosityJSDocNamespacedTypedef_test.go	0	45	846	34
/Users/chrishafley/projects/typescript-go/internal/fourslash/tests/completionJsxNoCrash_test.go	0	58	732	26
/Users/chrishafley/projects/typescript-go/internal/fourslash/tests/contentMapperDocumentHighlights_test.go	0	55	794	27
/Users/chrishafley/projects/typescript-go/internal/fourslash/tests/quickinfoVerbosityNamespaceInterfaceHeritageCrash_test.go	0	58	783	24
/Users/chrishafley/projects/typescript-go/internal/fourslash/tests/signatureHelpBetweenTypeArgsAndArgs_test.go	0	58	827	32
/Users/chrishafley/projects/typescript-go/internal/fourslash/tests/contentMapperDuplicateMappings_test.go	0	41	2113	64
/Users/chrishafley/projects/typescript-go/internal/fourslash/tests/callHierarchyAnonymousClassNoCrash1_test.go	0	45	516	21
/Users/chrishafley/projects/typescript-go/internal/fourslash/tests/completionResolveAfterEdit_test.go	0	39	2118	83
/Users/chrishafley/projects/typescript-go/internal/fourslash/tests/findAllRefsJSDocNamespacedTypedef_test.go	0	46	747	29
/Users/chrishafley/projects/typescript-go/internal/fourslash/tests/completionsSelfDeclaring2_test.go	0	36	963	34
/Users/chrishafley/projects/typescript-go/internal/fourslash/tests/workspaceSymbolMultiProjectNonExistentRef_test.go	0	40	1659	57
/Users/chrishafley/projects/typescript-go/internal/fourslash/tests/organizeImports_coalesceImports_test.go	0	59	10524	327
/Users/chrishafley/projects/typescript-go/internal/fourslash/tests/autoImportExportEqualsOfImportStar_test.go	0	41	1063	35
/Users/chrishafley/projects/typescript-go/internal/fourslash/tests/deprecatedContextualPropertyOverload_test.go	0	48	4309	129
/Users/chrishafley/projects/typescript-go/internal/fourslash/tests/importStatementCompletion_test.go	0	37	1676	52
/Users/chrishafley/projects/typescript-go/internal/fourslash/tests/basicReplaceLine_test.go	0	33	1239	43
/Users/chrishafley/projects/typescript-go/internal/fourslash/tests/formatInterfaceWithMissingBraceAndLaterTemplateString1_test.go	0	38	1282	49
/Users/chrishafley/projects/typescript-go/internal/fourslash/tests/autoImportSymlinkedMonorepoReexport_test.go	0	41	3141	90
/Users/chrishafley/projects/typescript-go/internal/fourslash/tests/renameNamedImportUseAliasesForRenames_test.go	0	46	1668	50
/Users/chrishafley/projects/typescript-go/internal/fourslash/tests/documentHighlightTypeofThis_test.go	0	43	535	23
/Users/chrishafley/projects/typescript-go/internal/fourslash/tests/signatureHelpTokenCrash_test.go	0	45	1130	44
/Users/chrishafley/projects/typescript-go/internal/fourslash/tests/argumentCompletions_test.go	0	44	1187	41
/Users/chrishafley/projects/typescript-go/internal/fourslash/tests/callHierarchyAnonymousFunctionNoCrash1_test.go	0	45	502	19
/Users/chrishafley/projects/typescript-go/internal/fourslash/tests/quickInfoJSDocParamWithTrailingAtBeforeCommentEnd_test.go	0	42	1271	39
/Users/chrishafley/projects/typescript-go/internal/fourslash/tests/codeLensFunctionsAndConstants01_test.go	0	43	1276	54
/Users/chrishafley/projects/typescript-go/internal/fourslash/tests/codeFixMissingTypeAnnotationOnExports_jsxWhitespaceText_test.go	0	47	627	26
/Users/chrishafley/projects/typescript-go/internal/fourslash/tests/quickinfoVerbosityConstEnum_test.go	0	46	704	34
/Users/chrishafley/projects/typescript-go/internal/fourslash/tests/quickinfoVerbositySelfReferentialTypeArg_test.go	0	44	1563	36
/Users/chrishafley/projects/typescript-go/internal/fourslash/tests/semanticClassificationClassExpressionMethod_test.go	0	47	783	26
/Users/chrishafley/projects/typescript-go/internal/fourslash/tests/completionFilterText1_test.go	0	43	6377	236
/Users/chrishafley/projects/typescript-go/internal/fourslash/tests/goToSourceDefinitionAliasedImportWithPrecedingExports_test.go	0	57	2420	53
/Users/chrishafley/projects/typescript-go/internal/fourslash/tests/rangeFormatInsideJSDocComment_test.go	0	41	556	23
/Users/chrishafley/projects/typescript-go/internal/fourslash/tests/formatSelectionUnterminatedBacktickInJSDocNoCrash1_test.go	0	39	1372	46
/Users/chrishafley/projects/typescript-go/internal/fourslash/tests/codeLensShowOnInterfaceMethods_test.go	0	42	1332	56
/Users/chrishafley/projects/typescript-go/internal/fourslash/tests/quickInfoJSDocCodefenceAtSign_test.go	0	41	723	38
/Users/chrishafley/projects/typescript-go/internal/fourslash/tests/callHierarchyAnonymousClassNoCrash3_test.go	0	51	617	27
/Users/chrishafley/projects/typescript-go/internal/fourslash/tests/signatureHelpNestedCallTrailingComma_test.go	0	43	950	28
/Users/chrishafley/projects/typescript-go/internal/fourslash/tests/findAllRefsConst_test.go	0	39	460	19
/Users/chrishafley/projects/typescript-go/internal/fourslash/tests/goToSourceDefinitionTypeOnlySymbol_test.go	0	42	3571	81
/Users/chrishafley/projects/typescript-go/internal/fourslash/tests/completionAfterCallExpression_test.go	0	44	858	32
/Users/chrishafley/projects/typescript-go/internal/fourslash/tests/quickInfoCatch_test.go	0	46	465	19
/Users/chrishafley/projects/typescript-go/internal/fourslash/tests/formatDocumentNoCrashLeadingWhitespace1_test.go	0	37	434	17
/Users/chrishafley/projects/typescript-go/internal/fourslash/tests/autoImportCssModule_test.go	0	46	1627	56
/Users/chrishafley/projects/typescript-go/internal/fourslash/tests/renameBuiltinTypes_test.go	0	41	757	27
/Users/chrishafley/projects/typescript-go/internal/fourslash/tests/findAllRefsTripleSlashRef1_test.go	0	41	655	25
/Users/chrishafley/projects/typescript-go/internal/fourslash/tests/renameFilePackageJson_test.go	0	43	773	24
/Users/chrishafley/projects/typescript-go/internal/fourslash/tests/organizeImports_removeUnused_preservesMultiline_test.go	0	57	1887	87
/Users/chrishafley/projects/typescript-go/internal/fourslash/tests/contentMapperHover_test.go	0	44	1764	53
/Users/chrishafley/projects/typescript-go/internal/fourslash/tests/quickInfoRootSymbolJSDocAggregation_test.go	0	44	1071	55
/Users/chrishafley/projects/typescript-go/internal/fourslash/tests/autoImportCompletion_test.go	0	52	3804	122
/Users/chrishafley/projects/typescript-go/internal/fourslash/tests/goToImplementationNoCrashMultiSourceDts_test.go	0	41	1111	36
/Users/chrishafley/projects/typescript-go/internal/fourslash/tests/basicEdit_test.go	0	58	1177	44
/Users/chrishafley/projects/typescript-go/internal/fourslash/tests/contentMapperSignatureHelp_test.go	0	41	2498	76
/Users/chrishafley/projects/typescript-go/internal/fourslash/tests/callHierarchyAnonymousClassNoCrash2_test.go	0	49	518	21
/Users/chrishafley/projects/typescript-go/internal/fourslash/tests/completionClassMembersAfterConstAssertionInitializer_test.go	0	38	1213	46
/Users/chrishafley/projects/typescript-go/internal/fourslash/tests/autoImportErrorMixedExportKinds_test.go	0	45	630	28
/Users/chrishafley/projects/typescript-go/internal/fourslash/tests/autoImportSymlinkedMonorepoGranularUpdate_test.go	0	40	3066	88
/Users/chrishafley/projects/typescript-go/internal/fourslash/tests/outliningSpansForImportTagJSDoc_test.go	0	48	628	31
/Users/chrishafley/projects/typescript-go/internal/fourslash/tests/completionsUnterminatedLiteral_test.go	0	36	733	25
/Users/chrishafley/projects/typescript-go/internal/fourslash/tests/privatePropertyOfUndefinedThis_test.go	0	49	874	37
/Users/chrishafley/projects/typescript-go/internal/fourslash/tests/quickInfoJSDocParamWithInvalidTagInComment_test.go	0	51	1448	39
/Users/chrishafley/projects/typescript-go/internal/fourslash/tests/staterename_test.go	0	35	3261	134
/Users/chrishafley/projects/typescript-go/internal/fourslash/tests/quickinfoVerbosityNamespaceInterfaceHeritageIntersectionCrash_test.go	0	39	961	27
/Users/chrishafley/projects/typescript-go/internal/fourslash/tests/contentMapperDefinition_test.go	0	37	1285	46
/Users/chrishafley/projects/typescript-go/internal/fourslash/tests/importHelpersAfterScriptBecomesDecoratedModule_test.go	0	34	1233	47
/Users/chrishafley/projects/typescript-go/internal/fourslash/tests/quickinfoVerbosityEmptyEnum_test.go	0	45	511	21
/Users/chrishafley/projects/typescript-go/internal/fourslash/tests/goToSourceDefinitionScopedPackage_test.go	0	43	2208	49
/Users/chrishafley/projects/typescript-go/internal/fourslash/tests/completionsJSDocTrivia_test.go	0	49	892	35
/Users/chrishafley/projects/typescript-go/internal/fourslash/tests/inlayHintsUsing_test.go	0	40	716	25
/Users/chrishafley/projects/typescript-go/internal/fourslash/tests/goToSourceDefinitionMergedDeclarations_test.go	0	43	1248	36
/Users/chrishafley/projects/typescript-go/internal/fourslash/tests/contentMapperReferences_test.go	0	37	1230	45
/Users/chrishafley/projects/typescript-go/internal/fourslash/tests/autoCloseTagsWithTriviaAndComplexNames_test.go	0	39	1773	98
/Users/chrishafley/projects/typescript-go/internal/fourslash/tests/autoImportFileExcludePatterns_test.go	0	38	1748	54
/Users/chrishafley/projects/typescript-go/internal/fourslash/tests/autoImportCrossProjectNodeModules_test.go	0	32	2278	54
/Users/chrishafley/projects/typescript-go/internal/fourslash/tests/hoverCallSignatureDocumentation_test.go	0	34	738	33
/Users/chrishafley/projects/typescript-go/internal/fourslash/tests/organizeImports_typeOrderSameModule_test.go	0	42	2128	84
/Users/chrishafley/projects/typescript-go/internal/fourslash/tests/callHierarchyInPropDeclarationOfExportedDefaultClass1_test.go	0	39	598	25
/Users/chrishafley/projects/typescript-go/internal/fourslash/tests/signatureHelpContextualConstructSignatureNoCrash_test.go	0	36	840	30
/Users/chrishafley/projects/typescript-go/internal/fourslash/tests/autoImportSymlinkedMonorepoSourceUpdate_test.go	0	37	2324	86
/Users/chrishafley/projects/typescript-go/internal/fourslash/tests/quickinfoVerbosityClassWithMixinBase_test.go	0	34	585	25
/Users/chrishafley/projects/typescript-go/internal/fourslash/tests/foldingRangeJSXPropertyAccess_test.go	0	37	601	26
/Users/chrishafley/projects/typescript-go/internal/fourslash/tests/importModuleSpecifierPreference_test.go	0	38	5998	168
/Users/chrishafley/projects/typescript-go/internal/fourslash/skip_if_failing.go	0	55	1289	53
/Users/chrishafley/projects/typescript-go/internal/ipc/transport.go	0	39	2140	95
/Users/chrishafley/projects/typescript-go/internal/ipc/protocol.go	0	100	784	22
/Users/chrishafley/projects/typescript-go/internal/fourslash/semantictokens.go	0	69	3497	130
/Users/chrishafley/projects/typescript-go/internal/ipc/protocol_jsonrpc.go	0	101	2118	96
/Users/chrishafley/projects/typescript-go/internal/ipc/timing_test.go	0	71	3022	95
/Users/chrishafley/projects/typescript-go/internal/fourslash/statebaseline.go	0	57	16351	511
/Users/chrishafley/projects/typescript-go/internal/fourslash/baselineutil.go	0	119	37162	1193
/Users/chrishafley/projects/typescript-go/internal/ipc/transport_windows.go	0	55	395	19
/Users/chrishafley/projects/typescript-go/internal/ipc/transport_unix.go	0	48	480	22
/Users/chrishafley/projects/typescript-go/internal/ipc/conn_async_test.go	0	36	1982	69
/Users/chrishafley/projects/typescript-go/internal/ipc/timing.go	0	40	4516	143
/Users/chrishafley/projects/typescript-go/internal/ipc/conn_async.go	0	52	6910	267
/Users/chrishafley/projects/typescript-go/internal/ipc/conn_sync.go	0	55	5803	208
/Users/chrishafley/projects/typescript-go/internal/ipc/conn.go	0	37	1405	46
/Users/chrishafley/projects/typescript-go/internal/outputpaths/commonsourcedirectory.go	0	41	3416	85
/Users/chrishafley/projects/typescript-go/internal/glob/glob.go	0	48	8580	349
/Users/chrishafley/projects/typescript-go/internal/outputpaths/outputpaths_test.go	0	44	1153	29
/Users/chrishafley/projects/typescript-go/internal/outputpaths/outputpaths.go	0	54	8935	229
/Users/chrishafley/projects/typescript-go/internal/execute/tsctests/runner.go	0	54	7720	204
/Users/chrishafley/projects/typescript-go/internal/execute/tsctests/mock_watch_backend.go	0	52	6987	239
/Users/chrishafley/projects/typescript-go/internal/execute/tsctests/testmain_test.go	0	44	255	14
/Users/chrishafley/projects/typescript-go/internal/execute/tsctests/showconfig_test.go	0	45	6188	219
/Users/chrishafley/projects/typescript-go/internal/execute/tsctests/fs.go	0	45	3143	90
/Users/chrishafley/projects/typescript-go/internal/execute/tsctests/contentmapper_watch_test.go	0	60	15336	365
/Users/chrishafley/projects/typescript-go/internal/execute/tsctests/tscwatch_test.go	0	93	27197	707
/Users/chrishafley/projects/typescript-go/internal/execute/tsctests/watcher_race_test.go	0	57	17761	520
/Users/chrishafley/projects/typescript-go/internal/execute/tsctests/tsc_test.go	0	153	175780	4992
/Users/chrishafley/projects/typescript-go/internal/execute/watchmanager/watchmanager_test.go	0	37	5486	137
/Users/chrishafley/projects/typescript-go/internal/execute/tsctests/readablebuildinfo.go	0	64	17845	449
/Users/chrishafley/projects/typescript-go/internal/execute/watchmanager/watchmanager.go	0	48	9208	354
/Users/chrishafley/projects/typescript-go/internal/execute/tsctests/sys.go	0	65	19126	605
/Users/chrishafley/projects/typescript-go/internal/execute/watchmanager/watchbackend.go	0	37	3270	118
/Users/chrishafley/projects/typescript-go/internal/execute/incremental/external_diagnostic_test.go	0	30	989	26
/Users/chrishafley/projects/typescript-go/internal/execute/incremental/host.go	0	31	905	45
/Users/chrishafley/projects/typescript-go/internal/execute/incremental/affectedfileshandler.go	0	50	15576	395
/Users/chrishafley/projects/typescript-go/internal/fourslash/fourslash.go	0	370	211581	6033
/Users/chrishafley/projects/typescript-go/internal/execute/incremental/program.go	0	51	16989	505
/Users/chrishafley/projects/typescript-go/internal/execute/incremental/programtosnapshot.go	0	52	17157	434
/Users/chrishafley/projects/typescript-go/internal/execute/tsctests/tscbuild_test.go	0	139	161104	4790
/Users/chrishafley/projects/typescript-go/internal/execute/incremental/buildinfo_contentmapper_test.go	0	40	5312	123
/Users/chrishafley/projects/typescript-go/internal/execute/incremental/incremental.go	0	40	1755	62
/Users/chrishafley/projects/typescript-go/internal/execute/incremental/emitfileshandler.go	0	46	13119	354
/Users/chrishafley/projects/typescript-go/internal/execute/incremental/referencemap.go	0	35	1367	52
/Users/chrishafley/projects/typescript-go/internal/execute/incremental/snapshot.go	0	52	14886	446
/Users/chrishafley/projects/typescript-go/internal/execute/incremental/snapshottobuildinfo.go	0	54	14276	390
/Users/chrishafley/projects/typescript-go/internal/execute/incremental/buildinfotosnapshot.go	0	41	7568	200
/Users/chrishafley/projects/typescript-go/internal/execute/tsc/extendedconfigcache_test.go	0	36	3771	118
/Users/chrishafley/projects/typescript-go/internal/execute/incremental/buildInfo.go	0	49	22583	650
/Users/chrishafley/projects/typescript-go/internal/execute/tsc/emit_test.go	0	49	6178	206
/Users/chrishafley/projects/typescript-go/internal/execute/tsc/extendedconfigcache.go	0	35	1660	45
/Users/chrishafley/projects/typescript-go/internal/execute/tsc/diagnostics.go	0	42	5667	176
/Users/chrishafley/projects/typescript-go/internal/execute/tsc/compile.go	0	39	3644	115
/Users/chrishafley/projects/typescript-go/internal/execute/tsc/emit.go	0	47	5485	162
/Users/chrishafley/projects/typescript-go/internal/execute/tsc/statistics.go	0	42	5315	183
/Users/chrishafley/projects/typescript-go/internal/execute/build/compilerHost.go	0	42	1996	62
/Users/chrishafley/projects/typescript-go/internal/execute/build/buildtask_contentmapper_test.go	0	35	790	20
/Users/chrishafley/projects/typescript-go/internal/execute/tsc/init.go	0	49	6936	215
/Users/chrishafley/projects/typescript-go/internal/execute/tsc/help.go	0	68	16271	426
/Users/chrishafley/projects/typescript-go/internal/execute/build/host.go	0	47	4790	131
/Users/chrishafley/projects/typescript-go/internal/execute/build/parseCache.go	0	37	980	44
/Users/chrishafley/projects/typescript-go/internal/execute/build/uptodatestatus.go	0	37	3549	133
/Users/chrishafley/projects/typescript-go/internal/execute/build/buildtask.go	0	76	35580	921
/Users/chrishafley/projects/typescript-go/internal/execute/build/graph_test.go	0	40	6078	153
/Users/chrishafley/projects/typescript-go/internal/execute/tsc.go	0	68	15663	408
/Users/chrishafley/projects/typescript-go/internal/execute/build/orchestrator.go	0	97	23894	783
/Users/chrishafley/projects/typescript-go/internal/execute/watcher.go	0	64	23567	693
/Users/chrishafley/projects/typescript-go/internal/ls/rename.go	0	65	18169	454
/Users/chrishafley/projects/typescript-go/internal/ls/change/delete.go	0	55	11846	262
/Users/chrishafley/projects/typescript-go/internal/ls/lsconv/converters_test.go	0	47	15049	380
/Users/chrishafley/projects/typescript-go/internal/ls/change/trackerimpl.go	0	50	15331	408
/Users/chrishafley/projects/typescript-go/internal/ls/lsconv/linemap.go	0	40	1925	71
/Users/chrishafley/projects/typescript-go/internal/ls/change/tracker.go	0	59	31083	811
/Users/chrishafley/projects/typescript-go/internal/ls/selectionranges_test.go	0	37	2246	58
/Users/chrishafley/projects/typescript-go/internal/ls/crossproject.go	0	45	13646	421
/Users/chrishafley/projects/typescript-go/internal/ls/lsconv/converters.go	0	58	26125	628
/Users/chrishafley/projects/typescript-go/internal/ls/format_test.go	0	36	3570	135
/Users/chrishafley/projects/typescript-go/internal/ls/codeactions_missingmemberfixer.go	0	57	21268	514
/Users/chrishafley/projects/typescript-go/internal/ls/format.go	0	39	6715	197
/Users/chrishafley/projects/typescript-go/internal/ls/selectionranges.go	0	53	12132	400
/Users/chrishafley/projects/typescript-go/internal/ls/sourcedefinition.go	0	62	26748	731
/Users/chrishafley/projects/typescript-go/internal/ls/findallreferences_test.go	0	33	4860	97
/Users/chrishafley/projects/typescript-go/internal/ls/lsutil/children.go	0	39	3600	130
/Users/chrishafley/projects/typescript-go/internal/ls/lsutil/utilities_test.go	0	40	4473	200
/Users/chrishafley/projects/typescript-go/internal/ls/lsutil/completednode.go	0	37	6432	196
/Users/chrishafley/projects/typescript-go/internal/ls/importTracker.go	0	59	29640	767
/Users/chrishafley/projects/typescript-go/internal/ls/lsutil/userpreferences.go	0	58	35633	924
/Users/chrishafley/projects/typescript-go/internal/ls/lsutil/organizeimports.go	0	57	22490	695
/Users/chrishafley/projects/typescript-go/internal/ls/lsutil/symbol_display.go	0	52	14573	438
/Users/chrishafley/projects/typescript-go/internal/ls/lsutil/asi.go	0	51	3549	104
/Users/chrishafley/projects/typescript-go/internal/ls/lsutil/formatcodeoptions.go	0	39	8157	141
/Users/chrishafley/projects/typescript-go/internal/ls/codeactions_fixmissingtypeannotation.go	0	91	55183	1419
/Users/chrishafley/projects/typescript-go/internal/ls/lsutil/utilities.go	0	39	5014	157
/Users/chrishafley/projects/typescript-go/internal/ls/constants.go	0	34	123	6
/Users/chrishafley/projects/typescript-go/internal/ls/autoinsert.go	0	42	3487	106
/Users/chrishafley/projects/typescript-go/internal/ls/source_map.go	0	51	6025	167
/Users/chrishafley/projects/typescript-go/internal/ls/lsutil/userpreferences_test.go	0	64	18704	676
/Users/chrishafley/projects/typescript-go/internal/ls/codeactions_fixclassincorrectlyimplementsinterface.go	0	53	9471	240
/Users/chrishafley/projects/typescript-go/internal/ls/linkedediting.go	0	36	5362	117
/Users/chrishafley/projects/typescript-go/internal/ls/diagnostics.go	0	43	5178	120
/Users/chrishafley/projects/typescript-go/internal/ls/host.go	0	36	937	25
/Users/chrishafley/projects/typescript-go/internal/ls/displaypartswriter.go	0	44	6851	217
/Users/chrishafley/projects/typescript-go/internal/ls/callhierarchy.go	0	70	34350	1136
/Users/chrishafley/projects/typescript-go/internal/ls/documenthighlights.go	0	72	28484	795
/Users/chrishafley/projects/typescript-go/internal/ls/autoimport/index.go	0	34	4969	186
/Users/chrishafley/projects/typescript-go/internal/ls/autoimport/aliasresolver.go	0	34	8559	241
/Users/chrishafley/projects/typescript-go/internal/ls/autoimport/index_test.go	0	33	2010	79
/Users/chrishafley/projects/typescript-go/internal/ls/organizeimports.go	0	77	31061	957
/Users/chrishafley/projects/typescript-go/internal/ls/autoimport/export.go	0	40	4492	142
/Users/chrishafley/projects/typescript-go/internal/ls/autoimport/util_test.go	0	44	8326	220
/Users/chrishafley/projects/typescript-go/internal/ls/autoimport/testmain_test.go	0	40	262	14
/Users/chrishafley/projects/typescript-go/internal/ls/autoimport/util.go	0	44	11553	323
/Users/chrishafley/projects/typescript-go/internal/ls/signaturehelp.go	0	103	55015	1437
/Users/chrishafley/projects/typescript-go/internal/ls/autoimport/view.go	0	39	8991	262
/Users/chrishafley/projects/typescript-go/internal/ls/autoimport/export_stringer_generated.go	0	43	1263	33
/Users/chrishafley/projects/typescript-go/internal/ls/autoimport/aliasresolver_crash_test.go	0	40	2606	73
/Users/chrishafley/projects/typescript-go/internal/ls/autoimport/import_adder.go	0	47	18826	502
/Users/chrishafley/projects/typescript-go/internal/ls/autoimport/specifiers.go	0	40	2249	75
/Users/chrishafley/projects/typescript-go/internal/ls/autoimport/fix.go	0	82	53633	1335
/Users/chrishafley/projects/typescript-go/internal/ls/findallreferences.go	0	157	105440	2759
/Users/chrishafley/projects/typescript-go/internal/ls/autoimport/extract.go	0	69	16341	473
/Users/chrishafley/projects/typescript-go/internal/ls/autoimport/registry.go	0	105	67902	1828
/Users/chrishafley/projects/typescript-go/internal/ls/autoimport/registry_test.go	0	97	58141	1290
/Users/chrishafley/projects/typescript-go/internal/ls/definition.go	0	68	21258	532
/Users/chrishafley/projects/typescript-go/internal/ls/codelens.go	0	52	6648	213
/Users/chrishafley/projects/typescript-go/internal/ls/jsdoc_snippet.go	0	77	18546	597
/Users/chrishafley/projects/typescript-go/internal/ls/api.go	0	72	1387	44
/Users/chrishafley/projects/typescript-go/internal/ls/hovericon.go	0	59	7035	156
/Users/chrishafley/projects/typescript-go/internal/ls/codeactions_importfixes.go	0	57	16416	457
/Users/chrishafley/projects/typescript-go/internal/ls/jsdoc.go	0	72	10892	312
/Users/chrishafley/projects/typescript-go/internal/ls/file_rename.go	0	66	16028	403
/Users/chrishafley/projects/typescript-go/internal/ls/symbols.go	0	121	25604	723
/Users/chrishafley/projects/typescript-go/internal/ls/file_rename_test.go	0	59	2579	56
/Users/chrishafley/projects/typescript-go/internal/ls/folding.go	0	95	24899	611
/Users/chrishafley/projects/typescript-go/internal/ls/codeactions.go	0	61	12801	411
/Users/chrishafley/projects/typescript-go/internal/ls/languageservice.go	0	46	4551	132
/Users/chrishafley/projects/typescript-go/internal/ls/inlay_hints.go	0	99	35065	950
/Users/chrishafley/projects/typescript-go/internal/ls/string_completions_test.go	0	43	1088	27
/Users/chrishafley/projects/typescript-go/internal/stringutil/generate.go	0	49	197	4
/Users/chrishafley/projects/typescript-go/internal/stringutil/util_test.go	0	50	783	37
/Users/chrishafley/projects/typescript-go/internal/ls/semantictokens.go	0	76	19560	624
/Users/chrishafley/projects/typescript-go/internal/ls/hover.go	0	102	42808	1095
/Users/chrishafley/projects/typescript-go/internal/stringutil/util.go	0	54	9730	371
/Users/chrishafley/projects/typescript-go/internal/stringutil/js_case.go	0	41	4784	157
/Users/chrishafley/projects/typescript-go/internal/ls/utilities.go	0	89	52233	1411
/Users/chrishafley/projects/typescript-go/internal/stringutil/js_case_test.go	0	39	2890	49
/Users/chrishafley/projects/typescript-go/internal/stringutil/compare.go	0	33	3405	128
/Users/chrishafley/projects/typescript-go/internal/ls/string_completions.go	0	104	73049	2239
/Users/chrishafley/projects/typescript-go/internal/stringutil/identifier_parts_generated.go	0	93	32724	1391
/Users/chrishafley/projects/typescript-go/internal/stringutil/identifier.go	0	37	685	17
/Users/chrishafley/projects/typescript-go/internal/collections/syncmap_test.go	0	34	565	32
/Users/chrishafley/projects/typescript-go/internal/collections/cow.go	0	40	2109	76
/Users/chrishafley/projects/typescript-go/internal/collections/syncmap.go	0	45	1735	98
/Users/chrishafley/projects/typescript-go/internal/collections/ordered_set_test.go	0	49	988	53
/Users/chrishafley/projects/typescript-go/internal/collections/multimap.go	0	50	1323	75
/Users/chrishafley/projects/typescript-go/internal/collections/ordered_map.go	0	59	7685	316
/Users/chrishafley/projects/typescript-go/internal/collections/ordered_map_test.go	0	60	4021	187
/Users/chrishafley/projects/typescript-go/internal/collections/ordered_set.go	0	47	1275	54
/Users/chrishafley/projects/typescript-go/internal/collections/syncset.go	0	64	1543	77
/Users/chrishafley/projects/typescript-go/internal/collections/set.go	0	46	2275	144
/Users/chrishafley/projects/typescript-go/internal/scanner/unicodeproperties.go	0	63	7361	162
/Users/chrishafley/projects/typescript-go/internal/scanner/utilities.go	0	41	4172	146
/Users/chrishafley/projects/typescript-go/internal/testutil/jstest/node.go	0	34	2788	95
/Users/chrishafley/projects/typescript-go/internal/scanner/scanner_test.go	0	45	3378	93
/Users/chrishafley/projects/typescript-go/internal/scanner/regexp.go	0	88	36506	1106
/Users/chrishafley/projects/typescript-go/internal/testutil/fsbaselineutil/differ.go	0	48	5220	177
/Users/chrishafley/projects/typescript-go/internal/testutil/parsetestutil/parsetestutil.go	0	36	2700	88
/Users/chrishafley/projects/typescript-go/internal/ls/completions.go	0	324	240333	6898
/Users/chrishafley/projects/typescript-go/internal/testutil/filefixture/filefixture.go	0	32	1469	74
/Users/chrishafley/projects/typescript-go/internal/testutil/stringtestutil/stringtestutil.go	0	32	1205	51
/Users/chrishafley/projects/typescript-go/internal/testutil/contentmappertest/manifest.go	0	32	587	22
/Users/chrishafley/projects/typescript-go/internal/testutil/contentmappertest/lisp.go	0	32	1683	44
/Users/chrishafley/projects/typescript-go/internal/testutil/contentmappertest/failing.go	0	33	630	23
/Users/chrishafley/projects/typescript-go/internal/testutil/contentmappertest/editing.go	0	40	2219	73
/Users/chrishafley/projects/typescript-go/internal/testutil/contentmappertest/dynamic_verbatim.go	0	36	1991	67
/Users/chrishafley/projects/typescript-go/internal/scanner/scanner.go	0	143	84506	2918
/Users/chrishafley/projects/typescript-go/internal/testutil/contentmappertest/mapper_test.go	0	38	3926	121
/Users/chrishafley/projects/typescript-go/internal/testutil/contentmappertest/supplemental_module.go	0	40	992	29
/Users/chrishafley/projects/typescript-go/internal/testutil/contentmappertest/protocol.go	0	39	2691	81
/Users/chrishafley/projects/typescript-go/internal/testutil/contentmappertest/transforming.go	0	44	9574	274
/Users/chrishafley/projects/typescript-go/internal/testutil/contentmappertest/registry.go	0	47	3199	59
/Users/chrishafley/projects/typescript-go/internal/testutil/contentmappertest/supplemental_globals.go	0	46	1390	39
/Users/chrishafley/projects/typescript-go/internal/testutil/contentmappertest/spawner.go	0	55	1275	42
/Users/chrishafley/projects/typescript-go/internal/testutil/contentmappertest/duplicate.go	0	42	3315	61
/Users/chrishafley/projects/typescript-go/internal/testutil/contentmappertest/synthesizing.go	0	32	1064	37
/Users/chrishafley/projects/typescript-go/internal/testutil/contentmappertest/supplemental.go	0	31	983	33
/Users/chrishafley/projects/typescript-go/internal/testutil/contentmappertest/supplemental_diagnostics.go	0	36	1490	42
/Users/chrishafley/projects/typescript-go/internal/testutil/contentmappertest/verbatim.go	0	39	1540	52
/Users/chrishafley/projects/typescript-go/internal/testutil/contentmappertest/component.go	0	42	4353	143
/Users/chrishafley/projects/typescript-go/internal/stringutil/js_case_generated.go	0	327	267185	3496
/Users/chrishafley/projects/typescript-go/internal/testutil/contentmappertest/diagnostic_code_collision.go	0	38	1266	41
/Users/chrishafley/projects/typescript-go/internal/testutil/baseline/baseline.go	0	45	7981	250
/Users/chrishafley/projects/typescript-go/internal/testutil/baseline/testmain.go	0	39	2806	103
/Users/chrishafley/projects/typescript-go/internal/testutil/baseline/baseline_test.go	0	42	705	25
/Users/chrishafley/projects/typescript-go/internal/testutil/emittestutil/emittestutil.go	0	39	925	29
/Users/chrishafley/projects/typescript-go/internal/testutil/harnessutil/recorderfs.go	0	44	998	45
/Users/chrishafley/projects/typescript-go/internal/testutil/projecttestutil/npmexecutormock_generated.go	0	46	2113	86
/Users/chrishafley/projects/typescript-go/internal/testutil/harnessutil/sourcemap_recorder.go	0	60	12687	364
/Users/chrishafley/projects/typescript-go/internal/testutil/race/race.go	0	33	166	7
/Users/chrishafley/projects/typescript-go/internal/testutil/projecttestutil/clientmock_generated.go	0	47	19368	644
/Users/chrishafley/projects/typescript-go/internal/testutil/projecttestutil/projecttestutil.go	0	50	10206	323
/Users/chrishafley/projects/typescript-go/internal/testutil/race/norace.go	0	35	168	7
/Users/chrishafley/projects/typescript-go/internal/testutil/harnessutil/harnessutil.go	0	88	42114	1265
/Users/chrishafley/projects/typescript-go/internal/testutil/autoimporttestutil/fixtures.go	0	59	21046	610
/Users/chrishafley/projects/typescript-go/internal/testutil/tsbaseline/js_emit_baseline.go	0	46	10877	291
/Users/chrishafley/projects/typescript-go/internal/testutil/tsbaseline/util.go	0	34	2004	71
/Users/chrishafley/projects/typescript-go/internal/testutil/tsbaseline/type_symbol_baseline.go	0	57	17652	491
/Users/chrishafley/projects/typescript-go/internal/testutil/tsbaseline/module_resolution_baseline.go	0	40	461	18
/Users/chrishafley/projects/typescript-go/internal/testutil/tsbaseline/contentmapper_baseline.go	0	38	3136	92
/Users/chrishafley/projects/typescript-go/internal/testutil/tsbaseline/sourcemap_record_baseline.go	0	36	1096	34
/Users/chrishafley/projects/typescript-go/internal/testutil/tsbaseline/sourcemap_baseline.go	0	34	3960	124
/Users/chrishafley/projects/typescript-go/internal/testutil/fixtures/benchfixtures.go	0	32	792	16
/Users/chrishafley/projects/typescript-go/internal/testutil/tsbaseline/error_baseline.go	0	45	10902	281
/Users/chrishafley/projects/typescript-go/internal/testutil/testutil.go	0	35	991	49
/Users/chrishafley/projects/typescript-go/internal/testutil/lsptestutil/lspclient.go	0	49	10623	326
/Users/chrishafley/projects/typescript-go/internal/compiler/program_test.go	0	47	12346	367
/Users/chrishafley/projects/typescript-go/internal/compiler/emit_test.go	0	50	4986	191
/Users/chrishafley/projects/typescript-go/internal/compiler/emitHost.go	0	45	5455	147
/Users/chrishafley/projects/typescript-go/internal/compiler/processingDiagnostic.go	0	50	4647	135
/Users/chrishafley/projects/typescript-go/internal/compiler/host.go	0	35	4543	122
/Users/chrishafley/projects/typescript-go/internal/compiler/includeprocessor.go	0	44	6795	184
/Users/chrishafley/projects/typescript-go/internal/compiler/filesparser.go	0	59	22379	598
/Users/chrishafley/projects/typescript-go/internal/compiler/pkg.go	0	34	73	2
/Users/chrishafley/projects/typescript-go/internal/compiler/checkerpool_test.go	0	48	5651	210
/Users/chrishafley/projects/typescript-go/internal/compiler/projectreferencedtsfakinghost.go	0	50	8070	237
/Users/chrishafley/projects/typescript-go/internal/compiler/checkerpool.go	0	57	19157	491
/Users/chrishafley/projects/typescript-go/internal/compiler/contentmapper_test.go	0	46	9377	210
/Users/chrishafley/projects/typescript-go/internal/compiler/projectreferenceparser.go	0	43	4831	115
/Users/chrishafley/projects/typescript-go/internal/compiler/fileInclude.go	0	49	13841	325
/Users/chrishafley/projects/typescript-go/internal/compiler/projectreferencefilemapper.go	0	41	7432	187
/Users/chrishafley/projects/typescript-go/internal/compiler/emitter.go	0	67	21051	547
/Users/chrishafley/projects/typescript-go/internal/fswatch/walkdir_dirent_darwin.go	0	34	179	8
/Users/chrishafley/projects/typescript-go/internal/repo/paths.go	0	39	1833	87
/Users/chrishafley/projects/typescript-go/internal/fswatch/walkdir_dirent_fileno.go	0	42	204	8
/Users/chrishafley/projects/typescript-go/internal/fswatch/fallback_test.go	0	46	6504	222
/Users/chrishafley/projects/typescript-go/internal/compiler/fileloader.go	0	81	49979	1079
/Users/chrishafley/projects/typescript-go/internal/fswatch/event.go	0	47	6405	271
/Users/chrishafley/projects/typescript-go/internal/compiler/program.go	0	142	99751	2395
/Users/chrishafley/projects/typescript-go/internal/fswatch/walkdir_dirent_noreclen.go	0	34	538	22
/Users/chrishafley/projects/typescript-go/internal/fswatch/walkdir_dirent_linux.go	0	33	178	8
/Users/chrishafley/projects/typescript-go/internal/fswatch/canonicalize_darwin.go	0	37	750	14
/Users/chrishafley/projects/typescript-go/internal/fswatch/testutil_test.go	0	41	5832	193
/Users/chrishafley/projects/typescript-go/internal/fswatch/walkdir_windows.go	0	36	1851	74
/Users/chrishafley/projects/typescript-go/internal/fswatch/fsevents_darwin_ffi_arm64_test.go	0	39	5745	151
/Users/chrishafley/projects/typescript-go/internal/fswatch/walkdir_other.go	0	35	242	7
/Users/chrishafley/projects/typescript-go/internal/fswatch/fsevents_darwin_nfd_test.go	0	38	5456	176
/Users/chrishafley/projects/typescript-go/internal/fswatch/eventlist_test.go	0	40	3612	147
/Users/chrishafley/projects/typescript-go/internal/fswatch/inotify_linux.go	0	49	14049	427
/Users/chrishafley/projects/typescript-go/internal/fswatch/fanotify_linux_test.go	0	47	5824	181
/Users/chrishafley/projects/typescript-go/internal/fswatch/fanotify_linux.go	0	57	26662	769
/Users/chrishafley/projects/typescript-go/internal/fswatch/canonicalize_other.go	0	43	286	8
/Users/chrishafley/projects/typescript-go/internal/fswatch/walkdir_test.go	0	56	6361	222
/Users/chrishafley/projects/typescript-go/internal/fswatch/walkdir.go	0	48	1262	57
/Users/chrishafley/projects/typescript-go/internal/fswatch/debounce.go	0	49	3159	155
/Users/chrishafley/projects/typescript-go/internal/fswatch/fsevents_darwin_ffi.go	0	69	22279	553
/Users/chrishafley/projects/typescript-go/internal/fswatch/fsevents_darwin_shared_test.go	0	62	7902	292
/Users/chrishafley/projects/typescript-go/internal/fswatch/kqueue.go	0	68	25783	784
/Users/chrishafley/projects/typescript-go/internal/fswatch/walkdir_unix.go	0	37	3894	145
/Users/chrishafley/projects/typescript-go/internal/fswatch/fsevents_darwin.go	0	53	20490	640
/Users/chrishafley/projects/typescript-go/internal/packagejson/jsonvalue_test.go	0	42	2648	83
/Users/chrishafley/projects/typescript-go/internal/fswatch/windows.go	0	46	17697	474
/Users/chrishafley/projects/typescript-go/internal/packagejson/packagejson.go	0	40	3973	144
/Users/chrishafley/projects/typescript-go/internal/packagejson/exportsorimports_test.go	0	39	1726	62
/Users/chrishafley/projects/typescript-go/internal/packagejson/expected_test.go	0	33	998	44
/Users/chrishafley/projects/typescript-go/internal/fswatch/watcher.go	0	68	30394	1108
/Users/chrishafley/projects/typescript-go/internal/packagejson/validated.go	0	33	145	8
/Users/chrishafley/projects/typescript-go/internal/packagejson/cache.go	0	39	5789	198
/Users/chrishafley/projects/typescript-go/internal/packagejson/expected.go	0	39	1588	75
/Users/chrishafley/projects/typescript-go/internal/fswatch/watcher_test.go	0	165	88729	2947
/Users/chrishafley/projects/typescript-go/internal/packagejson/jsonvalue.go	0	40	4050	175
/Users/chrishafley/projects/typescript-go/internal/packagejson/packagejson_test.go	0	42	3543	129
/Users/chrishafley/projects/typescript-go/internal/packagejson/exportsorimports.go	0	37	1990	84
/Users/chrishafley/projects/typescript-go/internal/debug/debug.go	0	35	1242	61
/Users/chrishafley/projects/typescript-go/internal/debug/debug_test.go	0	47	2394	96
/Users/chrishafley/projects/typescript-go/_tools/customlint/testdata/parentaccess/internal/transformers/tstransforms/parentaccess.go	0	38	225	19
/Users/chrishafley/projects/typescript-go/_tools/customlint/testdata/parentaccess/internal/transformers/declarations/parentaccess.go	0	37	131	11
/Users/chrishafley/projects/typescript-go/_tools/customlint/testdata/parentaccess/other/parentaccess.go	0	39	124	11
/Users/chrishafley/projects/typescript-go/_tools/cmd/checkmodpaths/main.go	0	51	986	64
/Users/chrishafley/projects/typescript-go/_tools/customlint/testdata/bitclear/bitclear.go	0	37	279	23
/Users/chrishafley/projects/typescript-go/_tools/customlint/testdata/shadow/shadow.go	0	45	7567	518
/Users/chrishafley/projects/typescript-go/_tools/customlint/testdata/checkchildren/checkchildren.go	0	40	3146	121
/Users/chrishafley/projects/typescript-go/_tools/customlint/testdata/unexportedapi/otherpkg/types.go	0	30	279	16
/Users/chrishafley/projects/typescript-go/_tools/customlint/testdata/cleanup/cleanup.go	0	31	502	40
/Users/chrishafley/projects/typescript-go/_tools/customlint/testdata/emptycase/emptycase.go	0	34	751	75
/Users/chrishafley/projects/typescript-go/_tools/customlint/cleanup.go	0	36	2229	107
/Users/chrishafley/projects/typescript-go/_tools/customlint/testdata/unexportedapi/unexportedapi.go	0	43	13838	496
/Users/chrishafley/projects/typescript-go/_tools/customlint/forbidparentaccess.go	0	33	1383	54
/Users/chrishafley/projects/typescript-go/_tools/customlint/emptycase.go	0	40	2307	112
/Users/chrishafley/projects/typescript-go/_tools/customlint/plugin.go	0	32	609	30
/Users/chrishafley/projects/typescript-go/_tools/customlint/plugin_test.go	0	52	5543	232
/Users/chrishafley/projects/typescript-go/_tools/customlint/checkchildren.go	0	49	10046	330
/Users/chrishafley/projects/typescript-go/_tools/customlint/bitclear.go	0	39	2452	90
/Users/chrishafley/projects/typescript-go/_tools/customlint/unexportedapi.go	0	46	9356	359
/Users/chrishafley/projects/typescript-go/_tools/customlint/shadow.go	0	49	6602	251
/Users/chrishafley/projects/typescript-go/_tools/gen-proto/main_test.go	0	36	3956	105
/Users/chrishafley/projects/typescript-go/_tools/gen-proto/main.go	0	75	21758	735
