alacritty/src/cli.rs	MessageOptions	alacritty/src/cli.rs	SocketMessage
alacritty/src/cli.rs	Options	alacritty/src/cli.rs	Options
alacritty/src/cli.rs	Options	alacritty/src/cli.rs	ParsedOptions
alacritty/src/cli.rs	Options	alacritty/src/cli.rs	Subcommands
alacritty/src/cli.rs	Options	alacritty/src/cli.rs	WindowOptions
alacritty/src/cli.rs	ParsedOptions	alacritty/src/cli.rs	ParsedOptions
alacritty/src/cli.rs	PtyOptions	alacritty/src/cli.rs	TerminalOptions
alacritty/src/cli.rs	PtyOptions	alacritty_terminal/src/tty/mod.rs	Options
alacritty/src/cli.rs	SocketMessage	alacritty/src/cli.rs	IpcConfig
alacritty/src/cli.rs	SocketMessage	alacritty/src/cli.rs	IpcGetConfig
alacritty/src/cli.rs	SocketMessage	alacritty/src/cli.rs	WindowOptions
alacritty/src/cli.rs	Subcommands	alacritty/src/cli.rs	MessageOptions
alacritty/src/cli.rs	Subcommands	alacritty/src/cli.rs	MigrateOptions
alacritty/src/cli.rs	TerminalOptions	alacritty/src/cli.rs	TerminalOptions
alacritty/src/cli.rs	WindowIdentity	alacritty/src/cli.rs	WindowIdentity
alacritty/src/cli.rs	WindowIdentity	alacritty/src/config/window.rs	Class
alacritty/src/cli.rs	WindowOptions	alacritty/src/cli.rs	TerminalOptions
alacritty/src/cli.rs	WindowOptions	alacritty/src/cli.rs	WindowIdentity
alacritty/src/cli.rs	WindowOptions	alacritty/src/cli.rs	WindowOptions
alacritty/src/cli.rs	command	alacritty/src/config/ui_config.rs	Program
alacritty/src/cli.rs	completions	alacritty/src/cli.rs	Options
alacritty/src/cli.rs	config_overrides	alacritty/src/cli.rs	ParsedOptions
alacritty/src/cli.rs	dynamic_title_ignoring_options_by_default	alacritty/src/cli.rs	Options
alacritty/src/cli.rs	dynamic_title_ignoring_options_by_default	alacritty/src/config/ui_config.rs	UiConfig
alacritty/src/cli.rs	dynamic_title_not_overridden_by_config	alacritty/src/cli.rs	Options
alacritty/src/cli.rs	dynamic_title_not_overridden_by_config	alacritty/src/config/ui_config.rs	UiConfig
alacritty/src/cli.rs	from	alacritty/src/cli.rs	TerminalOptions
alacritty/src/cli.rs	from	alacritty_terminal/src/tty/mod.rs	Options
alacritty/src/cli.rs	override_config	alacritty/src/config/ui_config.rs	UiConfig
alacritty/src/cli.rs	override_config_rc	alacritty/src/config/ui_config.rs	UiConfig
alacritty/src/cli.rs	override_identity_config	alacritty/src/config/window.rs	Identity
alacritty/src/cli.rs	override_pty_config	alacritty_terminal/src/tty/mod.rs	Options
alacritty/src/cli.rs	parse_class	alacritty/src/config/window.rs	Class
alacritty/src/clipboard.rs	Clipboard	alacritty/src/clipboard.rs	Clipboard
alacritty/src/clipboard.rs	load	alacritty_terminal/src/term/mod.rs	ClipboardType
alacritty/src/clipboard.rs	store	alacritty_terminal/src/term/mod.rs	ClipboardType
alacritty/src/config/bell.rs	BellConfig	alacritty/src/config/bell.rs	BellAnimation
alacritty/src/config/bell.rs	BellConfig	alacritty/src/config/bell.rs	BellConfig
alacritty/src/config/bell.rs	BellConfig	alacritty/src/config/ui_config.rs	Program
alacritty/src/config/bell.rs	BellConfig	alacritty/src/display/color.rs	Rgb
alacritty/src/config/bell.rs	default	alacritty/src/display/color.rs	Rgb
alacritty/src/config/bindings.rs	Action	alacritty/src/config/bindings.rs	Action
alacritty/src/config/bindings.rs	Action	alacritty/src/config/bindings.rs	MouseAction
alacritty/src/config/bindings.rs	Action	alacritty/src/config/bindings.rs	SearchAction
alacritty/src/config/bindings.rs	Action	alacritty/src/config/bindings.rs	ViAction
alacritty/src/config/bindings.rs	Action	alacritty/src/config/ui_config.rs	Hint
alacritty/src/config/bindings.rs	Action	alacritty/src/config/ui_config.rs	Program
alacritty/src/config/bindings.rs	Action	alacritty/src/input/mod.rs	Execute
alacritty/src/config/bindings.rs	Action	alacritty_terminal/src/vi_mode.rs	ViMotion
alacritty/src/config/bindings.rs	Binding	alacritty/src/config/bindings.rs	Action
alacritty/src/config/bindings.rs	Binding	alacritty/src/config/bindings.rs	Binding
alacritty/src/config/bindings.rs	Binding	alacritty/src/config/bindings.rs	BindingMode
alacritty/src/config/bindings.rs	BindingKey	alacritty/src/config/bindings.rs	BindingKey
alacritty/src/config/bindings.rs	BindingKey	alacritty/src/config/bindings.rs	KeyLocation
alacritty/src/config/bindings.rs	BindingMode	alacritty/src/config/bindings.rs	BindingMode
alacritty/src/config/bindings.rs	Field	alacritty/src/config/bindings.rs	Field
alacritty/src/config/bindings.rs	FieldVisitor	alacritty/src/config/bindings.rs	FieldVisitor
alacritty/src/config/bindings.rs	KeyBinding	alacritty/src/config/bindings.rs	Binding
alacritty/src/config/bindings.rs	KeyBinding	alacritty/src/config/bindings.rs	BindingKey
alacritty/src/config/bindings.rs	KeyBinding	alacritty/src/config/bindings.rs	KeyBinding
alacritty/src/config/bindings.rs	KeyLocation	alacritty/src/config/bindings.rs	KeyLocation
alacritty/src/config/bindings.rs	MockBinding	alacritty/src/config/bindings.rs	Binding
alacritty/src/config/bindings.rs	ModeVisitor	alacritty/src/config/bindings.rs	ModeVisitor
alacritty/src/config/bindings.rs	ModeWrapper	alacritty/src/config/bindings.rs	BindingMode
alacritty/src/config/bindings.rs	ModeWrapper	alacritty/src/config/bindings.rs	ModeWrapper
alacritty/src/config/bindings.rs	ModsVisitor	alacritty/src/config/bindings.rs	ModsVisitor
alacritty/src/config/bindings.rs	ModsWrapper	alacritty/src/config/bindings.rs	ModsWrapper
alacritty/src/config/bindings.rs	MouseBinding	alacritty/src/config/bindings.rs	Binding
alacritty/src/config/bindings.rs	MouseBinding	alacritty/src/config/bindings.rs	MouseBinding
alacritty/src/config/bindings.rs	MouseBinding	alacritty/src/config/bindings.rs	MouseEvent
alacritty/src/config/bindings.rs	MouseButtonVisitor	alacritty/src/config/bindings.rs	MouseButtonVisitor
alacritty/src/config/bindings.rs	MouseEvent	alacritty/src/config/bindings.rs	MouseEvent
alacritty/src/config/bindings.rs	RawBinding	alacritty/src/config/bindings.rs	Action
alacritty/src/config/bindings.rs	RawBinding	alacritty/src/config/bindings.rs	BindingKey
alacritty/src/config/bindings.rs	RawBinding	alacritty/src/config/bindings.rs	BindingMode
alacritty/src/config/bindings.rs	RawBinding	alacritty/src/config/bindings.rs	MouseEvent
alacritty/src/config/bindings.rs	RawBinding	alacritty/src/config/bindings.rs	RawBinding
alacritty/src/config/bindings.rs	RawBindingVisitor	alacritty/src/config/bindings.rs	RawBindingVisitor
alacritty/src/config/bindings.rs	SerdeViMotion	alacritty/src/config/bindings.rs	SerdeViMotion
alacritty/src/config/bindings.rs	SerdeViMotion	alacritty_terminal/src/vi_mode.rs	ViMotion
alacritty/src/config/bindings.rs	Value	alacritty/src/config/bindings.rs	Field
alacritty/src/config/bindings.rs	Value	alacritty/src/config/bindings.rs	ModeWrapper
alacritty/src/config/bindings.rs	Value	alacritty/src/config/bindings.rs	ModsWrapper
alacritty/src/config/bindings.rs	Value	alacritty/src/config/bindings.rs	MouseEvent
alacritty/src/config/bindings.rs	Value	alacritty/src/config/bindings.rs	RawBinding
alacritty/src/config/bindings.rs	binding_matches_different_action	alacritty/src/config/bindings.rs	Action
alacritty/src/config/bindings.rs	binding_matches_identical_mode	alacritty/src/config/bindings.rs	BindingMode
alacritty/src/config/bindings.rs	binding_matches_mode_notmode	alacritty/src/config/bindings.rs	BindingMode
alacritty/src/config/bindings.rs	binding_matches_modes	alacritty/src/config/bindings.rs	BindingMode
alacritty/src/config/bindings.rs	binding_matches_notmodes	alacritty/src/config/bindings.rs	BindingMode
alacritty/src/config/bindings.rs	binding_matches_partial_intersection	alacritty/src/config/bindings.rs	BindingMode
alacritty/src/config/bindings.rs	binding_mismatches_notmode	alacritty/src/config/bindings.rs	BindingMode
alacritty/src/config/bindings.rs	binding_mismatches_unrelated	alacritty/src/config/bindings.rs	BindingMode
alacritty/src/config/bindings.rs	binding_trigger_modes	alacritty/src/config/bindings.rs	BindingMode
alacritty/src/config/bindings.rs	binding_trigger_notmodes	alacritty/src/config/bindings.rs	BindingMode
alacritty/src/config/bindings.rs	binding_with_mode_matches_empty_mode	alacritty/src/config/bindings.rs	BindingMode
alacritty/src/config/bindings.rs	binding_without_mode_matches_any_mode	alacritty/src/config/bindings.rs	BindingMode
alacritty/src/config/bindings.rs	common_keybindings	alacritty/src/config/bindings.rs	KeyBinding
alacritty/src/config/bindings.rs	default	alacritty/src/config/bindings.rs	Action
alacritty/src/config/bindings.rs	default	alacritty/src/config/bindings.rs	BindingMode
alacritty/src/config/bindings.rs	default_key_bindings	alacritty/src/config/bindings.rs	KeyBinding
alacritty/src/config/bindings.rs	default_mouse_bindings	alacritty/src/config/bindings.rs	MouseBinding
alacritty/src/config/bindings.rs	deserialize	alacritty/src/config/bindings.rs	BindingKey
alacritty/src/config/bindings.rs	deserialize	alacritty/src/config/bindings.rs	Field
alacritty/src/config/bindings.rs	deserialize	alacritty/src/config/bindings.rs	FieldVisitor
alacritty/src/config/bindings.rs	deserialize	alacritty/src/config/bindings.rs	KeyLocation
alacritty/src/config/bindings.rs	deserialize	alacritty/src/config/bindings.rs	ModeVisitor
alacritty/src/config/bindings.rs	deserialize	alacritty/src/config/bindings.rs	ModsVisitor
alacritty/src/config/bindings.rs	deserialize	alacritty/src/config/bindings.rs	MouseButtonVisitor
alacritty/src/config/bindings.rs	deserialize	alacritty/src/config/bindings.rs	RawBinding
alacritty/src/config/bindings.rs	deserialize	alacritty/src/config/bindings.rs	RawBindingVisitor
alacritty/src/config/bindings.rs	deserialize	alacritty/src/config/bindings.rs	SerdeViMotion
alacritty/src/config/bindings.rs	deserialize	alacritty/src/config/ui_config.rs	StringVisitor
alacritty/src/config/bindings.rs	deserialize	alacritty_terminal/src/vi_mode.rs	ViMotion
alacritty/src/config/bindings.rs	fmt	alacritty/src/config/bindings.rs	Action
alacritty/src/config/bindings.rs	from	alacritty/src/config/bindings.rs	Action
alacritty/src/config/bindings.rs	from	alacritty/src/config/bindings.rs	KeyLocation
alacritty/src/config/bindings.rs	from	alacritty/src/config/bindings.rs	MouseAction
alacritty/src/config/bindings.rs	from	alacritty/src/config/bindings.rs	SearchAction
alacritty/src/config/bindings.rs	from	alacritty/src/config/bindings.rs	ViAction
alacritty/src/config/bindings.rs	from	alacritty_terminal/src/vi_mode.rs	ViMotion
alacritty/src/config/bindings.rs	into_key_binding	alacritty/src/config/bindings.rs	KeyBinding
alacritty/src/config/bindings.rs	into_mouse_binding	alacritty/src/config/bindings.rs	Binding
alacritty/src/config/bindings.rs	into_mouse_binding	alacritty/src/config/bindings.rs	MouseBinding
alacritty/src/config/bindings.rs	is_triggered_by	alacritty/src/config/bindings.rs	BindingMode
alacritty/src/config/bindings.rs	new	alacritty/src/config/bindings.rs	BindingMode
alacritty/src/config/bindings.rs	new	alacritty_terminal/src/term/mod.rs	TermMode
alacritty/src/config/bindings.rs	platform_key_bindings	alacritty/src/config/bindings.rs	KeyBinding
alacritty/src/config/bindings.rs	triggers_match	alacritty/src/config/bindings.rs	Binding
alacritty/src/config/bindings.rs	triggers_match	alacritty/src/config/bindings.rs	BindingMode
alacritty/src/config/bindings.rs	visit_i64	alacritty/src/config/bindings.rs	MouseEvent
alacritty/src/config/bindings.rs	visit_map	alacritty/src/config/bindings.rs	Action
alacritty/src/config/bindings.rs	visit_map	alacritty/src/config/bindings.rs	BindingKey
alacritty/src/config/bindings.rs	visit_map	alacritty/src/config/bindings.rs	BindingMode
alacritty/src/config/bindings.rs	visit_map	alacritty/src/config/bindings.rs	Field
alacritty/src/config/bindings.rs	visit_map	alacritty/src/config/bindings.rs	ModeWrapper
alacritty/src/config/bindings.rs	visit_map	alacritty/src/config/bindings.rs	ModsWrapper
alacritty/src/config/bindings.rs	visit_map	alacritty/src/config/bindings.rs	MouseAction
alacritty/src/config/bindings.rs	visit_map	alacritty/src/config/bindings.rs	MouseEvent
alacritty/src/config/bindings.rs	visit_map	alacritty/src/config/bindings.rs	RawBinding
alacritty/src/config/bindings.rs	visit_map	alacritty/src/config/bindings.rs	SearchAction
alacritty/src/config/bindings.rs	visit_map	alacritty/src/config/bindings.rs	SerdeViMotion
alacritty/src/config/bindings.rs	visit_map	alacritty/src/config/bindings.rs	ViAction
alacritty/src/config/bindings.rs	visit_map	alacritty/src/config/ui_config.rs	Program
alacritty/src/config/bindings.rs	visit_str	alacritty/src/config/bindings.rs	BindingMode
alacritty/src/config/bindings.rs	visit_str	alacritty/src/config/bindings.rs	Field
alacritty/src/config/bindings.rs	visit_str	alacritty/src/config/bindings.rs	ModeWrapper
alacritty/src/config/bindings.rs	visit_str	alacritty/src/config/bindings.rs	ModsWrapper
alacritty/src/config/bindings.rs	visit_str	alacritty/src/config/bindings.rs	MouseEvent
alacritty/src/config/bindings.rs	visit_u64	alacritty/src/config/bindings.rs	MouseEvent
alacritty/src/config/color.rs	BarColors	alacritty/src/display/color.rs	Rgb
alacritty/src/config/color.rs	BrightColors	alacritty/src/config/color.rs	BrightColors
alacritty/src/config/color.rs	BrightColors	alacritty/src/display/color.rs	Rgb
alacritty/src/config/color.rs	ColorIndex	alacritty/src/config/color.rs	ColorIndex
alacritty/src/config/color.rs	Colors	alacritty/src/config/color.rs	BarColors
alacritty/src/config/color.rs	Colors	alacritty/src/config/color.rs	BrightColors
alacritty/src/config/color.rs	Colors	alacritty/src/config/color.rs	Colors
alacritty/src/config/color.rs	Colors	alacritty/src/config/color.rs	DimColors
alacritty/src/config/color.rs	Colors	alacritty/src/config/color.rs	HintColors
alacritty/src/config/color.rs	Colors	alacritty/src/config/color.rs	IndexedColor
alacritty/src/config/color.rs	Colors	alacritty/src/config/color.rs	InvertedCellColors
alacritty/src/config/color.rs	Colors	alacritty/src/config/color.rs	LineIndicatorColors
alacritty/src/config/color.rs	Colors	alacritty/src/config/color.rs	NormalColors
alacritty/src/config/color.rs	Colors	alacritty/src/config/color.rs	PrimaryColors
alacritty/src/config/color.rs	Colors	alacritty/src/config/color.rs	SearchColors
alacritty/src/config/color.rs	DimColors	alacritty/src/config/color.rs	DimColors
alacritty/src/config/color.rs	DimColors	alacritty/src/display/color.rs	Rgb
alacritty/src/config/color.rs	FocusedMatchColors	alacritty/src/config/color.rs	FocusedMatchColors
alacritty/src/config/color.rs	FocusedMatchColors	alacritty/src/display/color.rs	CellRgb
alacritty/src/config/color.rs	HintColors	alacritty/src/config/color.rs	HintEndColors
alacritty/src/config/color.rs	HintColors	alacritty/src/config/color.rs	HintStartColors
alacritty/src/config/color.rs	HintEndColors	alacritty/src/config/color.rs	HintEndColors
alacritty/src/config/color.rs	HintEndColors	alacritty/src/display/color.rs	CellRgb
alacritty/src/config/color.rs	HintStartColors	alacritty/src/config/color.rs	HintStartColors
alacritty/src/config/color.rs	HintStartColors	alacritty/src/display/color.rs	CellRgb
alacritty/src/config/color.rs	IndexedColor	alacritty/src/config/color.rs	ColorIndex
alacritty/src/config/color.rs	IndexedColor	alacritty/src/config/color.rs	IndexedColor
alacritty/src/config/color.rs	IndexedColor	alacritty/src/display/color.rs	Rgb
alacritty/src/config/color.rs	InvertedCellColors	alacritty/src/config/color.rs	InvertedCellColors
alacritty/src/config/color.rs	InvertedCellColors	alacritty/src/display/color.rs	CellRgb
alacritty/src/config/color.rs	LineIndicatorColors	alacritty/src/display/color.rs	Rgb
alacritty/src/config/color.rs	MatchColors	alacritty/src/config/color.rs	MatchColors
alacritty/src/config/color.rs	MatchColors	alacritty/src/display/color.rs	CellRgb
alacritty/src/config/color.rs	NormalColors	alacritty/src/config/color.rs	NormalColors
alacritty/src/config/color.rs	NormalColors	alacritty/src/display/color.rs	Rgb
alacritty/src/config/color.rs	PrimaryColors	alacritty/src/config/color.rs	PrimaryColors
alacritty/src/config/color.rs	PrimaryColors	alacritty/src/display/color.rs	Rgb
alacritty/src/config/color.rs	SearchColors	alacritty/src/config/color.rs	FocusedMatchColors
alacritty/src/config/color.rs	SearchColors	alacritty/src/config/color.rs	MatchColors
alacritty/src/config/color.rs	default	alacritty/src/config/color.rs	BrightColors
alacritty/src/config/color.rs	default	alacritty/src/config/color.rs	DimColors
alacritty/src/config/color.rs	default	alacritty/src/config/color.rs	NormalColors
alacritty/src/config/color.rs	default	alacritty/src/config/color.rs	PrimaryColors
alacritty/src/config/color.rs	default	alacritty/src/display/color.rs	CellRgb
alacritty/src/config/color.rs	default	alacritty/src/display/color.rs	Rgb
alacritty/src/config/color.rs	footer_bar_background	alacritty/src/display/color.rs	Rgb
alacritty/src/config/color.rs	footer_bar_foreground	alacritty/src/display/color.rs	Rgb
alacritty/src/config/cursor.rs	ConfigCursorStyle	alacritty/src/config/cursor.rs	ConfigCursorStyle
alacritty/src/config/cursor.rs	ConfigCursorStyle	alacritty/src/config/cursor.rs	CursorBlinking
alacritty/src/config/cursor.rs	ConfigCursorStyle	alacritty/src/config/cursor.rs	CursorShape
alacritty/src/config/cursor.rs	Cursor	alacritty/src/config/cursor.rs	ConfigCursorStyle
alacritty/src/config/cursor.rs	Cursor	alacritty/src/config/cursor.rs	Cursor
alacritty/src/config/cursor.rs	Cursor	alacritty/src/config/ui_config.rs	Percentage
alacritty/src/config/cursor.rs	CursorBlinking	alacritty/src/config/cursor.rs	CursorBlinking
alacritty/src/config/cursor.rs	VteCursorShape	alacritty/src/config/cursor.rs	CursorShape
alacritty/src/config/cursor.rs	VteCursorStyle	alacritty/src/config/cursor.rs	ConfigCursorStyle
alacritty/src/config/cursor.rs	bool	alacritty/src/config/cursor.rs	CursorBlinking
alacritty/src/config/cursor.rs	default	alacritty/src/config/cursor.rs	CursorShape
alacritty/src/config/cursor.rs	default	alacritty/src/config/ui_config.rs	Percentage
alacritty/src/config/cursor.rs	from	alacritty/src/config/cursor.rs	ConfigCursorStyle
alacritty/src/config/cursor.rs	from	alacritty/src/config/cursor.rs	CursorBlinking
alacritty/src/config/cursor.rs	from	alacritty/src/config/cursor.rs	CursorShape
alacritty/src/config/debug.rs	Debug	alacritty/src/config/debug.rs	Debug
alacritty/src/config/debug.rs	Debug	alacritty/src/config/debug.rs	RendererPreference
alacritty/src/config/font.rs	Font	alacritty/src/config/font.rs	Font
alacritty/src/config/font.rs	Font	alacritty/src/config/font.rs	FontDescription
alacritty/src/config/font.rs	Font	alacritty/src/config/font.rs	SecondaryFontDescription
alacritty/src/config/font.rs	Font	alacritty/src/config/font.rs	Size
alacritty/src/config/font.rs	Font	alacritty/src/config/ui_config.rs	Delta
alacritty/src/config/font.rs	FontDescription	alacritty/src/config/font.rs	FontDescription
alacritty/src/config/font.rs	NumVisitor	alacritty/src/config/font.rs	NumVisitor
alacritty/src/config/font.rs	SecondaryFontDescription	alacritty/src/config/font.rs	SecondaryFontDescription
alacritty/src/config/font.rs	Size	alacritty/src/config/font.rs	Size
alacritty/src/config/font.rs	Value	alacritty/src/config/font.rs	Size
alacritty/src/config/font.rs	bold	alacritty/src/config/font.rs	FontDescription
alacritty/src/config/font.rs	bold_italic	alacritty/src/config/font.rs	FontDescription
alacritty/src/config/font.rs	default	alacritty/src/config/font.rs	Font
alacritty/src/config/font.rs	default	alacritty/src/config/font.rs	FontDescription
alacritty/src/config/font.rs	desc	alacritty/src/config/font.rs	FontDescription
alacritty/src/config/font.rs	deserialize	alacritty/src/config/font.rs	NumVisitor
alacritty/src/config/font.rs	italic	alacritty/src/config/font.rs	FontDescription
alacritty/src/config/font.rs	normal	alacritty/src/config/font.rs	FontDescription
alacritty/src/config/font.rs	visit_f64	alacritty/src/config/font.rs	Size
alacritty/src/config/font.rs	visit_i64	alacritty/src/config/font.rs	Size
alacritty/src/config/font.rs	with_size	alacritty/src/config/font.rs	Font
alacritty/src/config/font.rs	with_size	alacritty/src/config/font.rs	Size
alacritty/src/config/general.rs	General	alacritty/src/config/general.rs	General
alacritty/src/config/mod.rs	Error	alacritty/src/config/mod.rs	Error
alacritty/src/config/mod.rs	Result	alacritty/src/config/mod.rs	Error
alacritty/src/config/mod.rs	after_loading	alacritty/src/cli.rs	Options
alacritty/src/config/mod.rs	after_loading	alacritty/src/config/ui_config.rs	UiConfig
alacritty/src/config/mod.rs	deserialize_config	alacritty/src/config/mod.rs	Result
alacritty/src/config/mod.rs	empty_config	alacritty/src/config/ui_config.rs	UiConfig
alacritty/src/config/mod.rs	fmt	alacritty/src/config/mod.rs	Error
alacritty/src/config/mod.rs	from	alacritty/src/config/mod.rs	Error
alacritty/src/config/mod.rs	load	alacritty/src/cli.rs	Options
alacritty/src/config/mod.rs	load	alacritty/src/config/ui_config.rs	UiConfig
alacritty/src/config/mod.rs	load_from	alacritty/src/config/mod.rs	Error
alacritty/src/config/mod.rs	load_from	alacritty/src/config/mod.rs	Result
alacritty/src/config/mod.rs	load_from	alacritty/src/config/ui_config.rs	UiConfig
alacritty/src/config/mod.rs	load_imports	alacritty/src/config/mod.rs	Error
alacritty/src/config/mod.rs	parse_config	alacritty/src/config/mod.rs	Result
alacritty/src/config/mod.rs	read_config	alacritty/src/config/mod.rs	Result
alacritty/src/config/mod.rs	read_config	alacritty/src/config/ui_config.rs	UiConfig
alacritty/src/config/mod.rs	reload	alacritty/src/cli.rs	Options
alacritty/src/config/mod.rs	reload	alacritty/src/config/mod.rs	Result
alacritty/src/config/mod.rs	reload	alacritty/src/config/ui_config.rs	UiConfig
alacritty/src/config/mod.rs	source	alacritty/src/config/mod.rs	Error
alacritty/src/config/monitor.rs	ConfigMonitor	alacritty/src/config/monitor.rs	ConfigMonitor
alacritty/src/config/monitor.rs	new	alacritty/src/event.rs	Event
alacritty/src/config/monitor.rs	new	alacritty/src/event.rs	EventType
alacritty/src/config/mouse.rs	Mouse	alacritty/src/config/mouse.rs	MouseBindings
alacritty/src/config/mouse.rs	MouseBindings	alacritty/src/config/bindings.rs	MouseBinding
alacritty/src/config/mouse.rs	MouseBindings	alacritty/src/config/mouse.rs	MouseBindings
alacritty/src/config/scrolling.rs	Scrolling	alacritty/src/config/scrolling.rs	Scrolling
alacritty/src/config/scrolling.rs	Scrolling	alacritty/src/config/scrolling.rs	ScrollingHistory
alacritty/src/config/scrolling.rs	ScrollingHistory	alacritty/src/config/scrolling.rs	ScrollingHistory
alacritty/src/config/selection.rs	Selection	alacritty/src/config/selection.rs	Selection
alacritty/src/config/terminal.rs	SerdeOsc52	alacritty/src/config/terminal.rs	SerdeOsc52
alacritty/src/config/terminal.rs	SerdeOsc52	alacritty_terminal/src/term/mod.rs	Osc52
alacritty/src/config/terminal.rs	Terminal	alacritty/src/config/terminal.rs	SerdeOsc52
alacritty/src/config/terminal.rs	Terminal	alacritty/src/config/ui_config.rs	Program
alacritty/src/config/terminal.rs	deserialize	alacritty/src/config/terminal.rs	SerdeOsc52
alacritty/src/config/terminal.rs	deserialize	alacritty/src/config/ui_config.rs	StringVisitor
alacritty/src/config/terminal.rs	deserialize	alacritty_terminal/src/term/mod.rs	Osc52
alacritty/src/config/ui_config.rs	Hint	alacritty/src/config/ui_config.rs	HintAction
alacritty/src/config/ui_config.rs	Hint	alacritty/src/config/ui_config.rs	HintBinding
alacritty/src/config/ui_config.rs	Hint	alacritty/src/config/ui_config.rs	HintContent
alacritty/src/config/ui_config.rs	Hint	alacritty/src/config/ui_config.rs	HintMouse
alacritty/src/config/ui_config.rs	HintAction	alacritty/src/config/ui_config.rs	HintInternalAction
alacritty/src/config/ui_config.rs	HintAction	alacritty/src/config/ui_config.rs	Program
alacritty/src/config/ui_config.rs	HintBinding	alacritty/src/config/bindings.rs	BindingKey
alacritty/src/config/ui_config.rs	HintBinding	alacritty/src/config/bindings.rs	KeyBinding
alacritty/src/config/ui_config.rs	HintBinding	alacritty/src/config/bindings.rs	ModeWrapper
alacritty/src/config/ui_config.rs	HintBinding	alacritty/src/config/bindings.rs	ModsWrapper
alacritty/src/config/ui_config.rs	HintBinding	alacritty/src/config/ui_config.rs	HintBinding
alacritty/src/config/ui_config.rs	HintContent	alacritty/src/config/ui_config.rs	HintContent
alacritty/src/config/ui_config.rs	HintContent	alacritty/src/config/ui_config.rs	LazyRegex
alacritty/src/config/ui_config.rs	HintContentVisitor	alacritty/src/config/ui_config.rs	HintContentVisitor
alacritty/src/config/ui_config.rs	HintMouse	alacritty/src/config/bindings.rs	ModsWrapper
alacritty/src/config/ui_config.rs	Hints	alacritty/src/config/ui_config.rs	Hint
alacritty/src/config/ui_config.rs	Hints	alacritty/src/config/ui_config.rs	Hints
alacritty/src/config/ui_config.rs	Hints	alacritty/src/config/ui_config.rs	HintsAlphabet
alacritty/src/config/ui_config.rs	HintsAlphabet	alacritty/src/config/ui_config.rs	HintsAlphabet
alacritty/src/config/ui_config.rs	KeyBindings	alacritty/src/config/bindings.rs	KeyBinding
alacritty/src/config/ui_config.rs	KeyBindings	alacritty/src/config/ui_config.rs	KeyBindings
alacritty/src/config/ui_config.rs	Keyboard	alacritty/src/config/ui_config.rs	KeyBindings
alacritty/src/config/ui_config.rs	LazyRegex	alacritty/src/config/ui_config.rs	LazyRegex
alacritty/src/config/ui_config.rs	LazyRegex	alacritty/src/config/ui_config.rs	LazyRegexVariant
alacritty/src/config/ui_config.rs	LazyRegexVariant	alacritty/src/config/ui_config.rs	LazyRegexVariant
alacritty/src/config/ui_config.rs	LazyRegexVariant	alacritty_terminal/src/term/search.rs	RegexSearch
alacritty/src/config/ui_config.rs	Percentage	alacritty/src/config/ui_config.rs	Percentage
alacritty/src/config/ui_config.rs	Program	alacritty/src/config/ui_config.rs	Program
alacritty/src/config/ui_config.rs	Program	alacritty_config/src/lib.rs	SerdeReplace
alacritty/src/config/ui_config.rs	Shell	alacritty/src/config/ui_config.rs	Program
alacritty/src/config/ui_config.rs	Shell	alacritty_terminal/src/tty/mod.rs	Shell
alacritty/src/config/ui_config.rs	StringVisitor	alacritty/src/config/ui_config.rs	StringVisitor
alacritty/src/config/ui_config.rs	UiConfig	alacritty/src/config/bell.rs	BellConfig
alacritty/src/config/ui_config.rs	UiConfig	alacritty/src/config/color.rs	Colors
alacritty/src/config/ui_config.rs	UiConfig	alacritty/src/config/cursor.rs	Cursor
alacritty/src/config/ui_config.rs	UiConfig	alacritty/src/config/debug.rs	Debug
alacritty/src/config/ui_config.rs	UiConfig	alacritty/src/config/font.rs	Font
alacritty/src/config/ui_config.rs	UiConfig	alacritty/src/config/general.rs	General
alacritty/src/config/ui_config.rs	UiConfig	alacritty/src/config/mouse.rs	Mouse
alacritty/src/config/ui_config.rs	UiConfig	alacritty/src/config/scrolling.rs	Scrolling
alacritty/src/config/ui_config.rs	UiConfig	alacritty/src/config/selection.rs	Selection
alacritty/src/config/ui_config.rs	UiConfig	alacritty/src/config/terminal.rs	Terminal
alacritty/src/config/ui_config.rs	UiConfig	alacritty/src/config/ui_config.rs	Hints
alacritty/src/config/ui_config.rs	UiConfig	alacritty/src/config/ui_config.rs	Keyboard
alacritty/src/config/ui_config.rs	UiConfig	alacritty/src/config/ui_config.rs	Program
alacritty/src/config/ui_config.rs	UiConfig	alacritty/src/config/ui_config.rs	UiConfig
alacritty/src/config/ui_config.rs	UiConfig	alacritty/src/config/window.rs	WindowConfig
alacritty/src/config/ui_config.rs	Value	alacritty/src/config/ui_config.rs	HintContent
alacritty/src/config/ui_config.rs	args	alacritty/src/config/ui_config.rs	Program
alacritty/src/config/ui_config.rs	compiled	alacritty_terminal/src/term/search.rs	RegexSearch
alacritty/src/config/ui_config.rs	default	alacritty/src/config/ui_config.rs	HintAction
alacritty/src/config/ui_config.rs	default	alacritty/src/config/ui_config.rs	HintContent
alacritty/src/config/ui_config.rs	default	alacritty/src/config/ui_config.rs	LazyRegex
alacritty/src/config/ui_config.rs	default	alacritty/src/config/ui_config.rs	LazyRegexVariant
alacritty/src/config/ui_config.rs	default	alacritty/src/config/ui_config.rs	Percentage
alacritty/src/config/ui_config.rs	default	alacritty/src/config/ui_config.rs	Program
alacritty/src/config/ui_config.rs	deserialize	alacritty/src/config/ui_config.rs	HintContentVisitor
alacritty/src/config/ui_config.rs	deserialize	alacritty/src/config/ui_config.rs	LazyRegexVariant
alacritty/src/config/ui_config.rs	deserialize	alacritty/src/config/ui_config.rs	Percentage
alacritty/src/config/ui_config.rs	deserialize_bindings	alacritty/src/config/bindings.rs	Binding
alacritty/src/config/ui_config.rs	from	alacritty/src/config/ui_config.rs	Program
alacritty/src/config/ui_config.rs	from	alacritty_terminal/src/tty/mod.rs	Shell
alacritty/src/config/ui_config.rs	key_binding	alacritty/src/config/bindings.rs	Action
alacritty/src/config/ui_config.rs	key_binding	alacritty/src/config/bindings.rs	KeyBinding
alacritty/src/config/ui_config.rs	key_binding	alacritty/src/config/ui_config.rs	Hint
alacritty/src/config/ui_config.rs	key_bindings	alacritty/src/config/bindings.rs	KeyBinding
alacritty/src/config/ui_config.rs	mouse_bindings	alacritty/src/config/bindings.rs	MouseBinding
alacritty/src/config/ui_config.rs	negative_url_parsing_regex_test	alacritty_terminal/src/term/search.rs	RegexSearch
alacritty/src/config/ui_config.rs	new	alacritty/src/config/ui_config.rs	LazyRegex
alacritty/src/config/ui_config.rs	new	alacritty/src/config/ui_config.rs	Percentage
alacritty/src/config/ui_config.rs	positive_url_parsing_regex_test	alacritty_terminal/src/term/search.rs	RegexSearch
alacritty/src/config/ui_config.rs	program	alacritty/src/config/ui_config.rs	Program
alacritty/src/config/ui_config.rs	pty_config	alacritty_terminal/src/tty/mod.rs	Options
alacritty/src/config/ui_config.rs	serialize	alacritty/src/config/ui_config.rs	LazyRegexVariant
alacritty/src/config/ui_config.rs	term_options	alacritty_terminal/src/term/mod.rs	Config
alacritty/src/config/ui_config.rs	visit_map	alacritty/src/config/ui_config.rs	LazyRegex
alacritty/src/config/ui_config.rs	with_compiled	alacritty_terminal/src/term/search.rs	RegexSearch
alacritty/src/config/window.rs	Class	alacritty/src/config/window.rs	Class
alacritty/src/config/window.rs	ClassVisitor	alacritty/src/config/window.rs	ClassVisitor
alacritty/src/config/window.rs	Identity	alacritty/src/config/window.rs	Class
alacritty/src/config/window.rs	Identity	alacritty/src/config/window.rs	Identity
alacritty/src/config/window.rs	Value	alacritty/src/config/window.rs	Class
alacritty/src/config/window.rs	WindowConfig	alacritty/src/config/ui_config.rs	Delta
alacritty/src/config/window.rs	WindowConfig	alacritty/src/config/ui_config.rs	Percentage
alacritty/src/config/window.rs	WindowConfig	alacritty/src/config/window.rs	Decorations
alacritty/src/config/window.rs	WindowConfig	alacritty/src/config/window.rs	Dimensions
alacritty/src/config/window.rs	WindowConfig	alacritty/src/config/window.rs	Identity
alacritty/src/config/window.rs	WindowConfig	alacritty/src/config/window.rs	OptionAsAlt
alacritty/src/config/window.rs	WindowConfig	alacritty/src/config/window.rs	StartupMode
alacritty/src/config/window.rs	WindowConfig	alacritty/src/config/window.rs	Theme
alacritty/src/config/window.rs	WindowConfig	alacritty/src/config/window.rs	WindowConfig
alacritty/src/config/window.rs	WindowConfig	alacritty/src/config/window.rs	WindowLevel
alacritty/src/config/window.rs	WinitTheme	alacritty/src/config/window.rs	Theme
alacritty/src/config/window.rs	WinitWindowLevel	alacritty/src/config/window.rs	WindowLevel
alacritty/src/config/window.rs	deserialize	alacritty/src/config/window.rs	ClassVisitor
alacritty/src/config/window.rs	dimensions	alacritty/src/config/window.rs	Dimensions
alacritty/src/config/window.rs	from	alacritty/src/config/window.rs	Theme
alacritty/src/config/window.rs	from	alacritty/src/config/window.rs	WindowLevel
alacritty/src/config/window.rs	fullscreen	alacritty/src/config/window.rs	StartupMode
alacritty/src/config/window.rs	maximized	alacritty/src/config/window.rs	StartupMode
alacritty/src/config/window.rs	option_as_alt	alacritty/src/config/window.rs	OptionAsAlt
alacritty/src/display/bell.rs	VisualBell	alacritty/src/config/bell.rs	BellAnimation
alacritty/src/display/bell.rs	VisualBell	alacritty/src/config/bell.rs	BellConfig
alacritty/src/display/bell.rs	VisualBell	alacritty/src/display/bell.rs	VisualBell
alacritty/src/display/bell.rs	from	alacritty/src/config/bell.rs	BellConfig
alacritty/src/display/bell.rs	from	alacritty/src/display/bell.rs	VisualBell
alacritty/src/display/bell.rs	intensity_at_instant	alacritty/src/config/bell.rs	BellAnimation
alacritty/src/display/bell.rs	update_config	alacritty/src/config/bell.rs	BellConfig
alacritty/src/display/color.rs	CellRgb	alacritty/src/display/color.rs	CellRgb
alacritty/src/display/color.rs	CellRgb	alacritty/src/display/color.rs	Rgb
alacritty/src/display/color.rs	CellRgbVisitor	alacritty/src/display/color.rs	CellRgbVisitor
alacritty/src/display/color.rs	List	alacritty/src/config/color.rs	Colors
alacritty/src/display/color.rs	List	alacritty/src/display/color.rs	List
alacritty/src/display/color.rs	List	alacritty/src/display/color.rs	Rgb
alacritty/src/display/color.rs	Output	alacritty/src/display/color.rs	Rgb
alacritty/src/display/color.rs	Rgb	alacritty/src/display/color.rs	Rgb
alacritty/src/display/color.rs	RgbVisitor	alacritty/src/display/color.rs	RgbVisitor
alacritty/src/display/color.rs	Value	alacritty/src/display/color.rs	CellRgb
alacritty/src/display/color.rs	Value	alacritty/src/display/color.rs	Rgb
alacritty/src/display/color.rs	add	alacritty/src/display/color.rs	Rgb
alacritty/src/display/color.rs	color	alacritty/src/display/color.rs	Rgb
alacritty/src/display/color.rs	default	alacritty/src/display/color.rs	Rgb
alacritty/src/display/color.rs	deserialize	alacritty/src/display/color.rs	CellRgbVisitor
alacritty/src/display/color.rs	deserialize	alacritty/src/display/color.rs	Rgb
alacritty/src/display/color.rs	deserialize	alacritty/src/display/color.rs	RgbDerivedDeser
alacritty/src/display/color.rs	deserialize	alacritty/src/display/color.rs	RgbVisitor
alacritty/src/display/color.rs	fill_cube	alacritty/src/config/color.rs	Colors
alacritty/src/display/color.rs	fill_cube	alacritty/src/display/color.rs	Rgb
alacritty/src/display/color.rs	fill_gray_ramp	alacritty/src/config/color.rs	Colors
alacritty/src/display/color.rs	fill_gray_ramp	alacritty/src/display/color.rs	Rgb
alacritty/src/display/color.rs	fill_named	alacritty/src/config/color.rs	Colors
alacritty/src/display/color.rs	from	alacritty/src/config/color.rs	Colors
alacritty/src/display/color.rs	from	alacritty/src/display/color.rs	List
alacritty/src/display/color.rs	from	alacritty/src/display/color.rs	Rgb
alacritty/src/display/color.rs	from_str	alacritty/src/display/color.rs	Rgb
alacritty/src/display/color.rs	mul	alacritty/src/display/color.rs	Rgb
alacritty/src/display/color.rs	visit_str	alacritty/src/display/color.rs	CellRgb
alacritty/src/display/color.rs	visit_str	alacritty/src/display/color.rs	Rgb
alacritty/src/display/content.rs	Hint	alacritty/src/display/content.rs	Hint
alacritty/src/display/content.rs	Hint	alacritty/src/display/content.rs	HintMatches
alacritty/src/display/content.rs	Hint	alacritty/src/display/hint.rs	HintState
alacritty/src/display/content.rs	HintMatches	alacritty/src/display/content.rs	HintMatches
alacritty/src/display/content.rs	HintMatches	alacritty_terminal/src/term/search.rs	Match
alacritty/src/display/content.rs	Item	alacritty/src/display/content.rs	RenderableCell
alacritty/src/display/content.rs	RenderableCell	alacritty/src/display/color.rs	Rgb
alacritty/src/display/content.rs	RenderableCell	alacritty/src/display/content.rs	RenderableCell
alacritty/src/display/content.rs	RenderableCell	alacritty/src/display/content.rs	RenderableCellExtra
alacritty/src/display/content.rs	RenderableCell	alacritty_terminal/src/index.rs	Point
alacritty/src/display/content.rs	RenderableCell	alacritty_terminal/src/term/cell.rs	Flags
alacritty/src/display/content.rs	RenderableCellExtra	alacritty_terminal/src/term/cell.rs	Hyperlink
alacritty/src/display/content.rs	RenderableContent	alacritty/src/config/ui_config.rs	UiConfig
alacritty/src/display/content.rs	RenderableContent	alacritty/src/display/color.rs	List
alacritty/src/display/content.rs	RenderableContent	alacritty/src/display/content.rs	Hint
alacritty/src/display/content.rs	RenderableContent	alacritty/src/display/content.rs	HintMatches
alacritty/src/display/content.rs	RenderableContent	alacritty/src/display/content.rs	RenderableContent
alacritty/src/display/content.rs	RenderableContent	alacritty/src/display/content.rs	RenderableCursor
alacritty/src/display/content.rs	RenderableContent	alacritty/src/display/mod.rs	SizeInfo
alacritty/src/display/content.rs	RenderableContent	alacritty_terminal/src/index.rs	Point
alacritty/src/display/content.rs	RenderableContent	alacritty_terminal/src/term/mod.rs	RenderableContent
alacritty/src/display/content.rs	RenderableContent	alacritty_terminal/src/term/search.rs	Match
alacritty/src/display/content.rs	RenderableCursor	alacritty/src/display/color.rs	Rgb
alacritty/src/display/content.rs	RenderableCursor	alacritty/src/display/content.rs	RenderableCursor
alacritty/src/display/content.rs	RenderableCursor	alacritty/src/display/cursor.rs	IntoRects
alacritty/src/display/content.rs	RenderableCursor	alacritty_terminal/src/index.rs	Point
alacritty/src/display/content.rs	Target	alacritty_terminal/src/term/search.rs	Match
alacritty/src/display/content.rs	advance	alacritty_terminal/src/index.rs	Point
alacritty/src/display/content.rs	color	alacritty/src/display/color.rs	Rgb
alacritty/src/display/content.rs	compute_bg_alpha	alacritty/src/config/ui_config.rs	UiConfig
alacritty/src/display/content.rs	compute_bg_rgb	alacritty/src/display/color.rs	Rgb
alacritty/src/display/content.rs	compute_bg_rgb	alacritty/src/display/content.rs	RenderableContent
alacritty/src/display/content.rs	compute_cell_rgb	alacritty/src/display/color.rs	CellRgb
alacritty/src/display/content.rs	compute_cell_rgb	alacritty/src/display/color.rs	Rgb
alacritty/src/display/content.rs	compute_fg_rgb	alacritty/src/display/color.rs	Rgb
alacritty/src/display/content.rs	compute_fg_rgb	alacritty/src/display/content.rs	RenderableContent
alacritty/src/display/content.rs	compute_fg_rgb	alacritty_terminal/src/term/cell.rs	Flags
alacritty/src/display/content.rs	cursor	alacritty/src/display/content.rs	RenderableCursor
alacritty/src/display/content.rs	from	alacritty/src/display/content.rs	HintMatches
alacritty/src/display/content.rs	from	alacritty/src/display/hint.rs	HintState
alacritty/src/display/content.rs	is_empty	alacritty_terminal/src/term/cell.rs	Flags
alacritty/src/display/content.rs	new	alacritty/src/config/ui_config.rs	UiConfig
alacritty/src/display/content.rs	new	alacritty/src/display/color.rs	Rgb
alacritty/src/display/content.rs	new	alacritty/src/display/content.rs	Hint
alacritty/src/display/content.rs	new	alacritty/src/display/content.rs	HintMatches
alacritty/src/display/content.rs	new	alacritty/src/display/content.rs	RenderableCell
alacritty/src/display/content.rs	new	alacritty/src/display/content.rs	RenderableCellExtra
alacritty/src/display/content.rs	new	alacritty/src/display/content.rs	RenderableContent
alacritty/src/display/content.rs	new	alacritty/src/display/content.rs	RenderableCursor
alacritty/src/display/content.rs	new	alacritty/src/display/mod.rs	Display
alacritty/src/display/content.rs	new	alacritty/src/event.rs	SearchState
alacritty/src/display/content.rs	new	alacritty_terminal/src/event.rs	EventListener
alacritty/src/display/content.rs	new	alacritty_terminal/src/grid/mod.rs	Indexed
alacritty/src/display/content.rs	new	alacritty_terminal/src/index.rs	Column
alacritty/src/display/content.rs	new	alacritty_terminal/src/index.rs	Line
alacritty/src/display/content.rs	new	alacritty_terminal/src/index.rs	Point
alacritty/src/display/content.rs	new	alacritty_terminal/src/term/cell.rs	Cell
alacritty/src/display/content.rs	new	alacritty_terminal/src/term/cell.rs	Flags
alacritty/src/display/content.rs	new	alacritty_terminal/src/term/mod.rs	Term
alacritty/src/display/content.rs	new	alacritty_terminal/src/term/search.rs	Match
alacritty/src/display/content.rs	new_hidden	alacritty/src/display/color.rs	Rgb
alacritty/src/display/content.rs	new_hidden	alacritty_terminal/src/index.rs	Point
alacritty/src/display/content.rs	next	alacritty/src/display/content.rs	RenderableCell
alacritty/src/display/content.rs	next	alacritty_terminal/src/term/cell.rs	Flags
alacritty/src/display/content.rs	point	alacritty_terminal/src/index.rs	Point
alacritty/src/display/content.rs	renderable_cursor	alacritty/src/display/color.rs	CellRgb
alacritty/src/display/content.rs	renderable_cursor	alacritty/src/display/color.rs	Rgb
alacritty/src/display/content.rs	renderable_cursor	alacritty/src/display/content.rs	RenderableCell
alacritty/src/display/content.rs	renderable_cursor	alacritty/src/display/content.rs	RenderableCursor
alacritty/src/display/content.rs	renderable_cursor	alacritty_terminal/src/term/cell.rs	Flags
alacritty/src/display/content.rs	renderable_cursor	alacritty_terminal/src/term/mod.rs	TermMode
alacritty/src/display/content.rs	selection_range	alacritty_terminal/src/selection.rs	SelectionRange
alacritty/src/display/content.rs	visible_regex_matches	alacritty_terminal/src/term/mod.rs	Term
alacritty/src/display/content.rs	visible_regex_matches	alacritty_terminal/src/term/search.rs	RegexSearch
alacritty/src/display/cursor.rs	CursorRects	alacritty/src/display/cursor.rs	CursorRects
alacritty/src/display/cursor.rs	CursorRects	alacritty/src/renderer/rects.rs	RenderRect
alacritty/src/display/cursor.rs	Item	alacritty/src/renderer/rects.rs	RenderRect
alacritty/src/display/cursor.rs	RenderableCursor	alacritty/src/display/content.rs	RenderableCursor
alacritty/src/display/cursor.rs	RenderableCursor	alacritty/src/display/cursor.rs	IntoRects
alacritty/src/display/cursor.rs	beam	alacritty/src/display/color.rs	Rgb
alacritty/src/display/cursor.rs	beam	alacritty/src/display/cursor.rs	CursorRects
alacritty/src/display/cursor.rs	beam	alacritty/src/renderer/rects.rs	RenderRect
alacritty/src/display/cursor.rs	from	alacritty/src/renderer/rects.rs	RenderRect
alacritty/src/display/cursor.rs	hollow	alacritty/src/display/color.rs	Rgb
alacritty/src/display/cursor.rs	hollow	alacritty/src/display/cursor.rs	CursorRects
alacritty/src/display/cursor.rs	hollow	alacritty/src/renderer/rects.rs	RenderRect
alacritty/src/display/cursor.rs	rects	alacritty/src/display/cursor.rs	CursorRects
alacritty/src/display/cursor.rs	rects	alacritty/src/display/mod.rs	SizeInfo
alacritty/src/display/cursor.rs	underline	alacritty/src/display/color.rs	Rgb
alacritty/src/display/cursor.rs	underline	alacritty/src/display/cursor.rs	CursorRects
alacritty/src/display/cursor.rs	underline	alacritty/src/renderer/rects.rs	RenderRect
alacritty/src/display/damage.rs	DamageTracker	alacritty/src/display/damage.rs	DamageTracker
alacritty/src/display/damage.rs	DamageTracker	alacritty/src/display/damage.rs	FrameDamage
alacritty/src/display/damage.rs	DamageTracker	alacritty_terminal/src/index.rs	Point
alacritty/src/display/damage.rs	DamageTracker	alacritty_terminal/src/selection.rs	SelectionRange
alacritty/src/display/damage.rs	FrameDamage	alacritty/src/display/damage.rs	FrameDamage
alacritty/src/display/damage.rs	FrameDamage	alacritty_terminal/src/term/mod.rs	LineDamageBounds
alacritty/src/display/damage.rs	RenderDamageIterator	alacritty/src/display/damage.rs	RenderDamageIterator
alacritty/src/display/damage.rs	RenderDamageIterator	alacritty/src/display/mod.rs	SizeInfo
alacritty/src/display/damage.rs	RenderDamageIterator	alacritty_terminal/src/term/mod.rs	TermDamageIterator
alacritty/src/display/damage.rs	add_viewport_damage	alacritty/src/display/damage.rs	FrameDamage
alacritty/src/display/damage.rs	add_viewport_damage	alacritty/src/display/mod.rs	SizeInfo
alacritty/src/display/damage.rs	add_viewport_rect	alacritty/src/display/mod.rs	SizeInfo
alacritty/src/display/damage.rs	damage_line	alacritty_terminal/src/term/mod.rs	LineDamageBounds
alacritty/src/display/damage.rs	damage_line_outside_viewport	alacritty/src/display/damage.rs	RenderDamageIterator
alacritty/src/display/damage.rs	damage_line_outside_viewport	alacritty/src/display/mod.rs	SizeInfo
alacritty/src/display/damage.rs	damage_line_outside_viewport	alacritty_terminal/src/term/mod.rs	LineDamageBounds
alacritty/src/display/damage.rs	damage_line_outside_viewport	alacritty_terminal/src/term/mod.rs	TermDamageIterator
alacritty/src/display/damage.rs	damage_point	alacritty_terminal/src/index.rs	Point
alacritty/src/display/damage.rs	damage_rect_math	alacritty/src/display/damage.rs	RenderDamageIterator
alacritty/src/display/damage.rs	damage_rect_math	alacritty/src/display/mod.rs	SizeInfo
alacritty/src/display/damage.rs	damage_selection	alacritty_terminal/src/selection.rs	SelectionRange
alacritty/src/display/damage.rs	damage_vi_cursor	alacritty_terminal/src/index.rs	Point
alacritty/src/display/damage.rs	damage_y_to_viewport_y	alacritty/src/display/mod.rs	SizeInfo
alacritty/src/display/damage.rs	frame	alacritty/src/display/damage.rs	FrameDamage
alacritty/src/display/damage.rs	intersects	alacritty_terminal/src/index.rs	Point
alacritty/src/display/damage.rs	new	alacritty/src/display/mod.rs	SizeInfo
alacritty/src/display/damage.rs	new	alacritty_terminal/src/term/mod.rs	TermDamageIterator
alacritty/src/display/damage.rs	next_frame	alacritty/src/display/damage.rs	FrameDamage
alacritty/src/display/damage.rs	overdamage	alacritty/src/display/mod.rs	SizeInfo
alacritty/src/display/damage.rs	rect_for_line	alacritty_terminal/src/term/mod.rs	LineDamageBounds
alacritty/src/display/damage.rs	reset	alacritty_terminal/src/term/mod.rs	LineDamageBounds
alacritty/src/display/damage.rs	shape_frame_damage	alacritty/src/display/damage.rs	RenderDamageIterator
alacritty/src/display/damage.rs	shape_frame_damage	alacritty/src/display/mod.rs	SizeInfo
alacritty/src/display/damage.rs	shape_frame_damage	alacritty_terminal/src/term/mod.rs	TermDamageIterator
alacritty/src/display/damage.rs	viewport_y_to_damage_y	alacritty/src/display/mod.rs	SizeInfo
alacritty/src/display/hint.rs	HintLabels	alacritty/src/display/hint.rs	HintLabels
alacritty/src/display/hint.rs	HintMatch	alacritty/src/config/ui_config.rs	Hint
alacritty/src/display/hint.rs	HintMatch	alacritty/src/display/hint.rs	HintMatch
alacritty/src/display/hint.rs	HintMatch	alacritty_terminal/src/term/cell.rs	Hyperlink
alacritty/src/display/hint.rs	HintMatch	alacritty_terminal/src/term/search.rs	Match
alacritty/src/display/hint.rs	HintPostProcessor	alacritty/src/display/hint.rs	HintPostProcessor
alacritty/src/display/hint.rs	HintPostProcessor	alacritty_terminal/src/index.rs	Point
alacritty/src/display/hint.rs	HintPostProcessor	alacritty_terminal/src/term/mod.rs	Term
alacritty/src/display/hint.rs	HintPostProcessor	alacritty_terminal/src/term/search.rs	Match
alacritty/src/display/hint.rs	HintPostProcessor	alacritty_terminal/src/term/search.rs	RegexSearch
alacritty/src/display/hint.rs	HintState	alacritty/src/config/ui_config.rs	Hint
alacritty/src/display/hint.rs	HintState	alacritty/src/display/hint.rs	HintState
alacritty/src/display/hint.rs	HintState	alacritty_terminal/src/term/search.rs	Match
alacritty/src/display/hint.rs	Item	alacritty_terminal/src/term/search.rs	Match
alacritty/src/display/hint.rs	action	alacritty/src/config/ui_config.rs	HintAction
alacritty/src/display/hint.rs	bounds	alacritty_terminal/src/term/search.rs	Match
alacritty/src/display/hint.rs	closed_bracket_does_not_result_in_infinite_iterator	alacritty/src/display/hint.rs	HintPostProcessor
alacritty/src/display/hint.rs	closed_bracket_does_not_result_in_infinite_iterator	alacritty_terminal/src/index.rs	Column
alacritty/src/display/hint.rs	closed_bracket_does_not_result_in_infinite_iterator	alacritty_terminal/src/index.rs	Line
alacritty/src/display/hint.rs	closed_bracket_does_not_result_in_infinite_iterator	alacritty_terminal/src/index.rs	Point
alacritty/src/display/hint.rs	closed_bracket_does_not_result_in_infinite_iterator	alacritty_terminal/src/term/search.rs	RegexSearch
alacritty/src/display/hint.rs	collect_unique_hyperlinks	alacritty_terminal/src/term/cell.rs	Hyperlink
alacritty/src/display/hint.rs	highlighted_at	alacritty/src/config/ui_config.rs	UiConfig
alacritty/src/display/hint.rs	highlighted_at	alacritty/src/display/hint.rs	HintMatch
alacritty/src/display/hint.rs	highlighted_at	alacritty_terminal/src/index.rs	Point
alacritty/src/display/hint.rs	highlighted_at	alacritty_terminal/src/term/mod.rs	Term
alacritty/src/display/hint.rs	highlighted_at	alacritty_terminal/src/term/mod.rs	TermMode
alacritty/src/display/hint.rs	hint_label_generation	alacritty/src/display/hint.rs	HintLabels
alacritty/src/display/hint.rs	hint_post_processing	alacritty_terminal/src/term/search.rs	Match
alacritty/src/display/hint.rs	hyperlink	alacritty_terminal/src/term/cell.rs	Hyperlink
alacritty/src/display/hint.rs	hyperlink_at	alacritty_terminal/src/index.rs	Point
alacritty/src/display/hint.rs	hyperlink_at	alacritty_terminal/src/term/cell.rs	Hyperlink
alacritty/src/display/hint.rs	hyperlink_at	alacritty_terminal/src/term/mod.rs	Term
alacritty/src/display/hint.rs	hyperlink_at	alacritty_terminal/src/term/search.rs	Match
alacritty/src/display/hint.rs	keyboard_input	alacritty/src/display/hint.rs	HintMatch
alacritty/src/display/hint.rs	keyboard_input	alacritty_terminal/src/term/mod.rs	Term
alacritty/src/display/hint.rs	matches	alacritty_terminal/src/term/search.rs	Match
alacritty/src/display/hint.rs	new	alacritty_terminal/src/term/mod.rs	Term
alacritty/src/display/hint.rs	new	alacritty_terminal/src/term/search.rs	Match
alacritty/src/display/hint.rs	new	alacritty_terminal/src/term/search.rs	RegexSearch
alacritty/src/display/hint.rs	next_processed_match	alacritty_terminal/src/index.rs	Boundary
alacritty/src/display/hint.rs	next_processed_match	alacritty_terminal/src/term/search.rs	Match
alacritty/src/display/hint.rs	regex_match_at	alacritty/src/display/hint.rs	HintPostProcessor
alacritty/src/display/hint.rs	regex_match_at	alacritty_terminal/src/index.rs	Point
alacritty/src/display/hint.rs	regex_match_at	alacritty_terminal/src/term/mod.rs	Term
alacritty/src/display/hint.rs	regex_match_at	alacritty_terminal/src/term/search.rs	Match
alacritty/src/display/hint.rs	regex_match_at	alacritty_terminal/src/term/search.rs	RegexSearch
alacritty/src/display/hint.rs	should_highlight	alacritty_terminal/src/index.rs	Point
alacritty/src/display/hint.rs	should_highlight	alacritty_terminal/src/term/cell.rs	Hyperlink
alacritty/src/display/hint.rs	start	alacritty/src/config/ui_config.rs	Hint
alacritty/src/display/hint.rs	text	alacritty_terminal/src/term/mod.rs	Term
alacritty/src/display/hint.rs	update_matches	alacritty/src/display/hint.rs	HintLabels
alacritty/src/display/hint.rs	update_matches	alacritty/src/display/hint.rs	HintPostProcessor
alacritty/src/display/hint.rs	update_matches	alacritty_terminal/src/term/mod.rs	Term
alacritty/src/display/hint.rs	visible_regex_match_covers_entire_viewport	alacritty_terminal/src/term/search.rs	RegexSearch
alacritty/src/display/hint.rs	visible_regex_match_iter	alacritty_terminal/src/index.rs	Column
alacritty/src/display/hint.rs	visible_regex_match_iter	alacritty_terminal/src/index.rs	Direction
alacritty/src/display/hint.rs	visible_regex_match_iter	alacritty_terminal/src/index.rs	Line
alacritty/src/display/hint.rs	visible_regex_match_iter	alacritty_terminal/src/index.rs	Point
alacritty/src/display/hint.rs	visible_regex_match_iter	alacritty_terminal/src/term/mod.rs	Term
alacritty/src/display/hint.rs	visible_regex_match_iter	alacritty_terminal/src/term/search.rs	Match
alacritty/src/display/hint.rs	visible_regex_match_iter	alacritty_terminal/src/term/search.rs	RegexIter
alacritty/src/display/hint.rs	visible_regex_match_iter	alacritty_terminal/src/term/search.rs	RegexSearch
alacritty/src/display/hint.rs	visible_unique_hyperlinks_iter	alacritty_terminal/src/term/cell.rs	Hyperlink
alacritty/src/display/hint.rs	visible_unique_hyperlinks_iter	alacritty_terminal/src/term/mod.rs	Term
alacritty/src/display/hint.rs	visible_unique_hyperlinks_iter	alacritty_terminal/src/term/search.rs	Match
alacritty/src/display/meter.rs	Meter	alacritty/src/display/meter.rs	Meter
alacritty/src/display/meter.rs	Sampler	alacritty/src/display/meter.rs	Meter
alacritty/src/display/meter.rs	Sampler	alacritty/src/display/meter.rs	Sampler
alacritty/src/display/meter.rs	new	alacritty/src/display/meter.rs	Meter
alacritty/src/display/meter.rs	new	alacritty/src/display/meter.rs	Sampler
alacritty/src/display/meter.rs	sampler	alacritty/src/display/meter.rs	Sampler
alacritty/src/display/mod.rs	DAMAGE_RECT_COLOR	alacritty/src/display/color.rs	Rgb
alacritty/src/display/mod.rs	Display	alacritty/src/config/debug.rs	RendererPreference
alacritty/src/display/mod.rs	Display	alacritty/src/display/bell.rs	VisualBell
alacritty/src/display/mod.rs	Display	alacritty/src/display/color.rs	List
alacritty/src/display/mod.rs	Display	alacritty/src/display/damage.rs	DamageTracker
alacritty/src/display/mod.rs	Display	alacritty/src/display/hint.rs	HintMatch
alacritty/src/display/mod.rs	Display	alacritty/src/display/hint.rs	HintState
alacritty/src/display/mod.rs	Display	alacritty/src/display/meter.rs	Meter
alacritty/src/display/mod.rs	Display	alacritty/src/display/mod.rs	Display
alacritty/src/display/mod.rs	Display	alacritty/src/display/mod.rs	DisplayUpdate
alacritty/src/display/mod.rs	Display	alacritty/src/display/mod.rs	FrameTimer
alacritty/src/display/mod.rs	Display	alacritty/src/display/mod.rs	Ime
alacritty/src/display/mod.rs	Display	alacritty/src/display/mod.rs	RendererUpdate
alacritty/src/display/mod.rs	Display	alacritty/src/display/mod.rs	SizeInfo
alacritty/src/display/mod.rs	Display	alacritty/src/display/window.rs	Window
alacritty/src/display/mod.rs	Display	alacritty/src/renderer/mod.rs	Renderer
alacritty/src/display/mod.rs	Display	alacritty/src/renderer/text/glyph_cache.rs	GlyphCache
alacritty/src/display/mod.rs	Display	alacritty_terminal/src/index.rs	Point
alacritty/src/display/mod.rs	DisplayUpdate	alacritty/src/config/font.rs	Font
alacritty/src/display/mod.rs	DisplayUpdate	alacritty/src/display/mod.rs	DisplayUpdate
alacritty/src/display/mod.rs	Error	alacritty/src/display/mod.rs	Error
alacritty/src/display/mod.rs	Error	alacritty/src/display/window.rs	Error
alacritty/src/display/mod.rs	Error	alacritty/src/renderer/mod.rs	Error
alacritty/src/display/mod.rs	FrameTimer	alacritty/src/display/mod.rs	FrameTimer
alacritty/src/display/mod.rs	Ime	alacritty/src/display/mod.rs	Ime
alacritty/src/display/mod.rs	Ime	alacritty/src/display/mod.rs	Preedit
alacritty/src/display/mod.rs	Preedit	alacritty/src/display/mod.rs	Preedit
alacritty/src/display/mod.rs	SizeInfo	alacritty/src/display/mod.rs	SizeInfo
alacritty/src/display/mod.rs	SizeInfo	alacritty_terminal/src/grid/mod.rs	Dimensions
alacritty/src/display/mod.rs	WindowSize	alacritty/src/display/mod.rs	SizeInfo
alacritty/src/display/mod.rs	WindowSize	alacritty_terminal/src/event.rs	WindowSize
alacritty/src/display/mod.rs	compute_cell_size	alacritty/src/config/ui_config.rs	UiConfig
alacritty/src/display/mod.rs	draw	alacritty/src/config/ui_config.rs	UiConfig
alacritty/src/display/mod.rs	draw	alacritty/src/display/content.rs	RenderableContent
alacritty/src/display/mod.rs	draw	alacritty/src/display/content.rs	RenderableCursor
alacritty/src/display/mod.rs	draw	alacritty/src/display/hint.rs	HintMatch
alacritty/src/display/mod.rs	draw	alacritty/src/event.rs	SearchState
alacritty/src/display/mod.rs	draw	alacritty/src/message_bar.rs	MessageBuffer
alacritty/src/display/mod.rs	draw	alacritty/src/message_bar.rs	MessageType
alacritty/src/display/mod.rs	draw	alacritty/src/renderer/rects.rs	RenderLines
alacritty/src/display/mod.rs	draw	alacritty/src/renderer/rects.rs	RenderRect
alacritty/src/display/mod.rs	draw	alacritty/src/scheduler.rs	Scheduler
alacritty/src/display/mod.rs	draw	alacritty_terminal/src/event.rs	EventListener
alacritty/src/display/mod.rs	draw	alacritty_terminal/src/index.rs	Column
alacritty/src/display/mod.rs	draw	alacritty_terminal/src/index.rs	Direction
alacritty/src/display/mod.rs	draw	alacritty_terminal/src/index.rs	Point
alacritty/src/display/mod.rs	draw	alacritty_terminal/src/term/cell.rs	Flags
alacritty/src/display/mod.rs	draw	alacritty_terminal/src/term/mod.rs	Term
alacritty/src/display/mod.rs	draw	alacritty_terminal/src/term/mod.rs	TermDamage
alacritty/src/display/mod.rs	draw	alacritty_terminal/src/term/mod.rs	TermMode
alacritty/src/display/mod.rs	draw_hyperlink_preview	alacritty/src/config/ui_config.rs	UiConfig
alacritty/src/display/mod.rs	draw_hyperlink_preview	alacritty/src/string.rs	ShortenDirection
alacritty/src/display/mod.rs	draw_hyperlink_preview	alacritty/src/string.rs	StrShortener
alacritty/src/display/mod.rs	draw_hyperlink_preview	alacritty_terminal/src/index.rs	Column
alacritty/src/display/mod.rs	draw_hyperlink_preview	alacritty_terminal/src/index.rs	Line
alacritty/src/display/mod.rs	draw_hyperlink_preview	alacritty_terminal/src/index.rs	Point
alacritty/src/display/mod.rs	draw_hyperlink_preview	alacritty_terminal/src/term/mod.rs	LineDamageBounds
alacritty/src/display/mod.rs	draw_ime_preview	alacritty/src/config/ui_config.rs	UiConfig
alacritty/src/display/mod.rs	draw_ime_preview	alacritty/src/display/color.rs	Rgb
alacritty/src/display/mod.rs	draw_ime_preview	alacritty/src/display/content.rs	RenderableCursor
alacritty/src/display/mod.rs	draw_ime_preview	alacritty/src/renderer/rects.rs	RenderLine
alacritty/src/display/mod.rs	draw_ime_preview	alacritty/src/renderer/rects.rs	RenderRect
alacritty/src/display/mod.rs	draw_ime_preview	alacritty/src/string.rs	ShortenDirection
alacritty/src/display/mod.rs	draw_ime_preview	alacritty/src/string.rs	StrShortener
alacritty/src/display/mod.rs	draw_ime_preview	alacritty_terminal/src/index.rs	Column
alacritty/src/display/mod.rs	draw_ime_preview	alacritty_terminal/src/index.rs	Point
alacritty/src/display/mod.rs	draw_ime_preview	alacritty_terminal/src/term/cell.rs	Flags
alacritty/src/display/mod.rs	draw_ime_preview	alacritty_terminal/src/term/mod.rs	LineDamageBounds
alacritty/src/display/mod.rs	draw_line_indicator	alacritty/src/config/ui_config.rs	UiConfig
alacritty/src/display/mod.rs	draw_line_indicator	alacritty_terminal/src/index.rs	Column
alacritty/src/display/mod.rs	draw_line_indicator	alacritty_terminal/src/index.rs	Point
alacritty/src/display/mod.rs	draw_line_indicator	alacritty_terminal/src/term/mod.rs	LineDamageBounds
alacritty/src/display/mod.rs	draw_render_timer	alacritty/src/config/ui_config.rs	UiConfig
alacritty/src/display/mod.rs	draw_render_timer	alacritty_terminal/src/index.rs	Column
alacritty/src/display/mod.rs	draw_render_timer	alacritty_terminal/src/index.rs	Point
alacritty/src/display/mod.rs	draw_render_timer	alacritty_terminal/src/term/mod.rs	LineDamageBounds
alacritty/src/display/mod.rs	draw_search	alacritty/src/config/ui_config.rs	UiConfig
alacritty/src/display/mod.rs	draw_search	alacritty_terminal/src/index.rs	Column
alacritty/src/display/mod.rs	draw_search	alacritty_terminal/src/index.rs	Point
alacritty/src/display/mod.rs	fmt	alacritty/src/display/mod.rs	Error
alacritty/src/display/mod.rs	font	alacritty/src/config/font.rs	Font
alacritty/src/display/mod.rs	format_search	alacritty/src/string.rs	ShortenDirection
alacritty/src/display/mod.rs	format_search	alacritty/src/string.rs	StrShortener
alacritty/src/display/mod.rs	from	alacritty/src/display/mod.rs	Error
alacritty/src/display/mod.rs	from	alacritty/src/display/mod.rs	SizeInfo
alacritty/src/display/mod.rs	from	alacritty/src/display/window.rs	Error
alacritty/src/display/mod.rs	from	alacritty/src/renderer/mod.rs	Error
alacritty/src/display/mod.rs	handle_update	alacritty/src/config/ui_config.rs	UiConfig
alacritty/src/display/mod.rs	handle_update	alacritty/src/display/mod.rs	SizeInfo
alacritty/src/display/mod.rs	handle_update	alacritty/src/event.rs	SearchState
alacritty/src/display/mod.rs	handle_update	alacritty/src/message_bar.rs	MessageBuffer
alacritty/src/display/mod.rs	handle_update	alacritty_terminal/src/event.rs	EventListener
alacritty/src/display/mod.rs	handle_update	alacritty_terminal/src/event.rs	OnResize
alacritty/src/display/mod.rs	handle_update	alacritty_terminal/src/term/mod.rs	Term
alacritty/src/display/mod.rs	highlight_damage	alacritty/src/renderer/rects.rs	RenderRect
alacritty/src/display/mod.rs	make_current	alacritty/src/renderer/mod.rs	Renderer
alacritty/src/display/mod.rs	new	alacritty/src/config/ui_config.rs	UiConfig
alacritty/src/display/mod.rs	new	alacritty/src/config/window.rs	StartupMode
alacritty/src/display/mod.rs	new	alacritty/src/display/bell.rs	VisualBell
alacritty/src/display/mod.rs	new	alacritty/src/display/color.rs	List
alacritty/src/display/mod.rs	new	alacritty/src/display/damage.rs	DamageTracker
alacritty/src/display/mod.rs	new	alacritty/src/display/hint.rs	HintState
alacritty/src/display/mod.rs	new	alacritty/src/display/mod.rs	Display
alacritty/src/display/mod.rs	new	alacritty/src/display/mod.rs	Error
alacritty/src/display/mod.rs	new	alacritty/src/display/mod.rs	FrameTimer
alacritty/src/display/mod.rs	new	alacritty/src/display/mod.rs	SizeInfo
alacritty/src/display/mod.rs	new	alacritty/src/display/window.rs	Window
alacritty/src/display/mod.rs	new	alacritty/src/renderer/mod.rs	Renderer
alacritty/src/display/mod.rs	new	alacritty/src/renderer/text/glyph_cache.rs	GlyphCache
alacritty/src/display/mod.rs	preedit	alacritty/src/display/mod.rs	Preedit
alacritty/src/display/mod.rs	request_frame	alacritty/src/event.rs	Event
alacritty/src/display/mod.rs	request_frame	alacritty/src/event.rs	EventType
alacritty/src/display/mod.rs	request_frame	alacritty/src/scheduler.rs	Scheduler
alacritty/src/display/mod.rs	request_frame	alacritty/src/scheduler.rs	TimerId
alacritty/src/display/mod.rs	request_frame	alacritty/src/scheduler.rs	Topic
alacritty/src/display/mod.rs	set_font	alacritty/src/config/font.rs	Font
alacritty/src/display/mod.rs	set_preedit	alacritty/src/display/mod.rs	Preedit
alacritty/src/display/mod.rs	source	alacritty/src/display/mod.rs	Error
alacritty/src/display/mod.rs	update_config	alacritty/src/config/ui_config.rs	UiConfig
alacritty/src/display/mod.rs	update_config	alacritty/src/display/color.rs	List
alacritty/src/display/mod.rs	update_font_size	alacritty/src/config/font.rs	Font
alacritty/src/display/mod.rs	update_font_size	alacritty/src/config/ui_config.rs	UiConfig
alacritty/src/display/mod.rs	update_font_size	alacritty/src/renderer/text/glyph_cache.rs	GlyphCache
alacritty/src/display/mod.rs	update_highlighted_hints	alacritty/src/config/ui_config.rs	UiConfig
alacritty/src/display/mod.rs	update_highlighted_hints	alacritty/src/event.rs	Mouse
alacritty/src/display/mod.rs	update_highlighted_hints	alacritty_terminal/src/selection.rs	Selection
alacritty/src/display/mod.rs	update_highlighted_hints	alacritty_terminal/src/term/mod.rs	Term
alacritty/src/display/mod.rs	update_highlighted_hints	alacritty_terminal/src/term/mod.rs	TermMode
alacritty/src/display/mod.rs	validate_hint_highlights	alacritty_terminal/src/index.rs	Point
alacritty/src/display/mod.rs	window_size	alacritty/src/config/ui_config.rs	UiConfig
alacritty/src/display/mod.rs	window_size	alacritty/src/config/window.rs	Dimensions
alacritty/src/display/window.rs	Error	alacritty/src/display/window.rs	Error
alacritty/src/display/window.rs	Result	alacritty/src/display/window.rs	Error
alacritty/src/display/window.rs	Window	alacritty/src/display/window.rs	ImeInhibitor
alacritty/src/display/window.rs	Window	alacritty/src/display/window.rs	Window
alacritty/src/display/window.rs	fmt	alacritty/src/display/window.rs	Error
alacritty/src/display/window.rs	from	alacritty/src/display/window.rs	Error
alacritty/src/display/window.rs	get_platform_window	alacritty/src/config/window.rs	Decorations
alacritty/src/display/window.rs	get_platform_window	alacritty/src/config/window.rs	Identity
alacritty/src/display/window.rs	get_platform_window	alacritty/src/config/window.rs	WindowConfig
alacritty/src/display/window.rs	new	alacritty/src/cli.rs	WindowOptions
alacritty/src/display/window.rs	new	alacritty/src/config/ui_config.rs	UiConfig
alacritty/src/display/window.rs	new	alacritty/src/config/window.rs	Identity
alacritty/src/display/window.rs	new	alacritty/src/display/window.rs	Result
alacritty/src/display/window.rs	new	alacritty/src/display/window.rs	Window
alacritty/src/display/window.rs	set_ime_inhibitor	alacritty/src/display/window.rs	ImeInhibitor
alacritty/src/display/window.rs	source	alacritty/src/display/window.rs	Error
alacritty/src/display/window.rs	update_ime_position	alacritty/src/display/mod.rs	SizeInfo
alacritty/src/display/window.rs	update_ime_position	alacritty_terminal/src/index.rs	Point
alacritty/src/event.rs	ActionContext	alacritty/src/clipboard.rs	Clipboard
alacritty/src/event.rs	ActionContext	alacritty/src/config/ui_config.rs	UiConfig
alacritty/src/event.rs	ActionContext	alacritty/src/display/mod.rs	Display
alacritty/src/event.rs	ActionContext	alacritty/src/event.rs	ActionContext
alacritty/src/event.rs	ActionContext	alacritty/src/event.rs	Event
alacritty/src/event.rs	ActionContext	alacritty/src/event.rs	InlineSearchState
alacritty/src/event.rs	ActionContext	alacritty/src/event.rs	Mouse
alacritty/src/event.rs	ActionContext	alacritty/src/event.rs	SearchState
alacritty/src/event.rs	ActionContext	alacritty/src/event.rs	TouchPurpose
alacritty/src/event.rs	ActionContext	alacritty/src/input/mod.rs	ActionContext
alacritty/src/event.rs	ActionContext	alacritty/src/message_bar.rs	MessageBuffer
alacritty/src/event.rs	ActionContext	alacritty/src/scheduler.rs	Scheduler
alacritty/src/event.rs	ActionContext	alacritty_terminal/src/event.rs	EventListener
alacritty/src/event.rs	ActionContext	alacritty_terminal/src/event.rs	Notify
alacritty/src/event.rs	ActionContext	alacritty_terminal/src/term/mod.rs	Term
alacritty/src/event.rs	Event	alacritty/src/event.rs	Event
alacritty/src/event.rs	Event	alacritty/src/event.rs	EventType
alacritty/src/event.rs	EventProxy	alacritty/src/event.rs	Event
alacritty/src/event.rs	EventProxy	alacritty/src/event.rs	EventProxy
alacritty/src/event.rs	EventProxy	alacritty_terminal/src/event.rs	EventListener
alacritty/src/event.rs	EventType	alacritty/src/cli.rs	IpcConfig
alacritty/src/event.rs	EventType	alacritty/src/cli.rs	WindowOptions
alacritty/src/event.rs	EventType	alacritty/src/event.rs	EventType
alacritty/src/event.rs	EventType	alacritty/src/message_bar.rs	Message
alacritty/src/event.rs	EventType	alacritty_terminal/src/event.rs	Event
alacritty/src/event.rs	EventType	alacritty_terminal/src/grid/mod.rs	Scroll
alacritty/src/event.rs	InlineSearchState	alacritty/src/event.rs	InlineSearchState
alacritty/src/event.rs	InlineSearchState	alacritty_terminal/src/index.rs	Direction
alacritty/src/event.rs	Mouse	alacritty/src/event.rs	AccumulatedScroll
alacritty/src/event.rs	Mouse	alacritty/src/event.rs	ClickState
alacritty/src/event.rs	Mouse	alacritty/src/event.rs	Mouse
alacritty/src/event.rs	Mouse	alacritty_terminal/src/index.rs	Side
alacritty/src/event.rs	Processor	alacritty/src/cli.rs	Options
alacritty/src/event.rs	Processor	alacritty/src/cli.rs	ParsedOptions
alacritty/src/event.rs	Processor	alacritty/src/cli.rs	WindowOptions
alacritty/src/event.rs	Processor	alacritty/src/clipboard.rs	Clipboard
alacritty/src/event.rs	Processor	alacritty/src/config/monitor.rs	ConfigMonitor
alacritty/src/event.rs	Processor	alacritty/src/config/ui_config.rs	UiConfig
alacritty/src/event.rs	Processor	alacritty/src/event.rs	Event
alacritty/src/event.rs	Processor	alacritty/src/event.rs	Processor
alacritty/src/event.rs	Processor	alacritty/src/scheduler.rs	Scheduler
alacritty/src/event.rs	Processor	alacritty/src/window_context.rs	WindowContext
alacritty/src/event.rs	SearchState	alacritty/src/event.rs	SearchState
alacritty/src/event.rs	SearchState	alacritty_terminal/src/index.rs	Direction
alacritty/src/event.rs	SearchState	alacritty_terminal/src/index.rs	Point
alacritty/src/event.rs	SearchState	alacritty_terminal/src/term/search.rs	Match
alacritty/src/event.rs	SearchState	alacritty_terminal/src/term/search.rs	RegexSearch
alacritty/src/event.rs	TouchPurpose	alacritty/src/event.rs	TouchZoom
alacritty/src/event.rs	TouchZoom	alacritty/src/event.rs	TouchZoom
alacritty/src/event.rs	WinitEvent	alacritty/src/event.rs	Event
alacritty/src/event.rs	advance_search_origin	alacritty_terminal/src/grid/mod.rs	Scroll
alacritty/src/event.rs	advance_search_origin	alacritty_terminal/src/index.rs	Boundary
alacritty/src/event.rs	advance_search_origin	alacritty_terminal/src/index.rs	Direction
alacritty/src/event.rs	cancel_search	alacritty_terminal/src/index.rs	Side
alacritty/src/event.rs	cancel_search	alacritty_terminal/src/selection.rs	SelectionType
alacritty/src/event.rs	cancel_search	alacritty_terminal/src/term/mod.rs	ClipboardType
alacritty/src/event.rs	cancel_search	alacritty_terminal/src/term/mod.rs	TermMode
alacritty/src/event.rs	clipboard_mut	alacritty/src/clipboard.rs	Clipboard
alacritty/src/event.rs	config	alacritty/src/config/ui_config.rs	UiConfig
alacritty/src/event.rs	confirm_search	alacritty/src/scheduler.rs	TimerId
alacritty/src/event.rs	confirm_search	alacritty/src/scheduler.rs	Topic
alacritty/src/event.rs	confirm_search	alacritty_terminal/src/term/mod.rs	TermMode
alacritty/src/event.rs	copy_selection	alacritty_terminal/src/term/mod.rs	ClipboardType
alacritty/src/event.rs	create_initial_window	alacritty/src/cli.rs	WindowOptions
alacritty/src/event.rs	create_initial_window	alacritty/src/window_context.rs	WindowContext
alacritty/src/event.rs	create_new_window	alacritty/src/cli.rs	WindowOptions
alacritty/src/event.rs	create_new_window	alacritty/src/event.rs	Event
alacritty/src/event.rs	create_new_window	alacritty/src/event.rs	EventType
alacritty/src/event.rs	create_window	alacritty/src/cli.rs	WindowOptions
alacritty/src/event.rs	create_window	alacritty/src/window_context.rs	WindowContext
alacritty/src/event.rs	default	alacritty/src/event.rs	ClickState
alacritty/src/event.rs	default	alacritty/src/event.rs	Mouse
alacritty/src/event.rs	default	alacritty_terminal/src/index.rs	Direction
alacritty/src/event.rs	default	alacritty_terminal/src/index.rs	Side
alacritty/src/event.rs	dfas	alacritty_terminal/src/term/search.rs	RegexSearch
alacritty/src/event.rs	direction	alacritty_terminal/src/index.rs	Direction
alacritty/src/event.rs	display	alacritty/src/display/mod.rs	Display
alacritty/src/event.rs	exit_search	alacritty/src/display/window.rs	ImeInhibitor
alacritty/src/event.rs	exit_search	alacritty_terminal/src/term/mod.rs	TermMode
alacritty/src/event.rs	exiting	alacritty/src/clipboard.rs	Clipboard
alacritty/src/event.rs	expand_selection	alacritty/src/event.rs	ClickState
alacritty/src/event.rs	expand_selection	alacritty_terminal/src/selection.rs	SelectionType
alacritty/src/event.rs	expand_selection	alacritty_terminal/src/term/mod.rs	TermMode
alacritty/src/event.rs	focused_match	alacritty_terminal/src/term/search.rs	Match
alacritty/src/event.rs	from	alacritty/src/event.rs	Event
alacritty/src/event.rs	from	alacritty_terminal/src/event.rs	Event
alacritty/src/event.rs	goto_match	alacritty/src/event.rs	Event
alacritty/src/event.rs	goto_match	alacritty/src/event.rs	EventType
alacritty/src/event.rs	goto_match	alacritty/src/scheduler.rs	TimerId
alacritty/src/event.rs	goto_match	alacritty/src/scheduler.rs	Topic
alacritty/src/event.rs	goto_match	alacritty_terminal/src/index.rs	Boundary
alacritty/src/event.rs	goto_match	alacritty_terminal/src/index.rs	Side
alacritty/src/event.rs	goto_match	alacritty_terminal/src/term/mod.rs	TermMode
alacritty/src/event.rs	handle_event	alacritty/src/display/color.rs	Rgb
alacritty/src/event.rs	handle_event	alacritty/src/display/mod.rs	Preedit
alacritty/src/event.rs	handle_event	alacritty/src/display/window.rs	ImeInhibitor
alacritty/src/event.rs	handle_event	alacritty/src/event.rs	Event
alacritty/src/event.rs	handle_event	alacritty/src/event.rs	EventType
alacritty/src/event.rs	handle_event	alacritty/src/scheduler.rs	TimerId
alacritty/src/event.rs	handle_event	alacritty/src/scheduler.rs	Topic
alacritty/src/event.rs	handle_event	alacritty_terminal/src/event.rs	Event
alacritty/src/event.rs	handle_event	alacritty_terminal/src/term/mod.rs	TermMode
alacritty/src/event.rs	inline_search	alacritty_terminal/src/index.rs	Direction
alacritty/src/event.rs	inline_search_input	alacritty/src/display/window.rs	ImeInhibitor
alacritty/src/event.rs	inline_search_state	alacritty/src/event.rs	InlineSearchState
alacritty/src/event.rs	input	alacritty/src/event.rs	ActionContext
alacritty/src/event.rs	input	alacritty/src/event.rs	EventProxy
alacritty/src/event.rs	input	alacritty/src/input/mod.rs	Processor
alacritty/src/event.rs	input	alacritty_terminal/src/event_loop.rs	Notifier
alacritty/src/event.rs	message	alacritty/src/message_bar.rs	Message
alacritty/src/event.rs	mouse	alacritty/src/event.rs	Mouse
alacritty/src/event.rs	mouse_mode	alacritty_terminal/src/term/mod.rs	TermMode
alacritty/src/event.rs	mouse_mut	alacritty/src/event.rs	Mouse
alacritty/src/event.rs	new	alacritty/src/cli.rs	Options
alacritty/src/event.rs	new	alacritty/src/clipboard.rs	Clipboard
alacritty/src/event.rs	new	alacritty/src/config/monitor.rs	ConfigMonitor
alacritty/src/event.rs	new	alacritty/src/config/ui_config.rs	UiConfig
alacritty/src/event.rs	new	alacritty/src/event.rs	Event
alacritty/src/event.rs	new	alacritty/src/event.rs	EventType
alacritty/src/event.rs	new	alacritty/src/event.rs	Processor
alacritty/src/event.rs	new	alacritty/src/scheduler.rs	Scheduler
alacritty/src/event.rs	on_terminal_input_start	alacritty_terminal/src/grid/mod.rs	Scroll
alacritty/src/event.rs	on_typing_start	alacritty/src/scheduler.rs	TimerId
alacritty/src/event.rs	on_typing_start	alacritty/src/scheduler.rs	Topic
alacritty/src/event.rs	paste	alacritty_terminal/src/term/mod.rs	TermMode
alacritty/src/event.rs	point	alacritty/src/display/mod.rs	SizeInfo
alacritty/src/event.rs	point	alacritty_terminal/src/index.rs	Column
alacritty/src/event.rs	point	alacritty_terminal/src/index.rs	Point
alacritty/src/event.rs	run	alacritty/src/event.rs	Event
alacritty/src/event.rs	schedule_blinking	alacritty/src/event.rs	Event
alacritty/src/event.rs	schedule_blinking	alacritty/src/event.rs	EventType
alacritty/src/event.rs	schedule_blinking	alacritty/src/scheduler.rs	TimerId
alacritty/src/event.rs	schedule_blinking	alacritty/src/scheduler.rs	Topic
alacritty/src/event.rs	schedule_blinking_timeout	alacritty/src/event.rs	Event
alacritty/src/event.rs	schedule_blinking_timeout	alacritty/src/event.rs	EventType
alacritty/src/event.rs	schedule_blinking_timeout	alacritty/src/scheduler.rs	TimerId
alacritty/src/event.rs	schedule_blinking_timeout	alacritty/src/scheduler.rs	Topic
alacritty/src/event.rs	scheduler_mut	alacritty/src/scheduler.rs	Scheduler
alacritty/src/event.rs	scroll	alacritty_terminal/src/grid/mod.rs	Scroll
alacritty/src/event.rs	scroll	alacritty_terminal/src/index.rs	Side
alacritty/src/event.rs	scroll	alacritty_terminal/src/term/mod.rs	TermMode
alacritty/src/event.rs	search_direction	alacritty_terminal/src/index.rs	Direction
alacritty/src/event.rs	search_input	alacritty_terminal/src/term/mod.rs	TermMode
alacritty/src/event.rs	search_next	alacritty_terminal/src/index.rs	Direction
alacritty/src/event.rs	search_next	alacritty_terminal/src/index.rs	Point
alacritty/src/event.rs	search_next	alacritty_terminal/src/index.rs	Side
alacritty/src/event.rs	search_next	alacritty_terminal/src/term/search.rs	Match
alacritty/src/event.rs	search_reset_state	alacritty/src/scheduler.rs	TimerId
alacritty/src/event.rs	search_reset_state	alacritty/src/scheduler.rs	Topic
alacritty/src/event.rs	search_reset_state	alacritty_terminal/src/grid/mod.rs	Scroll
alacritty/src/event.rs	search_reset_state	alacritty_terminal/src/term/mod.rs	TermMode
alacritty/src/event.rs	selection_is_empty	alacritty_terminal/src/selection.rs	Selection
alacritty/src/event.rs	semantic_word	alacritty_terminal/src/index.rs	Boundary
alacritty/src/event.rs	semantic_word	alacritty_terminal/src/index.rs	Point
alacritty/src/event.rs	semantic_word	alacritty_terminal/src/term/cell.rs	Flags
alacritty/src/event.rs	send_event	alacritty/src/event.rs	Event
alacritty/src/event.rs	send_event	alacritty/src/event.rs	EventType
alacritty/src/event.rs	send_event	alacritty_terminal/src/event.rs	Event
alacritty/src/event.rs	size_info	alacritty/src/display/mod.rs	SizeInfo
alacritty/src/event.rs	start_inline_search	alacritty_terminal/src/index.rs	Direction
alacritty/src/event.rs	start_search	alacritty/src/display/window.rs	ImeInhibitor
alacritty/src/event.rs	start_search	alacritty_terminal/src/index.rs	Column
alacritty/src/event.rs	start_search	alacritty_terminal/src/index.rs	Direction
alacritty/src/event.rs	start_search	alacritty_terminal/src/index.rs	Line
alacritty/src/event.rs	start_search	alacritty_terminal/src/index.rs	Point
alacritty/src/event.rs	start_search	alacritty_terminal/src/term/mod.rs	TermMode
alacritty/src/event.rs	start_seeded_search	alacritty_terminal/src/index.rs	Boundary
alacritty/src/event.rs	start_seeded_search	alacritty_terminal/src/index.rs	Direction
alacritty/src/event.rs	start_seeded_search	alacritty_terminal/src/index.rs	Side
alacritty/src/event.rs	start_seeded_search	alacritty_terminal/src/term/mod.rs	TermMode
alacritty/src/event.rs	start_selection	alacritty_terminal/src/index.rs	Point
alacritty/src/event.rs	start_selection	alacritty_terminal/src/index.rs	Side
alacritty/src/event.rs	start_selection	alacritty_terminal/src/selection.rs	Selection
alacritty/src/event.rs	start_selection	alacritty_terminal/src/selection.rs	SelectionType
alacritty/src/event.rs	start_selection	alacritty_terminal/src/term/mod.rs	ClipboardType
alacritty/src/event.rs	terminal	alacritty_terminal/src/term/mod.rs	Term
alacritty/src/event.rs	terminal_mut	alacritty_terminal/src/term/mod.rs	Term
alacritty/src/event.rs	toggle_selection	alacritty_terminal/src/index.rs	Point
alacritty/src/event.rs	toggle_selection	alacritty_terminal/src/index.rs	Side
alacritty/src/event.rs	toggle_selection	alacritty_terminal/src/selection.rs	SelectionType
alacritty/src/event.rs	toggle_selection	alacritty_terminal/src/term/mod.rs	ClipboardType
alacritty/src/event.rs	toggle_vi_mode	alacritty/src/display/window.rs	ImeInhibitor
alacritty/src/event.rs	toggle_vi_mode	alacritty_terminal/src/term/mod.rs	TermMode
alacritty/src/event.rs	touch_purpose	alacritty/src/event.rs	TouchPurpose
alacritty/src/event.rs	trigger_hint	alacritty/src/config/ui_config.rs	HintAction
alacritty/src/event.rs	trigger_hint	alacritty/src/config/ui_config.rs	HintInternalAction
alacritty/src/event.rs	trigger_hint	alacritty/src/display/hint.rs	HintMatch
alacritty/src/event.rs	trigger_hint	alacritty_terminal/src/index.rs	Side
alacritty/src/event.rs	trigger_hint	alacritty_terminal/src/selection.rs	SelectionType
alacritty/src/event.rs	trigger_hint	alacritty_terminal/src/term/mod.rs	ClipboardType
alacritty/src/event.rs	trigger_hint	alacritty_terminal/src/term/mod.rs	TermMode
alacritty/src/event.rs	update_cursor_blinking	alacritty/src/scheduler.rs	TimerId
alacritty/src/event.rs	update_cursor_blinking	alacritty/src/scheduler.rs	Topic
alacritty/src/event.rs	update_cursor_blinking	alacritty_terminal/src/term/mod.rs	TermMode
alacritty/src/event.rs	update_search	alacritty_terminal/src/term/search.rs	RegexSearch
alacritty/src/event.rs	update_selection	alacritty_terminal/src/index.rs	Point
alacritty/src/event.rs	update_selection	alacritty_terminal/src/index.rs	Side
alacritty/src/event.rs	update_selection	alacritty_terminal/src/term/mod.rs	TermMode
alacritty/src/event.rs	user_event	alacritty/src/cli.rs	ParsedOptions
alacritty/src/event.rs	user_event	alacritty/src/config/monitor.rs	ConfigMonitor
alacritty/src/event.rs	user_event	alacritty/src/event.rs	Event
alacritty/src/event.rs	user_event	alacritty/src/event.rs	EventType
alacritty/src/event.rs	user_event	alacritty/src/polling/ipc.rs	SocketReply
alacritty/src/event.rs	user_event	alacritty_terminal/src/event.rs	Event
alacritty/src/event.rs	window	alacritty/src/display/window.rs	Window
alacritty/src/input/keyboard.rs	Processor	alacritty/src/input/mod.rs	ActionContext
alacritty/src/input/keyboard.rs	Processor	alacritty/src/input/mod.rs	Processor
alacritty/src/input/keyboard.rs	Processor	alacritty_terminal/src/event.rs	EventListener
alacritty/src/input/keyboard.rs	SequenceBase	alacritty/src/input/keyboard.rs	SequenceBase
alacritty/src/input/keyboard.rs	SequenceBase	alacritty/src/input/keyboard.rs	SequenceTerminator
alacritty/src/input/keyboard.rs	SequenceBuilder	alacritty/src/input/keyboard.rs	SequenceBuilder
alacritty/src/input/keyboard.rs	SequenceBuilder	alacritty/src/input/keyboard.rs	SequenceModifiers
alacritty/src/input/keyboard.rs	SequenceBuilder	alacritty_terminal/src/term/mod.rs	TermMode
alacritty/src/input/keyboard.rs	SequenceModifiers	alacritty/src/input/keyboard.rs	SequenceModifiers
alacritty/src/input/keyboard.rs	SequenceTerminator	alacritty/src/input/keyboard.rs	SequenceTerminator
alacritty/src/input/keyboard.rs	build_sequence	alacritty/src/input/keyboard.rs	SequenceBase
alacritty/src/input/keyboard.rs	build_sequence	alacritty/src/input/keyboard.rs	SequenceBuilder
alacritty/src/input/keyboard.rs	build_sequence	alacritty_terminal/src/term/mod.rs	TermMode
alacritty/src/input/keyboard.rs	encode_esc_sequence	alacritty/src/input/keyboard.rs	SequenceTerminator
alacritty/src/input/keyboard.rs	key_input	alacritty/src/display/window.rs	ImeInhibitor
alacritty/src/input/keyboard.rs	key_input	alacritty_terminal/src/term/mod.rs	TermMode
alacritty/src/input/keyboard.rs	key_release	alacritty_terminal/src/term/mod.rs	TermMode
alacritty/src/input/keyboard.rs	new	alacritty/src/input/keyboard.rs	SequenceTerminator
alacritty/src/input/keyboard.rs	process_key_bindings	alacritty/src/config/bindings.rs	Action
alacritty/src/input/keyboard.rs	process_key_bindings	alacritty/src/config/bindings.rs	BindingKey
alacritty/src/input/keyboard.rs	process_key_bindings	alacritty/src/config/bindings.rs	BindingMode
alacritty/src/input/keyboard.rs	process_key_bindings	alacritty/src/config/bindings.rs	KeyBinding
alacritty/src/input/keyboard.rs	reset_search_delay	alacritty/src/scheduler.rs	TimerId
alacritty/src/input/keyboard.rs	reset_search_delay	alacritty/src/scheduler.rs	Topic
alacritty/src/input/keyboard.rs	should_build_sequence	alacritty_terminal/src/term/mod.rs	TermMode
alacritty/src/input/keyboard.rs	try_build_control_char_or_mod	alacritty/src/input/keyboard.rs	SequenceBase
alacritty/src/input/keyboard.rs	try_build_control_char_or_mod	alacritty/src/input/keyboard.rs	SequenceModifiers
alacritty/src/input/keyboard.rs	try_build_control_char_or_mod	alacritty/src/input/keyboard.rs	SequenceTerminator
alacritty/src/input/keyboard.rs	try_build_named_kitty	alacritty/src/input/keyboard.rs	SequenceBase
alacritty/src/input/keyboard.rs	try_build_named_kitty	alacritty/src/input/keyboard.rs	SequenceTerminator
alacritty/src/input/keyboard.rs	try_build_named_normal	alacritty/src/input/keyboard.rs	SequenceBase
alacritty/src/input/keyboard.rs	try_build_named_normal	alacritty/src/input/keyboard.rs	SequenceTerminator
alacritty/src/input/keyboard.rs	try_build_numpad	alacritty/src/input/keyboard.rs	SequenceBase
alacritty/src/input/keyboard.rs	try_build_numpad	alacritty/src/input/keyboard.rs	SequenceTerminator
alacritty/src/input/keyboard.rs	try_build_textual	alacritty/src/input/keyboard.rs	SequenceBase
alacritty/src/input/keyboard.rs	try_build_textual	alacritty/src/input/keyboard.rs	SequenceModifiers
alacritty/src/input/keyboard.rs	try_build_textual	alacritty/src/input/keyboard.rs	SequenceTerminator
alacritty/src/input/keyboard.rs	try_build_textual	alacritty_terminal/src/term/mod.rs	TermMode
alacritty/src/input/mod.rs	Action	alacritty/src/config/bindings.rs	Action
alacritty/src/input/mod.rs	Action	alacritty/src/input/mod.rs	Execute
alacritty/src/input/mod.rs	Action	alacritty_terminal/src/event.rs	EventListener
alacritty/src/input/mod.rs	ActionContext	alacritty/src/clipboard.rs	Clipboard
alacritty/src/input/mod.rs	ActionContext	alacritty/src/config/ui_config.rs	UiConfig
alacritty/src/input/mod.rs	ActionContext	alacritty/src/display/mod.rs	SizeInfo
alacritty/src/input/mod.rs	ActionContext	alacritty/src/event.rs	InlineSearchState
alacritty/src/input/mod.rs	ActionContext	alacritty/src/event.rs	Mouse
alacritty/src/input/mod.rs	ActionContext	alacritty/src/input/mod.rs	ActionContext
alacritty/src/input/mod.rs	ActionContext	alacritty_terminal/src/event.rs	EventListener
alacritty/src/input/mod.rs	ActionContext	alacritty_terminal/src/term/mod.rs	Term
alacritty/src/input/mod.rs	Execute	alacritty_terminal/src/event.rs	EventListener
alacritty/src/input/mod.rs	MockEventProxy	alacritty_terminal/src/event.rs	EventListener
alacritty/src/input/mod.rs	Processor	alacritty/src/input/mod.rs	ActionContext
alacritty/src/input/mod.rs	Processor	alacritty/src/input/mod.rs	Processor
alacritty/src/input/mod.rs	Processor	alacritty_terminal/src/event.rs	EventListener
alacritty/src/input/mod.rs	advance_search_origin	alacritty_terminal/src/index.rs	Direction
alacritty/src/input/mod.rs	cell_side	alacritty_terminal/src/index.rs	Side
alacritty/src/input/mod.rs	clipboard_mut	alacritty/src/clipboard.rs	Clipboard
alacritty/src/input/mod.rs	config	alacritty/src/config/ui_config.rs	UiConfig
alacritty/src/input/mod.rs	copy_selection	alacritty_terminal/src/term/mod.rs	ClipboardType
alacritty/src/input/mod.rs	cursor_state	alacritty/src/display/hint.rs	HintMatch
alacritty/src/input/mod.rs	display	alacritty/src/display/mod.rs	Display
alacritty/src/input/mod.rs	execute	alacritty/src/config/bindings.rs	Action
alacritty/src/input/mod.rs	execute	alacritty/src/config/bindings.rs	MouseAction
alacritty/src/input/mod.rs	execute	alacritty/src/config/bindings.rs	SearchAction
alacritty/src/input/mod.rs	execute	alacritty/src/config/bindings.rs	ViAction
alacritty/src/input/mod.rs	execute	alacritty/src/config/window.rs	Decorations
alacritty/src/input/mod.rs	execute	alacritty/src/input/mod.rs	ActionContext
alacritty/src/input/mod.rs	execute	alacritty_terminal/src/grid/mod.rs	Scroll
alacritty/src/input/mod.rs	execute	alacritty_terminal/src/index.rs	Boundary
alacritty/src/input/mod.rs	execute	alacritty_terminal/src/index.rs	Direction
alacritty/src/input/mod.rs	execute	alacritty_terminal/src/index.rs	Side
alacritty/src/input/mod.rs	execute	alacritty_terminal/src/selection.rs	SelectionType
alacritty/src/input/mod.rs	execute	alacritty_terminal/src/term/mod.rs	ClipboardType
alacritty/src/input/mod.rs	execute	alacritty_terminal/src/term/mod.rs	TermMode
alacritty/src/input/mod.rs	execute	alacritty_terminal/src/vi_mode.rs	ViMotion
alacritty/src/input/mod.rs	inline_search_state	alacritty/src/event.rs	InlineSearchState
alacritty/src/input/mod.rs	message	alacritty/src/message_bar.rs	Message
alacritty/src/input/mod.rs	mouse	alacritty/src/event.rs	Mouse
alacritty/src/input/mod.rs	mouse_input	alacritty/src/config/bindings.rs	MouseEvent
alacritty/src/input/mod.rs	mouse_moved	alacritty_terminal/src/term/mod.rs	TermMode
alacritty/src/input/mod.rs	mouse_mut	alacritty/src/event.rs	Mouse
alacritty/src/input/mod.rs	mouse_report	alacritty_terminal/src/term/mod.rs	TermMode
alacritty/src/input/mod.rs	normal_mouse_report	alacritty_terminal/src/index.rs	Column
alacritty/src/input/mod.rs	normal_mouse_report	alacritty_terminal/src/index.rs	Point
alacritty/src/input/mod.rs	normal_mouse_report	alacritty_terminal/src/term/mod.rs	TermMode
alacritty/src/input/mod.rs	on_focus_change	alacritty_terminal/src/term/mod.rs	TermMode
alacritty/src/input/mod.rs	on_left_click	alacritty/src/event.rs	ClickState
alacritty/src/input/mod.rs	on_left_click	alacritty_terminal/src/index.rs	Point
alacritty/src/input/mod.rs	on_left_click	alacritty_terminal/src/selection.rs	SelectionType
alacritty/src/input/mod.rs	on_left_click	alacritty_terminal/src/term/mod.rs	TermMode
alacritty/src/input/mod.rs	on_mouse_press	alacritty/src/event.rs	ClickState
alacritty/src/input/mod.rs	on_mouse_release	alacritty/src/scheduler.rs	TimerId
alacritty/src/input/mod.rs	on_mouse_release	alacritty/src/scheduler.rs	Topic
alacritty/src/input/mod.rs	on_mouse_release	alacritty_terminal/src/term/mod.rs	ClipboardType
alacritty/src/input/mod.rs	on_touch_end	alacritty/src/display/window.rs	ImeInhibitor
alacritty/src/input/mod.rs	on_touch_end	alacritty/src/event.rs	TouchPurpose
alacritty/src/input/mod.rs	on_touch_motion	alacritty/src/event.rs	TouchPurpose
alacritty/src/input/mod.rs	on_touch_start	alacritty/src/display/window.rs	ImeInhibitor
alacritty/src/input/mod.rs	on_touch_start	alacritty/src/event.rs	TouchPurpose
alacritty/src/input/mod.rs	on_touch_start	alacritty/src/event.rs	TouchZoom
alacritty/src/input/mod.rs	process_mouse_bindings	alacritty/src/config/bindings.rs	BindingMode
alacritty/src/input/mod.rs	process_mouse_bindings	alacritty/src/config/bindings.rs	MouseEvent
alacritty/src/input/mod.rs	scheduler_mut	alacritty/src/scheduler.rs	Scheduler
alacritty/src/input/mod.rs	scroll	alacritty_terminal/src/grid/mod.rs	Scroll
alacritty/src/input/mod.rs	scroll_terminal	alacritty/src/config/bindings.rs	MouseEvent
alacritty/src/input/mod.rs	scroll_terminal	alacritty_terminal/src/grid/mod.rs	Scroll
alacritty/src/input/mod.rs	scroll_terminal	alacritty_terminal/src/term/mod.rs	TermMode
alacritty/src/input/mod.rs	search_direction	alacritty_terminal/src/index.rs	Direction
alacritty/src/input/mod.rs	search_next	alacritty_terminal/src/index.rs	Direction
alacritty/src/input/mod.rs	search_next	alacritty_terminal/src/index.rs	Point
alacritty/src/input/mod.rs	search_next	alacritty_terminal/src/index.rs	Side
alacritty/src/input/mod.rs	search_next	alacritty_terminal/src/term/search.rs	Match
alacritty/src/input/mod.rs	semantic_word	alacritty_terminal/src/index.rs	Point
alacritty/src/input/mod.rs	sgr_mouse_report	alacritty_terminal/src/index.rs	Point
alacritty/src/input/mod.rs	size_info	alacritty/src/display/mod.rs	SizeInfo
alacritty/src/input/mod.rs	start_inline_search	alacritty_terminal/src/index.rs	Direction
alacritty/src/input/mod.rs	start_search	alacritty_terminal/src/index.rs	Direction
alacritty/src/input/mod.rs	start_seeded_search	alacritty_terminal/src/index.rs	Direction
alacritty/src/input/mod.rs	start_selection	alacritty_terminal/src/index.rs	Point
alacritty/src/input/mod.rs	start_selection	alacritty_terminal/src/index.rs	Side
alacritty/src/input/mod.rs	start_selection	alacritty_terminal/src/selection.rs	SelectionType
alacritty/src/input/mod.rs	terminal	alacritty_terminal/src/term/mod.rs	Term
alacritty/src/input/mod.rs	terminal_mut	alacritty_terminal/src/term/mod.rs	Term
alacritty/src/input/mod.rs	toggle_selection	alacritty/src/input/mod.rs	ActionContext
alacritty/src/input/mod.rs	toggle_selection	alacritty_terminal/src/event.rs	EventListener
alacritty/src/input/mod.rs	toggle_selection	alacritty_terminal/src/index.rs	Point
alacritty/src/input/mod.rs	toggle_selection	alacritty_terminal/src/index.rs	Side
alacritty/src/input/mod.rs	toggle_selection	alacritty_terminal/src/selection.rs	SelectionType
alacritty/src/input/mod.rs	touch_purpose	alacritty/src/event.rs	TouchPurpose
alacritty/src/input/mod.rs	trigger_hint	alacritty/src/display/hint.rs	HintMatch
alacritty/src/input/mod.rs	update_selection	alacritty_terminal/src/index.rs	Point
alacritty/src/input/mod.rs	update_selection	alacritty_terminal/src/index.rs	Side
alacritty/src/input/mod.rs	update_selection_scrolling	alacritty/src/event.rs	Event
alacritty/src/input/mod.rs	update_selection_scrolling	alacritty/src/event.rs	EventType
alacritty/src/input/mod.rs	update_selection_scrolling	alacritty/src/scheduler.rs	TimerId
alacritty/src/input/mod.rs	update_selection_scrolling	alacritty/src/scheduler.rs	Topic
alacritty/src/input/mod.rs	update_selection_scrolling	alacritty_terminal/src/grid/mod.rs	Scroll
alacritty/src/input/mod.rs	window	alacritty/src/display/window.rs	Window
alacritty/src/logging.rs	Logger	alacritty/src/event.rs	Event
alacritty/src/logging.rs	Logger	alacritty/src/logging.rs	Logger
alacritty/src/logging.rs	Logger	alacritty/src/logging.rs	OnDemandLogFile
alacritty/src/logging.rs	OnDemandLogFile	alacritty/src/logging.rs	OnDemandLogFile
alacritty/src/logging.rs	initialize	alacritty/src/cli.rs	Options
alacritty/src/logging.rs	initialize	alacritty/src/event.rs	Event
alacritty/src/logging.rs	initialize	alacritty/src/logging.rs	Logger
alacritty/src/logging.rs	message_bar_log	alacritty/src/event.rs	Event
alacritty/src/logging.rs	message_bar_log	alacritty/src/event.rs	EventType
alacritty/src/logging.rs	message_bar_log	alacritty/src/message_bar.rs	Message
alacritty/src/logging.rs	message_bar_log	alacritty/src/message_bar.rs	MessageType
alacritty/src/logging.rs	new	alacritty/src/event.rs	Event
alacritty/src/logging.rs	new	alacritty/src/logging.rs	Logger
alacritty/src/logging.rs	new	alacritty/src/logging.rs	OnDemandLogFile
alacritty/src/macos/proc.rs	Error	alacritty/src/macos/proc.rs	Error
alacritty/src/macos/proc.rs	cwd	alacritty/src/macos/proc.rs	Error
alacritty/src/macos/proc.rs	cwd	alacritty/src/macos/proc.rs	proc_vnodepathinfo
alacritty/src/macos/proc.rs	fmt	alacritty/src/macos/proc.rs	Error
alacritty/src/macos/proc.rs	from	alacritty/src/macos/proc.rs	Error
alacritty/src/macos/proc.rs	fsid_t	alacritty/src/macos/proc.rs	fsid
alacritty/src/macos/proc.rs	proc_vnodepathinfo	alacritty/src/macos/proc.rs	vnode_info_path
alacritty/src/macos/proc.rs	source	alacritty/src/macos/proc.rs	Error
alacritty/src/macos/proc.rs	vinfo_stat	alacritty/src/macos/proc.rs	gid_t
alacritty/src/macos/proc.rs	vinfo_stat	alacritty/src/macos/proc.rs	off_t
alacritty/src/macos/proc.rs	vinfo_stat	alacritty/src/macos/proc.rs	uid_t
alacritty/src/macos/proc.rs	vnode_info	alacritty/src/macos/proc.rs	fsid_t
alacritty/src/macos/proc.rs	vnode_info	alacritty/src/macos/proc.rs	vinfo_stat
alacritty/src/macos/proc.rs	vnode_info_path	alacritty/src/macos/proc.rs	vnode_info
alacritty/src/main.rs	TemporaryFiles	alacritty/src/main.rs	TemporaryFiles
alacritty/src/main.rs	alacritty	alacritty/src/cli.rs	Options
alacritty/src/main.rs	alacritty	alacritty/src/event.rs	Event
alacritty/src/main.rs	alacritty	alacritty/src/event.rs	Processor
alacritty/src/main.rs	alacritty	alacritty/src/main.rs	TemporaryFiles
alacritty/src/main.rs	alacritty	alacritty/src/polling/mod.rs	IoListener
alacritty/src/main.rs	log_config_path	alacritty/src/config/ui_config.rs	UiConfig
alacritty/src/main.rs	main	alacritty/src/cli.rs	Options
alacritty/src/main.rs	main	alacritty/src/cli.rs	Subcommands
alacritty/src/main.rs	msg	alacritty/src/cli.rs	MessageOptions
alacritty/src/message_bar.rs	Message	alacritty/src/message_bar.rs	Message
alacritty/src/message_bar.rs	Message	alacritty/src/message_bar.rs	MessageType
alacritty/src/message_bar.rs	MessageBuffer	alacritty/src/message_bar.rs	Message
alacritty/src/message_bar.rs	MessageBuffer	alacritty/src/message_bar.rs	MessageBuffer
alacritty/src/message_bar.rs	add_newline_for_button	alacritty/src/display/mod.rs	SizeInfo
alacritty/src/message_bar.rs	add_newline_for_button	alacritty/src/message_bar.rs	Message
alacritty/src/message_bar.rs	add_newline_for_button	alacritty/src/message_bar.rs	MessageBuffer
alacritty/src/message_bar.rs	add_newline_for_button	alacritty/src/message_bar.rs	MessageType
alacritty/src/message_bar.rs	appends_close_button	alacritty/src/display/mod.rs	SizeInfo
alacritty/src/message_bar.rs	appends_close_button	alacritty/src/message_bar.rs	Message
alacritty/src/message_bar.rs	appends_close_button	alacritty/src/message_bar.rs	MessageBuffer
alacritty/src/message_bar.rs	appends_close_button	alacritty/src/message_bar.rs	MessageType
alacritty/src/message_bar.rs	empty_with_shortterm	alacritty/src/display/mod.rs	SizeInfo
alacritty/src/message_bar.rs	empty_with_shortterm	alacritty/src/message_bar.rs	Message
alacritty/src/message_bar.rs	empty_with_shortterm	alacritty/src/message_bar.rs	MessageBuffer
alacritty/src/message_bar.rs	empty_with_shortterm	alacritty/src/message_bar.rs	MessageType
alacritty/src/message_bar.rs	hide_button_when_too_narrow	alacritty/src/display/mod.rs	SizeInfo
alacritty/src/message_bar.rs	hide_button_when_too_narrow	alacritty/src/message_bar.rs	Message
alacritty/src/message_bar.rs	hide_button_when_too_narrow	alacritty/src/message_bar.rs	MessageBuffer
alacritty/src/message_bar.rs	hide_button_when_too_narrow	alacritty/src/message_bar.rs	MessageType
alacritty/src/message_bar.rs	hide_truncated_when_too_narrow	alacritty/src/display/mod.rs	SizeInfo
alacritty/src/message_bar.rs	hide_truncated_when_too_narrow	alacritty/src/message_bar.rs	Message
alacritty/src/message_bar.rs	hide_truncated_when_too_narrow	alacritty/src/message_bar.rs	MessageBuffer
alacritty/src/message_bar.rs	hide_truncated_when_too_narrow	alacritty/src/message_bar.rs	MessageType
alacritty/src/message_bar.rs	is_queued	alacritty/src/message_bar.rs	Message
alacritty/src/message_bar.rs	message	alacritty/src/message_bar.rs	Message
alacritty/src/message_bar.rs	multiline_close_button_first_line	alacritty/src/display/mod.rs	SizeInfo
alacritty/src/message_bar.rs	multiline_close_button_first_line	alacritty/src/message_bar.rs	Message
alacritty/src/message_bar.rs	multiline_close_button_first_line	alacritty/src/message_bar.rs	MessageBuffer
alacritty/src/message_bar.rs	multiline_close_button_first_line	alacritty/src/message_bar.rs	MessageType
alacritty/src/message_bar.rs	new	alacritty/src/message_bar.rs	Message
alacritty/src/message_bar.rs	new	alacritty/src/message_bar.rs	MessageType
alacritty/src/message_bar.rs	pop	alacritty/src/message_bar.rs	Message
alacritty/src/message_bar.rs	pop	alacritty/src/message_bar.rs	MessageBuffer
alacritty/src/message_bar.rs	pop	alacritty/src/message_bar.rs	MessageType
alacritty/src/message_bar.rs	push	alacritty/src/message_bar.rs	Message
alacritty/src/message_bar.rs	remove_duplicates	alacritty/src/message_bar.rs	Message
alacritty/src/message_bar.rs	remove_duplicates	alacritty/src/message_bar.rs	MessageBuffer
alacritty/src/message_bar.rs	remove_duplicates	alacritty/src/message_bar.rs	MessageType
alacritty/src/message_bar.rs	remove_target	alacritty/src/message_bar.rs	Message
alacritty/src/message_bar.rs	remove_target	alacritty/src/message_bar.rs	MessageBuffer
alacritty/src/message_bar.rs	remove_target	alacritty/src/message_bar.rs	MessageType
alacritty/src/message_bar.rs	splits_on_length	alacritty/src/display/mod.rs	SizeInfo
alacritty/src/message_bar.rs	splits_on_length	alacritty/src/message_bar.rs	Message
alacritty/src/message_bar.rs	splits_on_length	alacritty/src/message_bar.rs	MessageBuffer
alacritty/src/message_bar.rs	splits_on_length	alacritty/src/message_bar.rs	MessageType
alacritty/src/message_bar.rs	splits_on_newline	alacritty/src/display/mod.rs	SizeInfo
alacritty/src/message_bar.rs	splits_on_newline	alacritty/src/message_bar.rs	Message
alacritty/src/message_bar.rs	splits_on_newline	alacritty/src/message_bar.rs	MessageBuffer
alacritty/src/message_bar.rs	splits_on_newline	alacritty/src/message_bar.rs	MessageType
alacritty/src/message_bar.rs	strip_whitespace_at_linebreak	alacritty/src/display/mod.rs	SizeInfo
alacritty/src/message_bar.rs	strip_whitespace_at_linebreak	alacritty/src/message_bar.rs	Message
alacritty/src/message_bar.rs	strip_whitespace_at_linebreak	alacritty/src/message_bar.rs	MessageBuffer
alacritty/src/message_bar.rs	strip_whitespace_at_linebreak	alacritty/src/message_bar.rs	MessageType
alacritty/src/message_bar.rs	text	alacritty/src/display/mod.rs	SizeInfo
alacritty/src/message_bar.rs	truncates_long_messages	alacritty/src/display/mod.rs	SizeInfo
alacritty/src/message_bar.rs	truncates_long_messages	alacritty/src/message_bar.rs	Message
alacritty/src/message_bar.rs	truncates_long_messages	alacritty/src/message_bar.rs	MessageBuffer
alacritty/src/message_bar.rs	truncates_long_messages	alacritty/src/message_bar.rs	MessageType
alacritty/src/message_bar.rs	ty	alacritty/src/message_bar.rs	MessageType
alacritty/src/message_bar.rs	wrap_on_words	alacritty/src/display/mod.rs	SizeInfo
alacritty/src/message_bar.rs	wrap_on_words	alacritty/src/message_bar.rs	Message
alacritty/src/message_bar.rs	wrap_on_words	alacritty/src/message_bar.rs	MessageBuffer
alacritty/src/message_bar.rs	wrap_on_words	alacritty/src/message_bar.rs	MessageType
alacritty/src/message_bar.rs	wrap_with_unicode	alacritty/src/display/mod.rs	SizeInfo
alacritty/src/message_bar.rs	wrap_with_unicode	alacritty/src/message_bar.rs	Message
alacritty/src/message_bar.rs	wrap_with_unicode	alacritty/src/message_bar.rs	MessageBuffer
alacritty/src/message_bar.rs	wrap_with_unicode	alacritty/src/message_bar.rs	MessageType
alacritty/src/migrate/mod.rs	Migration	alacritty/src/migrate/mod.rs	Migration
alacritty/src/migrate/mod.rs	migrate	alacritty/src/cli.rs	MigrateOptions
alacritty/src/migrate/mod.rs	migrate_config	alacritty/src/cli.rs	MigrateOptions
alacritty/src/migrate/mod.rs	migrate_config	alacritty/src/migrate/mod.rs	Migration
alacritty/src/migrate/mod.rs	migrate_imports	alacritty/src/cli.rs	MigrateOptions
alacritty/src/migrate/mod.rs	write_results	alacritty/src/cli.rs	MigrateOptions
alacritty/src/migrate/yaml.rs	migrate	alacritty/src/cli.rs	MigrateOptions
alacritty/src/migrate/yaml.rs	migrate_imports	alacritty/src/cli.rs	MigrateOptions
alacritty/src/polling/ipc.rs	IpcListener	alacritty/src/event.rs	Event
alacritty/src/polling/ipc.rs	IpcListener	alacritty/src/polling/ipc.rs	IpcListener
alacritty/src/polling/ipc.rs	handle_reply	alacritty/src/cli.rs	SocketMessage
alacritty/src/polling/ipc.rs	handle_reply	alacritty/src/polling/ipc.rs	SocketReply
alacritty/src/polling/ipc.rs	new	alacritty/src/cli.rs	Options
alacritty/src/polling/ipc.rs	new	alacritty/src/event.rs	Event
alacritty/src/polling/ipc.rs	process_message	alacritty/src/cli.rs	SocketMessage
alacritty/src/polling/ipc.rs	process_message	alacritty/src/event.rs	Event
alacritty/src/polling/ipc.rs	process_message	alacritty/src/event.rs	EventType
alacritty/src/polling/ipc.rs	send_message	alacritty/src/cli.rs	SocketMessage
alacritty/src/polling/ipc.rs	send_reply	alacritty/src/polling/ipc.rs	SocketReply
alacritty/src/polling/ipc.rs	send_reply_fallible	alacritty/src/polling/ipc.rs	SocketReply
alacritty/src/polling/mod.rs	IoListener	alacritty/src/polling/ipc.rs	IpcListener
alacritty/src/polling/mod.rs	IoListener	alacritty/src/polling/mod.rs	IoListener
alacritty/src/polling/mod.rs	IoListener	alacritty/src/polling/signal.rs	SignalListener
alacritty/src/polling/mod.rs	spawn	alacritty/src/cli.rs	Options
alacritty/src/polling/mod.rs	spawn	alacritty/src/config/ui_config.rs	UiConfig
alacritty/src/polling/mod.rs	spawn	alacritty/src/event.rs	Event
alacritty/src/polling/mod.rs	spawn	alacritty/src/polling/ipc.rs	IpcListener
alacritty/src/polling/mod.rs	spawn	alacritty/src/polling/mod.rs	IoListenerHandle
alacritty/src/polling/mod.rs	spawn	alacritty/src/polling/signal.rs	SignalListener
alacritty/src/polling/signal.rs	SignalListener	alacritty/src/event.rs	Event
alacritty/src/polling/signal.rs	SignalListener	alacritty/src/polling/signal.rs	SignalListener
alacritty/src/polling/signal.rs	new	alacritty/src/event.rs	Event
alacritty/src/polling/signal.rs	process_signal	alacritty/src/event.rs	Event
alacritty/src/polling/signal.rs	process_signal	alacritty/src/event.rs	EventType
alacritty/src/renderer/mod.rs	Error	alacritty/src/renderer/mod.rs	Error
alacritty/src/renderer/mod.rs	Error	alacritty/src/renderer/shader.rs	ShaderError
alacritty/src/renderer/mod.rs	GlExtensions	alacritty/src/renderer/mod.rs	GlExtensions
alacritty/src/renderer/mod.rs	Renderer	alacritty/src/renderer/mod.rs	Renderer
alacritty/src/renderer/mod.rs	Renderer	alacritty/src/renderer/mod.rs	TextRendererProvider
alacritty/src/renderer/mod.rs	Renderer	alacritty/src/renderer/rects.rs	RectRenderer
alacritty/src/renderer/mod.rs	TextRendererProvider	alacritty/src/renderer/text/gles2.rs	Gles2Renderer
alacritty/src/renderer/mod.rs	TextRendererProvider	alacritty/src/renderer/text/glsl3.rs	Glsl3Renderer
alacritty/src/renderer/mod.rs	clear	alacritty/src/display/color.rs	Rgb
alacritty/src/renderer/mod.rs	draw_cells	alacritty/src/display/content.rs	RenderableCell
alacritty/src/renderer/mod.rs	draw_cells	alacritty/src/display/mod.rs	SizeInfo
alacritty/src/renderer/mod.rs	draw_cells	alacritty/src/renderer/mod.rs	TextRendererProvider
alacritty/src/renderer/mod.rs	draw_cells	alacritty/src/renderer/text/glyph_cache.rs	GlyphCache
alacritty/src/renderer/mod.rs	draw_rects	alacritty/src/display/mod.rs	SizeInfo
alacritty/src/renderer/mod.rs	draw_rects	alacritty/src/renderer/rects.rs	RenderRect
alacritty/src/renderer/mod.rs	draw_string	alacritty/src/display/color.rs	Rgb
alacritty/src/renderer/mod.rs	draw_string	alacritty/src/display/content.rs	RenderableCell
alacritty/src/renderer/mod.rs	draw_string	alacritty/src/display/mod.rs	SizeInfo
alacritty/src/renderer/mod.rs	draw_string	alacritty/src/renderer/text/glyph_cache.rs	GlyphCache
alacritty/src/renderer/mod.rs	draw_string	alacritty_terminal/src/index.rs	Point
alacritty/src/renderer/mod.rs	draw_string	alacritty_terminal/src/term/cell.rs	Flags
alacritty/src/renderer/mod.rs	fmt	alacritty/src/renderer/mod.rs	Error
alacritty/src/renderer/mod.rs	from	alacritty/src/renderer/mod.rs	Error
alacritty/src/renderer/mod.rs	from	alacritty/src/renderer/shader.rs	ShaderError
alacritty/src/renderer/mod.rs	gl_get_string	alacritty/src/renderer/mod.rs	Error
alacritty/src/renderer/mod.rs	new	alacritty/src/config/debug.rs	RendererPreference
alacritty/src/renderer/mod.rs	new	alacritty/src/renderer/mod.rs	Error
alacritty/src/renderer/mod.rs	new	alacritty/src/renderer/mod.rs	GlExtensions
alacritty/src/renderer/mod.rs	new	alacritty/src/renderer/mod.rs	TextRendererProvider
alacritty/src/renderer/mod.rs	new	alacritty/src/renderer/rects.rs	RectRenderer
alacritty/src/renderer/mod.rs	new	alacritty/src/renderer/shader.rs	ShaderVersion
alacritty/src/renderer/mod.rs	new	alacritty/src/renderer/text/gles2.rs	Gles2Renderer
alacritty/src/renderer/mod.rs	new	alacritty/src/renderer/text/glsl3.rs	Glsl3Renderer
alacritty/src/renderer/mod.rs	resize	alacritty/src/display/mod.rs	SizeInfo
alacritty/src/renderer/mod.rs	resize	alacritty/src/renderer/mod.rs	TextRendererProvider
alacritty/src/renderer/mod.rs	set_viewport	alacritty/src/display/mod.rs	SizeInfo
alacritty/src/renderer/mod.rs	source	alacritty/src/renderer/mod.rs	Error
alacritty/src/renderer/mod.rs	supports_robustness	alacritty/src/renderer/mod.rs	GlExtensions
alacritty/src/renderer/mod.rs	with_loader	alacritty/src/renderer/mod.rs	TextRendererProvider
alacritty/src/renderer/mod.rs	with_loader	alacritty/src/renderer/text/mod.rs	LoaderApi
alacritty/src/renderer/rects.rs	RectRenderer	alacritty/src/renderer/rects.rs	RectRenderer
alacritty/src/renderer/rects.rs	RectRenderer	alacritty/src/renderer/rects.rs	RectShaderProgram
alacritty/src/renderer/rects.rs	RectRenderer	alacritty/src/renderer/rects.rs	Vertex
alacritty/src/renderer/rects.rs	RectShaderProgram	alacritty/src/renderer/rects.rs	RectShaderProgram
alacritty/src/renderer/rects.rs	RectShaderProgram	alacritty/src/renderer/shader.rs	ShaderProgram
alacritty/src/renderer/rects.rs	RenderLine	alacritty/src/display/color.rs	Rgb
alacritty/src/renderer/rects.rs	RenderLine	alacritty/src/renderer/rects.rs	RenderLine
alacritty/src/renderer/rects.rs	RenderLine	alacritty_terminal/src/index.rs	Point
alacritty/src/renderer/rects.rs	RenderLines	alacritty/src/renderer/rects.rs	RenderLine
alacritty/src/renderer/rects.rs	RenderLines	alacritty/src/renderer/rects.rs	RenderLines
alacritty/src/renderer/rects.rs	RenderLines	alacritty_terminal/src/term/cell.rs	Flags
alacritty/src/renderer/rects.rs	RenderRect	alacritty/src/display/color.rs	Rgb
alacritty/src/renderer/rects.rs	RenderRect	alacritty/src/renderer/rects.rs	RectKind
alacritty/src/renderer/rects.rs	RenderRect	alacritty/src/renderer/rects.rs	RenderRect
alacritty/src/renderer/rects.rs	add_rect	alacritty/src/renderer/rects.rs	RenderRect
alacritty/src/renderer/rects.rs	add_rect	alacritty/src/renderer/rects.rs	Vertex
alacritty/src/renderer/rects.rs	create_rect	alacritty/src/display/color.rs	Rgb
alacritty/src/renderer/rects.rs	create_rect	alacritty/src/display/mod.rs	SizeInfo
alacritty/src/renderer/rects.rs	create_rect	alacritty/src/renderer/rects.rs	RenderRect
alacritty/src/renderer/rects.rs	create_rect	alacritty_terminal/src/index.rs	Point
alacritty/src/renderer/rects.rs	draw	alacritty/src/display/mod.rs	SizeInfo
alacritty/src/renderer/rects.rs	draw	alacritty/src/renderer/rects.rs	RectKind
alacritty/src/renderer/rects.rs	draw	alacritty/src/renderer/rects.rs	RenderRect
alacritty/src/renderer/rects.rs	draw	alacritty/src/renderer/rects.rs	Vertex
alacritty/src/renderer/rects.rs	new	alacritty/src/display/color.rs	Rgb
alacritty/src/renderer/rects.rs	new	alacritty/src/renderer/mod.rs	Error
alacritty/src/renderer/rects.rs	new	alacritty/src/renderer/rects.rs	RectKind
alacritty/src/renderer/rects.rs	new	alacritty/src/renderer/rects.rs	RectShaderProgram
alacritty/src/renderer/rects.rs	new	alacritty/src/renderer/rects.rs	RenderRect
alacritty/src/renderer/rects.rs	new	alacritty/src/renderer/rects.rs	Vertex
alacritty/src/renderer/rects.rs	new	alacritty/src/renderer/shader.rs	ShaderError
alacritty/src/renderer/rects.rs	new	alacritty/src/renderer/shader.rs	ShaderProgram
alacritty/src/renderer/rects.rs	new	alacritty/src/renderer/shader.rs	ShaderVersion
alacritty/src/renderer/rects.rs	push_rects	alacritty/src/display/color.rs	Rgb
alacritty/src/renderer/rects.rs	push_rects	alacritty/src/display/mod.rs	SizeInfo
alacritty/src/renderer/rects.rs	push_rects	alacritty/src/renderer/rects.rs	RectKind
alacritty/src/renderer/rects.rs	push_rects	alacritty/src/renderer/rects.rs	RenderRect
alacritty/src/renderer/rects.rs	push_rects	alacritty_terminal/src/index.rs	Point
alacritty/src/renderer/rects.rs	push_rects	alacritty_terminal/src/term/cell.rs	Flags
alacritty/src/renderer/rects.rs	rects	alacritty/src/display/mod.rs	SizeInfo
alacritty/src/renderer/rects.rs	rects	alacritty/src/renderer/rects.rs	RenderRect
alacritty/src/renderer/rects.rs	rects	alacritty_terminal/src/index.rs	Column
alacritty/src/renderer/rects.rs	rects	alacritty_terminal/src/index.rs	Point
alacritty/src/renderer/rects.rs	rects	alacritty_terminal/src/term/cell.rs	Flags
alacritty/src/renderer/rects.rs	update	alacritty/src/display/content.rs	RenderableCell
alacritty/src/renderer/rects.rs	update	alacritty_terminal/src/term/cell.rs	Flags
alacritty/src/renderer/rects.rs	update_flag	alacritty/src/display/content.rs	RenderableCell
alacritty/src/renderer/rects.rs	update_flag	alacritty/src/renderer/rects.rs	RenderLine
alacritty/src/renderer/rects.rs	update_flag	alacritty_terminal/src/term/cell.rs	Flags
alacritty/src/renderer/rects.rs	update_uniforms	alacritty/src/display/mod.rs	SizeInfo
alacritty/src/renderer/shader.rs	Shader	alacritty/src/renderer/shader.rs	Shader
alacritty/src/renderer/shader.rs	ShaderError	alacritty/src/renderer/shader.rs	ShaderError
alacritty/src/renderer/shader.rs	ShaderProgram	alacritty/src/renderer/shader.rs	ShaderProgram
alacritty/src/renderer/shader.rs	ShaderVersion	alacritty/src/renderer/shader.rs	ShaderVersion
alacritty/src/renderer/shader.rs	get_uniform_location	alacritty/src/renderer/shader.rs	ShaderError
alacritty/src/renderer/shader.rs	new	alacritty/src/renderer/shader.rs	Shader
alacritty/src/renderer/shader.rs	new	alacritty/src/renderer/shader.rs	ShaderError
alacritty/src/renderer/shader.rs	new	alacritty/src/renderer/shader.rs	ShaderVersion
alacritty/src/renderer/text/atlas.rs	Atlas	alacritty/src/renderer/text/atlas.rs	Atlas
alacritty/src/renderer/text/atlas.rs	advance_row	alacritty/src/renderer/text/atlas.rs	AtlasInsertError
alacritty/src/renderer/text/atlas.rs	clear_atlas	alacritty/src/renderer/text/atlas.rs	Atlas
alacritty/src/renderer/text/atlas.rs	insert	alacritty/src/renderer/text/atlas.rs	AtlasInsertError
alacritty/src/renderer/text/atlas.rs	insert	alacritty/src/renderer/text/glyph_cache.rs	Glyph
alacritty/src/renderer/text/atlas.rs	insert_inner	alacritty/src/renderer/text/glyph_cache.rs	Glyph
alacritty/src/renderer/text/atlas.rs	load_glyph	alacritty/src/renderer/text/atlas.rs	Atlas
alacritty/src/renderer/text/atlas.rs	load_glyph	alacritty/src/renderer/text/atlas.rs	AtlasInsertError
alacritty/src/renderer/text/atlas.rs	load_glyph	alacritty/src/renderer/text/glyph_cache.rs	Glyph
alacritty/src/renderer/text/builtin_font.rs	COLOR_FILL	alacritty/src/renderer/text/builtin_font.rs	Pixel
alacritty/src/renderer/text/builtin_font.rs	COLOR_FILL_ALPHA_STEP_1	alacritty/src/renderer/text/builtin_font.rs	Pixel
alacritty/src/renderer/text/builtin_font.rs	COLOR_FILL_ALPHA_STEP_2	alacritty/src/renderer/text/builtin_font.rs	Pixel
alacritty/src/renderer/text/builtin_font.rs	COLOR_FILL_ALPHA_STEP_3	alacritty/src/renderer/text/builtin_font.rs	Pixel
alacritty/src/renderer/text/builtin_font.rs	Canvas	alacritty/src/renderer/text/builtin_font.rs	Canvas
alacritty/src/renderer/text/builtin_font.rs	Canvas	alacritty/src/renderer/text/builtin_font.rs	Pixel
alacritty/src/renderer/text/builtin_font.rs	Output	alacritty/src/renderer/text/builtin_font.rs	Pixel
alacritty/src/renderer/text/builtin_font.rs	Pixel	alacritty/src/renderer/text/builtin_font.rs	Pixel
alacritty/src/renderer/text/builtin_font.rs	add	alacritty/src/renderer/text/builtin_font.rs	Pixel
alacritty/src/renderer/text/builtin_font.rs	box_drawing	alacritty/src/config/ui_config.rs	Delta
alacritty/src/renderer/text/builtin_font.rs	box_drawing	alacritty/src/renderer/text/builtin_font.rs	Canvas
alacritty/src/renderer/text/builtin_font.rs	buffer_mut	alacritty/src/renderer/text/builtin_font.rs	Pixel
alacritty/src/renderer/text/builtin_font.rs	builtin_glyph	alacritty/src/config/ui_config.rs	Delta
alacritty/src/renderer/text/builtin_font.rs	div	alacritty/src/renderer/text/builtin_font.rs	Pixel
alacritty/src/renderer/text/builtin_font.rs	draw_line	alacritty/src/renderer/text/builtin_font.rs	Pixel
alacritty/src/renderer/text/builtin_font.rs	draw_rect	alacritty/src/renderer/text/builtin_font.rs	Pixel
alacritty/src/renderer/text/builtin_font.rs	draw_rounded_corner	alacritty/src/renderer/text/builtin_font.rs	Pixel
alacritty/src/renderer/text/builtin_font.rs	fill	alacritty/src/renderer/text/builtin_font.rs	Pixel
alacritty/src/renderer/text/builtin_font.rs	into_raw	alacritty/src/renderer/text/builtin_font.rs	Pixel
alacritty/src/renderer/text/builtin_font.rs	powerline_drawing	alacritty/src/config/ui_config.rs	Delta
alacritty/src/renderer/text/builtin_font.rs	powerline_drawing	alacritty/src/renderer/text/builtin_font.rs	Canvas
alacritty/src/renderer/text/builtin_font.rs	put_pixel	alacritty/src/renderer/text/builtin_font.rs	Pixel
alacritty/src/renderer/text/gles2.rs	Batch	alacritty/src/renderer/text/gles2.rs	Batch
alacritty/src/renderer/text/gles2.rs	Batch	alacritty/src/renderer/text/gles2.rs	TextVertex
alacritty/src/renderer/text/gles2.rs	Batch	alacritty/src/renderer/text/mod.rs	TextRenderBatch
alacritty/src/renderer/text/gles2.rs	Gles2Renderer	alacritty/src/renderer/text/atlas.rs	Atlas
alacritty/src/renderer/text/gles2.rs	Gles2Renderer	alacritty/src/renderer/text/gles2.rs	Batch
alacritty/src/renderer/text/gles2.rs	Gles2Renderer	alacritty/src/renderer/text/gles2.rs	Gles2Renderer
alacritty/src/renderer/text/gles2.rs	Gles2Renderer	alacritty/src/renderer/text/gles2.rs	TextShaderProgram
alacritty/src/renderer/text/gles2.rs	Gles2Renderer	alacritty/src/renderer/text/mod.rs	TextRenderer
alacritty/src/renderer/text/gles2.rs	RenderApi	alacritty/src/renderer/text/atlas.rs	Atlas
alacritty/src/renderer/text/gles2.rs	RenderApi	alacritty/src/renderer/text/gles2.rs	Batch
alacritty/src/renderer/text/gles2.rs	RenderApi	alacritty/src/renderer/text/gles2.rs	RenderApi
alacritty/src/renderer/text/gles2.rs	RenderApi	alacritty/src/renderer/text/gles2.rs	TextShaderProgram
alacritty/src/renderer/text/gles2.rs	RenderApi	alacritty/src/renderer/text/glyph_cache.rs	LoadGlyph
alacritty/src/renderer/text/gles2.rs	RenderApi	alacritty/src/renderer/text/mod.rs	TextRenderApi
alacritty/src/renderer/text/gles2.rs	RenderBatch	alacritty/src/renderer/text/gles2.rs	Batch
alacritty/src/renderer/text/gles2.rs	Shader	alacritty/src/renderer/text/gles2.rs	TextShaderProgram
alacritty/src/renderer/text/gles2.rs	TextShaderProgram	alacritty/src/renderer/shader.rs	ShaderProgram
alacritty/src/renderer/text/gles2.rs	TextShaderProgram	alacritty/src/renderer/text/gles2.rs	TextShaderProgram
alacritty/src/renderer/text/gles2.rs	TextShaderProgram	alacritty/src/renderer/text/mod.rs	TextShader
alacritty/src/renderer/text/gles2.rs	TextVertex	alacritty/src/renderer/text/mod.rs	RenderingGlyphFlags
alacritty/src/renderer/text/gles2.rs	add_item	alacritty/src/display/content.rs	RenderableCell
alacritty/src/renderer/text/gles2.rs	add_item	alacritty/src/display/mod.rs	SizeInfo
alacritty/src/renderer/text/gles2.rs	add_item	alacritty/src/renderer/text/gles2.rs	TextVertex
alacritty/src/renderer/text/gles2.rs	add_item	alacritty/src/renderer/text/glyph_cache.rs	Glyph
alacritty/src/renderer/text/gles2.rs	add_item	alacritty/src/renderer/text/mod.rs	RenderingGlyphFlags
alacritty/src/renderer/text/gles2.rs	add_item	alacritty_terminal/src/term/cell.rs	Flags
alacritty/src/renderer/text/gles2.rs	batch	alacritty/src/renderer/text/gles2.rs	Batch
alacritty/src/renderer/text/gles2.rs	clear	alacritty/src/renderer/text/atlas.rs	Atlas
alacritty/src/renderer/text/gles2.rs	load_glyph	alacritty/src/renderer/text/atlas.rs	Atlas
alacritty/src/renderer/text/gles2.rs	load_glyph	alacritty/src/renderer/text/glyph_cache.rs	Glyph
alacritty/src/renderer/text/gles2.rs	loader_api	alacritty/src/renderer/text/mod.rs	LoaderApi
alacritty/src/renderer/text/gles2.rs	new	alacritty/src/renderer/mod.rs	Error
alacritty/src/renderer/text/gles2.rs	new	alacritty/src/renderer/mod.rs	GlExtensions
alacritty/src/renderer/text/gles2.rs	new	alacritty/src/renderer/shader.rs	ShaderProgram
alacritty/src/renderer/text/gles2.rs	new	alacritty/src/renderer/shader.rs	ShaderVersion
alacritty/src/renderer/text/gles2.rs	new	alacritty/src/renderer/text/gles2.rs	Batch
alacritty/src/renderer/text/gles2.rs	new	alacritty/src/renderer/text/gles2.rs	TextShaderProgram
alacritty/src/renderer/text/gles2.rs	new	alacritty/src/renderer/text/gles2.rs	TextVertex
alacritty/src/renderer/text/gles2.rs	program	alacritty/src/renderer/text/mod.rs	Shader
alacritty/src/renderer/text/gles2.rs	render_batch	alacritty/src/renderer/text/mod.rs	RenderingPass
alacritty/src/renderer/text/gles2.rs	set_rendering_pass	alacritty/src/renderer/text/mod.rs	RenderingPass
alacritty/src/renderer/text/gles2.rs	size	alacritty/src/renderer/text/gles2.rs	TextVertex
alacritty/src/renderer/text/gles2.rs	with_api	alacritty/src/display/mod.rs	SizeInfo
alacritty/src/renderer/text/gles2.rs	with_api	alacritty/src/renderer/text/gles2.rs	RenderApi
alacritty/src/renderer/text/gles2.rs	with_api	alacritty/src/renderer/text/mod.rs	RenderApi
alacritty/src/renderer/text/glsl3.rs	Batch	alacritty/src/renderer/text/glsl3.rs	Batch
alacritty/src/renderer/text/glsl3.rs	Batch	alacritty/src/renderer/text/glsl3.rs	InstanceData
alacritty/src/renderer/text/glsl3.rs	Batch	alacritty/src/renderer/text/mod.rs	TextRenderBatch
alacritty/src/renderer/text/glsl3.rs	Glsl3Renderer	alacritty/src/renderer/text/atlas.rs	Atlas
alacritty/src/renderer/text/glsl3.rs	Glsl3Renderer	alacritty/src/renderer/text/glsl3.rs	Batch
alacritty/src/renderer/text/glsl3.rs	Glsl3Renderer	alacritty/src/renderer/text/glsl3.rs	Glsl3Renderer
alacritty/src/renderer/text/glsl3.rs	Glsl3Renderer	alacritty/src/renderer/text/glsl3.rs	TextShaderProgram
alacritty/src/renderer/text/glsl3.rs	Glsl3Renderer	alacritty/src/renderer/text/mod.rs	TextRenderer
alacritty/src/renderer/text/glsl3.rs	InstanceData	alacritty/src/renderer/text/mod.rs	RenderingGlyphFlags
alacritty/src/renderer/text/glsl3.rs	RenderApi	alacritty/src/renderer/text/atlas.rs	Atlas
alacritty/src/renderer/text/glsl3.rs	RenderApi	alacritty/src/renderer/text/glsl3.rs	Batch
alacritty/src/renderer/text/glsl3.rs	RenderApi	alacritty/src/renderer/text/glsl3.rs	RenderApi
alacritty/src/renderer/text/glsl3.rs	RenderApi	alacritty/src/renderer/text/glsl3.rs	TextShaderProgram
alacritty/src/renderer/text/glsl3.rs	RenderApi	alacritty/src/renderer/text/glyph_cache.rs	LoadGlyph
alacritty/src/renderer/text/glsl3.rs	RenderApi	alacritty/src/renderer/text/mod.rs	TextRenderApi
alacritty/src/renderer/text/glsl3.rs	RenderBatch	alacritty/src/renderer/text/glsl3.rs	Batch
alacritty/src/renderer/text/glsl3.rs	Shader	alacritty/src/renderer/text/glsl3.rs	TextShaderProgram
alacritty/src/renderer/text/glsl3.rs	TextShaderProgram	alacritty/src/renderer/shader.rs	ShaderProgram
alacritty/src/renderer/text/glsl3.rs	TextShaderProgram	alacritty/src/renderer/text/glsl3.rs	TextShaderProgram
alacritty/src/renderer/text/glsl3.rs	TextShaderProgram	alacritty/src/renderer/text/mod.rs	TextShader
alacritty/src/renderer/text/glsl3.rs	add_item	alacritty/src/display/content.rs	RenderableCell
alacritty/src/renderer/text/glsl3.rs	add_item	alacritty/src/display/mod.rs	SizeInfo
alacritty/src/renderer/text/glsl3.rs	add_item	alacritty/src/renderer/text/glsl3.rs	InstanceData
alacritty/src/renderer/text/glsl3.rs	add_item	alacritty/src/renderer/text/glyph_cache.rs	Glyph
alacritty/src/renderer/text/glsl3.rs	add_item	alacritty/src/renderer/text/mod.rs	RenderingGlyphFlags
alacritty/src/renderer/text/glsl3.rs	add_item	alacritty_terminal/src/term/cell.rs	Flags
alacritty/src/renderer/text/glsl3.rs	batch	alacritty/src/renderer/text/glsl3.rs	Batch
alacritty/src/renderer/text/glsl3.rs	clear	alacritty/src/renderer/text/atlas.rs	Atlas
alacritty/src/renderer/text/glsl3.rs	load_glyph	alacritty/src/renderer/text/atlas.rs	Atlas
alacritty/src/renderer/text/glsl3.rs	load_glyph	alacritty/src/renderer/text/glyph_cache.rs	Glyph
alacritty/src/renderer/text/glsl3.rs	loader_api	alacritty/src/renderer/text/mod.rs	LoaderApi
alacritty/src/renderer/text/glsl3.rs	new	alacritty/src/renderer/mod.rs	Error
alacritty/src/renderer/text/glsl3.rs	new	alacritty/src/renderer/shader.rs	ShaderProgram
alacritty/src/renderer/text/glsl3.rs	new	alacritty/src/renderer/shader.rs	ShaderVersion
alacritty/src/renderer/text/glsl3.rs	new	alacritty/src/renderer/text/glsl3.rs	Batch
alacritty/src/renderer/text/glsl3.rs	new	alacritty/src/renderer/text/glsl3.rs	InstanceData
alacritty/src/renderer/text/glsl3.rs	new	alacritty/src/renderer/text/glsl3.rs	TextShaderProgram
alacritty/src/renderer/text/glsl3.rs	program	alacritty/src/renderer/text/mod.rs	Shader
alacritty/src/renderer/text/glsl3.rs	render_batch	alacritty/src/renderer/text/mod.rs	RenderingPass
alacritty/src/renderer/text/glsl3.rs	set_rendering_pass	alacritty/src/renderer/text/mod.rs	RenderingPass
alacritty/src/renderer/text/glsl3.rs	set_term_uniforms	alacritty/src/display/mod.rs	SizeInfo
alacritty/src/renderer/text/glsl3.rs	size	alacritty/src/renderer/text/glsl3.rs	InstanceData
alacritty/src/renderer/text/glsl3.rs	with_api	alacritty/src/display/mod.rs	SizeInfo
alacritty/src/renderer/text/glsl3.rs	with_api	alacritty/src/renderer/text/glsl3.rs	RenderApi
alacritty/src/renderer/text/glsl3.rs	with_api	alacritty/src/renderer/text/mod.rs	RenderApi
alacritty/src/renderer/text/glyph_cache.rs	GlyphCache	alacritty/src/config/ui_config.rs	Delta
alacritty/src/renderer/text/glyph_cache.rs	GlyphCache	alacritty/src/renderer/text/glyph_cache.rs	Glyph
alacritty/src/renderer/text/glyph_cache.rs	GlyphCache	alacritty/src/renderer/text/glyph_cache.rs	GlyphCache
alacritty/src/renderer/text/glyph_cache.rs	compute_font_keys	alacritty/src/config/font.rs	Font
alacritty/src/renderer/text/glyph_cache.rs	get	alacritty/src/renderer/text/glyph_cache.rs	Glyph
alacritty/src/renderer/text/glyph_cache.rs	get	alacritty/src/renderer/text/glyph_cache.rs	LoadGlyph
alacritty/src/renderer/text/glyph_cache.rs	load_common_glyphs	alacritty/src/renderer/text/glyph_cache.rs	LoadGlyph
alacritty/src/renderer/text/glyph_cache.rs	load_font_metrics	alacritty/src/config/font.rs	Font
alacritty/src/renderer/text/glyph_cache.rs	load_glyph	alacritty/src/renderer/text/glyph_cache.rs	Glyph
alacritty/src/renderer/text/glyph_cache.rs	load_glyph	alacritty/src/renderer/text/glyph_cache.rs	LoadGlyph
alacritty/src/renderer/text/glyph_cache.rs	load_glyphs_for_font	alacritty/src/renderer/text/glyph_cache.rs	LoadGlyph
alacritty/src/renderer/text/glyph_cache.rs	load_regular_font	alacritty/src/config/font.rs	Font
alacritty/src/renderer/text/glyph_cache.rs	make_desc	alacritty/src/config/font.rs	FontDescription
alacritty/src/renderer/text/glyph_cache.rs	new	alacritty/src/config/font.rs	Font
alacritty/src/renderer/text/glyph_cache.rs	new	alacritty/src/renderer/text/glyph_cache.rs	GlyphCache
alacritty/src/renderer/text/glyph_cache.rs	reset_glyph_cache	alacritty/src/renderer/text/glyph_cache.rs	LoadGlyph
alacritty/src/renderer/text/glyph_cache.rs	update_font_size	alacritty/src/config/font.rs	Font
alacritty/src/renderer/text/glyph_cache.rs	update_font_size	alacritty/src/renderer/text/glyph_cache.rs	GlyphCache
alacritty/src/renderer/text/mod.rs	LoaderApi	alacritty/src/renderer/text/atlas.rs	Atlas
alacritty/src/renderer/text/mod.rs	LoaderApi	alacritty/src/renderer/text/glyph_cache.rs	LoadGlyph
alacritty/src/renderer/text/mod.rs	LoaderApi	alacritty/src/renderer/text/mod.rs	LoaderApi
alacritty/src/renderer/text/mod.rs	RenderApi	alacritty/src/renderer/text/mod.rs	RenderBatch
alacritty/src/renderer/text/mod.rs	RenderApi	alacritty/src/renderer/text/mod.rs	TextRenderApi
alacritty/src/renderer/text/mod.rs	RenderBatch	alacritty/src/renderer/text/mod.rs	TextRenderBatch
alacritty/src/renderer/text/mod.rs	Shader	alacritty/src/renderer/text/mod.rs	TextShader
alacritty/src/renderer/text/mod.rs	TextRenderApi	alacritty/src/renderer/text/glyph_cache.rs	LoadGlyph
alacritty/src/renderer/text/mod.rs	TextRenderApi	alacritty/src/renderer/text/mod.rs	TextRenderBatch
alacritty/src/renderer/text/mod.rs	add_item	alacritty/src/display/content.rs	RenderableCell
alacritty/src/renderer/text/mod.rs	add_item	alacritty/src/display/mod.rs	SizeInfo
alacritty/src/renderer/text/mod.rs	add_item	alacritty/src/renderer/text/glyph_cache.rs	Glyph
alacritty/src/renderer/text/mod.rs	add_render_item	alacritty/src/display/content.rs	RenderableCell
alacritty/src/renderer/text/mod.rs	add_render_item	alacritty/src/display/mod.rs	SizeInfo
alacritty/src/renderer/text/mod.rs	add_render_item	alacritty/src/renderer/text/glyph_cache.rs	Glyph
alacritty/src/renderer/text/mod.rs	clear	alacritty/src/renderer/text/atlas.rs	Atlas
alacritty/src/renderer/text/mod.rs	draw_cell	alacritty/src/display/content.rs	RenderableCell
alacritty/src/renderer/text/mod.rs	draw_cell	alacritty/src/display/mod.rs	SizeInfo
alacritty/src/renderer/text/mod.rs	draw_cell	alacritty/src/renderer/text/glyph_cache.rs	GlyphCache
alacritty/src/renderer/text/mod.rs	draw_cell	alacritty_terminal/src/term/cell.rs	Flags
alacritty/src/renderer/text/mod.rs	draw_cells	alacritty/src/display/content.rs	RenderableCell
alacritty/src/renderer/text/mod.rs	draw_cells	alacritty/src/display/mod.rs	SizeInfo
alacritty/src/renderer/text/mod.rs	draw_cells	alacritty/src/renderer/text/glyph_cache.rs	GlyphCache
alacritty/src/renderer/text/mod.rs	load_glyph	alacritty/src/renderer/text/atlas.rs	Atlas
alacritty/src/renderer/text/mod.rs	load_glyph	alacritty/src/renderer/text/glyph_cache.rs	Glyph
alacritty/src/renderer/text/mod.rs	loader_api	alacritty/src/renderer/text/mod.rs	LoaderApi
alacritty/src/renderer/text/mod.rs	program	alacritty/src/renderer/text/mod.rs	Shader
alacritty/src/renderer/text/mod.rs	resize	alacritty/src/display/mod.rs	SizeInfo
alacritty/src/renderer/text/mod.rs	update_projection	alacritty/src/display/mod.rs	SizeInfo
alacritty/src/renderer/text/mod.rs	with_api	alacritty/src/display/mod.rs	SizeInfo
alacritty/src/renderer/text/mod.rs	with_api	alacritty/src/renderer/text/mod.rs	RenderApi
alacritty/src/renderer/text/mod.rs	with_loader	alacritty/src/renderer/text/mod.rs	LoaderApi
alacritty/src/scheduler.rs	Scheduler	alacritty/src/event.rs	Event
alacritty/src/scheduler.rs	Scheduler	alacritty/src/scheduler.rs	Scheduler
alacritty/src/scheduler.rs	Scheduler	alacritty/src/scheduler.rs	Timer
alacritty/src/scheduler.rs	Timer	alacritty/src/event.rs	Event
alacritty/src/scheduler.rs	Timer	alacritty/src/scheduler.rs	TimerId
alacritty/src/scheduler.rs	TimerId	alacritty/src/scheduler.rs	TimerId
alacritty/src/scheduler.rs	TimerId	alacritty/src/scheduler.rs	Topic
alacritty/src/scheduler.rs	new	alacritty/src/event.rs	Event
alacritty/src/scheduler.rs	new	alacritty/src/scheduler.rs	Topic
alacritty/src/scheduler.rs	schedule	alacritty/src/event.rs	Event
alacritty/src/scheduler.rs	schedule	alacritty/src/scheduler.rs	Timer
alacritty/src/scheduler.rs	schedule	alacritty/src/scheduler.rs	TimerId
alacritty/src/scheduler.rs	scheduled	alacritty/src/scheduler.rs	TimerId
alacritty/src/scheduler.rs	unschedule	alacritty/src/scheduler.rs	Timer
alacritty/src/scheduler.rs	unschedule	alacritty/src/scheduler.rs	TimerId
alacritty/src/string.rs	StrShortener	alacritty/src/string.rs	ShortenDirection
alacritty/src/string.rs	StrShortener	alacritty/src/string.rs	StrShortener
alacritty/src/string.rs	StrShortener	alacritty/src/string.rs	TextAction
alacritty/src/string.rs	new	alacritty/src/string.rs	ShortenDirection
alacritty/src/string.rs	new	alacritty/src/string.rs	TextAction
alacritty/src/string.rs	next	alacritty/src/string.rs	ShortenDirection
alacritty/src/string.rs	next	alacritty/src/string.rs	TextAction
alacritty/src/window_context.rs	WindowContext	alacritty/src/cli.rs	ParsedOptions
alacritty/src/window_context.rs	WindowContext	alacritty/src/config/ui_config.rs	UiConfig
alacritty/src/window_context.rs	WindowContext	alacritty/src/display/mod.rs	Display
alacritty/src/window_context.rs	WindowContext	alacritty/src/event.rs	Event
alacritty/src/window_context.rs	WindowContext	alacritty/src/event.rs	EventProxy
alacritty/src/window_context.rs	WindowContext	alacritty/src/event.rs	InlineSearchState
alacritty/src/window_context.rs	WindowContext	alacritty/src/event.rs	Mouse
alacritty/src/window_context.rs	WindowContext	alacritty/src/event.rs	SearchState
alacritty/src/window_context.rs	WindowContext	alacritty/src/event.rs	TouchPurpose
alacritty/src/window_context.rs	WindowContext	alacritty/src/message_bar.rs	MessageBuffer
alacritty/src/window_context.rs	WindowContext	alacritty/src/window_context.rs	WindowContext
alacritty/src/window_context.rs	WindowContext	alacritty_terminal/src/event_loop.rs	Notifier
alacritty/src/window_context.rs	WindowContext	alacritty_terminal/src/sync.rs	FairMutex
alacritty/src/window_context.rs	WindowContext	alacritty_terminal/src/term/mod.rs	Term
alacritty/src/window_context.rs	add_window_config	alacritty/src/cli.rs	ParsedOptions
alacritty/src/window_context.rs	add_window_config	alacritty/src/config/ui_config.rs	UiConfig
alacritty/src/window_context.rs	additional	alacritty/src/cli.rs	ParsedOptions
alacritty/src/window_context.rs	additional	alacritty/src/cli.rs	WindowOptions
alacritty/src/window_context.rs	additional	alacritty/src/config/ui_config.rs	UiConfig
alacritty/src/window_context.rs	additional	alacritty/src/display/mod.rs	Display
alacritty/src/window_context.rs	additional	alacritty/src/display/window.rs	Window
alacritty/src/window_context.rs	additional	alacritty/src/event.rs	Event
alacritty/src/window_context.rs	config	alacritty/src/config/ui_config.rs	UiConfig
alacritty/src/window_context.rs	draw	alacritty/src/scheduler.rs	Scheduler
alacritty/src/window_context.rs	drop	alacritty_terminal/src/event_loop.rs	Msg
alacritty/src/window_context.rs	handle_event	alacritty/src/clipboard.rs	Clipboard
alacritty/src/window_context.rs	handle_event	alacritty/src/event.rs	ActionContext
alacritty/src/window_context.rs	handle_event	alacritty/src/event.rs	Event
alacritty/src/window_context.rs	handle_event	alacritty/src/input/mod.rs	Processor
alacritty/src/window_context.rs	handle_event	alacritty/src/scheduler.rs	Scheduler
alacritty/src/window_context.rs	initial	alacritty/src/cli.rs	WindowOptions
alacritty/src/window_context.rs	initial	alacritty/src/config/ui_config.rs	UiConfig
alacritty/src/window_context.rs	initial	alacritty/src/display/mod.rs	Display
alacritty/src/window_context.rs	initial	alacritty/src/display/window.rs	Window
alacritty/src/window_context.rs	initial	alacritty/src/event.rs	Event
alacritty/src/window_context.rs	new	alacritty/src/cli.rs	WindowOptions
alacritty/src/window_context.rs	new	alacritty/src/config/ui_config.rs	UiConfig
alacritty/src/window_context.rs	new	alacritty/src/display/mod.rs	Display
alacritty/src/window_context.rs	new	alacritty/src/event.rs	Event
alacritty/src/window_context.rs	new	alacritty/src/event.rs	EventProxy
alacritty/src/window_context.rs	new	alacritty/src/window_context.rs	WindowContext
alacritty/src/window_context.rs	new	alacritty_terminal/src/event.rs	Event
alacritty/src/window_context.rs	new	alacritty_terminal/src/event_loop.rs	EventLoop
alacritty/src/window_context.rs	new	alacritty_terminal/src/event_loop.rs	Notifier
alacritty/src/window_context.rs	new	alacritty_terminal/src/sync.rs	FairMutex
alacritty/src/window_context.rs	new	alacritty_terminal/src/term/mod.rs	Term
alacritty/src/window_context.rs	reset_window_config	alacritty/src/config/ui_config.rs	UiConfig
alacritty/src/window_context.rs	submit_display_update	alacritty/src/config/ui_config.rs	UiConfig
alacritty/src/window_context.rs	submit_display_update	alacritty/src/display/mod.rs	Display
alacritty/src/window_context.rs	submit_display_update	alacritty/src/event.rs	EventProxy
alacritty/src/window_context.rs	submit_display_update	alacritty/src/event.rs	SearchState
alacritty/src/window_context.rs	submit_display_update	alacritty/src/message_bar.rs	MessageBuffer
alacritty/src/window_context.rs	submit_display_update	alacritty_terminal/src/event_loop.rs	Notifier
alacritty/src/window_context.rs	submit_display_update	alacritty_terminal/src/grid/mod.rs	Scroll
alacritty/src/window_context.rs	submit_display_update	alacritty_terminal/src/index.rs	Direction
alacritty/src/window_context.rs	submit_display_update	alacritty_terminal/src/term/mod.rs	Term
alacritty/src/window_context.rs	submit_display_update	alacritty_terminal/src/term/mod.rs	TermMode
alacritty/src/window_context.rs	update_config	alacritty/src/config/ui_config.rs	UiConfig
alacritty/src/window_context.rs	update_config	alacritty/src/event.rs	Event
alacritty/src/window_context.rs	update_config	alacritty_terminal/src/event.rs	Event
alacritty/src/window_context.rs	write_ref_test_results	alacritty_terminal/src/term/mod.rs	TermSize
alacritty_config/src/lib.rs	HashMap	alacritty_config/src/lib.rs	SerdeReplace
alacritty_config/src/lib.rs	Option	alacritty_config/src/lib.rs	SerdeReplace
alacritty_config/src/lib.rs	Vec	alacritty_config/src/lib.rs	SerdeReplace
alacritty_config/src/lib.rs	replace_option	alacritty_config/src/lib.rs	SerdeReplace
alacritty_config_derive/src/config_deserialize/de_struct.rs	derive_deserialize	alacritty_config_derive/src/config_deserialize/de_struct.rs	FieldStreams
alacritty_config_derive/src/config_deserialize/de_struct.rs	derive_deserialize	alacritty_config_derive/src/lib.rs	GenericsStreams
alacritty_config_derive/src/config_deserialize/de_struct.rs	field_deserializer	alacritty_config_derive/src/config_deserialize/de_struct.rs	FieldStreams
alacritty_config_derive/src/config_deserialize/de_struct.rs	field_deserializer	alacritty_config_derive/src/lib.rs	Attr
alacritty_config_derive/src/config_deserialize/de_struct.rs	fields_deserializer	alacritty_config_derive/src/config_deserialize/de_struct.rs	FieldStreams
alacritty_config_derive/src/lib.rs	Attr	alacritty_config_derive/src/lib.rs	Attr
alacritty_config_derive/src/lib.rs	generics_streams	alacritty_config_derive/src/lib.rs	GenericsStreams
alacritty_config_derive/src/serde_replace.rs	derive_recursive	alacritty_config_derive/src/lib.rs	GenericsStreams
alacritty_config_derive/src/serde_replace.rs	match_arms	alacritty_config_derive/src/lib.rs	Attr
alacritty_config_derive/tests/config.rs	LOGGER	alacritty_config_derive/tests/config.rs	Logger
alacritty_config_derive/tests/config.rs	Logger	alacritty_config_derive/tests/config.rs	Logger
alacritty_config_derive/tests/config.rs	Test	alacritty_config_derive/tests/config.rs	Test
alacritty_config_derive/tests/config.rs	Test	alacritty_config_derive/tests/config.rs	Test2
alacritty_config_derive/tests/config.rs	Test	alacritty_config_derive/tests/config.rs	Test3
alacritty_config_derive/tests/config.rs	Test	alacritty_config_derive/tests/config.rs	TestEnum
alacritty_config_derive/tests/config.rs	Test2	alacritty_config_derive/tests/config.rs	NewType
alacritty_config_derive/tests/config.rs	TestEnum	alacritty_config_derive/tests/config.rs	TestEnum
alacritty_config_derive/tests/config.rs	config_deserialize	alacritty_config_derive/tests/config.rs	Logger
alacritty_config_derive/tests/config.rs	config_deserialize	alacritty_config_derive/tests/config.rs	Test
alacritty_config_derive/tests/config.rs	default	alacritty_config_derive/tests/config.rs	Test2
alacritty_config_derive/tests/config.rs	default	alacritty_config_derive/tests/config.rs	Test3
alacritty_config_derive/tests/config.rs	default	alacritty_config_derive/tests/config.rs	TestEnum
alacritty_config_derive/tests/config.rs	field_replacement	alacritty_config_derive/tests/config.rs	Test
alacritty_config_derive/tests/config.rs	replace_derive	alacritty_config_derive/tests/config.rs	Test
alacritty_config_derive/tests/config.rs	replace_derive_using_alias	alacritty_config_derive/tests/config.rs	Test
alacritty_config_derive/tests/config.rs	replace_derive_using_multiple_aliases	alacritty_config_derive/tests/config.rs	Test
alacritty_config_derive/tests/config.rs	replace_flatten	alacritty_config_derive/tests/config.rs	Test
alacritty_config_derive/tests/config.rs	replace_flatten_using_alias	alacritty_config_derive/tests/config.rs	Test
alacritty_terminal/src/event.rs	Event	alacritty_terminal/src/event.rs	Event
alacritty_terminal/src/event.rs	Event	alacritty_terminal/src/event.rs	WindowSize
alacritty_terminal/src/event.rs	Event	alacritty_terminal/src/term/mod.rs	ClipboardType
alacritty_terminal/src/event.rs	VoidListener	alacritty_terminal/src/event.rs	EventListener
alacritty_terminal/src/event.rs	VoidListener	alacritty_terminal/src/event.rs	VoidListener
alacritty_terminal/src/event.rs	WindowSize	alacritty_terminal/src/tty/unix.rs	ToWinsize
alacritty_terminal/src/event.rs	fmt	alacritty_terminal/src/event.rs	Event
alacritty_terminal/src/event.rs	on_resize	alacritty_terminal/src/event.rs	WindowSize
alacritty_terminal/src/event.rs	send_event	alacritty_terminal/src/event.rs	Event
alacritty_terminal/src/event_loop.rs	EventLoop	alacritty_terminal/src/event.rs	EventListener
alacritty_terminal/src/event_loop.rs	EventLoop	alacritty_terminal/src/event.rs	OnResize
alacritty_terminal/src/event_loop.rs	EventLoop	alacritty_terminal/src/event_loop.rs	EventLoop
alacritty_terminal/src/event_loop.rs	EventLoop	alacritty_terminal/src/event_loop.rs	Msg
alacritty_terminal/src/event_loop.rs	EventLoop	alacritty_terminal/src/event_loop.rs	PeekableReceiver
alacritty_terminal/src/event_loop.rs	EventLoop	alacritty_terminal/src/sync.rs	FairMutex
alacritty_terminal/src/event_loop.rs	EventLoop	alacritty_terminal/src/term/mod.rs	Term
alacritty_terminal/src/event_loop.rs	EventLoop	alacritty_terminal/src/tty/mod.rs	EventedPty
alacritty_terminal/src/event_loop.rs	EventLoopSendError	alacritty_terminal/src/event_loop.rs	EventLoopSendError
alacritty_terminal/src/event_loop.rs	EventLoopSendError	alacritty_terminal/src/event_loop.rs	Msg
alacritty_terminal/src/event_loop.rs	EventLoopSender	alacritty_terminal/src/event_loop.rs	EventLoopSender
alacritty_terminal/src/event_loop.rs	EventLoopSender	alacritty_terminal/src/event_loop.rs	Msg
alacritty_terminal/src/event_loop.rs	Msg	alacritty_terminal/src/event.rs	WindowSize
alacritty_terminal/src/event_loop.rs	Notifier	alacritty_terminal/src/event.rs	Notify
alacritty_terminal/src/event_loop.rs	Notifier	alacritty_terminal/src/event.rs	OnResize
alacritty_terminal/src/event_loop.rs	Notifier	alacritty_terminal/src/event_loop.rs	EventLoopSender
alacritty_terminal/src/event_loop.rs	Notifier	alacritty_terminal/src/event_loop.rs	Notifier
alacritty_terminal/src/event_loop.rs	PeekableReceiver	alacritty_terminal/src/event_loop.rs	PeekableReceiver
alacritty_terminal/src/event_loop.rs	State	alacritty_terminal/src/event_loop.rs	State
alacritty_terminal/src/event_loop.rs	State	alacritty_terminal/src/event_loop.rs	Writing
alacritty_terminal/src/event_loop.rs	Writing	alacritty_terminal/src/event_loop.rs	Writing
alacritty_terminal/src/event_loop.rs	channel	alacritty_terminal/src/event_loop.rs	EventLoopSender
alacritty_terminal/src/event_loop.rs	drain_recv_channel	alacritty_terminal/src/event_loop.rs	Msg
alacritty_terminal/src/event_loop.rs	drain_recv_channel	alacritty_terminal/src/event_loop.rs	State
alacritty_terminal/src/event_loop.rs	fmt	alacritty_terminal/src/event_loop.rs	EventLoopSendError
alacritty_terminal/src/event_loop.rs	goto_next	alacritty_terminal/src/event_loop.rs	Writing
alacritty_terminal/src/event_loop.rs	new	alacritty_terminal/src/event_loop.rs	EventLoop
alacritty_terminal/src/event_loop.rs	new	alacritty_terminal/src/event_loop.rs	PeekableReceiver
alacritty_terminal/src/event_loop.rs	new	alacritty_terminal/src/event_loop.rs	Writing
alacritty_terminal/src/event_loop.rs	new	alacritty_terminal/src/sync.rs	FairMutex
alacritty_terminal/src/event_loop.rs	new	alacritty_terminal/src/term/mod.rs	Term
alacritty_terminal/src/event_loop.rs	notify	alacritty_terminal/src/event_loop.rs	Msg
alacritty_terminal/src/event_loop.rs	on_resize	alacritty_terminal/src/event.rs	WindowSize
alacritty_terminal/src/event_loop.rs	on_resize	alacritty_terminal/src/event_loop.rs	Msg
alacritty_terminal/src/event_loop.rs	pty_read	alacritty_terminal/src/event.rs	Event
alacritty_terminal/src/event_loop.rs	pty_read	alacritty_terminal/src/event_loop.rs	State
alacritty_terminal/src/event_loop.rs	pty_write	alacritty_terminal/src/event_loop.rs	State
alacritty_terminal/src/event_loop.rs	send	alacritty_terminal/src/event_loop.rs	EventLoopSendError
alacritty_terminal/src/event_loop.rs	send	alacritty_terminal/src/event_loop.rs	Msg
alacritty_terminal/src/event_loop.rs	set_current	alacritty_terminal/src/event_loop.rs	Writing
alacritty_terminal/src/event_loop.rs	source	alacritty_terminal/src/event_loop.rs	EventLoopSendError
alacritty_terminal/src/event_loop.rs	spawn	alacritty_terminal/src/event.rs	Event
alacritty_terminal/src/event_loop.rs	spawn	alacritty_terminal/src/event_loop.rs	State
alacritty_terminal/src/event_loop.rs	spawn	alacritty_terminal/src/tty/mod.rs	ChildEvent
alacritty_terminal/src/event_loop.rs	take_current	alacritty_terminal/src/event_loop.rs	Writing
alacritty_terminal/src/grid/mod.rs	Charsets	alacritty_terminal/src/grid/mod.rs	Charsets
alacritty_terminal/src/grid/mod.rs	Cursor	alacritty_terminal/src/grid/mod.rs	Charsets
alacritty_terminal/src/grid/mod.rs	Cursor	alacritty_terminal/src/index.rs	Point
alacritty_terminal/src/grid/mod.rs	Grid	alacritty_terminal/src/grid/mod.rs	Cursor
alacritty_terminal/src/grid/mod.rs	Grid	alacritty_terminal/src/grid/mod.rs	Dimensions
alacritty_terminal/src/grid/mod.rs	Grid	alacritty_terminal/src/grid/mod.rs	Grid
alacritty_terminal/src/grid/mod.rs	Grid	alacritty_terminal/src/grid/mod.rs	GridCell
alacritty_terminal/src/grid/mod.rs	Grid	alacritty_terminal/src/grid/storage.rs	Storage
alacritty_terminal/src/grid/mod.rs	Grid	alacritty_terminal/src/index.rs	Line
alacritty_terminal/src/grid/mod.rs	Grid	alacritty_terminal/src/index.rs	Point
alacritty_terminal/src/grid/mod.rs	GridIterator	alacritty_terminal/src/grid/mod.rs	BidirectionalIterator
alacritty_terminal/src/grid/mod.rs	GridIterator	alacritty_terminal/src/grid/mod.rs	Grid
alacritty_terminal/src/grid/mod.rs	GridIterator	alacritty_terminal/src/grid/mod.rs	GridIterator
alacritty_terminal/src/grid/mod.rs	GridIterator	alacritty_terminal/src/index.rs	Point
alacritty_terminal/src/grid/mod.rs	Indexed	alacritty_terminal/src/grid/mod.rs	Indexed
alacritty_terminal/src/grid/mod.rs	Indexed	alacritty_terminal/src/index.rs	Point
alacritty_terminal/src/grid/mod.rs	Item	alacritty_terminal/src/grid/mod.rs	Indexed
alacritty_terminal/src/grid/mod.rs	Output	alacritty_terminal/src/grid/row.rs	Row
alacritty_terminal/src/grid/mod.rs	bottommost_line	alacritty_terminal/src/index.rs	Line
alacritty_terminal/src/grid/mod.rs	clear_viewport	alacritty_terminal/src/index.rs	Column
alacritty_terminal/src/grid/mod.rs	clear_viewport	alacritty_terminal/src/index.rs	Line
alacritty_terminal/src/grid/mod.rs	clear_viewport	alacritty_terminal/src/index.rs	Point
alacritty_terminal/src/grid/mod.rs	clear_viewport	alacritty_terminal/src/term/cell.rs	ResetDiscriminant
alacritty_terminal/src/grid/mod.rs	display_iter	alacritty_terminal/src/grid/mod.rs	GridIterator
alacritty_terminal/src/grid/mod.rs	display_iter	alacritty_terminal/src/index.rs	Line
alacritty_terminal/src/grid/mod.rs	display_iter	alacritty_terminal/src/index.rs	Point
alacritty_terminal/src/grid/mod.rs	flags	alacritty_terminal/src/term/cell.rs	Flags
alacritty_terminal/src/grid/mod.rs	flags_mut	alacritty_terminal/src/term/cell.rs	Flags
alacritty_terminal/src/grid/mod.rs	index	alacritty_terminal/src/grid/row.rs	Row
alacritty_terminal/src/grid/mod.rs	index	alacritty_terminal/src/index.rs	Line
alacritty_terminal/src/grid/mod.rs	index	alacritty_terminal/src/index.rs	Point
alacritty_terminal/src/grid/mod.rs	index_mut	alacritty_terminal/src/grid/row.rs	Row
alacritty_terminal/src/grid/mod.rs	index_mut	alacritty_terminal/src/index.rs	Line
alacritty_terminal/src/grid/mod.rs	index_mut	alacritty_terminal/src/index.rs	Point
alacritty_terminal/src/grid/mod.rs	initialize_all	alacritty_terminal/src/grid/mod.rs	GridCell
alacritty_terminal/src/grid/mod.rs	iter_from	alacritty_terminal/src/grid/mod.rs	GridIterator
alacritty_terminal/src/grid/mod.rs	iter_from	alacritty_terminal/src/index.rs	Point
alacritty_terminal/src/grid/mod.rs	last_column	alacritty_terminal/src/index.rs	Column
alacritty_terminal/src/grid/mod.rs	new	alacritty_terminal/src/grid/mod.rs	Cursor
alacritty_terminal/src/grid/mod.rs	new	alacritty_terminal/src/grid/mod.rs	Grid
alacritty_terminal/src/grid/mod.rs	new	alacritty_terminal/src/grid/storage.rs	Storage
alacritty_terminal/src/grid/mod.rs	next	alacritty_terminal/src/grid/mod.rs	Indexed
alacritty_terminal/src/grid/mod.rs	next	alacritty_terminal/src/index.rs	Column
alacritty_terminal/src/grid/mod.rs	next	alacritty_terminal/src/index.rs	Point
alacritty_terminal/src/grid/mod.rs	point	alacritty_terminal/src/index.rs	Point
alacritty_terminal/src/grid/mod.rs	prev	alacritty_terminal/src/grid/mod.rs	Indexed
alacritty_terminal/src/grid/mod.rs	prev	alacritty_terminal/src/index.rs	Column
alacritty_terminal/src/grid/mod.rs	prev	alacritty_terminal/src/index.rs	Point
alacritty_terminal/src/grid/mod.rs	reset	alacritty_terminal/src/grid/mod.rs	Cursor
alacritty_terminal/src/grid/mod.rs	reset	alacritty_terminal/src/index.rs	Line
alacritty_terminal/src/grid/mod.rs	reset	alacritty_terminal/src/term/cell.rs	ResetDiscriminant
alacritty_terminal/src/grid/mod.rs	reset_region	alacritty_terminal/src/grid/mod.rs	GridCell
alacritty_terminal/src/grid/mod.rs	reset_region	alacritty_terminal/src/index.rs	Line
alacritty_terminal/src/grid/mod.rs	reset_region	alacritty_terminal/src/term/cell.rs	ResetDiscriminant
alacritty_terminal/src/grid/mod.rs	scroll_display	alacritty_terminal/src/grid/mod.rs	Scroll
alacritty_terminal/src/grid/mod.rs	scroll_down	alacritty_terminal/src/index.rs	Line
alacritty_terminal/src/grid/mod.rs	scroll_down	alacritty_terminal/src/term/cell.rs	ResetDiscriminant
alacritty_terminal/src/grid/mod.rs	scroll_up	alacritty_terminal/src/index.rs	Line
alacritty_terminal/src/grid/mod.rs	scroll_up	alacritty_terminal/src/term/cell.rs	ResetDiscriminant
alacritty_terminal/src/grid/mod.rs	topmost_line	alacritty_terminal/src/index.rs	Line
alacritty_terminal/src/grid/mod.rs	usize	alacritty_terminal/src/grid/mod.rs	Dimensions
alacritty_terminal/src/grid/resize.rs	Grid	alacritty_terminal/src/grid/mod.rs	Grid
alacritty_terminal/src/grid/resize.rs	Grid	alacritty_terminal/src/grid/mod.rs	GridCell
alacritty_terminal/src/grid/resize.rs	grow_columns	alacritty_terminal/src/grid/row.rs	Row
alacritty_terminal/src/grid/resize.rs	grow_columns	alacritty_terminal/src/index.rs	Boundary
alacritty_terminal/src/grid/resize.rs	grow_columns	alacritty_terminal/src/index.rs	Column
alacritty_terminal/src/grid/resize.rs	grow_columns	alacritty_terminal/src/index.rs	Line
alacritty_terminal/src/grid/resize.rs	grow_columns	alacritty_terminal/src/term/cell.rs	Flags
alacritty_terminal/src/grid/resize.rs	grow_lines	alacritty_terminal/src/index.rs	Line
alacritty_terminal/src/grid/resize.rs	grow_lines	alacritty_terminal/src/term/cell.rs	ResetDiscriminant
alacritty_terminal/src/grid/resize.rs	resize	alacritty_terminal/src/term/cell.rs	ResetDiscriminant
alacritty_terminal/src/grid/resize.rs	shrink_columns	alacritty_terminal/src/grid/row.rs	Row
alacritty_terminal/src/grid/resize.rs	shrink_columns	alacritty_terminal/src/index.rs	Boundary
alacritty_terminal/src/grid/resize.rs	shrink_columns	alacritty_terminal/src/index.rs	Column
alacritty_terminal/src/grid/resize.rs	shrink_columns	alacritty_terminal/src/index.rs	Line
alacritty_terminal/src/grid/resize.rs	shrink_columns	alacritty_terminal/src/term/cell.rs	Flags
alacritty_terminal/src/grid/resize.rs	shrink_lines	alacritty_terminal/src/index.rs	Line
alacritty_terminal/src/grid/resize.rs	shrink_lines	alacritty_terminal/src/term/cell.rs	ResetDiscriminant
alacritty_terminal/src/grid/row.rs	Row	alacritty_terminal/src/grid/row.rs	Row
alacritty_terminal/src/grid/row.rs	Row	alacritty_terminal/src/index.rs	Column
alacritty_terminal/src/grid/row.rs	Row	alacritty_terminal/src/term/cell.rs	LineLength
alacritty_terminal/src/grid/row.rs	append	alacritty_terminal/src/grid/mod.rs	GridCell
alacritty_terminal/src/grid/row.rs	from_vec	alacritty_terminal/src/grid/row.rs	Row
alacritty_terminal/src/grid/row.rs	index	alacritty_terminal/src/index.rs	Column
alacritty_terminal/src/grid/row.rs	index_mut	alacritty_terminal/src/index.rs	Column
alacritty_terminal/src/grid/row.rs	is_clear	alacritty_terminal/src/grid/mod.rs	GridCell
alacritty_terminal/src/grid/row.rs	new	alacritty_terminal/src/grid/row.rs	Row
alacritty_terminal/src/grid/row.rs	reset	alacritty_terminal/src/grid/mod.rs	GridCell
alacritty_terminal/src/grid/row.rs	reset	alacritty_terminal/src/term/cell.rs	ResetDiscriminant
alacritty_terminal/src/grid/row.rs	shrink	alacritty_terminal/src/grid/mod.rs	GridCell
alacritty_terminal/src/grid/storage.rs	Output	alacritty_terminal/src/grid/row.rs	Row
alacritty_terminal/src/grid/storage.rs	Storage	alacritty_terminal/src/grid/row.rs	Row
alacritty_terminal/src/grid/storage.rs	Storage	alacritty_terminal/src/grid/storage.rs	Storage
alacritty_terminal/src/grid/storage.rs	Storage	alacritty_terminal/src/index.rs	Line
alacritty_terminal/src/grid/storage.rs	compute_index	alacritty_terminal/src/index.rs	Line
alacritty_terminal/src/grid/storage.rs	filled_row	alacritty_terminal/src/grid/row.rs	Row
alacritty_terminal/src/grid/storage.rs	grow_after_zero	alacritty_terminal/src/grid/storage.rs	Storage
alacritty_terminal/src/grid/storage.rs	grow_before_zero	alacritty_terminal/src/grid/storage.rs	Storage
alacritty_terminal/src/grid/storage.rs	grow_visible_lines	alacritty_terminal/src/index.rs	Line
alacritty_terminal/src/grid/storage.rs	index	alacritty_terminal/src/index.rs	Line
alacritty_terminal/src/grid/storage.rs	index_mut	alacritty_terminal/src/index.rs	Line
alacritty_terminal/src/grid/storage.rs	indexing	alacritty_terminal/src/grid/storage.rs	Storage
alacritty_terminal/src/grid/storage.rs	indexing	alacritty_terminal/src/index.rs	Line
alacritty_terminal/src/grid/storage.rs	indexing_above_inner_len	alacritty_terminal/src/grid/storage.rs	Storage
alacritty_terminal/src/grid/storage.rs	indexing_above_inner_len	alacritty_terminal/src/index.rs	Line
alacritty_terminal/src/grid/storage.rs	initialize	alacritty_terminal/src/grid/row.rs	Row
alacritty_terminal/src/grid/storage.rs	initialize	alacritty_terminal/src/grid/storage.rs	Storage
alacritty_terminal/src/grid/storage.rs	replace_inner	alacritty_terminal/src/grid/row.rs	Row
alacritty_terminal/src/grid/storage.rs	rotate	alacritty_terminal/src/grid/storage.rs	Storage
alacritty_terminal/src/grid/storage.rs	rotate_wrap_zero	alacritty_terminal/src/grid/storage.rs	Storage
alacritty_terminal/src/grid/storage.rs	shrink_after_zero	alacritty_terminal/src/grid/storage.rs	Storage
alacritty_terminal/src/grid/storage.rs	shrink_before_and_after_zero	alacritty_terminal/src/grid/storage.rs	Storage
alacritty_terminal/src/grid/storage.rs	shrink_before_zero	alacritty_terminal/src/grid/storage.rs	Storage
alacritty_terminal/src/grid/storage.rs	shrink_then_grow	alacritty_terminal/src/grid/storage.rs	Storage
alacritty_terminal/src/grid/storage.rs	swap	alacritty_terminal/src/index.rs	Line
alacritty_terminal/src/grid/storage.rs	take_all	alacritty_terminal/src/grid/row.rs	Row
alacritty_terminal/src/grid/storage.rs	truncate_invisible_lines	alacritty_terminal/src/grid/storage.rs	Storage
alacritty_terminal/src/grid/storage.rs	truncate_invisible_lines_beginning	alacritty_terminal/src/grid/storage.rs	Storage
alacritty_terminal/src/grid/storage.rs	with_capacity	alacritty_terminal/src/grid/row.rs	Row
alacritty_terminal/src/grid/storage.rs	with_capacity	alacritty_terminal/src/grid/storage.rs	Storage
alacritty_terminal/src/index.rs	Column	alacritty_terminal/src/index.rs	Column
alacritty_terminal/src/index.rs	Direction	alacritty_terminal/src/index.rs	Direction
alacritty_terminal/src/index.rs	Line	alacritty_terminal/src/index.rs	Line
alacritty_terminal/src/index.rs	Output	alacritty_terminal/src/index.rs	Line
alacritty_terminal/src/index.rs	Point	alacritty_terminal/src/index.rs	Column
alacritty_terminal/src/index.rs	Point	alacritty_terminal/src/index.rs	Line
alacritty_terminal/src/index.rs	Point	alacritty_terminal/src/index.rs	Point
alacritty_terminal/src/index.rs	Side	alacritty_terminal/src/index.rs	Direction
alacritty_terminal/src/index.rs	add	alacritty_terminal/src/grid/mod.rs	Dimensions
alacritty_terminal/src/index.rs	add	alacritty_terminal/src/index.rs	Boundary
alacritty_terminal/src/index.rs	add	alacritty_terminal/src/index.rs	Column
alacritty_terminal/src/index.rs	add	alacritty_terminal/src/index.rs	Line
alacritty_terminal/src/index.rs	add	alacritty_terminal/src/index.rs	Point
alacritty_terminal/src/index.rs	add_clamp	alacritty_terminal/src/index.rs	Boundary
alacritty_terminal/src/index.rs	add_clamp	alacritty_terminal/src/index.rs	Column
alacritty_terminal/src/index.rs	add_clamp	alacritty_terminal/src/index.rs	Line
alacritty_terminal/src/index.rs	add_clamp	alacritty_terminal/src/index.rs	Point
alacritty_terminal/src/index.rs	add_grid_clamp	alacritty_terminal/src/index.rs	Boundary
alacritty_terminal/src/index.rs	add_grid_clamp	alacritty_terminal/src/index.rs	Column
alacritty_terminal/src/index.rs	add_grid_clamp	alacritty_terminal/src/index.rs	Line
alacritty_terminal/src/index.rs	add_grid_clamp	alacritty_terminal/src/index.rs	Point
alacritty_terminal/src/index.rs	add_none_clamp	alacritty_terminal/src/index.rs	Boundary
alacritty_terminal/src/index.rs	add_none_clamp	alacritty_terminal/src/index.rs	Column
alacritty_terminal/src/index.rs	add_none_clamp	alacritty_terminal/src/index.rs	Line
alacritty_terminal/src/index.rs	add_none_clamp	alacritty_terminal/src/index.rs	Point
alacritty_terminal/src/index.rs	add_wrap	alacritty_terminal/src/index.rs	Boundary
alacritty_terminal/src/index.rs	add_wrap	alacritty_terminal/src/index.rs	Line
alacritty_terminal/src/index.rs	add_wrap	alacritty_terminal/src/index.rs	Point
alacritty_terminal/src/index.rs	cmp	alacritty_terminal/src/index.rs	Point
alacritty_terminal/src/index.rs	grid_clamp	alacritty_terminal/src/grid/mod.rs	Dimensions
alacritty_terminal/src/index.rs	grid_clamp	alacritty_terminal/src/index.rs	Boundary
alacritty_terminal/src/index.rs	grid_clamp	alacritty_terminal/src/index.rs	Column
alacritty_terminal/src/index.rs	grid_clamp	alacritty_terminal/src/index.rs	Line
alacritty_terminal/src/index.rs	grid_clamp	alacritty_terminal/src/index.rs	Point
alacritty_terminal/src/index.rs	new	alacritty_terminal/src/index.rs	Point
alacritty_terminal/src/index.rs	opposite	alacritty_terminal/src/index.rs	Side
alacritty_terminal/src/index.rs	partial_cmp	alacritty_terminal/src/index.rs	Point
alacritty_terminal/src/index.rs	sub	alacritty_terminal/src/grid/mod.rs	Dimensions
alacritty_terminal/src/index.rs	sub	alacritty_terminal/src/index.rs	Boundary
alacritty_terminal/src/index.rs	sub	alacritty_terminal/src/index.rs	Column
alacritty_terminal/src/index.rs	sub	alacritty_terminal/src/index.rs	Line
alacritty_terminal/src/index.rs	sub	alacritty_terminal/src/index.rs	Point
alacritty_terminal/src/index.rs	sub_clamp	alacritty_terminal/src/index.rs	Boundary
alacritty_terminal/src/index.rs	sub_clamp	alacritty_terminal/src/index.rs	Column
alacritty_terminal/src/index.rs	sub_clamp	alacritty_terminal/src/index.rs	Line
alacritty_terminal/src/index.rs	sub_clamp	alacritty_terminal/src/index.rs	Point
alacritty_terminal/src/index.rs	sub_grid_clamp	alacritty_terminal/src/index.rs	Boundary
alacritty_terminal/src/index.rs	sub_grid_clamp	alacritty_terminal/src/index.rs	Column
alacritty_terminal/src/index.rs	sub_grid_clamp	alacritty_terminal/src/index.rs	Line
alacritty_terminal/src/index.rs	sub_grid_clamp	alacritty_terminal/src/index.rs	Point
alacritty_terminal/src/index.rs	sub_none_clamp	alacritty_terminal/src/index.rs	Boundary
alacritty_terminal/src/index.rs	sub_none_clamp	alacritty_terminal/src/index.rs	Column
alacritty_terminal/src/index.rs	sub_none_clamp	alacritty_terminal/src/index.rs	Line
alacritty_terminal/src/index.rs	sub_none_clamp	alacritty_terminal/src/index.rs	Point
alacritty_terminal/src/index.rs	sub_wrap	alacritty_terminal/src/index.rs	Boundary
alacritty_terminal/src/index.rs	sub_wrap	alacritty_terminal/src/index.rs	Column
alacritty_terminal/src/index.rs	sub_wrap	alacritty_terminal/src/index.rs	Line
alacritty_terminal/src/index.rs	sub_wrap	alacritty_terminal/src/index.rs	Point
alacritty_terminal/src/selection.rs	Anchor	alacritty_terminal/src/index.rs	Point
alacritty_terminal/src/selection.rs	Anchor	alacritty_terminal/src/index.rs	Side
alacritty_terminal/src/selection.rs	Anchor	alacritty_terminal/src/selection.rs	Anchor
alacritty_terminal/src/selection.rs	Selection	alacritty_terminal/src/selection.rs	Anchor
alacritty_terminal/src/selection.rs	Selection	alacritty_terminal/src/selection.rs	Selection
alacritty_terminal/src/selection.rs	Selection	alacritty_terminal/src/selection.rs	SelectionType
alacritty_terminal/src/selection.rs	SelectionRange	alacritty_terminal/src/index.rs	Point
alacritty_terminal/src/selection.rs	SelectionRange	alacritty_terminal/src/selection.rs	SelectionRange
alacritty_terminal/src/selection.rs	across_adjacent_lines_upward_final_cell_exclusive	alacritty_terminal/src/index.rs	Column
alacritty_terminal/src/selection.rs	across_adjacent_lines_upward_final_cell_exclusive	alacritty_terminal/src/index.rs	Line
alacritty_terminal/src/selection.rs	across_adjacent_lines_upward_final_cell_exclusive	alacritty_terminal/src/index.rs	Point
alacritty_terminal/src/selection.rs	across_adjacent_lines_upward_final_cell_exclusive	alacritty_terminal/src/index.rs	Side
alacritty_terminal/src/selection.rs	across_adjacent_lines_upward_final_cell_exclusive	alacritty_terminal/src/selection.rs	Selection
alacritty_terminal/src/selection.rs	across_adjacent_lines_upward_final_cell_exclusive	alacritty_terminal/src/selection.rs	SelectionType
alacritty_terminal/src/selection.rs	between_adjacent_cells_left_to_right	alacritty_terminal/src/index.rs	Column
alacritty_terminal/src/selection.rs	between_adjacent_cells_left_to_right	alacritty_terminal/src/index.rs	Line
alacritty_terminal/src/selection.rs	between_adjacent_cells_left_to_right	alacritty_terminal/src/index.rs	Point
alacritty_terminal/src/selection.rs	between_adjacent_cells_left_to_right	alacritty_terminal/src/index.rs	Side
alacritty_terminal/src/selection.rs	between_adjacent_cells_left_to_right	alacritty_terminal/src/selection.rs	Selection
alacritty_terminal/src/selection.rs	between_adjacent_cells_left_to_right	alacritty_terminal/src/selection.rs	SelectionType
alacritty_terminal/src/selection.rs	between_adjacent_cells_right_to_left	alacritty_terminal/src/index.rs	Column
alacritty_terminal/src/selection.rs	between_adjacent_cells_right_to_left	alacritty_terminal/src/index.rs	Line
alacritty_terminal/src/selection.rs	between_adjacent_cells_right_to_left	alacritty_terminal/src/index.rs	Point
alacritty_terminal/src/selection.rs	between_adjacent_cells_right_to_left	alacritty_terminal/src/index.rs	Side
alacritty_terminal/src/selection.rs	between_adjacent_cells_right_to_left	alacritty_terminal/src/selection.rs	Selection
alacritty_terminal/src/selection.rs	between_adjacent_cells_right_to_left	alacritty_terminal/src/selection.rs	SelectionType
alacritty_terminal/src/selection.rs	block_is_empty	alacritty_terminal/src/index.rs	Column
alacritty_terminal/src/selection.rs	block_is_empty	alacritty_terminal/src/index.rs	Line
alacritty_terminal/src/selection.rs	block_is_empty	alacritty_terminal/src/index.rs	Point
alacritty_terminal/src/selection.rs	block_is_empty	alacritty_terminal/src/index.rs	Side
alacritty_terminal/src/selection.rs	block_is_empty	alacritty_terminal/src/selection.rs	Selection
alacritty_terminal/src/selection.rs	block_is_empty	alacritty_terminal/src/selection.rs	SelectionType
alacritty_terminal/src/selection.rs	block_selection	alacritty_terminal/src/index.rs	Column
alacritty_terminal/src/selection.rs	block_selection	alacritty_terminal/src/index.rs	Line
alacritty_terminal/src/selection.rs	block_selection	alacritty_terminal/src/index.rs	Point
alacritty_terminal/src/selection.rs	block_selection	alacritty_terminal/src/index.rs	Side
alacritty_terminal/src/selection.rs	block_selection	alacritty_terminal/src/selection.rs	Selection
alacritty_terminal/src/selection.rs	block_selection	alacritty_terminal/src/selection.rs	SelectionType
alacritty_terminal/src/selection.rs	contains	alacritty_terminal/src/index.rs	Point
alacritty_terminal/src/selection.rs	contains_cell	alacritty_terminal/src/grid/mod.rs	Indexed
alacritty_terminal/src/selection.rs	contains_cell	alacritty_terminal/src/index.rs	Point
alacritty_terminal/src/selection.rs	contains_cell	alacritty_terminal/src/term/cell.rs	Cell
alacritty_terminal/src/selection.rs	contains_cell	alacritty_terminal/src/term/cell.rs	Flags
alacritty_terminal/src/selection.rs	include_all	alacritty_terminal/src/index.rs	Side
alacritty_terminal/src/selection.rs	include_all	alacritty_terminal/src/selection.rs	SelectionType
alacritty_terminal/src/selection.rs	intersects_range	alacritty_terminal/src/index.rs	Line
alacritty_terminal/src/selection.rs	is_empty	alacritty_terminal/src/index.rs	Side
alacritty_terminal/src/selection.rs	is_empty	alacritty_terminal/src/selection.rs	SelectionType
alacritty_terminal/src/selection.rs	line_selection	alacritty_terminal/src/index.rs	Column
alacritty_terminal/src/selection.rs	line_selection	alacritty_terminal/src/index.rs	Line
alacritty_terminal/src/selection.rs	line_selection	alacritty_terminal/src/index.rs	Point
alacritty_terminal/src/selection.rs	line_selection	alacritty_terminal/src/index.rs	Side
alacritty_terminal/src/selection.rs	line_selection	alacritty_terminal/src/selection.rs	Selection
alacritty_terminal/src/selection.rs	line_selection	alacritty_terminal/src/selection.rs	SelectionType
alacritty_terminal/src/selection.rs	new	alacritty_terminal/src/index.rs	Point
alacritty_terminal/src/selection.rs	new	alacritty_terminal/src/index.rs	Side
alacritty_terminal/src/selection.rs	new	alacritty_terminal/src/selection.rs	Anchor
alacritty_terminal/src/selection.rs	new	alacritty_terminal/src/selection.rs	Selection
alacritty_terminal/src/selection.rs	new	alacritty_terminal/src/selection.rs	SelectionType
alacritty_terminal/src/selection.rs	range_block	alacritty_terminal/src/index.rs	Side
alacritty_terminal/src/selection.rs	range_block	alacritty_terminal/src/selection.rs	Anchor
alacritty_terminal/src/selection.rs	range_block	alacritty_terminal/src/selection.rs	SelectionRange
alacritty_terminal/src/selection.rs	range_intersection	alacritty_terminal/src/index.rs	Column
alacritty_terminal/src/selection.rs	range_intersection	alacritty_terminal/src/index.rs	Line
alacritty_terminal/src/selection.rs	range_intersection	alacritty_terminal/src/index.rs	Point
alacritty_terminal/src/selection.rs	range_intersection	alacritty_terminal/src/index.rs	Side
alacritty_terminal/src/selection.rs	range_intersection	alacritty_terminal/src/selection.rs	Selection
alacritty_terminal/src/selection.rs	range_intersection	alacritty_terminal/src/selection.rs	SelectionType
alacritty_terminal/src/selection.rs	range_lines	alacritty_terminal/src/index.rs	Point
alacritty_terminal/src/selection.rs	range_lines	alacritty_terminal/src/selection.rs	SelectionRange
alacritty_terminal/src/selection.rs	range_lines	alacritty_terminal/src/term/mod.rs	Term
alacritty_terminal/src/selection.rs	range_semantic	alacritty_terminal/src/index.rs	Point
alacritty_terminal/src/selection.rs	range_semantic	alacritty_terminal/src/selection.rs	SelectionRange
alacritty_terminal/src/selection.rs	range_semantic	alacritty_terminal/src/term/mod.rs	Term
alacritty_terminal/src/selection.rs	range_simple	alacritty_terminal/src/index.rs	Column
alacritty_terminal/src/selection.rs	range_simple	alacritty_terminal/src/index.rs	Side
alacritty_terminal/src/selection.rs	range_simple	alacritty_terminal/src/selection.rs	Anchor
alacritty_terminal/src/selection.rs	range_simple	alacritty_terminal/src/selection.rs	SelectionRange
alacritty_terminal/src/selection.rs	rotate	alacritty_terminal/src/grid/mod.rs	Dimensions
alacritty_terminal/src/selection.rs	rotate	alacritty_terminal/src/index.rs	Column
alacritty_terminal/src/selection.rs	rotate	alacritty_terminal/src/index.rs	Line
alacritty_terminal/src/selection.rs	rotate	alacritty_terminal/src/index.rs	Side
alacritty_terminal/src/selection.rs	rotate	alacritty_terminal/src/selection.rs	Selection
alacritty_terminal/src/selection.rs	rotate	alacritty_terminal/src/selection.rs	SelectionType
alacritty_terminal/src/selection.rs	rotate_in_region_down	alacritty_terminal/src/index.rs	Column
alacritty_terminal/src/selection.rs	rotate_in_region_down	alacritty_terminal/src/index.rs	Line
alacritty_terminal/src/selection.rs	rotate_in_region_down	alacritty_terminal/src/index.rs	Point
alacritty_terminal/src/selection.rs	rotate_in_region_down	alacritty_terminal/src/index.rs	Side
alacritty_terminal/src/selection.rs	rotate_in_region_down	alacritty_terminal/src/selection.rs	Selection
alacritty_terminal/src/selection.rs	rotate_in_region_down	alacritty_terminal/src/selection.rs	SelectionType
alacritty_terminal/src/selection.rs	rotate_in_region_up	alacritty_terminal/src/index.rs	Column
alacritty_terminal/src/selection.rs	rotate_in_region_up	alacritty_terminal/src/index.rs	Line
alacritty_terminal/src/selection.rs	rotate_in_region_up	alacritty_terminal/src/index.rs	Point
alacritty_terminal/src/selection.rs	rotate_in_region_up	alacritty_terminal/src/index.rs	Side
alacritty_terminal/src/selection.rs	rotate_in_region_up	alacritty_terminal/src/selection.rs	Selection
alacritty_terminal/src/selection.rs	rotate_in_region_up	alacritty_terminal/src/selection.rs	SelectionType
alacritty_terminal/src/selection.rs	rotate_in_region_up_block	alacritty_terminal/src/index.rs	Column
alacritty_terminal/src/selection.rs	rotate_in_region_up_block	alacritty_terminal/src/index.rs	Line
alacritty_terminal/src/selection.rs	rotate_in_region_up_block	alacritty_terminal/src/index.rs	Point
alacritty_terminal/src/selection.rs	rotate_in_region_up_block	alacritty_terminal/src/index.rs	Side
alacritty_terminal/src/selection.rs	rotate_in_region_up_block	alacritty_terminal/src/selection.rs	Selection
alacritty_terminal/src/selection.rs	rotate_in_region_up_block	alacritty_terminal/src/selection.rs	SelectionType
alacritty_terminal/src/selection.rs	selection_bigger_then_smaller	alacritty_terminal/src/index.rs	Column
alacritty_terminal/src/selection.rs	selection_bigger_then_smaller	alacritty_terminal/src/index.rs	Line
alacritty_terminal/src/selection.rs	selection_bigger_then_smaller	alacritty_terminal/src/index.rs	Point
alacritty_terminal/src/selection.rs	selection_bigger_then_smaller	alacritty_terminal/src/index.rs	Side
alacritty_terminal/src/selection.rs	selection_bigger_then_smaller	alacritty_terminal/src/selection.rs	Selection
alacritty_terminal/src/selection.rs	selection_bigger_then_smaller	alacritty_terminal/src/selection.rs	SelectionType
alacritty_terminal/src/selection.rs	semantic_selection	alacritty_terminal/src/index.rs	Column
alacritty_terminal/src/selection.rs	semantic_selection	alacritty_terminal/src/index.rs	Line
alacritty_terminal/src/selection.rs	semantic_selection	alacritty_terminal/src/index.rs	Point
alacritty_terminal/src/selection.rs	semantic_selection	alacritty_terminal/src/index.rs	Side
alacritty_terminal/src/selection.rs	semantic_selection	alacritty_terminal/src/selection.rs	Selection
alacritty_terminal/src/selection.rs	semantic_selection	alacritty_terminal/src/selection.rs	SelectionType
alacritty_terminal/src/selection.rs	simple_is_empty	alacritty_terminal/src/index.rs	Column
alacritty_terminal/src/selection.rs	simple_is_empty	alacritty_terminal/src/index.rs	Line
alacritty_terminal/src/selection.rs	simple_is_empty	alacritty_terminal/src/index.rs	Point
alacritty_terminal/src/selection.rs	simple_is_empty	alacritty_terminal/src/index.rs	Side
alacritty_terminal/src/selection.rs	simple_is_empty	alacritty_terminal/src/selection.rs	Selection
alacritty_terminal/src/selection.rs	simple_is_empty	alacritty_terminal/src/selection.rs	SelectionType
alacritty_terminal/src/selection.rs	simple_selection	alacritty_terminal/src/index.rs	Column
alacritty_terminal/src/selection.rs	simple_selection	alacritty_terminal/src/index.rs	Line
alacritty_terminal/src/selection.rs	simple_selection	alacritty_terminal/src/index.rs	Point
alacritty_terminal/src/selection.rs	simple_selection	alacritty_terminal/src/index.rs	Side
alacritty_terminal/src/selection.rs	simple_selection	alacritty_terminal/src/selection.rs	Selection
alacritty_terminal/src/selection.rs	simple_selection	alacritty_terminal/src/selection.rs	SelectionType
alacritty_terminal/src/selection.rs	single_cell_left_to_right	alacritty_terminal/src/index.rs	Column
alacritty_terminal/src/selection.rs	single_cell_left_to_right	alacritty_terminal/src/index.rs	Line
alacritty_terminal/src/selection.rs	single_cell_left_to_right	alacritty_terminal/src/index.rs	Point
alacritty_terminal/src/selection.rs	single_cell_left_to_right	alacritty_terminal/src/index.rs	Side
alacritty_terminal/src/selection.rs	single_cell_left_to_right	alacritty_terminal/src/selection.rs	Selection
alacritty_terminal/src/selection.rs	single_cell_left_to_right	alacritty_terminal/src/selection.rs	SelectionType
alacritty_terminal/src/selection.rs	single_cell_right_to_left	alacritty_terminal/src/index.rs	Column
alacritty_terminal/src/selection.rs	single_cell_right_to_left	alacritty_terminal/src/index.rs	Line
alacritty_terminal/src/selection.rs	single_cell_right_to_left	alacritty_terminal/src/index.rs	Point
alacritty_terminal/src/selection.rs	single_cell_right_to_left	alacritty_terminal/src/index.rs	Side
alacritty_terminal/src/selection.rs	single_cell_right_to_left	alacritty_terminal/src/selection.rs	Selection
alacritty_terminal/src/selection.rs	single_cell_right_to_left	alacritty_terminal/src/selection.rs	SelectionType
alacritty_terminal/src/selection.rs	term	alacritty_terminal/src/term/mod.rs	Term
alacritty_terminal/src/selection.rs	to_range	alacritty_terminal/src/index.rs	Boundary
alacritty_terminal/src/selection.rs	to_range	alacritty_terminal/src/selection.rs	SelectionRange
alacritty_terminal/src/selection.rs	to_range	alacritty_terminal/src/selection.rs	SelectionType
alacritty_terminal/src/selection.rs	to_range	alacritty_terminal/src/term/mod.rs	Term
alacritty_terminal/src/selection.rs	update	alacritty_terminal/src/index.rs	Point
alacritty_terminal/src/selection.rs	update	alacritty_terminal/src/index.rs	Side
alacritty_terminal/src/selection.rs	update	alacritty_terminal/src/selection.rs	Anchor
alacritty_terminal/src/sync.rs	FairMutex	alacritty_terminal/src/sync.rs	FairMutex
alacritty_terminal/src/sync.rs	new	alacritty_terminal/src/sync.rs	FairMutex
alacritty_terminal/src/term/cell.rs	Cell	alacritty_terminal/src/grid/mod.rs	GridCell
alacritty_terminal/src/term/cell.rs	Cell	alacritty_terminal/src/term/cell.rs	Cell
alacritty_terminal/src/term/cell.rs	Cell	alacritty_terminal/src/term/cell.rs	CellExtra
alacritty_terminal/src/term/cell.rs	Cell	alacritty_terminal/src/term/cell.rs	Flags
alacritty_terminal/src/term/cell.rs	Cell	alacritty_terminal/src/term/cell.rs	ResetDiscriminant
alacritty_terminal/src/term/cell.rs	CellExtra	alacritty_terminal/src/term/cell.rs	Hyperlink
alacritty_terminal/src/term/cell.rs	Hyperlink	alacritty_terminal/src/term/cell.rs	Hyperlink
alacritty_terminal/src/term/cell.rs	Hyperlink	alacritty_terminal/src/term/cell.rs	HyperlinkInner
alacritty_terminal/src/term/cell.rs	HyperlinkInner	alacritty_terminal/src/term/cell.rs	HyperlinkInner
alacritty_terminal/src/term/cell.rs	T	alacritty_terminal/src/term/cell.rs	ResetDiscriminant
alacritty_terminal/src/term/cell.rs	VteHyperlink	alacritty_terminal/src/term/cell.rs	Hyperlink
alacritty_terminal/src/term/cell.rs	clear_wide	alacritty_terminal/src/term/cell.rs	Flags
alacritty_terminal/src/term/cell.rs	default	alacritty_terminal/src/term/cell.rs	Cell
alacritty_terminal/src/term/cell.rs	default	alacritty_terminal/src/term/cell.rs	Flags
alacritty_terminal/src/term/cell.rs	flags	alacritty_terminal/src/term/cell.rs	Flags
alacritty_terminal/src/term/cell.rs	flags_mut	alacritty_terminal/src/term/cell.rs	Flags
alacritty_terminal/src/term/cell.rs	from	alacritty_terminal/src/term/cell.rs	Cell
alacritty_terminal/src/term/cell.rs	from	alacritty_terminal/src/term/cell.rs	Hyperlink
alacritty_terminal/src/term/cell.rs	grid	alacritty_terminal/src/grid/row.rs	Row
alacritty_terminal/src/term/cell.rs	grid	alacritty_terminal/src/term/cell.rs	Cell
alacritty_terminal/src/term/cell.rs	grid	alacritty_terminal/src/term/cell.rs	LineLength
alacritty_terminal/src/term/cell.rs	hyperlink	alacritty_terminal/src/term/cell.rs	Hyperlink
alacritty_terminal/src/term/cell.rs	is_empty	alacritty_terminal/src/term/cell.rs	Flags
alacritty_terminal/src/term/cell.rs	line_length	alacritty_terminal/src/index.rs	Column
alacritty_terminal/src/term/cell.rs	line_length	alacritty_terminal/src/term/cell.rs	Flags
alacritty_terminal/src/term/cell.rs	line_length_works	alacritty_terminal/src/index.rs	Column
alacritty_terminal/src/term/cell.rs	line_length_works	alacritty_terminal/src/term/cell.rs	Cell
alacritty_terminal/src/term/cell.rs	line_length_works_with_wrapline	alacritty_terminal/src/index.rs	Column
alacritty_terminal/src/term/cell.rs	line_length_works_with_wrapline	alacritty_terminal/src/term/cell.rs	Cell
alacritty_terminal/src/term/cell.rs	line_length_works_with_wrapline	alacritty_terminal/src/term/cell.rs	Flags
alacritty_terminal/src/term/cell.rs	new	alacritty_terminal/src/term/cell.rs	HyperlinkInner
alacritty_terminal/src/term/cell.rs	reset	alacritty_terminal/src/term/cell.rs	Cell
alacritty_terminal/src/term/cell.rs	set_hyperlink	alacritty_terminal/src/term/cell.rs	Hyperlink
alacritty_terminal/src/term/color.rs	Colors	alacritty_terminal/src/term/color.rs	Colors
alacritty_terminal/src/term/mod.rs	Config	alacritty_terminal/src/term/mod.rs	Config
alacritty_terminal/src/term/mod.rs	Config	alacritty_terminal/src/term/mod.rs	Osc52
alacritty_terminal/src/term/mod.rs	Item	alacritty_terminal/src/term/mod.rs	LineDamageBounds
alacritty_terminal/src/term/mod.rs	LineDamageBounds	alacritty_terminal/src/term/mod.rs	LineDamageBounds
alacritty_terminal/src/term/mod.rs	ModeState	alacritty_terminal/src/term/mod.rs	ModeState
alacritty_terminal/src/term/mod.rs	RenderableContent	alacritty_terminal/src/grid/mod.rs	GridIterator
alacritty_terminal/src/term/mod.rs	RenderableContent	alacritty_terminal/src/selection.rs	SelectionRange
alacritty_terminal/src/term/mod.rs	RenderableContent	alacritty_terminal/src/term/cell.rs	Cell
alacritty_terminal/src/term/mod.rs	RenderableContent	alacritty_terminal/src/term/color.rs	Colors
alacritty_terminal/src/term/mod.rs	RenderableContent	alacritty_terminal/src/term/mod.rs	RenderableContent
alacritty_terminal/src/term/mod.rs	RenderableContent	alacritty_terminal/src/term/mod.rs	RenderableCursor
alacritty_terminal/src/term/mod.rs	RenderableContent	alacritty_terminal/src/term/mod.rs	TermMode
alacritty_terminal/src/term/mod.rs	RenderableCursor	alacritty_terminal/src/index.rs	Point
alacritty_terminal/src/term/mod.rs	RenderableCursor	alacritty_terminal/src/term/mod.rs	RenderableCursor
alacritty_terminal/src/term/mod.rs	TabStops	alacritty_terminal/src/index.rs	Column
alacritty_terminal/src/term/mod.rs	TabStops	alacritty_terminal/src/term/mod.rs	TabStops
alacritty_terminal/src/term/mod.rs	Term	alacritty_terminal/src/event.rs	EventListener
alacritty_terminal/src/term/mod.rs	Term	alacritty_terminal/src/grid/mod.rs	Dimensions
alacritty_terminal/src/term/mod.rs	Term	alacritty_terminal/src/grid/mod.rs	Grid
alacritty_terminal/src/term/mod.rs	Term	alacritty_terminal/src/index.rs	Line
alacritty_terminal/src/term/mod.rs	Term	alacritty_terminal/src/selection.rs	Selection
alacritty_terminal/src/term/mod.rs	Term	alacritty_terminal/src/term/cell.rs	Cell
alacritty_terminal/src/term/mod.rs	Term	alacritty_terminal/src/term/color.rs	Colors
alacritty_terminal/src/term/mod.rs	Term	alacritty_terminal/src/term/mod.rs	Config
alacritty_terminal/src/term/mod.rs	Term	alacritty_terminal/src/term/mod.rs	TabStops
alacritty_terminal/src/term/mod.rs	Term	alacritty_terminal/src/term/mod.rs	Term
alacritty_terminal/src/term/mod.rs	Term	alacritty_terminal/src/term/mod.rs	TermDamageState
alacritty_terminal/src/term/mod.rs	Term	alacritty_terminal/src/term/mod.rs	TermMode
alacritty_terminal/src/term/mod.rs	Term	alacritty_terminal/src/vi_mode.rs	ViModeCursor
alacritty_terminal/src/term/mod.rs	TermDamage	alacritty_terminal/src/term/mod.rs	TermDamageIterator
alacritty_terminal/src/term/mod.rs	TermDamageIterator	alacritty_terminal/src/term/mod.rs	LineDamageBounds
alacritty_terminal/src/term/mod.rs	TermDamageIterator	alacritty_terminal/src/term/mod.rs	TermDamageIterator
alacritty_terminal/src/term/mod.rs	TermDamageState	alacritty_terminal/src/index.rs	Point
alacritty_terminal/src/term/mod.rs	TermDamageState	alacritty_terminal/src/term/mod.rs	LineDamageBounds
alacritty_terminal/src/term/mod.rs	TermDamageState	alacritty_terminal/src/term/mod.rs	TermDamageState
alacritty_terminal/src/term/mod.rs	TermMode	alacritty_terminal/src/term/mod.rs	TermMode
alacritty_terminal/src/term/mod.rs	TermSize	alacritty_terminal/src/grid/mod.rs	Dimensions
alacritty_terminal/src/term/mod.rs	TermSize	alacritty_terminal/src/term/mod.rs	TermSize
alacritty_terminal/src/term/mod.rs	backspace	alacritty_terminal/src/index.rs	Column
alacritty_terminal/src/term/mod.rs	bell	alacritty_terminal/src/event.rs	Event
alacritty_terminal/src/term/mod.rs	block_selection_works	alacritty_terminal/src/index.rs	Column
alacritty_terminal/src/term/mod.rs	block_selection_works	alacritty_terminal/src/index.rs	Line
alacritty_terminal/src/term/mod.rs	block_selection_works	alacritty_terminal/src/index.rs	Point
alacritty_terminal/src/term/mod.rs	block_selection_works	alacritty_terminal/src/index.rs	Side
alacritty_terminal/src/term/mod.rs	block_selection_works	alacritty_terminal/src/selection.rs	Selection
alacritty_terminal/src/term/mod.rs	block_selection_works	alacritty_terminal/src/selection.rs	SelectionType
alacritty_terminal/src/term/mod.rs	block_selection_works	alacritty_terminal/src/term/cell.rs	Flags
alacritty_terminal/src/term/mod.rs	block_selection_works	alacritty_terminal/src/term/mod.rs	Config
alacritty_terminal/src/term/mod.rs	block_selection_works	alacritty_terminal/src/term/mod.rs	Term
alacritty_terminal/src/term/mod.rs	bounds_to_string	alacritty_terminal/src/index.rs	Column
alacritty_terminal/src/term/mod.rs	bounds_to_string	alacritty_terminal/src/index.rs	Line
alacritty_terminal/src/term/mod.rs	bounds_to_string	alacritty_terminal/src/index.rs	Point
alacritty_terminal/src/term/mod.rs	carriage_return	alacritty_terminal/src/index.rs	Column
alacritty_terminal/src/term/mod.rs	clear_line	alacritty_terminal/src/index.rs	Column
alacritty_terminal/src/term/mod.rs	clear_saved_lines	alacritty_terminal/src/grid/mod.rs	Scroll
alacritty_terminal/src/term/mod.rs	clear_saved_lines	alacritty_terminal/src/index.rs	Line
alacritty_terminal/src/term/mod.rs	clear_saved_lines	alacritty_terminal/src/term/mod.rs	Config
alacritty_terminal/src/term/mod.rs	clear_saved_lines	alacritty_terminal/src/term/mod.rs	Term
alacritty_terminal/src/term/mod.rs	clear_screen	alacritty_terminal/src/index.rs	Boundary
alacritty_terminal/src/term/mod.rs	clear_screen	alacritty_terminal/src/index.rs	Column
alacritty_terminal/src/term/mod.rs	clear_screen	alacritty_terminal/src/index.rs	Line
alacritty_terminal/src/term/mod.rs	clear_screen	alacritty_terminal/src/term/mod.rs	TermMode
alacritty_terminal/src/term/mod.rs	clearing_scrollback_resets_display_offset	alacritty_terminal/src/grid/mod.rs	Scroll
alacritty_terminal/src/term/mod.rs	clearing_scrollback_resets_display_offset	alacritty_terminal/src/term/mod.rs	Config
alacritty_terminal/src/term/mod.rs	clearing_scrollback_resets_display_offset	alacritty_terminal/src/term/mod.rs	Term
alacritty_terminal/src/term/mod.rs	clearing_scrollback_sets_vi_cursor_into_viewport	alacritty_terminal/src/grid/mod.rs	Scroll
alacritty_terminal/src/term/mod.rs	clearing_scrollback_sets_vi_cursor_into_viewport	alacritty_terminal/src/index.rs	Column
alacritty_terminal/src/term/mod.rs	clearing_scrollback_sets_vi_cursor_into_viewport	alacritty_terminal/src/index.rs	Line
alacritty_terminal/src/term/mod.rs	clearing_scrollback_sets_vi_cursor_into_viewport	alacritty_terminal/src/index.rs	Point
alacritty_terminal/src/term/mod.rs	clearing_scrollback_sets_vi_cursor_into_viewport	alacritty_terminal/src/term/mod.rs	Config
alacritty_terminal/src/term/mod.rs	clearing_scrollback_sets_vi_cursor_into_viewport	alacritty_terminal/src/term/mod.rs	Term
alacritty_terminal/src/term/mod.rs	clearing_viewport_keeps_history_position	alacritty_terminal/src/grid/mod.rs	Scroll
alacritty_terminal/src/term/mod.rs	clearing_viewport_keeps_history_position	alacritty_terminal/src/term/mod.rs	Config
alacritty_terminal/src/term/mod.rs	clearing_viewport_keeps_history_position	alacritty_terminal/src/term/mod.rs	Term
alacritty_terminal/src/term/mod.rs	clearing_viewport_with_vi_mode_keeps_history_position	alacritty_terminal/src/grid/mod.rs	Scroll
alacritty_terminal/src/term/mod.rs	clearing_viewport_with_vi_mode_keeps_history_position	alacritty_terminal/src/index.rs	Column
alacritty_terminal/src/term/mod.rs	clearing_viewport_with_vi_mode_keeps_history_position	alacritty_terminal/src/index.rs	Line
alacritty_terminal/src/term/mod.rs	clearing_viewport_with_vi_mode_keeps_history_position	alacritty_terminal/src/index.rs	Point
alacritty_terminal/src/term/mod.rs	clearing_viewport_with_vi_mode_keeps_history_position	alacritty_terminal/src/term/mod.rs	Config
alacritty_terminal/src/term/mod.rs	clearing_viewport_with_vi_mode_keeps_history_position	alacritty_terminal/src/term/mod.rs	Term
alacritty_terminal/src/term/mod.rs	clipboard_load	alacritty_terminal/src/event.rs	Event
alacritty_terminal/src/term/mod.rs	clipboard_load	alacritty_terminal/src/term/mod.rs	ClipboardType
alacritty_terminal/src/term/mod.rs	clipboard_store	alacritty_terminal/src/event.rs	Event
alacritty_terminal/src/term/mod.rs	clipboard_store	alacritty_terminal/src/term/mod.rs	ClipboardType
alacritty_terminal/src/term/mod.rs	colors	alacritty_terminal/src/term/color.rs	Colors
alacritty_terminal/src/term/mod.rs	cursor_style	alacritty_terminal/src/term/mod.rs	TermMode
alacritty_terminal/src/term/mod.rs	damage	alacritty_terminal/src/index.rs	Point
alacritty_terminal/src/term/mod.rs	damage	alacritty_terminal/src/term/mod.rs	TermDamage
alacritty_terminal/src/term/mod.rs	damage	alacritty_terminal/src/term/mod.rs	TermDamageIterator
alacritty_terminal/src/term/mod.rs	damage	alacritty_terminal/src/term/mod.rs	TermMode
alacritty_terminal/src/term/mod.rs	damage_cursor	alacritty_terminal/src/index.rs	Point
alacritty_terminal/src/term/mod.rs	damage_cursor_movements	alacritty_terminal/src/term/mod.rs	Config
alacritty_terminal/src/term/mod.rs	damage_cursor_movements	alacritty_terminal/src/term/mod.rs	Term
alacritty_terminal/src/term/mod.rs	damage_point	alacritty_terminal/src/index.rs	Point
alacritty_terminal/src/term/mod.rs	damage_public_usage	alacritty_terminal/src/grid/mod.rs	Scroll
alacritty_terminal/src/term/mod.rs	damage_public_usage	alacritty_terminal/src/term/mod.rs	Config
alacritty_terminal/src/term/mod.rs	damage_public_usage	alacritty_terminal/src/term/mod.rs	Term
alacritty_terminal/src/term/mod.rs	damage_public_usage	alacritty_terminal/src/term/mod.rs	TermDamage
alacritty_terminal/src/term/mod.rs	decaln	alacritty_terminal/src/index.rs	Column
alacritty_terminal/src/term/mod.rs	decaln	alacritty_terminal/src/index.rs	Line
alacritty_terminal/src/term/mod.rs	decaln	alacritty_terminal/src/term/cell.rs	Cell
alacritty_terminal/src/term/mod.rs	deccolm	alacritty_terminal/src/event.rs	EventListener
alacritty_terminal/src/term/mod.rs	default	alacritty_terminal/src/term/mod.rs	TermMode
alacritty_terminal/src/term/mod.rs	device_status	alacritty_terminal/src/event.rs	Event
alacritty_terminal/src/term/mod.rs	dynamic_color_sequence	alacritty_terminal/src/event.rs	Event
alacritty_terminal/src/term/mod.rs	erase_chars	alacritty_terminal/src/index.rs	Column
alacritty_terminal/src/term/mod.rs	exit	alacritty_terminal/src/event.rs	Event
alacritty_terminal/src/term/mod.rs	exit	alacritty_terminal/src/event.rs	EventListener
alacritty_terminal/src/term/mod.rs	expand_wide	alacritty_terminal/src/index.rs	Boundary
alacritty_terminal/src/term/mod.rs	expand_wide	alacritty_terminal/src/index.rs	Column
alacritty_terminal/src/term/mod.rs	expand_wide	alacritty_terminal/src/index.rs	Direction
alacritty_terminal/src/term/mod.rs	expand_wide	alacritty_terminal/src/index.rs	Point
alacritty_terminal/src/term/mod.rs	expand_wide	alacritty_terminal/src/term/cell.rs	Flags
alacritty_terminal/src/term/mod.rs	from	alacritty_terminal/src/term/mod.rs	TermMode
alacritty_terminal/src/term/mod.rs	full_damage	alacritty_terminal/src/grid/mod.rs	Scroll
alacritty_terminal/src/term/mod.rs	full_damage	alacritty_terminal/src/index.rs	Line
alacritty_terminal/src/term/mod.rs	full_damage	alacritty_terminal/src/term/mod.rs	Config
alacritty_terminal/src/term/mod.rs	full_damage	alacritty_terminal/src/term/mod.rs	Term
alacritty_terminal/src/term/mod.rs	goto	alacritty_terminal/src/index.rs	Column
alacritty_terminal/src/term/mod.rs	goto	alacritty_terminal/src/index.rs	Line
alacritty_terminal/src/term/mod.rs	goto	alacritty_terminal/src/term/mod.rs	TermMode
alacritty_terminal/src/term/mod.rs	grid	alacritty_terminal/src/grid/mod.rs	Grid
alacritty_terminal/src/term/mod.rs	grid	alacritty_terminal/src/term/cell.rs	Cell
alacritty_terminal/src/term/mod.rs	grid_mut	alacritty_terminal/src/grid/mod.rs	Grid
alacritty_terminal/src/term/mod.rs	grid_mut	alacritty_terminal/src/term/cell.rs	Cell
alacritty_terminal/src/term/mod.rs	grid_serde	alacritty_terminal/src/grid/mod.rs	Grid
alacritty_terminal/src/term/mod.rs	grid_serde	alacritty_terminal/src/term/cell.rs	Cell
alacritty_terminal/src/term/mod.rs	grow_lines_updates_active_cursor_pos	alacritty_terminal/src/term/mod.rs	Config
alacritty_terminal/src/term/mod.rs	grow_lines_updates_active_cursor_pos	alacritty_terminal/src/term/mod.rs	Term
alacritty_terminal/src/term/mod.rs	grow_lines_updates_inactive_cursor_pos	alacritty_terminal/src/term/mod.rs	Config
alacritty_terminal/src/term/mod.rs	grow_lines_updates_inactive_cursor_pos	alacritty_terminal/src/term/mod.rs	Term
alacritty_terminal/src/term/mod.rs	identify_terminal	alacritty_terminal/src/event.rs	Event
alacritty_terminal/src/term/mod.rs	index	alacritty_terminal/src/index.rs	Column
alacritty_terminal/src/term/mod.rs	index_mut	alacritty_terminal/src/index.rs	Column
alacritty_terminal/src/term/mod.rs	input	alacritty_terminal/src/term/cell.rs	Flags
alacritty_terminal/src/term/mod.rs	input	alacritty_terminal/src/term/mod.rs	TermMode
alacritty_terminal/src/term/mod.rs	input_line_drawing_character	alacritty_terminal/src/index.rs	Column
alacritty_terminal/src/term/mod.rs	input_line_drawing_character	alacritty_terminal/src/index.rs	Line
alacritty_terminal/src/term/mod.rs	input_line_drawing_character	alacritty_terminal/src/index.rs	Point
alacritty_terminal/src/term/mod.rs	input_line_drawing_character	alacritty_terminal/src/term/mod.rs	Config
alacritty_terminal/src/term/mod.rs	input_line_drawing_character	alacritty_terminal/src/term/mod.rs	Term
alacritty_terminal/src/term/mod.rs	line_selection_works	alacritty_terminal/src/grid/mod.rs	Grid
alacritty_terminal/src/term/mod.rs	line_selection_works	alacritty_terminal/src/index.rs	Column
alacritty_terminal/src/term/mod.rs	line_selection_works	alacritty_terminal/src/index.rs	Line
alacritty_terminal/src/term/mod.rs	line_selection_works	alacritty_terminal/src/index.rs	Point
alacritty_terminal/src/term/mod.rs	line_selection_works	alacritty_terminal/src/index.rs	Side
alacritty_terminal/src/term/mod.rs	line_selection_works	alacritty_terminal/src/selection.rs	Selection
alacritty_terminal/src/term/mod.rs	line_selection_works	alacritty_terminal/src/selection.rs	SelectionType
alacritty_terminal/src/term/mod.rs	line_selection_works	alacritty_terminal/src/term/cell.rs	Cell
alacritty_terminal/src/term/mod.rs	line_selection_works	alacritty_terminal/src/term/mod.rs	Config
alacritty_terminal/src/term/mod.rs	line_selection_works	alacritty_terminal/src/term/mod.rs	Term
alacritty_terminal/src/term/mod.rs	line_to_string	alacritty_terminal/src/index.rs	Column
alacritty_terminal/src/term/mod.rs	line_to_string	alacritty_terminal/src/index.rs	Line
alacritty_terminal/src/term/mod.rs	line_to_string	alacritty_terminal/src/term/cell.rs	Flags
alacritty_terminal/src/term/mod.rs	mock_term	alacritty_terminal/src/event.rs	VoidListener
alacritty_terminal/src/term/mod.rs	mock_term	alacritty_terminal/src/index.rs	Column
alacritty_terminal/src/term/mod.rs	mock_term	alacritty_terminal/src/index.rs	Line
alacritty_terminal/src/term/mod.rs	mock_term	alacritty_terminal/src/term/cell.rs	Flags
alacritty_terminal/src/term/mod.rs	mock_term	alacritty_terminal/src/term/mod.rs	Config
alacritty_terminal/src/term/mod.rs	mock_term	alacritty_terminal/src/term/mod.rs	Term
alacritty_terminal/src/term/mod.rs	mock_term	alacritty_terminal/src/term/mod.rs	TermSize
alacritty_terminal/src/term/mod.rs	mode	alacritty_terminal/src/term/mod.rs	TermMode
alacritty_terminal/src/term/mod.rs	move_backward	alacritty_terminal/src/index.rs	Column
alacritty_terminal/src/term/mod.rs	move_backward_tabs	alacritty_terminal/src/index.rs	Column
alacritty_terminal/src/term/mod.rs	move_forward_tabs	alacritty_terminal/src/index.rs	Column
alacritty_terminal/src/term/mod.rs	new	alacritty_terminal/src/grid/mod.rs	Dimensions
alacritty_terminal/src/term/mod.rs	new	alacritty_terminal/src/grid/mod.rs	Grid
alacritty_terminal/src/term/mod.rs	new	alacritty_terminal/src/index.rs	Line
alacritty_terminal/src/term/mod.rs	new	alacritty_terminal/src/term/cell.rs	Flags
alacritty_terminal/src/term/mod.rs	new	alacritty_terminal/src/term/color.rs	Colors
alacritty_terminal/src/term/mod.rs	new	alacritty_terminal/src/term/mod.rs	Config
alacritty_terminal/src/term/mod.rs	new	alacritty_terminal/src/term/mod.rs	LineDamageBounds
alacritty_terminal/src/term/mod.rs	new	alacritty_terminal/src/term/mod.rs	RenderableCursor
alacritty_terminal/src/term/mod.rs	new	alacritty_terminal/src/term/mod.rs	TabStops
alacritty_terminal/src/term/mod.rs	new	alacritty_terminal/src/term/mod.rs	Term
alacritty_terminal/src/term/mod.rs	new	alacritty_terminal/src/term/mod.rs	TermDamageState
alacritty_terminal/src/term/mod.rs	new	alacritty_terminal/src/term/mod.rs	TermMode
alacritty_terminal/src/term/mod.rs	newline	alacritty_terminal/src/term/mod.rs	TermMode
alacritty_terminal/src/term/mod.rs	next	alacritty_terminal/src/term/mod.rs	LineDamageBounds
alacritty_terminal/src/term/mod.rs	point_to_viewport	alacritty_terminal/src/index.rs	Point
alacritty_terminal/src/term/mod.rs	renderable_content	alacritty_terminal/src/event.rs	EventListener
alacritty_terminal/src/term/mod.rs	renderable_content	alacritty_terminal/src/term/mod.rs	RenderableContent
alacritty_terminal/src/term/mod.rs	report_keyboard_mode	alacritty_terminal/src/event.rs	Event
alacritty_terminal/src/term/mod.rs	report_mode	alacritty_terminal/src/event.rs	Event
alacritty_terminal/src/term/mod.rs	report_mode	alacritty_terminal/src/term/mod.rs	ModeState
alacritty_terminal/src/term/mod.rs	report_mode	alacritty_terminal/src/term/mod.rs	TermMode
alacritty_terminal/src/term/mod.rs	report_private_mode	alacritty_terminal/src/event.rs	Event
alacritty_terminal/src/term/mod.rs	report_private_mode	alacritty_terminal/src/term/mod.rs	ModeState
alacritty_terminal/src/term/mod.rs	report_private_mode	alacritty_terminal/src/term/mod.rs	TermMode
alacritty_terminal/src/term/mod.rs	reset_state	alacritty_terminal/src/event.rs	Event
alacritty_terminal/src/term/mod.rs	reset_state	alacritty_terminal/src/index.rs	Line
alacritty_terminal/src/term/mod.rs	reset_state	alacritty_terminal/src/term/mod.rs	TabStops
alacritty_terminal/src/term/mod.rs	reset_state	alacritty_terminal/src/term/mod.rs	TermMode
alacritty_terminal/src/term/mod.rs	resize	alacritty_terminal/src/grid/mod.rs	Dimensions
alacritty_terminal/src/term/mod.rs	resize	alacritty_terminal/src/index.rs	Line
alacritty_terminal/src/term/mod.rs	resize	alacritty_terminal/src/term/mod.rs	LineDamageBounds
alacritty_terminal/src/term/mod.rs	resize	alacritty_terminal/src/term/mod.rs	TermMode
alacritty_terminal/src/term/mod.rs	reverse_index	alacritty_terminal/src/index.rs	Line
alacritty_terminal/src/term/mod.rs	scroll_display	alacritty_terminal/src/event.rs	Event
alacritty_terminal/src/term/mod.rs	scroll_display	alacritty_terminal/src/event.rs	EventListener
alacritty_terminal/src/term/mod.rs	scroll_display	alacritty_terminal/src/grid/mod.rs	Scroll
alacritty_terminal/src/term/mod.rs	scroll_display_page_down	alacritty_terminal/src/grid/mod.rs	Scroll
alacritty_terminal/src/term/mod.rs	scroll_display_page_down	alacritty_terminal/src/index.rs	Column
alacritty_terminal/src/term/mod.rs	scroll_display_page_down	alacritty_terminal/src/index.rs	Line
alacritty_terminal/src/term/mod.rs	scroll_display_page_down	alacritty_terminal/src/index.rs	Point
alacritty_terminal/src/term/mod.rs	scroll_display_page_down	alacritty_terminal/src/term/mod.rs	Config
alacritty_terminal/src/term/mod.rs	scroll_display_page_down	alacritty_terminal/src/term/mod.rs	Term
alacritty_terminal/src/term/mod.rs	scroll_display_page_down	alacritty_terminal/src/vi_mode.rs	ViModeCursor
alacritty_terminal/src/term/mod.rs	scroll_display_page_up	alacritty_terminal/src/grid/mod.rs	Scroll
alacritty_terminal/src/term/mod.rs	scroll_display_page_up	alacritty_terminal/src/term/mod.rs	Config
alacritty_terminal/src/term/mod.rs	scroll_display_page_up	alacritty_terminal/src/term/mod.rs	Term
alacritty_terminal/src/term/mod.rs	scroll_down_relative	alacritty_terminal/src/index.rs	Line
alacritty_terminal/src/term/mod.rs	scroll_to_point	alacritty_terminal/src/event.rs	EventListener
alacritty_terminal/src/term/mod.rs	scroll_to_point	alacritty_terminal/src/grid/mod.rs	Scroll
alacritty_terminal/src/term/mod.rs	scroll_to_point	alacritty_terminal/src/index.rs	Point
alacritty_terminal/src/term/mod.rs	scroll_up_relative	alacritty_terminal/src/index.rs	Line
alacritty_terminal/src/term/mod.rs	selection_to_string	alacritty_terminal/src/index.rs	Line
alacritty_terminal/src/term/mod.rs	selection_to_string	alacritty_terminal/src/selection.rs	Selection
alacritty_terminal/src/term/mod.rs	selection_to_string	alacritty_terminal/src/selection.rs	SelectionRange
alacritty_terminal/src/term/mod.rs	selection_to_string	alacritty_terminal/src/selection.rs	SelectionType
alacritty_terminal/src/term/mod.rs	semantic_selection_works	alacritty_terminal/src/grid/mod.rs	Grid
alacritty_terminal/src/term/mod.rs	semantic_selection_works	alacritty_terminal/src/index.rs	Column
alacritty_terminal/src/term/mod.rs	semantic_selection_works	alacritty_terminal/src/index.rs	Line
alacritty_terminal/src/term/mod.rs	semantic_selection_works	alacritty_terminal/src/index.rs	Point
alacritty_terminal/src/term/mod.rs	semantic_selection_works	alacritty_terminal/src/index.rs	Side
alacritty_terminal/src/term/mod.rs	semantic_selection_works	alacritty_terminal/src/selection.rs	Selection
alacritty_terminal/src/term/mod.rs	semantic_selection_works	alacritty_terminal/src/selection.rs	SelectionType
alacritty_terminal/src/term/mod.rs	semantic_selection_works	alacritty_terminal/src/term/cell.rs	Cell
alacritty_terminal/src/term/mod.rs	semantic_selection_works	alacritty_terminal/src/term/cell.rs	Flags
alacritty_terminal/src/term/mod.rs	semantic_selection_works	alacritty_terminal/src/term/mod.rs	Config
alacritty_terminal/src/term/mod.rs	semantic_selection_works	alacritty_terminal/src/term/mod.rs	Term
alacritty_terminal/src/term/mod.rs	set_cursor_style	alacritty_terminal/src/event.rs	Event
alacritty_terminal/src/term/mod.rs	set_keyboard_mode	alacritty_terminal/src/term/mod.rs	TermMode
alacritty_terminal/src/term/mod.rs	set_keypad_application_mode	alacritty_terminal/src/term/mod.rs	TermMode
alacritty_terminal/src/term/mod.rs	set_mode	alacritty_terminal/src/term/mod.rs	TermMode
alacritty_terminal/src/term/mod.rs	set_options	alacritty_terminal/src/event.rs	Event
alacritty_terminal/src/term/mod.rs	set_options	alacritty_terminal/src/event.rs	EventListener
alacritty_terminal/src/term/mod.rs	set_options	alacritty_terminal/src/term/mod.rs	Config
alacritty_terminal/src/term/mod.rs	set_options	alacritty_terminal/src/term/mod.rs	TermMode
alacritty_terminal/src/term/mod.rs	set_private_mode	alacritty_terminal/src/event.rs	Event
alacritty_terminal/src/term/mod.rs	set_private_mode	alacritty_terminal/src/term/mod.rs	TermMode
alacritty_terminal/src/term/mod.rs	set_scrolling_region	alacritty_terminal/src/index.rs	Line
alacritty_terminal/src/term/mod.rs	set_title	alacritty_terminal/src/event.rs	Event
alacritty_terminal/src/term/mod.rs	shrink_lines_updates_active_cursor_pos	alacritty_terminal/src/term/mod.rs	Config
alacritty_terminal/src/term/mod.rs	shrink_lines_updates_active_cursor_pos	alacritty_terminal/src/term/mod.rs	Term
alacritty_terminal/src/term/mod.rs	shrink_lines_updates_inactive_cursor_pos	alacritty_terminal/src/term/mod.rs	Config
alacritty_terminal/src/term/mod.rs	shrink_lines_updates_inactive_cursor_pos	alacritty_terminal/src/term/mod.rs	Term
alacritty_terminal/src/term/mod.rs	simple_selection_works	alacritty_terminal/src/index.rs	Column
alacritty_terminal/src/term/mod.rs	simple_selection_works	alacritty_terminal/src/index.rs	Line
alacritty_terminal/src/term/mod.rs	simple_selection_works	alacritty_terminal/src/index.rs	Point
alacritty_terminal/src/term/mod.rs	simple_selection_works	alacritty_terminal/src/index.rs	Side
alacritty_terminal/src/term/mod.rs	simple_selection_works	alacritty_terminal/src/selection.rs	Selection
alacritty_terminal/src/term/mod.rs	simple_selection_works	alacritty_terminal/src/selection.rs	SelectionType
alacritty_terminal/src/term/mod.rs	simple_selection_works	alacritty_terminal/src/term/cell.rs	Flags
alacritty_terminal/src/term/mod.rs	simple_selection_works	alacritty_terminal/src/term/mod.rs	Config
alacritty_terminal/src/term/mod.rs	simple_selection_works	alacritty_terminal/src/term/mod.rs	Term
alacritty_terminal/src/term/mod.rs	swap_alt	alacritty_terminal/src/term/mod.rs	TermMode
alacritty_terminal/src/term/mod.rs	terminal_attribute	alacritty_terminal/src/term/cell.rs	Flags
alacritty_terminal/src/term/mod.rs	text_area_size_chars	alacritty_terminal/src/event.rs	Event
alacritty_terminal/src/term/mod.rs	text_area_size_pixels	alacritty_terminal/src/event.rs	Event
alacritty_terminal/src/term/mod.rs	toggle_vi_mode	alacritty_terminal/src/event.rs	Event
alacritty_terminal/src/term/mod.rs	toggle_vi_mode	alacritty_terminal/src/event.rs	EventListener
alacritty_terminal/src/term/mod.rs	toggle_vi_mode	alacritty_terminal/src/index.rs	Column
alacritty_terminal/src/term/mod.rs	toggle_vi_mode	alacritty_terminal/src/index.rs	Line
alacritty_terminal/src/term/mod.rs	toggle_vi_mode	alacritty_terminal/src/index.rs	Point
alacritty_terminal/src/term/mod.rs	toggle_vi_mode	alacritty_terminal/src/term/mod.rs	TermMode
alacritty_terminal/src/term/mod.rs	toggle_vi_mode	alacritty_terminal/src/vi_mode.rs	ViModeCursor
alacritty_terminal/src/term/mod.rs	unset_keypad_application_mode	alacritty_terminal/src/term/mod.rs	TermMode
alacritty_terminal/src/term/mod.rs	unset_mode	alacritty_terminal/src/term/mod.rs	TermMode
alacritty_terminal/src/term/mod.rs	unset_private_mode	alacritty_terminal/src/event.rs	Event
alacritty_terminal/src/term/mod.rs	unset_private_mode	alacritty_terminal/src/term/mod.rs	TermMode
alacritty_terminal/src/term/mod.rs	vi_cursor_keep_pos_on_scrollback_buffer	alacritty_terminal/src/grid/mod.rs	Scroll
alacritty_terminal/src/term/mod.rs	vi_cursor_keep_pos_on_scrollback_buffer	alacritty_terminal/src/index.rs	Line
alacritty_terminal/src/term/mod.rs	vi_cursor_keep_pos_on_scrollback_buffer	alacritty_terminal/src/term/mod.rs	Config
alacritty_terminal/src/term/mod.rs	vi_cursor_keep_pos_on_scrollback_buffer	alacritty_terminal/src/term/mod.rs	Term
alacritty_terminal/src/term/mod.rs	vi_goto_point	alacritty_terminal/src/event.rs	EventListener
alacritty_terminal/src/term/mod.rs	vi_goto_point	alacritty_terminal/src/index.rs	Point
alacritty_terminal/src/term/mod.rs	vi_mode_recompute_selection	alacritty_terminal/src/index.rs	Side
alacritty_terminal/src/term/mod.rs	vi_mode_recompute_selection	alacritty_terminal/src/term/mod.rs	TermMode
alacritty_terminal/src/term/mod.rs	vi_motion	alacritty_terminal/src/event.rs	EventListener
alacritty_terminal/src/term/mod.rs	vi_motion	alacritty_terminal/src/term/mod.rs	TermMode
alacritty_terminal/src/term/mod.rs	vi_motion	alacritty_terminal/src/vi_mode.rs	ViMotion
alacritty_terminal/src/term/mod.rs	viewport_to_point	alacritty_terminal/src/index.rs	Line
alacritty_terminal/src/term/mod.rs	viewport_to_point	alacritty_terminal/src/index.rs	Point
alacritty_terminal/src/term/mod.rs	window_title	alacritty_terminal/src/term/mod.rs	Config
alacritty_terminal/src/term/mod.rs	window_title	alacritty_terminal/src/term/mod.rs	Term
alacritty_terminal/src/term/mod.rs	wrapline	alacritty_terminal/src/event.rs	EventListener
alacritty_terminal/src/term/mod.rs	wrapline	alacritty_terminal/src/index.rs	Column
alacritty_terminal/src/term/mod.rs	wrapline	alacritty_terminal/src/term/cell.rs	Flags
alacritty_terminal/src/term/mod.rs	wrapline	alacritty_terminal/src/term/mod.rs	TermMode
alacritty_terminal/src/term/mod.rs	write_at_cursor	alacritty_terminal/src/term/cell.rs	Flags
alacritty_terminal/src/term/search.rs	Item	alacritty_terminal/src/term/search.rs	Match
alacritty_terminal/src/term/search.rs	LazyDfa	alacritty_terminal/src/index.rs	Direction
alacritty_terminal/src/term/search.rs	LazyDfa	alacritty_terminal/src/term/search.rs	LazyDfa
alacritty_terminal/src/term/search.rs	Match	alacritty_terminal/src/index.rs	Point
alacritty_terminal/src/term/search.rs	RegexIter	alacritty_terminal/src/index.rs	Direction
alacritty_terminal/src/term/search.rs	RegexIter	alacritty_terminal/src/index.rs	Point
alacritty_terminal/src/term/search.rs	RegexIter	alacritty_terminal/src/term/mod.rs	Term
alacritty_terminal/src/term/search.rs	RegexIter	alacritty_terminal/src/term/search.rs	RegexIter
alacritty_terminal/src/term/search.rs	RegexIter	alacritty_terminal/src/term/search.rs	RegexSearch
alacritty_terminal/src/term/search.rs	RegexSearch	alacritty_terminal/src/term/search.rs	LazyDfa
alacritty_terminal/src/term/search.rs	RegexSearch	alacritty_terminal/src/term/search.rs	RegexSearch
alacritty_terminal/src/term/search.rs	Term	alacritty_terminal/src/term/mod.rs	Term
alacritty_terminal/src/term/search.rs	anchored_empty	alacritty_terminal/src/index.rs	Column
alacritty_terminal/src/term/search.rs	anchored_empty	alacritty_terminal/src/index.rs	Point
alacritty_terminal/src/term/search.rs	anchored_empty	alacritty_terminal/src/term/search.rs	RegexSearch
alacritty_terminal/src/term/search.rs	bracket_search	alacritty_terminal/src/index.rs	Point
alacritty_terminal/src/term/search.rs	empty_match	alacritty_terminal/src/index.rs	Column
alacritty_terminal/src/term/search.rs	empty_match	alacritty_terminal/src/index.rs	Point
alacritty_terminal/src/term/search.rs	empty_match	alacritty_terminal/src/term/search.rs	RegexSearch
alacritty_terminal/src/term/search.rs	empty_match_multibyte	alacritty_terminal/src/index.rs	Column
alacritty_terminal/src/term/search.rs	empty_match_multibyte	alacritty_terminal/src/index.rs	Point
alacritty_terminal/src/term/search.rs	empty_match_multibyte	alacritty_terminal/src/term/search.rs	RegexSearch
alacritty_terminal/src/term/search.rs	empty_match_multiline	alacritty_terminal/src/index.rs	Column
alacritty_terminal/src/term/search.rs	empty_match_multiline	alacritty_terminal/src/index.rs	Point
alacritty_terminal/src/term/search.rs	empty_match_multiline	alacritty_terminal/src/term/search.rs	RegexSearch
alacritty_terminal/src/term/search.rs	end_on_fullwidth	alacritty_terminal/src/index.rs	Column
alacritty_terminal/src/term/search.rs	end_on_fullwidth	alacritty_terminal/src/index.rs	Point
alacritty_terminal/src/term/search.rs	end_on_fullwidth	alacritty_terminal/src/term/search.rs	RegexSearch
alacritty_terminal/src/term/search.rs	end_on_multibyte_unicode	alacritty_terminal/src/index.rs	Column
alacritty_terminal/src/term/search.rs	end_on_multibyte_unicode	alacritty_terminal/src/index.rs	Point
alacritty_terminal/src/term/search.rs	end_on_multibyte_unicode	alacritty_terminal/src/term/search.rs	RegexSearch
alacritty_terminal/src/term/search.rs	fullwidth	alacritty_terminal/src/index.rs	Column
alacritty_terminal/src/term/search.rs	fullwidth	alacritty_terminal/src/index.rs	Point
alacritty_terminal/src/term/search.rs	fullwidth	alacritty_terminal/src/term/search.rs	RegexSearch
alacritty_terminal/src/term/search.rs	fullwidth_across_lines	alacritty_terminal/src/index.rs	Column
alacritty_terminal/src/term/search.rs	fullwidth_across_lines	alacritty_terminal/src/index.rs	Point
alacritty_terminal/src/term/search.rs	fullwidth_across_lines	alacritty_terminal/src/term/search.rs	RegexSearch
alacritty_terminal/src/term/search.rs	fullwidth_into_halfwidth_across_lines	alacritty_terminal/src/index.rs	Column
alacritty_terminal/src/term/search.rs	fullwidth_into_halfwidth_across_lines	alacritty_terminal/src/index.rs	Point
alacritty_terminal/src/term/search.rs	fullwidth_into_halfwidth_across_lines	alacritty_terminal/src/term/search.rs	RegexSearch
alacritty_terminal/src/term/search.rs	fullwidth_semantic	alacritty_terminal/src/index.rs	Column
alacritty_terminal/src/term/search.rs	fullwidth_semantic	alacritty_terminal/src/index.rs	Point
alacritty_terminal/src/term/search.rs	greed_is_good	alacritty_terminal/src/index.rs	Column
alacritty_terminal/src/term/search.rs	greed_is_good	alacritty_terminal/src/index.rs	Point
alacritty_terminal/src/term/search.rs	greed_is_good	alacritty_terminal/src/term/search.rs	RegexSearch
alacritty_terminal/src/term/search.rs	include_linebreak_left	alacritty_terminal/src/index.rs	Column
alacritty_terminal/src/term/search.rs	include_linebreak_left	alacritty_terminal/src/index.rs	Point
alacritty_terminal/src/term/search.rs	include_linebreak_left	alacritty_terminal/src/term/search.rs	RegexSearch
alacritty_terminal/src/term/search.rs	include_linebreak_right	alacritty_terminal/src/index.rs	Column
alacritty_terminal/src/term/search.rs	include_linebreak_right	alacritty_terminal/src/index.rs	Point
alacritty_terminal/src/term/search.rs	include_linebreak_right	alacritty_terminal/src/term/search.rs	RegexSearch
alacritty_terminal/src/term/search.rs	inline_search_left	alacritty_terminal/src/index.rs	Point
alacritty_terminal/src/term/search.rs	inline_search_left	alacritty_terminal/src/term/cell.rs	Flags
alacritty_terminal/src/term/search.rs	inline_search_right	alacritty_terminal/src/index.rs	Point
alacritty_terminal/src/term/search.rs	inline_search_right	alacritty_terminal/src/term/cell.rs	Flags
alacritty_terminal/src/term/search.rs	inline_word_search	alacritty_terminal/src/index.rs	Column
alacritty_terminal/src/term/search.rs	inline_word_search	alacritty_terminal/src/index.rs	Point
alacritty_terminal/src/term/search.rs	inline_word_search	alacritty_terminal/src/term/search.rs	RegexSearch
alacritty_terminal/src/term/search.rs	leading_spacer	alacritty_terminal/src/index.rs	Column
alacritty_terminal/src/term/search.rs	leading_spacer	alacritty_terminal/src/index.rs	Point
alacritty_terminal/src/term/search.rs	leading_spacer	alacritty_terminal/src/term/cell.rs	Flags
alacritty_terminal/src/term/search.rs	leading_spacer	alacritty_terminal/src/term/search.rs	RegexSearch
alacritty_terminal/src/term/search.rs	line_search_left	alacritty_terminal/src/index.rs	Column
alacritty_terminal/src/term/search.rs	line_search_left	alacritty_terminal/src/index.rs	Point
alacritty_terminal/src/term/search.rs	line_search_left	alacritty_terminal/src/term/cell.rs	Flags
alacritty_terminal/src/term/search.rs	line_search_right	alacritty_terminal/src/index.rs	Point
alacritty_terminal/src/term/search.rs	line_search_right	alacritty_terminal/src/term/cell.rs	Flags
alacritty_terminal/src/term/search.rs	match_side	alacritty_terminal/src/index.rs	Point
alacritty_terminal/src/term/search.rs	match_side	alacritty_terminal/src/index.rs	Side
alacritty_terminal/src/term/search.rs	match_side	alacritty_terminal/src/term/search.rs	Match
alacritty_terminal/src/term/search.rs	multibyte_unicode	alacritty_terminal/src/index.rs	Column
alacritty_terminal/src/term/search.rs	multibyte_unicode	alacritty_terminal/src/index.rs	Point
alacritty_terminal/src/term/search.rs	multibyte_unicode	alacritty_terminal/src/term/search.rs	RegexSearch
alacritty_terminal/src/term/search.rs	multiline	alacritty_terminal/src/index.rs	Column
alacritty_terminal/src/term/search.rs	multiline	alacritty_terminal/src/index.rs	Point
alacritty_terminal/src/term/search.rs	multiline	alacritty_terminal/src/term/search.rs	RegexSearch
alacritty_terminal/src/term/search.rs	nested_regex	alacritty_terminal/src/index.rs	Column
alacritty_terminal/src/term/search.rs	nested_regex	alacritty_terminal/src/index.rs	Point
alacritty_terminal/src/term/search.rs	nested_regex	alacritty_terminal/src/term/search.rs	RegexSearch
alacritty_terminal/src/term/search.rs	new	alacritty_terminal/src/index.rs	Direction
alacritty_terminal/src/term/search.rs	new	alacritty_terminal/src/index.rs	Point
alacritty_terminal/src/term/search.rs	new	alacritty_terminal/src/term/mod.rs	Term
alacritty_terminal/src/term/search.rs	new	alacritty_terminal/src/term/search.rs	LazyDfa
alacritty_terminal/src/term/search.rs	new	alacritty_terminal/src/term/search.rs	RegexSearch
alacritty_terminal/src/term/search.rs	newline_breaking_semantic	alacritty_terminal/src/index.rs	Column
alacritty_terminal/src/term/search.rs	newline_breaking_semantic	alacritty_terminal/src/index.rs	Point
alacritty_terminal/src/term/search.rs	next_match	alacritty_terminal/src/index.rs	Direction
alacritty_terminal/src/term/search.rs	next_match	alacritty_terminal/src/term/search.rs	Match
alacritty_terminal/src/term/search.rs	next_match_left	alacritty_terminal/src/index.rs	Boundary
alacritty_terminal/src/term/search.rs	next_match_left	alacritty_terminal/src/index.rs	Column
alacritty_terminal/src/term/search.rs	next_match_left	alacritty_terminal/src/index.rs	Direction
alacritty_terminal/src/term/search.rs	next_match_left	alacritty_terminal/src/index.rs	Point
alacritty_terminal/src/term/search.rs	next_match_left	alacritty_terminal/src/index.rs	Side
alacritty_terminal/src/term/search.rs	next_match_left	alacritty_terminal/src/term/search.rs	Match
alacritty_terminal/src/term/search.rs	next_match_left	alacritty_terminal/src/term/search.rs	RegexIter
alacritty_terminal/src/term/search.rs	next_match_left	alacritty_terminal/src/term/search.rs	RegexSearch
alacritty_terminal/src/term/search.rs	next_match_right	alacritty_terminal/src/index.rs	Boundary
alacritty_terminal/src/term/search.rs	next_match_right	alacritty_terminal/src/index.rs	Direction
alacritty_terminal/src/term/search.rs	next_match_right	alacritty_terminal/src/index.rs	Point
alacritty_terminal/src/term/search.rs	next_match_right	alacritty_terminal/src/index.rs	Side
alacritty_terminal/src/term/search.rs	next_match_right	alacritty_terminal/src/term/search.rs	Match
alacritty_terminal/src/term/search.rs	next_match_right	alacritty_terminal/src/term/search.rs	RegexIter
alacritty_terminal/src/term/search.rs	next_match_right	alacritty_terminal/src/term/search.rs	RegexSearch
alacritty_terminal/src/term/search.rs	no_match_left	alacritty_terminal/src/index.rs	Column
alacritty_terminal/src/term/search.rs	no_match_left	alacritty_terminal/src/index.rs	Point
alacritty_terminal/src/term/search.rs	no_match_left	alacritty_terminal/src/term/search.rs	RegexSearch
alacritty_terminal/src/term/search.rs	no_match_right	alacritty_terminal/src/index.rs	Column
alacritty_terminal/src/term/search.rs	no_match_right	alacritty_terminal/src/index.rs	Point
alacritty_terminal/src/term/search.rs	no_match_right	alacritty_terminal/src/term/search.rs	RegexSearch
alacritty_terminal/src/term/search.rs	no_spacer_fullwidth_linewrap	alacritty_terminal/src/index.rs	Column
alacritty_terminal/src/term/search.rs	no_spacer_fullwidth_linewrap	alacritty_terminal/src/index.rs	Point
alacritty_terminal/src/term/search.rs	no_spacer_fullwidth_linewrap	alacritty_terminal/src/term/search.rs	RegexSearch
alacritty_terminal/src/term/search.rs	regex_left	alacritty_terminal/src/index.rs	Column
alacritty_terminal/src/term/search.rs	regex_left	alacritty_terminal/src/index.rs	Point
alacritty_terminal/src/term/search.rs	regex_left	alacritty_terminal/src/term/search.rs	RegexSearch
alacritty_terminal/src/term/search.rs	regex_right	alacritty_terminal/src/index.rs	Column
alacritty_terminal/src/term/search.rs	regex_right	alacritty_terminal/src/index.rs	Point
alacritty_terminal/src/term/search.rs	regex_right	alacritty_terminal/src/term/search.rs	RegexSearch
alacritty_terminal/src/term/search.rs	regex_search	alacritty_terminal/src/index.rs	Point
alacritty_terminal/src/term/search.rs	regex_search	alacritty_terminal/src/term/search.rs	LazyDfa
alacritty_terminal/src/term/search.rs	regex_search_internal	alacritty_terminal/src/grid/mod.rs	GridIterator
alacritty_terminal/src/term/search.rs	regex_search_internal	alacritty_terminal/src/grid/mod.rs	Indexed
alacritty_terminal/src/term/search.rs	regex_search_internal	alacritty_terminal/src/index.rs	Column
alacritty_terminal/src/term/search.rs	regex_search_internal	alacritty_terminal/src/index.rs	Direction
alacritty_terminal/src/term/search.rs	regex_search_internal	alacritty_terminal/src/index.rs	Point
alacritty_terminal/src/term/search.rs	regex_search_internal	alacritty_terminal/src/term/cell.rs	Flags
alacritty_terminal/src/term/search.rs	regex_search_internal	alacritty_terminal/src/term/search.rs	LazyDfa
alacritty_terminal/src/term/search.rs	regex_search_left	alacritty_terminal/src/index.rs	Point
alacritty_terminal/src/term/search.rs	regex_search_left	alacritty_terminal/src/term/search.rs	Match
alacritty_terminal/src/term/search.rs	regex_search_left	alacritty_terminal/src/term/search.rs	RegexSearch
alacritty_terminal/src/term/search.rs	regex_search_right	alacritty_terminal/src/index.rs	Point
alacritty_terminal/src/term/search.rs	regex_search_right	alacritty_terminal/src/term/search.rs	Match
alacritty_terminal/src/term/search.rs	regex_search_right	alacritty_terminal/src/term/search.rs	RegexSearch
alacritty_terminal/src/term/search.rs	reverse_search_dead_recovery	alacritty_terminal/src/index.rs	Column
alacritty_terminal/src/term/search.rs	reverse_search_dead_recovery	alacritty_terminal/src/index.rs	Point
alacritty_terminal/src/term/search.rs	reverse_search_dead_recovery	alacritty_terminal/src/term/search.rs	RegexSearch
alacritty_terminal/src/term/search.rs	runtime_cache_error	alacritty_terminal/src/index.rs	Column
alacritty_terminal/src/term/search.rs	runtime_cache_error	alacritty_terminal/src/index.rs	Point
alacritty_terminal/src/term/search.rs	runtime_cache_error	alacritty_terminal/src/term/search.rs	RegexSearch
alacritty_terminal/src/term/search.rs	search_next	alacritty_terminal/src/index.rs	Direction
alacritty_terminal/src/term/search.rs	search_next	alacritty_terminal/src/index.rs	Point
alacritty_terminal/src/term/search.rs	search_next	alacritty_terminal/src/index.rs	Side
alacritty_terminal/src/term/search.rs	search_next	alacritty_terminal/src/term/search.rs	Match
alacritty_terminal/src/term/search.rs	search_next	alacritty_terminal/src/term/search.rs	RegexSearch
alacritty_terminal/src/term/search.rs	semantic_search_left	alacritty_terminal/src/index.rs	Point
alacritty_terminal/src/term/search.rs	semantic_search_left	alacritty_terminal/src/term/cell.rs	Flags
alacritty_terminal/src/term/search.rs	semantic_search_right	alacritty_terminal/src/index.rs	Point
alacritty_terminal/src/term/search.rs	singlecell_fullwidth	alacritty_terminal/src/index.rs	Column
alacritty_terminal/src/term/search.rs	singlecell_fullwidth	alacritty_terminal/src/index.rs	Point
alacritty_terminal/src/term/search.rs	singlecell_fullwidth	alacritty_terminal/src/term/search.rs	RegexSearch
alacritty_terminal/src/term/search.rs	skip	alacritty_terminal/src/index.rs	Boundary
alacritty_terminal/src/term/search.rs	skip	alacritty_terminal/src/index.rs	Direction
alacritty_terminal/src/term/search.rs	skip_dead_cell	alacritty_terminal/src/index.rs	Column
alacritty_terminal/src/term/search.rs	skip_dead_cell	alacritty_terminal/src/index.rs	Point
alacritty_terminal/src/term/search.rs	skip_dead_cell	alacritty_terminal/src/term/search.rs	RegexSearch
alacritty_terminal/src/term/search.rs	skip_fullwidth	alacritty_terminal/src/grid/mod.rs	GridIterator
alacritty_terminal/src/term/search.rs	skip_fullwidth	alacritty_terminal/src/grid/mod.rs	Indexed
alacritty_terminal/src/term/search.rs	skip_fullwidth	alacritty_terminal/src/index.rs	Boundary
alacritty_terminal/src/term/search.rs	skip_fullwidth	alacritty_terminal/src/index.rs	Direction
alacritty_terminal/src/term/search.rs	skip_fullwidth	alacritty_terminal/src/term/cell.rs	Cell
alacritty_terminal/src/term/search.rs	skip_fullwidth	alacritty_terminal/src/term/cell.rs	Flags
alacritty_terminal/src/term/search.rs	wide_without_spacer	alacritty_terminal/src/index.rs	Column
alacritty_terminal/src/term/search.rs	wide_without_spacer	alacritty_terminal/src/index.rs	Direction
alacritty_terminal/src/term/search.rs	wide_without_spacer	alacritty_terminal/src/index.rs	Point
alacritty_terminal/src/term/search.rs	wide_without_spacer	alacritty_terminal/src/term/cell.rs	Flags
alacritty_terminal/src/term/search.rs	wide_without_spacer	alacritty_terminal/src/term/mod.rs	Term
alacritty_terminal/src/term/search.rs	wide_without_spacer	alacritty_terminal/src/term/search.rs	RegexIter
alacritty_terminal/src/term/search.rs	wide_without_spacer	alacritty_terminal/src/term/search.rs	RegexSearch
alacritty_terminal/src/term/search.rs	wrap_around_to_another_end	alacritty_terminal/src/index.rs	Column
alacritty_terminal/src/term/search.rs	wrap_around_to_another_end	alacritty_terminal/src/index.rs	Point
alacritty_terminal/src/term/search.rs	wrap_around_to_another_end	alacritty_terminal/src/term/search.rs	RegexSearch
alacritty_terminal/src/term/search.rs	wrapping	alacritty_terminal/src/index.rs	Column
alacritty_terminal/src/term/search.rs	wrapping	alacritty_terminal/src/index.rs	Point
alacritty_terminal/src/term/search.rs	wrapping	alacritty_terminal/src/term/search.rs	RegexSearch
alacritty_terminal/src/term/search.rs	wrapping_into_fullwidth	alacritty_terminal/src/index.rs	Column
alacritty_terminal/src/term/search.rs	wrapping_into_fullwidth	alacritty_terminal/src/index.rs	Point
alacritty_terminal/src/term/search.rs	wrapping_into_fullwidth	alacritty_terminal/src/term/search.rs	RegexSearch
alacritty_terminal/src/tty/mod.rs	EventedPty	alacritty_terminal/src/tty/mod.rs	EventedReadWrite
alacritty_terminal/src/tty/mod.rs	Options	alacritty_terminal/src/tty/mod.rs	Shell
alacritty_terminal/src/tty/mod.rs	Shell	alacritty_terminal/src/tty/mod.rs	Shell
alacritty_terminal/src/tty/mod.rs	next_child_event	alacritty_terminal/src/tty/mod.rs	ChildEvent
alacritty_terminal/src/tty/mod.rs	reader	alacritty_terminal/src/tty/mod.rs	Reader
alacritty_terminal/src/tty/mod.rs	writer	alacritty_terminal/src/tty/mod.rs	Writer
alacritty_terminal/src/tty/unix.rs	Pty	alacritty_terminal/src/event.rs	OnResize
alacritty_terminal/src/tty/unix.rs	Pty	alacritty_terminal/src/tty/mod.rs	EventedPty
alacritty_terminal/src/tty/unix.rs	Pty	alacritty_terminal/src/tty/mod.rs	EventedReadWrite
alacritty_terminal/src/tty/unix.rs	Pty	alacritty_terminal/src/tty/unix.rs	Pty
alacritty_terminal/src/tty/unix.rs	ShellUser	alacritty_terminal/src/tty/unix.rs	ShellUser
alacritty_terminal/src/tty/unix.rs	WindowSize	alacritty_terminal/src/event.rs	WindowSize
alacritty_terminal/src/tty/unix.rs	WindowSize	alacritty_terminal/src/tty/unix.rs	ToWinsize
alacritty_terminal/src/tty/unix.rs	from_fd	alacritty_terminal/src/tty/mod.rs	Options
alacritty_terminal/src/tty/unix.rs	from_fd	alacritty_terminal/src/tty/unix.rs	Pty
alacritty_terminal/src/tty/unix.rs	from_fd	alacritty_terminal/src/tty/unix.rs	ShellUser
alacritty_terminal/src/tty/unix.rs	get_pw_entry	alacritty_terminal/src/tty/unix.rs	Passwd
alacritty_terminal/src/tty/unix.rs	new	alacritty_terminal/src/event.rs	WindowSize
alacritty_terminal/src/tty/unix.rs	new	alacritty_terminal/src/tty/mod.rs	Options
alacritty_terminal/src/tty/unix.rs	new	alacritty_terminal/src/tty/unix.rs	Pty
alacritty_terminal/src/tty/unix.rs	next_child_event	alacritty_terminal/src/tty/mod.rs	ChildEvent
alacritty_terminal/src/tty/unix.rs	on_resize	alacritty_terminal/src/event.rs	WindowSize
alacritty_terminal/src/vi_mode.rs	ViModeCursor	alacritty_terminal/src/index.rs	Point
alacritty_terminal/src/vi_mode.rs	ViModeCursor	alacritty_terminal/src/vi_mode.rs	ViModeCursor
alacritty_terminal/src/vi_mode.rs	advance	alacritty_terminal/src/index.rs	Boundary
alacritty_terminal/src/vi_mode.rs	advance	alacritty_terminal/src/index.rs	Direction
alacritty_terminal/src/vi_mode.rs	advance	alacritty_terminal/src/index.rs	Point
alacritty_terminal/src/vi_mode.rs	advance	alacritty_terminal/src/term/mod.rs	Term
alacritty_terminal/src/vi_mode.rs	first_occupied	alacritty_terminal/src/index.rs	Direction
alacritty_terminal/src/vi_mode.rs	first_occupied	alacritty_terminal/src/index.rs	Line
alacritty_terminal/src/vi_mode.rs	first_occupied	alacritty_terminal/src/index.rs	Point
alacritty_terminal/src/vi_mode.rs	first_occupied	alacritty_terminal/src/term/mod.rs	Term
alacritty_terminal/src/vi_mode.rs	first_occupied_in_line	alacritty_terminal/src/index.rs	Column
alacritty_terminal/src/vi_mode.rs	first_occupied_in_line	alacritty_terminal/src/index.rs	Line
alacritty_terminal/src/vi_mode.rs	first_occupied_in_line	alacritty_terminal/src/index.rs	Point
alacritty_terminal/src/vi_mode.rs	first_occupied_in_line	alacritty_terminal/src/term/mod.rs	Term
alacritty_terminal/src/vi_mode.rs	is_boundary	alacritty_terminal/src/index.rs	Direction
alacritty_terminal/src/vi_mode.rs	is_boundary	alacritty_terminal/src/index.rs	Point
alacritty_terminal/src/vi_mode.rs	is_boundary	alacritty_terminal/src/term/mod.rs	Term
alacritty_terminal/src/vi_mode.rs	is_space	alacritty_terminal/src/index.rs	Point
alacritty_terminal/src/vi_mode.rs	is_space	alacritty_terminal/src/term/cell.rs	Flags
alacritty_terminal/src/vi_mode.rs	is_space	alacritty_terminal/src/term/mod.rs	Term
alacritty_terminal/src/vi_mode.rs	is_wrap	alacritty_terminal/src/index.rs	Point
alacritty_terminal/src/vi_mode.rs	is_wrap	alacritty_terminal/src/term/cell.rs	Flags
alacritty_terminal/src/vi_mode.rs	is_wrap	alacritty_terminal/src/term/mod.rs	Term
alacritty_terminal/src/vi_mode.rs	last	alacritty_terminal/src/index.rs	Direction
alacritty_terminal/src/vi_mode.rs	last	alacritty_terminal/src/index.rs	Point
alacritty_terminal/src/vi_mode.rs	last	alacritty_terminal/src/term/mod.rs	Term
alacritty_terminal/src/vi_mode.rs	last_occupied_in_line	alacritty_terminal/src/index.rs	Column
alacritty_terminal/src/vi_mode.rs	last_occupied_in_line	alacritty_terminal/src/index.rs	Line
alacritty_terminal/src/vi_mode.rs	last_occupied_in_line	alacritty_terminal/src/index.rs	Point
alacritty_terminal/src/vi_mode.rs	last_occupied_in_line	alacritty_terminal/src/term/mod.rs	Term
alacritty_terminal/src/vi_mode.rs	motion	alacritty_terminal/src/event.rs	EventListener
alacritty_terminal/src/vi_mode.rs	motion	alacritty_terminal/src/index.rs	Column
alacritty_terminal/src/vi_mode.rs	motion	alacritty_terminal/src/index.rs	Direction
alacritty_terminal/src/vi_mode.rs	motion	alacritty_terminal/src/index.rs	Line
alacritty_terminal/src/vi_mode.rs	motion	alacritty_terminal/src/index.rs	Point
alacritty_terminal/src/vi_mode.rs	motion	alacritty_terminal/src/index.rs	Side
alacritty_terminal/src/vi_mode.rs	motion	alacritty_terminal/src/term/mod.rs	Term
alacritty_terminal/src/vi_mode.rs	motion	alacritty_terminal/src/vi_mode.rs	ViMotion
alacritty_terminal/src/vi_mode.rs	motion_bracket	alacritty_terminal/src/index.rs	Column
alacritty_terminal/src/vi_mode.rs	motion_bracket	alacritty_terminal/src/index.rs	Line
alacritty_terminal/src/vi_mode.rs	motion_bracket	alacritty_terminal/src/index.rs	Point
alacritty_terminal/src/vi_mode.rs	motion_bracket	alacritty_terminal/src/vi_mode.rs	ViModeCursor
alacritty_terminal/src/vi_mode.rs	motion_bracket	alacritty_terminal/src/vi_mode.rs	ViMotion
alacritty_terminal/src/vi_mode.rs	motion_first_occupied	alacritty_terminal/src/index.rs	Column
alacritty_terminal/src/vi_mode.rs	motion_first_occupied	alacritty_terminal/src/index.rs	Line
alacritty_terminal/src/vi_mode.rs	motion_first_occupied	alacritty_terminal/src/index.rs	Point
alacritty_terminal/src/vi_mode.rs	motion_first_occupied	alacritty_terminal/src/term/cell.rs	Flags
alacritty_terminal/src/vi_mode.rs	motion_first_occupied	alacritty_terminal/src/vi_mode.rs	ViModeCursor
alacritty_terminal/src/vi_mode.rs	motion_first_occupied	alacritty_terminal/src/vi_mode.rs	ViMotion
alacritty_terminal/src/vi_mode.rs	motion_high_middle_low	alacritty_terminal/src/index.rs	Column
alacritty_terminal/src/vi_mode.rs	motion_high_middle_low	alacritty_terminal/src/index.rs	Line
alacritty_terminal/src/vi_mode.rs	motion_high_middle_low	alacritty_terminal/src/index.rs	Point
alacritty_terminal/src/vi_mode.rs	motion_high_middle_low	alacritty_terminal/src/vi_mode.rs	ViModeCursor
alacritty_terminal/src/vi_mode.rs	motion_high_middle_low	alacritty_terminal/src/vi_mode.rs	ViMotion
alacritty_terminal/src/vi_mode.rs	motion_semantic_left_end	alacritty_terminal/src/index.rs	Column
alacritty_terminal/src/vi_mode.rs	motion_semantic_left_end	alacritty_terminal/src/index.rs	Line
alacritty_terminal/src/vi_mode.rs	motion_semantic_left_end	alacritty_terminal/src/index.rs	Point
alacritty_terminal/src/vi_mode.rs	motion_semantic_left_end	alacritty_terminal/src/vi_mode.rs	ViModeCursor
alacritty_terminal/src/vi_mode.rs	motion_semantic_left_end	alacritty_terminal/src/vi_mode.rs	ViMotion
alacritty_terminal/src/vi_mode.rs	motion_semantic_left_start	alacritty_terminal/src/index.rs	Column
alacritty_terminal/src/vi_mode.rs	motion_semantic_left_start	alacritty_terminal/src/index.rs	Line
alacritty_terminal/src/vi_mode.rs	motion_semantic_left_start	alacritty_terminal/src/index.rs	Point
alacritty_terminal/src/vi_mode.rs	motion_semantic_left_start	alacritty_terminal/src/vi_mode.rs	ViModeCursor
alacritty_terminal/src/vi_mode.rs	motion_semantic_left_start	alacritty_terminal/src/vi_mode.rs	ViMotion
alacritty_terminal/src/vi_mode.rs	motion_semantic_right_end	alacritty_terminal/src/index.rs	Column
alacritty_terminal/src/vi_mode.rs	motion_semantic_right_end	alacritty_terminal/src/index.rs	Line
alacritty_terminal/src/vi_mode.rs	motion_semantic_right_end	alacritty_terminal/src/index.rs	Point
alacritty_terminal/src/vi_mode.rs	motion_semantic_right_end	alacritty_terminal/src/vi_mode.rs	ViModeCursor
alacritty_terminal/src/vi_mode.rs	motion_semantic_right_end	alacritty_terminal/src/vi_mode.rs	ViMotion
alacritty_terminal/src/vi_mode.rs	motion_semantic_right_start	alacritty_terminal/src/index.rs	Column
alacritty_terminal/src/vi_mode.rs	motion_semantic_right_start	alacritty_terminal/src/index.rs	Line
alacritty_terminal/src/vi_mode.rs	motion_semantic_right_start	alacritty_terminal/src/index.rs	Point
alacritty_terminal/src/vi_mode.rs	motion_semantic_right_start	alacritty_terminal/src/vi_mode.rs	ViModeCursor
alacritty_terminal/src/vi_mode.rs	motion_semantic_right_start	alacritty_terminal/src/vi_mode.rs	ViMotion
alacritty_terminal/src/vi_mode.rs	motion_semantic_term	alacritty_terminal/src/index.rs	Column
alacritty_terminal/src/vi_mode.rs	motion_semantic_term	alacritty_terminal/src/index.rs	Line
alacritty_terminal/src/vi_mode.rs	motion_semantic_term	alacritty_terminal/src/term/mod.rs	Term
alacritty_terminal/src/vi_mode.rs	motion_simple	alacritty_terminal/src/index.rs	Column
alacritty_terminal/src/vi_mode.rs	motion_simple	alacritty_terminal/src/index.rs	Line
alacritty_terminal/src/vi_mode.rs	motion_simple	alacritty_terminal/src/index.rs	Point
alacritty_terminal/src/vi_mode.rs	motion_simple	alacritty_terminal/src/vi_mode.rs	ViModeCursor
alacritty_terminal/src/vi_mode.rs	motion_simple	alacritty_terminal/src/vi_mode.rs	ViMotion
alacritty_terminal/src/vi_mode.rs	motion_start_end	alacritty_terminal/src/index.rs	Column
alacritty_terminal/src/vi_mode.rs	motion_start_end	alacritty_terminal/src/index.rs	Line
alacritty_terminal/src/vi_mode.rs	motion_start_end	alacritty_terminal/src/index.rs	Point
alacritty_terminal/src/vi_mode.rs	motion_start_end	alacritty_terminal/src/vi_mode.rs	ViModeCursor
alacritty_terminal/src/vi_mode.rs	motion_start_end	alacritty_terminal/src/vi_mode.rs	ViMotion
alacritty_terminal/src/vi_mode.rs	motion_word	alacritty_terminal/src/index.rs	Column
alacritty_terminal/src/vi_mode.rs	motion_word	alacritty_terminal/src/index.rs	Line
alacritty_terminal/src/vi_mode.rs	motion_word	alacritty_terminal/src/index.rs	Point
alacritty_terminal/src/vi_mode.rs	motion_word	alacritty_terminal/src/vi_mode.rs	ViModeCursor
alacritty_terminal/src/vi_mode.rs	motion_word	alacritty_terminal/src/vi_mode.rs	ViMotion
alacritty_terminal/src/vi_mode.rs	new	alacritty_terminal/src/index.rs	Point
alacritty_terminal/src/vi_mode.rs	scroll	alacritty_terminal/src/event.rs	EventListener
alacritty_terminal/src/vi_mode.rs	scroll	alacritty_terminal/src/index.rs	Boundary
alacritty_terminal/src/vi_mode.rs	scroll	alacritty_terminal/src/index.rs	Point
alacritty_terminal/src/vi_mode.rs	scroll	alacritty_terminal/src/term/mod.rs	Term
alacritty_terminal/src/vi_mode.rs	scroll_over_bottom	alacritty_terminal/src/index.rs	Column
alacritty_terminal/src/vi_mode.rs	scroll_over_bottom	alacritty_terminal/src/index.rs	Line
alacritty_terminal/src/vi_mode.rs	scroll_over_bottom	alacritty_terminal/src/index.rs	Point
alacritty_terminal/src/vi_mode.rs	scroll_over_bottom	alacritty_terminal/src/vi_mode.rs	ViModeCursor
alacritty_terminal/src/vi_mode.rs	scroll_over_top	alacritty_terminal/src/index.rs	Column
alacritty_terminal/src/vi_mode.rs	scroll_over_top	alacritty_terminal/src/index.rs	Line
alacritty_terminal/src/vi_mode.rs	scroll_over_top	alacritty_terminal/src/index.rs	Point
alacritty_terminal/src/vi_mode.rs	scroll_over_top	alacritty_terminal/src/vi_mode.rs	ViModeCursor
alacritty_terminal/src/vi_mode.rs	scroll_semantic	alacritty_terminal/src/index.rs	Column
alacritty_terminal/src/vi_mode.rs	scroll_semantic	alacritty_terminal/src/index.rs	Line
alacritty_terminal/src/vi_mode.rs	scroll_semantic	alacritty_terminal/src/index.rs	Point
alacritty_terminal/src/vi_mode.rs	scroll_semantic	alacritty_terminal/src/vi_mode.rs	ViModeCursor
alacritty_terminal/src/vi_mode.rs	scroll_semantic	alacritty_terminal/src/vi_mode.rs	ViMotion
alacritty_terminal/src/vi_mode.rs	scroll_simple	alacritty_terminal/src/index.rs	Column
alacritty_terminal/src/vi_mode.rs	scroll_simple	alacritty_terminal/src/index.rs	Line
alacritty_terminal/src/vi_mode.rs	scroll_simple	alacritty_terminal/src/index.rs	Point
alacritty_terminal/src/vi_mode.rs	scroll_simple	alacritty_terminal/src/vi_mode.rs	ViModeCursor
alacritty_terminal/src/vi_mode.rs	scroll_word	alacritty_terminal/src/index.rs	Column
alacritty_terminal/src/vi_mode.rs	scroll_word	alacritty_terminal/src/index.rs	Line
alacritty_terminal/src/vi_mode.rs	scroll_word	alacritty_terminal/src/index.rs	Point
alacritty_terminal/src/vi_mode.rs	scroll_word	alacritty_terminal/src/vi_mode.rs	ViModeCursor
alacritty_terminal/src/vi_mode.rs	scroll_word	alacritty_terminal/src/vi_mode.rs	ViMotion
alacritty_terminal/src/vi_mode.rs	semantic	alacritty_terminal/src/event.rs	EventListener
alacritty_terminal/src/vi_mode.rs	semantic	alacritty_terminal/src/index.rs	Direction
alacritty_terminal/src/vi_mode.rs	semantic	alacritty_terminal/src/index.rs	Point
alacritty_terminal/src/vi_mode.rs	semantic	alacritty_terminal/src/index.rs	Side
alacritty_terminal/src/vi_mode.rs	semantic	alacritty_terminal/src/term/cell.rs	Flags
alacritty_terminal/src/vi_mode.rs	semantic	alacritty_terminal/src/term/mod.rs	Term
alacritty_terminal/src/vi_mode.rs	semantic_wide	alacritty_terminal/src/index.rs	Column
alacritty_terminal/src/vi_mode.rs	semantic_wide	alacritty_terminal/src/index.rs	Line
alacritty_terminal/src/vi_mode.rs	semantic_wide	alacritty_terminal/src/index.rs	Point
alacritty_terminal/src/vi_mode.rs	semantic_wide	alacritty_terminal/src/term/cell.rs	Flags
alacritty_terminal/src/vi_mode.rs	semantic_wide	alacritty_terminal/src/vi_mode.rs	ViModeCursor
alacritty_terminal/src/vi_mode.rs	semantic_wide	alacritty_terminal/src/vi_mode.rs	ViMotion
alacritty_terminal/src/vi_mode.rs	simple_wide	alacritty_terminal/src/index.rs	Column
alacritty_terminal/src/vi_mode.rs	simple_wide	alacritty_terminal/src/index.rs	Line
alacritty_terminal/src/vi_mode.rs	simple_wide	alacritty_terminal/src/index.rs	Point
alacritty_terminal/src/vi_mode.rs	simple_wide	alacritty_terminal/src/term/cell.rs	Flags
alacritty_terminal/src/vi_mode.rs	simple_wide	alacritty_terminal/src/vi_mode.rs	ViModeCursor
alacritty_terminal/src/vi_mode.rs	simple_wide	alacritty_terminal/src/vi_mode.rs	ViMotion
alacritty_terminal/src/vi_mode.rs	term	alacritty_terminal/src/term/mod.rs	Term
alacritty_terminal/src/vi_mode.rs	wide_semantic_char	alacritty_terminal/src/index.rs	Column
alacritty_terminal/src/vi_mode.rs	wide_semantic_char	alacritty_terminal/src/index.rs	Line
alacritty_terminal/src/vi_mode.rs	wide_semantic_char	alacritty_terminal/src/index.rs	Point
alacritty_terminal/src/vi_mode.rs	wide_semantic_char	alacritty_terminal/src/term/cell.rs	Flags
alacritty_terminal/src/vi_mode.rs	wide_semantic_char	alacritty_terminal/src/vi_mode.rs	ViModeCursor
alacritty_terminal/src/vi_mode.rs	wide_semantic_char	alacritty_terminal/src/vi_mode.rs	ViMotion
alacritty_terminal/src/vi_mode.rs	word	alacritty_terminal/src/event.rs	EventListener
alacritty_terminal/src/vi_mode.rs	word	alacritty_terminal/src/index.rs	Direction
alacritty_terminal/src/vi_mode.rs	word	alacritty_terminal/src/index.rs	Point
alacritty_terminal/src/vi_mode.rs	word	alacritty_terminal/src/index.rs	Side
alacritty_terminal/src/vi_mode.rs	word	alacritty_terminal/src/term/mod.rs	Term
alacritty_terminal/src/vi_mode.rs	word_wide	alacritty_terminal/src/index.rs	Column
alacritty_terminal/src/vi_mode.rs	word_wide	alacritty_terminal/src/index.rs	Line
alacritty_terminal/src/vi_mode.rs	word_wide	alacritty_terminal/src/index.rs	Point
alacritty_terminal/src/vi_mode.rs	word_wide	alacritty_terminal/src/term/cell.rs	Flags
alacritty_terminal/src/vi_mode.rs	word_wide	alacritty_terminal/src/vi_mode.rs	ViModeCursor
alacritty_terminal/src/vi_mode.rs	word_wide	alacritty_terminal/src/vi_mode.rs	ViMotion
alacritty_terminal/tests/ref.rs	Mock	alacritty_terminal/src/event.rs	EventListener
alacritty_terminal/tests/ref.rs	Mock	alacritty_terminal/tests/ref.rs	Mock
alacritty_terminal/tests/ref.rs	ref_test	alacritty_terminal/src/grid/mod.rs	Grid
alacritty_terminal/tests/ref.rs	ref_test	alacritty_terminal/src/index.rs	Column
alacritty_terminal/tests/ref.rs	ref_test	alacritty_terminal/src/index.rs	Line
alacritty_terminal/tests/ref.rs	ref_test	alacritty_terminal/src/term/cell.rs	Cell
alacritty_terminal/tests/ref.rs	ref_test	alacritty_terminal/src/term/mod.rs	Config
alacritty_terminal/tests/ref.rs	ref_test	alacritty_terminal/src/term/mod.rs	Term
alacritty_terminal/tests/ref.rs	ref_test	alacritty_terminal/src/term/mod.rs	TermSize
alacritty_terminal/tests/ref.rs	ref_test	alacritty_terminal/tests/ref.rs	Mock
alacritty_terminal/tests/ref.rs	ref_test	alacritty_terminal/tests/ref.rs	RefConfig
alacritty_terminal/tests/ref.rs	send_event	alacritty_terminal/src/event.rs	Event
