alacritty/build.rs	main	/Users/chrishafley/.cargo/registry/src/index.crates.io-1949cf8c6b5b557f/gl_generator-0.14.0/registry/mod.rs	new
alacritty/build.rs	main	/Users/chrishafley/.cargo/registry/src/index.crates.io-1949cf8c6b5b557f/gl_generator-0.14.0/registry/mod.rs	write_bindings
alacritty/build.rs	main	alacritty/build.rs	commit_hash
alacritty/src/cli.rs	config_overrides	alacritty/src/cli.rs	from_options
alacritty/src/cli.rs	from	alacritty/src/cli.rs	command
alacritty/src/cli.rs	override_config	alacritty/src/cli.rs	log_level
alacritty/src/cli.rs	override_config	alacritty/src/cli.rs	override_config
alacritty/src/cli.rs	override_config	alacritty/src/cli.rs	parse_hex_or_decimal
alacritty/src/cli.rs	override_config_rc	alacritty/src/cli.rs	override_config
alacritty/src/cli.rs	override_pty_config	alacritty/src/cli.rs	command
alacritty/src/cli.rs	parse_class	alacritty/src/config/window.rs	new
alacritty/src/clipboard.rs	default	/Users/chrishafley/.cargo/registry/src/index.crates.io-1949cf8c6b5b557f/copypasta-0.10.2/src/osx_clipboard.rs	new
alacritty/src/clipboard.rs	new_nop	/Users/chrishafley/.cargo/registry/src/index.crates.io-1949cf8c6b5b557f/copypasta-0.10.2/src/nop_clipboard.rs	new
alacritty/src/config/bell.rs	default	alacritty/src/display/color.rs	new
alacritty/src/config/bindings.rs	default	/Users/chrishafley/.cargo/registry/src/index.crates.io-1949cf8c6b5b557f/bitflags-2.9.4/src/lib.rs	empty
alacritty/src/config/bindings.rs	default	alacritty/src/config/bindings.rs	empty
alacritty/src/config/bindings.rs	default_key_bindings	alacritty/src/config/bindings.rs	platform_key_bindings
alacritty/src/config/bindings.rs	deserialize	/Users/chrishafley/.cargo/registry/src/index.crates.io-1949cf8c6b5b557f/bitflags-2.9.4/src/lib.rs	empty
alacritty/src/config/bindings.rs	deserialize	/Users/chrishafley/.cargo/registry/src/index.crates.io-1949cf8c6b5b557f/serde_core-1.0.228/src/de/mod.rs	Signed
alacritty/src/config/bindings.rs	deserialize	/Users/chrishafley/.cargo/registry/src/index.crates.io-1949cf8c6b5b557f/serde_core-1.0.228/src/de/mod.rs	Str
alacritty/src/config/bindings.rs	deserialize	/Users/chrishafley/.cargo/registry/src/index.crates.io-1949cf8c6b5b557f/serde_core-1.0.228/src/de/mod.rs	Unsigned
alacritty/src/config/bindings.rs	deserialize	/Users/chrishafley/.cargo/registry/src/index.crates.io-1949cf8c6b5b557f/serde_core-1.0.228/src/de/mod.rs	custom
alacritty/src/config/bindings.rs	deserialize	/Users/chrishafley/.cargo/registry/src/index.crates.io-1949cf8c6b5b557f/serde_core-1.0.228/src/de/mod.rs	deserialize
alacritty/src/config/bindings.rs	deserialize	/Users/chrishafley/.cargo/registry/src/index.crates.io-1949cf8c6b5b557f/serde_core-1.0.228/src/de/mod.rs	deserialize_any
alacritty/src/config/bindings.rs	deserialize	/Users/chrishafley/.cargo/registry/src/index.crates.io-1949cf8c6b5b557f/serde_core-1.0.228/src/de/mod.rs	deserialize_str
alacritty/src/config/bindings.rs	deserialize	/Users/chrishafley/.cargo/registry/src/index.crates.io-1949cf8c6b5b557f/serde_core-1.0.228/src/de/mod.rs	deserialize_struct
alacritty/src/config/bindings.rs	deserialize	/Users/chrishafley/.cargo/registry/src/index.crates.io-1949cf8c6b5b557f/serde_core-1.0.228/src/de/mod.rs	duplicate_field
alacritty/src/config/bindings.rs	deserialize	/Users/chrishafley/.cargo/registry/src/index.crates.io-1949cf8c6b5b557f/serde_core-1.0.228/src/de/mod.rs	invalid_value
alacritty/src/config/bindings.rs	deserialize	/Users/chrishafley/.cargo/registry/src/index.crates.io-1949cf8c6b5b557f/serde_core-1.0.228/src/de/mod.rs	unknown_field
alacritty/src/config/bindings.rs	deserialize	/Users/chrishafley/.cargo/registry/src/index.crates.io-1949cf8c6b5b557f/toml-0.9.11+spec-1.1.0/src/value.rs	String
alacritty/src/config/bindings.rs	deserialize	/Users/chrishafley/.cargo/registry/src/index.crates.io-1949cf8c6b5b557f/winit-0.30.13/src/event.rs	Other
alacritty/src/config/bindings.rs	deserialize	/Users/chrishafley/.cargo/registry/src/index.crates.io-1949cf8c6b5b557f/winit-0.30.13/src/keyboard.rs	Character
alacritty/src/config/bindings.rs	deserialize	/Users/chrishafley/.cargo/registry/src/index.crates.io-1949cf8c6b5b557f/winit-0.30.13/src/keyboard.rs	Named
alacritty/src/config/bindings.rs	deserialize	/Users/chrishafley/.cargo/registry/src/index.crates.io-1949cf8c6b5b557f/winit-0.30.13/src/keyboard.rs	empty
alacritty/src/config/bindings.rs	deserialize	alacritty/src/config/bindings.rs	Button
alacritty/src/config/bindings.rs	deserialize	alacritty/src/config/bindings.rs	Command
alacritty/src/config/bindings.rs	deserialize	alacritty/src/config/bindings.rs	Esc
alacritty/src/config/bindings.rs	deserialize	alacritty/src/config/bindings.rs	ModsWrapper
alacritty/src/config/bindings.rs	deserialize	alacritty/src/config/bindings.rs	Scancode
alacritty/src/config/bindings.rs	deserialize	alacritty/src/config/bindings.rs	empty
alacritty/src/config/bindings.rs	from	alacritty/src/config/bindings.rs	Esc
alacritty/src/config/bindings.rs	from	alacritty/src/config/bindings.rs	Mouse
alacritty/src/config/bindings.rs	from	alacritty/src/config/bindings.rs	Search
alacritty/src/config/bindings.rs	from	alacritty/src/config/bindings.rs	Vi
alacritty/src/config/bindings.rs	from	alacritty/src/config/bindings.rs	ViMotion
alacritty/src/config/bindings.rs	is_triggered_by	/Users/chrishafley/.cargo/registry/src/index.crates.io-1949cf8c6b5b557f/bitflags-2.9.4/src/lib.rs	contains
alacritty/src/config/bindings.rs	is_triggered_by	/Users/chrishafley/.cargo/registry/src/index.crates.io-1949cf8c6b5b557f/bitflags-2.9.4/src/lib.rs	intersects
alacritty/src/config/bindings.rs	is_triggered_by	alacritty/src/config/bindings.rs	contains
alacritty/src/config/bindings.rs	is_triggered_by	alacritty/src/config/bindings.rs	intersects
alacritty/src/config/bindings.rs	new	/Users/chrishafley/.cargo/registry/src/index.crates.io-1949cf8c6b5b557f/bitflags-2.9.4/src/lib.rs	contains
alacritty/src/config/bindings.rs	new	/Users/chrishafley/.cargo/registry/src/index.crates.io-1949cf8c6b5b557f/bitflags-2.9.4/src/lib.rs	empty
alacritty/src/config/bindings.rs	new	/Users/chrishafley/.cargo/registry/src/index.crates.io-1949cf8c6b5b557f/bitflags-2.9.4/src/lib.rs	set
alacritty/src/config/bindings.rs	new	alacritty/src/config/bindings.rs	empty
alacritty/src/config/bindings.rs	new	alacritty/src/config/bindings.rs	set
alacritty/src/config/bindings.rs	new	alacritty_terminal/src/term/mod.rs	contains
alacritty/src/config/bindings.rs	triggers_match	/Users/chrishafley/.cargo/registry/src/index.crates.io-1949cf8c6b5b557f/bitflags-2.9.4/src/lib.rs	all
alacritty/src/config/bindings.rs	triggers_match	/Users/chrishafley/.cargo/registry/src/index.crates.io-1949cf8c6b5b557f/bitflags-2.9.4/src/lib.rs	intersects
alacritty/src/config/bindings.rs	triggers_match	/Users/chrishafley/.cargo/registry/src/index.crates.io-1949cf8c6b5b557f/bitflags-2.9.4/src/lib.rs	is_empty
alacritty/src/config/bindings.rs	triggers_match	alacritty/src/config/bindings.rs	all
alacritty/src/config/bindings.rs	triggers_match	alacritty/src/config/bindings.rs	intersects
alacritty/src/config/bindings.rs	triggers_match	alacritty/src/config/bindings.rs	is_empty
alacritty/src/config/bindings.rs	visit_i64	/Users/chrishafley/.cargo/registry/src/index.crates.io-1949cf8c6b5b557f/serde_core-1.0.228/src/de/mod.rs	Signed
alacritty/src/config/bindings.rs	visit_i64	/Users/chrishafley/.cargo/registry/src/index.crates.io-1949cf8c6b5b557f/serde_core-1.0.228/src/de/mod.rs	invalid_value
alacritty/src/config/bindings.rs	visit_i64	/Users/chrishafley/.cargo/registry/src/index.crates.io-1949cf8c6b5b557f/winit-0.30.13/src/event.rs	Other
alacritty/src/config/bindings.rs	visit_i64	alacritty/src/config/bindings.rs	Button
alacritty/src/config/bindings.rs	visit_map	/Users/chrishafley/.cargo/registry/src/index.crates.io-1949cf8c6b5b557f/serde_core-1.0.228/src/de/mod.rs	custom
alacritty/src/config/bindings.rs	visit_map	/Users/chrishafley/.cargo/registry/src/index.crates.io-1949cf8c6b5b557f/serde_core-1.0.228/src/de/mod.rs	deserialize
alacritty/src/config/bindings.rs	visit_map	/Users/chrishafley/.cargo/registry/src/index.crates.io-1949cf8c6b5b557f/serde_core-1.0.228/src/de/mod.rs	duplicate_field
alacritty/src/config/bindings.rs	visit_map	alacritty/src/config/bindings.rs	Command
alacritty/src/config/bindings.rs	visit_map	alacritty/src/config/bindings.rs	Esc
alacritty/src/config/bindings.rs	visit_map	alacritty/src/config/bindings.rs	Scancode
alacritty/src/config/bindings.rs	visit_str	/Users/chrishafley/.cargo/registry/src/index.crates.io-1949cf8c6b5b557f/bitflags-2.9.4/src/lib.rs	empty
alacritty/src/config/bindings.rs	visit_str	/Users/chrishafley/.cargo/registry/src/index.crates.io-1949cf8c6b5b557f/serde_core-1.0.228/src/de/mod.rs	Str
alacritty/src/config/bindings.rs	visit_str	/Users/chrishafley/.cargo/registry/src/index.crates.io-1949cf8c6b5b557f/serde_core-1.0.228/src/de/mod.rs	invalid_value
alacritty/src/config/bindings.rs	visit_str	/Users/chrishafley/.cargo/registry/src/index.crates.io-1949cf8c6b5b557f/serde_core-1.0.228/src/de/mod.rs	unknown_field
alacritty/src/config/bindings.rs	visit_str	/Users/chrishafley/.cargo/registry/src/index.crates.io-1949cf8c6b5b557f/winit-0.30.13/src/keyboard.rs	empty
alacritty/src/config/bindings.rs	visit_str	alacritty/src/config/bindings.rs	Button
alacritty/src/config/bindings.rs	visit_str	alacritty/src/config/bindings.rs	ModsWrapper
alacritty/src/config/bindings.rs	visit_str	alacritty/src/config/bindings.rs	empty
alacritty/src/config/bindings.rs	visit_u64	/Users/chrishafley/.cargo/registry/src/index.crates.io-1949cf8c6b5b557f/serde_core-1.0.228/src/de/mod.rs	Unsigned
alacritty/src/config/bindings.rs	visit_u64	/Users/chrishafley/.cargo/registry/src/index.crates.io-1949cf8c6b5b557f/serde_core-1.0.228/src/de/mod.rs	invalid_value
alacritty/src/config/bindings.rs	visit_u64	/Users/chrishafley/.cargo/registry/src/index.crates.io-1949cf8c6b5b557f/winit-0.30.13/src/event.rs	Other
alacritty/src/config/bindings.rs	visit_u64	alacritty/src/config/bindings.rs	Button
alacritty/src/config/color.rs	default	alacritty/src/display/color.rs	Rgb
alacritty/src/config/color.rs	default	alacritty/src/display/color.rs	new
alacritty/src/config/color.rs	deserialize	/Users/chrishafley/.cargo/registry/src/index.crates.io-1949cf8c6b5b557f/serde_core-1.0.228/src/de/mod.rs	custom
alacritty/src/config/color.rs	deserialize	alacritty/src/config/color.rs	ColorIndex
alacritty/src/config/cursor.rs	blinking_override	alacritty/src/config/cursor.rs	blinking_override
alacritty/src/config/cursor.rs	default	alacritty/src/config/cursor.rs	Shape
alacritty/src/config/cursor.rs	default	alacritty/src/config/ui_config.rs	new
alacritty/src/config/cursor.rs	thickness	alacritty/src/config/ui_config.rs	as_f32
alacritty/src/config/font.rs	bold	alacritty/src/config/font.rs	desc
alacritty/src/config/font.rs	bold_italic	alacritty/src/config/font.rs	desc
alacritty/src/config/font.rs	default	/Users/chrishafley/.cargo/registry/src/index.crates.io-1949cf8c6b5b557f/crossfont-0.8.1/src/lib.rs	new
alacritty/src/config/font.rs	default	alacritty/src/config/font.rs	Size
alacritty/src/config/font.rs	deserialize	/Users/chrishafley/.cargo/registry/src/index.crates.io-1949cf8c6b5b557f/crossfont-0.8.1/src/lib.rs	new
alacritty/src/config/font.rs	deserialize	/Users/chrishafley/.cargo/registry/src/index.crates.io-1949cf8c6b5b557f/serde_core-1.0.228/src/de/mod.rs	deserialize_any
alacritty/src/config/font.rs	deserialize	alacritty/src/config/font.rs	Size
alacritty/src/config/font.rs	italic	alacritty/src/config/font.rs	desc
alacritty/src/config/font.rs	serialize	/Users/chrishafley/.cargo/registry/src/index.crates.io-1949cf8c6b5b557f/crossfont-0.8.1/src/lib.rs	as_pt
alacritty/src/config/font.rs	serialize	/Users/chrishafley/.cargo/registry/src/index.crates.io-1949cf8c6b5b557f/serde_core-1.0.228/src/ser/mod.rs	serialize_f32
alacritty/src/config/font.rs	visit_f64	/Users/chrishafley/.cargo/registry/src/index.crates.io-1949cf8c6b5b557f/crossfont-0.8.1/src/lib.rs	new
alacritty/src/config/font.rs	visit_f64	alacritty/src/config/font.rs	Size
alacritty/src/config/font.rs	visit_i64	/Users/chrishafley/.cargo/registry/src/index.crates.io-1949cf8c6b5b557f/crossfont-0.8.1/src/lib.rs	new
alacritty/src/config/font.rs	visit_i64	alacritty/src/config/font.rs	Size
alacritty/src/config/font.rs	with_size	alacritty/src/config/font.rs	Size
alacritty/src/config/mod.rs	after_loading	alacritty/src/cli.rs	override_config
alacritty/src/config/mod.rs	deserialize_config	alacritty/src/config/mod.rs	prune_yaml_nulls
alacritty/src/config/mod.rs	from	alacritty/src/config/mod.rs	Io
alacritty/src/config/mod.rs	from	alacritty/src/config/mod.rs	ReadingEnvHome
alacritty/src/config/mod.rs	from	alacritty/src/config/mod.rs	Toml
alacritty/src/config/mod.rs	from	alacritty/src/config/mod.rs	TomlSe
alacritty/src/config/mod.rs	from	alacritty/src/config/mod.rs	Yaml
alacritty/src/config/mod.rs	imports	/Users/chrishafley/.cargo/registry/src/index.crates.io-1949cf8c6b5b557f/toml-0.9.11+spec-1.1.0/src/value.rs	get
alacritty/src/config/mod.rs	installed_config	/Users/chrishafley/.cargo/registry/src/index.crates.io-1949cf8c6b5b557f/xdg-3.0.0/src/base_directories.rs	find_config_file
alacritty/src/config/mod.rs	installed_config	/Users/chrishafley/.cargo/registry/src/index.crates.io-1949cf8c6b5b557f/xdg-3.0.0/src/base_directories.rs	new
alacritty/src/config/mod.rs	installed_config	/Users/chrishafley/.cargo/registry/src/index.crates.io-1949cf8c6b5b557f/xdg-3.0.0/src/base_directories.rs	with_prefix
alacritty/src/config/mod.rs	load	alacritty/src/config/mod.rs	after_loading
alacritty/src/config/mod.rs	load	alacritty/src/config/mod.rs	installed_config
alacritty/src/config/mod.rs	load	alacritty/src/config/mod.rs	load_from
alacritty/src/config/mod.rs	load_from	alacritty/src/config/mod.rs	Io
alacritty/src/config/mod.rs	load_from	alacritty/src/config/mod.rs	read_config
alacritty/src/config/mod.rs	load_imports	/Users/chrishafley/.cargo/registry/src/index.crates.io-1949cf8c6b5b557f/toml-0.9.11+spec-1.1.0/src/map.rs	new
alacritty/src/config/mod.rs	load_imports	/Users/chrishafley/.cargo/registry/src/index.crates.io-1949cf8c6b5b557f/toml-0.9.11+spec-1.1.0/src/value.rs	Table
alacritty/src/config/mod.rs	load_imports	alacritty/src/config/mod.rs	imports
alacritty/src/config/mod.rs	normalize_import	/Users/chrishafley/.cargo/registry/src/index.crates.io-1949cf8c6b5b557f/home-0.5.11/src/lib.rs	home_dir
alacritty/src/config/mod.rs	parse_config	alacritty/src/config/mod.rs	load_imports
alacritty/src/config/mod.rs	parse_config	alacritty/src/config/serde_utils.rs	merge
alacritty/src/config/mod.rs	prune_yaml_nulls	/Users/chrishafley/.cargo/registry/src/index.crates.io-1949cf8c6b5b557f/serde_yaml-0.9.34+deprecated/src/mapping.rs	is_empty
alacritty/src/config/mod.rs	prune_yaml_nulls	/Users/chrishafley/.cargo/registry/src/index.crates.io-1949cf8c6b5b557f/serde_yaml-0.9.34+deprecated/src/mapping.rs	retain
alacritty/src/config/mod.rs	prune_yaml_nulls	/Users/chrishafley/.cargo/registry/src/index.crates.io-1949cf8c6b5b557f/serde_yaml-0.9.34+deprecated/src/value/mod.rs	Mapping
alacritty/src/config/mod.rs	prune_yaml_nulls	alacritty/src/config/mod.rs	walk
alacritty/src/config/mod.rs	reload	alacritty/src/config/mod.rs	after_loading
alacritty/src/config/mod.rs	walk	/Users/chrishafley/.cargo/registry/src/index.crates.io-1949cf8c6b5b557f/serde_yaml-0.9.34+deprecated/src/mapping.rs	is_empty
alacritty/src/config/mod.rs	walk	/Users/chrishafley/.cargo/registry/src/index.crates.io-1949cf8c6b5b557f/serde_yaml-0.9.34+deprecated/src/mapping.rs	retain
alacritty/src/config/mod.rs	walk	alacritty/src/config/mod.rs	walk
alacritty/src/config/monitor.rs	needs_restart	alacritty/src/config/monitor.rs	hash_paths
alacritty/src/config/monitor.rs	new	/Users/chrishafley/.cargo/registry/src/index.crates.io-1949cf8c6b5b557f/notify-8.2.0/src/lib.rs	new
alacritty/src/config/monitor.rs	new	/Users/chrishafley/.cargo/registry/src/index.crates.io-1949cf8c6b5b557f/winit-0.30.13/src/event_loop.rs	send_event
alacritty/src/config/monitor.rs	new	alacritty/src/config/monitor.rs	hash_paths
alacritty/src/config/monitor.rs	new	alacritty/src/event.rs	ConfigReload
alacritty/src/config/monitor.rs	new	alacritty/src/event.rs	new
alacritty/src/config/monitor.rs	new	alacritty_terminal/src/thread.rs	spawn_named
alacritty/src/config/monitor.rs	shutdown	/Users/chrishafley/.cargo/registry/src/index.crates.io-1949cf8c6b5b557f/notify-types-2.0.0/src/event.rs	new
alacritty/src/config/monitor.rs	shutdown	/Users/chrishafley/.cargo/registry/src/index.crates.io-1949cf8c6b5b557f/notify-types-2.0.0/src/event.rs	set_info
alacritty/src/config/mouse.rs	default	alacritty/src/config/bindings.rs	default_mouse_bindings
alacritty/src/config/mouse.rs	default	alacritty/src/config/mouse.rs	MouseBindings
alacritty/src/config/mouse.rs	deserialize	alacritty/src/config/mouse.rs	MouseBindings
alacritty/src/config/scrolling.rs	default	alacritty/src/config/scrolling.rs	ScrollingHistory
alacritty/src/config/scrolling.rs	deserialize	/Users/chrishafley/.cargo/registry/src/index.crates.io-1949cf8c6b5b557f/serde_core-1.0.228/src/de/mod.rs	custom
alacritty/src/config/scrolling.rs	deserialize	alacritty/src/config/scrolling.rs	ScrollingHistory
alacritty/src/config/serde_utils.rs	merge	/Users/chrishafley/.cargo/registry/src/index.crates.io-1949cf8c6b5b557f/toml-0.9.11+spec-1.1.0/src/value.rs	Array
alacritty/src/config/serde_utils.rs	merge	/Users/chrishafley/.cargo/registry/src/index.crates.io-1949cf8c6b5b557f/toml-0.9.11+spec-1.1.0/src/value.rs	Table
alacritty/src/config/serde_utils.rs	merge	alacritty/src/config/serde_utils.rs	merge_tables
alacritty/src/config/terminal.rs	deserialize	/Users/chrishafley/.cargo/registry/src/index.crates.io-1949cf8c6b5b557f/toml-0.9.11+spec-1.1.0/src/value.rs	String
alacritty/src/config/ui_config.rs	compiled	alacritty/src/config/ui_config.rs	Compiled
alacritty/src/config/ui_config.rs	compiled	alacritty/src/config/ui_config.rs	Uncompilable
alacritty/src/config/ui_config.rs	compiled	alacritty_terminal/src/term/search.rs	new
alacritty/src/config/ui_config.rs	default	alacritty/src/config/bindings.rs	default_key_bindings
alacritty/src/config/ui_config.rs	default	alacritty/src/config/ui_config.rs	Command
alacritty/src/config/ui_config.rs	default	alacritty/src/config/ui_config.rs	HintsAlphabet
alacritty/src/config/ui_config.rs	default	alacritty/src/config/ui_config.rs	Just
alacritty/src/config/ui_config.rs	default	alacritty/src/config/ui_config.rs	KeyBindings
alacritty/src/config/ui_config.rs	default	alacritty/src/config/ui_config.rs	LazyRegex
alacritty/src/config/ui_config.rs	default	alacritty/src/config/ui_config.rs	Pattern
alacritty/src/config/ui_config.rs	default	alacritty/src/config/ui_config.rs	Percentage
alacritty/src/config/ui_config.rs	default	alacritty/src/config/ui_config.rs	new
alacritty/src/config/ui_config.rs	deserialize	/Users/chrishafley/.cargo/registry/src/index.crates.io-1949cf8c6b5b557f/serde_core-1.0.228/src/de/mod.rs	custom
alacritty/src/config/ui_config.rs	deserialize	/Users/chrishafley/.cargo/registry/src/index.crates.io-1949cf8c6b5b557f/serde_core-1.0.228/src/de/mod.rs	deserialize
alacritty/src/config/ui_config.rs	deserialize	/Users/chrishafley/.cargo/registry/src/index.crates.io-1949cf8c6b5b557f/serde_core-1.0.228/src/de/mod.rs	deserialize_any
alacritty/src/config/ui_config.rs	deserialize	alacritty/src/config/ui_config.rs	HintsAlphabet
alacritty/src/config/ui_config.rs	deserialize	alacritty/src/config/ui_config.rs	KeyBindings
alacritty/src/config/ui_config.rs	deserialize	alacritty/src/config/ui_config.rs	LazyRegex
alacritty/src/config/ui_config.rs	deserialize	alacritty/src/config/ui_config.rs	Pattern
alacritty/src/config/ui_config.rs	deserialize	alacritty/src/config/ui_config.rs	new
alacritty/src/config/ui_config.rs	from	alacritty_terminal/src/tty/mod.rs	new
alacritty/src/config/ui_config.rs	key_binding	alacritty/src/config/bindings.rs	Hint
alacritty/src/config/ui_config.rs	new	alacritty/src/config/ui_config.rs	Percentage
alacritty/src/config/ui_config.rs	serialize	/Users/chrishafley/.cargo/registry/src/index.crates.io-1949cf8c6b5b557f/serde_core-1.0.228/src/ser/mod.rs	serialize_str
alacritty/src/config/ui_config.rs	term_options	alacritty/src/config/cursor.rs	style
alacritty/src/config/ui_config.rs	term_options	alacritty/src/config/cursor.rs	vi_mode_style
alacritty/src/config/ui_config.rs	term_options	alacritty/src/config/scrolling.rs	history
alacritty/src/config/ui_config.rs	visit_map	/Users/chrishafley/.cargo/registry/src/index.crates.io-1949cf8c6b5b557f/serde_core-1.0.228/src/de/mod.rs	custom
alacritty/src/config/ui_config.rs	visit_map	/Users/chrishafley/.cargo/registry/src/index.crates.io-1949cf8c6b5b557f/serde_core-1.0.228/src/de/mod.rs	deserialize
alacritty/src/config/ui_config.rs	window_opacity	alacritty/src/config/ui_config.rs	as_f32
alacritty/src/config/window.rs	default	alacritty/src/config/window.rs	new
alacritty/src/config/window.rs	deserialize	/Users/chrishafley/.cargo/registry/src/index.crates.io-1949cf8c6b5b557f/serde_core-1.0.228/src/de/mod.rs	deserialize_any
alacritty/src/config/window.rs	fullscreen	/Users/chrishafley/.cargo/registry/src/index.crates.io-1949cf8c6b5b557f/winit-0.30.13/src/window.rs	Borderless
alacritty/src/daemon.rs	foreground_process_path	/Users/chrishafley/.cargo/registry/src/index.crates.io-1949cf8c6b5b557f/libc-0.2.176/src/unix/mod.rs	tcgetpgrp
alacritty/src/daemon.rs	spawn_daemon	alacritty/src/daemon.rs	foreground_process_path
alacritty/src/display/bell.rs	from	alacritty/src/config/bell.rs	duration
alacritty/src/display/bell.rs	intensity	alacritty/src/display/bell.rs	intensity_at_instant
alacritty/src/display/bell.rs	intensity_at_instant	alacritty/src/display/bell.rs	cubic_bezier
alacritty/src/display/bell.rs	ring	alacritty/src/display/bell.rs	intensity_at_instant
alacritty/src/display/bell.rs	update_config	alacritty/src/config/bell.rs	duration
alacritty/src/display/color.rs	add	alacritty/src/display/color.rs	Rgb
alacritty/src/display/color.rs	default	alacritty/src/display/color.rs	Rgb
alacritty/src/display/color.rs	deserialize	/Users/chrishafley/.cargo/registry/src/index.crates.io-1949cf8c6b5b557f/serde_core-1.0.228/src/de/mod.rs	custom
alacritty/src/display/color.rs	deserialize	/Users/chrishafley/.cargo/registry/src/index.crates.io-1949cf8c6b5b557f/serde_core-1.0.228/src/de/mod.rs	deserialize_str
alacritty/src/display/color.rs	deserialize	alacritty/src/display/color.rs	new
alacritty/src/display/color.rs	from	alacritty/src/display/color.rs	List
alacritty/src/display/color.rs	from	alacritty/src/display/color.rs	Rgb
alacritty/src/display/color.rs	from	alacritty/src/display/color.rs	fill_cube
alacritty/src/display/color.rs	from	alacritty/src/display/color.rs	fill_gray_ramp
alacritty/src/display/color.rs	from	alacritty/src/display/color.rs	fill_named
alacritty/src/display/color.rs	from_str	alacritty/src/display/color.rs	new
alacritty/src/display/color.rs	mul	alacritty/src/display/color.rs	Rgb
alacritty/src/display/color.rs	new	alacritty/src/display/color.rs	Rgb
alacritty/src/display/color.rs	serialize	/Users/chrishafley/.cargo/registry/src/index.crates.io-1949cf8c6b5b557f/serde_core-1.0.228/src/ser/mod.rs	serialize_str
alacritty/src/display/color.rs	visit_str	/Users/chrishafley/.cargo/registry/src/index.crates.io-1949cf8c6b5b557f/serde_core-1.0.228/src/de/mod.rs	custom
alacritty/src/display/content.rs	advance	alacritty/src/display/content.rs	advance
alacritty/src/display/content.rs	compute_bg_alpha	/Users/chrishafley/.cargo/registry/src/index.crates.io-1949cf8c6b5b557f/vte-0.15.0/src/ansi.rs	Named
alacritty/src/display/content.rs	compute_bg_alpha	alacritty/src/config/ui_config.rs	window_opacity
alacritty/src/display/content.rs	compute_bg_rgb	alacritty/src/display/content.rs	color
alacritty/src/display/content.rs	compute_cell_rgb	alacritty/src/display/color.rs	color
alacritty/src/display/content.rs	compute_fg_rgb	/Users/chrishafley/.cargo/registry/src/index.crates.io-1949cf8c6b5b557f/vte-0.15.0/src/ansi.rs	to_bright
alacritty/src/display/content.rs	compute_fg_rgb	/Users/chrishafley/.cargo/registry/src/index.crates.io-1949cf8c6b5b557f/vte-0.15.0/src/ansi.rs	to_dim
alacritty/src/display/content.rs	compute_fg_rgb	alacritty/src/display/content.rs	color
alacritty/src/display/content.rs	from	alacritty/src/display/content.rs	new
alacritty/src/display/content.rs	from	alacritty/src/display/hint.rs	labels
alacritty/src/display/content.rs	from	alacritty/src/display/hint.rs	matches
alacritty/src/display/content.rs	is_empty	/Users/chrishafley/.cargo/registry/src/index.crates.io-1949cf8c6b5b557f/bitflags-2.9.4/src/lib.rs	intersects
alacritty/src/display/content.rs	is_empty	alacritty_terminal/src/term/cell.rs	intersects
alacritty/src/display/content.rs	new	alacritty/src/config/ui_config.rs	window_opacity
alacritty/src/display/content.rs	new	alacritty/src/display/content.rs	color
alacritty/src/display/content.rs	new	alacritty/src/display/content.rs	compute_bg_alpha
alacritty/src/display/content.rs	new	alacritty/src/display/content.rs	compute_bg_rgb
alacritty/src/display/content.rs	new	alacritty/src/display/content.rs	compute_cell_rgb
alacritty/src/display/content.rs	new	alacritty/src/display/content.rs	compute_fg_rgb
alacritty/src/display/content.rs	new	alacritty/src/display/content.rs	new_hidden
alacritty/src/display/content.rs	new	alacritty/src/display/content.rs	visible_regex_matches
alacritty/src/display/content.rs	new	alacritty/src/display/hint.rs	active
alacritty/src/display/content.rs	new	alacritty/src/display/hint.rs	update_matches
alacritty/src/display/content.rs	new	alacritty/src/display/mod.rs	columns
alacritty/src/display/content.rs	new	alacritty/src/display/mod.rs	preedit
alacritty/src/display/content.rs	new	alacritty/src/event.rs	dfas
alacritty/src/display/content.rs	new	alacritty/src/event.rs	focused_match
alacritty/src/display/content.rs	new	alacritty/src/event.rs	regex
alacritty/src/display/content.rs	new	alacritty_terminal/src/index.rs	Column
alacritty/src/display/content.rs	new	alacritty_terminal/src/index.rs	Line
alacritty/src/display/content.rs	new	alacritty_terminal/src/index.rs	new
alacritty/src/display/content.rs	new	alacritty_terminal/src/term/mod.rs	point_to_viewport
alacritty/src/display/content.rs	new	alacritty_terminal/src/term/mod.rs	renderable_content
alacritty/src/display/content.rs	next	/Users/chrishafley/.cargo/registry/src/index.crates.io-1949cf8c6b5b557f/bitflags-2.9.4/src/lib.rs	contains
alacritty/src/display/content.rs	next	alacritty/src/display/content.rs	is_empty
alacritty/src/display/content.rs	next	alacritty/src/display/content.rs	new
alacritty/src/display/content.rs	next	alacritty/src/display/content.rs	renderable_cursor
alacritty/src/display/content.rs	next	alacritty_terminal/src/term/cell.rs	contains
alacritty/src/display/content.rs	renderable_cursor	/Users/chrishafley/.cargo/registry/src/index.crates.io-1949cf8c6b5b557f/bitflags-2.9.4/src/lib.rs	contains
alacritty/src/display/content.rs	renderable_cursor	alacritty/src/display/color.rs	Rgb
alacritty/src/display/content.rs	renderable_cursor	alacritty/src/display/color.rs	color
alacritty/src/display/content.rs	renderable_cursor	alacritty_terminal/src/term/cell.rs	contains
alacritty/src/display/content.rs	renderable_cursor	alacritty_terminal/src/term/mod.rs	contains
alacritty/src/display/content.rs	visible_regex_matches	alacritty/src/display/content.rs	new
alacritty/src/display/content.rs	visible_regex_matches	alacritty/src/display/hint.rs	visible_regex_match_iter
alacritty/src/display/cursor.rs	beam	alacritty/src/renderer/rects.rs	new
alacritty/src/display/cursor.rs	hollow	alacritty/src/renderer/rects.rs	new
alacritty/src/display/cursor.rs	rects	alacritty/src/display/content.rs	color
alacritty/src/display/cursor.rs	rects	alacritty/src/display/content.rs	point
alacritty/src/display/cursor.rs	rects	alacritty/src/display/content.rs	shape
alacritty/src/display/cursor.rs	rects	alacritty/src/display/content.rs	width
alacritty/src/display/cursor.rs	rects	alacritty/src/display/cursor.rs	beam
alacritty/src/display/cursor.rs	rects	alacritty/src/display/cursor.rs	hollow
alacritty/src/display/cursor.rs	rects	alacritty/src/display/cursor.rs	underline
alacritty/src/display/cursor.rs	rects	alacritty/src/display/mod.rs	cell_height
alacritty/src/display/cursor.rs	rects	alacritty/src/display/mod.rs	cell_width
alacritty/src/display/cursor.rs	rects	alacritty/src/display/mod.rs	padding_x
alacritty/src/display/cursor.rs	rects	alacritty/src/display/mod.rs	padding_y
alacritty/src/display/cursor.rs	underline	alacritty/src/renderer/rects.rs	new
alacritty/src/display/damage.rs	add_viewport_rect	alacritty/src/display/damage.rs	viewport_y_to_damage_y
alacritty/src/display/damage.rs	damage_selection	alacritty/src/display/damage.rs	frame
alacritty/src/display/damage.rs	damage_vi_cursor	alacritty/src/display/damage.rs	damage_point
alacritty/src/display/damage.rs	damage_vi_cursor	alacritty/src/display/damage.rs	frame
alacritty/src/display/damage.rs	damage_y_to_viewport_y	alacritty/src/display/mod.rs	height
alacritty/src/display/damage.rs	merge_rects	/Users/chrishafley/.cargo/registry/src/index.crates.io-1949cf8c6b5b557f/glutin-0.32.3/src/surface.rs	new
alacritty/src/display/damage.rs	new	alacritty/src/display/damage.rs	resize
alacritty/src/display/damage.rs	next	alacritty/src/display/damage.rs	merge_rects
alacritty/src/display/damage.rs	next	alacritty/src/display/damage.rs	overdamage
alacritty/src/display/damage.rs	next	alacritty/src/display/damage.rs	rect_for_line
alacritty/src/display/damage.rs	next	alacritty/src/display/damage.rs	rects_overlap
alacritty/src/display/damage.rs	overdamage	alacritty/src/display/mod.rs	cell_height
alacritty/src/display/damage.rs	overdamage	alacritty/src/display/mod.rs	cell_width
alacritty/src/display/damage.rs	overdamage	alacritty/src/display/mod.rs	height
alacritty/src/display/damage.rs	overdamage	alacritty/src/display/mod.rs	width
alacritty/src/display/damage.rs	rect_for_line	/Users/chrishafley/.cargo/registry/src/index.crates.io-1949cf8c6b5b557f/glutin-0.32.3/src/surface.rs	new
alacritty/src/display/damage.rs	rect_for_line	alacritty/src/display/mod.rs	cell_height
alacritty/src/display/damage.rs	rect_for_line	alacritty/src/display/mod.rs	cell_width
alacritty/src/display/damage.rs	rect_for_line	alacritty/src/display/mod.rs	height
alacritty/src/display/damage.rs	rect_for_line	alacritty/src/display/mod.rs	padding_x
alacritty/src/display/damage.rs	rect_for_line	alacritty/src/display/mod.rs	padding_y
alacritty/src/display/damage.rs	resize	alacritty/src/display/damage.rs	frame
alacritty/src/display/damage.rs	shape_frame_damage	alacritty/src/display/damage.rs	new
alacritty/src/display/damage.rs	shape_frame_damage	alacritty_terminal/src/term/mod.rs	new
alacritty/src/display/damage.rs	swap_damage	alacritty/src/display/damage.rs	frame
alacritty/src/display/damage.rs	swap_damage	alacritty/src/display/damage.rs	reset
alacritty/src/display/damage.rs	viewport_y_to_damage_y	alacritty/src/display/mod.rs	height
alacritty/src/display/hint.rs	highlighted_at	/Users/chrishafley/.cargo/registry/src/index.crates.io-1949cf8c6b5b557f/bitflags-2.9.4/src/lib.rs	contains
alacritty/src/display/hint.rs	highlighted_at	/Users/chrishafley/.cargo/registry/src/index.crates.io-1949cf8c6b5b557f/bitflags-2.9.4/src/lib.rs	intersects
alacritty/src/display/hint.rs	highlighted_at	/Users/chrishafley/.cargo/registry/src/index.crates.io-1949cf8c6b5b557f/winit-0.30.13/src/keyboard.rs	contains
alacritty/src/display/hint.rs	highlighted_at	alacritty/src/display/hint.rs	hyperlink_at
alacritty/src/display/hint.rs	highlighted_at	alacritty/src/display/hint.rs	regex_match_at
alacritty/src/display/hint.rs	highlighted_at	alacritty_terminal/src/term/mod.rs	intersects
alacritty/src/display/hint.rs	highlighted_at	alacritty_terminal/src/term/mod.rs	mode
alacritty/src/display/hint.rs	hint_post_processing	alacritty_terminal/src/grid/mod.rs	cell
alacritty/src/display/hint.rs	hint_post_processing	alacritty_terminal/src/grid/mod.rs	iter_from
alacritty/src/display/hint.rs	hint_post_processing	alacritty_terminal/src/grid/mod.rs	point
alacritty/src/display/hint.rs	hint_post_processing	alacritty_terminal/src/grid/mod.rs	prev
alacritty/src/display/hint.rs	hint_post_processing	alacritty_terminal/src/term/mod.rs	grid
alacritty/src/display/hint.rs	hyperlink_at	alacritty_terminal/src/grid/mod.rs	iter_from
alacritty/src/display/hint.rs	hyperlink_at	alacritty_terminal/src/grid/mod.rs	prev
alacritty/src/display/hint.rs	hyperlink_at	alacritty_terminal/src/term/mod.rs	grid
alacritty/src/display/hint.rs	keyboard_input	alacritty/src/display/hint.rs	stop
alacritty/src/display/hint.rs	keyboard_input	alacritty/src/display/hint.rs	update_matches
alacritty/src/display/hint.rs	keyboard_input	alacritty_terminal/src/term/mod.rs	grid
alacritty/src/display/hint.rs	new	alacritty/src/display/hint.rs	next_processed_match
alacritty/src/display/hint.rs	next	alacritty/src/display/hint.rs	increment
alacritty/src/display/hint.rs	next	alacritty/src/display/hint.rs	next_processed_match
alacritty/src/display/hint.rs	next	alacritty_terminal/src/term/search.rs	regex_search_right
alacritty/src/display/hint.rs	next_processed_match	alacritty/src/display/hint.rs	hint_post_processing
alacritty/src/display/hint.rs	next_processed_match	alacritty_terminal/src/term/search.rs	regex_search_right
alacritty/src/display/hint.rs	regex_match_at	alacritty/src/display/hint.rs	new
alacritty/src/display/hint.rs	text	alacritty_terminal/src/term/mod.rs	bounds_to_string
alacritty/src/display/hint.rs	update_matches	alacritty/src/display/hint.rs	new
alacritty/src/display/hint.rs	update_matches	alacritty/src/display/hint.rs	stop
alacritty/src/display/hint.rs	update_matches	alacritty/src/display/hint.rs	visible_regex_match_iter
alacritty/src/display/hint.rs	update_matches	alacritty/src/display/hint.rs	visible_unique_hyperlinks_iter
alacritty/src/display/hint.rs	visible_regex_match_iter	alacritty_terminal/src/grid/mod.rs	bottommost_line
alacritty/src/display/hint.rs	visible_regex_match_iter	alacritty_terminal/src/grid/mod.rs	display_offset
alacritty/src/display/hint.rs	visible_regex_match_iter	alacritty_terminal/src/index.rs	Column
alacritty/src/display/hint.rs	visible_regex_match_iter	alacritty_terminal/src/index.rs	Line
alacritty/src/display/hint.rs	visible_regex_match_iter	alacritty_terminal/src/index.rs	new
alacritty/src/display/hint.rs	visible_regex_match_iter	alacritty_terminal/src/term/mod.rs	grid
alacritty/src/display/hint.rs	visible_regex_match_iter	alacritty_terminal/src/term/search.rs	line_search_left
alacritty/src/display/hint.rs	visible_regex_match_iter	alacritty_terminal/src/term/search.rs	line_search_right
alacritty/src/display/hint.rs	visible_regex_match_iter	alacritty_terminal/src/term/search.rs	new
alacritty/src/display/hint.rs	visible_unique_hyperlinks_iter	alacritty_terminal/src/grid/mod.rs	display_iter
alacritty/src/display/hint.rs	visible_unique_hyperlinks_iter	alacritty_terminal/src/term/mod.rs	grid
alacritty/src/display/meter.rs	drop	alacritty/src/display/meter.rs	add_sample
alacritty/src/display/meter.rs	drop	alacritty/src/display/meter.rs	alive_duration
alacritty/src/display/meter.rs	sampler	alacritty/src/display/meter.rs	new
alacritty/src/display/mod.rs	draw	alacritty/src/config/color.rs	footer_bar_background
alacritty/src/display/mod.rs	draw	alacritty/src/config/color.rs	footer_bar_foreground
alacritty/src/display/mod.rs	draw	alacritty/src/config/cursor.rs	thickness
alacritty/src/display/mod.rs	draw	alacritty/src/config/ui_config.rs	window_opacity
alacritty/src/display/mod.rs	draw	alacritty/src/display/bell.rs	intensity
alacritty/src/display/mod.rs	draw	alacritty/src/display/content.rs	color
alacritty/src/display/mod.rs	draw	alacritty/src/display/content.rs	cursor
alacritty/src/display/mod.rs	draw	alacritty/src/display/content.rs	display_offset
alacritty/src/display/mod.rs	draw	alacritty/src/display/content.rs	new
alacritty/src/display/mod.rs	draw	alacritty/src/display/content.rs	selection_range
alacritty/src/display/mod.rs	draw	alacritty/src/display/cursor.rs	rects
alacritty/src/display/mod.rs	draw	alacritty/src/display/damage.rs	add_viewport_rect
alacritty/src/display/mod.rs	draw	alacritty/src/display/damage.rs	damage_point
alacritty/src/display/mod.rs	draw	alacritty/src/display/damage.rs	damage_selection
alacritty/src/display/mod.rs	draw	alacritty/src/display/damage.rs	damage_vi_cursor
alacritty/src/display/mod.rs	draw	alacritty/src/display/damage.rs	frame
alacritty/src/display/mod.rs	draw	alacritty/src/display/damage.rs	mark_fully_damaged
alacritty/src/display/mod.rs	draw	alacritty/src/display/damage.rs	next_frame
alacritty/src/display/mod.rs	draw	alacritty/src/display/damage.rs	shape_frame_damage
alacritty/src/display/mod.rs	draw	alacritty/src/display/damage.rs	swap_damage
alacritty/src/display/mod.rs	draw	alacritty/src/display/hint.rs	active
alacritty/src/display/mod.rs	draw	alacritty/src/display/meter.rs	sampler
alacritty/src/display/mod.rs	draw	alacritty/src/display/mod.rs	cell_height
alacritty/src/display/mod.rs	draw	alacritty/src/display/mod.rs	columns
alacritty/src/display/mod.rs	draw	alacritty/src/display/mod.rs	draw_hyperlink_preview
alacritty/src/display/mod.rs	draw	alacritty/src/display/mod.rs	draw_ime_preview
alacritty/src/display/mod.rs	draw	alacritty/src/display/mod.rs	draw_line_indicator
alacritty/src/display/mod.rs	draw	alacritty/src/display/mod.rs	draw_render_timer
alacritty/src/display/mod.rs	draw	alacritty/src/display/mod.rs	draw_search
alacritty/src/display/mod.rs	draw	alacritty/src/display/mod.rs	format_search
alacritty/src/display/mod.rs	draw	alacritty/src/display/mod.rs	height
alacritty/src/display/mod.rs	draw	alacritty/src/display/mod.rs	highlight_damage
alacritty/src/display/mod.rs	draw	alacritty/src/display/mod.rs	is_enabled
alacritty/src/display/mod.rs	draw	alacritty/src/display/mod.rs	make_current
alacritty/src/display/mod.rs	draw	alacritty/src/display/mod.rs	padding_y
alacritty/src/display/mod.rs	draw	alacritty/src/display/mod.rs	preedit
alacritty/src/display/mod.rs	draw	alacritty/src/display/mod.rs	request_frame
alacritty/src/display/mod.rs	draw	alacritty/src/display/mod.rs	screen_lines
alacritty/src/display/mod.rs	draw	alacritty/src/display/mod.rs	swap_buffers
alacritty/src/display/mod.rs	draw	alacritty/src/display/mod.rs	validate_hint_highlights
alacritty/src/display/mod.rs	draw	alacritty/src/display/mod.rs	width
alacritty/src/display/mod.rs	draw	alacritty/src/display/window.rs	pre_present_notify
alacritty/src/display/mod.rs	draw	alacritty/src/event.rs	direction
alacritty/src/display/mod.rs	draw	alacritty/src/event.rs	regex
alacritty/src/display/mod.rs	draw	alacritty/src/message_bar.rs	message
alacritty/src/display/mod.rs	draw	alacritty/src/renderer/rects.rs	new
alacritty/src/display/mod.rs	draw	alacritty/src/renderer/rects.rs	rects
alacritty/src/display/mod.rs	draw	alacritty/src/renderer/rects.rs	update
alacritty/src/display/mod.rs	draw	alacritty/src/renderer/text/glyph_cache.rs	font_metrics
alacritty/src/display/mod.rs	draw	alacritty_terminal/src/grid/mod.rs	bottommost_line
alacritty/src/display/mod.rs	draw	alacritty_terminal/src/index.rs	Column
alacritty/src/display/mod.rs	draw	alacritty_terminal/src/index.rs	new
alacritty/src/display/mod.rs	draw	alacritty_terminal/src/term/mod.rs	point_to_viewport
alacritty/src/display/mod.rs	draw	alacritty_terminal/src/term/mod.rs	viewport_to_point
alacritty/src/display/mod.rs	draw_hyperlink_preview	alacritty/src/config/color.rs	footer_bar_background
alacritty/src/display/mod.rs	draw_hyperlink_preview	alacritty/src/config/color.rs	footer_bar_foreground
alacritty/src/display/mod.rs	draw_hyperlink_preview	alacritty/src/display/mod.rs	columns
alacritty/src/display/mod.rs	draw_hyperlink_preview	alacritty/src/display/mod.rs	screen_lines
alacritty/src/display/mod.rs	draw_hyperlink_preview	alacritty/src/string.rs	new
alacritty/src/display/mod.rs	draw_hyperlink_preview	alacritty_terminal/src/grid/mod.rs	bottommost_line
alacritty/src/display/mod.rs	draw_hyperlink_preview	alacritty_terminal/src/index.rs	Column
alacritty/src/display/mod.rs	draw_hyperlink_preview	alacritty_terminal/src/index.rs	Line
alacritty/src/display/mod.rs	draw_hyperlink_preview	alacritty_terminal/src/index.rs	new
alacritty/src/display/mod.rs	draw_hyperlink_preview	alacritty_terminal/src/term/mod.rs	point_to_viewport
alacritty/src/display/mod.rs	draw_ime_preview	alacritty/src/config/cursor.rs	thickness
alacritty/src/display/mod.rs	draw_ime_preview	alacritty/src/display/content.rs	new
alacritty/src/display/mod.rs	draw_ime_preview	alacritty/src/display/cursor.rs	rects
alacritty/src/display/mod.rs	draw_ime_preview	alacritty/src/display/damage.rs	damage_line
alacritty/src/display/mod.rs	draw_ime_preview	alacritty/src/display/damage.rs	frame
alacritty/src/display/mod.rs	draw_ime_preview	alacritty/src/display/damage.rs	next_frame
alacritty/src/display/mod.rs	draw_ime_preview	alacritty/src/display/mod.rs	columns
alacritty/src/display/mod.rs	draw_ime_preview	alacritty/src/display/mod.rs	preedit
alacritty/src/display/mod.rs	draw_ime_preview	alacritty/src/display/mod.rs	screen_lines
alacritty/src/display/mod.rs	draw_ime_preview	alacritty/src/display/window.rs	update_ime_position
alacritty/src/display/mod.rs	draw_ime_preview	alacritty/src/renderer/rects.rs	rects
alacritty/src/display/mod.rs	draw_ime_preview	alacritty/src/renderer/text/glyph_cache.rs	font_metrics
alacritty/src/display/mod.rs	draw_ime_preview	alacritty/src/string.rs	new
alacritty/src/display/mod.rs	draw_ime_preview	alacritty_terminal/src/index.rs	Column
alacritty/src/display/mod.rs	draw_ime_preview	alacritty_terminal/src/index.rs	new
alacritty/src/display/mod.rs	draw_ime_preview	alacritty_terminal/src/term/mod.rs	new
alacritty/src/display/mod.rs	draw_line_indicator	alacritty/src/display/damage.rs	damage_line
alacritty/src/display/mod.rs	draw_line_indicator	alacritty/src/display/damage.rs	frame
alacritty/src/display/mod.rs	draw_line_indicator	alacritty/src/display/damage.rs	next_frame
alacritty/src/display/mod.rs	draw_line_indicator	alacritty/src/display/mod.rs	columns
alacritty/src/display/mod.rs	draw_line_indicator	alacritty_terminal/src/index.rs	Column
alacritty/src/display/mod.rs	draw_line_indicator	alacritty_terminal/src/index.rs	new
alacritty/src/display/mod.rs	draw_line_indicator	alacritty_terminal/src/term/mod.rs	new
alacritty/src/display/mod.rs	draw_render_timer	alacritty/src/display/damage.rs	damage_line
alacritty/src/display/mod.rs	draw_render_timer	alacritty/src/display/damage.rs	frame
alacritty/src/display/mod.rs	draw_render_timer	alacritty/src/display/damage.rs	next_frame
alacritty/src/display/mod.rs	draw_render_timer	alacritty/src/display/mod.rs	screen_lines
alacritty/src/display/mod.rs	draw_render_timer	alacritty_terminal/src/index.rs	Column
alacritty/src/display/mod.rs	draw_render_timer	alacritty_terminal/src/index.rs	new
alacritty/src/display/mod.rs	draw_render_timer	alacritty_terminal/src/term/mod.rs	new
alacritty/src/display/mod.rs	draw_search	alacritty/src/config/color.rs	footer_bar_background
alacritty/src/display/mod.rs	draw_search	alacritty/src/config/color.rs	footer_bar_foreground
alacritty/src/display/mod.rs	draw_search	alacritty/src/display/mod.rs	columns
alacritty/src/display/mod.rs	draw_search	alacritty/src/display/mod.rs	screen_lines
alacritty/src/display/mod.rs	draw_search	alacritty_terminal/src/index.rs	Column
alacritty/src/display/mod.rs	draw_search	alacritty_terminal/src/index.rs	new
alacritty/src/display/mod.rs	drop	alacritty/src/display/mod.rs	make_current
alacritty/src/display/mod.rs	format_search	alacritty/src/string.rs	new
alacritty/src/display/mod.rs	from	alacritty/src/display/mod.rs	Context
alacritty/src/display/mod.rs	from	alacritty/src/display/mod.rs	Font
alacritty/src/display/mod.rs	from	alacritty/src/display/mod.rs	Render
alacritty/src/display/mod.rs	from	alacritty/src/display/mod.rs	Window
alacritty/src/display/mod.rs	from	alacritty/src/display/mod.rs	cell_height
alacritty/src/display/mod.rs	from	alacritty/src/display/mod.rs	cell_width
alacritty/src/display/mod.rs	from	alacritty/src/display/mod.rs	columns
alacritty/src/display/mod.rs	from	alacritty/src/display/mod.rs	screen_lines
alacritty/src/display/mod.rs	handle_update	/Users/chrishafley/.cargo/registry/src/index.crates.io-1949cf8c6b5b557f/dpi-0.1.2/src/lib.rs	new
alacritty/src/display/mod.rs	handle_update	alacritty/src/config/window.rs	padding
alacritty/src/display/mod.rs	handle_update	alacritty/src/display/damage.rs	frame
alacritty/src/display/mod.rs	handle_update	alacritty/src/display/damage.rs	mark_fully_damaged
alacritty/src/display/mod.rs	handle_update	alacritty/src/display/damage.rs	resize
alacritty/src/display/mod.rs	handle_update	alacritty/src/display/mod.rs	cell_height
alacritty/src/display/mod.rs	handle_update	alacritty/src/display/mod.rs	cell_width
alacritty/src/display/mod.rs	handle_update	alacritty/src/display/mod.rs	columns
alacritty/src/display/mod.rs	handle_update	alacritty/src/display/mod.rs	height
alacritty/src/display/mod.rs	handle_update	alacritty/src/display/mod.rs	new
alacritty/src/display/mod.rs	handle_update	alacritty/src/display/mod.rs	reserve_lines
alacritty/src/display/mod.rs	handle_update	alacritty/src/display/mod.rs	screen_lines
alacritty/src/display/mod.rs	handle_update	alacritty/src/display/mod.rs	update_font_size
alacritty/src/display/mod.rs	handle_update	alacritty/src/display/mod.rs	width
alacritty/src/display/mod.rs	handle_update	alacritty/src/display/window.rs	set_resize_increments
alacritty/src/display/mod.rs	handle_update	alacritty/src/event.rs	clear_focused_match
alacritty/src/display/mod.rs	handle_update	alacritty/src/message_bar.rs	message
alacritty/src/display/mod.rs	handle_update	alacritty_terminal/src/event.rs	on_resize
alacritty/src/display/mod.rs	handle_update	alacritty_terminal/src/term/mod.rs	resize
alacritty/src/display/mod.rs	make_current	alacritty/src/display/damage.rs	frame
alacritty/src/display/mod.rs	make_current	alacritty/src/display/damage.rs	mark_fully_damaged
alacritty/src/display/mod.rs	make_current	alacritty/src/display/mod.rs	reset_glyph_cache
alacritty/src/display/mod.rs	make_current	alacritty/src/display/window.rs	raw_window_handle
alacritty/src/display/mod.rs	make_current	alacritty/src/renderer/mod.rs	new
alacritty/src/display/mod.rs	make_current	alacritty/src/renderer/platform.rs	create_gl_context
alacritty/src/display/mod.rs	new	/Users/chrishafley/.cargo/registry/src/index.crates.io-1949cf8c6b5b557f/crossfont-0.8.1/src/lib.rs	scale
alacritty/src/display/mod.rs	new	/Users/chrishafley/.cargo/registry/src/index.crates.io-1949cf8c6b5b557f/dpi-0.1.2/src/lib.rs	new
alacritty/src/display/mod.rs	new	alacritty/src/config/font.rs	size
alacritty/src/display/mod.rs	new	alacritty/src/config/ui_config.rs	alphabet
alacritty/src/display/mod.rs	new	alacritty/src/config/ui_config.rs	window_opacity
alacritty/src/display/mod.rs	new	alacritty/src/config/window.rs	dimensions
alacritty/src/display/mod.rs	new	alacritty/src/config/window.rs	padding
alacritty/src/display/mod.rs	new	alacritty/src/display/damage.rs	new
alacritty/src/display/mod.rs	new	alacritty/src/display/hint.rs	new
alacritty/src/display/mod.rs	new	alacritty/src/display/mod.rs	columns
alacritty/src/display/mod.rs	new	alacritty/src/display/mod.rs	compute_cell_size
alacritty/src/display/mod.rs	new	alacritty/src/display/mod.rs	dynamic_padding
alacritty/src/display/mod.rs	new	alacritty/src/display/mod.rs	new
alacritty/src/display/mod.rs	new	alacritty/src/display/mod.rs	screen_lines
alacritty/src/display/mod.rs	new	alacritty/src/display/mod.rs	window_size
alacritty/src/display/mod.rs	new	alacritty/src/display/window.rs	focus_window
alacritty/src/display/mod.rs	new	alacritty/src/display/window.rs	inner_size
alacritty/src/display/mod.rs	new	alacritty/src/display/window.rs	raw_window_handle
alacritty/src/display/mod.rs	new	alacritty/src/display/window.rs	request_inner_size
alacritty/src/display/mod.rs	new	alacritty/src/display/window.rs	set_has_shadow
alacritty/src/display/mod.rs	new	alacritty/src/display/window.rs	set_maximized
alacritty/src/display/mod.rs	new	alacritty/src/display/window.rs	set_resize_increments
alacritty/src/display/mod.rs	new	alacritty/src/display/window.rs	set_simple_fullscreen
alacritty/src/display/mod.rs	new	alacritty/src/display/window.rs	set_visible
alacritty/src/display/mod.rs	process_renderer_update	alacritty/src/display/mod.rs	height
alacritty/src/display/mod.rs	process_renderer_update	alacritty/src/display/mod.rs	make_current
alacritty/src/display/mod.rs	process_renderer_update	alacritty/src/display/mod.rs	reset_glyph_cache
alacritty/src/display/mod.rs	process_renderer_update	alacritty/src/display/mod.rs	width
alacritty/src/display/mod.rs	request_frame	alacritty/src/display/mod.rs	compute_timeout
alacritty/src/display/mod.rs	request_frame	alacritty/src/display/window.rs	current_monitor
alacritty/src/display/mod.rs	request_frame	alacritty/src/display/window.rs	id
alacritty/src/display/mod.rs	request_frame	alacritty/src/event.rs	new
alacritty/src/display/mod.rs	request_frame	alacritty/src/scheduler.rs	new
alacritty/src/display/mod.rs	request_frame	alacritty/src/scheduler.rs	schedule
alacritty/src/display/mod.rs	reset_glyph_cache	alacritty/src/renderer/text/glyph_cache.rs	reset_glyph_cache
alacritty/src/display/mod.rs	total_lines	alacritty/src/display/mod.rs	screen_lines
alacritty/src/display/mod.rs	update_config	alacritty/src/display/bell.rs	update_config
alacritty/src/display/mod.rs	update_font_size	alacritty/src/display/mod.rs	compute_cell_size
alacritty/src/display/mod.rs	update_font_size	alacritty/src/renderer/text/glyph_cache.rs	font_metrics
alacritty/src/display/mod.rs	update_font_size	alacritty/src/renderer/text/glyph_cache.rs	update_font_size
alacritty/src/display/mod.rs	update_highlighted_hints	/Users/chrishafley/.cargo/registry/src/index.crates.io-1949cf8c6b5b557f/bitflags-2.9.4/src/lib.rs	all
alacritty/src/display/mod.rs	update_highlighted_hints	/Users/chrishafley/.cargo/registry/src/index.crates.io-1949cf8c6b5b557f/bitflags-2.9.4/src/lib.rs	contains
alacritty/src/display/mod.rs	update_highlighted_hints	/Users/chrishafley/.cargo/registry/src/index.crates.io-1949cf8c6b5b557f/bitflags-2.9.4/src/lib.rs	intersects
alacritty/src/display/mod.rs	update_highlighted_hints	/Users/chrishafley/.cargo/registry/src/index.crates.io-1949cf8c6b5b557f/winit-0.30.13/src/keyboard.rs	all
alacritty/src/display/mod.rs	update_highlighted_hints	alacritty/src/display/damage.rs	frame
alacritty/src/display/mod.rs	update_highlighted_hints	alacritty/src/display/damage.rs	mark_fully_damaged
alacritty/src/display/mod.rs	update_highlighted_hints	alacritty/src/display/hint.rs	highlighted_at
alacritty/src/display/mod.rs	update_highlighted_hints	alacritty/src/display/window.rs	mouse_visible
alacritty/src/display/mod.rs	update_highlighted_hints	alacritty/src/display/window.rs	set_mouse_cursor
alacritty/src/display/mod.rs	update_highlighted_hints	alacritty/src/event.rs	point
alacritty/src/display/mod.rs	update_highlighted_hints	alacritty_terminal/src/grid/mod.rs	display_offset
alacritty/src/display/mod.rs	update_highlighted_hints	alacritty_terminal/src/term/mod.rs	contains
alacritty/src/display/mod.rs	update_highlighted_hints	alacritty_terminal/src/term/mod.rs	grid
alacritty/src/display/mod.rs	update_highlighted_hints	alacritty_terminal/src/term/mod.rs	intersects
alacritty/src/display/mod.rs	update_highlighted_hints	alacritty_terminal/src/term/mod.rs	mode
alacritty/src/display/mod.rs	validate_hint_highlights	alacritty/src/display/damage.rs	frame
alacritty/src/display/mod.rs	validate_hint_highlights	alacritty/src/display/mod.rs	screen_lines
alacritty/src/display/mod.rs	window_size	/Users/chrishafley/.cargo/registry/src/index.crates.io-1949cf8c6b5b557f/dpi-0.1.2/src/lib.rs	new
alacritty/src/display/mod.rs	window_size	alacritty/src/config/window.rs	padding
alacritty/src/display/window.rs	current_monitor	/Users/chrishafley/.cargo/registry/src/index.crates.io-1949cf8c6b5b557f/winit-0.30.13/src/window.rs	current_monitor
alacritty/src/display/window.rs	focus_window	/Users/chrishafley/.cargo/registry/src/index.crates.io-1949cf8c6b5b557f/winit-0.30.13/src/window.rs	focus_window
alacritty/src/display/window.rs	from	alacritty/src/display/window.rs	Font
alacritty/src/display/window.rs	from	alacritty/src/display/window.rs	WindowCreation
alacritty/src/display/window.rs	get_platform_window	/Users/chrishafley/.cargo/registry/src/index.crates.io-1949cf8c6b5b557f/winit-0.30.13/src/window.rs	default_attributes
alacritty/src/display/window.rs	get_platform_window	alacritty/src/config/window.rs	option_as_alt
alacritty/src/display/window.rs	id	/Users/chrishafley/.cargo/registry/src/index.crates.io-1949cf8c6b5b557f/winit-0.30.13/src/window.rs	id
alacritty/src/display/window.rs	inner_size	/Users/chrishafley/.cargo/registry/src/index.crates.io-1949cf8c6b5b557f/winit-0.30.13/src/window.rs	inner_size
alacritty/src/display/window.rs	new	/Users/chrishafley/.cargo/registry/src/index.crates.io-1949cf8c6b5b557f/winit-0.30.13/src/window.rs	scale_factor
alacritty/src/display/window.rs	new	/Users/chrishafley/.cargo/registry/src/index.crates.io-1949cf8c6b5b557f/winit-0.30.13/src/window.rs	with_blur
alacritty/src/display/window.rs	new	/Users/chrishafley/.cargo/registry/src/index.crates.io-1949cf8c6b5b557f/winit-0.30.13/src/window.rs	with_fullscreen
alacritty/src/display/window.rs	new	/Users/chrishafley/.cargo/registry/src/index.crates.io-1949cf8c6b5b557f/winit-0.30.13/src/window.rs	with_maximized
alacritty/src/display/window.rs	new	/Users/chrishafley/.cargo/registry/src/index.crates.io-1949cf8c6b5b557f/winit-0.30.13/src/window.rs	with_position
alacritty/src/display/window.rs	new	/Users/chrishafley/.cargo/registry/src/index.crates.io-1949cf8c6b5b557f/winit-0.30.13/src/window.rs	with_theme
alacritty/src/display/window.rs	new	/Users/chrishafley/.cargo/registry/src/index.crates.io-1949cf8c6b5b557f/winit-0.30.13/src/window.rs	with_title
alacritty/src/display/window.rs	new	/Users/chrishafley/.cargo/registry/src/index.crates.io-1949cf8c6b5b557f/winit-0.30.13/src/window.rs	with_transparent
alacritty/src/display/window.rs	new	/Users/chrishafley/.cargo/registry/src/index.crates.io-1949cf8c6b5b557f/winit-0.30.13/src/window.rs	with_visible
alacritty/src/display/window.rs	new	/Users/chrishafley/.cargo/registry/src/index.crates.io-1949cf8c6b5b557f/winit-0.30.13/src/window.rs	with_window_level
alacritty/src/display/window.rs	new	alacritty/src/config/ui_config.rs	window_opacity
alacritty/src/display/window.rs	new	alacritty/src/config/window.rs	fullscreen
alacritty/src/display/window.rs	new	alacritty/src/config/window.rs	maximized
alacritty/src/display/window.rs	new	alacritty/src/config/window.rs	theme
alacritty/src/display/window.rs	new	alacritty/src/display/window.rs	get_platform_window
alacritty/src/display/window.rs	new	alacritty/src/display/window.rs	use_srgb_color_space
alacritty/src/display/window.rs	pre_present_notify	/Users/chrishafley/.cargo/registry/src/index.crates.io-1949cf8c6b5b557f/winit-0.30.13/src/window.rs	pre_present_notify
alacritty/src/display/window.rs	raw_window_handle	/Users/chrishafley/.cargo/registry/src/index.crates.io-1949cf8c6b5b557f/winit-0.30.13/src/window.rs	window_handle
alacritty/src/display/window.rs	request_inner_size	/Users/chrishafley/.cargo/registry/src/index.crates.io-1949cf8c6b5b557f/winit-0.30.13/src/window.rs	request_inner_size
alacritty/src/display/window.rs	request_redraw	/Users/chrishafley/.cargo/registry/src/index.crates.io-1949cf8c6b5b557f/winit-0.30.13/src/window.rs	request_redraw
alacritty/src/display/window.rs	set_blur	/Users/chrishafley/.cargo/registry/src/index.crates.io-1949cf8c6b5b557f/winit-0.30.13/src/window.rs	set_blur
alacritty/src/display/window.rs	set_fullscreen	/Users/chrishafley/.cargo/registry/src/index.crates.io-1949cf8c6b5b557f/winit-0.30.13/src/window.rs	Borderless
alacritty/src/display/window.rs	set_fullscreen	/Users/chrishafley/.cargo/registry/src/index.crates.io-1949cf8c6b5b557f/winit-0.30.13/src/window.rs	set_fullscreen
alacritty/src/display/window.rs	set_has_shadow	alacritty/src/display/window.rs	raw_window_handle
alacritty/src/display/window.rs	set_ime_inhibitor	/Users/chrishafley/.cargo/registry/src/index.crates.io-1949cf8c6b5b557f/bitflags-2.9.4/src/lib.rs	contains
alacritty/src/display/window.rs	set_ime_inhibitor	/Users/chrishafley/.cargo/registry/src/index.crates.io-1949cf8c6b5b557f/bitflags-2.9.4/src/lib.rs	is_empty
alacritty/src/display/window.rs	set_ime_inhibitor	/Users/chrishafley/.cargo/registry/src/index.crates.io-1949cf8c6b5b557f/bitflags-2.9.4/src/lib.rs	set
alacritty/src/display/window.rs	set_ime_inhibitor	/Users/chrishafley/.cargo/registry/src/index.crates.io-1949cf8c6b5b557f/winit-0.30.13/src/window.rs	set_ime_allowed
alacritty/src/display/window.rs	set_ime_inhibitor	alacritty/src/display/window.rs	contains
alacritty/src/display/window.rs	set_ime_inhibitor	alacritty/src/display/window.rs	is_empty
alacritty/src/display/window.rs	set_ime_inhibitor	alacritty/src/display/window.rs	set
alacritty/src/display/window.rs	set_maximized	/Users/chrishafley/.cargo/registry/src/index.crates.io-1949cf8c6b5b557f/winit-0.30.13/src/window.rs	set_maximized
alacritty/src/display/window.rs	set_minimized	/Users/chrishafley/.cargo/registry/src/index.crates.io-1949cf8c6b5b557f/winit-0.30.13/src/window.rs	set_minimized
alacritty/src/display/window.rs	set_mouse_cursor	/Users/chrishafley/.cargo/registry/src/index.crates.io-1949cf8c6b5b557f/winit-0.30.13/src/window.rs	set_cursor
alacritty/src/display/window.rs	set_mouse_visible	/Users/chrishafley/.cargo/registry/src/index.crates.io-1949cf8c6b5b557f/winit-0.30.13/src/window.rs	set_cursor_visible
alacritty/src/display/window.rs	set_resize_increments	/Users/chrishafley/.cargo/registry/src/index.crates.io-1949cf8c6b5b557f/winit-0.30.13/src/window.rs	set_resize_increments
alacritty/src/display/window.rs	set_theme	/Users/chrishafley/.cargo/registry/src/index.crates.io-1949cf8c6b5b557f/winit-0.30.13/src/window.rs	set_theme
alacritty/src/display/window.rs	set_title	/Users/chrishafley/.cargo/registry/src/index.crates.io-1949cf8c6b5b557f/winit-0.30.13/src/window.rs	set_title
alacritty/src/display/window.rs	set_transparent	/Users/chrishafley/.cargo/registry/src/index.crates.io-1949cf8c6b5b557f/winit-0.30.13/src/window.rs	set_transparent
alacritty/src/display/window.rs	set_urgent	/Users/chrishafley/.cargo/registry/src/index.crates.io-1949cf8c6b5b557f/winit-0.30.13/src/window.rs	request_user_attention
alacritty/src/display/window.rs	set_visible	/Users/chrishafley/.cargo/registry/src/index.crates.io-1949cf8c6b5b557f/winit-0.30.13/src/window.rs	set_visible
alacritty/src/display/window.rs	toggle_fullscreen	/Users/chrishafley/.cargo/registry/src/index.crates.io-1949cf8c6b5b557f/winit-0.30.13/src/window.rs	fullscreen
alacritty/src/display/window.rs	toggle_fullscreen	alacritty/src/display/window.rs	set_fullscreen
alacritty/src/display/window.rs	toggle_maximized	/Users/chrishafley/.cargo/registry/src/index.crates.io-1949cf8c6b5b557f/winit-0.30.13/src/window.rs	is_maximized
alacritty/src/display/window.rs	toggle_maximized	alacritty/src/display/window.rs	set_maximized
alacritty/src/display/window.rs	toggle_simple_fullscreen	alacritty/src/display/window.rs	set_simple_fullscreen
alacritty/src/display/window.rs	update_ime_position	/Users/chrishafley/.cargo/registry/src/index.crates.io-1949cf8c6b5b557f/dpi-0.1.2/src/lib.rs	new
alacritty/src/display/window.rs	update_ime_position	/Users/chrishafley/.cargo/registry/src/index.crates.io-1949cf8c6b5b557f/winit-0.30.13/src/window.rs	set_ime_cursor_area
alacritty/src/display/window.rs	update_ime_position	alacritty/src/display/mod.rs	cell_height
alacritty/src/display/window.rs	update_ime_position	alacritty/src/display/mod.rs	cell_width
alacritty/src/display/window.rs	update_ime_position	alacritty/src/display/mod.rs	padding_x
alacritty/src/display/window.rs	update_ime_position	alacritty/src/display/mod.rs	padding_y
alacritty/src/display/window.rs	use_srgb_color_space	/Users/chrishafley/.cargo/registry/src/index.crates.io-1949cf8c6b5b557f/objc2-app-kit-0.3.2/src/generated/NSColorSpace.rs	sRGBColorSpace
alacritty/src/display/window.rs	use_srgb_color_space	/Users/chrishafley/.cargo/registry/src/index.crates.io-1949cf8c6b5b557f/winit-0.30.13/src/window.rs	window_handle
alacritty/src/event.rs	about_to_wait	/Users/chrishafley/.cargo/registry/src/index.crates.io-1949cf8c6b5b557f/winit-0.30.13/src/event_loop.rs	WaitUntil
alacritty/src/event.rs	about_to_wait	/Users/chrishafley/.cargo/registry/src/index.crates.io-1949cf8c6b5b557f/winit-0.30.13/src/event_loop.rs	set_control_flow
alacritty/src/event.rs	about_to_wait	alacritty/src/scheduler.rs	update
alacritty/src/event.rs	advance_search_origin	alacritty/src/event.rs	goto_match
alacritty/src/event.rs	advance_search_origin	alacritty_terminal/src/grid/mod.rs	Delta
alacritty/src/event.rs	advance_search_origin	alacritty_terminal/src/grid/mod.rs	display_offset
alacritty/src/event.rs	advance_search_origin	alacritty_terminal/src/term/mod.rs	grid
alacritty/src/event.rs	advance_search_origin	alacritty_terminal/src/term/mod.rs	scroll_display
alacritty/src/event.rs	advance_search_origin	alacritty_terminal/src/term/mod.rs	scroll_to_point
alacritty/src/event.rs	cancel_search	/Users/chrishafley/.cargo/registry/src/index.crates.io-1949cf8c6b5b557f/bitflags-2.9.4/src/lib.rs	contains
alacritty/src/event.rs	cancel_search	alacritty/src/event.rs	copy_selection
alacritty/src/event.rs	cancel_search	alacritty/src/event.rs	exit_search
alacritty/src/event.rs	cancel_search	alacritty/src/event.rs	search_reset_state
alacritty/src/event.rs	cancel_search	alacritty/src/event.rs	start_selection
alacritty/src/event.rs	cancel_search	alacritty/src/event.rs	update_selection
alacritty/src/event.rs	cancel_search	alacritty_terminal/src/term/mod.rs	contains
alacritty/src/event.rs	cancel_search	alacritty_terminal/src/term/mod.rs	mode
alacritty/src/event.rs	change_font_size	/Users/chrishafley/.cargo/registry/src/index.crates.io-1949cf8c6b5b557f/crossfont-0.8.1/src/lib.rs	as_px
alacritty/src/event.rs	change_font_size	/Users/chrishafley/.cargo/registry/src/index.crates.io-1949cf8c6b5b557f/crossfont-0.8.1/src/lib.rs	from_px
alacritty/src/event.rs	change_font_size	alacritty/src/display/mod.rs	set_font
alacritty/src/event.rs	confirm_search	/Users/chrishafley/.cargo/registry/src/index.crates.io-1949cf8c6b5b557f/bitflags-2.9.4/src/lib.rs	contains
alacritty/src/event.rs	confirm_search	alacritty/src/display/window.rs	id
alacritty/src/event.rs	confirm_search	alacritty/src/event.rs	cancel_search
alacritty/src/event.rs	confirm_search	alacritty/src/event.rs	exit_search
alacritty/src/event.rs	confirm_search	alacritty/src/event.rs	goto_match
alacritty/src/event.rs	confirm_search	alacritty/src/scheduler.rs	new
alacritty/src/event.rs	confirm_search	alacritty/src/scheduler.rs	scheduled
alacritty/src/event.rs	confirm_search	alacritty_terminal/src/term/mod.rs	contains
alacritty/src/event.rs	confirm_search	alacritty_terminal/src/term/mod.rs	mode
alacritty/src/event.rs	copy_selection	alacritty/src/clipboard.rs	store
alacritty/src/event.rs	copy_selection	alacritty_terminal/src/term/mod.rs	selection_to_string
alacritty/src/event.rs	create_new_window	/Users/chrishafley/.cargo/registry/src/index.crates.io-1949cf8c6b5b557f/winit-0.30.13/src/event_loop.rs	send_event
alacritty/src/event.rs	create_new_window	alacritty/src/daemon.rs	foreground_process_path
alacritty/src/event.rs	create_new_window	alacritty/src/event.rs	CreateWindow
alacritty/src/event.rs	create_new_window	alacritty/src/event.rs	new
alacritty/src/event.rs	create_window	alacritty/src/cli.rs	config_overrides
alacritty/src/event.rs	create_window	alacritty/src/cli.rs	override_config_rc
alacritty/src/event.rs	exit_search	/Users/chrishafley/.cargo/registry/src/index.crates.io-1949cf8c6b5b557f/bitflags-2.9.4/src/lib.rs	contains
alacritty/src/event.rs	exit_search	alacritty/src/display/damage.rs	frame
alacritty/src/event.rs	exit_search	alacritty/src/display/damage.rs	mark_fully_damaged
alacritty/src/event.rs	exit_search	alacritty/src/display/window.rs	set_ime_inhibitor
alacritty/src/event.rs	exit_search	alacritty/src/event.rs	window
alacritty/src/event.rs	exit_search	alacritty_terminal/src/term/mod.rs	contains
alacritty/src/event.rs	exit_search	alacritty_terminal/src/term/mod.rs	mode
alacritty/src/event.rs	exiting	alacritty/src/clipboard.rs	new_nop
alacritty/src/event.rs	expand_selection	/Users/chrishafley/.cargo/registry/src/index.crates.io-1949cf8c6b5b557f/bitflags-2.9.4/src/lib.rs	contains
alacritty/src/event.rs	expand_selection	/Users/chrishafley/.cargo/registry/src/index.crates.io-1949cf8c6b5b557f/winit-0.30.13/src/event.rs	state
alacritty/src/event.rs	expand_selection	/Users/chrishafley/.cargo/registry/src/index.crates.io-1949cf8c6b5b557f/winit-0.30.13/src/keyboard.rs	control_key
alacritty/src/event.rs	expand_selection	alacritty/src/event.rs	modifiers
alacritty/src/event.rs	expand_selection	alacritty/src/event.rs	mouse
alacritty/src/event.rs	expand_selection	alacritty/src/event.rs	point
alacritty/src/event.rs	expand_selection	alacritty/src/event.rs	search_active
alacritty/src/event.rs	expand_selection	alacritty/src/event.rs	size_info
alacritty/src/event.rs	expand_selection	alacritty/src/event.rs	terminal
alacritty/src/event.rs	expand_selection	alacritty/src/event.rs	terminal_mut
alacritty/src/event.rs	expand_selection	alacritty/src/event.rs	update_selection
alacritty/src/event.rs	expand_selection	alacritty_terminal/src/grid/mod.rs	display_offset
alacritty/src/event.rs	expand_selection	alacritty_terminal/src/term/mod.rs	contains
alacritty/src/event.rs	expand_selection	alacritty_terminal/src/term/mod.rs	grid
alacritty/src/event.rs	expand_selection	alacritty_terminal/src/term/mod.rs	mode
alacritty/src/event.rs	font_delta	alacritty/src/event.rs	distance
alacritty/src/event.rs	from	/Users/chrishafley/.cargo/registry/src/index.crates.io-1949cf8c6b5b557f/winit-0.30.13/src/event.rs	UserEvent
alacritty/src/event.rs	from	alacritty/src/event.rs	Terminal
alacritty/src/event.rs	goto_match	/Users/chrishafley/.cargo/registry/src/index.crates.io-1949cf8c6b5b557f/bitflags-2.9.4/src/lib.rs	contains
alacritty/src/event.rs	goto_match	alacritty/src/display/window.rs	id
alacritty/src/event.rs	goto_match	alacritty/src/event.rs	new
alacritty/src/event.rs	goto_match	alacritty/src/event.rs	search_reset_state
alacritty/src/event.rs	goto_match	alacritty/src/scheduler.rs	new
alacritty/src/event.rs	goto_match	alacritty/src/scheduler.rs	schedule
alacritty/src/event.rs	goto_match	alacritty/src/scheduler.rs	scheduled
alacritty/src/event.rs	goto_match	alacritty/src/scheduler.rs	unschedule
alacritty/src/event.rs	goto_match	alacritty_terminal/src/grid/mod.rs	display_offset
alacritty/src/event.rs	goto_match	alacritty_terminal/src/index.rs	grid_clamp
alacritty/src/event.rs	goto_match	alacritty_terminal/src/term/mod.rs	contains
alacritty/src/event.rs	goto_match	alacritty_terminal/src/term/mod.rs	grid
alacritty/src/event.rs	goto_match	alacritty_terminal/src/term/mod.rs	mode
alacritty/src/event.rs	goto_match	alacritty_terminal/src/term/mod.rs	scroll_to_point
alacritty/src/event.rs	goto_match	alacritty_terminal/src/term/mod.rs	total_lines
alacritty/src/event.rs	goto_match	alacritty_terminal/src/term/mod.rs	vi_goto_point
alacritty/src/event.rs	goto_match	alacritty_terminal/src/term/search.rs	search_next
alacritty/src/event.rs	handle_event	/Users/chrishafley/.cargo/registry/src/index.crates.io-1949cf8c6b5b557f/bitflags-2.9.4/src/lib.rs	contains
alacritty/src/event.rs	handle_event	/Users/chrishafley/.cargo/registry/src/index.crates.io-1949cf8c6b5b557f/crossfont-0.8.1/src/lib.rs	scale
alacritty/src/event.rs	handle_event	alacritty/src/clipboard.rs	load
alacritty/src/event.rs	handle_event	alacritty/src/clipboard.rs	store
alacritty/src/event.rs	handle_event	alacritty/src/display/bell.rs	ring
alacritty/src/event.rs	handle_event	alacritty/src/display/color.rs	Rgb
alacritty/src/event.rs	handle_event	alacritty/src/display/mod.rs	new
alacritty/src/event.rs	handle_event	alacritty/src/display/mod.rs	preedit
alacritty/src/event.rs	handle_event	alacritty/src/display/mod.rs	set_dimensions
alacritty/src/event.rs	handle_event	alacritty/src/display/mod.rs	set_enabled
alacritty/src/event.rs	handle_event	alacritty/src/display/mod.rs	set_font
alacritty/src/event.rs	handle_event	alacritty/src/display/mod.rs	set_preedit
alacritty/src/event.rs	handle_event	alacritty/src/display/window.rs	id
alacritty/src/event.rs	handle_event	alacritty/src/display/window.rs	set_ime_inhibitor
alacritty/src/event.rs	handle_event	alacritty/src/display/window.rs	set_mouse_visible
alacritty/src/event.rs	handle_event	alacritty/src/display/window.rs	set_title
alacritty/src/event.rs	handle_event	alacritty/src/display/window.rs	set_urgent
alacritty/src/event.rs	handle_event	alacritty/src/event.rs	display
alacritty/src/event.rs	handle_event	alacritty/src/event.rs	goto_match
alacritty/src/event.rs	handle_event	alacritty/src/event.rs	paste
alacritty/src/event.rs	handle_event	alacritty/src/event.rs	scroll
alacritty/src/event.rs	handle_event	alacritty/src/event.rs	size_info
alacritty/src/event.rs	handle_event	alacritty/src/event.rs	spawn_daemon
alacritty/src/event.rs	handle_event	alacritty/src/event.rs	terminal
alacritty/src/event.rs	handle_event	alacritty/src/event.rs	update_cursor_blinking
alacritty/src/event.rs	handle_event	alacritty/src/event.rs	window
alacritty/src/event.rs	handle_event	alacritty/src/event.rs	write_to_pty
alacritty/src/event.rs	handle_event	alacritty/src/input/keyboard.rs	key_input
alacritty/src/event.rs	handle_event	alacritty/src/input/mod.rs	modifiers_input
alacritty/src/event.rs	handle_event	alacritty/src/input/mod.rs	mouse_input
alacritty/src/event.rs	handle_event	alacritty/src/input/mod.rs	mouse_moved
alacritty/src/event.rs	handle_event	alacritty/src/input/mod.rs	mouse_wheel_input
alacritty/src/event.rs	handle_event	alacritty/src/input/mod.rs	on_focus_change
alacritty/src/event.rs	handle_event	alacritty/src/input/mod.rs	reset_mouse_cursor
alacritty/src/event.rs	handle_event	alacritty/src/input/mod.rs	touch
alacritty/src/event.rs	handle_event	alacritty/src/message_bar.rs	is_queued
alacritty/src/event.rs	handle_event	alacritty/src/message_bar.rs	push
alacritty/src/event.rs	handle_event	alacritty/src/scheduler.rs	new
alacritty/src/event.rs	handle_event	alacritty/src/scheduler.rs	unschedule
alacritty/src/event.rs	handle_event	alacritty_terminal/src/term/mod.rs	colors
alacritty/src/event.rs	handle_event	alacritty_terminal/src/term/mod.rs	contains
alacritty/src/event.rs	handle_event	alacritty_terminal/src/term/mod.rs	exit
alacritty/src/event.rs	handle_event	alacritty_terminal/src/term/mod.rs	mode
alacritty/src/event.rs	hint_input	alacritty/src/display/hint.rs	keyboard_input
alacritty/src/event.rs	hint_input	alacritty/src/event.rs	trigger_hint
alacritty/src/event.rs	inline_search	alacritty/src/event.rs	mark_dirty
alacritty/src/event.rs	inline_search	alacritty_terminal/src/grid/mod.rs	iter_from
alacritty/src/event.rs	inline_search	alacritty_terminal/src/grid/mod.rs	prev
alacritty/src/event.rs	inline_search	alacritty_terminal/src/term/mod.rs	grid
alacritty/src/event.rs	inline_search	alacritty_terminal/src/term/mod.rs	vi_goto_point
alacritty/src/event.rs	inline_search	alacritty_terminal/src/term/search.rs	inline_search_left
alacritty/src/event.rs	inline_search	alacritty_terminal/src/term/search.rs	inline_search_right
alacritty/src/event.rs	inline_search_input	alacritty/src/display/window.rs	set_ime_inhibitor
alacritty/src/event.rs	inline_search_input	alacritty/src/event.rs	inline_search_next
alacritty/src/event.rs	inline_search_input	alacritty/src/event.rs	window
alacritty/src/event.rs	inline_search_next	alacritty/src/event.rs	inline_search
alacritty/src/event.rs	inline_search_previous	alacritty/src/event.rs	inline_search
alacritty/src/event.rs	inline_search_previous	alacritty_terminal/src/index.rs	opposite
alacritty/src/event.rs	message	alacritty/src/message_bar.rs	message
alacritty/src/event.rs	mouse_mode	/Users/chrishafley/.cargo/registry/src/index.crates.io-1949cf8c6b5b557f/bitflags-2.9.4/src/lib.rs	contains
alacritty/src/event.rs	mouse_mode	/Users/chrishafley/.cargo/registry/src/index.crates.io-1949cf8c6b5b557f/bitflags-2.9.4/src/lib.rs	intersects
alacritty/src/event.rs	mouse_mode	alacritty_terminal/src/term/mod.rs	contains
alacritty/src/event.rs	mouse_mode	alacritty_terminal/src/term/mod.rs	intersects
alacritty/src/event.rs	mouse_mode	alacritty_terminal/src/term/mod.rs	mode
alacritty/src/event.rs	new	/Users/chrishafley/.cargo/registry/src/index.crates.io-1949cf8c6b5b557f/winit-0.30.13/src/event_loop.rs	create_proxy
alacritty/src/event.rs	new	/Users/chrishafley/.cargo/registry/src/index.crates.io-1949cf8c6b5b557f/winit-0.30.13/src/event_loop.rs	display_handle
alacritty/src/event.rs	new	/Users/chrishafley/.cargo/registry/src/index.crates.io-1949cf8c6b5b557f/winit-0.30.13/src/event_loop.rs	listen_device_events
alacritty/src/event.rs	new	alacritty/src/clipboard.rs	new
alacritty/src/event.rs	new	alacritty/src/config/monitor.rs	new
alacritty/src/event.rs	new	alacritty/src/config/ui_config.rs	live_config_reload
alacritty/src/event.rs	new	alacritty/src/scheduler.rs	new
alacritty/src/event.rs	new_events	/Users/chrishafley/.cargo/registry/src/index.crates.io-1949cf8c6b5b557f/winit-0.30.13/src/event_loop.rs	exit
alacritty/src/event.rs	new_events	alacritty/src/event.rs	create_initial_window
alacritty/src/event.rs	on_terminal_input_start	alacritty/src/event.rs	clear_selection
alacritty/src/event.rs	on_terminal_input_start	alacritty/src/event.rs	on_typing_start
alacritty/src/event.rs	on_terminal_input_start	alacritty/src/event.rs	scroll
alacritty/src/event.rs	on_terminal_input_start	alacritty/src/event.rs	terminal
alacritty/src/event.rs	on_terminal_input_start	alacritty_terminal/src/grid/mod.rs	display_offset
alacritty/src/event.rs	on_terminal_input_start	alacritty_terminal/src/term/mod.rs	grid
alacritty/src/event.rs	on_typing_start	alacritty/src/display/window.rs	id
alacritty/src/event.rs	on_typing_start	alacritty/src/display/window.rs	mouse_visible
alacritty/src/event.rs	on_typing_start	alacritty/src/display/window.rs	set_mouse_visible
alacritty/src/event.rs	on_typing_start	alacritty/src/event.rs	schedule_blinking
alacritty/src/event.rs	on_typing_start	alacritty/src/event.rs	update_cursor_blinking
alacritty/src/event.rs	on_typing_start	alacritty/src/scheduler.rs	new
alacritty/src/event.rs	on_typing_start	alacritty/src/scheduler.rs	unschedule
alacritty/src/event.rs	paste	/Users/chrishafley/.cargo/registry/src/index.crates.io-1949cf8c6b5b557f/bitflags-2.9.4/src/lib.rs	contains
alacritty/src/event.rs	paste	alacritty/src/event.rs	inline_search_input
alacritty/src/event.rs	paste	alacritty/src/event.rs	on_terminal_input_start
alacritty/src/event.rs	paste	alacritty/src/event.rs	search_active
alacritty/src/event.rs	paste	alacritty/src/event.rs	terminal
alacritty/src/event.rs	paste	alacritty/src/event.rs	write_to_pty
alacritty/src/event.rs	paste	alacritty_terminal/src/term/mod.rs	contains
alacritty/src/event.rs	paste	alacritty_terminal/src/term/mod.rs	mode
alacritty/src/event.rs	point	alacritty/src/display/mod.rs	cell_height
alacritty/src/event.rs	point	alacritty/src/display/mod.rs	cell_width
alacritty/src/event.rs	point	alacritty/src/display/mod.rs	padding_x
alacritty/src/event.rs	point	alacritty/src/display/mod.rs	padding_y
alacritty/src/event.rs	point	alacritty_terminal/src/grid/mod.rs	bottommost_line
alacritty/src/event.rs	point	alacritty_terminal/src/grid/mod.rs	last_column
alacritty/src/event.rs	point	alacritty_terminal/src/index.rs	Column
alacritty/src/event.rs	point	alacritty_terminal/src/index.rs	new
alacritty/src/event.rs	point	alacritty_terminal/src/term/mod.rs	viewport_to_point
alacritty/src/event.rs	pop_message	alacritty/src/message_bar.rs	is_empty
alacritty/src/event.rs	pop_message	alacritty/src/message_bar.rs	pop
alacritty/src/event.rs	reset_font_size	/Users/chrishafley/.cargo/registry/src/index.crates.io-1949cf8c6b5b557f/crossfont-0.8.1/src/lib.rs	scale
alacritty/src/event.rs	reset_font_size	alacritty/src/config/font.rs	size
alacritty/src/event.rs	reset_font_size	alacritty/src/display/mod.rs	set_font
alacritty/src/event.rs	run	/Users/chrishafley/.cargo/registry/src/index.crates.io-1949cf8c6b5b557f/winit-0.30.13/src/event_loop.rs	run_app
alacritty/src/event.rs	schedule_blinking	alacritty/src/config/cursor.rs	blink_interval
alacritty/src/event.rs	schedule_blinking	alacritty/src/display/window.rs	id
alacritty/src/event.rs	schedule_blinking	alacritty/src/event.rs	new
alacritty/src/event.rs	schedule_blinking	alacritty/src/scheduler.rs	new
alacritty/src/event.rs	schedule_blinking	alacritty/src/scheduler.rs	schedule
alacritty/src/event.rs	schedule_blinking_timeout	alacritty/src/config/cursor.rs	blink_timeout
alacritty/src/event.rs	schedule_blinking_timeout	alacritty/src/display/window.rs	id
alacritty/src/event.rs	schedule_blinking_timeout	alacritty/src/event.rs	new
alacritty/src/event.rs	schedule_blinking_timeout	alacritty/src/scheduler.rs	new
alacritty/src/event.rs	schedule_blinking_timeout	alacritty/src/scheduler.rs	schedule
alacritty/src/event.rs	scroll	/Users/chrishafley/.cargo/registry/src/index.crates.io-1949cf8c6b5b557f/bitflags-2.9.4/src/lib.rs	contains
alacritty/src/event.rs	scroll	alacritty/src/event.rs	on_typing_start
alacritty/src/event.rs	scroll	alacritty/src/event.rs	point
alacritty/src/event.rs	scroll	alacritty/src/event.rs	search_active
alacritty/src/event.rs	scroll	alacritty/src/event.rs	size_info
alacritty/src/event.rs	scroll	alacritty/src/event.rs	update_selection
alacritty/src/event.rs	scroll	alacritty_terminal/src/grid/mod.rs	display_offset
alacritty/src/event.rs	scroll	alacritty_terminal/src/term/mod.rs	contains
alacritty/src/event.rs	scroll	alacritty_terminal/src/term/mod.rs	grid
alacritty/src/event.rs	scroll	alacritty_terminal/src/term/mod.rs	mode
alacritty/src/event.rs	scroll	alacritty_terminal/src/term/mod.rs	scroll_display
alacritty/src/event.rs	search_history_next	alacritty/src/event.rs	update_search
alacritty/src/event.rs	search_history_previous	alacritty/src/event.rs	update_search
alacritty/src/event.rs	search_input	/Users/chrishafley/.cargo/registry/src/index.crates.io-1949cf8c6b5b557f/bitflags-2.9.4/src/lib.rs	contains
alacritty/src/event.rs	search_input	alacritty/src/event.rs	update_search
alacritty/src/event.rs	search_input	alacritty_terminal/src/term/mod.rs	contains
alacritty/src/event.rs	search_input	alacritty_terminal/src/term/mod.rs	mode
alacritty/src/event.rs	search_next	alacritty_terminal/src/term/search.rs	search_next
alacritty/src/event.rs	search_pop_word	alacritty/src/event.rs	regex_mut
alacritty/src/event.rs	search_pop_word	alacritty/src/event.rs	update_search
alacritty/src/event.rs	search_reset_state	/Users/chrishafley/.cargo/registry/src/index.crates.io-1949cf8c6b5b557f/bitflags-2.9.4/src/lib.rs	contains
alacritty/src/event.rs	search_reset_state	alacritty/src/display/window.rs	id
alacritty/src/event.rs	search_reset_state	alacritty/src/scheduler.rs	new
alacritty/src/event.rs	search_reset_state	alacritty/src/scheduler.rs	unschedule
alacritty/src/event.rs	search_reset_state	alacritty_terminal/src/grid/mod.rs	Delta
alacritty/src/event.rs	search_reset_state	alacritty_terminal/src/term/mod.rs	contains
alacritty/src/event.rs	search_reset_state	alacritty_terminal/src/term/mod.rs	mode
alacritty/src/event.rs	search_reset_state	alacritty_terminal/src/term/mod.rs	scroll_display
alacritty/src/event.rs	semantic_word	alacritty/src/event.rs	terminal
alacritty/src/event.rs	semantic_word	alacritty_terminal/src/index.rs	add
alacritty/src/event.rs	semantic_word	alacritty_terminal/src/index.rs	sub
alacritty/src/event.rs	semantic_word	alacritty_terminal/src/term/mod.rs	bounds_to_string
alacritty/src/event.rs	semantic_word	alacritty_terminal/src/term/mod.rs	grid
alacritty/src/event.rs	semantic_word	alacritty_terminal/src/term/mod.rs	semantic_escape_chars
alacritty/src/event.rs	semantic_word	alacritty_terminal/src/term/search.rs	semantic_search_left
alacritty/src/event.rs	semantic_word	alacritty_terminal/src/term/search.rs	semantic_search_right
alacritty/src/event.rs	send_event	/Users/chrishafley/.cargo/registry/src/index.crates.io-1949cf8c6b5b557f/winit-0.30.13/src/event_loop.rs	send_event
alacritty/src/event.rs	send_event	alacritty/src/event.rs	new
alacritty/src/event.rs	spawn_daemon	alacritty/src/daemon.rs	spawn_daemon
alacritty/src/event.rs	spawn_new_instance	alacritty/src/event.rs	spawn_daemon
alacritty/src/event.rs	start_search	/Users/chrishafley/.cargo/registry/src/index.crates.io-1949cf8c6b5b557f/bitflags-2.9.4/src/lib.rs	contains
alacritty/src/event.rs	start_search	alacritty/src/display/damage.rs	frame
alacritty/src/event.rs	start_search	alacritty/src/display/damage.rs	mark_fully_damaged
alacritty/src/event.rs	start_search	alacritty/src/display/window.rs	set_ime_inhibitor
alacritty/src/event.rs	start_search	alacritty/src/event.rs	window
alacritty/src/event.rs	start_search	alacritty_terminal/src/grid/mod.rs	bottommost_line
alacritty/src/event.rs	start_search	alacritty_terminal/src/grid/mod.rs	display_offset
alacritty/src/event.rs	start_search	alacritty_terminal/src/grid/mod.rs	last_column
alacritty/src/event.rs	start_search	alacritty_terminal/src/index.rs	Column
alacritty/src/event.rs	start_search	alacritty_terminal/src/index.rs	Line
alacritty/src/event.rs	start_search	alacritty_terminal/src/index.rs	new
alacritty/src/event.rs	start_search	alacritty_terminal/src/term/mod.rs	contains
alacritty/src/event.rs	start_search	alacritty_terminal/src/term/mod.rs	grid
alacritty/src/event.rs	start_search	alacritty_terminal/src/term/mod.rs	mode
alacritty/src/event.rs	start_search	alacritty_terminal/src/term/mod.rs	screen_lines
alacritty/src/event.rs	start_seeded_search	/Users/chrishafley/.cargo/registry/src/index.crates.io-1949cf8c6b5b557f/bitflags-2.9.4/src/lib.rs	contains
alacritty/src/event.rs	start_seeded_search	alacritty/src/event.rs	clear_selection
alacritty/src/event.rs	start_seeded_search	alacritty/src/event.rs	confirm_search
alacritty/src/event.rs	start_seeded_search	alacritty/src/event.rs	mark_dirty
alacritty/src/event.rs	start_seeded_search	alacritty/src/event.rs	search_next
alacritty/src/event.rs	start_seeded_search	alacritty/src/event.rs	start_search
alacritty/src/event.rs	start_seeded_search	alacritty/src/event.rs	terminal_mut
alacritty/src/event.rs	start_seeded_search	alacritty_terminal/src/term/mod.rs	contains
alacritty/src/event.rs	start_seeded_search	alacritty_terminal/src/term/mod.rs	mode
alacritty/src/event.rs	start_seeded_search	alacritty_terminal/src/term/mod.rs	vi_goto_point
alacritty/src/event.rs	start_selection	alacritty/src/event.rs	copy_selection
alacritty/src/event.rs	start_selection	alacritty_terminal/src/selection.rs	new
alacritty/src/event.rs	toggle_selection	alacritty/src/event.rs	clear_selection
alacritty/src/event.rs	toggle_selection	alacritty/src/event.rs	copy_selection
alacritty/src/event.rs	toggle_selection	alacritty/src/event.rs	start_selection
alacritty/src/event.rs	toggle_vi_mode	/Users/chrishafley/.cargo/registry/src/index.crates.io-1949cf8c6b5b557f/bitflags-2.9.4/src/lib.rs	contains
alacritty/src/event.rs	toggle_vi_mode	alacritty/src/display/damage.rs	frame
alacritty/src/event.rs	toggle_vi_mode	alacritty/src/display/damage.rs	mark_fully_damaged
alacritty/src/event.rs	toggle_vi_mode	alacritty/src/display/window.rs	set_ime_inhibitor
alacritty/src/event.rs	toggle_vi_mode	alacritty/src/event.rs	cancel_search
alacritty/src/event.rs	toggle_vi_mode	alacritty/src/event.rs	clear_selection
alacritty/src/event.rs	toggle_vi_mode	alacritty/src/event.rs	search_active
alacritty/src/event.rs	toggle_vi_mode	alacritty/src/event.rs	window
alacritty/src/event.rs	toggle_vi_mode	alacritty_terminal/src/term/mod.rs	contains
alacritty/src/event.rs	toggle_vi_mode	alacritty_terminal/src/term/mod.rs	mode
alacritty/src/event.rs	toggle_vi_mode	alacritty_terminal/src/term/mod.rs	toggle_vi_mode
alacritty/src/event.rs	trigger_hint	/Users/chrishafley/.cargo/registry/src/index.crates.io-1949cf8c6b5b557f/bitflags-2.9.4/src/lib.rs	contains
alacritty/src/event.rs	trigger_hint	alacritty/src/clipboard.rs	store
alacritty/src/event.rs	trigger_hint	alacritty/src/config/ui_config.rs	args
alacritty/src/event.rs	trigger_hint	alacritty/src/config/ui_config.rs	program
alacritty/src/event.rs	trigger_hint	alacritty/src/display/hint.rs	action
alacritty/src/event.rs	trigger_hint	alacritty/src/display/hint.rs	bounds
alacritty/src/event.rs	trigger_hint	alacritty/src/display/hint.rs	text
alacritty/src/event.rs	trigger_hint	alacritty/src/event.rs	copy_selection
alacritty/src/event.rs	trigger_hint	alacritty/src/event.rs	mark_dirty
alacritty/src/event.rs	trigger_hint	alacritty/src/event.rs	paste
alacritty/src/event.rs	trigger_hint	alacritty/src/event.rs	spawn_daemon
alacritty/src/event.rs	trigger_hint	alacritty/src/event.rs	start_selection
alacritty/src/event.rs	trigger_hint	alacritty/src/event.rs	update_selection
alacritty/src/event.rs	trigger_hint	alacritty_terminal/src/term/mod.rs	contains
alacritty/src/event.rs	trigger_hint	alacritty_terminal/src/term/mod.rs	mode
alacritty/src/event.rs	trigger_hint	alacritty_terminal/src/term/mod.rs	toggle_vi_mode
alacritty/src/event.rs	trigger_hint	alacritty_terminal/src/term/mod.rs	vi_goto_point
alacritty/src/event.rs	update_cursor_blinking	/Users/chrishafley/.cargo/registry/src/index.crates.io-1949cf8c6b5b557f/bitflags-2.9.4/src/lib.rs	contains
alacritty/src/event.rs	update_cursor_blinking	alacritty/src/config/cursor.rs	blinking_override
alacritty/src/event.rs	update_cursor_blinking	alacritty/src/display/mod.rs	preedit
alacritty/src/event.rs	update_cursor_blinking	alacritty/src/display/window.rs	id
alacritty/src/event.rs	update_cursor_blinking	alacritty/src/event.rs	display
alacritty/src/event.rs	update_cursor_blinking	alacritty/src/event.rs	schedule_blinking
alacritty/src/event.rs	update_cursor_blinking	alacritty/src/event.rs	schedule_blinking_timeout
alacritty/src/event.rs	update_cursor_blinking	alacritty/src/event.rs	terminal
alacritty/src/event.rs	update_cursor_blinking	alacritty/src/scheduler.rs	new
alacritty/src/event.rs	update_cursor_blinking	alacritty/src/scheduler.rs	unschedule
alacritty/src/event.rs	update_cursor_blinking	alacritty_terminal/src/term/mod.rs	contains
alacritty/src/event.rs	update_cursor_blinking	alacritty_terminal/src/term/mod.rs	cursor_style
alacritty/src/event.rs	update_cursor_blinking	alacritty_terminal/src/term/mod.rs	mode
alacritty/src/event.rs	update_search	alacritty/src/display/window.rs	set_mouse_visible
alacritty/src/event.rs	update_search	alacritty/src/event.rs	goto_match
alacritty/src/event.rs	update_search	alacritty/src/event.rs	regex
alacritty/src/event.rs	update_search	alacritty/src/event.rs	search_reset_state
alacritty/src/event.rs	update_search	alacritty_terminal/src/term/search.rs	new
alacritty/src/event.rs	update_selection	/Users/chrishafley/.cargo/registry/src/index.crates.io-1949cf8c6b5b557f/bitflags-2.9.4/src/lib.rs	contains
alacritty/src/event.rs	update_selection	alacritty/src/event.rs	search_active
alacritty/src/event.rs	update_selection	alacritty_terminal/src/grid/mod.rs	bottommost_line
alacritty/src/event.rs	update_selection	alacritty_terminal/src/term/mod.rs	contains
alacritty/src/event.rs	update_selection	alacritty_terminal/src/term/mod.rs	mode
alacritty/src/event.rs	user_event	/Users/chrishafley/.cargo/registry/src/index.crates.io-1949cf8c6b5b557f/serde_json-1.0.145/src/ser.rs	to_string
alacritty/src/event.rs	user_event	/Users/chrishafley/.cargo/registry/src/index.crates.io-1949cf8c6b5b557f/winit-0.30.13/src/event.rs	UserEvent
alacritty/src/event.rs	user_event	/Users/chrishafley/.cargo/registry/src/index.crates.io-1949cf8c6b5b557f/winit-0.30.13/src/event_loop.rs	exit
alacritty/src/event.rs	user_event	alacritty/src/cli.rs	from_options
alacritty/src/event.rs	user_event	alacritty/src/cli.rs	override_config_rc
alacritty/src/event.rs	user_event	alacritty/src/config/mod.rs	reload
alacritty/src/event.rs	user_event	alacritty/src/config/monitor.rs	new
alacritty/src/event.rs	user_event	alacritty/src/event.rs	create_initial_window
alacritty/src/event.rs	user_event	alacritty/src/event.rs	create_window
alacritty/src/event.rs	user_event	alacritty/src/event.rs	new
alacritty/src/event.rs	user_event	alacritty/src/polling/ipc.rs	GetConfig
alacritty/src/event.rs	user_event	alacritty/src/polling/ipc.rs	send_reply
alacritty/src/event.rs	user_event	alacritty/src/scheduler.rs	unschedule_window
alacritty/src/event.rs	window_event	alacritty/src/event.rs	skip_window_event
alacritty/src/event.rs	write_to_pty	alacritty_terminal/src/event.rs	notify
alacritty/src/input/keyboard.rs	alt_send_esc	/Users/chrishafley/.cargo/registry/src/index.crates.io-1949cf8c6b5b557f/winit-0.30.13/src/event.rs	lalt_state
alacritty/src/input/keyboard.rs	alt_send_esc	/Users/chrishafley/.cargo/registry/src/index.crates.io-1949cf8c6b5b557f/winit-0.30.13/src/event.rs	ralt_state
alacritty/src/input/keyboard.rs	alt_send_esc	/Users/chrishafley/.cargo/registry/src/index.crates.io-1949cf8c6b5b557f/winit-0.30.13/src/event.rs	state
alacritty/src/input/keyboard.rs	alt_send_esc	/Users/chrishafley/.cargo/registry/src/index.crates.io-1949cf8c6b5b557f/winit-0.30.13/src/keyboard.rs	alt_key
alacritty/src/input/keyboard.rs	alt_send_esc	/Users/chrishafley/.cargo/registry/src/index.crates.io-1949cf8c6b5b557f/winit-0.30.13/src/keyboard.rs	to_text
alacritty/src/input/keyboard.rs	alt_send_esc	alacritty/src/config/window.rs	option_as_alt
alacritty/src/input/keyboard.rs	alt_send_esc	alacritty/src/input/mod.rs	config
alacritty/src/input/keyboard.rs	alt_send_esc	alacritty/src/input/mod.rs	modifiers
alacritty/src/input/keyboard.rs	build_sequence	/Users/chrishafley/.cargo/registry/src/index.crates.io-1949cf8c6b5b557f/bitflags-2.9.4/src/lib.rs	contains
alacritty/src/input/keyboard.rs	build_sequence	/Users/chrishafley/.cargo/registry/src/index.crates.io-1949cf8c6b5b557f/bitflags-2.9.4/src/lib.rs	intersects
alacritty/src/input/keyboard.rs	build_sequence	/Users/chrishafley/.cargo/registry/src/index.crates.io-1949cf8c6b5b557f/bitflags-2.9.4/src/lib.rs	is_empty
alacritty/src/input/keyboard.rs	build_sequence	alacritty/src/input/keyboard.rs	encode_esc_sequence
alacritty/src/input/keyboard.rs	build_sequence	alacritty/src/input/keyboard.rs	is_control_character
alacritty/src/input/keyboard.rs	build_sequence	alacritty/src/input/keyboard.rs	is_empty
alacritty/src/input/keyboard.rs	build_sequence	alacritty/src/input/keyboard.rs	try_build_control_char_or_mod
alacritty/src/input/keyboard.rs	build_sequence	alacritty/src/input/keyboard.rs	try_build_named_kitty
alacritty/src/input/keyboard.rs	build_sequence	alacritty/src/input/keyboard.rs	try_build_named_normal
alacritty/src/input/keyboard.rs	build_sequence	alacritty/src/input/keyboard.rs	try_build_numpad
alacritty/src/input/keyboard.rs	build_sequence	alacritty/src/input/keyboard.rs	try_build_textual
alacritty/src/input/keyboard.rs	build_sequence	alacritty_terminal/src/term/mod.rs	contains
alacritty/src/input/keyboard.rs	build_sequence	alacritty_terminal/src/term/mod.rs	intersects
alacritty/src/input/keyboard.rs	encode_esc_sequence	/Users/chrishafley/.cargo/registry/src/index.crates.io-1949cf8c6b5b557f/bitflags-2.9.4/src/lib.rs	bits
alacritty/src/input/keyboard.rs	encode_esc_sequence	alacritty/src/input/keyboard.rs	bits
alacritty/src/input/keyboard.rs	from	/Users/chrishafley/.cargo/registry/src/index.crates.io-1949cf8c6b5b557f/bitflags-2.9.4/src/lib.rs	empty
alacritty/src/input/keyboard.rs	from	/Users/chrishafley/.cargo/registry/src/index.crates.io-1949cf8c6b5b557f/bitflags-2.9.4/src/lib.rs	set
alacritty/src/input/keyboard.rs	from	/Users/chrishafley/.cargo/registry/src/index.crates.io-1949cf8c6b5b557f/winit-0.30.13/src/keyboard.rs	alt_key
alacritty/src/input/keyboard.rs	from	/Users/chrishafley/.cargo/registry/src/index.crates.io-1949cf8c6b5b557f/winit-0.30.13/src/keyboard.rs	control_key
alacritty/src/input/keyboard.rs	from	/Users/chrishafley/.cargo/registry/src/index.crates.io-1949cf8c6b5b557f/winit-0.30.13/src/keyboard.rs	shift_key
alacritty/src/input/keyboard.rs	from	/Users/chrishafley/.cargo/registry/src/index.crates.io-1949cf8c6b5b557f/winit-0.30.13/src/keyboard.rs	super_key
alacritty/src/input/keyboard.rs	from	alacritty/src/input/keyboard.rs	empty
alacritty/src/input/keyboard.rs	from	alacritty/src/input/keyboard.rs	set
alacritty/src/input/keyboard.rs	key_input	/Users/chrishafley/.cargo/registry/src/index.crates.io-1949cf8c6b5b557f/bitflags-2.9.4/src/lib.rs	contains
alacritty/src/input/keyboard.rs	key_input	/Users/chrishafley/.cargo/registry/src/index.crates.io-1949cf8c6b5b557f/winit-0.30.13/src/event.rs	state
alacritty/src/input/keyboard.rs	key_input	/Users/chrishafley/.cargo/registry/src/index.crates.io-1949cf8c6b5b557f/winit-0.30.13/src/keyboard.rs	alt_key
alacritty/src/input/keyboard.rs	key_input	alacritty/src/display/hint.rs	active
alacritty/src/input/keyboard.rs	key_input	alacritty/src/display/mod.rs	preedit
alacritty/src/input/keyboard.rs	key_input	alacritty/src/display/window.rs	set_ime_inhibitor
alacritty/src/input/keyboard.rs	key_input	alacritty/src/input/keyboard.rs	alt_send_esc
alacritty/src/input/keyboard.rs	key_input	alacritty/src/input/keyboard.rs	build_sequence
alacritty/src/input/keyboard.rs	key_input	alacritty/src/input/keyboard.rs	is_modifier_key
alacritty/src/input/keyboard.rs	key_input	alacritty/src/input/keyboard.rs	key_release
alacritty/src/input/keyboard.rs	key_input	alacritty/src/input/keyboard.rs	process_key_bindings
alacritty/src/input/keyboard.rs	key_input	alacritty/src/input/keyboard.rs	reset_search_delay
alacritty/src/input/keyboard.rs	key_input	alacritty/src/input/keyboard.rs	should_build_sequence
alacritty/src/input/keyboard.rs	key_input	alacritty/src/input/mod.rs	display
alacritty/src/input/keyboard.rs	key_input	alacritty/src/input/mod.rs	inline_search_input
alacritty/src/input/keyboard.rs	key_input	alacritty/src/input/mod.rs	inline_search_state
alacritty/src/input/keyboard.rs	key_input	alacritty/src/input/mod.rs	modifiers
alacritty/src/input/keyboard.rs	key_input	alacritty/src/input/mod.rs	on_terminal_input_start
alacritty/src/input/keyboard.rs	key_input	alacritty/src/input/mod.rs	search_active
alacritty/src/input/keyboard.rs	key_input	alacritty/src/input/mod.rs	terminal
alacritty/src/input/keyboard.rs	key_input	alacritty/src/input/mod.rs	window
alacritty/src/input/keyboard.rs	key_input	alacritty/src/input/mod.rs	write_to_pty
alacritty/src/input/keyboard.rs	key_input	alacritty_terminal/src/term/mod.rs	contains
alacritty/src/input/keyboard.rs	key_input	alacritty_terminal/src/term/mod.rs	mode
alacritty/src/input/keyboard.rs	key_release	/Users/chrishafley/.cargo/registry/src/index.crates.io-1949cf8c6b5b557f/bitflags-2.9.4/src/lib.rs	contains
alacritty/src/input/keyboard.rs	key_release	/Users/chrishafley/.cargo/registry/src/index.crates.io-1949cf8c6b5b557f/winit-0.30.13/src/keyboard.rs	as_ref
alacritty/src/input/keyboard.rs	key_release	alacritty/src/display/hint.rs	active
alacritty/src/input/keyboard.rs	key_release	alacritty/src/input/keyboard.rs	alt_send_esc
alacritty/src/input/keyboard.rs	key_release	alacritty/src/input/keyboard.rs	build_sequence
alacritty/src/input/keyboard.rs	key_release	alacritty/src/input/mod.rs	display
alacritty/src/input/keyboard.rs	key_release	alacritty/src/input/mod.rs	search_active
alacritty/src/input/keyboard.rs	key_release	alacritty/src/input/mod.rs	write_to_pty
alacritty/src/input/keyboard.rs	key_release	alacritty_terminal/src/term/mod.rs	contains
alacritty/src/input/keyboard.rs	process_key_bindings	/Users/chrishafley/.cargo/registry/src/index.crates.io-1949cf8c6b5b557f/winit-0.30.13/src/event.rs	state
alacritty/src/input/keyboard.rs	process_key_bindings	/Users/chrishafley/.cargo/registry/src/index.crates.io-1949cf8c6b5b557f/winit-0.30.13/src/keyboard.rs	Character
alacritty/src/input/keyboard.rs	process_key_bindings	/Users/chrishafley/.cargo/registry/src/index.crates.io-1949cf8c6b5b557f/winit-0.30.13/src/keyboard.rs	alt_key
alacritty/src/input/keyboard.rs	process_key_bindings	/Users/chrishafley/.cargo/registry/src/index.crates.io-1949cf8c6b5b557f/winit-0.30.13/src/keyboard.rs	as_ref
alacritty/src/input/keyboard.rs	process_key_bindings	/Users/chrishafley/.cargo/registry/src/index.crates.io-1949cf8c6b5b557f/winit-0.30.13/src/keyboard.rs	control_key
alacritty/src/input/keyboard.rs	process_key_bindings	alacritty/src/config/bindings.rs	Scancode
alacritty/src/input/keyboard.rs	process_key_bindings	alacritty/src/config/bindings.rs	is_triggered_by
alacritty/src/input/keyboard.rs	process_key_bindings	alacritty/src/config/bindings.rs	new
alacritty/src/input/keyboard.rs	process_key_bindings	alacritty/src/input/mod.rs	modifiers
alacritty/src/input/keyboard.rs	process_key_bindings	alacritty/src/input/mod.rs	search_active
alacritty/src/input/keyboard.rs	process_key_bindings	alacritty/src/input/mod.rs	terminal
alacritty/src/input/keyboard.rs	process_key_bindings	alacritty_terminal/src/term/mod.rs	mode
alacritty/src/input/keyboard.rs	reset_search_delay	alacritty/src/display/window.rs	id
alacritty/src/input/keyboard.rs	reset_search_delay	alacritty/src/input/mod.rs	scheduler_mut
alacritty/src/input/keyboard.rs	reset_search_delay	alacritty/src/input/mod.rs	search_active
alacritty/src/input/keyboard.rs	reset_search_delay	alacritty/src/input/mod.rs	window
alacritty/src/input/keyboard.rs	reset_search_delay	alacritty/src/scheduler.rs	new
alacritty/src/input/keyboard.rs	reset_search_delay	alacritty/src/scheduler.rs	schedule
alacritty/src/input/keyboard.rs	reset_search_delay	alacritty/src/scheduler.rs	unschedule
alacritty/src/input/keyboard.rs	should_build_sequence	/Users/chrishafley/.cargo/registry/src/index.crates.io-1949cf8c6b5b557f/bitflags-2.9.4/src/lib.rs	contains
alacritty/src/input/keyboard.rs	should_build_sequence	/Users/chrishafley/.cargo/registry/src/index.crates.io-1949cf8c6b5b557f/bitflags-2.9.4/src/lib.rs	is_empty
alacritty/src/input/keyboard.rs	should_build_sequence	/Users/chrishafley/.cargo/registry/src/index.crates.io-1949cf8c6b5b557f/winit-0.30.13/src/keyboard.rs	Named
alacritty/src/input/keyboard.rs	should_build_sequence	/Users/chrishafley/.cargo/registry/src/index.crates.io-1949cf8c6b5b557f/winit-0.30.13/src/keyboard.rs	is_empty
alacritty/src/input/keyboard.rs	should_build_sequence	/Users/chrishafley/.cargo/registry/src/index.crates.io-1949cf8c6b5b557f/winit-0.30.13/src/keyboard.rs	to_text
alacritty/src/input/keyboard.rs	should_build_sequence	alacritty_terminal/src/term/mod.rs	contains
alacritty/src/input/keyboard.rs	try_build_control_char_or_mod	/Users/chrishafley/.cargo/registry/src/index.crates.io-1949cf8c6b5b557f/bitflags-2.9.4/src/lib.rs	set
alacritty/src/input/keyboard.rs	try_build_control_char_or_mod	/Users/chrishafley/.cargo/registry/src/index.crates.io-1949cf8c6b5b557f/winit-0.30.13/src/event.rs	is_pressed
alacritty/src/input/keyboard.rs	try_build_control_char_or_mod	alacritty/src/input/keyboard.rs	new
alacritty/src/input/keyboard.rs	try_build_control_char_or_mod	alacritty/src/input/keyboard.rs	set
alacritty/src/input/keyboard.rs	try_build_named_kitty	alacritty/src/input/keyboard.rs	Normal
alacritty/src/input/keyboard.rs	try_build_named_kitty	alacritty/src/input/keyboard.rs	new
alacritty/src/input/keyboard.rs	try_build_named_normal	/Users/chrishafley/.cargo/registry/src/index.crates.io-1949cf8c6b5b557f/bitflags-2.9.4/src/lib.rs	is_empty
alacritty/src/input/keyboard.rs	try_build_named_normal	alacritty/src/input/keyboard.rs	Normal
alacritty/src/input/keyboard.rs	try_build_named_normal	alacritty/src/input/keyboard.rs	is_empty
alacritty/src/input/keyboard.rs	try_build_named_normal	alacritty/src/input/keyboard.rs	new
alacritty/src/input/keyboard.rs	try_build_numpad	/Users/chrishafley/.cargo/registry/src/index.crates.io-1949cf8c6b5b557f/winit-0.30.13/src/keyboard.rs	as_ref
alacritty/src/input/keyboard.rs	try_build_numpad	alacritty/src/input/keyboard.rs	new
alacritty/src/input/keyboard.rs	try_build_textual	/Users/chrishafley/.cargo/registry/src/index.crates.io-1949cf8c6b5b557f/bitflags-2.9.4/src/lib.rs	contains
alacritty/src/input/keyboard.rs	try_build_textual	/Users/chrishafley/.cargo/registry/src/index.crates.io-1949cf8c6b5b557f/winit-0.30.13/src/keyboard.rs	as_ref
alacritty/src/input/keyboard.rs	try_build_textual	alacritty/src/input/keyboard.rs	contains
alacritty/src/input/keyboard.rs	try_build_textual	alacritty/src/input/keyboard.rs	new
alacritty/src/input/keyboard.rs	try_build_textual	alacritty_terminal/src/term/mod.rs	contains
alacritty/src/input/mod.rs	cell_side	alacritty/src/display/mod.rs	cell_width
alacritty/src/input/mod.rs	cell_side	alacritty/src/display/mod.rs	padding_x
alacritty/src/input/mod.rs	cell_side	alacritty/src/display/mod.rs	width
alacritty/src/input/mod.rs	cell_side	alacritty/src/input/mod.rs	size_info
alacritty/src/input/mod.rs	cursor_state	/Users/chrishafley/.cargo/registry/src/index.crates.io-1949cf8c6b5b557f/winit-0.30.13/src/event.rs	state
alacritty/src/input/mod.rs	cursor_state	/Users/chrishafley/.cargo/registry/src/index.crates.io-1949cf8c6b5b557f/winit-0.30.13/src/keyboard.rs	shift_key
alacritty/src/input/mod.rs	cursor_state	alacritty/src/display/hint.rs	should_highlight
alacritty/src/input/mod.rs	cursor_state	alacritty/src/event.rs	point
alacritty/src/input/mod.rs	cursor_state	alacritty/src/input/mod.rs	display
alacritty/src/input/mod.rs	cursor_state	alacritty/src/input/mod.rs	message_bar_cursor_state
alacritty/src/input/mod.rs	cursor_state	alacritty/src/input/mod.rs	modifiers
alacritty/src/input/mod.rs	cursor_state	alacritty/src/input/mod.rs	mouse
alacritty/src/input/mod.rs	cursor_state	alacritty/src/input/mod.rs	mouse_mode
alacritty/src/input/mod.rs	cursor_state	alacritty/src/input/mod.rs	size_info
alacritty/src/input/mod.rs	cursor_state	alacritty/src/input/mod.rs	terminal
alacritty/src/input/mod.rs	cursor_state	alacritty_terminal/src/grid/mod.rs	display_offset
alacritty/src/input/mod.rs	cursor_state	alacritty_terminal/src/term/mod.rs	grid
alacritty/src/input/mod.rs	execute	/Users/chrishafley/.cargo/registry/src/index.crates.io-1949cf8c6b5b557f/bitflags-2.9.4/src/lib.rs	contains
alacritty/src/input/mod.rs	execute	alacritty/src/clipboard.rs	load
alacritty/src/input/mod.rs	execute	alacritty/src/config/ui_config.rs	args
alacritty/src/input/mod.rs	execute	alacritty/src/config/ui_config.rs	program
alacritty/src/input/mod.rs	execute	alacritty/src/display/hint.rs	start
alacritty/src/input/mod.rs	execute	alacritty/src/display/window.rs	select_last_tab
alacritty/src/input/mod.rs	execute	alacritty/src/display/window.rs	select_next_tab
alacritty/src/input/mod.rs	execute	alacritty/src/display/window.rs	select_previous_tab
alacritty/src/input/mod.rs	execute	alacritty/src/display/window.rs	select_tab_at_index
alacritty/src/input/mod.rs	execute	alacritty/src/display/window.rs	set_minimized
alacritty/src/input/mod.rs	execute	alacritty/src/display/window.rs	tabbing_id
alacritty/src/input/mod.rs	execute	alacritty/src/display/window.rs	toggle_fullscreen
alacritty/src/input/mod.rs	execute	alacritty/src/display/window.rs	toggle_maximized
alacritty/src/input/mod.rs	execute	alacritty/src/display/window.rs	toggle_simple_fullscreen
alacritty/src/input/mod.rs	execute	alacritty/src/input/mod.rs	advance_search_origin
alacritty/src/input/mod.rs	execute	alacritty/src/input/mod.rs	cancel_search
alacritty/src/input/mod.rs	execute	alacritty/src/input/mod.rs	change_font_size
alacritty/src/input/mod.rs	execute	alacritty/src/input/mod.rs	clear_selection
alacritty/src/input/mod.rs	execute	alacritty/src/input/mod.rs	clipboard_mut
alacritty/src/input/mod.rs	execute	alacritty/src/input/mod.rs	config
alacritty/src/input/mod.rs	execute	alacritty/src/input/mod.rs	confirm_search
alacritty/src/input/mod.rs	execute	alacritty/src/input/mod.rs	copy_selection
alacritty/src/input/mod.rs	execute	alacritty/src/input/mod.rs	create_new_window
alacritty/src/input/mod.rs	execute	alacritty/src/input/mod.rs	display
alacritty/src/input/mod.rs	execute	alacritty/src/input/mod.rs	event_loop
alacritty/src/input/mod.rs	execute	alacritty/src/input/mod.rs	expand_selection
alacritty/src/input/mod.rs	execute	alacritty/src/input/mod.rs	inline_search_next
alacritty/src/input/mod.rs	execute	alacritty/src/input/mod.rs	inline_search_previous
alacritty/src/input/mod.rs	execute	alacritty/src/input/mod.rs	mark_dirty
alacritty/src/input/mod.rs	execute	alacritty/src/input/mod.rs	mouse_mut
alacritty/src/input/mod.rs	execute	alacritty/src/input/mod.rs	on_typing_start
alacritty/src/input/mod.rs	execute	alacritty/src/input/mod.rs	paste
alacritty/src/input/mod.rs	execute	alacritty/src/input/mod.rs	pop_message
alacritty/src/input/mod.rs	execute	alacritty/src/input/mod.rs	reset_font_size
alacritty/src/input/mod.rs	execute	alacritty/src/input/mod.rs	scroll
alacritty/src/input/mod.rs	execute	alacritty/src/input/mod.rs	search_active
alacritty/src/input/mod.rs	execute	alacritty/src/input/mod.rs	search_direction
alacritty/src/input/mod.rs	execute	alacritty/src/input/mod.rs	search_history_next
alacritty/src/input/mod.rs	execute	alacritty/src/input/mod.rs	search_history_previous
alacritty/src/input/mod.rs	execute	alacritty/src/input/mod.rs	search_next
alacritty/src/input/mod.rs	execute	alacritty/src/input/mod.rs	search_pop_word
alacritty/src/input/mod.rs	execute	alacritty/src/input/mod.rs	semantic_word
alacritty/src/input/mod.rs	execute	alacritty/src/input/mod.rs	spawn_daemon
alacritty/src/input/mod.rs	execute	alacritty/src/input/mod.rs	spawn_new_instance
alacritty/src/input/mod.rs	execute	alacritty/src/input/mod.rs	start_inline_search
alacritty/src/input/mod.rs	execute	alacritty/src/input/mod.rs	start_search
alacritty/src/input/mod.rs	execute	alacritty/src/input/mod.rs	start_seeded_search
alacritty/src/input/mod.rs	execute	alacritty/src/input/mod.rs	terminal
alacritty/src/input/mod.rs	execute	alacritty/src/input/mod.rs	terminal_mut
alacritty/src/input/mod.rs	execute	alacritty/src/input/mod.rs	toggle_selection
alacritty/src/input/mod.rs	execute	alacritty/src/input/mod.rs	toggle_vi_mode
alacritty/src/input/mod.rs	execute	alacritty/src/input/mod.rs	trigger_hint
alacritty/src/input/mod.rs	execute	alacritty/src/input/mod.rs	window
alacritty/src/input/mod.rs	execute	alacritty_terminal/src/grid/mod.rs	Delta
alacritty/src/input/mod.rs	execute	alacritty_terminal/src/grid/mod.rs	bottommost_line
alacritty/src/input/mod.rs	execute	alacritty_terminal/src/grid/mod.rs	display_offset
alacritty/src/input/mod.rs	execute	alacritty_terminal/src/grid/mod.rs	topmost_line
alacritty/src/input/mod.rs	execute	alacritty_terminal/src/index.rs	add
alacritty/src/input/mod.rs	execute	alacritty_terminal/src/index.rs	opposite
alacritty/src/input/mod.rs	execute	alacritty_terminal/src/index.rs	sub
alacritty/src/input/mod.rs	execute	alacritty_terminal/src/term/mod.rs	clear_screen
alacritty/src/input/mod.rs	execute	alacritty_terminal/src/term/mod.rs	contains
alacritty/src/input/mod.rs	execute	alacritty_terminal/src/term/mod.rs	exit
alacritty/src/input/mod.rs	execute	alacritty_terminal/src/term/mod.rs	grid
alacritty/src/input/mod.rs	execute	alacritty_terminal/src/term/mod.rs	mode
alacritty/src/input/mod.rs	execute	alacritty_terminal/src/term/mod.rs	screen_lines
alacritty/src/input/mod.rs	execute	alacritty_terminal/src/term/mod.rs	selection_to_string
alacritty/src/input/mod.rs	execute	alacritty_terminal/src/term/mod.rs	vi_goto_point
alacritty/src/input/mod.rs	execute	alacritty_terminal/src/term/mod.rs	vi_motion
alacritty/src/input/mod.rs	execute	alacritty_terminal/src/vi_mode.rs	scroll
alacritty/src/input/mod.rs	message_bar_cursor_state	alacritty/src/display/mod.rs	cell_height
alacritty/src/input/mod.rs	message_bar_cursor_state	alacritty/src/display/mod.rs	columns
alacritty/src/input/mod.rs	message_bar_cursor_state	alacritty/src/display/mod.rs	padding_y
alacritty/src/input/mod.rs	message_bar_cursor_state	alacritty/src/display/mod.rs	screen_lines
alacritty/src/input/mod.rs	message_bar_cursor_state	alacritty/src/event.rs	point
alacritty/src/input/mod.rs	message_bar_cursor_state	alacritty/src/input/mod.rs	message
alacritty/src/input/mod.rs	message_bar_cursor_state	alacritty/src/input/mod.rs	mouse
alacritty/src/input/mod.rs	message_bar_cursor_state	alacritty/src/input/mod.rs	search_active
alacritty/src/input/mod.rs	message_bar_cursor_state	alacritty/src/input/mod.rs	size_info
alacritty/src/input/mod.rs	message_bar_cursor_state	alacritty/src/input/mod.rs	terminal
alacritty/src/input/mod.rs	message_bar_cursor_state	alacritty_terminal/src/grid/mod.rs	display_offset
alacritty/src/input/mod.rs	message_bar_cursor_state	alacritty_terminal/src/term/mod.rs	grid
alacritty/src/input/mod.rs	modifiers_input	alacritty/src/display/window.rs	set_mouse_cursor
alacritty/src/input/mod.rs	modifiers_input	alacritty/src/input/mod.rs	cursor_state
alacritty/src/input/mod.rs	modifiers_input	alacritty/src/input/mod.rs	modifiers
alacritty/src/input/mod.rs	modifiers_input	alacritty/src/input/mod.rs	mouse_mut
alacritty/src/input/mod.rs	modifiers_input	alacritty/src/input/mod.rs	window
alacritty/src/input/mod.rs	mouse_input	alacritty/src/config/bindings.rs	Button
alacritty/src/input/mod.rs	mouse_input	alacritty/src/display/window.rs	set_mouse_cursor
alacritty/src/input/mod.rs	mouse_input	alacritty/src/input/mod.rs	clear_selection
alacritty/src/input/mod.rs	mouse_input	alacritty/src/input/mod.rs	message
alacritty/src/input/mod.rs	mouse_input	alacritty/src/input/mod.rs	message_bar_cursor_state
alacritty/src/input/mod.rs	mouse_input	alacritty/src/input/mod.rs	mouse_mode
alacritty/src/input/mod.rs	mouse_input	alacritty/src/input/mod.rs	mouse_mut
alacritty/src/input/mod.rs	mouse_input	alacritty/src/input/mod.rs	on_mouse_press
alacritty/src/input/mod.rs	mouse_input	alacritty/src/input/mod.rs	on_mouse_release
alacritty/src/input/mod.rs	mouse_input	alacritty/src/input/mod.rs	pop_message
alacritty/src/input/mod.rs	mouse_input	alacritty/src/input/mod.rs	process_mouse_bindings
alacritty/src/input/mod.rs	mouse_input	alacritty/src/input/mod.rs	size_info
alacritty/src/input/mod.rs	mouse_input	alacritty/src/input/mod.rs	window
alacritty/src/input/mod.rs	mouse_moved	/Users/chrishafley/.cargo/registry/src/index.crates.io-1949cf8c6b5b557f/bitflags-2.9.4/src/lib.rs	contains
alacritty/src/input/mod.rs	mouse_moved	/Users/chrishafley/.cargo/registry/src/index.crates.io-1949cf8c6b5b557f/bitflags-2.9.4/src/lib.rs	intersects
alacritty/src/input/mod.rs	mouse_moved	/Users/chrishafley/.cargo/registry/src/index.crates.io-1949cf8c6b5b557f/winit-0.30.13/src/event.rs	state
alacritty/src/input/mod.rs	mouse_moved	/Users/chrishafley/.cargo/registry/src/index.crates.io-1949cf8c6b5b557f/winit-0.30.13/src/keyboard.rs	shift_key
alacritty/src/input/mod.rs	mouse_moved	alacritty/src/display/mod.rs	contains_point
alacritty/src/input/mod.rs	mouse_moved	alacritty/src/display/mod.rs	height
alacritty/src/input/mod.rs	mouse_moved	alacritty/src/display/mod.rs	width
alacritty/src/input/mod.rs	mouse_moved	alacritty/src/display/window.rs	set_mouse_cursor
alacritty/src/input/mod.rs	mouse_moved	alacritty/src/event.rs	point
alacritty/src/input/mod.rs	mouse_moved	alacritty/src/input/mod.rs	cell_side
alacritty/src/input/mod.rs	mouse_moved	alacritty/src/input/mod.rs	cursor_state
alacritty/src/input/mod.rs	mouse_moved	alacritty/src/input/mod.rs	modifiers
alacritty/src/input/mod.rs	mouse_moved	alacritty/src/input/mod.rs	mouse
alacritty/src/input/mod.rs	mouse_moved	alacritty/src/input/mod.rs	mouse_mode
alacritty/src/input/mod.rs	mouse_moved	alacritty/src/input/mod.rs	mouse_mut
alacritty/src/input/mod.rs	mouse_moved	alacritty/src/input/mod.rs	mouse_report
alacritty/src/input/mod.rs	mouse_moved	alacritty/src/input/mod.rs	selection_is_empty
alacritty/src/input/mod.rs	mouse_moved	alacritty/src/input/mod.rs	size_info
alacritty/src/input/mod.rs	mouse_moved	alacritty/src/input/mod.rs	terminal
alacritty/src/input/mod.rs	mouse_moved	alacritty/src/input/mod.rs	update_selection
alacritty/src/input/mod.rs	mouse_moved	alacritty/src/input/mod.rs	update_selection_scrolling
alacritty/src/input/mod.rs	mouse_moved	alacritty/src/input/mod.rs	window
alacritty/src/input/mod.rs	mouse_moved	alacritty_terminal/src/grid/mod.rs	display_offset
alacritty/src/input/mod.rs	mouse_moved	alacritty_terminal/src/term/mod.rs	contains
alacritty/src/input/mod.rs	mouse_moved	alacritty_terminal/src/term/mod.rs	grid
alacritty/src/input/mod.rs	mouse_moved	alacritty_terminal/src/term/mod.rs	intersects
alacritty/src/input/mod.rs	mouse_moved	alacritty_terminal/src/term/mod.rs	mode
alacritty/src/input/mod.rs	mouse_report	/Users/chrishafley/.cargo/registry/src/index.crates.io-1949cf8c6b5b557f/bitflags-2.9.4/src/lib.rs	contains
alacritty/src/input/mod.rs	mouse_report	/Users/chrishafley/.cargo/registry/src/index.crates.io-1949cf8c6b5b557f/winit-0.30.13/src/event.rs	state
alacritty/src/input/mod.rs	mouse_report	/Users/chrishafley/.cargo/registry/src/index.crates.io-1949cf8c6b5b557f/winit-0.30.13/src/keyboard.rs	alt_key
alacritty/src/input/mod.rs	mouse_report	/Users/chrishafley/.cargo/registry/src/index.crates.io-1949cf8c6b5b557f/winit-0.30.13/src/keyboard.rs	control_key
alacritty/src/input/mod.rs	mouse_report	/Users/chrishafley/.cargo/registry/src/index.crates.io-1949cf8c6b5b557f/winit-0.30.13/src/keyboard.rs	shift_key
alacritty/src/input/mod.rs	mouse_report	alacritty/src/event.rs	point
alacritty/src/input/mod.rs	mouse_report	alacritty/src/input/mod.rs	modifiers
alacritty/src/input/mod.rs	mouse_report	alacritty/src/input/mod.rs	mouse
alacritty/src/input/mod.rs	mouse_report	alacritty/src/input/mod.rs	normal_mouse_report
alacritty/src/input/mod.rs	mouse_report	alacritty/src/input/mod.rs	sgr_mouse_report
alacritty/src/input/mod.rs	mouse_report	alacritty/src/input/mod.rs	size_info
alacritty/src/input/mod.rs	mouse_report	alacritty/src/input/mod.rs	terminal
alacritty/src/input/mod.rs	mouse_report	alacritty_terminal/src/grid/mod.rs	display_offset
alacritty/src/input/mod.rs	mouse_report	alacritty_terminal/src/term/mod.rs	contains
alacritty/src/input/mod.rs	mouse_report	alacritty_terminal/src/term/mod.rs	grid
alacritty/src/input/mod.rs	mouse_report	alacritty_terminal/src/term/mod.rs	mode
alacritty/src/input/mod.rs	mouse_wheel_input	alacritty/src/display/mod.rs	cell_height
alacritty/src/input/mod.rs	mouse_wheel_input	alacritty/src/display/mod.rs	cell_width
alacritty/src/input/mod.rs	mouse_wheel_input	alacritty/src/input/mod.rs	config
alacritty/src/input/mod.rs	mouse_wheel_input	alacritty/src/input/mod.rs	mouse_mut
alacritty/src/input/mod.rs	mouse_wheel_input	alacritty/src/input/mod.rs	scroll_terminal
alacritty/src/input/mod.rs	mouse_wheel_input	alacritty/src/input/mod.rs	size_info
alacritty/src/input/mod.rs	normal_mouse_report	/Users/chrishafley/.cargo/registry/src/index.crates.io-1949cf8c6b5b557f/bitflags-2.9.4/src/lib.rs	contains
alacritty/src/input/mod.rs	normal_mouse_report	alacritty/src/input/mod.rs	terminal
alacritty/src/input/mod.rs	normal_mouse_report	alacritty/src/input/mod.rs	write_to_pty
alacritty/src/input/mod.rs	normal_mouse_report	alacritty_terminal/src/index.rs	Column
alacritty/src/input/mod.rs	normal_mouse_report	alacritty_terminal/src/term/mod.rs	contains
alacritty/src/input/mod.rs	normal_mouse_report	alacritty_terminal/src/term/mod.rs	mode
alacritty/src/input/mod.rs	on_focus_change	/Users/chrishafley/.cargo/registry/src/index.crates.io-1949cf8c6b5b557f/bitflags-2.9.4/src/lib.rs	contains
alacritty/src/input/mod.rs	on_focus_change	alacritty/src/input/mod.rs	terminal
alacritty/src/input/mod.rs	on_focus_change	alacritty/src/input/mod.rs	write_to_pty
alacritty/src/input/mod.rs	on_focus_change	alacritty_terminal/src/term/mod.rs	contains
alacritty/src/input/mod.rs	on_focus_change	alacritty_terminal/src/term/mod.rs	mode
alacritty/src/input/mod.rs	on_left_click	/Users/chrishafley/.cargo/registry/src/index.crates.io-1949cf8c6b5b557f/bitflags-2.9.4/src/lib.rs	contains
alacritty/src/input/mod.rs	on_left_click	/Users/chrishafley/.cargo/registry/src/index.crates.io-1949cf8c6b5b557f/winit-0.30.13/src/event.rs	state
alacritty/src/input/mod.rs	on_left_click	/Users/chrishafley/.cargo/registry/src/index.crates.io-1949cf8c6b5b557f/winit-0.30.13/src/keyboard.rs	control_key
alacritty/src/input/mod.rs	on_left_click	alacritty/src/input/mod.rs	clear_selection
alacritty/src/input/mod.rs	on_left_click	alacritty/src/input/mod.rs	mark_dirty
alacritty/src/input/mod.rs	on_left_click	alacritty/src/input/mod.rs	modifiers
alacritty/src/input/mod.rs	on_left_click	alacritty/src/input/mod.rs	mouse
alacritty/src/input/mod.rs	on_left_click	alacritty/src/input/mod.rs	mouse_mut
alacritty/src/input/mod.rs	on_left_click	alacritty/src/input/mod.rs	search_active
alacritty/src/input/mod.rs	on_left_click	alacritty/src/input/mod.rs	selection_is_empty
alacritty/src/input/mod.rs	on_left_click	alacritty/src/input/mod.rs	start_selection
alacritty/src/input/mod.rs	on_left_click	alacritty/src/input/mod.rs	terminal
alacritty/src/input/mod.rs	on_left_click	alacritty/src/input/mod.rs	terminal_mut
alacritty/src/input/mod.rs	on_left_click	alacritty_terminal/src/term/mod.rs	contains
alacritty/src/input/mod.rs	on_left_click	alacritty_terminal/src/term/mod.rs	mode
alacritty/src/input/mod.rs	on_mouse_press	/Users/chrishafley/.cargo/registry/src/index.crates.io-1949cf8c6b5b557f/winit-0.30.13/src/event.rs	state
alacritty/src/input/mod.rs	on_mouse_press	/Users/chrishafley/.cargo/registry/src/index.crates.io-1949cf8c6b5b557f/winit-0.30.13/src/keyboard.rs	shift_key
alacritty/src/input/mod.rs	on_mouse_press	alacritty/src/event.rs	point
alacritty/src/input/mod.rs	on_mouse_press	alacritty/src/input/mod.rs	modifiers
alacritty/src/input/mod.rs	on_mouse_press	alacritty/src/input/mod.rs	mouse
alacritty/src/input/mod.rs	on_mouse_press	alacritty/src/input/mod.rs	mouse_mode
alacritty/src/input/mod.rs	on_mouse_press	alacritty/src/input/mod.rs	mouse_mut
alacritty/src/input/mod.rs	on_mouse_press	alacritty/src/input/mod.rs	mouse_report
alacritty/src/input/mod.rs	on_mouse_press	alacritty/src/input/mod.rs	on_left_click
alacritty/src/input/mod.rs	on_mouse_press	alacritty/src/input/mod.rs	size_info
alacritty/src/input/mod.rs	on_mouse_press	alacritty/src/input/mod.rs	terminal
alacritty/src/input/mod.rs	on_mouse_press	alacritty_terminal/src/grid/mod.rs	display_offset
alacritty/src/input/mod.rs	on_mouse_press	alacritty_terminal/src/term/mod.rs	grid
alacritty/src/input/mod.rs	on_mouse_release	/Users/chrishafley/.cargo/registry/src/index.crates.io-1949cf8c6b5b557f/winit-0.30.13/src/event.rs	state
alacritty/src/input/mod.rs	on_mouse_release	/Users/chrishafley/.cargo/registry/src/index.crates.io-1949cf8c6b5b557f/winit-0.30.13/src/keyboard.rs	shift_key
alacritty/src/input/mod.rs	on_mouse_release	alacritty/src/display/window.rs	id
alacritty/src/input/mod.rs	on_mouse_release	alacritty/src/input/mod.rs	copy_selection
alacritty/src/input/mod.rs	on_mouse_release	alacritty/src/input/mod.rs	display
alacritty/src/input/mod.rs	on_mouse_release	alacritty/src/input/mod.rs	modifiers
alacritty/src/input/mod.rs	on_mouse_release	alacritty/src/input/mod.rs	mouse_mode
alacritty/src/input/mod.rs	on_mouse_release	alacritty/src/input/mod.rs	mouse_report
alacritty/src/input/mod.rs	on_mouse_release	alacritty/src/input/mod.rs	scheduler_mut
alacritty/src/input/mod.rs	on_mouse_release	alacritty/src/input/mod.rs	trigger_hint
alacritty/src/input/mod.rs	on_mouse_release	alacritty/src/input/mod.rs	window
alacritty/src/input/mod.rs	on_mouse_release	alacritty/src/scheduler.rs	new
alacritty/src/input/mod.rs	on_mouse_release	alacritty/src/scheduler.rs	unschedule
alacritty/src/input/mod.rs	on_touch_end	alacritty/src/display/window.rs	set_ime_inhibitor
alacritty/src/input/mod.rs	on_touch_end	alacritty/src/event.rs	ZoomPendingSlot
alacritty/src/input/mod.rs	on_touch_end	alacritty/src/event.rs	slots
alacritty/src/input/mod.rs	on_touch_end	alacritty/src/input/mod.rs	mouse_input
alacritty/src/input/mod.rs	on_touch_end	alacritty/src/input/mod.rs	mouse_moved
alacritty/src/input/mod.rs	on_touch_end	alacritty/src/input/mod.rs	on_touch_motion
alacritty/src/input/mod.rs	on_touch_end	alacritty/src/input/mod.rs	touch_purpose
alacritty/src/input/mod.rs	on_touch_end	alacritty/src/input/mod.rs	window
alacritty/src/input/mod.rs	on_touch_motion	alacritty/src/event.rs	Scroll
alacritty/src/input/mod.rs	on_touch_motion	alacritty/src/event.rs	Select
alacritty/src/input/mod.rs	on_touch_motion	alacritty/src/event.rs	font_delta
alacritty/src/input/mod.rs	on_touch_motion	alacritty/src/input/mod.rs	change_font_size
alacritty/src/input/mod.rs	on_touch_motion	alacritty/src/input/mod.rs	mouse_input
alacritty/src/input/mod.rs	on_touch_motion	alacritty/src/input/mod.rs	mouse_moved
alacritty/src/input/mod.rs	on_touch_motion	alacritty/src/input/mod.rs	on_touch_motion
alacritty/src/input/mod.rs	on_touch_motion	alacritty/src/input/mod.rs	scroll_terminal
alacritty/src/input/mod.rs	on_touch_motion	alacritty/src/input/mod.rs	touch_purpose
alacritty/src/input/mod.rs	on_touch_start	alacritty/src/display/window.rs	set_ime_inhibitor
alacritty/src/input/mod.rs	on_touch_start	alacritty/src/event.rs	Invalid
alacritty/src/input/mod.rs	on_touch_start	alacritty/src/event.rs	Tap
alacritty/src/input/mod.rs	on_touch_start	alacritty/src/event.rs	Zoom
alacritty/src/input/mod.rs	on_touch_start	alacritty/src/event.rs	new
alacritty/src/input/mod.rs	on_touch_start	alacritty/src/event.rs	slots
alacritty/src/input/mod.rs	on_touch_start	alacritty/src/input/mod.rs	terminal
alacritty/src/input/mod.rs	on_touch_start	alacritty/src/input/mod.rs	touch_purpose
alacritty/src/input/mod.rs	on_touch_start	alacritty/src/input/mod.rs	window
alacritty/src/input/mod.rs	process_mouse_bindings	/Users/chrishafley/.cargo/registry/src/index.crates.io-1949cf8c6b5b557f/bitflags-2.9.4/src/lib.rs	contains
alacritty/src/input/mod.rs	process_mouse_bindings	/Users/chrishafley/.cargo/registry/src/index.crates.io-1949cf8c6b5b557f/winit-0.30.13/src/event.rs	state
alacritty/src/input/mod.rs	process_mouse_bindings	/Users/chrishafley/.cargo/registry/src/index.crates.io-1949cf8c6b5b557f/winit-0.30.13/src/keyboard.rs	contains
alacritty/src/input/mod.rs	process_mouse_bindings	alacritty/src/config/bindings.rs	new
alacritty/src/input/mod.rs	process_mouse_bindings	alacritty/src/config/ui_config.rs	mouse_bindings
alacritty/src/input/mod.rs	process_mouse_bindings	alacritty/src/input/mod.rs	config
alacritty/src/input/mod.rs	process_mouse_bindings	alacritty/src/input/mod.rs	modifiers
alacritty/src/input/mod.rs	process_mouse_bindings	alacritty/src/input/mod.rs	mouse_mode
alacritty/src/input/mod.rs	process_mouse_bindings	alacritty/src/input/mod.rs	search_active
alacritty/src/input/mod.rs	process_mouse_bindings	alacritty/src/input/mod.rs	terminal
alacritty/src/input/mod.rs	process_mouse_bindings	alacritty_terminal/src/term/mod.rs	mode
alacritty/src/input/mod.rs	reset_mouse_cursor	alacritty/src/display/window.rs	set_mouse_cursor
alacritty/src/input/mod.rs	reset_mouse_cursor	alacritty/src/input/mod.rs	cursor_state
alacritty/src/input/mod.rs	reset_mouse_cursor	alacritty/src/input/mod.rs	window
alacritty/src/input/mod.rs	scroll_terminal	/Users/chrishafley/.cargo/registry/src/index.crates.io-1949cf8c6b5b557f/bitflags-2.9.4/src/lib.rs	contains
alacritty/src/input/mod.rs	scroll_terminal	/Users/chrishafley/.cargo/registry/src/index.crates.io-1949cf8c6b5b557f/winit-0.30.13/src/event.rs	state
alacritty/src/input/mod.rs	scroll_terminal	/Users/chrishafley/.cargo/registry/src/index.crates.io-1949cf8c6b5b557f/winit-0.30.13/src/keyboard.rs	shift_key
alacritty/src/input/mod.rs	scroll_terminal	alacritty/src/display/mod.rs	cell_height
alacritty/src/input/mod.rs	scroll_terminal	alacritty/src/display/mod.rs	cell_width
alacritty/src/input/mod.rs	scroll_terminal	alacritty/src/input/mod.rs	modifiers
alacritty/src/input/mod.rs	scroll_terminal	alacritty/src/input/mod.rs	mouse
alacritty/src/input/mod.rs	scroll_terminal	alacritty/src/input/mod.rs	mouse_mode
alacritty/src/input/mod.rs	scroll_terminal	alacritty/src/input/mod.rs	mouse_mut
alacritty/src/input/mod.rs	scroll_terminal	alacritty/src/input/mod.rs	process_mouse_bindings
alacritty/src/input/mod.rs	scroll_terminal	alacritty/src/input/mod.rs	scroll
alacritty/src/input/mod.rs	scroll_terminal	alacritty/src/input/mod.rs	size_info
alacritty/src/input/mod.rs	scroll_terminal	alacritty/src/input/mod.rs	terminal
alacritty/src/input/mod.rs	scroll_terminal	alacritty/src/input/mod.rs	write_to_pty
alacritty/src/input/mod.rs	scroll_terminal	alacritty_terminal/src/grid/mod.rs	Delta
alacritty/src/input/mod.rs	scroll_terminal	alacritty_terminal/src/term/mod.rs	contains
alacritty/src/input/mod.rs	scroll_terminal	alacritty_terminal/src/term/mod.rs	mode
alacritty/src/input/mod.rs	sgr_mouse_report	alacritty/src/input/mod.rs	write_to_pty
alacritty/src/input/mod.rs	toggle_selection	alacritty/src/input/mod.rs	terminal
alacritty/src/input/mod.rs	toggle_selection	alacritty/src/input/mod.rs	terminal_mut
alacritty/src/input/mod.rs	toggle_selection	alacritty/src/input/mod.rs	toggle_selection
alacritty/src/input/mod.rs	touch	alacritty/src/input/mod.rs	on_touch_end
alacritty/src/input/mod.rs	touch	alacritty/src/input/mod.rs	on_touch_motion
alacritty/src/input/mod.rs	touch	alacritty/src/input/mod.rs	on_touch_start
alacritty/src/input/mod.rs	update_selection_scrolling	alacritty/src/display/mod.rs	cell_height
alacritty/src/input/mod.rs	update_selection_scrolling	alacritty/src/display/mod.rs	height
alacritty/src/input/mod.rs	update_selection_scrolling	alacritty/src/display/mod.rs	padding_y
alacritty/src/input/mod.rs	update_selection_scrolling	alacritty/src/display/mod.rs	screen_lines
alacritty/src/input/mod.rs	update_selection_scrolling	alacritty/src/display/window.rs	id
alacritty/src/input/mod.rs	update_selection_scrolling	alacritty/src/event.rs	Scroll
alacritty/src/input/mod.rs	update_selection_scrolling	alacritty/src/event.rs	new
alacritty/src/input/mod.rs	update_selection_scrolling	alacritty/src/input/mod.rs	scheduler_mut
alacritty/src/input/mod.rs	update_selection_scrolling	alacritty/src/input/mod.rs	size_info
alacritty/src/input/mod.rs	update_selection_scrolling	alacritty/src/input/mod.rs	window
alacritty/src/input/mod.rs	update_selection_scrolling	alacritty/src/scheduler.rs	new
alacritty/src/input/mod.rs	update_selection_scrolling	alacritty/src/scheduler.rs	schedule
alacritty/src/input/mod.rs	update_selection_scrolling	alacritty/src/scheduler.rs	unschedule
alacritty/src/input/mod.rs	update_selection_scrolling	alacritty_terminal/src/grid/mod.rs	Delta
alacritty/src/logging.rs	create_log_message	/Users/chrishafley/.cargo/registry/src/index.crates.io-1949cf8c6b5b557f/log-0.4.28/src/lib.rs	args
alacritty/src/logging.rs	enabled	/Users/chrishafley/.cargo/registry/src/index.crates.io-1949cf8c6b5b557f/log-0.4.28/src/lib.rs	level
alacritty/src/logging.rs	enabled	/Users/chrishafley/.cargo/registry/src/index.crates.io-1949cf8c6b5b557f/log-0.4.28/src/lib.rs	max_level
alacritty/src/logging.rs	initialize	/Users/chrishafley/.cargo/registry/src/index.crates.io-1949cf8c6b5b557f/log-0.4.28/src/lib.rs	set_max_level
alacritty/src/logging.rs	initialize	alacritty/src/cli.rs	log_level
alacritty/src/logging.rs	initialize	alacritty/src/logging.rs	file_path
alacritty/src/logging.rs	initialize	alacritty/src/logging.rs	new
alacritty/src/logging.rs	is_allowed_target	/Users/chrishafley/.cargo/registry/src/index.crates.io-1949cf8c6b5b557f/log-0.4.28/src/lib.rs	max_level
alacritty/src/logging.rs	is_allowed_target	alacritty/src/logging.rs	extra_log_targets
alacritty/src/logging.rs	log	/Users/chrishafley/.cargo/registry/src/index.crates.io-1949cf8c6b5b557f/log-0.4.28/src/lib.rs	level
alacritty/src/logging.rs	log	/Users/chrishafley/.cargo/registry/src/index.crates.io-1949cf8c6b5b557f/log-0.4.28/src/lib.rs	metadata
alacritty/src/logging.rs	log	/Users/chrishafley/.cargo/registry/src/index.crates.io-1949cf8c6b5b557f/log-0.4.28/src/lib.rs	target
alacritty/src/logging.rs	log	alacritty/src/logging.rs	create_log_message
alacritty/src/logging.rs	log	alacritty/src/logging.rs	enabled
alacritty/src/logging.rs	log	alacritty/src/logging.rs	is_allowed_target
alacritty/src/logging.rs	log	alacritty/src/logging.rs	message_bar_log
alacritty/src/logging.rs	message_bar_log	/Users/chrishafley/.cargo/registry/src/index.crates.io-1949cf8c6b5b557f/log-0.4.28/src/lib.rs	level
alacritty/src/logging.rs	message_bar_log	/Users/chrishafley/.cargo/registry/src/index.crates.io-1949cf8c6b5b557f/log-0.4.28/src/lib.rs	target
alacritty/src/logging.rs	message_bar_log	alacritty/src/event.rs	Message
alacritty/src/logging.rs	message_bar_log	alacritty/src/event.rs	new
alacritty/src/logging.rs	message_bar_log	alacritty/src/message_bar.rs	new
alacritty/src/logging.rs	message_bar_log	alacritty/src/message_bar.rs	set_target
alacritty/src/logging.rs	new	alacritty/src/logging.rs	new
alacritty/src/macos/locale.rs	set_locale_environment	/Users/chrishafley/.cargo/registry/src/index.crates.io-1949cf8c6b5b557f/libc-0.2.176/src/unix/mod.rs	setlocale
alacritty/src/macos/locale.rs	set_locale_environment	alacritty/src/macos/locale.rs	system_locale
alacritty/src/macos/locale.rs	system_locale	/Users/chrishafley/.cargo/registry/src/index.crates.io-1949cf8c6b5b557f/objc2-foundation-0.3.2/src/generated/NSLocale.rs	currentLocale
alacritty/src/macos/mod.rs	disable_autofill	/Users/chrishafley/.cargo/registry/src/index.crates.io-1949cf8c6b5b557f/objc2-foundation-0.3.2/src/dictionary.rs	from_slices
alacritty/src/macos/mod.rs	disable_autofill	/Users/chrishafley/.cargo/registry/src/index.crates.io-1949cf8c6b5b557f/objc2-foundation-0.3.2/src/generated/NSUserDefaults.rs	standardUserDefaults
alacritty/src/macos/proc.rs	cwd	alacritty/src/macos/proc.rs	proc_pidinfo
alacritty/src/macos/proc.rs	from	alacritty/src/macos/proc.rs	IntoString
alacritty/src/macos/proc.rs	from	alacritty/src/macos/proc.rs	Io
alacritty/src/main.rs	alacritty	/Users/chrishafley/.cargo/registry/src/index.crates.io-1949cf8c6b5b557f/home-0.5.11/src/lib.rs	home_dir
alacritty/src/main.rs	alacritty	/Users/chrishafley/.cargo/registry/src/index.crates.io-1949cf8c6b5b557f/log-0.4.28/src/lib.rs	set_max_level
alacritty/src/main.rs	alacritty	alacritty/src/config/mod.rs	load
alacritty/src/main.rs	alacritty	alacritty/src/event.rs	new
alacritty/src/main.rs	alacritty	alacritty/src/event.rs	run
alacritty/src/main.rs	alacritty	alacritty/src/logging.rs	initialize
alacritty/src/main.rs	alacritty	alacritty/src/macos/locale.rs	set_locale_environment
alacritty/src/main.rs	alacritty	alacritty/src/macos/mod.rs	disable_autofill
alacritty/src/main.rs	alacritty	alacritty/src/main.rs	log_config_path
alacritty/src/main.rs	alacritty	alacritty/src/polling/mod.rs	spawn
alacritty/src/main.rs	alacritty	alacritty_terminal/src/tty/mod.rs	setup_env
alacritty/src/main.rs	main	alacritty/src/cli.rs	new
alacritty/src/main.rs	main	alacritty/src/migrate/mod.rs	migrate
alacritty/src/main.rs	msg	alacritty/src/polling/ipc.rs	send_message
alacritty/src/message_bar.rs	text	alacritty/src/display/mod.rs	cell_height
alacritty/src/message_bar.rs	text	alacritty/src/display/mod.rs	columns
alacritty/src/message_bar.rs	text	alacritty/src/display/mod.rs	height
alacritty/src/message_bar.rs	text	alacritty/src/display/mod.rs	padding_y
alacritty/src/message_bar.rs	text	alacritty/src/message_bar.rs	pad_text
alacritty/src/migrate/mod.rs	migrate	alacritty/src/config/mod.rs	installed_config
alacritty/src/migrate/mod.rs	migrate	alacritty/src/migrate/mod.rs	migrate_config
alacritty/src/migrate/mod.rs	migrate_config	alacritty/src/migrate/mod.rs	Toml
alacritty/src/migrate/mod.rs	migrate_config	alacritty/src/migrate/mod.rs	Yaml
alacritty/src/migrate/mod.rs	move_value	/Users/chrishafley/.cargo/registry/src/index.crates.io-1949cf8c6b5b557f/toml_edit-0.24.0+spec-1.1.0/src/document.rs	as_item_mut
alacritty/src/migrate/yaml.rs	migrate	alacritty/src/config/mod.rs	deserialize_config
alacritty/src/migrate/yaml.rs	migrate_imports	/Users/chrishafley/.cargo/registry/src/index.crates.io-1949cf8c6b5b557f/toml-0.9.11+spec-1.1.0/src/value.rs	Array
alacritty/src/migrate/yaml.rs	migrate_imports	/Users/chrishafley/.cargo/registry/src/index.crates.io-1949cf8c6b5b557f/toml-0.9.11+spec-1.1.0/src/value.rs	get_mut
alacritty/src/migrate/yaml.rs	migrate_imports	alacritty/src/config/mod.rs	imports
alacritty/src/polling/ipc.rs	process_message	/Users/chrishafley/.cargo/registry/src/index.crates.io-1949cf8c6b5b557f/serde_json-1.0.145/src/de.rs	from_str
alacritty/src/polling/ipc.rs	process_message	/Users/chrishafley/.cargo/registry/src/index.crates.io-1949cf8c6b5b557f/winit-0.30.13/src/event_loop.rs	send_event
alacritty/src/polling/ipc.rs	process_message	alacritty/src/event.rs	CreateWindow
alacritty/src/polling/ipc.rs	process_message	alacritty/src/event.rs	IpcConfig
alacritty/src/polling/ipc.rs	process_message	alacritty/src/event.rs	IpcGetConfig
alacritty/src/polling/ipc.rs	process_message	alacritty/src/event.rs	new
alacritty/src/polling/ipc.rs	send_reply	alacritty/src/polling/ipc.rs	send_reply_fallible
alacritty/src/polling/mod.rs	drop	/Users/chrishafley/.cargo/registry/src/index.crates.io-1949cf8c6b5b557f/polling-3.11.0/src/lib.rs	delete
alacritty/src/polling/mod.rs	poll	/Users/chrishafley/.cargo/registry/src/index.crates.io-1949cf8c6b5b557f/polling-3.11.0/src/lib.rs	clear
alacritty/src/polling/mod.rs	spawn	/Users/chrishafley/.cargo/registry/src/index.crates.io-1949cf8c6b5b557f/polling-3.11.0/src/lib.rs	new
alacritty/src/polling/mod.rs	spawn	alacritty/src/config/ui_config.rs	ipc_socket
alacritty/src/polling/mod.rs	spawn	alacritty/src/polling/ipc.rs	socket_dir
alacritty/src/polling/mod.rs	spawn	alacritty/src/polling/mod.rs	poll
alacritty/src/polling/mod.rs	spawn	alacritty_terminal/src/thread.rs	spawn_named
alacritty/src/polling/signal.rs	process_signal	/Users/chrishafley/.cargo/registry/src/index.crates.io-1949cf8c6b5b557f/winit-0.30.13/src/event_loop.rs	send_event
alacritty/src/polling/signal.rs	process_signal	alacritty/src/event.rs	new
alacritty/src/renderer/mod.rs	draw_cells	alacritty/src/renderer/text/mod.rs	draw_cells
alacritty/src/renderer/mod.rs	draw_rects	alacritty/src/display/mod.rs	height
alacritty/src/renderer/mod.rs	draw_rects	alacritty/src/display/mod.rs	width
alacritty/src/renderer/mod.rs	draw_rects	alacritty/src/renderer/mod.rs	set_viewport
alacritty/src/renderer/mod.rs	draw_rects	alacritty/src/renderer/rects.rs	draw
alacritty/src/renderer/mod.rs	draw_string	/Users/chrishafley/.cargo/registry/src/index.crates.io-1949cf8c6b5b557f/bitflags-2.9.4/src/lib.rs	empty
alacritty/src/renderer/mod.rs	draw_string	alacritty/src/renderer/mod.rs	draw_cells
alacritty/src/renderer/mod.rs	draw_string	alacritty_terminal/src/index.rs	new
alacritty/src/renderer/mod.rs	draw_string	alacritty_terminal/src/term/cell.rs	empty
alacritty/src/renderer/mod.rs	from	alacritty/src/renderer/mod.rs	Other
alacritty/src/renderer/mod.rs	from	alacritty/src/renderer/mod.rs	Shader
alacritty/src/renderer/mod.rs	new	/Users/chrishafley/.cargo/registry/src/index.crates.io-1949cf8c6b5b557f/glutin-0.32.3/src/context.rs	display
alacritty/src/renderer/mod.rs	new	/Users/chrishafley/.cargo/registry/src/index.crates.io-1949cf8c6b5b557f/glutin-0.32.3/src/display.rs	get_proc_address
alacritty/src/renderer/mod.rs	new	/Users/chrishafley/.cargo/registry/src/index.crates.io-1949cf8c6b5b557f/log-0.4.28/src/lib.rs	max_level
alacritty/src/renderer/mod.rs	new	alacritty/src/renderer/mod.rs	Gles2
alacritty/src/renderer/mod.rs	new	alacritty/src/renderer/mod.rs	Glsl3
alacritty/src/renderer/mod.rs	new	alacritty/src/renderer/mod.rs	contains
alacritty/src/renderer/mod.rs	new	alacritty/src/renderer/mod.rs	supports_robustness
alacritty/src/renderer/mod.rs	resize	alacritty/src/renderer/mod.rs	set_viewport
alacritty/src/renderer/mod.rs	resize	alacritty/src/renderer/text/mod.rs	resize
alacritty/src/renderer/mod.rs	set_viewport	alacritty/src/display/mod.rs	height
alacritty/src/renderer/mod.rs	set_viewport	alacritty/src/display/mod.rs	padding_x
alacritty/src/renderer/mod.rs	set_viewport	alacritty/src/display/mod.rs	padding_y
alacritty/src/renderer/mod.rs	set_viewport	alacritty/src/display/mod.rs	width
alacritty/src/renderer/mod.rs	supports_robustness	alacritty/src/renderer/mod.rs	contains
alacritty/src/renderer/mod.rs	with_loader	alacritty/src/renderer/text/mod.rs	with_loader
alacritty/src/renderer/platform.rs	create_gl_context	/Users/chrishafley/.cargo/registry/src/index.crates.io-1949cf8c6b5b557f/bitflags-2.9.4/src/lib.rs	contains
alacritty/src/renderer/platform.rs	create_gl_context	/Users/chrishafley/.cargo/registry/src/index.crates.io-1949cf8c6b5b557f/glutin-0.32.3/src/context.rs	Gles
alacritty/src/renderer/platform.rs	create_gl_context	/Users/chrishafley/.cargo/registry/src/index.crates.io-1949cf8c6b5b557f/glutin-0.32.3/src/context.rs	OpenGl
alacritty/src/renderer/platform.rs	create_gl_context	/Users/chrishafley/.cargo/registry/src/index.crates.io-1949cf8c6b5b557f/glutin-0.32.3/src/context.rs	new
alacritty/src/renderer/platform.rs	create_gl_context	/Users/chrishafley/.cargo/registry/src/index.crates.io-1949cf8c6b5b557f/glutin-0.32.3/src/display.rs	contains
alacritty/src/renderer/platform.rs	create_gl_context	/Users/chrishafley/.cargo/registry/src/index.crates.io-1949cf8c6b5b557f/glutin-0.32.3/src/display.rs	supported_features
alacritty/src/renderer/platform.rs	create_gl_context	/Users/chrishafley/.cargo/registry/src/index.crates.io-1949cf8c6b5b557f/log-0.4.28/src/lib.rs	max_level
alacritty/src/renderer/platform.rs	create_gl_surface	/Users/chrishafley/.cargo/registry/src/index.crates.io-1949cf8c6b5b557f/glutin-0.32.3/src/context.rs	config
alacritty/src/renderer/platform.rs	create_gl_surface	/Users/chrishafley/.cargo/registry/src/index.crates.io-1949cf8c6b5b557f/glutin-0.32.3/src/context.rs	display
alacritty/src/renderer/platform.rs	create_gl_surface	/Users/chrishafley/.cargo/registry/src/index.crates.io-1949cf8c6b5b557f/glutin-0.32.3/src/display.rs	create_window_surface
alacritty/src/renderer/platform.rs	create_gl_surface	/Users/chrishafley/.cargo/registry/src/index.crates.io-1949cf8c6b5b557f/glutin-0.32.3/src/surface.rs	new
alacritty/src/renderer/platform.rs	create_gl_surface	/Users/chrishafley/.cargo/registry/src/index.crates.io-1949cf8c6b5b557f/glutin-0.32.3/src/surface.rs	with_srgb
alacritty/src/renderer/platform.rs	pick_gl_config	/Users/chrishafley/.cargo/registry/src/index.crates.io-1949cf8c6b5b557f/glutin-0.32.3/src/config.rs	compatible_with_native_window
alacritty/src/renderer/platform.rs	pick_gl_config	/Users/chrishafley/.cargo/registry/src/index.crates.io-1949cf8c6b5b557f/glutin-0.32.3/src/config.rs	new
alacritty/src/renderer/platform.rs	pick_gl_config	/Users/chrishafley/.cargo/registry/src/index.crates.io-1949cf8c6b5b557f/glutin-0.32.3/src/config.rs	with_depth_size
alacritty/src/renderer/platform.rs	pick_gl_config	/Users/chrishafley/.cargo/registry/src/index.crates.io-1949cf8c6b5b557f/glutin-0.32.3/src/config.rs	with_stencil_size
alacritty/src/renderer/platform.rs	pick_gl_config	/Users/chrishafley/.cargo/registry/src/index.crates.io-1949cf8c6b5b557f/glutin-0.32.3/src/config.rs	with_transparency
alacritty/src/renderer/rects.rs	add_rect	alacritty/src/display/color.rs	as_tuple
alacritty/src/renderer/rects.rs	create_rect	alacritty/src/display/mod.rs	cell_height
alacritty/src/renderer/rects.rs	create_rect	alacritty/src/display/mod.rs	cell_width
alacritty/src/renderer/rects.rs	create_rect	alacritty/src/display/mod.rs	padding_x
alacritty/src/renderer/rects.rs	create_rect	alacritty/src/display/mod.rs	padding_y
alacritty/src/renderer/rects.rs	create_rect	alacritty/src/renderer/rects.rs	new
alacritty/src/renderer/rects.rs	draw	alacritty/src/display/mod.rs	height
alacritty/src/renderer/rects.rs	draw	alacritty/src/display/mod.rs	width
alacritty/src/renderer/rects.rs	id	alacritty/src/renderer/shader.rs	id
alacritty/src/renderer/rects.rs	new	alacritty/src/renderer/rects.rs	new
alacritty/src/renderer/rects.rs	push_rects	alacritty/src/renderer/rects.rs	create_rect
alacritty/src/renderer/rects.rs	rects	alacritty/src/renderer/rects.rs	push_rects
alacritty/src/renderer/rects.rs	rects	alacritty_terminal/src/grid/mod.rs	last_column
alacritty/src/renderer/rects.rs	rects	alacritty_terminal/src/index.rs	Column
alacritty/src/renderer/rects.rs	rects	alacritty_terminal/src/index.rs	new
alacritty/src/renderer/rects.rs	update	alacritty/src/renderer/rects.rs	update_flag
alacritty/src/renderer/rects.rs	update_flag	/Users/chrishafley/.cargo/registry/src/index.crates.io-1949cf8c6b5b557f/bitflags-2.9.4/src/lib.rs	contains
alacritty/src/renderer/rects.rs	update_flag	alacritty_terminal/src/term/cell.rs	contains
alacritty/src/renderer/rects.rs	update_uniforms	alacritty/src/display/mod.rs	cell_height
alacritty/src/renderer/rects.rs	update_uniforms	alacritty/src/display/mod.rs	cell_width
alacritty/src/renderer/rects.rs	update_uniforms	alacritty/src/display/mod.rs	height
alacritty/src/renderer/rects.rs	update_uniforms	alacritty/src/display/mod.rs	padding_x
alacritty/src/renderer/rects.rs	update_uniforms	alacritty/src/display/mod.rs	padding_y
alacritty/src/renderer/shader.rs	get_uniform_location	alacritty/src/renderer/shader.rs	Uniform
alacritty/src/renderer/shader.rs	get_uniform_location	alacritty/src/renderer/shader.rs	id
alacritty/src/renderer/shader.rs	new	alacritty/src/renderer/shader.rs	Compile
alacritty/src/renderer/shader.rs	new	alacritty/src/renderer/shader.rs	Link
alacritty/src/renderer/shader.rs	new	alacritty/src/renderer/shader.rs	Shader
alacritty/src/renderer/shader.rs	new	alacritty/src/renderer/shader.rs	ShaderProgram
alacritty/src/renderer/shader.rs	new	alacritty/src/renderer/shader.rs	get_program_info_log
alacritty/src/renderer/shader.rs	new	alacritty/src/renderer/shader.rs	get_shader_info_log
alacritty/src/renderer/shader.rs	new	alacritty/src/renderer/shader.rs	id
alacritty/src/renderer/shader.rs	new	alacritty/src/renderer/shader.rs	shader_header
alacritty/src/renderer/text/atlas.rs	insert	alacritty/src/renderer/text/atlas.rs	insert_inner
alacritty/src/renderer/text/atlas.rs	insert	alacritty/src/renderer/text/atlas.rs	room_in_row
alacritty/src/renderer/text/atlas.rs	load_glyph	alacritty/src/renderer/text/atlas.rs	load_glyph
alacritty/src/renderer/text/atlas.rs	load_glyph	alacritty/src/renderer/text/atlas.rs	new
alacritty/src/renderer/text/builtin_font.rs	box_drawing	/Users/chrishafley/.cargo/registry/src/index.crates.io-1949cf8c6b5b557f/crossfont-0.8.1/src/lib.rs	Rgb
alacritty/src/renderer/text/builtin_font.rs	box_drawing	alacritty/src/renderer/text/builtin_font.rs	buffer_mut
alacritty/src/renderer/text/builtin_font.rs	box_drawing	alacritty/src/renderer/text/builtin_font.rs	calculate_stroke_size
alacritty/src/renderer/text/builtin_font.rs	box_drawing	alacritty/src/renderer/text/builtin_font.rs	draw_h_line
alacritty/src/renderer/text/builtin_font.rs	box_drawing	alacritty/src/renderer/text/builtin_font.rs	draw_rect
alacritty/src/renderer/text/builtin_font.rs	box_drawing	alacritty/src/renderer/text/builtin_font.rs	draw_rounded_corner
alacritty/src/renderer/text/builtin_font.rs	box_drawing	alacritty/src/renderer/text/builtin_font.rs	draw_v_line
alacritty/src/renderer/text/builtin_font.rs	box_drawing	alacritty/src/renderer/text/builtin_font.rs	fill
alacritty/src/renderer/text/builtin_font.rs	box_drawing	alacritty/src/renderer/text/builtin_font.rs	h_line_bounds
alacritty/src/renderer/text/builtin_font.rs	box_drawing	alacritty/src/renderer/text/builtin_font.rs	into_raw
alacritty/src/renderer/text/builtin_font.rs	box_drawing	alacritty/src/renderer/text/builtin_font.rs	new
alacritty/src/renderer/text/builtin_font.rs	box_drawing	alacritty/src/renderer/text/builtin_font.rs	v_line_bounds
alacritty/src/renderer/text/builtin_font.rs	box_drawing	alacritty/src/renderer/text/builtin_font.rs	x_center
alacritty/src/renderer/text/builtin_font.rs	box_drawing	alacritty/src/renderer/text/builtin_font.rs	y_center
alacritty/src/renderer/text/builtin_font.rs	builtin_glyph	alacritty/src/renderer/text/builtin_font.rs	box_drawing
alacritty/src/renderer/text/builtin_font.rs	draw_h_line	alacritty/src/renderer/text/builtin_font.rs	draw_rect
alacritty/src/renderer/text/builtin_font.rs	draw_h_line	alacritty/src/renderer/text/builtin_font.rs	h_line_bounds
alacritty/src/renderer/text/builtin_font.rs	draw_line	alacritty/src/renderer/text/builtin_font.rs	gray
alacritty/src/renderer/text/builtin_font.rs	draw_line	alacritty/src/renderer/text/builtin_font.rs	put_pixel
alacritty/src/renderer/text/builtin_font.rs	draw_rounded_corner	alacritty/src/renderer/text/builtin_font.rs	draw_rect
alacritty/src/renderer/text/builtin_font.rs	draw_rounded_corner	alacritty/src/renderer/text/builtin_font.rs	x_center
alacritty/src/renderer/text/builtin_font.rs	draw_rounded_corner	alacritty/src/renderer/text/builtin_font.rs	y_center
alacritty/src/renderer/text/builtin_font.rs	draw_v_line	alacritty/src/renderer/text/builtin_font.rs	draw_rect
alacritty/src/renderer/text/builtin_font.rs	draw_v_line	alacritty/src/renderer/text/builtin_font.rs	v_line_bounds
alacritty/src/renderer/text/builtin_font.rs	powerline_drawing	/Users/chrishafley/.cargo/registry/src/index.crates.io-1949cf8c6b5b557f/crossfont-0.8.1/src/lib.rs	Rgb
alacritty/src/renderer/text/builtin_font.rs	powerline_drawing	alacritty/src/renderer/text/builtin_font.rs	calculate_stroke_size
alacritty/src/renderer/text/builtin_font.rs	powerline_drawing	alacritty/src/renderer/text/builtin_font.rs	flip_horizontal
alacritty/src/renderer/text/builtin_font.rs	powerline_drawing	alacritty/src/renderer/text/builtin_font.rs	into_raw
alacritty/src/renderer/text/builtin_font.rs	powerline_drawing	alacritty/src/renderer/text/builtin_font.rs	line_equation
alacritty/src/renderer/text/builtin_font.rs	powerline_drawing	alacritty/src/renderer/text/builtin_font.rs	new
alacritty/src/renderer/text/gles2.rs	add_item	/Users/chrishafley/.cargo/registry/src/index.crates.io-1949cf8c6b5b557f/bitflags-2.9.4/src/lib.rs	contains
alacritty/src/renderer/text/gles2.rs	add_item	/Users/chrishafley/.cargo/registry/src/index.crates.io-1949cf8c6b5b557f/bitflags-2.9.4/src/lib.rs	empty
alacritty/src/renderer/text/gles2.rs	add_item	alacritty/src/display/mod.rs	cell_height
alacritty/src/renderer/text/gles2.rs	add_item	alacritty/src/display/mod.rs	cell_width
alacritty/src/renderer/text/gles2.rs	add_item	alacritty/src/renderer/text/gles2.rs	is_empty
alacritty/src/renderer/text/gles2.rs	add_item	alacritty/src/renderer/text/mod.rs	empty
alacritty/src/renderer/text/gles2.rs	add_item	alacritty_terminal/src/term/cell.rs	contains
alacritty/src/renderer/text/gles2.rs	clear	alacritty/src/renderer/text/atlas.rs	clear_atlas
alacritty/src/renderer/text/gles2.rs	drop	alacritty/src/renderer/text/gles2.rs	is_empty
alacritty/src/renderer/text/gles2.rs	drop	alacritty/src/renderer/text/gles2.rs	render_batch
alacritty/src/renderer/text/gles2.rs	full	alacritty/src/renderer/text/gles2.rs	capacity
alacritty/src/renderer/text/gles2.rs	full	alacritty/src/renderer/text/gles2.rs	len
alacritty/src/renderer/text/gles2.rs	id	alacritty/src/renderer/shader.rs	id
alacritty/src/renderer/text/gles2.rs	is_empty	alacritty/src/renderer/text/gles2.rs	len
alacritty/src/renderer/text/gles2.rs	load_glyph	alacritty/src/renderer/text/atlas.rs	load_glyph
alacritty/src/renderer/text/gles2.rs	new	alacritty/src/renderer/mod.rs	contains
alacritty/src/renderer/text/gles2.rs	new	alacritty/src/renderer/text/gles2.rs	new
alacritty/src/renderer/text/gles2.rs	render_batch	alacritty/src/renderer/text/gles2.rs	clear
alacritty/src/renderer/text/gles2.rs	render_batch	alacritty/src/renderer/text/gles2.rs	len
alacritty/src/renderer/text/gles2.rs	render_batch	alacritty/src/renderer/text/gles2.rs	set_rendering_pass
alacritty/src/renderer/text/gles2.rs	render_batch	alacritty/src/renderer/text/gles2.rs	size
alacritty/src/renderer/text/gles2.rs	render_batch	alacritty/src/renderer/text/gles2.rs	tex
alacritty/src/renderer/text/gles2.rs	size	alacritty/src/renderer/text/gles2.rs	len
alacritty/src/renderer/text/gles2.rs	with_api	alacritty/src/renderer/text/gles2.rs	id
alacritty/src/renderer/text/glsl3.rs	add_item	/Users/chrishafley/.cargo/registry/src/index.crates.io-1949cf8c6b5b557f/bitflags-2.9.4/src/lib.rs	contains
alacritty/src/renderer/text/glsl3.rs	add_item	/Users/chrishafley/.cargo/registry/src/index.crates.io-1949cf8c6b5b557f/bitflags-2.9.4/src/lib.rs	empty
alacritty/src/renderer/text/glsl3.rs	add_item	/Users/chrishafley/.cargo/registry/src/index.crates.io-1949cf8c6b5b557f/bitflags-2.9.4/src/lib.rs	set
alacritty/src/renderer/text/glsl3.rs	add_item	alacritty/src/renderer/text/glsl3.rs	is_empty
alacritty/src/renderer/text/glsl3.rs	add_item	alacritty/src/renderer/text/mod.rs	empty
alacritty/src/renderer/text/glsl3.rs	add_item	alacritty/src/renderer/text/mod.rs	set
alacritty/src/renderer/text/glsl3.rs	add_item	alacritty_terminal/src/term/cell.rs	contains
alacritty/src/renderer/text/glsl3.rs	clear	alacritty/src/renderer/text/atlas.rs	clear_atlas
alacritty/src/renderer/text/glsl3.rs	drop	alacritty/src/renderer/text/glsl3.rs	is_empty
alacritty/src/renderer/text/glsl3.rs	drop	alacritty/src/renderer/text/glsl3.rs	render_batch
alacritty/src/renderer/text/glsl3.rs	full	alacritty/src/renderer/text/glsl3.rs	capacity
alacritty/src/renderer/text/glsl3.rs	full	alacritty/src/renderer/text/glsl3.rs	len
alacritty/src/renderer/text/glsl3.rs	id	alacritty/src/renderer/shader.rs	id
alacritty/src/renderer/text/glsl3.rs	is_empty	alacritty/src/renderer/text/glsl3.rs	len
alacritty/src/renderer/text/glsl3.rs	load_glyph	alacritty/src/renderer/text/atlas.rs	load_glyph
alacritty/src/renderer/text/glsl3.rs	new	alacritty/src/renderer/text/glsl3.rs	new
alacritty/src/renderer/text/glsl3.rs	render_batch	alacritty/src/renderer/text/glsl3.rs	clear
alacritty/src/renderer/text/glsl3.rs	render_batch	alacritty/src/renderer/text/glsl3.rs	len
alacritty/src/renderer/text/glsl3.rs	render_batch	alacritty/src/renderer/text/glsl3.rs	set_rendering_pass
alacritty/src/renderer/text/glsl3.rs	render_batch	alacritty/src/renderer/text/glsl3.rs	size
alacritty/src/renderer/text/glsl3.rs	render_batch	alacritty/src/renderer/text/glsl3.rs	tex
alacritty/src/renderer/text/glsl3.rs	set_term_uniforms	alacritty/src/display/mod.rs	cell_height
alacritty/src/renderer/text/glsl3.rs	set_term_uniforms	alacritty/src/display/mod.rs	cell_width
alacritty/src/renderer/text/glsl3.rs	size	alacritty/src/renderer/text/glsl3.rs	len
alacritty/src/renderer/text/glsl3.rs	with_api	alacritty/src/renderer/text/glsl3.rs	id
alacritty/src/renderer/text/glsl3.rs	with_api	alacritty/src/renderer/text/glsl3.rs	set_term_uniforms
alacritty/src/renderer/text/glyph_cache.rs	compute_font_keys	/Users/chrishafley/.cargo/registry/src/index.crates.io-1949cf8c6b5b557f/crossfont-0.8.1/src/darwin/mod.rs	load_font
alacritty/src/renderer/text/glyph_cache.rs	compute_font_keys	alacritty/src/config/font.rs	bold
alacritty/src/renderer/text/glyph_cache.rs	compute_font_keys	alacritty/src/config/font.rs	bold_italic
alacritty/src/renderer/text/glyph_cache.rs	compute_font_keys	alacritty/src/config/font.rs	italic
alacritty/src/renderer/text/glyph_cache.rs	compute_font_keys	alacritty/src/config/font.rs	normal
alacritty/src/renderer/text/glyph_cache.rs	compute_font_keys	alacritty/src/config/font.rs	size
alacritty/src/renderer/text/glyph_cache.rs	compute_font_keys	alacritty/src/renderer/text/glyph_cache.rs	make_desc
alacritty/src/renderer/text/glyph_cache.rs	get	/Users/chrishafley/.cargo/registry/src/index.crates.io-1949cf8c6b5b557f/crossfont-0.8.1/src/darwin/mod.rs	get_glyph
alacritty/src/renderer/text/glyph_cache.rs	get	alacritty/src/renderer/text/builtin_font.rs	builtin_glyph
alacritty/src/renderer/text/glyph_cache.rs	get	alacritty/src/renderer/text/glyph_cache.rs	load_glyph
alacritty/src/renderer/text/glyph_cache.rs	load_common_glyphs	alacritty/src/renderer/text/glyph_cache.rs	load_glyphs_for_font
alacritty/src/renderer/text/glyph_cache.rs	load_glyph	/Users/chrishafley/.cargo/registry/src/index.crates.io-1949cf8c6b5b557f/unicode-width-0.2.2/src/lib.rs	width
alacritty/src/renderer/text/glyph_cache.rs	load_glyph	alacritty/src/renderer/text/glyph_cache.rs	load_glyph
alacritty/src/renderer/text/glyph_cache.rs	load_regular_font	/Users/chrishafley/.cargo/registry/src/index.crates.io-1949cf8c6b5b557f/crossfont-0.8.1/src/darwin/mod.rs	load_font
alacritty/src/renderer/text/glyph_cache.rs	load_regular_font	alacritty/src/renderer/text/glyph_cache.rs	make_desc
alacritty/src/renderer/text/glyph_cache.rs	make_desc	/Users/chrishafley/.cargo/registry/src/index.crates.io-1949cf8c6b5b557f/crossfont-0.8.1/src/lib.rs	Specific
alacritty/src/renderer/text/glyph_cache.rs	make_desc	/Users/chrishafley/.cargo/registry/src/index.crates.io-1949cf8c6b5b557f/crossfont-0.8.1/src/lib.rs	new
alacritty/src/renderer/text/glyph_cache.rs	new	alacritty/src/config/font.rs	size
alacritty/src/renderer/text/glyph_cache.rs	reset_glyph_cache	alacritty/src/renderer/text/glyph_cache.rs	clear
alacritty/src/renderer/text/glyph_cache.rs	reset_glyph_cache	alacritty/src/renderer/text/glyph_cache.rs	load_common_glyphs
alacritty/src/renderer/text/glyph_cache.rs	update_font_size	alacritty/src/config/font.rs	size
alacritty/src/renderer/text/mod.rs	add_render_item	alacritty/src/renderer/text/mod.rs	add_item
alacritty/src/renderer/text/mod.rs	add_render_item	alacritty/src/renderer/text/mod.rs	batch
alacritty/src/renderer/text/mod.rs	add_render_item	alacritty/src/renderer/text/mod.rs	full
alacritty/src/renderer/text/mod.rs	add_render_item	alacritty/src/renderer/text/mod.rs	is_empty
alacritty/src/renderer/text/mod.rs	add_render_item	alacritty/src/renderer/text/mod.rs	render_batch
alacritty/src/renderer/text/mod.rs	add_render_item	alacritty/src/renderer/text/mod.rs	tex
alacritty/src/renderer/text/mod.rs	clear	alacritty/src/renderer/text/atlas.rs	clear_atlas
alacritty/src/renderer/text/mod.rs	draw_cell	/Users/chrishafley/.cargo/registry/src/index.crates.io-1949cf8c6b5b557f/bitflags-2.9.4/src/lib.rs	contains
alacritty/src/renderer/text/mod.rs	draw_cell	alacritty/src/renderer/text/glyph_cache.rs	get
alacritty/src/renderer/text/mod.rs	draw_cell	alacritty/src/renderer/text/mod.rs	add_render_item
alacritty/src/renderer/text/mod.rs	draw_cell	alacritty_terminal/src/term/cell.rs	contains
alacritty/src/renderer/text/mod.rs	draw_cells	alacritty/src/renderer/text/mod.rs	with_api
alacritty/src/renderer/text/mod.rs	load_glyph	alacritty/src/renderer/text/atlas.rs	load_glyph
alacritty/src/renderer/text/mod.rs	resize	alacritty/src/renderer/text/mod.rs	id
alacritty/src/renderer/text/mod.rs	resize	alacritty/src/renderer/text/mod.rs	program
alacritty/src/renderer/text/mod.rs	resize	alacritty/src/renderer/text/mod.rs	projection_uniform
alacritty/src/renderer/text/mod.rs	resize	alacritty/src/renderer/text/mod.rs	update_projection
alacritty/src/renderer/text/mod.rs	update_projection	alacritty/src/display/mod.rs	height
alacritty/src/renderer/text/mod.rs	update_projection	alacritty/src/display/mod.rs	padding_x
alacritty/src/renderer/text/mod.rs	update_projection	alacritty/src/display/mod.rs	padding_y
alacritty/src/renderer/text/mod.rs	update_projection	alacritty/src/display/mod.rs	width
alacritty/src/renderer/text/mod.rs	with_loader	alacritty/src/renderer/text/mod.rs	loader_api
alacritty/src/scheduler.rs	update	/Users/chrishafley/.cargo/registry/src/index.crates.io-1949cf8c6b5b557f/winit-0.30.13/src/event_loop.rs	send_event
alacritty/src/scheduler.rs	update	alacritty/src/scheduler.rs	schedule
alacritty/src/window_context.rs	add_window_config	alacritty/src/message_bar.rs	remove_target
alacritty/src/window_context.rs	add_window_config	alacritty/src/window_context.rs	update_config
alacritty/src/window_context.rs	additional	/Users/chrishafley/.cargo/registry/src/index.crates.io-1949cf8c6b5b557f/glutin-0.32.3/src/config.rs	display
alacritty/src/window_context.rs	additional	alacritty/src/cli.rs	override_identity_config
alacritty/src/window_context.rs	draw	alacritty/src/display/bell.rs	completed
alacritty/src/window_context.rs	draw	alacritty/src/display/mod.rs	draw
alacritty/src/window_context.rs	draw	alacritty/src/display/mod.rs	process_renderer_update
alacritty/src/window_context.rs	draw	alacritty/src/display/window.rs	request_redraw
alacritty/src/window_context.rs	drop	alacritty_terminal/src/event_loop.rs	send
alacritty/src/window_context.rs	handle_event	/Users/chrishafley/.cargo/registry/src/index.crates.io-1949cf8c6b5b557f/winit-0.30.13/src/event.rs	state
alacritty/src/window_context.rs	handle_event	alacritty/src/display/mod.rs	update_highlighted_hints
alacritty/src/window_context.rs	handle_event	alacritty/src/display/window.rs	request_redraw
alacritty/src/window_context.rs	handle_event	alacritty/src/input/mod.rs	new
alacritty/src/window_context.rs	handle_event	alacritty/src/window_context.rs	submit_display_update
alacritty/src/window_context.rs	id	alacritty/src/display/window.rs	id
alacritty/src/window_context.rs	initial	/Users/chrishafley/.cargo/registry/src/index.crates.io-1949cf8c6b5b557f/winit-0.30.13/src/event_loop.rs	display_handle
alacritty/src/window_context.rs	initial	alacritty/src/cli.rs	override_identity_config
alacritty/src/window_context.rs	initial	alacritty/src/window_context.rs	new
alacritty/src/window_context.rs	new	alacritty/src/cli.rs	override_pty_config
alacritty/src/window_context.rs	new	alacritty/src/display/window.rs	id
alacritty/src/window_context.rs	new	alacritty/src/event.rs	new
alacritty/src/window_context.rs	new	alacritty/src/event.rs	send_event
alacritty/src/window_context.rs	new	alacritty_terminal/src/event_loop.rs	Notifier
alacritty/src/window_context.rs	new	alacritty_terminal/src/sync.rs	new
alacritty/src/window_context.rs	new	alacritty_terminal/src/term/mod.rs	new
alacritty/src/window_context.rs	reset_window_config	alacritty/src/message_bar.rs	remove_target
alacritty/src/window_context.rs	reset_window_config	alacritty/src/window_context.rs	update_config
alacritty/src/window_context.rs	submit_display_update	/Users/chrishafley/.cargo/registry/src/index.crates.io-1949cf8c6b5b557f/bitflags-2.9.4/src/lib.rs	contains
alacritty/src/window_context.rs	submit_display_update	alacritty/src/display/mod.rs	handle_update
alacritty/src/window_context.rs	submit_display_update	alacritty_terminal/src/grid/mod.rs	Delta
alacritty/src/window_context.rs	submit_display_update	alacritty_terminal/src/grid/mod.rs	display_offset
alacritty/src/window_context.rs	submit_display_update	alacritty_terminal/src/term/mod.rs	contains
alacritty/src/window_context.rs	submit_display_update	alacritty_terminal/src/term/mod.rs	grid
alacritty/src/window_context.rs	submit_display_update	alacritty_terminal/src/term/mod.rs	mode
alacritty/src/window_context.rs	submit_display_update	alacritty_terminal/src/term/mod.rs	screen_lines
alacritty/src/window_context.rs	submit_display_update	alacritty_terminal/src/term/mod.rs	scroll_display
alacritty/src/window_context.rs	update_config	alacritty/src/cli.rs	override_config_rc
alacritty/src/window_context.rs	update_config	alacritty/src/display/hint.rs	update_alphabet
alacritty/src/window_context.rs	update_config	alacritty/src/display/mod.rs	set_cursor_dirty
alacritty/src/window_context.rs	update_config	alacritty/src/display/mod.rs	set_font
alacritty/src/window_context.rs	update_config	alacritty/src/display/mod.rs	update_config
alacritty/src/window_context.rs	update_config	alacritty/src/display/window.rs	set_blur
alacritty/src/window_context.rs	update_config	alacritty/src/display/window.rs	set_has_shadow
alacritty/src/window_context.rs	update_config	alacritty/src/display/window.rs	set_option_as_alt
alacritty/src/window_context.rs	update_config	alacritty/src/display/window.rs	set_theme
alacritty/src/window_context.rs	update_config	alacritty/src/display/window.rs	set_title
alacritty/src/window_context.rs	update_config	alacritty/src/display/window.rs	set_transparent
alacritty/src/window_context.rs	update_config	alacritty/src/display/window.rs	title
alacritty/src/window_context.rs	update_config	alacritty/src/event.rs	new
alacritty/src/window_context.rs	write_ref_test_results	/Users/chrishafley/.cargo/registry/src/index.crates.io-1949cf8c6b5b557f/serde_json-1.0.145/src/ser.rs	to_string
alacritty/src/window_context.rs	write_ref_test_results	alacritty/src/display/mod.rs	columns
alacritty/src/window_context.rs	write_ref_test_results	alacritty/src/display/mod.rs	screen_lines
alacritty/src/window_context.rs	write_ref_test_results	alacritty_terminal/src/term/mod.rs	new
alacritty_config/src/lib.rs	replace	alacritty_config/src/lib.rs	replace_simple
alacritty_config_derive/src/config_deserialize/de_enum.rs	derive_deserialize	/Users/chrishafley/.cargo/registry/src/index.crates.io-1949cf8c6b5b557f/proc-macro2-1.0.101/src/lib.rs	new
alacritty_config_derive/src/config_deserialize/de_enum.rs	derive_deserialize	alacritty_config_derive/src/serde_replace.rs	derive_direct
alacritty_config_derive/src/config_deserialize/de_struct.rs	derive_deserialize	alacritty_config_derive/src/config_deserialize/de_struct.rs	fields_deserializer
alacritty_config_derive/src/config_deserialize/de_struct.rs	derive_deserialize	alacritty_config_derive/src/lib.rs	generics_streams
alacritty_config_derive/src/config_deserialize/de_struct.rs	derive_deserialize	alacritty_config_derive/src/serde_replace.rs	derive_recursive
alacritty_config_derive/src/config_deserialize/de_struct.rs	field_deserializer	/Users/chrishafley/.cargo/registry/src/index.crates.io-1949cf8c6b5b557f/syn-2.0.106/src/punctuated.rs	iter
alacritty_config_derive/src/config_deserialize/mod.rs	derive	/Users/chrishafley/.cargo/registry/src/index.crates.io-1949cf8c6b5b557f/syn-2.0.106/src/error.rs	new
alacritty_config_derive/src/config_deserialize/mod.rs	derive	/Users/chrishafley/.cargo/registry/src/index.crates.io-1949cf8c6b5b557f/syn-2.0.106/src/error.rs	to_compile_error
alacritty_config_derive/src/config_deserialize/mod.rs	derive	alacritty_config_derive/src/config_deserialize/de_enum.rs	derive_deserialize
alacritty_config_derive/src/config_deserialize/mod.rs	derive	alacritty_config_derive/src/config_deserialize/de_struct.rs	derive_deserialize
alacritty_config_derive/src/lib.rs	derive_config_deserialize	alacritty_config_derive/src/config_deserialize/mod.rs	derive
alacritty_config_derive/src/lib.rs	derive_serde_replace	alacritty_config_derive/src/serde_replace.rs	derive
alacritty_config_derive/src/lib.rs	parse	/Users/chrishafley/.cargo/registry/src/index.crates.io-1949cf8c6b5b557f/syn-2.0.106/src/parse.rs	parse
alacritty_config_derive/src/serde_replace.rs	derive	/Users/chrishafley/.cargo/registry/src/index.crates.io-1949cf8c6b5b557f/syn-2.0.106/src/error.rs	new
alacritty_config_derive/src/serde_replace.rs	derive	/Users/chrishafley/.cargo/registry/src/index.crates.io-1949cf8c6b5b557f/syn-2.0.106/src/error.rs	to_compile_error
alacritty_config_derive/src/serde_replace.rs	derive	alacritty_config_derive/src/serde_replace.rs	derive_direct
alacritty_config_derive/src/serde_replace.rs	derive	alacritty_config_derive/src/serde_replace.rs	derive_recursive
alacritty_config_derive/src/serde_replace.rs	derive_recursive	alacritty_config_derive/src/lib.rs	generics_streams
alacritty_config_derive/src/serde_replace.rs	derive_recursive	alacritty_config_derive/src/serde_replace.rs	match_arms
alacritty_config_derive/tests/config.rs	config_deserialize	/Users/chrishafley/.cargo/registry/src/index.crates.io-1949cf8c6b5b557f/log-0.4.28/src/lib.rs	set_logger
alacritty_config_derive/tests/config.rs	config_deserialize	/Users/chrishafley/.cargo/registry/src/index.crates.io-1949cf8c6b5b557f/log-0.4.28/src/lib.rs	set_max_level
alacritty_config_derive/tests/config.rs	config_deserialize	/Users/chrishafley/.cargo/registry/src/index.crates.io-1949cf8c6b5b557f/toml-0.9.11+spec-1.1.0/src/de/mod.rs	from_str
alacritty_config_derive/tests/config.rs	default	alacritty_config_derive/tests/config.rs	Nine
alacritty_config_derive/tests/config.rs	field_replacement	/Users/chrishafley/.cargo/registry/src/index.crates.io-1949cf8c6b5b557f/toml-0.9.11+spec-1.1.0/src/de/mod.rs	from_str
alacritty_config_derive/tests/config.rs	log	/Users/chrishafley/.cargo/registry/src/index.crates.io-1949cf8c6b5b557f/log-0.4.28/src/lib.rs	args
alacritty_config_derive/tests/config.rs	log	/Users/chrishafley/.cargo/registry/src/index.crates.io-1949cf8c6b5b557f/log-0.4.28/src/lib.rs	level
alacritty_config_derive/tests/config.rs	replace_derive	/Users/chrishafley/.cargo/registry/src/index.crates.io-1949cf8c6b5b557f/toml-0.9.11+spec-1.1.0/src/de/mod.rs	from_str
alacritty_config_derive/tests/config.rs	replace_derive_using_alias	/Users/chrishafley/.cargo/registry/src/index.crates.io-1949cf8c6b5b557f/toml-0.9.11+spec-1.1.0/src/de/mod.rs	from_str
alacritty_config_derive/tests/config.rs	replace_derive_using_multiple_aliases	/Users/chrishafley/.cargo/registry/src/index.crates.io-1949cf8c6b5b557f/toml-0.9.11+spec-1.1.0/src/de/mod.rs	from_str
alacritty_config_derive/tests/config.rs	replace_flatten	/Users/chrishafley/.cargo/registry/src/index.crates.io-1949cf8c6b5b557f/toml-0.9.11+spec-1.1.0/src/de/mod.rs	from_str
alacritty_config_derive/tests/config.rs	replace_flatten_using_alias	/Users/chrishafley/.cargo/registry/src/index.crates.io-1949cf8c6b5b557f/toml-0.9.11+spec-1.1.0/src/de/mod.rs	from_str
alacritty_terminal/src/event_loop.rs	drain_recv_channel	alacritty_terminal/src/event.rs	on_resize
alacritty_terminal/src/event_loop.rs	drain_recv_channel	alacritty_terminal/src/event_loop.rs	recv
alacritty_terminal/src/event_loop.rs	ensure_next	alacritty_terminal/src/event_loop.rs	goto_next
alacritty_terminal/src/event_loop.rs	new	alacritty_terminal/src/event_loop.rs	new
alacritty_terminal/src/event_loop.rs	notify	alacritty_terminal/src/event_loop.rs	Input
alacritty_terminal/src/event_loop.rs	notify	alacritty_terminal/src/event_loop.rs	send
alacritty_terminal/src/event_loop.rs	on_resize	alacritty_terminal/src/event_loop.rs	Resize
alacritty_terminal/src/event_loop.rs	on_resize	alacritty_terminal/src/event_loop.rs	send
alacritty_terminal/src/event_loop.rs	pty_read	/Users/chrishafley/.cargo/registry/src/index.crates.io-1949cf8c6b5b557f/vte-0.15.0/src/ansi.rs	advance
alacritty_terminal/src/event_loop.rs	pty_read	/Users/chrishafley/.cargo/registry/src/index.crates.io-1949cf8c6b5b557f/vte-0.15.0/src/ansi.rs	sync_bytes_count
alacritty_terminal/src/event_loop.rs	pty_read	alacritty_terminal/src/event.rs	send_event
alacritty_terminal/src/event_loop.rs	pty_read	alacritty_terminal/src/tty/mod.rs	reader
alacritty_terminal/src/event_loop.rs	pty_write	alacritty_terminal/src/event_loop.rs	ensure_next
alacritty_terminal/src/event_loop.rs	pty_write	alacritty_terminal/src/event_loop.rs	goto_next
alacritty_terminal/src/event_loop.rs	pty_write	alacritty_terminal/src/event_loop.rs	set_current
alacritty_terminal/src/event_loop.rs	pty_write	alacritty_terminal/src/event_loop.rs	take_current
alacritty_terminal/src/event_loop.rs	pty_write	alacritty_terminal/src/tty/mod.rs	writer
alacritty_terminal/src/event_loop.rs	spawn	/Users/chrishafley/.cargo/registry/src/index.crates.io-1949cf8c6b5b557f/polling-3.11.0/src/lib.rs	clear
alacritty_terminal/src/event_loop.rs	spawn	/Users/chrishafley/.cargo/registry/src/index.crates.io-1949cf8c6b5b557f/polling-3.11.0/src/lib.rs	is_empty
alacritty_terminal/src/event_loop.rs	spawn	/Users/chrishafley/.cargo/registry/src/index.crates.io-1949cf8c6b5b557f/polling-3.11.0/src/lib.rs	readable
alacritty_terminal/src/event_loop.rs	spawn	/Users/chrishafley/.cargo/registry/src/index.crates.io-1949cf8c6b5b557f/polling-3.11.0/src/lib.rs	with_capacity
alacritty_terminal/src/event_loop.rs	spawn	alacritty_terminal/src/event.rs	send_event
alacritty_terminal/src/event_loop.rs	spawn	alacritty_terminal/src/event_loop.rs	drain_recv_channel
alacritty_terminal/src/event_loop.rs	spawn	alacritty_terminal/src/event_loop.rs	needs_write
alacritty_terminal/src/event_loop.rs	spawn	alacritty_terminal/src/event_loop.rs	peek
alacritty_terminal/src/event_loop.rs	spawn	alacritty_terminal/src/thread.rs	spawn_named
alacritty_terminal/src/event_loop.rs	spawn	alacritty_terminal/src/tty/mod.rs	deregister
alacritty_terminal/src/event_loop.rs	spawn	alacritty_terminal/src/tty/mod.rs	register
alacritty_terminal/src/event_loop.rs	spawn	alacritty_terminal/src/tty/mod.rs	reregister
alacritty_terminal/src/grid/mod.rs	bottommost_line	alacritty_terminal/src/grid/mod.rs	screen_lines
alacritty_terminal/src/grid/mod.rs	bottommost_line	alacritty_terminal/src/index.rs	Line
alacritty_terminal/src/grid/mod.rs	clear_history	alacritty_terminal/src/grid/mod.rs	history_size
alacritty_terminal/src/grid/mod.rs	clear_history	alacritty_terminal/src/grid/storage.rs	shrink_lines
alacritty_terminal/src/grid/mod.rs	clear_viewport	alacritty_terminal/src/grid/mod.rs	columns
alacritty_terminal/src/grid/mod.rs	clear_viewport	alacritty_terminal/src/grid/mod.rs	iter_from
alacritty_terminal/src/grid/mod.rs	clear_viewport	alacritty_terminal/src/grid/mod.rs	prev
alacritty_terminal/src/grid/mod.rs	clear_viewport	alacritty_terminal/src/grid/mod.rs	scroll_up
alacritty_terminal/src/grid/mod.rs	clear_viewport	alacritty_terminal/src/index.rs	Column
alacritty_terminal/src/grid/mod.rs	clear_viewport	alacritty_terminal/src/index.rs	Line
alacritty_terminal/src/grid/mod.rs	clear_viewport	alacritty_terminal/src/index.rs	new
alacritty_terminal/src/grid/mod.rs	decrease_scroll_limit	alacritty_terminal/src/grid/mod.rs	history_size
alacritty_terminal/src/grid/mod.rs	decrease_scroll_limit	alacritty_terminal/src/grid/storage.rs	shrink_lines
alacritty_terminal/src/grid/mod.rs	display_iter	alacritty_terminal/src/grid/mod.rs	bottommost_line
alacritty_terminal/src/grid/mod.rs	display_iter	alacritty_terminal/src/grid/mod.rs	display_offset
alacritty_terminal/src/grid/mod.rs	display_iter	alacritty_terminal/src/grid/mod.rs	last_column
alacritty_terminal/src/grid/mod.rs	display_iter	alacritty_terminal/src/grid/mod.rs	screen_lines
alacritty_terminal/src/grid/mod.rs	display_iter	alacritty_terminal/src/index.rs	Line
alacritty_terminal/src/grid/mod.rs	display_iter	alacritty_terminal/src/index.rs	new
alacritty_terminal/src/grid/mod.rs	history_size	alacritty_terminal/src/grid/mod.rs	screen_lines
alacritty_terminal/src/grid/mod.rs	history_size	alacritty_terminal/src/grid/mod.rs	total_lines
alacritty_terminal/src/grid/mod.rs	increase_scroll_limit	alacritty_terminal/src/grid/mod.rs	history_size
alacritty_terminal/src/grid/mod.rs	increase_scroll_limit	alacritty_terminal/src/grid/storage.rs	initialize
alacritty_terminal/src/grid/mod.rs	initialize_all	alacritty_terminal/src/grid/mod.rs	history_size
alacritty_terminal/src/grid/mod.rs	initialize_all	alacritty_terminal/src/grid/mod.rs	truncate
alacritty_terminal/src/grid/mod.rs	initialize_all	alacritty_terminal/src/grid/storage.rs	initialize
alacritty_terminal/src/grid/mod.rs	iter_from	alacritty_terminal/src/grid/mod.rs	bottommost_line
alacritty_terminal/src/grid/mod.rs	iter_from	alacritty_terminal/src/grid/mod.rs	last_column
alacritty_terminal/src/grid/mod.rs	iter_from	alacritty_terminal/src/index.rs	new
alacritty_terminal/src/grid/mod.rs	last_column	alacritty_terminal/src/grid/mod.rs	columns
alacritty_terminal/src/grid/mod.rs	last_column	alacritty_terminal/src/index.rs	Column
alacritty_terminal/src/grid/mod.rs	new	alacritty_terminal/src/grid/storage.rs	with_capacity
alacritty_terminal/src/grid/mod.rs	next	alacritty_terminal/src/grid/mod.rs	last_column
alacritty_terminal/src/grid/mod.rs	next	alacritty_terminal/src/index.rs	Column
alacritty_terminal/src/grid/mod.rs	prev	alacritty_terminal/src/grid/mod.rs	last_column
alacritty_terminal/src/grid/mod.rs	prev	alacritty_terminal/src/grid/mod.rs	topmost_line
alacritty_terminal/src/grid/mod.rs	prev	alacritty_terminal/src/index.rs	Column
alacritty_terminal/src/grid/mod.rs	prev	alacritty_terminal/src/index.rs	new
alacritty_terminal/src/grid/mod.rs	reset	alacritty_terminal/src/grid/mod.rs	clear_history
alacritty_terminal/src/grid/mod.rs	reset_region	alacritty_terminal/src/grid/mod.rs	screen_lines
alacritty_terminal/src/grid/mod.rs	reset_region	alacritty_terminal/src/index.rs	Line
alacritty_terminal/src/grid/mod.rs	scroll_display	alacritty_terminal/src/grid/mod.rs	history_size
alacritty_terminal/src/grid/mod.rs	scroll_down	alacritty_terminal/src/grid/mod.rs	screen_lines
alacritty_terminal/src/grid/mod.rs	scroll_down	alacritty_terminal/src/grid/storage.rs	rotate_down
alacritty_terminal/src/grid/mod.rs	scroll_up	alacritty_terminal/src/grid/mod.rs	increase_scroll_limit
alacritty_terminal/src/grid/mod.rs	scroll_up	alacritty_terminal/src/grid/mod.rs	screen_lines
alacritty_terminal/src/grid/mod.rs	scroll_up	alacritty_terminal/src/grid/storage.rs	rotate
alacritty_terminal/src/grid/mod.rs	topmost_line	alacritty_terminal/src/grid/mod.rs	history_size
alacritty_terminal/src/grid/mod.rs	topmost_line	alacritty_terminal/src/index.rs	Line
alacritty_terminal/src/grid/mod.rs	total_lines	alacritty_terminal/src/grid/storage.rs	len
alacritty_terminal/src/grid/mod.rs	truncate	alacritty_terminal/src/grid/storage.rs	truncate
alacritty_terminal/src/grid/mod.rs	update_history	alacritty_terminal/src/grid/mod.rs	history_size
alacritty_terminal/src/grid/mod.rs	update_history	alacritty_terminal/src/grid/storage.rs	shrink_lines
alacritty_terminal/src/grid/resize.rs	grow_columns	alacritty_terminal/src/grid/mod.rs	history_size
alacritty_terminal/src/grid/resize.rs	grow_columns	alacritty_terminal/src/grid/row.rs	len
alacritty_terminal/src/grid/resize.rs	grow_columns	alacritty_terminal/src/grid/row.rs	new
alacritty_terminal/src/grid/resize.rs	grow_columns	alacritty_terminal/src/grid/storage.rs	len
alacritty_terminal/src/grid/resize.rs	grow_columns	alacritty_terminal/src/grid/storage.rs	replace_inner
alacritty_terminal/src/grid/resize.rs	grow_columns	alacritty_terminal/src/grid/storage.rs	take_all
alacritty_terminal/src/grid/resize.rs	grow_columns	alacritty_terminal/src/index.rs	Column
alacritty_terminal/src/grid/resize.rs	grow_columns	alacritty_terminal/src/index.rs	Line
alacritty_terminal/src/grid/resize.rs	grow_lines	alacritty_terminal/src/grid/mod.rs	decrease_scroll_limit
alacritty_terminal/src/grid/resize.rs	grow_lines	alacritty_terminal/src/grid/mod.rs	history_size
alacritty_terminal/src/grid/resize.rs	grow_lines	alacritty_terminal/src/grid/mod.rs	scroll_up
alacritty_terminal/src/grid/resize.rs	grow_lines	alacritty_terminal/src/grid/storage.rs	grow_visible_lines
alacritty_terminal/src/grid/resize.rs	resize	alacritty_terminal/src/grid/resize.rs	grow_columns
alacritty_terminal/src/grid/resize.rs	resize	alacritty_terminal/src/grid/resize.rs	grow_lines
alacritty_terminal/src/grid/resize.rs	resize	alacritty_terminal/src/grid/resize.rs	shrink_columns
alacritty_terminal/src/grid/resize.rs	resize	alacritty_terminal/src/grid/resize.rs	shrink_lines
alacritty_terminal/src/grid/resize.rs	shrink_columns	alacritty_terminal/src/grid/mod.rs	history_size
alacritty_terminal/src/grid/resize.rs	shrink_columns	alacritty_terminal/src/grid/storage.rs	len
alacritty_terminal/src/grid/resize.rs	shrink_columns	alacritty_terminal/src/grid/storage.rs	replace_inner
alacritty_terminal/src/grid/resize.rs	shrink_columns	alacritty_terminal/src/grid/storage.rs	take_all
alacritty_terminal/src/grid/resize.rs	shrink_columns	alacritty_terminal/src/index.rs	Column
alacritty_terminal/src/grid/resize.rs	shrink_columns	alacritty_terminal/src/index.rs	grid_clamp
alacritty_terminal/src/grid/resize.rs	shrink_lines	alacritty_terminal/src/grid/mod.rs	scroll_up
alacritty_terminal/src/grid/resize.rs	shrink_lines	alacritty_terminal/src/grid/storage.rs	rotate
alacritty_terminal/src/grid/resize.rs	shrink_lines	alacritty_terminal/src/grid/storage.rs	shrink_visible_lines
alacritty_terminal/src/grid/resize.rs	shrink_lines	alacritty_terminal/src/index.rs	Line
alacritty_terminal/src/grid/row.rs	index_mut	alacritty_terminal/src/grid/row.rs	len
alacritty_terminal/src/grid/row.rs	into_iter	alacritty_terminal/src/grid/row.rs	len
alacritty_terminal/src/grid/row.rs	reset	alacritty_terminal/src/term/cell.rs	discriminant
alacritty_terminal/src/grid/storage.rs	grow_visible_lines	alacritty_terminal/src/grid/storage.rs	initialize
alacritty_terminal/src/grid/storage.rs	grow_visible_lines	alacritty_terminal/src/index.rs	Line
alacritty_terminal/src/grid/storage.rs	index	alacritty_terminal/src/grid/storage.rs	compute_index
alacritty_terminal/src/grid/storage.rs	index_mut	alacritty_terminal/src/grid/storage.rs	compute_index
alacritty_terminal/src/grid/storage.rs	initialize	alacritty_terminal/src/grid/row.rs	new
alacritty_terminal/src/grid/storage.rs	initialize	alacritty_terminal/src/grid/storage.rs	rezero
alacritty_terminal/src/grid/storage.rs	shrink_lines	alacritty_terminal/src/grid/storage.rs	truncate
alacritty_terminal/src/grid/storage.rs	shrink_visible_lines	alacritty_terminal/src/grid/storage.rs	shrink_lines
alacritty_terminal/src/grid/storage.rs	swap	alacritty_terminal/src/grid/storage.rs	compute_index
alacritty_terminal/src/grid/storage.rs	take_all	alacritty_terminal/src/grid/storage.rs	truncate
alacritty_terminal/src/grid/storage.rs	truncate	alacritty_terminal/src/grid/storage.rs	rezero
alacritty_terminal/src/grid/storage.rs	with_capacity	alacritty_terminal/src/grid/row.rs	new
alacritty_terminal/src/index.rs	add	alacritty_terminal/src/grid/mod.rs	columns
alacritty_terminal/src/index.rs	add	alacritty_terminal/src/index.rs	Column
alacritty_terminal/src/index.rs	add	alacritty_terminal/src/index.rs	grid_clamp
alacritty_terminal/src/index.rs	from	alacritty_terminal/src/index.rs	Line
alacritty_terminal/src/index.rs	grid_clamp	alacritty_terminal/src/grid/mod.rs	bottommost_line
alacritty_terminal/src/index.rs	grid_clamp	alacritty_terminal/src/grid/mod.rs	last_column
alacritty_terminal/src/index.rs	grid_clamp	alacritty_terminal/src/grid/mod.rs	screen_lines
alacritty_terminal/src/index.rs	grid_clamp	alacritty_terminal/src/grid/mod.rs	topmost_line
alacritty_terminal/src/index.rs	grid_clamp	alacritty_terminal/src/grid/mod.rs	total_lines
alacritty_terminal/src/index.rs	grid_clamp	alacritty_terminal/src/index.rs	Column
alacritty_terminal/src/index.rs	grid_clamp	alacritty_terminal/src/index.rs	Line
alacritty_terminal/src/index.rs	grid_clamp	alacritty_terminal/src/index.rs	grid_clamp
alacritty_terminal/src/index.rs	grid_clamp	alacritty_terminal/src/index.rs	new
alacritty_terminal/src/index.rs	sub	alacritty_terminal/src/grid/mod.rs	columns
alacritty_terminal/src/index.rs	sub	alacritty_terminal/src/index.rs	Column
alacritty_terminal/src/index.rs	sub	alacritty_terminal/src/index.rs	grid_clamp
alacritty_terminal/src/selection.rs	contains_cell	/Users/chrishafley/.cargo/registry/src/index.crates.io-1949cf8c6b5b557f/bitflags-2.9.4/src/lib.rs	contains
alacritty_terminal/src/selection.rs	contains_cell	alacritty_terminal/src/index.rs	new
alacritty_terminal/src/selection.rs	contains_cell	alacritty_terminal/src/selection.rs	contains
alacritty_terminal/src/selection.rs	contains_cell	alacritty_terminal/src/term/cell.rs	contains
alacritty_terminal/src/selection.rs	contains_cell	alacritty_terminal/src/term/cell.rs	flags
alacritty_terminal/src/selection.rs	intersects_range	alacritty_terminal/src/index.rs	Line
alacritty_terminal/src/selection.rs	new	alacritty_terminal/src/selection.rs	new
alacritty_terminal/src/selection.rs	range_block	alacritty_terminal/src/selection.rs	is_empty
alacritty_terminal/src/selection.rs	range_lines	alacritty_terminal/src/term/search.rs	line_search_left
alacritty_terminal/src/selection.rs	range_lines	alacritty_terminal/src/term/search.rs	line_search_right
alacritty_terminal/src/selection.rs	range_semantic	alacritty_terminal/src/term/search.rs	bracket_search
alacritty_terminal/src/selection.rs	range_semantic	alacritty_terminal/src/term/search.rs	semantic_search_left
alacritty_terminal/src/selection.rs	range_semantic	alacritty_terminal/src/term/search.rs	semantic_search_right
alacritty_terminal/src/selection.rs	range_simple	alacritty_terminal/src/index.rs	Column
alacritty_terminal/src/selection.rs	range_simple	alacritty_terminal/src/selection.rs	is_empty
alacritty_terminal/src/selection.rs	rotate	alacritty_terminal/src/grid/mod.rs	bottommost_line
alacritty_terminal/src/selection.rs	rotate	alacritty_terminal/src/grid/mod.rs	last_column
alacritty_terminal/src/selection.rs	rotate	alacritty_terminal/src/index.rs	Column
alacritty_terminal/src/selection.rs	to_range	alacritty_terminal/src/grid/mod.rs	columns
alacritty_terminal/src/selection.rs	to_range	alacritty_terminal/src/grid/mod.rs	topmost_line
alacritty_terminal/src/selection.rs	to_range	alacritty_terminal/src/selection.rs	range_block
alacritty_terminal/src/selection.rs	to_range	alacritty_terminal/src/selection.rs	range_lines
alacritty_terminal/src/selection.rs	to_range	alacritty_terminal/src/selection.rs	range_semantic
alacritty_terminal/src/selection.rs	to_range	alacritty_terminal/src/selection.rs	range_simple
alacritty_terminal/src/selection.rs	to_range	alacritty_terminal/src/term/mod.rs	grid
alacritty_terminal/src/selection.rs	update	alacritty_terminal/src/selection.rs	new
alacritty_terminal/src/sync.rs	lease	/Users/chrishafley/.cargo/registry/src/index.crates.io-1949cf8c6b5b557f/lock_api-0.4.14/src/mutex.rs	lock
alacritty_terminal/src/sync.rs	lock	/Users/chrishafley/.cargo/registry/src/index.crates.io-1949cf8c6b5b557f/lock_api-0.4.14/src/mutex.rs	lock
alacritty_terminal/src/sync.rs	lock_unfair	/Users/chrishafley/.cargo/registry/src/index.crates.io-1949cf8c6b5b557f/lock_api-0.4.14/src/mutex.rs	lock
alacritty_terminal/src/sync.rs	new	/Users/chrishafley/.cargo/registry/src/index.crates.io-1949cf8c6b5b557f/lock_api-0.4.14/src/mutex.rs	new
alacritty_terminal/src/sync.rs	try_lock_unfair	/Users/chrishafley/.cargo/registry/src/index.crates.io-1949cf8c6b5b557f/lock_api-0.4.14/src/mutex.rs	try_lock
alacritty_terminal/src/term/cell.rs	clear_wide	/Users/chrishafley/.cargo/registry/src/index.crates.io-1949cf8c6b5b557f/arrayvec-0.7.6/src/arrayvec.rs	new
alacritty_terminal/src/term/cell.rs	clear_wide	/Users/chrishafley/.cargo/registry/src/index.crates.io-1949cf8c6b5b557f/bitflags-2.9.4/src/lib.rs	remove
alacritty_terminal/src/term/cell.rs	clear_wide	alacritty_terminal/src/term/cell.rs	remove
alacritty_terminal/src/term/cell.rs	default	/Users/chrishafley/.cargo/registry/src/index.crates.io-1949cf8c6b5b557f/bitflags-2.9.4/src/lib.rs	empty
alacritty_terminal/src/term/cell.rs	default	/Users/chrishafley/.cargo/registry/src/index.crates.io-1949cf8c6b5b557f/vte-0.15.0/src/ansi.rs	Named
alacritty_terminal/src/term/cell.rs	default	alacritty_terminal/src/term/cell.rs	empty
alacritty_terminal/src/term/cell.rs	from	alacritty_terminal/src/term/cell.rs	id
alacritty_terminal/src/term/cell.rs	from	alacritty_terminal/src/term/cell.rs	new
alacritty_terminal/src/term/cell.rs	from	alacritty_terminal/src/term/cell.rs	uri
alacritty_terminal/src/term/cell.rs	is_empty	/Users/chrishafley/.cargo/registry/src/index.crates.io-1949cf8c6b5b557f/bitflags-2.9.4/src/lib.rs	intersects
alacritty_terminal/src/term/cell.rs	is_empty	/Users/chrishafley/.cargo/registry/src/index.crates.io-1949cf8c6b5b557f/vte-0.15.0/src/ansi.rs	Named
alacritty_terminal/src/term/cell.rs	is_empty	alacritty_terminal/src/term/cell.rs	intersects
alacritty_terminal/src/term/cell.rs	line_length	alacritty_terminal/src/grid/row.rs	len
alacritty_terminal/src/term/cell.rs	line_length	alacritty_terminal/src/index.rs	Column
alacritty_terminal/src/term/cell.rs	new	alacritty_terminal/src/term/cell.rs	new
alacritty_terminal/src/term/color.rs	default	alacritty_terminal/src/term/color.rs	Colors
alacritty_terminal/src/term/mod.rs	backspace	alacritty_terminal/src/index.rs	Column
alacritty_terminal/src/term/mod.rs	backspace	alacritty_terminal/src/term/mod.rs	damage_line
alacritty_terminal/src/term/mod.rs	bell	alacritty_terminal/src/event.rs	send_event
alacritty_terminal/src/term/mod.rs	carriage_return	alacritty_terminal/src/index.rs	Column
alacritty_terminal/src/term/mod.rs	carriage_return	alacritty_terminal/src/term/mod.rs	damage_line
alacritty_terminal/src/term/mod.rs	clear_line	alacritty_terminal/src/index.rs	Column
alacritty_terminal/src/term/mod.rs	clear_line	alacritty_terminal/src/term/mod.rs	columns
alacritty_terminal/src/term/mod.rs	clear_line	alacritty_terminal/src/term/mod.rs	damage_line
alacritty_terminal/src/term/mod.rs	clear_screen	/Users/chrishafley/.cargo/registry/src/index.crates.io-1949cf8c6b5b557f/bitflags-2.9.4/src/lib.rs	contains
alacritty_terminal/src/term/mod.rs	clear_screen	alacritty_terminal/src/grid/mod.rs	clear_history
alacritty_terminal/src/term/mod.rs	clear_screen	alacritty_terminal/src/grid/mod.rs	clear_viewport
alacritty_terminal/src/term/mod.rs	clear_screen	alacritty_terminal/src/grid/mod.rs	display_offset
alacritty_terminal/src/term/mod.rs	clear_screen	alacritty_terminal/src/grid/mod.rs	history_size
alacritty_terminal/src/term/mod.rs	clear_screen	alacritty_terminal/src/grid/mod.rs	reset_region
alacritty_terminal/src/term/mod.rs	clear_screen	alacritty_terminal/src/index.rs	Column
alacritty_terminal/src/term/mod.rs	clear_screen	alacritty_terminal/src/index.rs	Line
alacritty_terminal/src/term/mod.rs	clear_screen	alacritty_terminal/src/index.rs	grid_clamp
alacritty_terminal/src/term/mod.rs	clear_screen	alacritty_terminal/src/term/mod.rs	columns
alacritty_terminal/src/term/mod.rs	clear_screen	alacritty_terminal/src/term/mod.rs	contains
alacritty_terminal/src/term/mod.rs	clear_screen	alacritty_terminal/src/term/mod.rs	mark_fully_damaged
alacritty_terminal/src/term/mod.rs	clear_screen	alacritty_terminal/src/term/mod.rs	screen_lines
alacritty_terminal/src/term/mod.rs	clear_tabs	alacritty_terminal/src/term/mod.rs	clear_all
alacritty_terminal/src/term/mod.rs	clipboard_load	/Users/chrishafley/.cargo/registry/src/index.crates.io-1949cf8c6b5b557f/base64-0.22.1/src/engine/mod.rs	encode
alacritty_terminal/src/term/mod.rs	clipboard_load	alacritty_terminal/src/event.rs	ClipboardLoad
alacritty_terminal/src/term/mod.rs	clipboard_load	alacritty_terminal/src/event.rs	send_event
alacritty_terminal/src/term/mod.rs	clipboard_store	/Users/chrishafley/.cargo/registry/src/index.crates.io-1949cf8c6b5b557f/base64-0.22.1/src/engine/mod.rs	decode
alacritty_terminal/src/term/mod.rs	clipboard_store	alacritty_terminal/src/event.rs	ClipboardStore
alacritty_terminal/src/term/mod.rs	clipboard_store	alacritty_terminal/src/event.rs	send_event
alacritty_terminal/src/term/mod.rs	columns	alacritty_terminal/src/grid/mod.rs	columns
alacritty_terminal/src/term/mod.rs	cursor_style	/Users/chrishafley/.cargo/registry/src/index.crates.io-1949cf8c6b5b557f/bitflags-2.9.4/src/lib.rs	contains
alacritty_terminal/src/term/mod.rs	cursor_style	alacritty_terminal/src/term/mod.rs	contains
alacritty_terminal/src/term/mod.rs	damage	/Users/chrishafley/.cargo/registry/src/index.crates.io-1949cf8c6b5b557f/bitflags-2.9.4/src/lib.rs	contains
alacritty_terminal/src/term/mod.rs	damage	alacritty_terminal/src/grid/mod.rs	display_offset
alacritty_terminal/src/term/mod.rs	damage	alacritty_terminal/src/index.rs	new
alacritty_terminal/src/term/mod.rs	damage	alacritty_terminal/src/term/mod.rs	Partial
alacritty_terminal/src/term/mod.rs	damage	alacritty_terminal/src/term/mod.rs	contains
alacritty_terminal/src/term/mod.rs	damage	alacritty_terminal/src/term/mod.rs	damage_cursor
alacritty_terminal/src/term/mod.rs	damage	alacritty_terminal/src/term/mod.rs	damage_point
alacritty_terminal/src/term/mod.rs	damage	alacritty_terminal/src/term/mod.rs	grid
alacritty_terminal/src/term/mod.rs	damage	alacritty_terminal/src/term/mod.rs	mark_fully_damaged
alacritty_terminal/src/term/mod.rs	damage	alacritty_terminal/src/term/mod.rs	new
alacritty_terminal/src/term/mod.rs	damage_cursor	alacritty_terminal/src/index.rs	new
alacritty_terminal/src/term/mod.rs	damage_cursor	alacritty_terminal/src/term/mod.rs	damage_point
alacritty_terminal/src/term/mod.rs	damage_point	alacritty_terminal/src/term/mod.rs	damage_line
alacritty_terminal/src/term/mod.rs	decaln	alacritty_terminal/src/term/mod.rs	mark_fully_damaged
alacritty_terminal/src/term/mod.rs	deccolm	alacritty_terminal/src/grid/mod.rs	reset_region
alacritty_terminal/src/term/mod.rs	deccolm	alacritty_terminal/src/term/mod.rs	mark_fully_damaged
alacritty_terminal/src/term/mod.rs	deccolm	alacritty_terminal/src/term/mod.rs	set_scrolling_region
alacritty_terminal/src/term/mod.rs	delete_chars	alacritty_terminal/src/term/mod.rs	columns
alacritty_terminal/src/term/mod.rs	delete_chars	alacritty_terminal/src/term/mod.rs	damage_line
alacritty_terminal/src/term/mod.rs	delete_lines	alacritty_terminal/src/term/mod.rs	screen_lines
alacritty_terminal/src/term/mod.rs	delete_lines	alacritty_terminal/src/term/mod.rs	scroll_up_relative
alacritty_terminal/src/term/mod.rs	device_status	alacritty_terminal/src/event.rs	PtyWrite
alacritty_terminal/src/term/mod.rs	device_status	alacritty_terminal/src/event.rs	send_event
alacritty_terminal/src/term/mod.rs	dynamic_color_sequence	alacritty_terminal/src/event.rs	ColorRequest
alacritty_terminal/src/term/mod.rs	dynamic_color_sequence	alacritty_terminal/src/event.rs	send_event
alacritty_terminal/src/term/mod.rs	erase_chars	alacritty_terminal/src/index.rs	Column
alacritty_terminal/src/term/mod.rs	erase_chars	alacritty_terminal/src/term/mod.rs	columns
alacritty_terminal/src/term/mod.rs	erase_chars	alacritty_terminal/src/term/mod.rs	damage_line
alacritty_terminal/src/term/mod.rs	exit	alacritty_terminal/src/event.rs	send_event
alacritty_terminal/src/term/mod.rs	expand_wide	alacritty_terminal/src/grid/mod.rs	last_column
alacritty_terminal/src/term/mod.rs	expand_wide	alacritty_terminal/src/index.rs	Column
alacritty_terminal/src/term/mod.rs	expand_wide	alacritty_terminal/src/index.rs	sub
alacritty_terminal/src/term/mod.rs	from	/Users/chrishafley/.cargo/registry/src/index.crates.io-1949cf8c6b5b557f/bitflags-2.9.4/src/lib.rs	contains
alacritty_terminal/src/term/mod.rs	from	/Users/chrishafley/.cargo/registry/src/index.crates.io-1949cf8c6b5b557f/bitflags-2.9.4/src/lib.rs	empty
alacritty_terminal/src/term/mod.rs	from	/Users/chrishafley/.cargo/registry/src/index.crates.io-1949cf8c6b5b557f/bitflags-2.9.4/src/lib.rs	set
alacritty_terminal/src/term/mod.rs	from	/Users/chrishafley/.cargo/registry/src/index.crates.io-1949cf8c6b5b557f/vte-0.15.0/src/ansi.rs	contains
alacritty_terminal/src/term/mod.rs	from	alacritty_terminal/src/term/mod.rs	empty
alacritty_terminal/src/term/mod.rs	from	alacritty_terminal/src/term/mod.rs	set
alacritty_terminal/src/term/mod.rs	goto	/Users/chrishafley/.cargo/registry/src/index.crates.io-1949cf8c6b5b557f/bitflags-2.9.4/src/lib.rs	contains
alacritty_terminal/src/term/mod.rs	goto	alacritty_terminal/src/grid/mod.rs	bottommost_line
alacritty_terminal/src/term/mod.rs	goto	alacritty_terminal/src/grid/mod.rs	last_column
alacritty_terminal/src/term/mod.rs	goto	alacritty_terminal/src/index.rs	Column
alacritty_terminal/src/term/mod.rs	goto	alacritty_terminal/src/index.rs	Line
alacritty_terminal/src/term/mod.rs	goto	alacritty_terminal/src/term/mod.rs	contains
alacritty_terminal/src/term/mod.rs	goto	alacritty_terminal/src/term/mod.rs	damage_cursor
alacritty_terminal/src/term/mod.rs	goto_col	alacritty_terminal/src/term/mod.rs	goto
alacritty_terminal/src/term/mod.rs	goto_line	alacritty_terminal/src/term/mod.rs	goto
alacritty_terminal/src/term/mod.rs	identify_terminal	alacritty_terminal/src/event.rs	PtyWrite
alacritty_terminal/src/term/mod.rs	identify_terminal	alacritty_terminal/src/event.rs	send_event
alacritty_terminal/src/term/mod.rs	identify_terminal	alacritty_terminal/src/term/mod.rs	version_number
alacritty_terminal/src/term/mod.rs	input	/Users/chrishafley/.cargo/registry/src/index.crates.io-1949cf8c6b5b557f/bitflags-2.9.4/src/lib.rs	contains
alacritty_terminal/src/term/mod.rs	input	/Users/chrishafley/.cargo/registry/src/index.crates.io-1949cf8c6b5b557f/bitflags-2.9.4/src/lib.rs	insert
alacritty_terminal/src/term/mod.rs	input	/Users/chrishafley/.cargo/registry/src/index.crates.io-1949cf8c6b5b557f/bitflags-2.9.4/src/lib.rs	remove
alacritty_terminal/src/term/mod.rs	input	/Users/chrishafley/.cargo/registry/src/index.crates.io-1949cf8c6b5b557f/unicode-width-0.2.2/src/lib.rs	width
alacritty_terminal/src/term/mod.rs	input	alacritty_terminal/src/term/cell.rs	insert
alacritty_terminal/src/term/mod.rs	input	alacritty_terminal/src/term/cell.rs	remove
alacritty_terminal/src/term/mod.rs	input	alacritty_terminal/src/term/mod.rs	columns
alacritty_terminal/src/term/mod.rs	input	alacritty_terminal/src/term/mod.rs	contains
alacritty_terminal/src/term/mod.rs	input	alacritty_terminal/src/term/mod.rs	wrapline
alacritty_terminal/src/term/mod.rs	input	alacritty_terminal/src/term/mod.rs	write_at_cursor
alacritty_terminal/src/term/mod.rs	insert_blank	alacritty_terminal/src/term/mod.rs	columns
alacritty_terminal/src/term/mod.rs	insert_blank	alacritty_terminal/src/term/mod.rs	damage_line
alacritty_terminal/src/term/mod.rs	insert_blank_lines	alacritty_terminal/src/term/mod.rs	scroll_down_relative
alacritty_terminal/src/term/mod.rs	line_to_string	alacritty_terminal/src/index.rs	Column
alacritty_terminal/src/term/mod.rs	line_to_string	alacritty_terminal/src/term/mod.rs	columns
alacritty_terminal/src/term/mod.rs	linefeed	alacritty_terminal/src/term/mod.rs	damage_cursor
alacritty_terminal/src/term/mod.rs	linefeed	alacritty_terminal/src/term/mod.rs	screen_lines
alacritty_terminal/src/term/mod.rs	linefeed	alacritty_terminal/src/term/mod.rs	scroll_up
alacritty_terminal/src/term/mod.rs	mock_term	alacritty_terminal/src/term/mod.rs	new
alacritty_terminal/src/term/mod.rs	move_backward	alacritty_terminal/src/index.rs	Column
alacritty_terminal/src/term/mod.rs	move_backward	alacritty_terminal/src/term/mod.rs	damage_line
alacritty_terminal/src/term/mod.rs	move_backward_tabs	alacritty_terminal/src/term/mod.rs	damage_line
alacritty_terminal/src/term/mod.rs	move_down	alacritty_terminal/src/term/mod.rs	goto
alacritty_terminal/src/term/mod.rs	move_down_and_cr	alacritty_terminal/src/term/mod.rs	goto
alacritty_terminal/src/term/mod.rs	move_forward	alacritty_terminal/src/grid/mod.rs	last_column
alacritty_terminal/src/term/mod.rs	move_forward	alacritty_terminal/src/term/mod.rs	damage_line
alacritty_terminal/src/term/mod.rs	move_forward_tabs	alacritty_terminal/src/term/mod.rs	columns
alacritty_terminal/src/term/mod.rs	move_forward_tabs	alacritty_terminal/src/term/mod.rs	damage_line
alacritty_terminal/src/term/mod.rs	move_up	alacritty_terminal/src/term/mod.rs	goto
alacritty_terminal/src/term/mod.rs	move_up_and_cr	alacritty_terminal/src/term/mod.rs	goto
alacritty_terminal/src/term/mod.rs	new	/Users/chrishafley/.cargo/registry/src/index.crates.io-1949cf8c6b5b557f/bitflags-2.9.4/src/lib.rs	contains
alacritty_terminal/src/term/mod.rs	new	alacritty_terminal/src/grid/mod.rs	columns
alacritty_terminal/src/term/mod.rs	new	alacritty_terminal/src/grid/mod.rs	display_iter
alacritty_terminal/src/term/mod.rs	new	alacritty_terminal/src/grid/mod.rs	display_offset
alacritty_terminal/src/term/mod.rs	new	alacritty_terminal/src/grid/mod.rs	new
alacritty_terminal/src/term/mod.rs	new	alacritty_terminal/src/grid/mod.rs	screen_lines
alacritty_terminal/src/term/mod.rs	new	alacritty_terminal/src/term/mod.rs	contains
alacritty_terminal/src/term/mod.rs	new	alacritty_terminal/src/term/mod.rs	cursor_style
alacritty_terminal/src/term/mod.rs	new	alacritty_terminal/src/term/mod.rs	grid
alacritty_terminal/src/term/mod.rs	new	alacritty_terminal/src/term/mod.rs	mode
alacritty_terminal/src/term/mod.rs	new	alacritty_terminal/src/term/mod.rs	new
alacritty_terminal/src/term/mod.rs	new	alacritty_terminal/src/term/mod.rs	undamaged
alacritty_terminal/src/term/mod.rs	newline	/Users/chrishafley/.cargo/registry/src/index.crates.io-1949cf8c6b5b557f/bitflags-2.9.4/src/lib.rs	contains
alacritty_terminal/src/term/mod.rs	newline	alacritty_terminal/src/term/mod.rs	carriage_return
alacritty_terminal/src/term/mod.rs	newline	alacritty_terminal/src/term/mod.rs	contains
alacritty_terminal/src/term/mod.rs	newline	alacritty_terminal/src/term/mod.rs	linefeed
alacritty_terminal/src/term/mod.rs	next	alacritty_terminal/src/term/mod.rs	new
alacritty_terminal/src/term/mod.rs	point_to_viewport	alacritty_terminal/src/index.rs	new
alacritty_terminal/src/term/mod.rs	pop_keyboard_modes	alacritty_terminal/src/term/mod.rs	set_keyboard_mode
alacritty_terminal/src/term/mod.rs	pop_title	alacritty_terminal/src/term/mod.rs	set_title
alacritty_terminal/src/term/mod.rs	push_keyboard_mode	alacritty_terminal/src/term/mod.rs	set_keyboard_mode
alacritty_terminal/src/term/mod.rs	put_tab	alacritty_terminal/src/grid/mod.rs	cursor_cell
alacritty_terminal/src/term/mod.rs	put_tab	alacritty_terminal/src/term/mod.rs	columns
alacritty_terminal/src/term/mod.rs	put_tab	alacritty_terminal/src/term/mod.rs	wrapline
alacritty_terminal/src/term/mod.rs	renderable_content	alacritty_terminal/src/term/mod.rs	new
alacritty_terminal/src/term/mod.rs	report_keyboard_mode	alacritty_terminal/src/event.rs	PtyWrite
alacritty_terminal/src/term/mod.rs	report_keyboard_mode	alacritty_terminal/src/event.rs	send_event
alacritty_terminal/src/term/mod.rs	report_mode	/Users/chrishafley/.cargo/registry/src/index.crates.io-1949cf8c6b5b557f/bitflags-2.9.4/src/lib.rs	contains
alacritty_terminal/src/term/mod.rs	report_mode	alacritty_terminal/src/event.rs	PtyWrite
alacritty_terminal/src/term/mod.rs	report_mode	alacritty_terminal/src/event.rs	send_event
alacritty_terminal/src/term/mod.rs	report_mode	alacritty_terminal/src/term/mod.rs	contains
alacritty_terminal/src/term/mod.rs	report_private_mode	/Users/chrishafley/.cargo/registry/src/index.crates.io-1949cf8c6b5b557f/bitflags-2.9.4/src/lib.rs	contains
alacritty_terminal/src/term/mod.rs	report_private_mode	alacritty_terminal/src/event.rs	PtyWrite
alacritty_terminal/src/term/mod.rs	report_private_mode	alacritty_terminal/src/event.rs	send_event
alacritty_terminal/src/term/mod.rs	report_private_mode	alacritty_terminal/src/term/mod.rs	contains
alacritty_terminal/src/term/mod.rs	reset	alacritty_terminal/src/term/mod.rs	undamaged
alacritty_terminal/src/term/mod.rs	reset_color	alacritty_terminal/src/term/mod.rs	mark_fully_damaged
alacritty_terminal/src/term/mod.rs	reset_damage	alacritty_terminal/src/term/mod.rs	columns
alacritty_terminal/src/term/mod.rs	reset_damage	alacritty_terminal/src/term/mod.rs	reset
alacritty_terminal/src/term/mod.rs	reset_state	/Users/chrishafley/.cargo/registry/src/index.crates.io-1949cf8c6b5b557f/bitflags-2.9.4/src/lib.rs	contains
alacritty_terminal/src/term/mod.rs	reset_state	/Users/chrishafley/.cargo/registry/src/index.crates.io-1949cf8c6b5b557f/bitflags-2.9.4/src/lib.rs	insert
alacritty_terminal/src/term/mod.rs	reset_state	alacritty_terminal/src/event.rs	send_event
alacritty_terminal/src/term/mod.rs	reset_state	alacritty_terminal/src/grid/mod.rs	reset
alacritty_terminal/src/term/mod.rs	reset_state	alacritty_terminal/src/term/mod.rs	columns
alacritty_terminal/src/term/mod.rs	reset_state	alacritty_terminal/src/term/mod.rs	contains
alacritty_terminal/src/term/mod.rs	reset_state	alacritty_terminal/src/term/mod.rs	insert
alacritty_terminal/src/term/mod.rs	reset_state	alacritty_terminal/src/term/mod.rs	mark_fully_damaged
alacritty_terminal/src/term/mod.rs	reset_state	alacritty_terminal/src/term/mod.rs	new
alacritty_terminal/src/term/mod.rs	resize	/Users/chrishafley/.cargo/registry/src/index.crates.io-1949cf8c6b5b557f/bitflags-2.9.4/src/lib.rs	contains
alacritty_terminal/src/term/mod.rs	resize	alacritty_terminal/src/grid/mod.rs	bottommost_line
alacritty_terminal/src/term/mod.rs	resize	alacritty_terminal/src/grid/mod.rs	columns
alacritty_terminal/src/term/mod.rs	resize	alacritty_terminal/src/grid/mod.rs	display_offset
alacritty_terminal/src/term/mod.rs	resize	alacritty_terminal/src/grid/mod.rs	history_size
alacritty_terminal/src/term/mod.rs	resize	alacritty_terminal/src/grid/mod.rs	last_column
alacritty_terminal/src/term/mod.rs	resize	alacritty_terminal/src/grid/mod.rs	screen_lines
alacritty_terminal/src/term/mod.rs	resize	alacritty_terminal/src/grid/resize.rs	resize
alacritty_terminal/src/term/mod.rs	resize	alacritty_terminal/src/index.rs	Line
alacritty_terminal/src/term/mod.rs	resize	alacritty_terminal/src/term/mod.rs	columns
alacritty_terminal/src/term/mod.rs	resize	alacritty_terminal/src/term/mod.rs	contains
alacritty_terminal/src/term/mod.rs	resize	alacritty_terminal/src/term/mod.rs	resize
alacritty_terminal/src/term/mod.rs	resize	alacritty_terminal/src/term/mod.rs	screen_lines
alacritty_terminal/src/term/mod.rs	restore_cursor_position	alacritty_terminal/src/term/mod.rs	damage_cursor
alacritty_terminal/src/term/mod.rs	reverse_index	alacritty_terminal/src/index.rs	Line
alacritty_terminal/src/term/mod.rs	reverse_index	alacritty_terminal/src/term/mod.rs	damage_cursor
alacritty_terminal/src/term/mod.rs	reverse_index	alacritty_terminal/src/term/mod.rs	scroll_down
alacritty_terminal/src/term/mod.rs	screen_lines	alacritty_terminal/src/grid/mod.rs	screen_lines
alacritty_terminal/src/term/mod.rs	scroll_display	alacritty_terminal/src/event.rs	send_event
alacritty_terminal/src/term/mod.rs	scroll_display	alacritty_terminal/src/grid/mod.rs	bottommost_line
alacritty_terminal/src/term/mod.rs	scroll_display	alacritty_terminal/src/grid/mod.rs	display_offset
alacritty_terminal/src/term/mod.rs	scroll_display	alacritty_terminal/src/grid/mod.rs	scroll_display
alacritty_terminal/src/term/mod.rs	scroll_display	alacritty_terminal/src/term/mod.rs	grid
alacritty_terminal/src/term/mod.rs	scroll_display	alacritty_terminal/src/term/mod.rs	mark_fully_damaged
alacritty_terminal/src/term/mod.rs	scroll_display	alacritty_terminal/src/term/mod.rs	vi_mode_recompute_selection
alacritty_terminal/src/term/mod.rs	scroll_down	alacritty_terminal/src/term/mod.rs	scroll_down_relative
alacritty_terminal/src/term/mod.rs	scroll_down_relative	alacritty_terminal/src/grid/mod.rs	scroll_down
alacritty_terminal/src/term/mod.rs	scroll_down_relative	alacritty_terminal/src/term/mod.rs	mark_fully_damaged
alacritty_terminal/src/term/mod.rs	scroll_to_point	alacritty_terminal/src/grid/mod.rs	Delta
alacritty_terminal/src/term/mod.rs	scroll_to_point	alacritty_terminal/src/grid/mod.rs	display_offset
alacritty_terminal/src/term/mod.rs	scroll_to_point	alacritty_terminal/src/grid/mod.rs	screen_lines
alacritty_terminal/src/term/mod.rs	scroll_to_point	alacritty_terminal/src/term/mod.rs	scroll_display
alacritty_terminal/src/term/mod.rs	scroll_up	alacritty_terminal/src/term/mod.rs	scroll_up_relative
alacritty_terminal/src/term/mod.rs	scroll_up_relative	alacritty_terminal/src/grid/mod.rs	display_offset
alacritty_terminal/src/term/mod.rs	scroll_up_relative	alacritty_terminal/src/grid/mod.rs	scroll_up
alacritty_terminal/src/term/mod.rs	scroll_up_relative	alacritty_terminal/src/index.rs	Line
alacritty_terminal/src/term/mod.rs	scroll_up_relative	alacritty_terminal/src/term/mod.rs	mark_fully_damaged
alacritty_terminal/src/term/mod.rs	selection_to_string	alacritty_terminal/src/term/mod.rs	bounds_to_string
alacritty_terminal/src/term/mod.rs	selection_to_string	alacritty_terminal/src/term/mod.rs	line_to_string
alacritty_terminal/src/term/mod.rs	set_color	alacritty_terminal/src/term/mod.rs	mark_fully_damaged
alacritty_terminal/src/term/mod.rs	set_cursor_style	alacritty_terminal/src/event.rs	send_event
alacritty_terminal/src/term/mod.rs	set_hyperlink	alacritty_terminal/src/term/cell.rs	set_hyperlink
alacritty_terminal/src/term/mod.rs	set_keyboard_mode	alacritty_terminal/src/term/mod.rs	set_keyboard_mode
alacritty_terminal/src/term/mod.rs	set_keypad_application_mode	/Users/chrishafley/.cargo/registry/src/index.crates.io-1949cf8c6b5b557f/bitflags-2.9.4/src/lib.rs	insert
alacritty_terminal/src/term/mod.rs	set_keypad_application_mode	alacritty_terminal/src/term/mod.rs	insert
alacritty_terminal/src/term/mod.rs	set_mode	/Users/chrishafley/.cargo/registry/src/index.crates.io-1949cf8c6b5b557f/bitflags-2.9.4/src/lib.rs	insert
alacritty_terminal/src/term/mod.rs	set_mode	alacritty_terminal/src/term/mod.rs	insert
alacritty_terminal/src/term/mod.rs	set_options	/Users/chrishafley/.cargo/registry/src/index.crates.io-1949cf8c6b5b557f/bitflags-2.9.4/src/lib.rs	contains
alacritty_terminal/src/term/mod.rs	set_options	/Users/chrishafley/.cargo/registry/src/index.crates.io-1949cf8c6b5b557f/bitflags-2.9.4/src/lib.rs	remove
alacritty_terminal/src/term/mod.rs	set_options	alacritty_terminal/src/event.rs	Title
alacritty_terminal/src/term/mod.rs	set_options	alacritty_terminal/src/event.rs	send_event
alacritty_terminal/src/term/mod.rs	set_options	alacritty_terminal/src/grid/mod.rs	update_history
alacritty_terminal/src/term/mod.rs	set_options	alacritty_terminal/src/term/mod.rs	contains
alacritty_terminal/src/term/mod.rs	set_options	alacritty_terminal/src/term/mod.rs	mark_fully_damaged
alacritty_terminal/src/term/mod.rs	set_options	alacritty_terminal/src/term/mod.rs	remove
alacritty_terminal/src/term/mod.rs	set_private_mode	/Users/chrishafley/.cargo/registry/src/index.crates.io-1949cf8c6b5b557f/bitflags-2.9.4/src/lib.rs	contains
alacritty_terminal/src/term/mod.rs	set_private_mode	/Users/chrishafley/.cargo/registry/src/index.crates.io-1949cf8c6b5b557f/bitflags-2.9.4/src/lib.rs	insert
alacritty_terminal/src/term/mod.rs	set_private_mode	/Users/chrishafley/.cargo/registry/src/index.crates.io-1949cf8c6b5b557f/bitflags-2.9.4/src/lib.rs	remove
alacritty_terminal/src/term/mod.rs	set_private_mode	alacritty_terminal/src/event.rs	send_event
alacritty_terminal/src/term/mod.rs	set_private_mode	alacritty_terminal/src/term/mod.rs	contains
alacritty_terminal/src/term/mod.rs	set_private_mode	alacritty_terminal/src/term/mod.rs	deccolm
alacritty_terminal/src/term/mod.rs	set_private_mode	alacritty_terminal/src/term/mod.rs	goto
alacritty_terminal/src/term/mod.rs	set_private_mode	alacritty_terminal/src/term/mod.rs	insert
alacritty_terminal/src/term/mod.rs	set_private_mode	alacritty_terminal/src/term/mod.rs	remove
alacritty_terminal/src/term/mod.rs	set_private_mode	alacritty_terminal/src/term/mod.rs	swap_alt
alacritty_terminal/src/term/mod.rs	set_scrolling_region	alacritty_terminal/src/index.rs	Line
alacritty_terminal/src/term/mod.rs	set_scrolling_region	alacritty_terminal/src/term/mod.rs	goto
alacritty_terminal/src/term/mod.rs	set_scrolling_region	alacritty_terminal/src/term/mod.rs	screen_lines
alacritty_terminal/src/term/mod.rs	set_title	alacritty_terminal/src/event.rs	Title
alacritty_terminal/src/term/mod.rs	set_title	alacritty_terminal/src/event.rs	send_event
alacritty_terminal/src/term/mod.rs	swap_alt	/Users/chrishafley/.cargo/registry/src/index.crates.io-1949cf8c6b5b557f/bitflags-2.9.4/src/lib.rs	contains
alacritty_terminal/src/term/mod.rs	swap_alt	alacritty_terminal/src/grid/mod.rs	reset_region
alacritty_terminal/src/term/mod.rs	swap_alt	alacritty_terminal/src/term/mod.rs	contains
alacritty_terminal/src/term/mod.rs	swap_alt	alacritty_terminal/src/term/mod.rs	mark_fully_damaged
alacritty_terminal/src/term/mod.rs	swap_alt	alacritty_terminal/src/term/mod.rs	set_keyboard_mode
alacritty_terminal/src/term/mod.rs	terminal_attribute	/Users/chrishafley/.cargo/registry/src/index.crates.io-1949cf8c6b5b557f/bitflags-2.9.4/src/lib.rs	empty
alacritty_terminal/src/term/mod.rs	terminal_attribute	/Users/chrishafley/.cargo/registry/src/index.crates.io-1949cf8c6b5b557f/bitflags-2.9.4/src/lib.rs	insert
alacritty_terminal/src/term/mod.rs	terminal_attribute	/Users/chrishafley/.cargo/registry/src/index.crates.io-1949cf8c6b5b557f/bitflags-2.9.4/src/lib.rs	remove
alacritty_terminal/src/term/mod.rs	terminal_attribute	/Users/chrishafley/.cargo/registry/src/index.crates.io-1949cf8c6b5b557f/vte-0.15.0/src/ansi.rs	Named
alacritty_terminal/src/term/mod.rs	terminal_attribute	alacritty_terminal/src/term/cell.rs	empty
alacritty_terminal/src/term/mod.rs	terminal_attribute	alacritty_terminal/src/term/cell.rs	insert
alacritty_terminal/src/term/mod.rs	terminal_attribute	alacritty_terminal/src/term/cell.rs	remove
alacritty_terminal/src/term/mod.rs	terminal_attribute	alacritty_terminal/src/term/cell.rs	set_underline_color
alacritty_terminal/src/term/mod.rs	text_area_size_chars	alacritty_terminal/src/event.rs	PtyWrite
alacritty_terminal/src/term/mod.rs	text_area_size_chars	alacritty_terminal/src/event.rs	send_event
alacritty_terminal/src/term/mod.rs	text_area_size_pixels	alacritty_terminal/src/event.rs	TextAreaSizeRequest
alacritty_terminal/src/term/mod.rs	text_area_size_pixels	alacritty_terminal/src/event.rs	send_event
alacritty_terminal/src/term/mod.rs	toggle_vi_mode	/Users/chrishafley/.cargo/registry/src/index.crates.io-1949cf8c6b5b557f/bitflags-2.9.4/src/lib.rs	contains
alacritty_terminal/src/term/mod.rs	toggle_vi_mode	alacritty_terminal/src/event.rs	send_event
alacritty_terminal/src/term/mod.rs	toggle_vi_mode	alacritty_terminal/src/grid/mod.rs	bottommost_line
alacritty_terminal/src/term/mod.rs	toggle_vi_mode	alacritty_terminal/src/grid/mod.rs	display_offset
alacritty_terminal/src/term/mod.rs	toggle_vi_mode	alacritty_terminal/src/index.rs	Column
alacritty_terminal/src/term/mod.rs	toggle_vi_mode	alacritty_terminal/src/index.rs	Line
alacritty_terminal/src/term/mod.rs	toggle_vi_mode	alacritty_terminal/src/index.rs	new
alacritty_terminal/src/term/mod.rs	toggle_vi_mode	alacritty_terminal/src/term/mod.rs	contains
alacritty_terminal/src/term/mod.rs	toggle_vi_mode	alacritty_terminal/src/vi_mode.rs	new
alacritty_terminal/src/term/mod.rs	total_lines	alacritty_terminal/src/grid/mod.rs	total_lines
alacritty_terminal/src/term/mod.rs	total_lines	alacritty_terminal/src/term/mod.rs	screen_lines
alacritty_terminal/src/term/mod.rs	unset_keypad_application_mode	/Users/chrishafley/.cargo/registry/src/index.crates.io-1949cf8c6b5b557f/bitflags-2.9.4/src/lib.rs	remove
alacritty_terminal/src/term/mod.rs	unset_keypad_application_mode	alacritty_terminal/src/term/mod.rs	remove
alacritty_terminal/src/term/mod.rs	unset_mode	/Users/chrishafley/.cargo/registry/src/index.crates.io-1949cf8c6b5b557f/bitflags-2.9.4/src/lib.rs	remove
alacritty_terminal/src/term/mod.rs	unset_mode	alacritty_terminal/src/term/mod.rs	mark_fully_damaged
alacritty_terminal/src/term/mod.rs	unset_mode	alacritty_terminal/src/term/mod.rs	remove
alacritty_terminal/src/term/mod.rs	unset_private_mode	/Users/chrishafley/.cargo/registry/src/index.crates.io-1949cf8c6b5b557f/bitflags-2.9.4/src/lib.rs	contains
alacritty_terminal/src/term/mod.rs	unset_private_mode	/Users/chrishafley/.cargo/registry/src/index.crates.io-1949cf8c6b5b557f/bitflags-2.9.4/src/lib.rs	remove
alacritty_terminal/src/term/mod.rs	unset_private_mode	alacritty_terminal/src/event.rs	send_event
alacritty_terminal/src/term/mod.rs	unset_private_mode	alacritty_terminal/src/term/mod.rs	contains
alacritty_terminal/src/term/mod.rs	unset_private_mode	alacritty_terminal/src/term/mod.rs	deccolm
alacritty_terminal/src/term/mod.rs	unset_private_mode	alacritty_terminal/src/term/mod.rs	remove
alacritty_terminal/src/term/mod.rs	unset_private_mode	alacritty_terminal/src/term/mod.rs	swap_alt
alacritty_terminal/src/term/mod.rs	vi_goto_point	alacritty_terminal/src/term/mod.rs	scroll_to_point
alacritty_terminal/src/term/mod.rs	vi_goto_point	alacritty_terminal/src/term/mod.rs	vi_mode_recompute_selection
alacritty_terminal/src/term/mod.rs	vi_mode_recompute_selection	/Users/chrishafley/.cargo/registry/src/index.crates.io-1949cf8c6b5b557f/bitflags-2.9.4/src/lib.rs	contains
alacritty_terminal/src/term/mod.rs	vi_mode_recompute_selection	alacritty_terminal/src/term/mod.rs	contains
alacritty_terminal/src/term/mod.rs	vi_motion	/Users/chrishafley/.cargo/registry/src/index.crates.io-1949cf8c6b5b557f/bitflags-2.9.4/src/lib.rs	contains
alacritty_terminal/src/term/mod.rs	vi_motion	alacritty_terminal/src/term/mod.rs	contains
alacritty_terminal/src/term/mod.rs	vi_motion	alacritty_terminal/src/term/mod.rs	vi_mode_recompute_selection
alacritty_terminal/src/term/mod.rs	vi_motion	alacritty_terminal/src/vi_mode.rs	motion
alacritty_terminal/src/term/mod.rs	viewport_to_point	alacritty_terminal/src/index.rs	Line
alacritty_terminal/src/term/mod.rs	viewport_to_point	alacritty_terminal/src/index.rs	new
alacritty_terminal/src/term/mod.rs	wrapline	/Users/chrishafley/.cargo/registry/src/index.crates.io-1949cf8c6b5b557f/bitflags-2.9.4/src/lib.rs	contains
alacritty_terminal/src/term/mod.rs	wrapline	/Users/chrishafley/.cargo/registry/src/index.crates.io-1949cf8c6b5b557f/bitflags-2.9.4/src/lib.rs	insert
alacritty_terminal/src/term/mod.rs	wrapline	alacritty_terminal/src/grid/mod.rs	cursor_cell
alacritty_terminal/src/term/mod.rs	wrapline	alacritty_terminal/src/index.rs	Column
alacritty_terminal/src/term/mod.rs	wrapline	alacritty_terminal/src/term/cell.rs	insert
alacritty_terminal/src/term/mod.rs	wrapline	alacritty_terminal/src/term/mod.rs	contains
alacritty_terminal/src/term/mod.rs	wrapline	alacritty_terminal/src/term/mod.rs	damage_cursor
alacritty_terminal/src/term/mod.rs	wrapline	alacritty_terminal/src/term/mod.rs	linefeed
alacritty_terminal/src/term/mod.rs	write_at_cursor	/Users/chrishafley/.cargo/registry/src/index.crates.io-1949cf8c6b5b557f/bitflags-2.9.4/src/lib.rs	contains
alacritty_terminal/src/term/mod.rs	write_at_cursor	/Users/chrishafley/.cargo/registry/src/index.crates.io-1949cf8c6b5b557f/bitflags-2.9.4/src/lib.rs	intersects
alacritty_terminal/src/term/mod.rs	write_at_cursor	alacritty_terminal/src/grid/mod.rs	cursor_cell
alacritty_terminal/src/term/mod.rs	write_at_cursor	alacritty_terminal/src/grid/mod.rs	last_column
alacritty_terminal/src/term/mod.rs	write_at_cursor	alacritty_terminal/src/grid/mod.rs	topmost_line
alacritty_terminal/src/term/mod.rs	write_at_cursor	alacritty_terminal/src/term/cell.rs	contains
alacritty_terminal/src/term/mod.rs	write_at_cursor	alacritty_terminal/src/term/cell.rs	intersects
alacritty_terminal/src/term/search.rs	bracket_search	alacritty_terminal/src/grid/mod.rs	iter_from
alacritty_terminal/src/term/search.rs	bracket_search	alacritty_terminal/src/grid/mod.rs	prev
alacritty_terminal/src/term/search.rs	inline_search_left	alacritty_terminal/src/grid/mod.rs	iter_from
alacritty_terminal/src/term/search.rs	inline_search_left	alacritty_terminal/src/grid/mod.rs	prev
alacritty_terminal/src/term/search.rs	inline_search_left	alacritty_terminal/src/grid/mod.rs	topmost_line
alacritty_terminal/src/term/search.rs	inline_search_left	alacritty_terminal/src/term/mod.rs	columns
alacritty_terminal/src/term/search.rs	inline_search_right	alacritty_terminal/src/grid/mod.rs	topmost_line
alacritty_terminal/src/term/search.rs	inline_search_right	alacritty_terminal/src/term/mod.rs	columns
alacritty_terminal/src/term/search.rs	line_search_left	alacritty_terminal/src/grid/mod.rs	last_column
alacritty_terminal/src/term/search.rs	line_search_left	alacritty_terminal/src/grid/mod.rs	topmost_line
alacritty_terminal/src/term/search.rs	line_search_left	alacritty_terminal/src/index.rs	Column
alacritty_terminal/src/term/search.rs	line_search_right	alacritty_terminal/src/grid/mod.rs	last_column
alacritty_terminal/src/term/search.rs	line_search_right	alacritty_terminal/src/term/mod.rs	screen_lines
alacritty_terminal/src/term/search.rs	new	/Users/chrishafley/.cargo/registry/src/index.crates.io-1949cf8c6b5b557f/regex-automata-0.4.11/src/hybrid/dfa.rs	get_cache_capacity
alacritty_terminal/src/term/search.rs	new	/Users/chrishafley/.cargo/registry/src/index.crates.io-1949cf8c6b5b557f/regex-automata-0.4.11/src/hybrid/dfa.rs	match_kind
alacritty_terminal/src/term/search.rs	new	/Users/chrishafley/.cargo/registry/src/index.crates.io-1949cf8c6b5b557f/regex-automata-0.4.11/src/hybrid/dfa.rs	minimum_bytes_per_state
alacritty_terminal/src/term/search.rs	new	/Users/chrishafley/.cargo/registry/src/index.crates.io-1949cf8c6b5b557f/regex-automata-0.4.11/src/hybrid/dfa.rs	minimum_cache_clear_count
alacritty_terminal/src/term/search.rs	new	/Users/chrishafley/.cargo/registry/src/index.crates.io-1949cf8c6b5b557f/regex-automata-0.4.11/src/hybrid/dfa.rs	new
alacritty_terminal/src/term/search.rs	new	/Users/chrishafley/.cargo/registry/src/index.crates.io-1949cf8c6b5b557f/regex-automata-0.4.11/src/nfa/thompson/compiler.rs	new
alacritty_terminal/src/term/search.rs	new	/Users/chrishafley/.cargo/registry/src/index.crates.io-1949cf8c6b5b557f/regex-automata-0.4.11/src/nfa/thompson/compiler.rs	nfa_size_limit
alacritty_terminal/src/term/search.rs	new	/Users/chrishafley/.cargo/registry/src/index.crates.io-1949cf8c6b5b557f/regex-automata-0.4.11/src/nfa/thompson/compiler.rs	reverse
alacritty_terminal/src/term/search.rs	new	/Users/chrishafley/.cargo/registry/src/index.crates.io-1949cf8c6b5b557f/regex-automata-0.4.11/src/util/syntax.rs	case_insensitive
alacritty_terminal/src/term/search.rs	new	/Users/chrishafley/.cargo/registry/src/index.crates.io-1949cf8c6b5b557f/regex-automata-0.4.11/src/util/syntax.rs	new
alacritty_terminal/src/term/search.rs	next	alacritty_terminal/src/term/search.rs	skip
alacritty_terminal/src/term/search.rs	next_match	alacritty_terminal/src/term/search.rs	regex_search_left
alacritty_terminal/src/term/search.rs	next_match	alacritty_terminal/src/term/search.rs	regex_search_right
alacritty_terminal/src/term/search.rs	next_match_left	alacritty_terminal/src/index.rs	Column
alacritty_terminal/src/term/search.rs	next_match_left	alacritty_terminal/src/index.rs	add
alacritty_terminal/src/term/search.rs	next_match_left	alacritty_terminal/src/index.rs	new
alacritty_terminal/src/term/search.rs	next_match_left	alacritty_terminal/src/term/search.rs	line_search_right
alacritty_terminal/src/term/search.rs	next_match_left	alacritty_terminal/src/term/search.rs	match_side
alacritty_terminal/src/term/search.rs	next_match_left	alacritty_terminal/src/term/search.rs	new
alacritty_terminal/src/term/search.rs	next_match_right	alacritty_terminal/src/grid/mod.rs	last_column
alacritty_terminal/src/term/search.rs	next_match_right	alacritty_terminal/src/index.rs	new
alacritty_terminal/src/term/search.rs	next_match_right	alacritty_terminal/src/index.rs	sub
alacritty_terminal/src/term/search.rs	next_match_right	alacritty_terminal/src/term/search.rs	line_search_left
alacritty_terminal/src/term/search.rs	next_match_right	alacritty_terminal/src/term/search.rs	match_side
alacritty_terminal/src/term/search.rs	next_match_right	alacritty_terminal/src/term/search.rs	new
alacritty_terminal/src/term/search.rs	regex_search	alacritty_terminal/src/term/search.rs	regex_search_internal
alacritty_terminal/src/term/search.rs	regex_search_internal	/Users/chrishafley/.cargo/registry/src/index.crates.io-1949cf8c6b5b557f/bitflags-2.9.4/src/lib.rs	contains
alacritty_terminal/src/term/search.rs	regex_search_internal	/Users/chrishafley/.cargo/registry/src/index.crates.io-1949cf8c6b5b557f/regex-automata-0.4.11/src/hybrid/dfa.rs	start_state_forward
alacritty_terminal/src/term/search.rs	regex_search_internal	/Users/chrishafley/.cargo/registry/src/index.crates.io-1949cf8c6b5b557f/regex-automata-0.4.11/src/util/search.rs	anchored
alacritty_terminal/src/term/search.rs	regex_search_internal	/Users/chrishafley/.cargo/registry/src/index.crates.io-1949cf8c6b5b557f/regex-automata-0.4.11/src/util/search.rs	new
alacritty_terminal/src/term/search.rs	regex_search_internal	alacritty_terminal/src/grid/mod.rs	cell
alacritty_terminal/src/term/search.rs	regex_search_internal	alacritty_terminal/src/grid/mod.rs	iter_from
alacritty_terminal/src/term/search.rs	regex_search_internal	alacritty_terminal/src/grid/mod.rs	last_column
alacritty_terminal/src/term/search.rs	regex_search_internal	alacritty_terminal/src/grid/mod.rs	point
alacritty_terminal/src/term/search.rs	regex_search_internal	alacritty_terminal/src/grid/mod.rs	prev
alacritty_terminal/src/term/search.rs	regex_search_internal	alacritty_terminal/src/grid/mod.rs	topmost_line
alacritty_terminal/src/term/search.rs	regex_search_internal	alacritty_terminal/src/index.rs	Column
alacritty_terminal/src/term/search.rs	regex_search_internal	alacritty_terminal/src/index.rs	new
alacritty_terminal/src/term/search.rs	regex_search_internal	alacritty_terminal/src/term/cell.rs	contains
alacritty_terminal/src/term/search.rs	regex_search_internal	alacritty_terminal/src/term/mod.rs	screen_lines
alacritty_terminal/src/term/search.rs	regex_search_internal	alacritty_terminal/src/term/search.rs	skip_fullwidth
alacritty_terminal/src/term/search.rs	search_next	alacritty_terminal/src/term/mod.rs	expand_wide
alacritty_terminal/src/term/search.rs	search_next	alacritty_terminal/src/term/mod.rs	total_lines
alacritty_terminal/src/term/search.rs	search_next	alacritty_terminal/src/term/search.rs	next_match_left
alacritty_terminal/src/term/search.rs	search_next	alacritty_terminal/src/term/search.rs	next_match_right
alacritty_terminal/src/term/search.rs	semantic_search_left	alacritty_terminal/src/grid/mod.rs	iter_from
alacritty_terminal/src/term/search.rs	semantic_search_left	alacritty_terminal/src/term/mod.rs	semantic_escape_chars
alacritty_terminal/src/term/search.rs	semantic_search_left	alacritty_terminal/src/term/search.rs	inline_search_left
alacritty_terminal/src/term/search.rs	semantic_search_right	alacritty_terminal/src/grid/mod.rs	iter_from
alacritty_terminal/src/term/search.rs	semantic_search_right	alacritty_terminal/src/grid/mod.rs	prev
alacritty_terminal/src/term/search.rs	semantic_search_right	alacritty_terminal/src/term/mod.rs	semantic_escape_chars
alacritty_terminal/src/term/search.rs	semantic_search_right	alacritty_terminal/src/term/search.rs	inline_search_right
alacritty_terminal/src/term/search.rs	skip	alacritty_terminal/src/index.rs	add
alacritty_terminal/src/term/search.rs	skip	alacritty_terminal/src/index.rs	sub
alacritty_terminal/src/term/search.rs	skip	alacritty_terminal/src/term/mod.rs	expand_wide
alacritty_terminal/src/term/search.rs	skip_fullwidth	/Users/chrishafley/.cargo/registry/src/index.crates.io-1949cf8c6b5b557f/bitflags-2.9.4/src/lib.rs	contains
alacritty_terminal/src/term/search.rs	skip_fullwidth	alacritty_terminal/src/grid/mod.rs	last_column
alacritty_terminal/src/term/search.rs	skip_fullwidth	alacritty_terminal/src/grid/mod.rs	point
alacritty_terminal/src/term/search.rs	skip_fullwidth	alacritty_terminal/src/grid/mod.rs	prev
alacritty_terminal/src/term/search.rs	skip_fullwidth	alacritty_terminal/src/index.rs	sub
alacritty_terminal/src/term/search.rs	skip_fullwidth	alacritty_terminal/src/term/cell.rs	contains
alacritty_terminal/src/tty/mod.rs	setup_env	alacritty_terminal/src/tty/mod.rs	terminfo_exists
alacritty_terminal/src/tty/mod.rs	terminfo_exists	/Users/chrishafley/.cargo/registry/src/index.crates.io-1949cf8c6b5b557f/home-0.5.11/src/lib.rs	home_dir
alacritty_terminal/src/tty/unix.rs	drop	/Users/chrishafley/.cargo/registry/src/index.crates.io-1949cf8c6b5b557f/libc-0.2.176/src/unix/mod.rs	kill
alacritty_terminal/src/tty/unix.rs	drop	/Users/chrishafley/.cargo/registry/src/index.crates.io-1949cf8c6b5b557f/signal-hook-registry-1.4.6/src/lib.rs	unregister
alacritty_terminal/src/tty/unix.rs	from_env	alacritty_terminal/src/tty/unix.rs	get_pw_entry
alacritty_terminal/src/tty/unix.rs	from_fd	/Users/chrishafley/.cargo/registry/src/index.crates.io-1949cf8c6b5b557f/libc-0.2.176/src/unix/mod.rs	chdir
alacritty_terminal/src/tty/unix.rs	from_fd	/Users/chrishafley/.cargo/registry/src/index.crates.io-1949cf8c6b5b557f/libc-0.2.176/src/unix/mod.rs	close
alacritty_terminal/src/tty/unix.rs	from_fd	/Users/chrishafley/.cargo/registry/src/index.crates.io-1949cf8c6b5b557f/libc-0.2.176/src/unix/mod.rs	setsid
alacritty_terminal/src/tty/unix.rs	from_fd	/Users/chrishafley/.cargo/registry/src/index.crates.io-1949cf8c6b5b557f/libc-0.2.176/src/unix/mod.rs	signal
alacritty_terminal/src/tty/unix.rs	from_fd	/Users/chrishafley/.cargo/registry/src/index.crates.io-1949cf8c6b5b557f/rustix-1.1.2/src/termios/tc.rs	tcgetattr
alacritty_terminal/src/tty/unix.rs	from_fd	/Users/chrishafley/.cargo/registry/src/index.crates.io-1949cf8c6b5b557f/rustix-1.1.2/src/termios/tc.rs	tcsetattr
alacritty_terminal/src/tty/unix.rs	from_fd	alacritty_terminal/src/tty/unix.rs	default_shell_command
alacritty_terminal/src/tty/unix.rs	get_pw_entry	/Users/chrishafley/.cargo/registry/src/index.crates.io-1949cf8c6b5b557f/libc-0.2.176/src/unix/bsd/mod.rs	getpwuid_r
alacritty_terminal/src/tty/unix.rs	get_pw_entry	/Users/chrishafley/.cargo/registry/src/index.crates.io-1949cf8c6b5b557f/libc-0.2.176/src/unix/mod.rs	getuid
alacritty_terminal/src/tty/unix.rs	new	alacritty_terminal/src/tty/unix.rs	from_fd
alacritty_terminal/src/tty/unix.rs	next_child_event	alacritty_terminal/src/tty/mod.rs	Exited
alacritty_terminal/src/tty/unix.rs	on_resize	/Users/chrishafley/.cargo/registry/src/index.crates.io-1949cf8c6b5b557f/libc-0.2.176/src/unix/bsd/mod.rs	ioctl
alacritty_terminal/src/tty/unix.rs	on_resize	alacritty_terminal/src/tty/unix.rs	to_winsize
alacritty_terminal/src/tty/unix.rs	register	/Users/chrishafley/.cargo/registry/src/index.crates.io-1949cf8c6b5b557f/polling-3.11.0/src/lib.rs	readable
alacritty_terminal/src/tty/unix.rs	reregister	/Users/chrishafley/.cargo/registry/src/index.crates.io-1949cf8c6b5b557f/polling-3.11.0/src/lib.rs	readable
alacritty_terminal/src/tty/unix.rs	set_controlling_terminal	/Users/chrishafley/.cargo/registry/src/index.crates.io-1949cf8c6b5b557f/libc-0.2.176/src/unix/bsd/mod.rs	ioctl
alacritty_terminal/src/tty/unix.rs	set_nonblocking	/Users/chrishafley/.cargo/registry/src/index.crates.io-1949cf8c6b5b557f/libc-0.2.176/src/unix/mod.rs	fcntl
alacritty_terminal/src/tty/unix.rs	test_get_pw_entry	alacritty_terminal/src/tty/unix.rs	get_pw_entry
alacritty_terminal/src/vi_mode.rs	advance	alacritty_terminal/src/index.rs	add
alacritty_terminal/src/vi_mode.rs	advance	alacritty_terminal/src/index.rs	sub
alacritty_terminal/src/vi_mode.rs	first_occupied	alacritty_terminal/src/grid/mod.rs	last_column
alacritty_terminal/src/vi_mode.rs	first_occupied	alacritty_terminal/src/index.rs	new
alacritty_terminal/src/vi_mode.rs	first_occupied	alacritty_terminal/src/term/mod.rs	expand_wide
alacritty_terminal/src/vi_mode.rs	first_occupied	alacritty_terminal/src/vi_mode.rs	first_occupied_in_line
alacritty_terminal/src/vi_mode.rs	first_occupied	alacritty_terminal/src/vi_mode.rs	is_wrap
alacritty_terminal/src/vi_mode.rs	first_occupied_in_line	alacritty_terminal/src/index.rs	Column
alacritty_terminal/src/vi_mode.rs	first_occupied_in_line	alacritty_terminal/src/index.rs	new
alacritty_terminal/src/vi_mode.rs	first_occupied_in_line	alacritty_terminal/src/vi_mode.rs	is_space
alacritty_terminal/src/vi_mode.rs	is_boundary	alacritty_terminal/src/grid/mod.rs	bottommost_line
alacritty_terminal/src/vi_mode.rs	is_boundary	alacritty_terminal/src/grid/mod.rs	topmost_line
alacritty_terminal/src/vi_mode.rs	is_boundary	alacritty_terminal/src/term/mod.rs	columns
alacritty_terminal/src/vi_mode.rs	is_space	alacritty_terminal/src/term/mod.rs	grid
alacritty_terminal/src/vi_mode.rs	is_wrap	alacritty_terminal/src/term/mod.rs	grid
alacritty_terminal/src/vi_mode.rs	last	alacritty_terminal/src/grid/mod.rs	last_column
alacritty_terminal/src/vi_mode.rs	last	alacritty_terminal/src/index.rs	new
alacritty_terminal/src/vi_mode.rs	last	alacritty_terminal/src/term/mod.rs	expand_wide
alacritty_terminal/src/vi_mode.rs	last	alacritty_terminal/src/vi_mode.rs	is_wrap
alacritty_terminal/src/vi_mode.rs	last	alacritty_terminal/src/vi_mode.rs	last_occupied_in_line
alacritty_terminal/src/vi_mode.rs	last_occupied_in_line	alacritty_terminal/src/index.rs	Column
alacritty_terminal/src/vi_mode.rs	last_occupied_in_line	alacritty_terminal/src/index.rs	new
alacritty_terminal/src/vi_mode.rs	last_occupied_in_line	alacritty_terminal/src/vi_mode.rs	is_space
alacritty_terminal/src/vi_mode.rs	motion	alacritty_terminal/src/grid/mod.rs	bottommost_line
alacritty_terminal/src/vi_mode.rs	motion	alacritty_terminal/src/grid/mod.rs	display_offset
alacritty_terminal/src/vi_mode.rs	motion	alacritty_terminal/src/grid/mod.rs	last_column
alacritty_terminal/src/vi_mode.rs	motion	alacritty_terminal/src/grid/mod.rs	topmost_line
alacritty_terminal/src/vi_mode.rs	motion	alacritty_terminal/src/index.rs	Column
alacritty_terminal/src/vi_mode.rs	motion	alacritty_terminal/src/index.rs	Line
alacritty_terminal/src/vi_mode.rs	motion	alacritty_terminal/src/index.rs	new
alacritty_terminal/src/vi_mode.rs	motion	alacritty_terminal/src/term/mod.rs	expand_wide
alacritty_terminal/src/vi_mode.rs	motion	alacritty_terminal/src/term/mod.rs	grid
alacritty_terminal/src/vi_mode.rs	motion	alacritty_terminal/src/term/mod.rs	screen_lines
alacritty_terminal/src/vi_mode.rs	motion	alacritty_terminal/src/term/mod.rs	scroll_to_point
alacritty_terminal/src/vi_mode.rs	motion	alacritty_terminal/src/term/search.rs	bracket_search
alacritty_terminal/src/vi_mode.rs	motion	alacritty_terminal/src/vi_mode.rs	first_occupied
alacritty_terminal/src/vi_mode.rs	motion	alacritty_terminal/src/vi_mode.rs	first_occupied_in_line
alacritty_terminal/src/vi_mode.rs	motion	alacritty_terminal/src/vi_mode.rs	is_wrap
alacritty_terminal/src/vi_mode.rs	motion	alacritty_terminal/src/vi_mode.rs	last
alacritty_terminal/src/vi_mode.rs	motion	alacritty_terminal/src/vi_mode.rs	semantic
alacritty_terminal/src/vi_mode.rs	motion	alacritty_terminal/src/vi_mode.rs	word
alacritty_terminal/src/vi_mode.rs	scroll	alacritty_terminal/src/index.rs	new
alacritty_terminal/src/vi_mode.rs	scroll	alacritty_terminal/src/vi_mode.rs	first_occupied_in_line
alacritty_terminal/src/vi_mode.rs	semantic	alacritty_terminal/src/term/mod.rs	expand_wide
alacritty_terminal/src/vi_mode.rs	semantic	alacritty_terminal/src/term/mod.rs	grid
alacritty_terminal/src/vi_mode.rs	semantic	alacritty_terminal/src/term/mod.rs	semantic_escape_chars
alacritty_terminal/src/vi_mode.rs	semantic	alacritty_terminal/src/term/search.rs	semantic_search_left
alacritty_terminal/src/vi_mode.rs	semantic	alacritty_terminal/src/term/search.rs	semantic_search_right
alacritty_terminal/src/vi_mode.rs	semantic	alacritty_terminal/src/vi_mode.rs	advance
alacritty_terminal/src/vi_mode.rs	semantic	alacritty_terminal/src/vi_mode.rs	is_boundary
alacritty_terminal/src/vi_mode.rs	semantic	alacritty_terminal/src/vi_mode.rs	is_space
alacritty_terminal/src/vi_mode.rs	word	alacritty_terminal/src/term/mod.rs	expand_wide
alacritty_terminal/src/vi_mode.rs	word	alacritty_terminal/src/vi_mode.rs	advance
alacritty_terminal/src/vi_mode.rs	word	alacritty_terminal/src/vi_mode.rs	is_boundary
alacritty_terminal/src/vi_mode.rs	word	alacritty_terminal/src/vi_mode.rs	is_space
alacritty_terminal/tests/ref.rs	ref_test	/Users/chrishafley/.cargo/registry/src/index.crates.io-1949cf8c6b5b557f/serde_json-1.0.145/src/de.rs	from_str
alacritty_terminal/tests/ref.rs	ref_test	/Users/chrishafley/.cargo/registry/src/index.crates.io-1949cf8c6b5b557f/vte-0.15.0/src/ansi.rs	advance
alacritty_terminal/tests/ref.rs	ref_test	/Users/chrishafley/.cargo/registry/src/index.crates.io-1949cf8c6b5b557f/vte-0.15.0/src/ansi.rs	new
alacritty_terminal/tests/ref.rs	ref_test	alacritty_terminal/src/term/mod.rs	grid
alacritty_terminal/tests/ref.rs	ref_test	alacritty_terminal/src/term/mod.rs	new
alacritty_terminal/tests/ref.rs	ref_test	alacritty_terminal/tests/ref.rs	read_u8
