clap_bench/benches/complex.rs	build_help	clap_builder/src/builder/command.rs	render_help
clap_bench/benches/complex.rs	fmt	clap_bench/benches/complex.rs	name
clap_bench/benches/complex.rs	main	/Users/chrishafley/.cargo/registry/src/index.crates.io-1949cf8c6b5b557f/divan-0.1.21/src/lib.rs	main
clap_bench/benches/complex.rs	render_help	/Users/chrishafley/.cargo/registry/src/index.crates.io-1949cf8c6b5b557f/divan-0.1.21/src/benchmark/mod.rs	bench_local
clap_bench/benches/complex.rs	render_help	clap_bench/benches/complex.rs	build_help
clap_bench/benches/complex.rs	startup	clap_bench/benches/complex.rs	args
clap_bench/benches/complex.rs	startup	clap_builder/src/builder/command.rs	get_matches_from
clap_bench/benches/empty.rs	build_help	clap_builder/src/builder/command.rs	render_help
clap_bench/benches/empty.rs	main	/Users/chrishafley/.cargo/registry/src/index.crates.io-1949cf8c6b5b557f/divan-0.1.21/src/lib.rs	main
clap_bench/benches/empty.rs	render_help	/Users/chrishafley/.cargo/registry/src/index.crates.io-1949cf8c6b5b557f/divan-0.1.21/src/benchmark/mod.rs	bench_local
clap_bench/benches/empty.rs	render_help	clap_bench/benches/empty.rs	build_help
clap_bench/benches/empty.rs	startup	clap_builder/src/builder/command.rs	get_matches_from
clap_bench/benches/ripgrep.rs	app_long	clap_bench/benches/ripgrep.rs	cmd
clap_bench/benches/ripgrep.rs	app_short	clap_bench/benches/ripgrep.rs	cmd
clap_bench/benches/ripgrep.rs	build_help	clap_builder/src/builder/command.rs	render_help
clap_bench/benches/ripgrep.rs	cmd	clap_builder/src/builder/arg.rs	action
clap_bench/benches/ripgrep.rs	cmd	clap_builder/src/builder/arg.rs	allow_hyphen_values
clap_bench/benches/ripgrep.rs	cmd	clap_builder/src/builder/arg.rs	conflicts_with_all
clap_bench/benches/ripgrep.rs	cmd	clap_builder/src/builder/arg.rs	help
clap_bench/benches/ripgrep.rs	cmd	clap_builder/src/builder/arg.rs	hide_possible_values
clap_bench/benches/ripgrep.rs	cmd	clap_builder/src/builder/arg.rs	long
clap_bench/benches/ripgrep.rs	cmd	clap_builder/src/builder/arg.rs	new
clap_bench/benches/ripgrep.rs	cmd	clap_builder/src/builder/arg.rs	num_args
clap_bench/benches/ripgrep.rs	cmd	clap_builder/src/builder/arg.rs	overrides_with
clap_bench/benches/ripgrep.rs	cmd	clap_builder/src/builder/arg.rs	required_unless_present_any
clap_bench/benches/ripgrep.rs	cmd	clap_builder/src/builder/arg.rs	short
clap_bench/benches/ripgrep.rs	cmd	clap_builder/src/builder/arg.rs	value_name
clap_bench/benches/ripgrep.rs	cmd	clap_builder/src/builder/arg.rs	value_parser
clap_bench/benches/ripgrep.rs	cmd	clap_builder/src/builder/command.rs	about
clap_bench/benches/ripgrep.rs	cmd	clap_builder/src/builder/command.rs	arg
clap_bench/benches/ripgrep.rs	cmd	clap_builder/src/builder/command.rs	author
clap_bench/benches/ripgrep.rs	cmd	clap_builder/src/builder/command.rs	disable_help_flag
clap_bench/benches/ripgrep.rs	cmd	clap_builder/src/builder/command.rs	disable_version_flag
clap_bench/benches/ripgrep.rs	cmd	clap_builder/src/builder/command.rs	help_template
clap_bench/benches/ripgrep.rs	cmd	clap_builder/src/builder/command.rs	max_term_width
clap_bench/benches/ripgrep.rs	cmd	clap_builder/src/builder/command.rs	new
clap_bench/benches/ripgrep.rs	cmd	clap_builder/src/builder/command.rs	override_usage
clap_bench/benches/ripgrep.rs	cmd	clap_builder/src/builder/command.rs	version
clap_bench/benches/ripgrep.rs	complex	clap_bench/benches/ripgrep.rs	app_short
clap_bench/benches/ripgrep.rs	complex	clap_builder/src/builder/command.rs	get_matches_from
clap_bench/benches/ripgrep.rs	long_help	/Users/chrishafley/.cargo/registry/src/index.crates.io-1949cf8c6b5b557f/divan-0.1.21/src/benchmark/mod.rs	bench_local
clap_bench/benches/ripgrep.rs	long_help	clap_bench/benches/ripgrep.rs	app_long
clap_bench/benches/ripgrep.rs	long_help	clap_bench/benches/ripgrep.rs	build_help
clap_bench/benches/ripgrep.rs	main	/Users/chrishafley/.cargo/registry/src/index.crates.io-1949cf8c6b5b557f/divan-0.1.21/src/lib.rs	main
clap_bench/benches/ripgrep.rs	short_help	/Users/chrishafley/.cargo/registry/src/index.crates.io-1949cf8c6b5b557f/divan-0.1.21/src/benchmark/mod.rs	bench_local
clap_bench/benches/ripgrep.rs	short_help	clap_bench/benches/ripgrep.rs	app_short
clap_bench/benches/ripgrep.rs	short_help	clap_bench/benches/ripgrep.rs	build_help
clap_bench/benches/ripgrep.rs	simple	clap_bench/benches/ripgrep.rs	app_short
clap_bench/benches/ripgrep.rs	simple	clap_builder/src/builder/command.rs	get_matches_from
clap_bench/benches/ripgrep.rs	xargs	clap_bench/benches/ripgrep.rs	app_short
clap_bench/benches/ripgrep.rs	xargs	clap_builder/src/builder/command.rs	get_matches_from
clap_bench/benches/rustup.rs	build	clap_bench/benches/rustup.rs	build_cli
clap_bench/benches/rustup.rs	build_cli	clap_builder/src/builder/arg.rs	action
clap_bench/benches/rustup.rs	build_cli	clap_builder/src/builder/arg.rs	help
clap_bench/benches/rustup.rs	build_cli	clap_builder/src/builder/arg.rs	hide
clap_bench/benches/rustup.rs	build_cli	clap_builder/src/builder/arg.rs	long
clap_bench/benches/rustup.rs	build_cli	clap_builder/src/builder/arg.rs	new
clap_bench/benches/rustup.rs	build_cli	clap_builder/src/builder/arg.rs	num_args
clap_bench/benches/rustup.rs	build_cli	clap_builder/src/builder/arg.rs	required
clap_bench/benches/rustup.rs	build_cli	clap_builder/src/builder/arg.rs	short
clap_bench/benches/rustup.rs	build_cli	clap_builder/src/builder/arg.rs	trailing_var_arg
clap_bench/benches/rustup.rs	build_cli	clap_builder/src/builder/arg_group.rs	args
clap_bench/benches/rustup.rs	build_cli	clap_builder/src/builder/arg_group.rs	new
clap_bench/benches/rustup.rs	build_cli	clap_builder/src/builder/command.rs	about
clap_bench/benches/rustup.rs	build_cli	clap_builder/src/builder/command.rs	after_help
clap_bench/benches/rustup.rs	build_cli	clap_builder/src/builder/command.rs	arg
clap_bench/benches/rustup.rs	build_cli	clap_builder/src/builder/command.rs	group
clap_bench/benches/rustup.rs	build_cli	clap_builder/src/builder/command.rs	hide
clap_bench/benches/rustup.rs	build_cli	clap_builder/src/builder/command.rs	new
clap_bench/benches/rustup.rs	build_cli	clap_builder/src/builder/command.rs	subcommand
clap_bench/benches/rustup.rs	build_cli	clap_builder/src/builder/command.rs	version
clap_bench/benches/rustup.rs	empty	clap_bench/benches/rustup.rs	build_cli
clap_bench/benches/rustup.rs	empty	clap_builder/src/builder/command.rs	get_matches_from
clap_bench/benches/rustup.rs	main	/Users/chrishafley/.cargo/registry/src/index.crates.io-1949cf8c6b5b557f/divan-0.1.21/src/lib.rs	main
clap_bench/benches/rustup.rs	sc	clap_bench/benches/rustup.rs	build_cli
clap_bench/benches/rustup.rs	sc	clap_builder/src/builder/command.rs	get_matches_from
clap_bench/benches/simple.rs	build_help	clap_builder/src/builder/command.rs	render_help
clap_bench/benches/simple.rs	flag	clap_builder/src/builder/command.rs	get_matches_from
clap_bench/benches/simple.rs	main	/Users/chrishafley/.cargo/registry/src/index.crates.io-1949cf8c6b5b557f/divan-0.1.21/src/lib.rs	main
clap_bench/benches/simple.rs	opt	clap_builder/src/builder/command.rs	get_matches_from
clap_bench/benches/simple.rs	pos	clap_builder/src/builder/command.rs	get_matches_from
clap_bench/benches/simple.rs	render_help	/Users/chrishafley/.cargo/registry/src/index.crates.io-1949cf8c6b5b557f/divan-0.1.21/src/benchmark/mod.rs	bench_local
clap_bench/benches/simple.rs	render_help	clap_bench/benches/simple.rs	build_help
clap_builder/src/builder/action.rs	default_value_parser	clap_builder/src/builder/value_parser.rs	bool
clap_builder/src/builder/app_settings.rs	bitor	clap_builder/src/builder/app_settings.rs	insert
clap_builder/src/builder/app_settings.rs	is_set	clap_builder/src/builder/app_settings.rs	bit
clap_builder/src/builder/app_settings.rs	set	clap_builder/src/builder/app_settings.rs	bit
clap_builder/src/builder/app_settings.rs	unset	clap_builder/src/builder/app_settings.rs	bit
clap_builder/src/builder/arg.rs	_build	clap_builder/src/builder/action.rs	default_num_args
clap_builder/src/builder/arg.rs	_build	clap_builder/src/builder/arg.rs	get_action
clap_builder/src/builder/arg.rs	_build	clap_builder/src/builder/arg.rs	is_positional
clap_builder/src/builder/arg.rs	_build	clap_builder/src/builder/value_parser.rs	string
clap_builder/src/builder/arg.rs	action	clap_builder/src/builder/resettable.rs	into_option
clap_builder/src/builder/arg.rs	action	clap_builder/src/builder/resettable.rs	into_resettable
clap_builder/src/builder/arg.rs	alias	clap_builder/src/builder/resettable.rs	into_option
clap_builder/src/builder/arg.rs	alias	clap_builder/src/builder/resettable.rs	into_resettable
clap_builder/src/builder/arg.rs	allow_hyphen_values	clap_builder/src/builder/arg.rs	setting
clap_builder/src/builder/arg.rs	allow_hyphen_values	clap_builder/src/builder/arg.rs	unset_setting
clap_builder/src/builder/arg.rs	allow_negative_numbers	clap_builder/src/builder/arg.rs	setting
clap_builder/src/builder/arg.rs	allow_negative_numbers	clap_builder/src/builder/arg.rs	unset_setting
clap_builder/src/builder/arg.rs	cmp	clap_builder/src/builder/arg.rs	get_id
clap_builder/src/builder/arg.rs	conflicts_with	clap_builder/src/builder/resettable.rs	into_option
clap_builder/src/builder/arg.rs	conflicts_with	clap_builder/src/builder/resettable.rs	into_resettable
clap_builder/src/builder/arg.rs	default_missing_value	clap_builder/src/builder/arg.rs	default_missing_values_os
clap_builder/src/builder/arg.rs	default_missing_value	clap_builder/src/builder/resettable.rs	into_option
clap_builder/src/builder/arg.rs	default_missing_value	clap_builder/src/builder/resettable.rs	into_resettable
clap_builder/src/builder/arg.rs	default_missing_value_os	clap_builder/src/builder/arg.rs	default_missing_values_os
clap_builder/src/builder/arg.rs	default_missing_values	clap_builder/src/builder/arg.rs	default_missing_values_os
clap_builder/src/builder/arg.rs	default_value	clap_builder/src/builder/arg.rs	default_values
clap_builder/src/builder/arg.rs	default_value	clap_builder/src/builder/resettable.rs	into_option
clap_builder/src/builder/arg.rs	default_value	clap_builder/src/builder/resettable.rs	into_resettable
clap_builder/src/builder/arg.rs	default_value_if	clap_builder/src/builder/resettable.rs	into_option
clap_builder/src/builder/arg.rs	default_value_if	clap_builder/src/builder/resettable.rs	into_resettable
clap_builder/src/builder/arg.rs	default_value_if_os	clap_builder/src/builder/arg.rs	default_value_if
clap_builder/src/builder/arg.rs	default_value_ifs_os	clap_builder/src/builder/arg.rs	default_value_ifs
clap_builder/src/builder/arg.rs	default_value_os	clap_builder/src/builder/arg.rs	default_values
clap_builder/src/builder/arg.rs	default_values_os	clap_builder/src/builder/arg.rs	default_values
clap_builder/src/builder/arg.rs	display_order	clap_builder/src/builder/resettable.rs	into_option
clap_builder/src/builder/arg.rs	display_order	clap_builder/src/builder/resettable.rs	into_resettable
clap_builder/src/builder/arg.rs	eq	clap_builder/src/builder/arg.rs	get_id
clap_builder/src/builder/arg.rs	exclusive	clap_builder/src/builder/arg.rs	setting
clap_builder/src/builder/arg.rs	exclusive	clap_builder/src/builder/arg.rs	unset_setting
clap_builder/src/builder/arg.rs	fmt	clap_builder/src/builder/arg.rs	stylized
clap_builder/src/builder/arg.rs	fmt	clap_builder/src/builder/styling.rs	plain
clap_builder/src/builder/arg.rs	get_long_and_visible_aliases	clap_builder/src/builder/arg.rs	get_visible_aliases
clap_builder/src/builder/arg.rs	get_min_vals	clap_builder/src/builder/arg.rs	get_num_args
clap_builder/src/builder/arg.rs	get_possible_values	clap_builder/src/builder/arg.rs	get_value_parser
clap_builder/src/builder/arg.rs	get_possible_values	clap_builder/src/builder/arg.rs	is_takes_value_set
clap_builder/src/builder/arg.rs	get_possible_values	clap_builder/src/builder/value_parser.rs	possible_values
clap_builder/src/builder/arg.rs	get_short_and_visible_aliases	clap_builder/src/builder/arg.rs	get_visible_short_aliases
clap_builder/src/builder/arg.rs	get_value_hint	clap_builder/src/builder/arg.rs	get_value_parser
clap_builder/src/builder/arg.rs	get_value_hint	clap_builder/src/builder/arg.rs	is_takes_value_set
clap_builder/src/builder/arg.rs	get_value_hint	clap_builder/src/builder/ext.rs	get
clap_builder/src/builder/arg.rs	get_value_hint	clap_builder/src/builder/value_parser.rs	type_id
clap_builder/src/builder/arg.rs	get_value_hint	clap_builder/src/util/any_value.rs	of
clap_builder/src/builder/arg.rs	get_value_parser	clap_builder/src/builder/value_parser.rs	string
clap_builder/src/builder/arg.rs	global	clap_builder/src/builder/arg.rs	setting
clap_builder/src/builder/arg.rs	global	clap_builder/src/builder/arg.rs	unset_setting
clap_builder/src/builder/arg.rs	group	clap_builder/src/builder/resettable.rs	into_option
clap_builder/src/builder/arg.rs	group	clap_builder/src/builder/resettable.rs	into_resettable
clap_builder/src/builder/arg.rs	help	clap_builder/src/builder/resettable.rs	into_option
clap_builder/src/builder/arg.rs	help	clap_builder/src/builder/resettable.rs	into_resettable
clap_builder/src/builder/arg.rs	help_heading	clap_builder/src/builder/resettable.rs	into_option
clap_builder/src/builder/arg.rs	help_heading	clap_builder/src/builder/resettable.rs	into_resettable
clap_builder/src/builder/arg.rs	hide	clap_builder/src/builder/arg.rs	setting
clap_builder/src/builder/arg.rs	hide	clap_builder/src/builder/arg.rs	unset_setting
clap_builder/src/builder/arg.rs	hide_default_value	clap_builder/src/builder/arg.rs	setting
clap_builder/src/builder/arg.rs	hide_default_value	clap_builder/src/builder/arg.rs	unset_setting
clap_builder/src/builder/arg.rs	hide_long_help	clap_builder/src/builder/arg.rs	setting
clap_builder/src/builder/arg.rs	hide_long_help	clap_builder/src/builder/arg.rs	unset_setting
clap_builder/src/builder/arg.rs	hide_possible_values	clap_builder/src/builder/arg.rs	setting
clap_builder/src/builder/arg.rs	hide_possible_values	clap_builder/src/builder/arg.rs	unset_setting
clap_builder/src/builder/arg.rs	hide_short_help	clap_builder/src/builder/arg.rs	setting
clap_builder/src/builder/arg.rs	hide_short_help	clap_builder/src/builder/arg.rs	unset_setting
clap_builder/src/builder/arg.rs	ignore_case	clap_builder/src/builder/arg.rs	setting
clap_builder/src/builder/arg.rs	ignore_case	clap_builder/src/builder/arg.rs	unset_setting
clap_builder/src/builder/arg.rs	index	clap_builder/src/builder/resettable.rs	into_option
clap_builder/src/builder/arg.rs	index	clap_builder/src/builder/resettable.rs	into_resettable
clap_builder/src/builder/arg.rs	is_allow_hyphen_values_set	clap_builder/src/builder/arg.rs	is_set
clap_builder/src/builder/arg.rs	is_allow_negative_numbers_set	clap_builder/src/builder/arg.rs	is_set
clap_builder/src/builder/arg.rs	is_exclusive_set	clap_builder/src/builder/arg.rs	is_set
clap_builder/src/builder/arg.rs	is_global_set	clap_builder/src/builder/arg.rs	is_set
clap_builder/src/builder/arg.rs	is_hide_default_value_set	clap_builder/src/builder/arg.rs	is_set
clap_builder/src/builder/arg.rs	is_hide_long_help_set	clap_builder/src/builder/arg.rs	is_set
clap_builder/src/builder/arg.rs	is_hide_possible_values_set	clap_builder/src/builder/arg.rs	is_set
clap_builder/src/builder/arg.rs	is_hide_set	clap_builder/src/builder/arg.rs	is_set
clap_builder/src/builder/arg.rs	is_hide_short_help_set	clap_builder/src/builder/arg.rs	is_set
clap_builder/src/builder/arg.rs	is_ignore_case_set	clap_builder/src/builder/arg.rs	is_set
clap_builder/src/builder/arg.rs	is_last_set	clap_builder/src/builder/arg.rs	is_set
clap_builder/src/builder/arg.rs	is_multiple	clap_builder/src/builder/arg.rs	is_multiple_values_set
clap_builder/src/builder/arg.rs	is_multiple_values_set	clap_builder/src/builder/arg.rs	get_num_args
clap_builder/src/builder/arg.rs	is_next_line_help_set	clap_builder/src/builder/arg.rs	is_set
clap_builder/src/builder/arg.rs	is_positional	clap_builder/src/builder/arg.rs	get_long
clap_builder/src/builder/arg.rs	is_positional	clap_builder/src/builder/arg.rs	get_short
clap_builder/src/builder/arg.rs	is_require_equals_set	clap_builder/src/builder/arg.rs	is_set
clap_builder/src/builder/arg.rs	is_required_set	clap_builder/src/builder/arg.rs	is_set
clap_builder/src/builder/arg.rs	is_set	clap_builder/src/builder/arg_settings.rs	is_set
clap_builder/src/builder/arg.rs	is_takes_value_set	clap_builder/src/builder/arg.rs	get_num_args
clap_builder/src/builder/arg.rs	is_trailing_var_arg_set	clap_builder/src/builder/arg.rs	is_set
clap_builder/src/builder/arg.rs	last	clap_builder/src/builder/arg.rs	setting
clap_builder/src/builder/arg.rs	last	clap_builder/src/builder/arg.rs	unset_setting
clap_builder/src/builder/arg.rs	long	clap_builder/src/builder/resettable.rs	into_option
clap_builder/src/builder/arg.rs	long	clap_builder/src/builder/resettable.rs	into_resettable
clap_builder/src/builder/arg.rs	long_help	clap_builder/src/builder/resettable.rs	into_option
clap_builder/src/builder/arg.rs	long_help	clap_builder/src/builder/resettable.rs	into_resettable
clap_builder/src/builder/arg.rs	name_no_brackets	clap_builder/src/builder/arg.rs	get_id
clap_builder/src/builder/arg.rs	name_no_brackets	clap_builder/src/util/id.rs	as_str
clap_builder/src/builder/arg.rs	next_line_help	clap_builder/src/builder/arg.rs	setting
clap_builder/src/builder/arg.rs	next_line_help	clap_builder/src/builder/arg.rs	unset_setting
clap_builder/src/builder/arg.rs	num_args	clap_builder/src/builder/resettable.rs	into_option
clap_builder/src/builder/arg.rs	num_args	clap_builder/src/builder/resettable.rs	into_resettable
clap_builder/src/builder/arg.rs	number_of_values	clap_builder/src/builder/arg.rs	num_args
clap_builder/src/builder/arg.rs	overrides_with	clap_builder/src/builder/resettable.rs	into_option
clap_builder/src/builder/arg.rs	overrides_with	clap_builder/src/builder/resettable.rs	into_resettable
clap_builder/src/builder/arg.rs	raw	clap_builder/src/builder/arg.rs	allow_hyphen_values
clap_builder/src/builder/arg.rs	raw	clap_builder/src/builder/arg.rs	last
clap_builder/src/builder/arg.rs	render_arg_val	clap_builder/src/builder/arg.rs	get_num_args
clap_builder/src/builder/arg.rs	render_arg_val	clap_builder/src/builder/arg.rs	is_positional
clap_builder/src/builder/arg.rs	require_equals	clap_builder/src/builder/arg.rs	setting
clap_builder/src/builder/arg.rs	require_equals	clap_builder/src/builder/arg.rs	unset_setting
clap_builder/src/builder/arg.rs	required	clap_builder/src/builder/arg.rs	setting
clap_builder/src/builder/arg.rs	required	clap_builder/src/builder/arg.rs	unset_setting
clap_builder/src/builder/arg.rs	required_unless_present	clap_builder/src/builder/resettable.rs	into_option
clap_builder/src/builder/arg.rs	required_unless_present	clap_builder/src/builder/resettable.rs	into_resettable
clap_builder/src/builder/arg.rs	requires	clap_builder/src/builder/resettable.rs	into_option
clap_builder/src/builder/arg.rs	requires	clap_builder/src/builder/resettable.rs	into_resettable
clap_builder/src/builder/arg.rs	requires_all	clap_builder/src/builder/arg.rs	requires_ifs
clap_builder/src/builder/arg.rs	setting	clap_builder/src/builder/arg_settings.rs	set
clap_builder/src/builder/arg.rs	short	clap_builder/src/builder/resettable.rs	into_option
clap_builder/src/builder/arg.rs	short	clap_builder/src/builder/resettable.rs	into_resettable
clap_builder/src/builder/arg.rs	short_alias	clap_builder/src/builder/resettable.rs	into_option
clap_builder/src/builder/arg.rs	short_alias	clap_builder/src/builder/resettable.rs	into_resettable
clap_builder/src/builder/arg.rs	stylize_arg_suffix	clap_builder/src/builder/arg.rs	get_min_vals
clap_builder/src/builder/arg.rs	stylize_arg_suffix	clap_builder/src/builder/arg.rs	is_positional
clap_builder/src/builder/arg.rs	stylize_arg_suffix	clap_builder/src/builder/arg.rs	is_require_equals_set
clap_builder/src/builder/arg.rs	stylize_arg_suffix	clap_builder/src/builder/arg.rs	is_required_set
clap_builder/src/builder/arg.rs	stylize_arg_suffix	clap_builder/src/builder/arg.rs	is_takes_value_set
clap_builder/src/builder/arg.rs	stylize_arg_suffix	clap_builder/src/builder/arg.rs	render_arg_val
clap_builder/src/builder/arg.rs	stylize_arg_suffix	clap_builder/src/builder/styled_str.rs	new
clap_builder/src/builder/arg.rs	stylize_arg_suffix	clap_builder/src/builder/styling.rs	get_literal
clap_builder/src/builder/arg.rs	stylize_arg_suffix	clap_builder/src/builder/styling.rs	get_placeholder
clap_builder/src/builder/arg.rs	stylized	clap_builder/src/builder/arg.rs	get_long
clap_builder/src/builder/arg.rs	stylized	clap_builder/src/builder/arg.rs	get_short
clap_builder/src/builder/arg.rs	stylized	clap_builder/src/builder/arg.rs	stylize_arg_suffix
clap_builder/src/builder/arg.rs	stylized	clap_builder/src/builder/styled_str.rs	new
clap_builder/src/builder/arg.rs	stylized	clap_builder/src/builder/styled_str.rs	push_styled
clap_builder/src/builder/arg.rs	stylized	clap_builder/src/builder/styling.rs	get_literal
clap_builder/src/builder/arg.rs	trailing_var_arg	clap_builder/src/builder/arg.rs	setting
clap_builder/src/builder/arg.rs	trailing_var_arg	clap_builder/src/builder/arg.rs	unset_setting
clap_builder/src/builder/arg.rs	unset_setting	clap_builder/src/builder/arg_settings.rs	unset
clap_builder/src/builder/arg.rs	value_delimiter	clap_builder/src/builder/resettable.rs	into_option
clap_builder/src/builder/arg.rs	value_delimiter	clap_builder/src/builder/resettable.rs	into_resettable
clap_builder/src/builder/arg.rs	value_hint	clap_builder/src/builder/ext.rs	remove
clap_builder/src/builder/arg.rs	value_hint	clap_builder/src/builder/ext.rs	set
clap_builder/src/builder/arg.rs	value_hint	clap_builder/src/builder/resettable.rs	into_option
clap_builder/src/builder/arg.rs	value_hint	clap_builder/src/builder/resettable.rs	into_resettable
clap_builder/src/builder/arg.rs	value_name	clap_builder/src/builder/arg.rs	value_names
clap_builder/src/builder/arg.rs	value_name	clap_builder/src/builder/resettable.rs	into_option
clap_builder/src/builder/arg.rs	value_name	clap_builder/src/builder/resettable.rs	into_resettable
clap_builder/src/builder/arg.rs	value_parser	clap_builder/src/builder/resettable.rs	into_option
clap_builder/src/builder/arg.rs	value_parser	clap_builder/src/builder/resettable.rs	into_resettable
clap_builder/src/builder/arg.rs	value_terminator	clap_builder/src/builder/resettable.rs	into_option
clap_builder/src/builder/arg.rs	value_terminator	clap_builder/src/builder/resettable.rs	into_resettable
clap_builder/src/builder/arg.rs	visible_alias	clap_builder/src/builder/resettable.rs	into_option
clap_builder/src/builder/arg.rs	visible_alias	clap_builder/src/builder/resettable.rs	into_resettable
clap_builder/src/builder/arg.rs	visible_short_alias	clap_builder/src/builder/resettable.rs	into_option
clap_builder/src/builder/arg.rs	visible_short_alias	clap_builder/src/builder/resettable.rs	into_resettable
clap_builder/src/builder/arg_group.rs	arg	clap_builder/src/builder/resettable.rs	into_option
clap_builder/src/builder/arg_group.rs	arg	clap_builder/src/builder/resettable.rs	into_resettable
clap_builder/src/builder/arg_group.rs	conflicts_with	clap_builder/src/builder/resettable.rs	into_option
clap_builder/src/builder/arg_group.rs	conflicts_with	clap_builder/src/builder/resettable.rs	into_resettable
clap_builder/src/builder/arg_group.rs	requires	clap_builder/src/builder/resettable.rs	into_option
clap_builder/src/builder/arg_group.rs	requires	clap_builder/src/builder/resettable.rs	into_resettable
clap_builder/src/builder/arg_predicate.rs	from	clap_builder/src/builder/arg_predicate.rs	Equals
clap_builder/src/builder/arg_settings.rs	bitor	clap_builder/src/builder/arg_settings.rs	insert
clap_builder/src/builder/arg_settings.rs	is_set	clap_builder/src/builder/arg_settings.rs	bit
clap_builder/src/builder/arg_settings.rs	set	clap_builder/src/builder/arg_settings.rs	bit
clap_builder/src/builder/arg_settings.rs	unset	clap_builder/src/builder/arg_settings.rs	bit
clap_builder/src/builder/command.rs	_build_bin_names_internal	clap_builder/src/builder/command.rs	is_args_conflicts_with_subcommands_set
clap_builder/src/builder/command.rs	_build_bin_names_internal	clap_builder/src/builder/command.rs	is_multicall_set
clap_builder/src/builder/command.rs	_build_bin_names_internal	clap_builder/src/builder/command.rs	is_set
clap_builder/src/builder/command.rs	_build_bin_names_internal	clap_builder/src/builder/command.rs	is_subcommand_negates_reqs_set
clap_builder/src/builder/command.rs	_build_bin_names_internal	clap_builder/src/builder/command.rs	set
clap_builder/src/builder/command.rs	_build_bin_names_internal	clap_builder/src/output/usage.rs	get_required_usage_from
clap_builder/src/builder/command.rs	_build_bin_names_internal	clap_builder/src/output/usage.rs	new
clap_builder/src/builder/command.rs	_build_recursive	clap_builder/src/builder/command.rs	_build_self
clap_builder/src/builder/command.rs	_build_self	clap_builder/src/builder/app_settings.rs	is_set
clap_builder/src/builder/command.rs	_build_self	clap_builder/src/builder/app_settings.rs	set
clap_builder/src/builder/command.rs	_build_self	clap_builder/src/builder/command.rs	_check_help_and_version
clap_builder/src/builder/command.rs	_build_self	clap_builder/src/builder/command.rs	_propagate
clap_builder/src/builder/command.rs	_build_self	clap_builder/src/builder/command.rs	_propagate_global_args
clap_builder/src/builder/command.rs	_build_self	clap_builder/src/builder/command.rs	get_keymap
clap_builder/src/builder/command.rs	_build_self	clap_builder/src/builder/command.rs	get_override_help
clap_builder/src/builder/command.rs	_build_self	clap_builder/src/builder/command.rs	has_subcommands
clap_builder/src/builder/command.rs	_build_self	clap_builder/src/builder/command.rs	is_allow_hyphen_values_set
clap_builder/src/builder/command.rs	_build_self	clap_builder/src/builder/command.rs	is_allow_negative_numbers_set
clap_builder/src/builder/command.rs	_build_self	clap_builder/src/builder/command.rs	is_multicall_set
clap_builder/src/builder/command.rs	_build_self	clap_builder/src/builder/command.rs	is_set
clap_builder/src/builder/command.rs	_build_self	clap_builder/src/builder/command.rs	is_trailing_var_arg_set
clap_builder/src/builder/command.rs	_build_self	clap_builder/src/mkeymap.rs	_build
clap_builder/src/builder/command.rs	_build_self	clap_builder/src/mkeymap.rs	keys
clap_builder/src/builder/command.rs	_build_subcommand	clap_builder/src/builder/command.rs	is_args_conflicts_with_subcommands_set
clap_builder/src/builder/command.rs	_build_subcommand	clap_builder/src/builder/command.rs	is_multicall_set
clap_builder/src/builder/command.rs	_build_subcommand	clap_builder/src/builder/command.rs	is_subcommand_negates_reqs_set
clap_builder/src/builder/command.rs	_build_subcommand	clap_builder/src/output/usage.rs	get_required_usage_from
clap_builder/src/builder/command.rs	_build_subcommand	clap_builder/src/output/usage.rs	new
clap_builder/src/builder/command.rs	_check_help_and_version	clap_builder/src/builder/arg.rs	action
clap_builder/src/builder/command.rs	_check_help_and_version	clap_builder/src/builder/arg.rs	help
clap_builder/src/builder/command.rs	_check_help_and_version	clap_builder/src/builder/arg.rs	long
clap_builder/src/builder/command.rs	_check_help_and_version	clap_builder/src/builder/arg.rs	long_help
clap_builder/src/builder/command.rs	_check_help_and_version	clap_builder/src/builder/arg.rs	new
clap_builder/src/builder/command.rs	_check_help_and_version	clap_builder/src/builder/arg.rs	num_args
clap_builder/src/builder/command.rs	_check_help_and_version	clap_builder/src/builder/arg.rs	short
clap_builder/src/builder/command.rs	_check_help_and_version	clap_builder/src/builder/arg.rs	value_name
clap_builder/src/builder/command.rs	_check_help_and_version	clap_builder/src/builder/command.rs	_propagate_subcommand
clap_builder/src/builder/command.rs	_check_help_and_version	clap_builder/src/builder/command.rs	about
clap_builder/src/builder/command.rs	_check_help_and_version	clap_builder/src/builder/command.rs	arg
clap_builder/src/builder/command.rs	_check_help_and_version	clap_builder/src/builder/command.rs	get_subcommands
clap_builder/src/builder/command.rs	_check_help_and_version	clap_builder/src/builder/command.rs	global_setting
clap_builder/src/builder/command.rs	_check_help_and_version	clap_builder/src/builder/command.rs	is_disable_help_flag_set
clap_builder/src/builder/command.rs	_check_help_and_version	clap_builder/src/builder/command.rs	is_disable_version_flag_set
clap_builder/src/builder/command.rs	_check_help_and_version	clap_builder/src/builder/command.rs	is_set
clap_builder/src/builder/command.rs	_check_help_and_version	clap_builder/src/builder/command.rs	long_help_exists_
clap_builder/src/builder/command.rs	_check_help_and_version	clap_builder/src/builder/command.rs	new
clap_builder/src/builder/command.rs	_check_help_and_version	clap_builder/src/builder/command.rs	setting
clap_builder/src/builder/command.rs	_check_help_and_version	clap_builder/src/builder/command.rs	subcommand
clap_builder/src/builder/command.rs	_check_help_and_version	clap_builder/src/builder/command.rs	subcommands
clap_builder/src/builder/command.rs	_check_help_and_version	clap_builder/src/builder/command.rs	unset_global_setting
clap_builder/src/builder/command.rs	_check_help_and_version	clap_builder/src/mkeymap.rs	push
clap_builder/src/builder/command.rs	_copy_subtree_for_help	clap_builder/src/builder/command.rs	about
clap_builder/src/builder/command.rs	_copy_subtree_for_help	clap_builder/src/builder/command.rs	get_about
clap_builder/src/builder/command.rs	_copy_subtree_for_help	clap_builder/src/builder/command.rs	get_subcommands
clap_builder/src/builder/command.rs	_copy_subtree_for_help	clap_builder/src/builder/command.rs	global_setting
clap_builder/src/builder/command.rs	_copy_subtree_for_help	clap_builder/src/builder/command.rs	hide
clap_builder/src/builder/command.rs	_copy_subtree_for_help	clap_builder/src/builder/command.rs	is_hide_set
clap_builder/src/builder/command.rs	_copy_subtree_for_help	clap_builder/src/builder/command.rs	new
clap_builder/src/builder/command.rs	_copy_subtree_for_help	clap_builder/src/builder/command.rs	subcommands
clap_builder/src/builder/command.rs	_do_parse	clap_builder/src/builder/command.rs	_build_self
clap_builder/src/builder/command.rs	_do_parse	clap_builder/src/builder/command.rs	get_used_global_args
clap_builder/src/builder/command.rs	_do_parse	clap_builder/src/builder/command.rs	is_set
clap_builder/src/builder/command.rs	_do_parse	clap_builder/src/parser/arg_matcher.rs	into_inner
clap_builder/src/builder/command.rs	_do_parse	clap_builder/src/parser/arg_matcher.rs	new
clap_builder/src/builder/command.rs	_do_parse	clap_builder/src/parser/arg_matcher.rs	propagate_globals
clap_builder/src/builder/command.rs	_do_parse	clap_builder/src/parser/parser.rs	get_matches_with
clap_builder/src/builder/command.rs	_do_parse	clap_builder/src/parser/parser.rs	new
clap_builder/src/builder/command.rs	_panic_on_missing_help	clap_builder/src/builder/command.rs	is_set
clap_builder/src/builder/command.rs	_panic_on_missing_help	clap_builder/src/mkeymap.rs	args
clap_builder/src/builder/command.rs	_propagate_global_args	clap_builder/src/builder/command.rs	is_disable_help_subcommand_set
clap_builder/src/builder/command.rs	_propagate_subcommand	clap_builder/src/builder/app_settings.rs	is_set
clap_builder/src/builder/command.rs	_propagate_subcommand	clap_builder/src/builder/ext.rs	update
clap_builder/src/builder/command.rs	_render_version	clap_builder/src/builder/command.rs	get_display_name
clap_builder/src/builder/command.rs	_render_version	clap_builder/src/builder/command.rs	get_name
clap_builder/src/builder/command.rs	about	clap_builder/src/builder/resettable.rs	into_option
clap_builder/src/builder/command.rs	about	clap_builder/src/builder/resettable.rs	into_resettable
clap_builder/src/builder/command.rs	after_help	clap_builder/src/builder/resettable.rs	into_option
clap_builder/src/builder/command.rs	after_help	clap_builder/src/builder/resettable.rs	into_resettable
clap_builder/src/builder/command.rs	after_long_help	clap_builder/src/builder/resettable.rs	into_option
clap_builder/src/builder/command.rs	after_long_help	clap_builder/src/builder/resettable.rs	into_resettable
clap_builder/src/builder/command.rs	alias	clap_builder/src/builder/resettable.rs	into_option
clap_builder/src/builder/command.rs	alias	clap_builder/src/builder/resettable.rs	into_resettable
clap_builder/src/builder/command.rs	aliases_to	clap_builder/src/builder/command.rs	get_all_aliases
clap_builder/src/builder/command.rs	aliases_to	clap_builder/src/builder/command.rs	get_name
clap_builder/src/builder/command.rs	all_subcommand_names	clap_builder/src/builder/command.rs	get_subcommands
clap_builder/src/builder/command.rs	allow_external_subcommands	clap_builder/src/builder/command.rs	setting
clap_builder/src/builder/command.rs	allow_external_subcommands	clap_builder/src/builder/command.rs	unset_setting
clap_builder/src/builder/command.rs	allow_hyphen_values	clap_builder/src/builder/command.rs	setting
clap_builder/src/builder/command.rs	allow_hyphen_values	clap_builder/src/builder/command.rs	unset_setting
clap_builder/src/builder/command.rs	allow_missing_positional	clap_builder/src/builder/command.rs	setting
clap_builder/src/builder/command.rs	allow_missing_positional	clap_builder/src/builder/command.rs	unset_setting
clap_builder/src/builder/command.rs	allow_negative_numbers	clap_builder/src/builder/command.rs	setting
clap_builder/src/builder/command.rs	allow_negative_numbers	clap_builder/src/builder/command.rs	unset_setting
clap_builder/src/builder/command.rs	arg	clap_builder/src/builder/command.rs	arg_internal
clap_builder/src/builder/command.rs	arg_internal	clap_builder/src/builder/arg.rs	is_positional
clap_builder/src/builder/command.rs	arg_internal	clap_builder/src/mkeymap.rs	push
clap_builder/src/builder/command.rs	arg_required_else_help	clap_builder/src/builder/command.rs	setting
clap_builder/src/builder/command.rs	arg_required_else_help	clap_builder/src/builder/command.rs	unset_setting
clap_builder/src/builder/command.rs	args_conflicts_with_subcommands	clap_builder/src/builder/command.rs	setting
clap_builder/src/builder/command.rs	args_conflicts_with_subcommands	clap_builder/src/builder/command.rs	unset_setting
clap_builder/src/builder/command.rs	args_override_self	clap_builder/src/builder/command.rs	global_setting
clap_builder/src/builder/command.rs	args_override_self	clap_builder/src/builder/command.rs	unset_global_setting
clap_builder/src/builder/command.rs	author	clap_builder/src/builder/resettable.rs	into_option
clap_builder/src/builder/command.rs	author	clap_builder/src/builder/resettable.rs	into_resettable
clap_builder/src/builder/command.rs	before_help	clap_builder/src/builder/resettable.rs	into_option
clap_builder/src/builder/command.rs	before_help	clap_builder/src/builder/resettable.rs	into_resettable
clap_builder/src/builder/command.rs	before_long_help	clap_builder/src/builder/resettable.rs	into_option
clap_builder/src/builder/command.rs	before_long_help	clap_builder/src/builder/resettable.rs	into_resettable
clap_builder/src/builder/command.rs	bin_name	clap_builder/src/builder/resettable.rs	into_resettable
clap_builder/src/builder/command.rs	build	clap_builder/src/builder/command.rs	_build_bin_names_internal
clap_builder/src/builder/command.rs	build	clap_builder/src/builder/command.rs	_build_recursive
clap_builder/src/builder/command.rs	color	clap_builder/src/builder/command.rs	global_setting
clap_builder/src/builder/command.rs	color	clap_builder/src/builder/command.rs	unset_global_setting
clap_builder/src/builder/command.rs	color_help	clap_builder/src/builder/command.rs	get_color
clap_builder/src/builder/command.rs	color_help	clap_builder/src/builder/command.rs	is_disable_colored_help_set
clap_builder/src/builder/command.rs	contains_short	clap_builder/src/mkeymap.rs	contains
clap_builder/src/builder/command.rs	debug_assert	clap_builder/src/builder/command.rs	build
clap_builder/src/builder/command.rs	disable_colored_help	clap_builder/src/builder/command.rs	global_setting
clap_builder/src/builder/command.rs	disable_colored_help	clap_builder/src/builder/command.rs	unset_global_setting
clap_builder/src/builder/command.rs	disable_help_flag	clap_builder/src/builder/command.rs	global_setting
clap_builder/src/builder/command.rs	disable_help_flag	clap_builder/src/builder/command.rs	unset_global_setting
clap_builder/src/builder/command.rs	disable_help_subcommand	clap_builder/src/builder/command.rs	global_setting
clap_builder/src/builder/command.rs	disable_help_subcommand	clap_builder/src/builder/command.rs	unset_global_setting
clap_builder/src/builder/command.rs	disable_version_flag	clap_builder/src/builder/command.rs	global_setting
clap_builder/src/builder/command.rs	disable_version_flag	clap_builder/src/builder/command.rs	unset_global_setting
clap_builder/src/builder/command.rs	display_name	clap_builder/src/builder/resettable.rs	into_resettable
clap_builder/src/builder/command.rs	display_order	clap_builder/src/builder/resettable.rs	into_option
clap_builder/src/builder/command.rs	display_order	clap_builder/src/builder/resettable.rs	into_resettable
clap_builder/src/builder/command.rs	dont_delimit_trailing_values	clap_builder/src/builder/command.rs	global_setting
clap_builder/src/builder/command.rs	dont_delimit_trailing_values	clap_builder/src/builder/command.rs	unset_global_setting
clap_builder/src/builder/command.rs	error	clap_builder/src/error/mod.rs	format
clap_builder/src/builder/command.rs	error	clap_builder/src/error/mod.rs	raw
clap_builder/src/builder/command.rs	external_subcommand_value_parser	clap_builder/src/builder/resettable.rs	into_option
clap_builder/src/builder/command.rs	external_subcommand_value_parser	clap_builder/src/builder/resettable.rs	into_resettable
clap_builder/src/builder/command.rs	find	clap_builder/src/mkeymap.rs	args
clap_builder/src/builder/command.rs	find_long_subcmd	clap_builder/src/builder/command.rs	get_subcommands
clap_builder/src/builder/command.rs	find_short_subcmd	clap_builder/src/builder/command.rs	get_subcommands
clap_builder/src/builder/command.rs	find_subcommand	clap_builder/src/builder/command.rs	get_subcommands
clap_builder/src/builder/command.rs	find_subcommand_mut	clap_builder/src/builder/command.rs	get_subcommands_mut
clap_builder/src/builder/command.rs	flatten_help	clap_builder/src/builder/command.rs	setting
clap_builder/src/builder/command.rs	flatten_help	clap_builder/src/builder/command.rs	unset_setting
clap_builder/src/builder/command.rs	format_group	clap_builder/src/builder/command.rs	find
clap_builder/src/builder/command.rs	format_group	clap_builder/src/builder/command.rs	get_styles
clap_builder/src/builder/command.rs	format_group	clap_builder/src/builder/command.rs	unroll_args_in_group
clap_builder/src/builder/command.rs	format_group	clap_builder/src/builder/styled_str.rs	new
clap_builder/src/builder/command.rs	format_group	clap_builder/src/builder/styling.rs	get_placeholder
clap_builder/src/builder/command.rs	get_arg_conflicts_with	clap_builder/src/builder/arg.rs	is_global_set
clap_builder/src/builder/command.rs	get_arg_conflicts_with	clap_builder/src/builder/command.rs	get_global_arg_conflicts_with
clap_builder/src/builder/command.rs	get_arguments	clap_builder/src/mkeymap.rs	args
clap_builder/src/builder/command.rs	get_bin_name_fallback	clap_builder/src/builder/command.rs	get_name
clap_builder/src/builder/command.rs	get_color	clap_builder/src/builder/command.rs	is_set
clap_builder/src/builder/command.rs	get_external_subcommand_value_parser	clap_builder/src/builder/command.rs	is_allow_external_subcommands_set
clap_builder/src/builder/command.rs	get_external_subcommand_value_parser	clap_builder/src/builder/value_parser.rs	os_string
clap_builder/src/builder/command.rs	get_global_arg_conflicts_with	clap_builder/src/builder/command.rs	get_subcommands_containing
clap_builder/src/builder/command.rs	get_global_arg_conflicts_with	clap_builder/src/mkeymap.rs	args
clap_builder/src/builder/command.rs	get_matches	clap_builder/src/builder/command.rs	get_matches_from
clap_builder/src/builder/command.rs	get_matches_from	clap_builder/src/builder/command.rs	try_get_matches_from_mut
clap_builder/src/builder/command.rs	get_matches_mut	clap_builder/src/builder/command.rs	try_get_matches_from_mut
clap_builder/src/builder/command.rs	get_max_term_width	clap_builder/src/builder/ext.rs	get
clap_builder/src/builder/command.rs	get_name	clap_builder/src/builder/str.rs	as_str
clap_builder/src/builder/command.rs	get_name_and_visible_aliases	clap_builder/src/builder/command.rs	get_visible_aliases
clap_builder/src/builder/command.rs	get_non_positionals	clap_builder/src/builder/command.rs	get_arguments
clap_builder/src/builder/command.rs	get_opts	clap_builder/src/builder/command.rs	get_arguments
clap_builder/src/builder/command.rs	get_positionals	clap_builder/src/builder/command.rs	get_arguments
clap_builder/src/builder/command.rs	get_styles	clap_builder/src/builder/ext.rs	get
clap_builder/src/builder/command.rs	get_term_width	clap_builder/src/builder/ext.rs	get
clap_builder/src/builder/command.rs	get_usage_name_fallback	clap_builder/src/builder/command.rs	get_bin_name_fallback
clap_builder/src/builder/command.rs	get_usage_name_fallback	clap_builder/src/builder/command.rs	get_usage_name
clap_builder/src/builder/command.rs	get_used_global_args	clap_builder/src/builder/command.rs	find_subcommand
clap_builder/src/builder/command.rs	get_used_global_args	clap_builder/src/mkeymap.rs	args
clap_builder/src/builder/command.rs	get_used_global_args	clap_builder/src/parser/matches/arg_matches.rs	subcommand
clap_builder/src/builder/command.rs	global_setting	clap_builder/src/builder/app_settings.rs	set
clap_builder/src/builder/command.rs	has_positionals	clap_builder/src/builder/command.rs	get_positionals
clap_builder/src/builder/command.rs	help_expected	clap_builder/src/builder/command.rs	global_setting
clap_builder/src/builder/command.rs	help_expected	clap_builder/src/builder/command.rs	unset_global_setting
clap_builder/src/builder/command.rs	help_template	clap_builder/src/builder/resettable.rs	into_option
clap_builder/src/builder/command.rs	help_template	clap_builder/src/builder/resettable.rs	into_resettable
clap_builder/src/builder/command.rs	hide	clap_builder/src/builder/command.rs	setting
clap_builder/src/builder/command.rs	hide	clap_builder/src/builder/command.rs	unset_setting
clap_builder/src/builder/command.rs	hide_possible_values	clap_builder/src/builder/command.rs	global_setting
clap_builder/src/builder/command.rs	hide_possible_values	clap_builder/src/builder/command.rs	unset_global_setting
clap_builder/src/builder/command.rs	ignore_errors	clap_builder/src/builder/command.rs	global_setting
clap_builder/src/builder/command.rs	ignore_errors	clap_builder/src/builder/command.rs	unset_global_setting
clap_builder/src/builder/command.rs	index	clap_builder/src/builder/command.rs	find
clap_builder/src/builder/command.rs	infer_long_args	clap_builder/src/builder/command.rs	global_setting
clap_builder/src/builder/command.rs	infer_long_args	clap_builder/src/builder/command.rs	unset_global_setting
clap_builder/src/builder/command.rs	infer_subcommands	clap_builder/src/builder/command.rs	global_setting
clap_builder/src/builder/command.rs	infer_subcommands	clap_builder/src/builder/command.rs	unset_global_setting
clap_builder/src/builder/command.rs	is_allow_external_subcommands_set	clap_builder/src/builder/command.rs	is_set
clap_builder/src/builder/command.rs	is_allow_hyphen_values_set	clap_builder/src/builder/command.rs	is_set
clap_builder/src/builder/command.rs	is_allow_missing_positional_set	clap_builder/src/builder/command.rs	is_set
clap_builder/src/builder/command.rs	is_allow_negative_numbers_set	clap_builder/src/builder/command.rs	is_set
clap_builder/src/builder/command.rs	is_arg_required_else_help_set	clap_builder/src/builder/command.rs	is_set
clap_builder/src/builder/command.rs	is_args_conflicts_with_subcommands_set	clap_builder/src/builder/command.rs	is_set
clap_builder/src/builder/command.rs	is_args_override_self	clap_builder/src/builder/command.rs	is_set
clap_builder/src/builder/command.rs	is_disable_colored_help_set	clap_builder/src/builder/command.rs	is_set
clap_builder/src/builder/command.rs	is_disable_help_flag_set	clap_builder/src/builder/command.rs	is_set
clap_builder/src/builder/command.rs	is_disable_help_subcommand_set	clap_builder/src/builder/command.rs	is_set
clap_builder/src/builder/command.rs	is_disable_version_flag_set	clap_builder/src/builder/command.rs	is_set
clap_builder/src/builder/command.rs	is_dont_delimit_trailing_values_set	clap_builder/src/builder/command.rs	is_set
clap_builder/src/builder/command.rs	is_flatten_help_set	clap_builder/src/builder/command.rs	is_set
clap_builder/src/builder/command.rs	is_hide_set	clap_builder/src/builder/command.rs	is_set
clap_builder/src/builder/command.rs	is_ignore_errors_set	clap_builder/src/builder/command.rs	is_set
clap_builder/src/builder/command.rs	is_infer_long_args_set	clap_builder/src/builder/command.rs	is_set
clap_builder/src/builder/command.rs	is_infer_subcommands_set	clap_builder/src/builder/command.rs	is_set
clap_builder/src/builder/command.rs	is_multicall_set	clap_builder/src/builder/command.rs	is_set
clap_builder/src/builder/command.rs	is_next_line_help_set	clap_builder/src/builder/command.rs	is_set
clap_builder/src/builder/command.rs	is_no_binary_name_set	clap_builder/src/builder/command.rs	is_set
clap_builder/src/builder/command.rs	is_propagate_version_set	clap_builder/src/builder/command.rs	is_set
clap_builder/src/builder/command.rs	is_set	clap_builder/src/builder/app_settings.rs	is_set
clap_builder/src/builder/command.rs	is_subcommand_negates_reqs_set	clap_builder/src/builder/command.rs	is_set
clap_builder/src/builder/command.rs	is_subcommand_precedence_over_arg_set	clap_builder/src/builder/command.rs	is_set
clap_builder/src/builder/command.rs	is_subcommand_required_set	clap_builder/src/builder/command.rs	is_set
clap_builder/src/builder/command.rs	is_trailing_var_arg_set	clap_builder/src/builder/command.rs	is_set
clap_builder/src/builder/command.rs	long_about	clap_builder/src/builder/resettable.rs	into_option
clap_builder/src/builder/command.rs	long_about	clap_builder/src/builder/resettable.rs	into_resettable
clap_builder/src/builder/command.rs	long_flag_alias	clap_builder/src/builder/resettable.rs	into_option
clap_builder/src/builder/command.rs	long_flag_alias	clap_builder/src/builder/resettable.rs	into_resettable
clap_builder/src/builder/command.rs	long_flag_aliases_to	clap_builder/src/builder/command.rs	get_all_long_flag_aliases
clap_builder/src/builder/command.rs	long_help_exists_	clap_builder/src/builder/arg.rs	get_long_help
clap_builder/src/builder/command.rs	long_help_exists_	clap_builder/src/builder/arg.rs	get_possible_values
clap_builder/src/builder/command.rs	long_help_exists_	clap_builder/src/builder/arg.rs	is_hide_long_help_set
clap_builder/src/builder/command.rs	long_help_exists_	clap_builder/src/builder/arg.rs	is_hide_possible_values_set
clap_builder/src/builder/command.rs	long_help_exists_	clap_builder/src/builder/arg.rs	is_hide_set
clap_builder/src/builder/command.rs	long_help_exists_	clap_builder/src/builder/arg.rs	is_hide_short_help_set
clap_builder/src/builder/command.rs	long_help_exists_	clap_builder/src/builder/command.rs	get_after_long_help
clap_builder/src/builder/command.rs	long_help_exists_	clap_builder/src/builder/command.rs	get_arguments
clap_builder/src/builder/command.rs	long_help_exists_	clap_builder/src/builder/command.rs	get_before_long_help
clap_builder/src/builder/command.rs	long_help_exists_	clap_builder/src/builder/command.rs	get_long_about
clap_builder/src/builder/command.rs	long_version	clap_builder/src/builder/resettable.rs	into_option
clap_builder/src/builder/command.rs	long_version	clap_builder/src/builder/resettable.rs	into_resettable
clap_builder/src/builder/command.rs	max_term_width	clap_builder/src/builder/command.rs	MaxTermWidth
clap_builder/src/builder/command.rs	max_term_width	clap_builder/src/builder/ext.rs	set
clap_builder/src/builder/command.rs	multicall	clap_builder/src/builder/command.rs	setting
clap_builder/src/builder/command.rs	multicall	clap_builder/src/builder/command.rs	unset_setting
clap_builder/src/builder/command.rs	mut_arg	clap_builder/src/mkeymap.rs	push
clap_builder/src/builder/command.rs	mut_arg	clap_builder/src/mkeymap.rs	remove_by_name
clap_builder/src/builder/command.rs	mut_args	clap_builder/src/mkeymap.rs	mut_args
clap_builder/src/builder/command.rs	new	clap_builder/src/builder/command.rs	new_inner
clap_builder/src/builder/command.rs	next_display_order	clap_builder/src/builder/resettable.rs	into_option
clap_builder/src/builder/command.rs	next_display_order	clap_builder/src/builder/resettable.rs	into_resettable
clap_builder/src/builder/command.rs	next_help_heading	clap_builder/src/builder/resettable.rs	into_option
clap_builder/src/builder/command.rs	next_help_heading	clap_builder/src/builder/resettable.rs	into_resettable
clap_builder/src/builder/command.rs	next_line_help	clap_builder/src/builder/command.rs	global_setting
clap_builder/src/builder/command.rs	next_line_help	clap_builder/src/builder/command.rs	unset_global_setting
clap_builder/src/builder/command.rs	no_binary_name	clap_builder/src/builder/command.rs	global_setting
clap_builder/src/builder/command.rs	no_binary_name	clap_builder/src/builder/command.rs	unset_global_setting
clap_builder/src/builder/command.rs	override_help	clap_builder/src/builder/resettable.rs	into_option
clap_builder/src/builder/command.rs	override_help	clap_builder/src/builder/resettable.rs	into_resettable
clap_builder/src/builder/command.rs	override_usage	clap_builder/src/builder/resettable.rs	into_option
clap_builder/src/builder/command.rs	override_usage	clap_builder/src/builder/resettable.rs	into_resettable
clap_builder/src/builder/command.rs	print_help	clap_builder/src/builder/command.rs	_build_self
clap_builder/src/builder/command.rs	print_help	clap_builder/src/builder/command.rs	color_help
clap_builder/src/builder/command.rs	print_help	clap_builder/src/builder/styled_str.rs	new
clap_builder/src/builder/command.rs	print_help	clap_builder/src/output/fmt.rs	new
clap_builder/src/builder/command.rs	print_help	clap_builder/src/output/fmt.rs	print
clap_builder/src/builder/command.rs	print_help	clap_builder/src/output/fmt.rs	with_content
clap_builder/src/builder/command.rs	print_help	clap_builder/src/output/help.rs	write_help
clap_builder/src/builder/command.rs	print_help	clap_builder/src/output/usage.rs	new
clap_builder/src/builder/command.rs	print_long_help	clap_builder/src/builder/command.rs	_build_self
clap_builder/src/builder/command.rs	print_long_help	clap_builder/src/builder/command.rs	color_help
clap_builder/src/builder/command.rs	print_long_help	clap_builder/src/builder/styled_str.rs	new
clap_builder/src/builder/command.rs	print_long_help	clap_builder/src/output/fmt.rs	new
clap_builder/src/builder/command.rs	print_long_help	clap_builder/src/output/fmt.rs	print
clap_builder/src/builder/command.rs	print_long_help	clap_builder/src/output/fmt.rs	with_content
clap_builder/src/builder/command.rs	print_long_help	clap_builder/src/output/help.rs	write_help
clap_builder/src/builder/command.rs	print_long_help	clap_builder/src/output/usage.rs	new
clap_builder/src/builder/command.rs	propagate_version	clap_builder/src/builder/command.rs	global_setting
clap_builder/src/builder/command.rs	propagate_version	clap_builder/src/builder/command.rs	unset_global_setting
clap_builder/src/builder/command.rs	render_help	clap_builder/src/builder/command.rs	_build_self
clap_builder/src/builder/command.rs	render_help	clap_builder/src/builder/styled_str.rs	new
clap_builder/src/builder/command.rs	render_help	clap_builder/src/output/help.rs	write_help
clap_builder/src/builder/command.rs	render_help	clap_builder/src/output/usage.rs	new
clap_builder/src/builder/command.rs	render_long_help	clap_builder/src/builder/command.rs	_build_self
clap_builder/src/builder/command.rs	render_long_help	clap_builder/src/builder/styled_str.rs	new
clap_builder/src/builder/command.rs	render_long_help	clap_builder/src/output/help.rs	write_help
clap_builder/src/builder/command.rs	render_long_help	clap_builder/src/output/usage.rs	new
clap_builder/src/builder/command.rs	render_long_version	clap_builder/src/builder/command.rs	_render_version
clap_builder/src/builder/command.rs	render_usage	clap_builder/src/builder/command.rs	render_usage_
clap_builder/src/builder/command.rs	render_usage_	clap_builder/src/builder/command.rs	_build_self
clap_builder/src/builder/command.rs	render_usage_	clap_builder/src/output/usage.rs	create_usage_with_title
clap_builder/src/builder/command.rs	render_usage_	clap_builder/src/output/usage.rs	new
clap_builder/src/builder/command.rs	render_version	clap_builder/src/builder/command.rs	_render_version
clap_builder/src/builder/command.rs	required_graph	clap_builder/src/util/graph.rs	with_capacity
clap_builder/src/builder/command.rs	set	clap_builder/src/builder/app_settings.rs	set
clap_builder/src/builder/command.rs	setting	clap_builder/src/builder/app_settings.rs	set
clap_builder/src/builder/command.rs	short_flag	clap_builder/src/builder/resettable.rs	into_option
clap_builder/src/builder/command.rs	short_flag	clap_builder/src/builder/resettable.rs	into_resettable
clap_builder/src/builder/command.rs	short_flag_alias	clap_builder/src/builder/resettable.rs	into_option
clap_builder/src/builder/command.rs	short_flag_alias	clap_builder/src/builder/resettable.rs	into_resettable
clap_builder/src/builder/command.rs	short_flag_aliases_to	clap_builder/src/builder/command.rs	get_all_short_flag_aliases
clap_builder/src/builder/command.rs	styles	clap_builder/src/builder/ext.rs	set
clap_builder/src/builder/command.rs	subcommand	clap_builder/src/builder/command.rs	subcommand_internal
clap_builder/src/builder/command.rs	subcommand_help_heading	clap_builder/src/builder/resettable.rs	into_option
clap_builder/src/builder/command.rs	subcommand_help_heading	clap_builder/src/builder/resettable.rs	into_resettable
clap_builder/src/builder/command.rs	subcommand_negates_reqs	clap_builder/src/builder/command.rs	setting
clap_builder/src/builder/command.rs	subcommand_negates_reqs	clap_builder/src/builder/command.rs	unset_setting
clap_builder/src/builder/command.rs	subcommand_precedence_over_arg	clap_builder/src/builder/command.rs	setting
clap_builder/src/builder/command.rs	subcommand_precedence_over_arg	clap_builder/src/builder/command.rs	unset_setting
clap_builder/src/builder/command.rs	subcommand_required	clap_builder/src/builder/command.rs	setting
clap_builder/src/builder/command.rs	subcommand_required	clap_builder/src/builder/command.rs	unset_setting
clap_builder/src/builder/command.rs	subcommand_value_name	clap_builder/src/builder/resettable.rs	into_option
clap_builder/src/builder/command.rs	subcommand_value_name	clap_builder/src/builder/resettable.rs	into_resettable
clap_builder/src/builder/command.rs	term_width	clap_builder/src/builder/command.rs	TermWidth
clap_builder/src/builder/command.rs	term_width	clap_builder/src/builder/ext.rs	set
clap_builder/src/builder/command.rs	trailing_var_arg	clap_builder/src/builder/command.rs	setting
clap_builder/src/builder/command.rs	trailing_var_arg	clap_builder/src/builder/command.rs	unset_setting
clap_builder/src/builder/command.rs	try_get_matches	clap_builder/src/builder/command.rs	try_get_matches_from
clap_builder/src/builder/command.rs	try_get_matches_from	clap_builder/src/builder/command.rs	try_get_matches_from_mut
clap_builder/src/builder/command.rs	try_get_matches_from_mut	clap_builder/src/builder/app_settings.rs	is_set
clap_builder/src/builder/command.rs	try_get_matches_from_mut	clap_builder/src/builder/command.rs	_do_parse
clap_builder/src/builder/command.rs	try_get_matches_from_mut	clap_lex/src/lib.rs	cursor
clap_builder/src/builder/command.rs	try_get_matches_from_mut	clap_lex/src/lib.rs	insert
clap_builder/src/builder/command.rs	try_get_matches_from_mut	clap_lex/src/lib.rs	new
clap_builder/src/builder/command.rs	try_get_matches_from_mut	clap_lex/src/lib.rs	next_os
clap_builder/src/builder/command.rs	two_groups_of	clap_builder/src/builder/command.rs	two_elements_of
clap_builder/src/builder/command.rs	unroll_arg_requires	clap_builder/src/builder/command.rs	find
clap_builder/src/builder/command.rs	unset_global_setting	clap_builder/src/builder/app_settings.rs	unset
clap_builder/src/builder/command.rs	unset_setting	clap_builder/src/builder/app_settings.rs	unset
clap_builder/src/builder/command.rs	version	clap_builder/src/builder/resettable.rs	into_option
clap_builder/src/builder/command.rs	version	clap_builder/src/builder/resettable.rs	into_resettable
clap_builder/src/builder/command.rs	visible_alias	clap_builder/src/builder/resettable.rs	into_option
clap_builder/src/builder/command.rs	visible_alias	clap_builder/src/builder/resettable.rs	into_resettable
clap_builder/src/builder/command.rs	visible_long_flag_alias	clap_builder/src/builder/resettable.rs	into_option
clap_builder/src/builder/command.rs	visible_long_flag_alias	clap_builder/src/builder/resettable.rs	into_resettable
clap_builder/src/builder/command.rs	visible_short_flag_alias	clap_builder/src/builder/resettable.rs	into_option
clap_builder/src/builder/command.rs	visible_short_flag_alias	clap_builder/src/builder/resettable.rs	into_resettable
clap_builder/src/builder/command.rs	write_help	clap_builder/src/builder/command.rs	_build_self
clap_builder/src/builder/command.rs	write_help	clap_builder/src/builder/styled_str.rs	new
clap_builder/src/builder/command.rs	write_help	clap_builder/src/output/help.rs	write_help
clap_builder/src/builder/command.rs	write_help	clap_builder/src/output/usage.rs	new
clap_builder/src/builder/command.rs	write_help_err	clap_builder/src/builder/command.rs	long_help_exists
clap_builder/src/builder/command.rs	write_help_err	clap_builder/src/builder/styled_str.rs	new
clap_builder/src/builder/command.rs	write_help_err	clap_builder/src/output/help.rs	write_help
clap_builder/src/builder/command.rs	write_help_err	clap_builder/src/output/usage.rs	new
clap_builder/src/builder/command.rs	write_long_help	clap_builder/src/builder/command.rs	_build_self
clap_builder/src/builder/command.rs	write_long_help	clap_builder/src/builder/styled_str.rs	new
clap_builder/src/builder/command.rs	write_long_help	clap_builder/src/output/help.rs	write_help
clap_builder/src/builder/command.rs	write_long_help	clap_builder/src/output/usage.rs	new
clap_builder/src/builder/command.rs	write_version_err	clap_builder/src/builder/command.rs	_render_version
clap_builder/src/builder/ext.rs	get	clap_builder/src/util/any_value.rs	of
clap_builder/src/builder/ext.rs	get	clap_builder/src/util/flat_map.rs	get
clap_builder/src/builder/ext.rs	remove	clap_builder/src/util/any_value.rs	of
clap_builder/src/builder/ext.rs	remove	clap_builder/src/util/flat_map.rs	remove
clap_builder/src/builder/ext.rs	set	clap_builder/src/util/any_value.rs	new
clap_builder/src/builder/ext.rs	set	clap_builder/src/util/any_value.rs	type_id
clap_builder/src/builder/ext.rs	set	clap_builder/src/util/flat_map.rs	insert
clap_builder/src/builder/os_str.rs	as_os_str	clap_builder/src/builder/os_str.rs	as_os_str
clap_builder/src/builder/os_str.rs	as_ref	clap_builder/src/builder/os_str.rs	as_os_str
clap_builder/src/builder/os_str.rs	borrow	clap_builder/src/builder/os_str.rs	as_os_str
clap_builder/src/builder/os_str.rs	cmp	clap_builder/src/builder/os_str.rs	as_os_str
clap_builder/src/builder/os_str.rs	default	clap_builder/src/builder/os_str.rs	from_static_ref
clap_builder/src/builder/os_str.rs	deref	clap_builder/src/builder/os_str.rs	as_os_str
clap_builder/src/builder/os_str.rs	eq	clap_builder/src/builder/os_str.rs	as_os_str
clap_builder/src/builder/os_str.rs	fmt	clap_builder/src/builder/os_str.rs	as_os_str
clap_builder/src/builder/os_str.rs	from	clap_builder/src/builder/os_str.rs	from_static_ref
clap_builder/src/builder/os_str.rs	from	clap_builder/src/builder/os_str.rs	into_os_string
clap_builder/src/builder/os_str.rs	from	clap_builder/src/builder/str.rs	into_inner
clap_builder/src/builder/os_str.rs	from_static_ref	clap_builder/src/builder/os_str.rs	Inner
clap_builder/src/builder/os_str.rs	from_static_ref	clap_builder/src/builder/os_str.rs	from_static_ref
clap_builder/src/builder/os_str.rs	hash	clap_builder/src/builder/os_str.rs	as_os_str
clap_builder/src/builder/os_str.rs	into_os_string	clap_builder/src/builder/os_str.rs	as_os_str
clap_builder/src/builder/os_str.rs	to_os_string	clap_builder/src/builder/os_str.rs	as_os_str
clap_builder/src/builder/possible_value.rs	alias	clap_builder/src/builder/resettable.rs	into_option
clap_builder/src/builder/possible_value.rs	alias	clap_builder/src/builder/resettable.rs	into_resettable
clap_builder/src/builder/possible_value.rs	from	clap_builder/src/builder/possible_value.rs	new
clap_builder/src/builder/possible_value.rs	get_name	clap_builder/src/builder/str.rs	as_str
clap_builder/src/builder/possible_value.rs	get_name_and_aliases	clap_builder/src/builder/possible_value.rs	get_name
clap_builder/src/builder/possible_value.rs	get_visible_quoted_name	clap_builder/src/builder/str.rs	as_str
clap_builder/src/builder/possible_value.rs	get_visible_quoted_name	clap_builder/src/util/escape.rs	Escape
clap_builder/src/builder/possible_value.rs	get_visible_quoted_name	clap_builder/src/util/escape.rs	to_cow
clap_builder/src/builder/possible_value.rs	help	clap_builder/src/builder/resettable.rs	into_option
clap_builder/src/builder/possible_value.rs	help	clap_builder/src/builder/resettable.rs	into_resettable
clap_builder/src/builder/possible_value.rs	matches	clap_builder/src/builder/possible_value.rs	get_name_and_aliases
clap_builder/src/builder/possible_value.rs	matches	clap_builder/src/util/mod.rs	eq_ignore_case
clap_builder/src/builder/range.rs	fmt	clap_builder/src/builder/range.rs	is_fixed
clap_builder/src/builder/range.rs	from	clap_builder/src/builder/range.rs	raw
clap_builder/src/builder/range.rs	num_values	clap_builder/src/builder/range.rs	is_fixed
clap_builder/src/builder/resettable.rs	from	clap_builder/src/builder/resettable.rs	Value
clap_builder/src/builder/resettable.rs	into_resettable	clap_builder/src/builder/resettable.rs	Value
clap_builder/src/builder/str.rs	as_ref	clap_builder/src/builder/str.rs	as_str
clap_builder/src/builder/str.rs	as_str	clap_builder/src/builder/str.rs	as_str
clap_builder/src/builder/str.rs	borrow	clap_builder/src/builder/str.rs	as_str
clap_builder/src/builder/str.rs	cmp	clap_builder/src/builder/str.rs	as_str
clap_builder/src/builder/str.rs	default	clap_builder/src/builder/str.rs	from_static_ref
clap_builder/src/builder/str.rs	deref	clap_builder/src/builder/str.rs	as_str
clap_builder/src/builder/str.rs	eq	clap_builder/src/builder/str.rs	as_str
clap_builder/src/builder/str.rs	fmt	clap_builder/src/builder/str.rs	as_str
clap_builder/src/builder/str.rs	from	clap_builder/src/builder/str.rs	from_static_ref
clap_builder/src/builder/str.rs	from	clap_builder/src/builder/str.rs	into_string
clap_builder/src/builder/str.rs	from_static_ref	clap_builder/src/builder/str.rs	Inner
clap_builder/src/builder/str.rs	from_static_ref	clap_builder/src/builder/str.rs	from_static_ref
clap_builder/src/builder/str.rs	hash	clap_builder/src/builder/str.rs	as_str
clap_builder/src/builder/str.rs	into_string	clap_builder/src/builder/str.rs	as_str
clap_builder/src/builder/styled_str.rs	default	clap_builder/src/builder/styled_str.rs	new
clap_builder/src/builder/styled_str.rs	from	clap_builder/src/builder/styled_str.rs	StyledStr
clap_builder/src/builder/styled_str.rs	from	clap_builder/src/builder/styled_str.rs	new
clap_builder/src/builder/styled_str.rs	from	clap_builder/src/builder/styled_str.rs	push_str
clap_builder/src/builder/styled_str.rs	iter_text	/Users/chrishafley/.cargo/registry/src/index.crates.io-1949cf8c6b5b557f/anstream-1.0.0/src/adapter/strip.rs	strip_str
clap_builder/src/builder/styled_str.rs	new	clap_builder/src/builder/styled_str.rs	StyledStr
clap_builder/src/builder/styling.rs	default	clap_builder/src/builder/styling.rs	styled
clap_builder/src/builder/styling.rs	plain	/Users/chrishafley/.cargo/registry/src/index.crates.io-1949cf8c6b5b557f/anstyle-1.0.14/src/style.rs	new
clap_builder/src/builder/styling.rs	styled	/Users/chrishafley/.cargo/registry/src/index.crates.io-1949cf8c6b5b557f/anstyle-1.0.14/src/color.rs	Ansi
clap_builder/src/builder/styling.rs	styled	/Users/chrishafley/.cargo/registry/src/index.crates.io-1949cf8c6b5b557f/anstyle-1.0.14/src/style.rs	bold
clap_builder/src/builder/styling.rs	styled	/Users/chrishafley/.cargo/registry/src/index.crates.io-1949cf8c6b5b557f/anstyle-1.0.14/src/style.rs	fg_color
clap_builder/src/builder/styling.rs	styled	/Users/chrishafley/.cargo/registry/src/index.crates.io-1949cf8c6b5b557f/anstyle-1.0.14/src/style.rs	new
clap_builder/src/builder/styling.rs	styled	/Users/chrishafley/.cargo/registry/src/index.crates.io-1949cf8c6b5b557f/anstyle-1.0.14/src/style.rs	underline
clap_builder/src/builder/value_parser.rs	bool	clap_builder/src/builder/value_parser.rs	ValueParser
clap_builder/src/builder/value_parser.rs	clone	clap_builder/src/builder/value_parser.rs	Other
clap_builder/src/builder/value_parser.rs	clone	clap_builder/src/builder/value_parser.rs	ValueParser
clap_builder/src/builder/value_parser.rs	default	clap_builder/src/builder/value_parser.rs	new
clap_builder/src/builder/value_parser.rs	from	clap_builder/src/builder/value_parser.rs	PossibleValuesParser
clap_builder/src/builder/value_parser.rs	from	clap_builder/src/builder/value_parser.rs	new
clap_builder/src/builder/value_parser.rs	from	clap_builder/src/builder/value_parser.rs	range
clap_builder/src/builder/value_parser.rs	map	clap_builder/src/builder/value_parser.rs	new
clap_builder/src/builder/value_parser.rs	new	clap_builder/src/builder/value_parser.rs	EnumValueParser
clap_builder/src/builder/value_parser.rs	new	clap_builder/src/builder/value_parser.rs	Other
clap_builder/src/builder/value_parser.rs	new	clap_builder/src/builder/value_parser.rs	ValueParser
clap_builder/src/builder/value_parser.rs	new	clap_builder/src/builder/value_parser.rs	_infer_ValueParser_for
clap_builder/src/builder/value_parser.rs	os_string	clap_builder/src/builder/value_parser.rs	ValueParser
clap_builder/src/builder/value_parser.rs	parse	clap_builder/src/builder/value_parser.rs	parse_ref
clap_builder/src/builder/value_parser.rs	parse	clap_builder/src/error/mod.rs	empty_value
clap_builder/src/builder/value_parser.rs	parse	clap_builder/src/error/mod.rs	invalid_value
clap_builder/src/builder/value_parser.rs	parse_	clap_builder/src/builder/value_parser.rs	parse
clap_builder/src/builder/value_parser.rs	parse_ref	clap_builder/src/builder/value_parser.rs	any_value_parser
clap_builder/src/builder/value_parser.rs	parse_ref	clap_builder/src/builder/value_parser.rs	map
clap_builder/src/builder/value_parser.rs	parse_ref	clap_builder/src/builder/value_parser.rs	parse
clap_builder/src/builder/value_parser.rs	parse_ref	clap_builder/src/builder/value_parser.rs	parse_ref_
clap_builder/src/builder/value_parser.rs	parse_ref	clap_builder/src/builder/value_parser.rs	possible_values
clap_builder/src/builder/value_parser.rs	parse_ref	clap_builder/src/derive.rs	value_variants
clap_builder/src/builder/value_parser.rs	parse_ref	clap_builder/src/error/mod.rs	empty_value
clap_builder/src/builder/value_parser.rs	parse_ref	clap_builder/src/error/mod.rs	invalid_value
clap_builder/src/builder/value_parser.rs	parse_ref	clap_builder/src/error/mod.rs	value_validation
clap_builder/src/builder/value_parser.rs	parse_ref	clap_builder/src/error/mod.rs	with_cmd
clap_builder/src/builder/value_parser.rs	parse_ref	clap_builder/src/util/any_value.rs	new
clap_builder/src/builder/value_parser.rs	parse_ref	clap_builder/src/util/str_to_bool.rs	str_to_bool
clap_builder/src/builder/value_parser.rs	parse_ref_	clap_builder/src/builder/value_parser.rs	new
clap_builder/src/builder/value_parser.rs	parse_ref_	clap_builder/src/builder/value_parser.rs	parse_ref
clap_builder/src/builder/value_parser.rs	parse_ref_	clap_builder/src/builder/value_parser.rs	parse_ref_
clap_builder/src/builder/value_parser.rs	parse_ref_	clap_builder/src/error/context.rs	StyledStrs
clap_builder/src/builder/value_parser.rs	parse_ref_	clap_builder/src/error/mod.rs	insert_context_unchecked
clap_builder/src/builder/value_parser.rs	parse_ref_	clap_builder/src/error/mod.rs	unknown_argument
clap_builder/src/builder/value_parser.rs	parse_ref_	clap_builder/src/output/usage.rs	create_usage_with_title
clap_builder/src/builder/value_parser.rs	parse_ref_	clap_builder/src/output/usage.rs	new
clap_builder/src/builder/value_parser.rs	parse_ref_	clap_builder/src/util/any_value.rs	new
clap_builder/src/builder/value_parser.rs	path_buf	clap_builder/src/builder/value_parser.rs	ValueParser
clap_builder/src/builder/value_parser.rs	possible_values	clap_builder/src/builder/possible_value.rs	hide
clap_builder/src/builder/value_parser.rs	possible_values	clap_builder/src/builder/possible_value.rs	new
clap_builder/src/builder/value_parser.rs	possible_values	clap_builder/src/builder/value_parser.rs	any_value_parser
clap_builder/src/builder/value_parser.rs	possible_values	clap_builder/src/builder/value_parser.rs	possible_values
clap_builder/src/builder/value_parser.rs	possible_values	clap_builder/src/derive.rs	value_variants
clap_builder/src/builder/value_parser.rs	string	clap_builder/src/builder/value_parser.rs	ValueParser
clap_builder/src/builder/value_parser.rs	try_map	clap_builder/src/builder/value_parser.rs	new
clap_builder/src/builder/value_parser.rs	type_id	clap_builder/src/builder/value_parser.rs	any_value_parser
clap_builder/src/builder/value_parser.rs	type_id	clap_builder/src/builder/value_parser.rs	type_id
clap_builder/src/builder/value_parser.rs	type_id	clap_builder/src/util/any_value.rs	of
clap_builder/src/builder/value_parser.rs	value_parser	clap_builder/src/builder/value_parser.rs	_AnonymousValueParser
clap_builder/src/builder/value_parser.rs	value_parser	clap_builder/src/builder/value_parser.rs	bool
clap_builder/src/builder/value_parser.rs	value_parser	clap_builder/src/builder/value_parser.rs	map
clap_builder/src/builder/value_parser.rs	value_parser	clap_builder/src/builder/value_parser.rs	new
clap_builder/src/builder/value_parser.rs	value_parser	clap_builder/src/builder/value_parser.rs	os_string
clap_builder/src/builder/value_parser.rs	value_parser	clap_builder/src/builder/value_parser.rs	path_buf
clap_builder/src/builder/value_parser.rs	value_parser	clap_builder/src/builder/value_parser.rs	range
clap_builder/src/builder/value_parser.rs	value_parser	clap_builder/src/builder/value_parser.rs	string
clap_builder/src/builder/value_parser.rs	value_parser	clap_builder/src/builder/value_parser.rs	value_parser
clap_builder/src/derive.rs	augment_args	clap_builder/src/derive.rs	augment_args
clap_builder/src/derive.rs	augment_args_for_update	clap_builder/src/derive.rs	augment_args_for_update
clap_builder/src/derive.rs	augment_subcommands	clap_builder/src/derive.rs	augment_subcommands
clap_builder/src/derive.rs	augment_subcommands_for_update	clap_builder/src/derive.rs	augment_subcommands_for_update
clap_builder/src/derive.rs	command	clap_builder/src/derive.rs	command
clap_builder/src/derive.rs	command_for_update	clap_builder/src/derive.rs	command_for_update
clap_builder/src/derive.rs	format_error	clap_builder/src/derive.rs	command
clap_builder/src/derive.rs	format_error	clap_builder/src/error/mod.rs	format
clap_builder/src/derive.rs	from_arg_matches	clap_builder/src/derive.rs	from_arg_matches
clap_builder/src/derive.rs	from_arg_matches	clap_builder/src/error/mod.rs	raw
clap_builder/src/derive.rs	from_arg_matches_mut	clap_builder/src/derive.rs	from_arg_matches
clap_builder/src/derive.rs	from_arg_matches_mut	clap_builder/src/derive.rs	from_arg_matches_mut
clap_builder/src/derive.rs	from_str	clap_builder/src/derive.rs	value_variants
clap_builder/src/derive.rs	has_subcommand	clap_builder/src/derive.rs	has_subcommand
clap_builder/src/derive.rs	parse	clap_builder/src/builder/command.rs	get_matches
clap_builder/src/derive.rs	parse	clap_builder/src/derive.rs	command
clap_builder/src/derive.rs	parse	clap_builder/src/derive.rs	from_arg_matches_mut
clap_builder/src/derive.rs	parse	clap_builder/src/derive.rs	parse
clap_builder/src/derive.rs	parse_from	clap_builder/src/builder/command.rs	get_matches_from
clap_builder/src/derive.rs	parse_from	clap_builder/src/derive.rs	command
clap_builder/src/derive.rs	parse_from	clap_builder/src/derive.rs	from_arg_matches_mut
clap_builder/src/derive.rs	parse_from	clap_builder/src/derive.rs	parse_from
clap_builder/src/derive.rs	try_parse	clap_builder/src/derive.rs	from_arg_matches_mut
clap_builder/src/derive.rs	try_parse	clap_builder/src/derive.rs	try_parse
clap_builder/src/derive.rs	try_parse_from	clap_builder/src/derive.rs	from_arg_matches_mut
clap_builder/src/derive.rs	try_parse_from	clap_builder/src/derive.rs	try_parse_from
clap_builder/src/derive.rs	try_update_from	clap_builder/src/derive.rs	update_from_arg_matches_mut
clap_builder/src/derive.rs	update_from	clap_builder/src/builder/command.rs	get_matches_from
clap_builder/src/derive.rs	update_from	clap_builder/src/derive.rs	command_for_update
clap_builder/src/derive.rs	update_from	clap_builder/src/derive.rs	update_from_arg_matches_mut
clap_builder/src/derive.rs	update_from_arg_matches	clap_builder/src/derive.rs	update_from_arg_matches
clap_builder/src/derive.rs	update_from_arg_matches_mut	clap_builder/src/derive.rs	update_from_arg_matches
clap_builder/src/derive.rs	update_from_arg_matches_mut	clap_builder/src/derive.rs	update_from_arg_matches_mut
clap_builder/src/error/context.rs	fmt	clap_builder/src/error/context.rs	as_str
clap_builder/src/error/format.rs	did_you_mean	clap_builder/src/builder/styling.rs	get_valid
clap_builder/src/error/format.rs	format_error	clap_builder/src/builder/styled_str.rs	new
clap_builder/src/error/format.rs	format_error	clap_builder/src/builder/styled_str.rs	push_str
clap_builder/src/error/format.rs	format_error	clap_builder/src/error/format.rs	did_you_mean
clap_builder/src/error/format.rs	format_error	clap_builder/src/error/format.rs	put_usage
clap_builder/src/error/format.rs	format_error	clap_builder/src/error/format.rs	start_error
clap_builder/src/error/format.rs	format_error	clap_builder/src/error/format.rs	try_help
clap_builder/src/error/format.rs	format_error	clap_builder/src/error/format.rs	write_dynamic_context
clap_builder/src/error/format.rs	format_error	clap_builder/src/error/kind.rs	as_str
clap_builder/src/error/format.rs	format_error	clap_builder/src/error/mod.rs	get
clap_builder/src/error/format.rs	format_error	clap_builder/src/error/mod.rs	kind
clap_builder/src/error/format.rs	format_error_message	clap_builder/src/builder/styled_str.rs	new
clap_builder/src/error/format.rs	format_error_message	clap_builder/src/builder/styled_str.rs	push_str
clap_builder/src/error/format.rs	format_error_message	clap_builder/src/error/format.rs	get_help_flag
clap_builder/src/error/format.rs	format_error_message	clap_builder/src/error/format.rs	put_usage
clap_builder/src/error/format.rs	format_error_message	clap_builder/src/error/format.rs	start_error
clap_builder/src/error/format.rs	format_error_message	clap_builder/src/error/format.rs	try_help
clap_builder/src/error/format.rs	get_help_flag	clap_builder/src/builder/command.rs	has_subcommands
clap_builder/src/error/format.rs	get_help_flag	clap_builder/src/builder/command.rs	is_disable_help_flag_set
clap_builder/src/error/format.rs	get_help_flag	clap_builder/src/builder/command.rs	is_disable_help_subcommand_set
clap_builder/src/error/format.rs	get_help_flag	clap_builder/src/error/format.rs	get_user_help_flag
clap_builder/src/error/format.rs	put_usage	clap_builder/src/builder/styled_str.rs	push_str
clap_builder/src/error/format.rs	put_usage	clap_builder/src/builder/styled_str.rs	push_styled
clap_builder/src/error/format.rs	start_error	clap_builder/src/builder/styling.rs	get_error
clap_builder/src/error/format.rs	try_help	clap_builder/src/builder/styled_str.rs	push_str
clap_builder/src/error/format.rs	try_help	clap_builder/src/builder/styling.rs	get_literal
clap_builder/src/error/format.rs	write_dynamic_context	clap_builder/src/builder/styled_str.rs	push_str
clap_builder/src/error/format.rs	write_dynamic_context	clap_builder/src/builder/styling.rs	get_invalid
clap_builder/src/error/format.rs	write_dynamic_context	clap_builder/src/builder/styling.rs	get_literal
clap_builder/src/error/format.rs	write_dynamic_context	clap_builder/src/builder/styling.rs	get_valid
clap_builder/src/error/format.rs	write_dynamic_context	clap_builder/src/error/context.rs	String
clap_builder/src/error/format.rs	write_dynamic_context	clap_builder/src/error/format.rs	singular_or_plural
clap_builder/src/error/format.rs	write_dynamic_context	clap_builder/src/error/format.rs	write_values_list
clap_builder/src/error/format.rs	write_dynamic_context	clap_builder/src/error/kind.rs	as_str
clap_builder/src/error/format.rs	write_dynamic_context	clap_builder/src/error/mod.rs	get
clap_builder/src/error/format.rs	write_dynamic_context	clap_builder/src/error/mod.rs	kind
clap_builder/src/error/format.rs	write_values_list	clap_builder/src/builder/styled_str.rs	push_str
clap_builder/src/error/kind.rs	fmt	clap_builder/src/error/kind.rs	as_str
clap_builder/src/error/mod.rs	argument_conflict	clap_builder/src/error/context.rs	String
clap_builder/src/error/mod.rs	argument_conflict	clap_builder/src/error/context.rs	Strings
clap_builder/src/error/mod.rs	argument_conflict	clap_builder/src/error/context.rs	StyledStr
clap_builder/src/error/mod.rs	argument_conflict	clap_builder/src/error/mod.rs	extend_context_unchecked
clap_builder/src/error/mod.rs	argument_conflict	clap_builder/src/error/mod.rs	insert_context_unchecked
clap_builder/src/error/mod.rs	argument_conflict	clap_builder/src/error/mod.rs	new
clap_builder/src/error/mod.rs	argument_conflict	clap_builder/src/error/mod.rs	with_cmd
clap_builder/src/error/mod.rs	display_help	clap_builder/src/error/mod.rs	for_app
clap_builder/src/error/mod.rs	display_help_error	clap_builder/src/error/mod.rs	for_app
clap_builder/src/error/mod.rs	display_version	clap_builder/src/error/mod.rs	for_app
clap_builder/src/error/mod.rs	empty_value	clap_builder/src/error/mod.rs	invalid_value
clap_builder/src/error/mod.rs	exit	clap_builder/src/error/mod.rs	exit_code
clap_builder/src/error/mod.rs	exit	clap_builder/src/error/mod.rs	print
clap_builder/src/error/mod.rs	exit_code	clap_builder/src/error/mod.rs	use_stderr
clap_builder/src/error/mod.rs	for_app	clap_builder/src/error/mod.rs	new
clap_builder/src/error/mod.rs	for_app	clap_builder/src/error/mod.rs	set_message
clap_builder/src/error/mod.rs	for_app	clap_builder/src/error/mod.rs	with_cmd
clap_builder/src/error/mod.rs	format	clap_builder/src/builder/command.rs	_build_self
clap_builder/src/error/mod.rs	format	clap_builder/src/builder/command.rs	get_styles
clap_builder/src/error/mod.rs	format	clap_builder/src/builder/command.rs	render_usage_
clap_builder/src/error/mod.rs	format	clap_builder/src/error/format.rs	format_error_message
clap_builder/src/error/mod.rs	format	clap_builder/src/error/mod.rs	Formatted
clap_builder/src/error/mod.rs	format	clap_builder/src/error/mod.rs	with_cmd
clap_builder/src/error/mod.rs	formatted	clap_builder/src/error/format.rs	format_error
clap_builder/src/error/mod.rs	formatted	clap_builder/src/error/format.rs	format_error_message
clap_builder/src/error/mod.rs	from	clap_builder/src/error/mod.rs	Formatted
clap_builder/src/error/mod.rs	from	clap_builder/src/error/mod.rs	Raw
clap_builder/src/error/mod.rs	from	clap_builder/src/error/mod.rs	raw
clap_builder/src/error/mod.rs	invalid_subcommand	clap_builder/src/builder/command.rs	get_styles
clap_builder/src/error/mod.rs	invalid_subcommand	clap_builder/src/builder/styled_str.rs	new
clap_builder/src/error/mod.rs	invalid_subcommand	clap_builder/src/builder/styling.rs	get_invalid
clap_builder/src/error/mod.rs	invalid_subcommand	clap_builder/src/builder/styling.rs	get_valid
clap_builder/src/error/mod.rs	invalid_subcommand	clap_builder/src/error/context.rs	String
clap_builder/src/error/mod.rs	invalid_subcommand	clap_builder/src/error/context.rs	Strings
clap_builder/src/error/mod.rs	invalid_subcommand	clap_builder/src/error/context.rs	StyledStr
clap_builder/src/error/mod.rs	invalid_subcommand	clap_builder/src/error/context.rs	StyledStrs
clap_builder/src/error/mod.rs	invalid_subcommand	clap_builder/src/error/mod.rs	extend_context_unchecked
clap_builder/src/error/mod.rs	invalid_subcommand	clap_builder/src/error/mod.rs	insert_context_unchecked
clap_builder/src/error/mod.rs	invalid_subcommand	clap_builder/src/error/mod.rs	new
clap_builder/src/error/mod.rs	invalid_subcommand	clap_builder/src/error/mod.rs	with_cmd
clap_builder/src/error/mod.rs	invalid_utf8	clap_builder/src/error/context.rs	StyledStr
clap_builder/src/error/mod.rs	invalid_utf8	clap_builder/src/error/mod.rs	insert_context_unchecked
clap_builder/src/error/mod.rs	invalid_utf8	clap_builder/src/error/mod.rs	new
clap_builder/src/error/mod.rs	invalid_utf8	clap_builder/src/error/mod.rs	with_cmd
clap_builder/src/error/mod.rs	invalid_value	clap_builder/src/error/context.rs	String
clap_builder/src/error/mod.rs	invalid_value	clap_builder/src/error/context.rs	Strings
clap_builder/src/error/mod.rs	invalid_value	clap_builder/src/error/mod.rs	extend_context_unchecked
clap_builder/src/error/mod.rs	invalid_value	clap_builder/src/error/mod.rs	insert_context_unchecked
clap_builder/src/error/mod.rs	invalid_value	clap_builder/src/error/mod.rs	new
clap_builder/src/error/mod.rs	invalid_value	clap_builder/src/error/mod.rs	with_cmd
clap_builder/src/error/mod.rs	invalid_value	clap_builder/src/parser/features/suggestions.rs	did_you_mean
clap_builder/src/error/mod.rs	missing_required_argument	clap_builder/src/error/context.rs	Strings
clap_builder/src/error/mod.rs	missing_required_argument	clap_builder/src/error/context.rs	StyledStr
clap_builder/src/error/mod.rs	missing_required_argument	clap_builder/src/error/mod.rs	extend_context_unchecked
clap_builder/src/error/mod.rs	missing_required_argument	clap_builder/src/error/mod.rs	insert_context_unchecked
clap_builder/src/error/mod.rs	missing_required_argument	clap_builder/src/error/mod.rs	new
clap_builder/src/error/mod.rs	missing_required_argument	clap_builder/src/error/mod.rs	with_cmd
clap_builder/src/error/mod.rs	missing_subcommand	clap_builder/src/error/context.rs	String
clap_builder/src/error/mod.rs	missing_subcommand	clap_builder/src/error/context.rs	Strings
clap_builder/src/error/mod.rs	missing_subcommand	clap_builder/src/error/context.rs	StyledStr
clap_builder/src/error/mod.rs	missing_subcommand	clap_builder/src/error/mod.rs	extend_context_unchecked
clap_builder/src/error/mod.rs	missing_subcommand	clap_builder/src/error/mod.rs	insert_context_unchecked
clap_builder/src/error/mod.rs	missing_subcommand	clap_builder/src/error/mod.rs	new
clap_builder/src/error/mod.rs	missing_subcommand	clap_builder/src/error/mod.rs	with_cmd
clap_builder/src/error/mod.rs	new	clap_builder/src/builder/styling.rs	plain
clap_builder/src/error/mod.rs	new	clap_builder/src/error/mod.rs	new
clap_builder/src/error/mod.rs	new	clap_builder/src/util/flat_map.rs	new
clap_builder/src/error/mod.rs	no_equals	clap_builder/src/error/context.rs	String
clap_builder/src/error/mod.rs	no_equals	clap_builder/src/error/context.rs	StyledStr
clap_builder/src/error/mod.rs	no_equals	clap_builder/src/error/mod.rs	extend_context_unchecked
clap_builder/src/error/mod.rs	no_equals	clap_builder/src/error/mod.rs	insert_context_unchecked
clap_builder/src/error/mod.rs	no_equals	clap_builder/src/error/mod.rs	new
clap_builder/src/error/mod.rs	no_equals	clap_builder/src/error/mod.rs	with_cmd
clap_builder/src/error/mod.rs	print	clap_builder/src/error/mod.rs	formatted
clap_builder/src/error/mod.rs	print	clap_builder/src/error/mod.rs	stream
clap_builder/src/error/mod.rs	print	clap_builder/src/output/fmt.rs	new
clap_builder/src/error/mod.rs	print	clap_builder/src/output/fmt.rs	print
clap_builder/src/error/mod.rs	print	clap_builder/src/output/fmt.rs	with_content
clap_builder/src/error/mod.rs	raw	clap_builder/src/error/mod.rs	new
clap_builder/src/error/mod.rs	raw	clap_builder/src/error/mod.rs	set_message
clap_builder/src/error/mod.rs	render	clap_builder/src/error/mod.rs	formatted
clap_builder/src/error/mod.rs	stream	clap_builder/src/error/mod.rs	kind
clap_builder/src/error/mod.rs	subcommand_conflict	clap_builder/src/error/context.rs	String
clap_builder/src/error/mod.rs	subcommand_conflict	clap_builder/src/error/context.rs	Strings
clap_builder/src/error/mod.rs	subcommand_conflict	clap_builder/src/error/context.rs	StyledStr
clap_builder/src/error/mod.rs	subcommand_conflict	clap_builder/src/error/mod.rs	extend_context_unchecked
clap_builder/src/error/mod.rs	subcommand_conflict	clap_builder/src/error/mod.rs	insert_context_unchecked
clap_builder/src/error/mod.rs	subcommand_conflict	clap_builder/src/error/mod.rs	new
clap_builder/src/error/mod.rs	subcommand_conflict	clap_builder/src/error/mod.rs	with_cmd
clap_builder/src/error/mod.rs	too_few_values	clap_builder/src/error/context.rs	Number
clap_builder/src/error/mod.rs	too_few_values	clap_builder/src/error/context.rs	String
clap_builder/src/error/mod.rs	too_few_values	clap_builder/src/error/context.rs	StyledStr
clap_builder/src/error/mod.rs	too_few_values	clap_builder/src/error/mod.rs	extend_context_unchecked
clap_builder/src/error/mod.rs	too_few_values	clap_builder/src/error/mod.rs	insert_context_unchecked
clap_builder/src/error/mod.rs	too_few_values	clap_builder/src/error/mod.rs	new
clap_builder/src/error/mod.rs	too_few_values	clap_builder/src/error/mod.rs	with_cmd
clap_builder/src/error/mod.rs	too_many_values	clap_builder/src/error/context.rs	String
clap_builder/src/error/mod.rs	too_many_values	clap_builder/src/error/context.rs	StyledStr
clap_builder/src/error/mod.rs	too_many_values	clap_builder/src/error/mod.rs	extend_context_unchecked
clap_builder/src/error/mod.rs	too_many_values	clap_builder/src/error/mod.rs	insert_context_unchecked
clap_builder/src/error/mod.rs	too_many_values	clap_builder/src/error/mod.rs	new
clap_builder/src/error/mod.rs	too_many_values	clap_builder/src/error/mod.rs	with_cmd
clap_builder/src/error/mod.rs	unknown_argument	clap_builder/src/builder/command.rs	get_styles
clap_builder/src/error/mod.rs	unknown_argument	clap_builder/src/builder/styled_str.rs	new
clap_builder/src/error/mod.rs	unknown_argument	clap_builder/src/builder/styling.rs	get_invalid
clap_builder/src/error/mod.rs	unknown_argument	clap_builder/src/builder/styling.rs	get_valid
clap_builder/src/error/mod.rs	unknown_argument	clap_builder/src/error/context.rs	String
clap_builder/src/error/mod.rs	unknown_argument	clap_builder/src/error/context.rs	StyledStr
clap_builder/src/error/mod.rs	unknown_argument	clap_builder/src/error/context.rs	StyledStrs
clap_builder/src/error/mod.rs	unknown_argument	clap_builder/src/error/mod.rs	extend_context_unchecked
clap_builder/src/error/mod.rs	unknown_argument	clap_builder/src/error/mod.rs	insert_context_unchecked
clap_builder/src/error/mod.rs	unknown_argument	clap_builder/src/error/mod.rs	new
clap_builder/src/error/mod.rs	unknown_argument	clap_builder/src/error/mod.rs	with_cmd
clap_builder/src/error/mod.rs	unnecessary_double_dash	clap_builder/src/builder/command.rs	get_styles
clap_builder/src/error/mod.rs	unnecessary_double_dash	clap_builder/src/builder/styled_str.rs	new
clap_builder/src/error/mod.rs	unnecessary_double_dash	clap_builder/src/builder/styling.rs	get_invalid
clap_builder/src/error/mod.rs	unnecessary_double_dash	clap_builder/src/builder/styling.rs	get_valid
clap_builder/src/error/mod.rs	unnecessary_double_dash	clap_builder/src/error/context.rs	String
clap_builder/src/error/mod.rs	unnecessary_double_dash	clap_builder/src/error/context.rs	StyledStr
clap_builder/src/error/mod.rs	unnecessary_double_dash	clap_builder/src/error/context.rs	StyledStrs
clap_builder/src/error/mod.rs	unnecessary_double_dash	clap_builder/src/error/mod.rs	extend_context_unchecked
clap_builder/src/error/mod.rs	unnecessary_double_dash	clap_builder/src/error/mod.rs	insert_context_unchecked
clap_builder/src/error/mod.rs	unnecessary_double_dash	clap_builder/src/error/mod.rs	new
clap_builder/src/error/mod.rs	unnecessary_double_dash	clap_builder/src/error/mod.rs	with_cmd
clap_builder/src/error/mod.rs	unrecognized_subcommand	clap_builder/src/error/context.rs	String
clap_builder/src/error/mod.rs	unrecognized_subcommand	clap_builder/src/error/context.rs	StyledStr
clap_builder/src/error/mod.rs	unrecognized_subcommand	clap_builder/src/error/mod.rs	extend_context_unchecked
clap_builder/src/error/mod.rs	unrecognized_subcommand	clap_builder/src/error/mod.rs	insert_context_unchecked
clap_builder/src/error/mod.rs	unrecognized_subcommand	clap_builder/src/error/mod.rs	new
clap_builder/src/error/mod.rs	unrecognized_subcommand	clap_builder/src/error/mod.rs	with_cmd
clap_builder/src/error/mod.rs	use_stderr	clap_builder/src/error/mod.rs	stream
clap_builder/src/error/mod.rs	value_validation	clap_builder/src/error/context.rs	String
clap_builder/src/error/mod.rs	value_validation	clap_builder/src/error/mod.rs	extend_context_unchecked
clap_builder/src/error/mod.rs	value_validation	clap_builder/src/error/mod.rs	new
clap_builder/src/error/mod.rs	value_validation	clap_builder/src/error/mod.rs	set_source
clap_builder/src/error/mod.rs	with_cmd	clap_builder/src/builder/command.rs	color_help
clap_builder/src/error/mod.rs	with_cmd	clap_builder/src/builder/command.rs	get_color
clap_builder/src/error/mod.rs	with_cmd	clap_builder/src/builder/command.rs	get_styles
clap_builder/src/error/mod.rs	with_cmd	clap_builder/src/error/format.rs	get_help_flag
clap_builder/src/error/mod.rs	with_cmd	clap_builder/src/error/mod.rs	set_color
clap_builder/src/error/mod.rs	with_cmd	clap_builder/src/error/mod.rs	set_colored_help
clap_builder/src/error/mod.rs	with_cmd	clap_builder/src/error/mod.rs	set_help_flag
clap_builder/src/error/mod.rs	with_cmd	clap_builder/src/error/mod.rs	set_styles
clap_builder/src/error/mod.rs	wrong_number_of_values	clap_builder/src/error/context.rs	Number
clap_builder/src/error/mod.rs	wrong_number_of_values	clap_builder/src/error/context.rs	String
clap_builder/src/error/mod.rs	wrong_number_of_values	clap_builder/src/error/context.rs	StyledStr
clap_builder/src/error/mod.rs	wrong_number_of_values	clap_builder/src/error/mod.rs	extend_context_unchecked
clap_builder/src/error/mod.rs	wrong_number_of_values	clap_builder/src/error/mod.rs	insert_context_unchecked
clap_builder/src/error/mod.rs	wrong_number_of_values	clap_builder/src/error/mod.rs	new
clap_builder/src/error/mod.rs	wrong_number_of_values	clap_builder/src/error/mod.rs	with_cmd
clap_builder/src/mkeymap.rs	append_keys	clap_builder/src/mkeymap.rs	Long
clap_builder/src/mkeymap.rs	append_keys	clap_builder/src/mkeymap.rs	Position
clap_builder/src/mkeymap.rs	append_keys	clap_builder/src/mkeymap.rs	Short
clap_builder/src/mkeymap.rs	index	clap_builder/src/mkeymap.rs	get
clap_builder/src/output/fmt.rs	print	/Users/chrishafley/.cargo/registry/src/index.crates.io-1949cf8c6b5b557f/anstream-1.0.0/src/auto.rs	new
clap_builder/src/output/fmt.rs	print	clap_builder/src/builder/styled_str.rs	write_to
clap_builder/src/output/help.rs	write_help	clap_builder/src/builder/command.rs	get_help_template
clap_builder/src/output/help.rs	write_help	clap_builder/src/builder/command.rs	get_override_help
clap_builder/src/output/help.rs	write_help	clap_builder/src/builder/styled_str.rs	push_str
clap_builder/src/output/help.rs	write_help	clap_builder/src/builder/styled_str.rs	push_styled
clap_builder/src/output/help.rs	write_help	clap_builder/src/builder/styled_str.rs	trim_end
clap_builder/src/output/help.rs	write_help	clap_builder/src/builder/styled_str.rs	trim_start_lines
clap_builder/src/output/help.rs	write_help	clap_builder/src/output/help_template.rs	new
clap_builder/src/output/help.rs	write_help	clap_builder/src/output/help_template.rs	write_help
clap_builder/src/output/help.rs	write_help	clap_builder/src/output/help_template.rs	write_templated_help
clap_builder/src/output/help_template.rs	align_to_about	clap_builder/src/builder/arg.rs	get_long
clap_builder/src/output/help_template.rs	align_to_about	clap_builder/src/builder/arg.rs	is_positional
clap_builder/src/output/help_template.rs	align_to_about	clap_builder/src/output/help_template.rs	write_padding
clap_builder/src/output/help_template.rs	align_to_about	clap_builder/src/output/textwrap/core.rs	display_width
clap_builder/src/output/help_template.rs	arg_next_line_help	clap_builder/src/builder/arg.rs	get_help
clap_builder/src/output/help_template.rs	arg_next_line_help	clap_builder/src/builder/arg.rs	get_long_help
clap_builder/src/output/help_template.rs	arg_next_line_help	clap_builder/src/builder/arg.rs	is_next_line_help_set
clap_builder/src/output/help_template.rs	arg_next_line_help	clap_builder/src/output/textwrap/core.rs	display_width
clap_builder/src/output/help_template.rs	help	clap_builder/src/builder/styled_str.rs	indent
clap_builder/src/output/help_template.rs	help	clap_builder/src/builder/styled_str.rs	new
clap_builder/src/output/help_template.rs	help	clap_builder/src/builder/styled_str.rs	push_str
clap_builder/src/output/help_template.rs	help	clap_builder/src/builder/styled_str.rs	push_styled
clap_builder/src/output/help_template.rs	help	clap_builder/src/builder/styled_str.rs	wrap
clap_builder/src/output/help_template.rs	help	clap_builder/src/builder/styling.rs	get_literal
clap_builder/src/output/help_template.rs	help	clap_builder/src/output/help_template.rs	get_spaces
clap_builder/src/output/help_template.rs	help	clap_builder/src/output/help_template.rs	use_long_pv
clap_builder/src/output/help_template.rs	help	clap_builder/src/output/textwrap/core.rs	display_width
clap_builder/src/output/help_template.rs	long	clap_builder/src/builder/arg.rs	get_long
clap_builder/src/output/help_template.rs	long	clap_builder/src/builder/arg.rs	get_short
clap_builder/src/output/help_template.rs	long	clap_builder/src/builder/styled_str.rs	push_str
clap_builder/src/output/help_template.rs	long	clap_builder/src/builder/styling.rs	get_literal
clap_builder/src/output/help_template.rs	new	clap_builder/src/builder/command.rs	get_styles
clap_builder/src/output/help_template.rs	new	clap_builder/src/builder/command.rs	is_next_line_help_set
clap_builder/src/output/help_template.rs	new	clap_builder/src/output/help_template.rs	new
clap_builder/src/output/help_template.rs	new	clap_builder/src/output/help_template.rs	term_w
clap_builder/src/output/help_template.rs	option_sort_key	clap_builder/src/builder/arg.rs	get_display_order
clap_builder/src/output/help_template.rs	option_sort_key	clap_builder/src/builder/arg.rs	get_id
clap_builder/src/output/help_template.rs	option_sort_key	clap_builder/src/builder/arg.rs	get_long
clap_builder/src/output/help_template.rs	option_sort_key	clap_builder/src/builder/arg.rs	get_short
clap_builder/src/output/help_template.rs	option_sort_key	clap_builder/src/util/id.rs	as_str
clap_builder/src/output/help_template.rs	positional_sort_key	clap_builder/src/builder/arg.rs	get_index
clap_builder/src/output/help_template.rs	sc_spec_vals	clap_builder/src/builder/command.rs	get_visible_aliases
clap_builder/src/output/help_template.rs	sc_spec_vals	clap_builder/src/builder/command.rs	get_visible_long_flag_aliases
clap_builder/src/output/help_template.rs	sc_spec_vals	clap_builder/src/builder/command.rs	get_visible_short_flag_aliases
clap_builder/src/output/help_template.rs	sc_spec_vals	clap_builder/src/builder/styling.rs	get_context
clap_builder/src/output/help_template.rs	sc_spec_vals	clap_builder/src/builder/styling.rs	get_context_value
clap_builder/src/output/help_template.rs	sc_spec_vals	clap_builder/src/output/help_template.rs	pluralize
clap_builder/src/output/help_template.rs	short	clap_builder/src/builder/arg.rs	get_long
clap_builder/src/output/help_template.rs	short	clap_builder/src/builder/arg.rs	get_short
clap_builder/src/output/help_template.rs	short	clap_builder/src/builder/styled_str.rs	push_str
clap_builder/src/output/help_template.rs	short	clap_builder/src/builder/styling.rs	get_literal
clap_builder/src/output/help_template.rs	should_show_arg	clap_builder/src/builder/arg.rs	is_hide_long_help_set
clap_builder/src/output/help_template.rs	should_show_arg	clap_builder/src/builder/arg.rs	is_hide_set
clap_builder/src/output/help_template.rs	should_show_arg	clap_builder/src/builder/arg.rs	is_hide_short_help_set
clap_builder/src/output/help_template.rs	should_show_arg	clap_builder/src/builder/arg.rs	is_next_line_help_set
clap_builder/src/output/help_template.rs	should_show_subcommand	clap_builder/src/builder/command.rs	is_hide_set
clap_builder/src/output/help_template.rs	spec_vals	clap_builder/src/builder/arg.rs	get_possible_values
clap_builder/src/output/help_template.rs	spec_vals	clap_builder/src/builder/arg.rs	is_hide_default_value_set
clap_builder/src/output/help_template.rs	spec_vals	clap_builder/src/builder/arg.rs	is_hide_possible_values_set
clap_builder/src/output/help_template.rs	spec_vals	clap_builder/src/builder/arg.rs	is_takes_value_set
clap_builder/src/output/help_template.rs	spec_vals	clap_builder/src/builder/styling.rs	get_context
clap_builder/src/output/help_template.rs	spec_vals	clap_builder/src/builder/styling.rs	get_context_value
clap_builder/src/output/help_template.rs	spec_vals	clap_builder/src/output/help_template.rs	pluralize
clap_builder/src/output/help_template.rs	spec_vals	clap_builder/src/output/help_template.rs	use_long_pv
clap_builder/src/output/help_template.rs	spec_vals	clap_builder/src/util/escape.rs	Escape
clap_builder/src/output/help_template.rs	spec_vals	clap_builder/src/util/escape.rs	to_cow
clap_builder/src/output/help_template.rs	subcmd	clap_builder/src/builder/styled_str.rs	display_width
clap_builder/src/output/help_template.rs	subcmd	clap_builder/src/builder/styled_str.rs	push_str
clap_builder/src/output/help_template.rs	subcmd	clap_builder/src/builder/styled_str.rs	push_styled
clap_builder/src/output/help_template.rs	subcmd	clap_builder/src/output/help_template.rs	write_padding
clap_builder/src/output/help_template.rs	subcommand_next_line_help	clap_builder/src/builder/command.rs	get_about
clap_builder/src/output/help_template.rs	subcommand_next_line_help	clap_builder/src/builder/command.rs	get_long_about
clap_builder/src/output/help_template.rs	subcommand_next_line_help	clap_builder/src/output/textwrap/core.rs	display_width
clap_builder/src/output/help_template.rs	term_w	clap_builder/src/builder/command.rs	get_max_term_width
clap_builder/src/output/help_template.rs	term_w	clap_builder/src/builder/command.rs	get_term_width
clap_builder/src/output/help_template.rs	term_w	clap_builder/src/output/help_template.rs	dimensions
clap_builder/src/output/help_template.rs	use_long_pv	clap_builder/src/builder/arg.rs	get_possible_values
clap_builder/src/output/help_template.rs	will_args_wrap	clap_builder/src/output/help_template.rs	arg_next_line_help
clap_builder/src/output/help_template.rs	will_args_wrap	clap_builder/src/output/help_template.rs	should_show_arg
clap_builder/src/output/help_template.rs	will_args_wrap	clap_builder/src/output/help_template.rs	spec_vals
clap_builder/src/output/help_template.rs	will_subcommands_wrap	clap_builder/src/output/help_template.rs	sc_spec_vals
clap_builder/src/output/help_template.rs	will_subcommands_wrap	clap_builder/src/output/help_template.rs	should_show_subcommand
clap_builder/src/output/help_template.rs	will_subcommands_wrap	clap_builder/src/output/help_template.rs	subcommand_next_line_help
clap_builder/src/output/help_template.rs	write_about	clap_builder/src/builder/command.rs	get_about
clap_builder/src/output/help_template.rs	write_about	clap_builder/src/builder/command.rs	get_long_about
clap_builder/src/output/help_template.rs	write_about	clap_builder/src/builder/styled_str.rs	push_str
clap_builder/src/output/help_template.rs	write_about	clap_builder/src/builder/styled_str.rs	push_styled
clap_builder/src/output/help_template.rs	write_after_help	clap_builder/src/builder/command.rs	get_after_help
clap_builder/src/output/help_template.rs	write_after_help	clap_builder/src/builder/command.rs	get_after_long_help
clap_builder/src/output/help_template.rs	write_after_help	clap_builder/src/builder/styled_str.rs	push_str
clap_builder/src/output/help_template.rs	write_after_help	clap_builder/src/builder/styled_str.rs	push_styled
clap_builder/src/output/help_template.rs	write_all_args	clap_builder/src/builder/command.rs	get_arguments
clap_builder/src/output/help_template.rs	write_all_args	clap_builder/src/builder/command.rs	get_non_positionals
clap_builder/src/output/help_template.rs	write_all_args	clap_builder/src/builder/command.rs	get_positionals
clap_builder/src/output/help_template.rs	write_all_args	clap_builder/src/builder/command.rs	get_subcommand_help_heading
clap_builder/src/output/help_template.rs	write_all_args	clap_builder/src/builder/command.rs	has_visible_subcommands
clap_builder/src/output/help_template.rs	write_all_args	clap_builder/src/builder/command.rs	is_flatten_help_set
clap_builder/src/output/help_template.rs	write_all_args	clap_builder/src/builder/styled_str.rs	push_str
clap_builder/src/output/help_template.rs	write_all_args	clap_builder/src/builder/styling.rs	get_header
clap_builder/src/output/help_template.rs	write_all_args	clap_builder/src/output/help_template.rs	should_show_arg
clap_builder/src/output/help_template.rs	write_all_args	clap_builder/src/output/help_template.rs	write_args
clap_builder/src/output/help_template.rs	write_all_args	clap_builder/src/output/help_template.rs	write_flat_subcommands
clap_builder/src/output/help_template.rs	write_all_args	clap_builder/src/output/help_template.rs	write_subcommands
clap_builder/src/output/help_template.rs	write_arg	clap_builder/src/builder/arg.rs	get_help
clap_builder/src/output/help_template.rs	write_arg	clap_builder/src/builder/arg.rs	get_long_help
clap_builder/src/output/help_template.rs	write_arg	clap_builder/src/builder/arg.rs	stylize_arg_suffix
clap_builder/src/output/help_template.rs	write_arg	clap_builder/src/builder/styled_str.rs	push_str
clap_builder/src/output/help_template.rs	write_arg	clap_builder/src/builder/styled_str.rs	push_styled
clap_builder/src/output/help_template.rs	write_arg	clap_builder/src/output/help_template.rs	align_to_about
clap_builder/src/output/help_template.rs	write_arg	clap_builder/src/output/help_template.rs	help
clap_builder/src/output/help_template.rs	write_arg	clap_builder/src/output/help_template.rs	long
clap_builder/src/output/help_template.rs	write_arg	clap_builder/src/output/help_template.rs	short
clap_builder/src/output/help_template.rs	write_arg	clap_builder/src/output/help_template.rs	spec_vals
clap_builder/src/output/help_template.rs	write_args	clap_builder/src/output/help_template.rs	will_args_wrap
clap_builder/src/output/help_template.rs	write_author	clap_builder/src/builder/command.rs	get_author
clap_builder/src/output/help_template.rs	write_author	clap_builder/src/builder/styled_str.rs	push_str
clap_builder/src/output/help_template.rs	write_author	clap_builder/src/builder/styled_str.rs	push_string
clap_builder/src/output/help_template.rs	write_author	clap_builder/src/output/textwrap/mod.rs	wrap
clap_builder/src/output/help_template.rs	write_before_help	clap_builder/src/builder/command.rs	get_before_help
clap_builder/src/output/help_template.rs	write_before_help	clap_builder/src/builder/command.rs	get_before_long_help
clap_builder/src/output/help_template.rs	write_before_help	clap_builder/src/builder/styled_str.rs	push_str
clap_builder/src/output/help_template.rs	write_before_help	clap_builder/src/builder/styled_str.rs	push_styled
clap_builder/src/output/help_template.rs	write_bin_name	clap_builder/src/builder/command.rs	get_bin_name
clap_builder/src/output/help_template.rs	write_bin_name	clap_builder/src/builder/command.rs	get_name
clap_builder/src/output/help_template.rs	write_bin_name	clap_builder/src/builder/styled_str.rs	push_string
clap_builder/src/output/help_template.rs	write_bin_name	clap_builder/src/output/textwrap/mod.rs	wrap
clap_builder/src/output/help_template.rs	write_display_name	clap_builder/src/builder/command.rs	get_display_name
clap_builder/src/output/help_template.rs	write_display_name	clap_builder/src/builder/command.rs	get_name
clap_builder/src/output/help_template.rs	write_display_name	clap_builder/src/builder/styled_str.rs	push_string
clap_builder/src/output/help_template.rs	write_display_name	clap_builder/src/output/textwrap/mod.rs	wrap
clap_builder/src/output/help_template.rs	write_flat_subcommands	clap_builder/src/builder/styling.rs	get_header
clap_builder/src/output/help_template.rs	write_help	clap_builder/src/builder/command.rs	get_non_positionals
clap_builder/src/output/help_template.rs	write_help	clap_builder/src/builder/command.rs	get_positionals
clap_builder/src/output/help_template.rs	write_help	clap_builder/src/builder/command.rs	has_visible_subcommands
clap_builder/src/output/help_template.rs	write_help	clap_builder/src/output/help_template.rs	should_show_arg
clap_builder/src/output/help_template.rs	write_help	clap_builder/src/output/help_template.rs	write_templated_help
clap_builder/src/output/help_template.rs	write_subcommand	clap_builder/src/builder/command.rs	get_about
clap_builder/src/output/help_template.rs	write_subcommand	clap_builder/src/builder/command.rs	get_long_about
clap_builder/src/output/help_template.rs	write_subcommand	clap_builder/src/output/help_template.rs	help
clap_builder/src/output/help_template.rs	write_subcommand	clap_builder/src/output/help_template.rs	sc_spec_vals
clap_builder/src/output/help_template.rs	write_subcommand	clap_builder/src/output/help_template.rs	subcmd
clap_builder/src/output/help_template.rs	write_subcommands	clap_builder/src/builder/command.rs	get_subcommands
clap_builder/src/output/help_template.rs	write_subcommands	clap_builder/src/builder/styling.rs	get_literal
clap_builder/src/output/help_template.rs	write_subcommands	clap_builder/src/output/help_template.rs	will_subcommands_wrap
clap_builder/src/output/help_template.rs	write_templated_help	clap_builder/src/builder/styled_str.rs	push_str
clap_builder/src/output/help_template.rs	write_version	clap_builder/src/builder/command.rs	get_long_version
clap_builder/src/output/help_template.rs	write_version	clap_builder/src/builder/command.rs	get_version
clap_builder/src/output/help_template.rs	write_version	clap_builder/src/builder/styled_str.rs	push_string
clap_builder/src/output/help_template.rs	write_version	clap_builder/src/output/textwrap/mod.rs	wrap
clap_builder/src/output/usage.rs	create_usage_no_title	clap_builder/src/builder/styled_str.rs	new
clap_builder/src/output/usage.rs	create_usage_no_title	clap_builder/src/builder/styled_str.rs	trim_end
clap_builder/src/output/usage.rs	create_usage_no_title	clap_builder/src/output/usage.rs	write_usage_no_title
clap_builder/src/output/usage.rs	create_usage_with_title	clap_builder/src/builder/styled_str.rs	new
clap_builder/src/output/usage.rs	create_usage_with_title	clap_builder/src/builder/styled_str.rs	trim_end
clap_builder/src/output/usage.rs	create_usage_with_title	clap_builder/src/output/usage.rs	write_usage_no_title
clap_builder/src/output/usage.rs	get_required_usage_from	clap_builder/src/builder/command.rs	required_graph
clap_builder/src/output/usage.rs	get_required_usage_from	clap_builder/src/util/flat_set.rs	new
clap_builder/src/output/usage.rs	new	clap_builder/src/builder/command.rs	get_styles
clap_builder/src/output/usage.rs	write_arg_usage	clap_builder/src/builder/command.rs	get_usage_name_fallback
clap_builder/src/output/usage.rs	write_arg_usage	clap_builder/src/builder/styling.rs	get_literal
clap_builder/src/output/usage.rs	write_arg_usage	clap_builder/src/builder/styling.rs	get_placeholder
clap_builder/src/output/usage.rs	write_arg_usage	clap_builder/src/output/usage.rs	needs_options_tag
clap_builder/src/output/usage.rs	write_arg_usage	clap_builder/src/output/usage.rs	write_args
clap_builder/src/output/usage.rs	write_args	clap_builder/src/builder/command.rs	required_graph
clap_builder/src/output/usage.rs	write_args	clap_builder/src/builder/styling.rs	get_literal
clap_builder/src/output/usage.rs	write_args	clap_builder/src/util/flat_set.rs	new
clap_builder/src/output/usage.rs	write_help_usage	clap_builder/src/builder/command.rs	has_visible_subcommands
clap_builder/src/output/usage.rs	write_help_usage	clap_builder/src/builder/command.rs	is_args_conflicts_with_subcommands_set
clap_builder/src/output/usage.rs	write_help_usage	clap_builder/src/builder/command.rs	is_flatten_help_set
clap_builder/src/output/usage.rs	write_help_usage	clap_builder/src/builder/command.rs	is_subcommand_required_set
clap_builder/src/output/usage.rs	write_help_usage	clap_builder/src/builder/styled_str.rs	trim_end
clap_builder/src/output/usage.rs	write_help_usage	clap_builder/src/output/usage.rs	write_arg_usage
clap_builder/src/output/usage.rs	write_help_usage	clap_builder/src/output/usage.rs	write_subcommand_usage
clap_builder/src/output/usage.rs	write_smart_usage	clap_builder/src/builder/command.rs	get_subcommand_value_name
clap_builder/src/output/usage.rs	write_smart_usage	clap_builder/src/builder/command.rs	is_subcommand_required_set
clap_builder/src/output/usage.rs	write_smart_usage	clap_builder/src/builder/styling.rs	get_placeholder
clap_builder/src/output/usage.rs	write_smart_usage	clap_builder/src/output/usage.rs	write_arg_usage
clap_builder/src/output/usage.rs	write_subcommand_usage	clap_builder/src/builder/command.rs	get_subcommand_value_name
clap_builder/src/output/usage.rs	write_subcommand_usage	clap_builder/src/builder/command.rs	get_usage_name_fallback
clap_builder/src/output/usage.rs	write_subcommand_usage	clap_builder/src/builder/command.rs	has_visible_subcommands
clap_builder/src/output/usage.rs	write_subcommand_usage	clap_builder/src/builder/command.rs	is_allow_external_subcommands_set
clap_builder/src/output/usage.rs	write_subcommand_usage	clap_builder/src/builder/command.rs	is_args_conflicts_with_subcommands_set
clap_builder/src/output/usage.rs	write_subcommand_usage	clap_builder/src/builder/command.rs	is_subcommand_negates_reqs_set
clap_builder/src/output/usage.rs	write_subcommand_usage	clap_builder/src/builder/command.rs	is_subcommand_required_set
clap_builder/src/output/usage.rs	write_subcommand_usage	clap_builder/src/builder/styled_str.rs	trim_end
clap_builder/src/output/usage.rs	write_subcommand_usage	clap_builder/src/builder/styling.rs	get_literal
clap_builder/src/output/usage.rs	write_subcommand_usage	clap_builder/src/builder/styling.rs	get_placeholder
clap_builder/src/output/usage.rs	write_subcommand_usage	clap_builder/src/output/usage.rs	write_arg_usage
clap_builder/src/output/usage.rs	write_usage_no_title	clap_builder/src/builder/command.rs	get_overridden_usage
clap_builder/src/output/usage.rs	write_usage_no_title	clap_builder/src/builder/styled_str.rs	push_styled
clap_builder/src/output/usage.rs	write_usage_no_title	clap_builder/src/output/usage.rs	write_help_usage
clap_builder/src/output/usage.rs	write_usage_no_title	clap_builder/src/output/usage.rs	write_smart_usage
clap_builder/src/parser/arg_matcher.rs	add_index_to	clap_builder/src/parser/arg_matcher.rs	get_mut
clap_builder/src/parser/arg_matcher.rs	add_val_to	clap_builder/src/parser/arg_matcher.rs	get_mut
clap_builder/src/parser/arg_matcher.rs	arg_ids	clap_builder/src/util/flat_map.rs	keys
clap_builder/src/parser/arg_matcher.rs	args	clap_builder/src/util/flat_map.rs	iter
clap_builder/src/parser/arg_matcher.rs	check_explicit	clap_builder/src/parser/arg_matcher.rs	get
clap_builder/src/parser/arg_matcher.rs	contains	clap_builder/src/util/flat_map.rs	contains_key
clap_builder/src/parser/arg_matcher.rs	entry	clap_builder/src/util/flat_map.rs	entry
clap_builder/src/parser/arg_matcher.rs	fill_in_global_values	clap_builder/src/parser/arg_matcher.rs	fill_in_global_values
clap_builder/src/parser/arg_matcher.rs	get	clap_builder/src/util/flat_map.rs	get
clap_builder/src/parser/arg_matcher.rs	get_mut	clap_builder/src/util/flat_map.rs	get_mut
clap_builder/src/parser/arg_matcher.rs	needs_more_vals	clap_builder/src/builder/arg.rs	get_id
clap_builder/src/parser/arg_matcher.rs	needs_more_vals	clap_builder/src/builder/arg.rs	get_num_args
clap_builder/src/parser/arg_matcher.rs	propagate_globals	clap_builder/src/parser/arg_matcher.rs	fill_in_global_values
clap_builder/src/parser/arg_matcher.rs	propagate_globals	clap_builder/src/util/flat_map.rs	new
clap_builder/src/parser/arg_matcher.rs	remove	clap_builder/src/util/flat_map.rs	remove
clap_builder/src/parser/arg_matcher.rs	start_custom_arg	clap_builder/src/builder/arg.rs	get_id
clap_builder/src/parser/arg_matcher.rs	start_custom_arg	clap_builder/src/parser/arg_matcher.rs	entry
clap_builder/src/parser/arg_matcher.rs	start_custom_arg	clap_builder/src/parser/matches/matched_arg.rs	new_arg
clap_builder/src/parser/arg_matcher.rs	start_custom_arg	clap_builder/src/parser/matches/matched_arg.rs	new_val_group
clap_builder/src/parser/arg_matcher.rs	start_custom_arg	clap_builder/src/parser/matches/matched_arg.rs	set_source
clap_builder/src/parser/arg_matcher.rs	start_custom_arg	clap_builder/src/util/flat_map.rs	or_insert
clap_builder/src/parser/arg_matcher.rs	start_custom_group	clap_builder/src/parser/arg_matcher.rs	entry
clap_builder/src/parser/arg_matcher.rs	start_custom_group	clap_builder/src/parser/matches/matched_arg.rs	new_group
clap_builder/src/parser/arg_matcher.rs	start_custom_group	clap_builder/src/parser/matches/matched_arg.rs	new_val_group
clap_builder/src/parser/arg_matcher.rs	start_custom_group	clap_builder/src/parser/matches/matched_arg.rs	set_source
clap_builder/src/parser/arg_matcher.rs	start_custom_group	clap_builder/src/util/flat_map.rs	or_insert
clap_builder/src/parser/arg_matcher.rs	start_occurrence_of_external	clap_builder/src/parser/arg_matcher.rs	entry
clap_builder/src/parser/arg_matcher.rs	start_occurrence_of_external	clap_builder/src/parser/matches/matched_arg.rs	new_external
clap_builder/src/parser/arg_matcher.rs	start_occurrence_of_external	clap_builder/src/parser/matches/matched_arg.rs	new_val_group
clap_builder/src/parser/arg_matcher.rs	start_occurrence_of_external	clap_builder/src/parser/matches/matched_arg.rs	set_source
clap_builder/src/parser/arg_matcher.rs	start_occurrence_of_external	clap_builder/src/util/flat_map.rs	or_insert
clap_builder/src/parser/arg_matcher.rs	start_occurrence_of_external	clap_builder/src/util/id.rs	from_static_ref
clap_builder/src/parser/arg_matcher.rs	subcommand_name	clap_builder/src/parser/matches/arg_matches.rs	subcommand_name
clap_builder/src/parser/features/suggestions.rs	did_you_mean_flag	clap_builder/src/parser/features/suggestions.rs	did_you_mean
clap_builder/src/parser/matches/arg_matches.rs	args_present	clap_builder/src/util/flat_map.rs	values
clap_builder/src/parser/matches/arg_matches.rs	contains_id	clap_builder/src/parser/error.rs	unwrap
clap_builder/src/parser/matches/arg_matches.rs	contains_id	clap_builder/src/parser/matches/arg_matches.rs	try_contains_id
clap_builder/src/parser/matches/arg_matches.rs	get_arg	clap_builder/src/util/flat_map.rs	get
clap_builder/src/parser/matches/arg_matches.rs	get_count	clap_builder/src/parser/matches/arg_matches.rs	get_one
clap_builder/src/parser/matches/arg_matches.rs	get_flag	clap_builder/src/parser/matches/arg_matches.rs	get_one
clap_builder/src/parser/matches/arg_matches.rs	get_many	clap_builder/src/parser/error.rs	unwrap
clap_builder/src/parser/matches/arg_matches.rs	get_many	clap_builder/src/parser/matches/arg_matches.rs	try_get_many
clap_builder/src/parser/matches/arg_matches.rs	get_occurrences	clap_builder/src/parser/error.rs	unwrap
clap_builder/src/parser/matches/arg_matches.rs	get_occurrences	clap_builder/src/parser/matches/arg_matches.rs	try_get_occurrences
clap_builder/src/parser/matches/arg_matches.rs	get_one	clap_builder/src/parser/error.rs	unwrap
clap_builder/src/parser/matches/arg_matches.rs	get_one	clap_builder/src/parser/matches/arg_matches.rs	try_get_one
clap_builder/src/parser/matches/arg_matches.rs	get_raw	clap_builder/src/parser/error.rs	unwrap
clap_builder/src/parser/matches/arg_matches.rs	get_raw	clap_builder/src/parser/matches/arg_matches.rs	try_get_raw
clap_builder/src/parser/matches/arg_matches.rs	get_raw_occurrences	clap_builder/src/parser/error.rs	unwrap
clap_builder/src/parser/matches/arg_matches.rs	get_raw_occurrences	clap_builder/src/parser/matches/arg_matches.rs	try_get_raw_occurrences
clap_builder/src/parser/matches/arg_matches.rs	ids	clap_builder/src/util/flat_map.rs	keys
clap_builder/src/parser/matches/arg_matches.rs	remove_many	clap_builder/src/parser/error.rs	unwrap
clap_builder/src/parser/matches/arg_matches.rs	remove_many	clap_builder/src/parser/matches/arg_matches.rs	try_remove_many
clap_builder/src/parser/matches/arg_matches.rs	remove_occurrences	clap_builder/src/parser/error.rs	unwrap
clap_builder/src/parser/matches/arg_matches.rs	remove_occurrences	clap_builder/src/parser/matches/arg_matches.rs	try_remove_occurrences
clap_builder/src/parser/matches/arg_matches.rs	remove_one	clap_builder/src/parser/error.rs	unwrap
clap_builder/src/parser/matches/arg_matches.rs	remove_one	clap_builder/src/parser/matches/arg_matches.rs	try_remove_one
clap_builder/src/parser/matches/arg_matches.rs	subcommand_matches	clap_builder/src/parser/matches/arg_matches.rs	get_subcommand
clap_builder/src/parser/matches/arg_matches.rs	try_clear_id	clap_builder/src/util/flat_map.rs	remove_entry
clap_builder/src/parser/matches/arg_matches.rs	try_contains_id	clap_builder/src/util/flat_map.rs	contains_key
clap_builder/src/parser/matches/arg_matches.rs	try_get_arg	clap_builder/src/util/flat_map.rs	get
clap_builder/src/parser/matches/arg_matches.rs	try_remove_arg_t	clap_builder/src/util/any_value.rs	of
clap_builder/src/parser/matches/arg_matches.rs	try_remove_arg_t	clap_builder/src/util/flat_map.rs	insert
clap_builder/src/parser/matches/arg_matches.rs	try_remove_arg_t	clap_builder/src/util/flat_map.rs	remove_entry
clap_builder/src/parser/matches/arg_matches.rs	unwrap_downcast_into	clap_builder/src/util/any_value.rs	downcast_into
clap_builder/src/parser/matches/arg_matches.rs	unwrap_downcast_ref	clap_builder/src/util/any_value.rs	downcast_ref
clap_builder/src/parser/matches/arg_matches.rs	value_source	clap_builder/src/parser/matches/arg_matches.rs	get_arg
clap_builder/src/parser/matches/arg_matches.rs	verify_arg_t	clap_builder/src/parser/matches/matched_arg.rs	infer_type_id
clap_builder/src/parser/matches/arg_matches.rs	verify_arg_t	clap_builder/src/util/any_value.rs	of
clap_builder/src/parser/matches/matched_arg.rs	check_explicit	clap_builder/src/parser/matches/matched_arg.rs	raw_vals_flatten
clap_builder/src/parser/matches/matched_arg.rs	check_explicit	clap_builder/src/util/mod.rs	eq_ignore_case
clap_builder/src/parser/matches/matched_arg.rs	first	clap_builder/src/parser/matches/matched_arg.rs	vals_flatten
clap_builder/src/parser/matches/matched_arg.rs	infer_type_id	clap_builder/src/parser/matches/matched_arg.rs	type_id
clap_builder/src/parser/matches/matched_arg.rs	infer_type_id	clap_builder/src/parser/matches/matched_arg.rs	vals_flatten
clap_builder/src/parser/matches/matched_arg.rs	new_arg	clap_builder/src/builder/arg.rs	get_value_parser
clap_builder/src/parser/matches/matched_arg.rs	new_arg	clap_builder/src/builder/arg.rs	is_ignore_case_set
clap_builder/src/parser/matches/matched_arg.rs	new_arg	clap_builder/src/builder/value_parser.rs	type_id
clap_builder/src/parser/matches/matched_arg.rs	new_external	clap_builder/src/builder/command.rs	get_external_subcommand_value_parser
clap_builder/src/parser/parser.rs	add_default_value	clap_builder/src/builder/arg.rs	get_id
clap_builder/src/parser/parser.rs	add_default_value	clap_builder/src/parser/arg_matcher.rs	contains
clap_builder/src/parser/parser.rs	did_you_mean_error	clap_builder/src/builder/command.rs	find
clap_builder/src/parser/parser.rs	did_you_mean_error	clap_builder/src/builder/command.rs	get_keymap
clap_builder/src/parser/parser.rs	did_you_mean_error	clap_builder/src/builder/command.rs	get_positionals
clap_builder/src/parser/parser.rs	did_you_mean_error	clap_builder/src/builder/command.rs	get_subcommands_mut
clap_builder/src/parser/parser.rs	did_you_mean_error	clap_builder/src/builder/command.rs	has_positionals
clap_builder/src/parser/parser.rs	did_you_mean_error	clap_builder/src/builder/command.rs	is_ignore_errors_set
clap_builder/src/parser/parser.rs	did_you_mean_error	clap_builder/src/builder/command.rs	required_graph
clap_builder/src/parser/parser.rs	did_you_mean_error	clap_builder/src/error/mod.rs	unknown_argument
clap_builder/src/parser/parser.rs	did_you_mean_error	clap_builder/src/mkeymap.rs	get
clap_builder/src/parser/parser.rs	did_you_mean_error	clap_builder/src/mkeymap.rs	keys
clap_builder/src/parser/parser.rs	did_you_mean_error	clap_builder/src/output/usage.rs	create_usage_with_title
clap_builder/src/parser/parser.rs	did_you_mean_error	clap_builder/src/output/usage.rs	new
clap_builder/src/parser/parser.rs	did_you_mean_error	clap_builder/src/output/usage.rs	required
clap_builder/src/parser/parser.rs	did_you_mean_error	clap_builder/src/parser/arg_matcher.rs	arg_ids
clap_builder/src/parser/parser.rs	did_you_mean_error	clap_builder/src/parser/arg_matcher.rs	check_explicit
clap_builder/src/parser/parser.rs	did_you_mean_error	clap_builder/src/parser/features/suggestions.rs	did_you_mean_flag
clap_builder/src/parser/parser.rs	did_you_mean_error	clap_builder/src/parser/parser.rs	start_custom_arg
clap_builder/src/parser/parser.rs	get_matches_with	clap_builder/src/parser/validator.rs	new
clap_builder/src/parser/parser.rs	get_matches_with	clap_builder/src/parser/validator.rs	validate
clap_builder/src/parser/parser.rs	help_err	clap_builder/src/builder/command.rs	write_help_err
clap_builder/src/parser/parser.rs	help_err	clap_builder/src/error/mod.rs	display_help
clap_builder/src/parser/parser.rs	is_new_arg	clap_builder/src/builder/arg.rs	get_id
clap_builder/src/parser/parser.rs	is_new_arg	clap_lex/src/lib.rs	is_long
clap_builder/src/parser/parser.rs	is_new_arg	clap_lex/src/lib.rs	is_negative_number
clap_builder/src/parser/parser.rs	is_new_arg	clap_lex/src/lib.rs	is_short
clap_builder/src/parser/parser.rs	match_arg_error	clap_builder/src/builder/command.rs	all_subcommand_names
clap_builder/src/parser/parser.rs	match_arg_error	clap_builder/src/builder/command.rs	find
clap_builder/src/parser/parser.rs	match_arg_error	clap_builder/src/builder/command.rs	get_bin_name_fallback
clap_builder/src/parser/parser.rs	match_arg_error	clap_builder/src/builder/command.rs	has_positionals
clap_builder/src/parser/parser.rs	match_arg_error	clap_builder/src/builder/command.rs	has_subcommands
clap_builder/src/parser/parser.rs	match_arg_error	clap_builder/src/builder/command.rs	is_args_conflicts_with_subcommands_set
clap_builder/src/parser/parser.rs	match_arg_error	clap_builder/src/builder/command.rs	is_infer_subcommands_set
clap_builder/src/parser/parser.rs	match_arg_error	clap_builder/src/error/mod.rs	invalid_subcommand
clap_builder/src/parser/parser.rs	match_arg_error	clap_builder/src/error/mod.rs	subcommand_conflict
clap_builder/src/parser/parser.rs	match_arg_error	clap_builder/src/error/mod.rs	unknown_argument
clap_builder/src/parser/parser.rs	match_arg_error	clap_builder/src/error/mod.rs	unnecessary_double_dash
clap_builder/src/parser/parser.rs	match_arg_error	clap_builder/src/error/mod.rs	unrecognized_subcommand
clap_builder/src/parser/parser.rs	match_arg_error	clap_builder/src/output/usage.rs	create_usage_with_title
clap_builder/src/parser/parser.rs	match_arg_error	clap_builder/src/output/usage.rs	new
clap_builder/src/parser/parser.rs	match_arg_error	clap_builder/src/parser/arg_matcher.rs	arg_ids
clap_builder/src/parser/parser.rs	match_arg_error	clap_builder/src/parser/features/suggestions.rs	did_you_mean
clap_builder/src/parser/parser.rs	match_arg_error	clap_builder/src/parser/parser.rs	possible_subcommand
clap_builder/src/parser/parser.rs	match_arg_error	clap_lex/src/lib.rs	display
clap_builder/src/parser/parser.rs	match_arg_error	clap_lex/src/lib.rs	is_long
clap_builder/src/parser/parser.rs	match_arg_error	clap_lex/src/lib.rs	is_short
clap_builder/src/parser/parser.rs	match_arg_error	clap_lex/src/lib.rs	to_value
clap_builder/src/parser/parser.rs	parse	clap_builder/src/builder/arg.rs	get_id
clap_builder/src/parser/parser.rs	parse	clap_builder/src/builder/command.rs	find
clap_builder/src/parser/parser.rs	parse	clap_builder/src/builder/command.rs	find_subcommand
clap_builder/src/parser/parser.rs	parse	clap_builder/src/builder/command.rs	get_arguments
clap_builder/src/parser/parser.rs	parse	clap_builder/src/builder/command.rs	get_external_subcommand_value_parser
clap_builder/src/parser/parser.rs	parse	clap_builder/src/builder/command.rs	get_keymap
clap_builder/src/parser/parser.rs	parse	clap_builder/src/builder/command.rs	get_positionals
clap_builder/src/parser/parser.rs	parse	clap_builder/src/builder/command.rs	has_positionals
clap_builder/src/parser/parser.rs	parse	clap_builder/src/builder/command.rs	is_allow_missing_positional_set
clap_builder/src/parser/parser.rs	parse	clap_builder/src/builder/command.rs	is_args_conflicts_with_subcommands_set
clap_builder/src/parser/parser.rs	parse	clap_builder/src/builder/command.rs	is_disable_help_subcommand_set
clap_builder/src/parser/parser.rs	parse	clap_builder/src/builder/command.rs	is_subcommand_precedence_over_arg_set
clap_builder/src/parser/parser.rs	parse	clap_builder/src/error/mod.rs	invalid_utf8
clap_builder/src/parser/parser.rs	parse	clap_builder/src/error/mod.rs	no_equals
clap_builder/src/parser/parser.rs	parse	clap_builder/src/error/mod.rs	subcommand_conflict
clap_builder/src/parser/parser.rs	parse	clap_builder/src/error/mod.rs	too_many_values
clap_builder/src/parser/parser.rs	parse	clap_builder/src/error/mod.rs	unknown_argument
clap_builder/src/parser/parser.rs	parse	clap_builder/src/mkeymap.rs	get
clap_builder/src/parser/parser.rs	parse	clap_builder/src/mkeymap.rs	keys
clap_builder/src/parser/parser.rs	parse	clap_builder/src/output/usage.rs	create_usage_with_title
clap_builder/src/parser/parser.rs	parse	clap_builder/src/output/usage.rs	new
clap_builder/src/parser/parser.rs	parse	clap_builder/src/parser/arg_matcher.rs	arg_ids
clap_builder/src/parser/parser.rs	parse	clap_builder/src/parser/arg_matcher.rs	into_inner
clap_builder/src/parser/parser.rs	parse	clap_builder/src/parser/arg_matcher.rs	needs_more_vals
clap_builder/src/parser/parser.rs	parse	clap_builder/src/parser/arg_matcher.rs	new
clap_builder/src/parser/parser.rs	parse	clap_builder/src/parser/arg_matcher.rs	pending_arg_id
clap_builder/src/parser/parser.rs	parse	clap_builder/src/parser/arg_matcher.rs	pending_values_mut
clap_builder/src/parser/parser.rs	parse	clap_builder/src/parser/arg_matcher.rs	start_occurrence_of_external
clap_builder/src/parser/parser.rs	parse	clap_builder/src/parser/arg_matcher.rs	start_trailing
clap_builder/src/parser/parser.rs	parse	clap_builder/src/parser/arg_matcher.rs	subcommand
clap_builder/src/parser/parser.rs	parse	clap_builder/src/parser/parser.rs	Opt
clap_builder/src/parser/parser.rs	parse	clap_builder/src/parser/parser.rs	Pos
clap_builder/src/parser/parser.rs	parse	clap_builder/src/parser/parser.rs	check_terminator
clap_builder/src/parser/parser.rs	parse	clap_builder/src/parser/parser.rs	did_you_mean_error
clap_builder/src/parser/parser.rs	parse	clap_builder/src/parser/parser.rs	is_new_arg
clap_builder/src/parser/parser.rs	parse	clap_builder/src/parser/parser.rs	match_arg_error
clap_builder/src/parser/parser.rs	parse	clap_builder/src/parser/parser.rs	possible_subcommand
clap_builder/src/parser/parser.rs	parse	clap_builder/src/parser/parser.rs	resolve_pending
clap_builder/src/parser/parser.rs	parse	clap_lex/src/lib.rs	next
clap_builder/src/parser/parser.rs	parse	clap_lex/src/lib.rs	peek
clap_builder/src/parser/parser.rs	parse	clap_lex/src/lib.rs	remaining
clap_builder/src/parser/parser.rs	parse	clap_lex/src/lib.rs	seek
clap_builder/src/parser/parser.rs	parse_help_subcommand	clap_builder/src/parser/parser.rs	help_err
clap_builder/src/parser/parser.rs	parse_help_subcommand	clap_builder/src/parser/parser.rs	new
clap_builder/src/parser/parser.rs	parse_long_arg	clap_builder/src/builder/arg.rs	get_id
clap_builder/src/parser/parser.rs	parse_long_arg	clap_builder/src/builder/command.rs	find
clap_builder/src/parser/parser.rs	parse_long_arg	clap_builder/src/builder/command.rs	get_arguments
clap_builder/src/parser/parser.rs	parse_long_arg	clap_builder/src/builder/command.rs	get_keymap
clap_builder/src/parser/parser.rs	parse_long_arg	clap_builder/src/builder/command.rs	is_infer_long_args_set
clap_builder/src/parser/parser.rs	parse_long_arg	clap_builder/src/builder/command.rs	required_graph
clap_builder/src/parser/parser.rs	parse_long_arg	clap_builder/src/mkeymap.rs	get
clap_builder/src/parser/parser.rs	parse_long_arg	clap_builder/src/parser/arg_matcher.rs	arg_ids
clap_builder/src/parser/parser.rs	parse_long_arg	clap_builder/src/parser/arg_matcher.rs	check_explicit
clap_builder/src/parser/parser.rs	parse_long_arg	clap_builder/src/parser/parser.rs	FlagSubCommand
clap_builder/src/parser/parser.rs	parse_long_arg	clap_builder/src/parser/parser.rs	parse_opt_value
clap_builder/src/parser/parser.rs	parse_long_arg	clap_builder/src/parser/parser.rs	possible_long_flag_subcommand
clap_builder/src/parser/parser.rs	parse_long_arg	clap_builder/src/parser/parser.rs	react
clap_builder/src/parser/parser.rs	parse_long_arg	clap_builder/src/util/graph.rs	contains
clap_builder/src/parser/parser.rs	parse_opt_value	clap_builder/src/builder/arg.rs	get_id
clap_builder/src/parser/parser.rs	parse_opt_value	clap_builder/src/builder/arg.rs	get_min_vals
clap_builder/src/parser/parser.rs	parse_opt_value	clap_builder/src/builder/arg.rs	is_require_equals_set
clap_builder/src/parser/parser.rs	parse_opt_value	clap_builder/src/parser/arg_matcher.rs	pending_values_mut
clap_builder/src/parser/parser.rs	parse_opt_value	clap_builder/src/parser/parser.rs	Opt
clap_builder/src/parser/parser.rs	parse_short_arg	clap_builder/src/builder/command.rs	contains_short
clap_builder/src/parser/parser.rs	parse_short_arg	clap_builder/src/builder/command.rs	find_short_subcmd
clap_builder/src/parser/parser.rs	parse_short_arg	clap_builder/src/builder/command.rs	get_keymap
clap_builder/src/parser/parser.rs	parse_short_arg	clap_builder/src/mkeymap.rs	get
clap_builder/src/parser/parser.rs	parse_short_arg	clap_builder/src/parser/parser.rs	FlagSubCommand
clap_builder/src/parser/parser.rs	parse_short_arg	clap_lex/src/lib.rs	advance_by
clap_builder/src/parser/parser.rs	parse_short_arg	clap_lex/src/lib.rs	is_empty
clap_builder/src/parser/parser.rs	parse_short_arg	clap_lex/src/lib.rs	is_negative_number
clap_builder/src/parser/parser.rs	parse_short_arg	clap_lex/src/lib.rs	next_flag
clap_builder/src/parser/parser.rs	parse_subcommand	clap_builder/src/builder/command.rs	_build_subcommand
clap_builder/src/parser/parser.rs	parse_subcommand	clap_builder/src/builder/command.rs	is_ignore_errors_set
clap_builder/src/parser/parser.rs	parse_subcommand	clap_builder/src/parser/arg_matcher.rs	into_inner
clap_builder/src/parser/parser.rs	parse_subcommand	clap_builder/src/parser/arg_matcher.rs	new
clap_builder/src/parser/parser.rs	parse_subcommand	clap_builder/src/parser/arg_matcher.rs	subcommand
clap_builder/src/parser/parser.rs	parse_subcommand	clap_builder/src/parser/parser.rs	get_matches_with
clap_builder/src/parser/parser.rs	parse_subcommand	clap_builder/src/parser/parser.rs	new
clap_builder/src/parser/parser.rs	possible_long_flag_subcommand	clap_builder/src/builder/command.rs	find_long_subcmd
clap_builder/src/parser/parser.rs	possible_long_flag_subcommand	clap_builder/src/builder/command.rs	get_subcommands
clap_builder/src/parser/parser.rs	possible_long_flag_subcommand	clap_builder/src/builder/command.rs	is_infer_subcommands_set
clap_builder/src/parser/parser.rs	possible_subcommand	clap_builder/src/builder/command.rs	find_subcommand
clap_builder/src/parser/parser.rs	possible_subcommand	clap_builder/src/builder/command.rs	get_subcommands
clap_builder/src/parser/parser.rs	possible_subcommand	clap_builder/src/builder/command.rs	is_args_conflicts_with_subcommands_set
clap_builder/src/parser/parser.rs	possible_subcommand	clap_builder/src/builder/command.rs	is_infer_subcommands_set
clap_builder/src/parser/parser.rs	react	clap_builder/src/builder/arg.rs	get_action
clap_builder/src/parser/parser.rs	react	clap_builder/src/builder/arg.rs	get_id
clap_builder/src/parser/parser.rs	react	clap_builder/src/builder/arg.rs	get_value_delimiter
clap_builder/src/parser/parser.rs	react	clap_builder/src/builder/command.rs	is_args_override_self
clap_builder/src/parser/parser.rs	react	clap_builder/src/builder/command.rs	is_dont_delimit_trailing_values_set
clap_builder/src/parser/parser.rs	react	clap_builder/src/error/mod.rs	argument_conflict
clap_builder/src/parser/parser.rs	react	clap_builder/src/output/usage.rs	create_usage_with_title
clap_builder/src/parser/parser.rs	react	clap_builder/src/output/usage.rs	new
clap_builder/src/parser/parser.rs	react	clap_builder/src/parser/arg_matcher.rs	needs_more_vals
clap_builder/src/parser/parser.rs	react	clap_builder/src/parser/arg_matcher.rs	remove
clap_builder/src/parser/parser.rs	react	clap_builder/src/parser/parser.rs	help_err
clap_builder/src/parser/parser.rs	react	clap_builder/src/parser/parser.rs	start_custom_arg
clap_builder/src/parser/parser.rs	react	clap_builder/src/parser/parser.rs	version_err
clap_builder/src/parser/parser.rs	react	clap_builder/src/util/id.rs	as_str
clap_builder/src/parser/parser.rs	resolve_pending	clap_builder/src/builder/command.rs	find
clap_builder/src/parser/parser.rs	resolve_pending	clap_builder/src/parser/arg_matcher.rs	take_pending
clap_builder/src/parser/parser.rs	start_custom_arg	clap_builder/src/parser/arg_matcher.rs	start_custom_arg
clap_builder/src/parser/parser.rs	start_custom_arg	clap_builder/src/parser/matches/value_source.rs	is_explicit
clap_builder/src/parser/parser.rs	start_custom_arg	clap_builder/src/parser/parser.rs	remove_overrides
clap_builder/src/parser/parser.rs	verify_num_args	clap_builder/src/builder/arg.rs	get_num_args
clap_builder/src/parser/parser.rs	verify_num_args	clap_builder/src/builder/command.rs	is_ignore_errors_set
clap_builder/src/parser/parser.rs	verify_num_args	clap_builder/src/error/mod.rs	empty_value
clap_builder/src/parser/parser.rs	verify_num_args	clap_builder/src/error/mod.rs	too_few_values
clap_builder/src/parser/parser.rs	verify_num_args	clap_builder/src/error/mod.rs	too_many_values
clap_builder/src/parser/parser.rs	verify_num_args	clap_builder/src/error/mod.rs	wrong_number_of_values
clap_builder/src/parser/parser.rs	verify_num_args	clap_builder/src/output/usage.rs	create_usage_with_title
clap_builder/src/parser/parser.rs	verify_num_args	clap_builder/src/output/usage.rs	new
clap_builder/src/parser/parser.rs	verify_num_args	clap_builder/src/parser/validator.rs	get_possible_values_cli
clap_builder/src/parser/parser.rs	version_err	clap_builder/src/builder/command.rs	write_version_err
clap_builder/src/parser/parser.rs	version_err	clap_builder/src/error/mod.rs	display_version
clap_builder/src/parser/validator.rs	build_conflict_err	clap_builder/src/builder/command.rs	find
clap_builder/src/parser/validator.rs	build_conflict_err	clap_builder/src/builder/command.rs	find_group
clap_builder/src/parser/validator.rs	build_conflict_err	clap_builder/src/builder/command.rs	unroll_args_in_group
clap_builder/src/parser/validator.rs	build_conflict_err	clap_builder/src/error/mod.rs	argument_conflict
clap_builder/src/parser/validator.rs	build_conflict_err	clap_builder/src/parser/validator.rs	build_conflict_err_usage
clap_builder/src/parser/validator.rs	build_conflict_err_usage	clap_builder/src/builder/command.rs	find
clap_builder/src/parser/validator.rs	build_conflict_err_usage	clap_builder/src/output/usage.rs	create_usage_with_title
clap_builder/src/parser/validator.rs	build_conflict_err_usage	clap_builder/src/output/usage.rs	new
clap_builder/src/parser/validator.rs	build_conflict_err_usage	clap_builder/src/output/usage.rs	required
clap_builder/src/parser/validator.rs	build_conflict_err_usage	clap_builder/src/parser/arg_matcher.rs	args
clap_builder/src/parser/validator.rs	fails_arg_required_unless	clap_builder/src/parser/arg_matcher.rs	check_explicit
clap_builder/src/parser/validator.rs	gather_conflicts	clap_builder/src/parser/validator.rs	gather_direct_conflicts
clap_builder/src/parser/validator.rs	gather_conflicts	clap_builder/src/parser/validator.rs	get_direct_conflicts
clap_builder/src/parser/validator.rs	gather_direct_conflicts	clap_builder/src/builder/command.rs	find
clap_builder/src/parser/validator.rs	gather_direct_conflicts	clap_builder/src/builder/command.rs	find_group
clap_builder/src/parser/validator.rs	gather_direct_conflicts	clap_builder/src/parser/validator.rs	gather_arg_direct_conflicts
clap_builder/src/parser/validator.rs	gather_direct_conflicts	clap_builder/src/parser/validator.rs	gather_group_direct_conflicts
clap_builder/src/parser/validator.rs	get_direct_conflicts	clap_builder/src/util/flat_map.rs	get
clap_builder/src/parser/validator.rs	get_possible_values_cli	clap_builder/src/builder/arg.rs	get_value_parser
clap_builder/src/parser/validator.rs	get_possible_values_cli	clap_builder/src/builder/arg.rs	is_takes_value_set
clap_builder/src/parser/validator.rs	get_possible_values_cli	clap_builder/src/builder/value_parser.rs	possible_values
clap_builder/src/parser/validator.rs	is_missing_required_ok	clap_builder/src/builder/arg.rs	get_id
clap_builder/src/parser/validator.rs	is_missing_required_ok	clap_builder/src/parser/validator.rs	gather_conflicts
clap_builder/src/parser/validator.rs	missing_required_error	clap_builder/src/builder/command.rs	find
clap_builder/src/parser/validator.rs	missing_required_error	clap_builder/src/error/mod.rs	missing_required_argument
clap_builder/src/parser/validator.rs	missing_required_error	clap_builder/src/output/usage.rs	create_usage_with_title
clap_builder/src/parser/validator.rs	missing_required_error	clap_builder/src/output/usage.rs	get_required_usage_from
clap_builder/src/parser/validator.rs	missing_required_error	clap_builder/src/output/usage.rs	new
clap_builder/src/parser/validator.rs	missing_required_error	clap_builder/src/output/usage.rs	required
clap_builder/src/parser/validator.rs	missing_required_error	clap_builder/src/parser/arg_matcher.rs	args
clap_builder/src/parser/validator.rs	new	clap_builder/src/builder/command.rs	required_graph
clap_builder/src/parser/validator.rs	validate	clap_builder/src/builder/command.rs	all_subcommand_names
clap_builder/src/parser/validator.rs	validate	clap_builder/src/builder/command.rs	get_bin_name_fallback
clap_builder/src/parser/validator.rs	validate	clap_builder/src/builder/command.rs	is_arg_required_else_help_set
clap_builder/src/parser/validator.rs	validate	clap_builder/src/builder/command.rs	is_subcommand_negates_reqs_set
clap_builder/src/parser/validator.rs	validate	clap_builder/src/builder/command.rs	is_subcommand_required_set
clap_builder/src/parser/validator.rs	validate	clap_builder/src/builder/command.rs	write_help_err
clap_builder/src/parser/validator.rs	validate	clap_builder/src/error/mod.rs	display_help_error
clap_builder/src/parser/validator.rs	validate	clap_builder/src/error/mod.rs	missing_subcommand
clap_builder/src/parser/validator.rs	validate	clap_builder/src/output/usage.rs	create_usage_with_title
clap_builder/src/parser/validator.rs	validate	clap_builder/src/output/usage.rs	new
clap_builder/src/parser/validator.rs	validate	clap_builder/src/output/usage.rs	required
clap_builder/src/parser/validator.rs	validate	clap_builder/src/parser/arg_matcher.rs	args
clap_builder/src/parser/validator.rs	validate	clap_builder/src/parser/arg_matcher.rs	subcommand_name
clap_builder/src/parser/validator.rs	validate	clap_builder/src/parser/validator.rs	with_args
clap_builder/src/parser/validator.rs	validate_exclusive	clap_builder/src/builder/command.rs	find
clap_builder/src/parser/validator.rs	validate_exclusive	clap_builder/src/error/mod.rs	argument_conflict
clap_builder/src/parser/validator.rs	validate_exclusive	clap_builder/src/output/usage.rs	create_usage_with_title
clap_builder/src/parser/validator.rs	validate_exclusive	clap_builder/src/output/usage.rs	new
clap_builder/src/parser/validator.rs	validate_exclusive	clap_builder/src/output/usage.rs	required
clap_builder/src/parser/validator.rs	validate_exclusive	clap_builder/src/parser/arg_matcher.rs	args
clap_builder/src/parser/validator.rs	validate_required	clap_builder/src/builder/command.rs	find
clap_builder/src/parser/validator.rs	validate_required	clap_builder/src/builder/command.rs	is_allow_missing_positional_set
clap_builder/src/parser/validator.rs	validate_required	clap_builder/src/parser/arg_matcher.rs	args
clap_builder/src/parser/validator.rs	validate_required	clap_builder/src/parser/validator.rs	gather_requires
clap_builder/src/parser/validator.rs	with_args	clap_builder/src/parser/arg_matcher.rs	args
clap_builder/src/parser/validator.rs	with_args	clap_builder/src/parser/validator.rs	gather_direct_conflicts
clap_builder/src/parser/validator.rs	with_args	clap_builder/src/util/flat_map.rs	extend_unchecked
clap_builder/src/parser/validator.rs	with_args	clap_builder/src/util/flat_map.rs	new
clap_builder/src/util/any_value.rs	from	clap_builder/src/util/any_value.rs	of
clap_builder/src/util/any_value.rs	new	clap_builder/src/util/any_value.rs	of
clap_builder/src/util/color.rs	fmt	clap_builder/src/util/color.rs	to_possible_value
clap_builder/src/util/color.rs	possible_values	clap_builder/src/derive.rs	value_variants
clap_builder/src/util/color.rs	to_possible_value	clap_builder/src/builder/possible_value.rs	new
clap_builder/src/util/escape.rs	fmt	clap_builder/src/util/escape.rs	needs_escaping
clap_builder/src/util/escape.rs	to_cow	clap_builder/src/util/escape.rs	needs_escaping
clap_builder/src/util/flat_map.rs	entry	clap_builder/src/util/flat_map.rs	Vacant
clap_builder/src/util/flat_map.rs	insert	clap_builder/src/util/flat_map.rs	insert_unchecked
clap_builder/src/util/flat_map.rs	remove	clap_builder/src/util/flat_map.rs	remove_entry
clap_builder/src/util/flat_set.rs	from_iter	clap_builder/src/util/flat_set.rs	new
clap_builder/src/util/graph.rs	insert	clap_builder/src/util/graph.rs	new
clap_builder/src/util/graph.rs	insert_child	clap_builder/src/util/graph.rs	new
clap_builder/src/util/graph.rs	with_capacity	clap_builder/src/util/graph.rs	ChildGraph
clap_builder/src/util/id.rs	as_ref	clap_builder/src/util/id.rs	as_str
clap_builder/src/util/id.rs	as_str	clap_builder/src/builder/str.rs	as_str
clap_builder/src/util/id.rs	borrow	clap_builder/src/util/id.rs	as_str
clap_builder/src/util/id.rs	eq	clap_builder/src/builder/str.rs	as_str
clap_builder/src/util/id.rs	eq	clap_builder/src/util/id.rs	as_str
clap_builder/src/util/id.rs	fmt	clap_builder/src/util/id.rs	as_str
clap_builder/src/util/id.rs	from	clap_builder/src/util/id.rs	Id
clap_builder/src/util/id.rs	from_static_ref	clap_builder/src/builder/str.rs	from_static_ref
clap_builder/src/util/id.rs	from_static_ref	clap_builder/src/util/id.rs	Id
clap_complete/examples/completion-derive.rs	main	clap_complete/examples/completion-derive.rs	print_completions
clap_complete/examples/completion-derive.rs	print_completions	clap_builder/src/builder/command.rs	get_name
clap_complete/examples/completion-derive.rs	print_completions	clap_complete/src/aot/generator/mod.rs	generate
clap_complete/examples/completion.rs	build_cli	clap_builder/src/builder/arg.rs	long
clap_complete/examples/completion.rs	build_cli	clap_builder/src/builder/arg.rs	new
clap_complete/examples/completion.rs	build_cli	clap_builder/src/builder/arg.rs	num_args
clap_complete/examples/completion.rs	build_cli	clap_builder/src/builder/arg.rs	short
clap_complete/examples/completion.rs	build_cli	clap_builder/src/builder/arg.rs	trailing_var_arg
clap_complete/examples/completion.rs	build_cli	clap_builder/src/builder/arg.rs	value_hint
clap_complete/examples/completion.rs	build_cli	clap_builder/src/builder/arg.rs	value_parser
clap_complete/examples/completion.rs	build_cli	clap_builder/src/builder/command.rs	arg
clap_complete/examples/completion.rs	build_cli	clap_builder/src/builder/command.rs	new
clap_complete/examples/completion.rs	build_cli	clap_builder/src/builder/command.rs	subcommand
clap_complete/examples/completion.rs	build_cli	clap_builder/src/builder/command.rs	visible_alias
clap_complete/examples/completion.rs	main	clap_builder/src/builder/command.rs	get_matches
clap_complete/examples/completion.rs	main	clap_builder/src/parser/matches/arg_matches.rs	get_one
clap_complete/examples/completion.rs	main	clap_complete/examples/completion.rs	build_cli
clap_complete/examples/completion.rs	main	clap_complete/examples/completion.rs	print_completions
clap_complete/examples/completion.rs	print_completions	clap_builder/src/builder/command.rs	get_name
clap_complete/examples/completion.rs	print_completions	clap_complete/src/aot/generator/mod.rs	generate
clap_complete/examples/dynamic.rs	command	clap_builder/src/builder/arg.rs	long
clap_complete/examples/dynamic.rs	command	clap_builder/src/builder/arg.rs	new
clap_complete/examples/dynamic.rs	command	clap_builder/src/builder/arg.rs	short
clap_complete/examples/dynamic.rs	command	clap_builder/src/builder/arg.rs	value_hint
clap_complete/examples/dynamic.rs	command	clap_builder/src/builder/arg.rs	value_parser
clap_complete/examples/dynamic.rs	command	clap_builder/src/builder/command.rs	arg
clap_complete/examples/dynamic.rs	command	clap_builder/src/builder/command.rs	args_conflicts_with_subcommands
clap_complete/examples/dynamic.rs	command	clap_builder/src/builder/command.rs	new
clap_complete/examples/dynamic.rs	main	clap_builder/src/builder/command.rs	get_matches
clap_complete/examples/dynamic.rs	main	clap_complete/examples/dynamic.rs	command
clap_complete/examples/dynamic.rs	verify_cli	clap_builder/src/builder/command.rs	debug_assert
clap_complete/examples/dynamic.rs	verify_cli	clap_complete/examples/dynamic.rs	command
clap_complete/examples/exhaustive.rs	cli	clap_builder/src/builder/arg.rs	action
clap_complete/examples/exhaustive.rs	cli	clap_builder/src/builder/arg.rs	global
clap_complete/examples/exhaustive.rs	cli	clap_builder/src/builder/arg.rs	help
clap_complete/examples/exhaustive.rs	cli	clap_builder/src/builder/arg.rs	last
clap_complete/examples/exhaustive.rs	cli	clap_builder/src/builder/arg.rs	long
clap_complete/examples/exhaustive.rs	cli	clap_builder/src/builder/arg.rs	new
clap_complete/examples/exhaustive.rs	cli	clap_builder/src/builder/arg.rs	num_args
clap_complete/examples/exhaustive.rs	cli	clap_builder/src/builder/arg.rs	require_equals
clap_complete/examples/exhaustive.rs	cli	clap_builder/src/builder/arg.rs	short
clap_complete/examples/exhaustive.rs	cli	clap_builder/src/builder/arg.rs	trailing_var_arg
clap_complete/examples/exhaustive.rs	cli	clap_builder/src/builder/arg.rs	value_delimiter
clap_complete/examples/exhaustive.rs	cli	clap_builder/src/builder/arg.rs	value_hint
clap_complete/examples/exhaustive.rs	cli	clap_builder/src/builder/arg.rs	value_name
clap_complete/examples/exhaustive.rs	cli	clap_builder/src/builder/arg.rs	value_parser
clap_complete/examples/exhaustive.rs	cli	clap_builder/src/builder/arg.rs	value_terminator
clap_complete/examples/exhaustive.rs	cli	clap_builder/src/builder/arg.rs	visible_alias
clap_complete/examples/exhaustive.rs	cli	clap_builder/src/builder/arg.rs	visible_short_alias
clap_complete/examples/exhaustive.rs	cli	clap_builder/src/builder/command.rs	about
clap_complete/examples/exhaustive.rs	cli	clap_builder/src/builder/command.rs	args
clap_complete/examples/exhaustive.rs	cli	clap_builder/src/builder/command.rs	disable_help_flag
clap_complete/examples/exhaustive.rs	cli	clap_builder/src/builder/command.rs	disable_help_subcommand
clap_complete/examples/exhaustive.rs	cli	clap_builder/src/builder/command.rs	long_flag
clap_complete/examples/exhaustive.rs	cli	clap_builder/src/builder/command.rs	new
clap_complete/examples/exhaustive.rs	cli	clap_builder/src/builder/command.rs	propagate_version
clap_complete/examples/exhaustive.rs	cli	clap_builder/src/builder/command.rs	short_flag
clap_complete/examples/exhaustive.rs	cli	clap_builder/src/builder/command.rs	subcommand
clap_complete/examples/exhaustive.rs	cli	clap_builder/src/builder/command.rs	subcommands
clap_complete/examples/exhaustive.rs	cli	clap_builder/src/builder/command.rs	version
clap_complete/examples/exhaustive.rs	cli	clap_builder/src/builder/possible_value.rs	help
clap_complete/examples/exhaustive.rs	cli	clap_builder/src/builder/possible_value.rs	new
clap_complete/examples/exhaustive.rs	cli	clap_builder/src/builder/value_parser.rs	new
clap_complete/examples/exhaustive.rs	main	clap_builder/src/builder/command.rs	get_matches
clap_complete/examples/exhaustive.rs	main	clap_builder/src/parser/matches/arg_matches.rs	get_one
clap_complete/examples/exhaustive.rs	main	clap_complete/examples/exhaustive.rs	cli
clap_complete/examples/exhaustive.rs	main	clap_complete/examples/exhaustive.rs	print_completions
clap_complete/examples/exhaustive.rs	print_completions	clap_builder/src/builder/command.rs	get_name
clap_complete/examples/exhaustive.rs	print_completions	clap_complete/src/aot/generator/mod.rs	generate
clap_complete/src/aot/generator/mod.rs	_generate	clap_builder/src/builder/command.rs	build
clap_complete/src/aot/generator/mod.rs	_generate	clap_complete/src/aot/generator/mod.rs	generate
clap_complete/src/aot/generator/mod.rs	generate	clap_builder/src/builder/command.rs	set_bin_name
clap_complete/src/aot/generator/mod.rs	generate	clap_complete/src/aot/generator/mod.rs	_generate
clap_complete/src/aot/generator/mod.rs	generate_to	clap_builder/src/builder/command.rs	get_bin_name
clap_complete/src/aot/generator/mod.rs	generate_to	clap_builder/src/builder/command.rs	set_bin_name
clap_complete/src/aot/generator/mod.rs	generate_to	clap_complete/src/aot/generator/mod.rs	_generate
clap_complete/src/aot/generator/mod.rs	generate_to	clap_complete/src/aot/generator/mod.rs	file_name
clap_complete/src/aot/generator/mod.rs	try_generate	clap_complete/src/aot/generator/mod.rs	generate
clap_complete/src/aot/generator/utils.rs	all_subcommands	clap_complete/src/aot/generator/utils.rs	subcommands
clap_complete/src/aot/generator/utils.rs	flags	clap_builder/src/builder/command.rs	get_arguments
clap_complete/src/aot/generator/utils.rs	longs_and_visible_aliases	clap_builder/src/builder/command.rs	get_arguments
clap_complete/src/aot/generator/utils.rs	possible_values	clap_builder/src/builder/arg.rs	get_num_args
clap_complete/src/aot/generator/utils.rs	possible_values	clap_builder/src/builder/arg.rs	get_value_parser
clap_complete/src/aot/generator/utils.rs	possible_values	clap_builder/src/builder/value_parser.rs	possible_values
clap_complete/src/aot/generator/utils.rs	shorts_and_visible_aliases	clap_builder/src/builder/command.rs	get_arguments
clap_complete/src/aot/shells/bash.rs	add_command	clap_builder/src/builder/command.rs	get_name
clap_complete/src/aot/shells/bash.rs	all_options_for_path	clap_complete/src/aot/generator/utils.rs	find_subcommand_with_path
clap_complete/src/aot/shells/bash.rs	all_subcommands	clap_builder/src/builder/command.rs	get_name
clap_complete/src/aot/shells/bash.rs	generate	clap_complete/src/aot/shells/bash.rs	try_generate
clap_complete/src/aot/shells/bash.rs	option_details_for_path	clap_complete/src/aot/generator/utils.rs	find_subcommand_with_path
clap_complete/src/aot/shells/bash.rs	subcommand_details	clap_complete/src/aot/generator/utils.rs	all_subcommands
clap_complete/src/aot/shells/bash.rs	try_generate	clap_builder/src/builder/command.rs	get_bin_name
clap_complete/src/aot/shells/bash.rs	vals_for	clap_builder/src/builder/arg.rs	get_value_hint
clap_complete/src/aot/shells/bash.rs	vals_for	clap_complete/src/aot/generator/utils.rs	possible_values
clap_complete/src/aot/shells/elvish.rs	escape_help	clap_complete/src/aot/shells/elvish.rs	escape_string
clap_complete/src/aot/shells/elvish.rs	generate	clap_complete/src/aot/shells/elvish.rs	try_generate
clap_complete/src/aot/shells/elvish.rs	generate_inner	clap_builder/src/builder/command.rs	get_name_and_visible_aliases
clap_complete/src/aot/shells/elvish.rs	try_generate	clap_builder/src/builder/command.rs	get_bin_name
clap_complete/src/aot/shells/elvish.rs	try_generate	clap_complete/src/aot/shells/elvish.rs	generate_inner
clap_complete/src/aot/shells/fish.rs	escape_help	clap_complete/src/aot/shells/fish.rs	escape_string
clap_complete/src/aot/shells/fish.rs	gen_fish_inner	clap_builder/src/builder/command.rs	get_positionals
clap_complete/src/aot/shells/fish.rs	gen_fish_inner	clap_builder/src/builder/command.rs	get_subcommands
clap_complete/src/aot/shells/fish.rs	gen_fish_inner	clap_builder/src/builder/command.rs	has_subcommands
clap_complete/src/aot/shells/fish.rs	gen_subcommand_helpers	clap_builder/src/builder/command.rs	get_arguments
clap_complete/src/aot/shells/fish.rs	generate	clap_complete/src/aot/shells/fish.rs	try_generate
clap_complete/src/aot/shells/fish.rs	try_generate	clap_builder/src/builder/command.rs	get_bin_name
clap_complete/src/aot/shells/fish.rs	try_generate	clap_builder/src/builder/command.rs	has_subcommands
clap_complete/src/aot/shells/fish.rs	try_generate	clap_complete/src/aot/shells/fish.rs	escape_name
clap_complete/src/aot/shells/fish.rs	try_generate	clap_complete/src/aot/shells/fish.rs	gen_fish_inner
clap_complete/src/aot/shells/fish.rs	try_generate	clap_complete/src/aot/shells/fish.rs	gen_subcommand_helpers
clap_complete/src/aot/shells/fish.rs	value_completion	clap_builder/src/builder/arg.rs	get_num_args
clap_complete/src/aot/shells/fish.rs	value_completion	clap_builder/src/builder/arg.rs	get_value_hint
clap_complete/src/aot/shells/fish.rs	value_completion	clap_complete/src/aot/generator/utils.rs	possible_values
clap_complete/src/aot/shells/powershell.rs	escape_help	clap_complete/src/aot/shells/powershell.rs	escape_string
clap_complete/src/aot/shells/powershell.rs	generate	clap_complete/src/aot/shells/powershell.rs	try_generate
clap_complete/src/aot/shells/powershell.rs	generate_aliases	clap_builder/src/builder/arg.rs	get_help
clap_complete/src/aot/shells/powershell.rs	generate_aliases	clap_builder/src/builder/arg.rs	get_long_and_visible_aliases
clap_complete/src/aot/shells/powershell.rs	generate_aliases	clap_builder/src/builder/arg.rs	get_short_and_visible_aliases
clap_complete/src/aot/shells/powershell.rs	generate_aliases	clap_complete/src/aot/shells/powershell.rs	escape_help
clap_complete/src/aot/shells/powershell.rs	generate_inner	clap_builder/src/builder/command.rs	get_name_and_visible_aliases
clap_complete/src/aot/shells/powershell.rs	try_generate	clap_builder/src/builder/command.rs	get_bin_name
clap_complete/src/aot/shells/powershell.rs	try_generate	clap_complete/src/aot/shells/powershell.rs	generate_inner
clap_complete/src/aot/shells/shell.rs	file_name	clap_complete/src/aot/shells/bash.rs	file_name
clap_complete/src/aot/shells/shell.rs	file_name	clap_complete/src/aot/shells/elvish.rs	file_name
clap_complete/src/aot/shells/shell.rs	file_name	clap_complete/src/aot/shells/fish.rs	file_name
clap_complete/src/aot/shells/shell.rs	file_name	clap_complete/src/aot/shells/powershell.rs	file_name
clap_complete/src/aot/shells/shell.rs	file_name	clap_complete/src/aot/shells/zsh.rs	file_name
clap_complete/src/aot/shells/shell.rs	fmt	clap_complete/src/aot/shells/shell.rs	to_possible_value
clap_complete/src/aot/shells/shell.rs	from_env	clap_complete/src/aot/shells/shell.rs	from_shell_path
clap_complete/src/aot/shells/shell.rs	from_shell_path	clap_complete/src/aot/shells/shell.rs	parse_shell_from_path
clap_complete/src/aot/shells/shell.rs	generate	clap_complete/src/aot/shells/shell.rs	try_generate
clap_complete/src/aot/shells/shell.rs	to_possible_value	clap_builder/src/builder/possible_value.rs	new
clap_complete/src/aot/shells/shell.rs	try_generate	clap_complete/src/aot/shells/bash.rs	try_generate
clap_complete/src/aot/shells/shell.rs	try_generate	clap_complete/src/aot/shells/elvish.rs	try_generate
clap_complete/src/aot/shells/shell.rs	try_generate	clap_complete/src/aot/shells/fish.rs	try_generate
clap_complete/src/aot/shells/shell.rs	try_generate	clap_complete/src/aot/shells/powershell.rs	try_generate
clap_complete/src/aot/shells/shell.rs	try_generate	clap_complete/src/aot/shells/zsh.rs	try_generate
clap_complete/src/aot/shells/zsh.rs	arg_conflicts	clap_builder/src/builder/arg.rs	is_global_set
clap_complete/src/aot/shells/zsh.rs	arg_conflicts	clap_builder/src/builder/command.rs	get_arg_conflicts_with
clap_complete/src/aot/shells/zsh.rs	arg_conflicts	clap_complete/src/aot/shells/zsh.rs	push_conflicts
clap_complete/src/aot/shells/zsh.rs	generate	clap_complete/src/aot/shells/zsh.rs	try_generate
clap_complete/src/aot/shells/zsh.rs	get_args_of	clap_builder/src/builder/command.rs	get_bin_name
clap_complete/src/aot/shells/zsh.rs	get_args_of	clap_builder/src/builder/command.rs	has_subcommands
clap_complete/src/aot/shells/zsh.rs	get_args_of	clap_builder/src/builder/command.rs	is_allow_external_subcommands_set
clap_complete/src/aot/shells/zsh.rs	get_args_of	clap_complete/src/aot/shells/zsh.rs	write_flags_of
clap_complete/src/aot/shells/zsh.rs	get_args_of	clap_complete/src/aot/shells/zsh.rs	write_opts_of
clap_complete/src/aot/shells/zsh.rs	get_args_of	clap_complete/src/aot/shells/zsh.rs	write_positionals_of
clap_complete/src/aot/shells/zsh.rs	get_subcommands_of	clap_builder/src/builder/command.rs	get_bin_name
clap_complete/src/aot/shells/zsh.rs	get_subcommands_of	clap_builder/src/builder/command.rs	has_subcommands
clap_complete/src/aot/shells/zsh.rs	get_subcommands_of	clap_complete/src/aot/generator/utils.rs	subcommands
clap_complete/src/aot/shells/zsh.rs	parser_of	clap_builder/src/builder/command.rs	get_bin_name
clap_complete/src/aot/shells/zsh.rs	subcommand_details	clap_builder/src/builder/command.rs	get_bin_name
clap_complete/src/aot/shells/zsh.rs	subcommand_details	clap_complete/src/aot/generator/utils.rs	all_subcommands
clap_complete/src/aot/shells/zsh.rs	try_generate	clap_builder/src/builder/command.rs	get_bin_name
clap_complete/src/aot/shells/zsh.rs	value_completion	clap_builder/src/builder/arg.rs	get_value_hint
clap_complete/src/aot/shells/zsh.rs	value_completion	clap_complete/src/aot/generator/utils.rs	possible_values
clap_complete/tests/examples.rs	example_tests	/Users/chrishafley/.cargo/registry/src/index.crates.io-1949cf8c6b5b557f/trycmd-1.2.1/src/cargo.rs	compile_examples
clap_complete/tests/examples.rs	example_tests	/Users/chrishafley/.cargo/registry/src/index.crates.io-1949cf8c6b5b557f/trycmd-1.2.1/src/cases.rs	case
clap_complete/tests/examples.rs	example_tests	/Users/chrishafley/.cargo/registry/src/index.crates.io-1949cf8c6b5b557f/trycmd-1.2.1/src/cases.rs	new
clap_complete/tests/examples.rs	example_tests	/Users/chrishafley/.cargo/registry/src/index.crates.io-1949cf8c6b5b557f/trycmd-1.2.1/src/cases.rs	register_bins
clap_complete_nushell/examples/nushell_completion.rs	main	clap_builder/src/builder/command.rs	new
clap_complete_nushell/examples/nushell_completion.rs	main	clap_builder/src/builder/command.rs	subcommand
clap_complete_nushell/examples/nushell_completion.rs	main	clap_complete/src/aot/generator/mod.rs	generate
clap_complete_nushell/examples/sub_subcommands.rs	main	clap_builder/src/builder/arg.rs	action
clap_complete_nushell/examples/sub_subcommands.rs	main	clap_builder/src/builder/arg.rs	help
clap_complete_nushell/examples/sub_subcommands.rs	main	clap_builder/src/builder/arg.rs	long
clap_complete_nushell/examples/sub_subcommands.rs	main	clap_builder/src/builder/arg.rs	new
clap_complete_nushell/examples/sub_subcommands.rs	main	clap_builder/src/builder/arg.rs	short
clap_complete_nushell/examples/sub_subcommands.rs	main	clap_builder/src/builder/arg.rs	value_hint
clap_complete_nushell/examples/sub_subcommands.rs	main	clap_builder/src/builder/arg.rs	value_parser
clap_complete_nushell/examples/sub_subcommands.rs	main	clap_builder/src/builder/arg.rs	visible_alias
clap_complete_nushell/examples/sub_subcommands.rs	main	clap_builder/src/builder/arg.rs	visible_short_alias
clap_complete_nushell/examples/sub_subcommands.rs	main	clap_builder/src/builder/command.rs	about
clap_complete_nushell/examples/sub_subcommands.rs	main	clap_builder/src/builder/command.rs	arg
clap_complete_nushell/examples/sub_subcommands.rs	main	clap_builder/src/builder/command.rs	new
clap_complete_nushell/examples/sub_subcommands.rs	main	clap_builder/src/builder/command.rs	propagate_version
clap_complete_nushell/examples/sub_subcommands.rs	main	clap_builder/src/builder/command.rs	subcommand
clap_complete_nushell/examples/sub_subcommands.rs	main	clap_builder/src/builder/command.rs	version
clap_complete_nushell/examples/sub_subcommands.rs	main	clap_builder/src/builder/possible_value.rs	new
clap_complete_nushell/examples/sub_subcommands.rs	main	clap_complete/src/aot/generator/mod.rs	generate
clap_complete_nushell/examples/test.rs	cli	clap_builder/src/builder/arg.rs	action
clap_complete_nushell/examples/test.rs	cli	clap_builder/src/builder/arg.rs	global
clap_complete_nushell/examples/test.rs	cli	clap_builder/src/builder/arg.rs	help
clap_complete_nushell/examples/test.rs	cli	clap_builder/src/builder/arg.rs	last
clap_complete_nushell/examples/test.rs	cli	clap_builder/src/builder/arg.rs	long
clap_complete_nushell/examples/test.rs	cli	clap_builder/src/builder/arg.rs	new
clap_complete_nushell/examples/test.rs	cli	clap_builder/src/builder/arg.rs	num_args
clap_complete_nushell/examples/test.rs	cli	clap_builder/src/builder/arg.rs	require_equals
clap_complete_nushell/examples/test.rs	cli	clap_builder/src/builder/arg.rs	required
clap_complete_nushell/examples/test.rs	cli	clap_builder/src/builder/arg.rs	short
clap_complete_nushell/examples/test.rs	cli	clap_builder/src/builder/arg.rs	trailing_var_arg
clap_complete_nushell/examples/test.rs	cli	clap_builder/src/builder/arg.rs	value_delimiter
clap_complete_nushell/examples/test.rs	cli	clap_builder/src/builder/arg.rs	value_hint
clap_complete_nushell/examples/test.rs	cli	clap_builder/src/builder/arg.rs	value_parser
clap_complete_nushell/examples/test.rs	cli	clap_builder/src/builder/arg.rs	value_terminator
clap_complete_nushell/examples/test.rs	cli	clap_builder/src/builder/arg.rs	visible_alias
clap_complete_nushell/examples/test.rs	cli	clap_builder/src/builder/arg.rs	visible_short_alias
clap_complete_nushell/examples/test.rs	cli	clap_builder/src/builder/command.rs	about
clap_complete_nushell/examples/test.rs	cli	clap_builder/src/builder/command.rs	args
clap_complete_nushell/examples/test.rs	cli	clap_builder/src/builder/command.rs	long_flag
clap_complete_nushell/examples/test.rs	cli	clap_builder/src/builder/command.rs	new
clap_complete_nushell/examples/test.rs	cli	clap_builder/src/builder/command.rs	propagate_version
clap_complete_nushell/examples/test.rs	cli	clap_builder/src/builder/command.rs	short_flag
clap_complete_nushell/examples/test.rs	cli	clap_builder/src/builder/command.rs	subcommands
clap_complete_nushell/examples/test.rs	cli	clap_builder/src/builder/command.rs	version
clap_complete_nushell/examples/test.rs	main	clap_builder/src/builder/command.rs	get_matches
clap_complete_nushell/examples/test.rs	main	clap_builder/src/parser/matches/arg_matches.rs	contains_id
clap_complete_nushell/examples/test.rs	main	clap_complete/src/aot/generator/mod.rs	generate
clap_complete_nushell/examples/test.rs	main	clap_complete_nushell/examples/test.rs	cli
clap_complete_nushell/src/lib.rs	append_argument	clap_builder/src/builder/arg.rs	get_long_and_visible_aliases
clap_complete_nushell/src/lib.rs	append_argument	clap_builder/src/builder/arg.rs	get_possible_values
clap_complete_nushell/src/lib.rs	append_argument	clap_builder/src/builder/arg.rs	get_short_and_visible_aliases
clap_complete_nushell/src/lib.rs	append_argument	clap_builder/src/builder/arg.rs	is_last_set
clap_complete_nushell/src/lib.rs	append_argument	clap_builder/src/builder/arg.rs	is_positional
clap_complete_nushell/src/lib.rs	append_argument	clap_builder/src/builder/arg.rs	is_required_set
clap_complete_nushell/src/lib.rs	append_argument	clap_complete_nushell/src/lib.rs	append_value_completion_and_help
clap_complete_nushell/src/lib.rs	append_value_completion_and_help	clap_builder/src/builder/arg.rs	get_help
clap_complete_nushell/src/lib.rs	append_value_completion_and_help	clap_builder/src/builder/arg.rs	get_num_args
clap_complete_nushell/src/lib.rs	append_value_completion_and_help	clap_builder/src/builder/arg.rs	get_value_hint
clap_complete_nushell/src/lib.rs	append_value_completion_defs	clap_builder/src/builder/arg.rs	get_possible_values
clap_complete_nushell/src/lib.rs	generate	clap_complete_nushell/src/lib.rs	try_generate
clap_complete_nushell/src/lib.rs	generate_completion	clap_builder/src/builder/command.rs	get_about
clap_complete_nushell/src/lib.rs	generate_completion	clap_builder/src/builder/command.rs	get_arguments
clap_complete_nushell/src/lib.rs	generate_completion	clap_builder/src/builder/command.rs	get_bin_name
clap_complete_nushell/src/lib.rs	generate_completion	clap_builder/src/builder/command.rs	get_positionals
clap_complete_nushell/src/lib.rs	generate_completion	clap_complete_nushell/src/lib.rs	single_line_styled_str
clap_complete_nushell/src/lib.rs	try_generate	clap_complete_nushell/src/lib.rs	generate_completion
clap_complete_nushell/tests/common.rs	aliases_command	clap_builder/src/builder/arg.rs	action
clap_complete_nushell/tests/common.rs	aliases_command	clap_builder/src/builder/arg.rs	help
clap_complete_nushell/tests/common.rs	aliases_command	clap_builder/src/builder/arg.rs	long
clap_complete_nushell/tests/common.rs	aliases_command	clap_builder/src/builder/arg.rs	new
clap_complete_nushell/tests/common.rs	aliases_command	clap_builder/src/builder/arg.rs	short
clap_complete_nushell/tests/common.rs	aliases_command	clap_builder/src/builder/arg.rs	visible_alias
clap_complete_nushell/tests/common.rs	aliases_command	clap_builder/src/builder/arg.rs	visible_short_alias
clap_complete_nushell/tests/common.rs	aliases_command	clap_builder/src/builder/command.rs	about
clap_complete_nushell/tests/common.rs	aliases_command	clap_builder/src/builder/command.rs	arg
clap_complete_nushell/tests/common.rs	aliases_command	clap_builder/src/builder/command.rs	new
clap_complete_nushell/tests/common.rs	aliases_command	clap_builder/src/builder/command.rs	version
clap_complete_nushell/tests/common.rs	assert_matches	/Users/chrishafley/.cargo/registry/src/index.crates.io-1949cf8c6b5b557f/snapbox-1.2.2/src/assert/mod.rs	action_env
clap_complete_nushell/tests/common.rs	assert_matches	/Users/chrishafley/.cargo/registry/src/index.crates.io-1949cf8c6b5b557f/snapbox-1.2.2/src/assert/mod.rs	eq
clap_complete_nushell/tests/common.rs	assert_matches	/Users/chrishafley/.cargo/registry/src/index.crates.io-1949cf8c6b5b557f/snapbox-1.2.2/src/assert/mod.rs	new
clap_complete_nushell/tests/common.rs	assert_matches	/Users/chrishafley/.cargo/registry/src/index.crates.io-1949cf8c6b5b557f/snapbox-1.2.2/src/assert/mod.rs	normalize_paths
clap_complete_nushell/tests/common.rs	assert_matches	clap_complete/src/aot/generator/mod.rs	generate
clap_complete_nushell/tests/common.rs	basic_command	clap_builder/src/builder/arg.rs	action
clap_complete_nushell/tests/common.rs	basic_command	clap_builder/src/builder/arg.rs	conflicts_with
clap_complete_nushell/tests/common.rs	basic_command	clap_builder/src/builder/arg.rs	global
clap_complete_nushell/tests/common.rs	basic_command	clap_builder/src/builder/arg.rs	new
clap_complete_nushell/tests/common.rs	basic_command	clap_builder/src/builder/arg.rs	short
clap_complete_nushell/tests/common.rs	basic_command	clap_builder/src/builder/command.rs	about
clap_complete_nushell/tests/common.rs	basic_command	clap_builder/src/builder/command.rs	arg
clap_complete_nushell/tests/common.rs	basic_command	clap_builder/src/builder/command.rs	new
clap_complete_nushell/tests/common.rs	basic_command	clap_builder/src/builder/command.rs	subcommand
clap_complete_nushell/tests/common.rs	feature_sample_command	clap_builder/src/builder/arg.rs	action
clap_complete_nushell/tests/common.rs	feature_sample_command	clap_builder/src/builder/arg.rs	help
clap_complete_nushell/tests/common.rs	feature_sample_command	clap_builder/src/builder/arg.rs	long
clap_complete_nushell/tests/common.rs	feature_sample_command	clap_builder/src/builder/arg.rs	new
clap_complete_nushell/tests/common.rs	feature_sample_command	clap_builder/src/builder/arg.rs	short
clap_complete_nushell/tests/common.rs	feature_sample_command	clap_builder/src/builder/arg.rs	value_hint
clap_complete_nushell/tests/common.rs	feature_sample_command	clap_builder/src/builder/arg.rs	value_parser
clap_complete_nushell/tests/common.rs	feature_sample_command	clap_builder/src/builder/arg.rs	visible_alias
clap_complete_nushell/tests/common.rs	feature_sample_command	clap_builder/src/builder/arg.rs	visible_short_alias
clap_complete_nushell/tests/common.rs	feature_sample_command	clap_builder/src/builder/command.rs	about
clap_complete_nushell/tests/common.rs	feature_sample_command	clap_builder/src/builder/command.rs	arg
clap_complete_nushell/tests/common.rs	feature_sample_command	clap_builder/src/builder/command.rs	new
clap_complete_nushell/tests/common.rs	feature_sample_command	clap_builder/src/builder/command.rs	propagate_version
clap_complete_nushell/tests/common.rs	feature_sample_command	clap_builder/src/builder/command.rs	subcommand
clap_complete_nushell/tests/common.rs	feature_sample_command	clap_builder/src/builder/command.rs	version
clap_complete_nushell/tests/common.rs	last_args_command	clap_builder/src/builder/arg.rs	last
clap_complete_nushell/tests/common.rs	last_args_command	clap_builder/src/builder/arg.rs	new
clap_complete_nushell/tests/common.rs	last_args_command	clap_builder/src/builder/arg.rs	num_args
clap_complete_nushell/tests/common.rs	last_args_command	clap_builder/src/builder/arg.rs	required
clap_complete_nushell/tests/common.rs	last_args_command	clap_builder/src/builder/arg.rs	value_hint
clap_complete_nushell/tests/common.rs	last_args_command	clap_builder/src/builder/arg.rs	value_parser
clap_complete_nushell/tests/common.rs	last_args_command	clap_builder/src/builder/command.rs	arg
clap_complete_nushell/tests/common.rs	last_args_command	clap_builder/src/builder/command.rs	new
clap_complete_nushell/tests/common.rs	last_args_command	clap_builder/src/builder/command.rs	subcommands
clap_complete_nushell/tests/common.rs	positional_index_command	clap_builder/src/builder/arg.rs	action
clap_complete_nushell/tests/common.rs	positional_index_command	clap_builder/src/builder/arg.rs	help
clap_complete_nushell/tests/common.rs	positional_index_command	clap_builder/src/builder/arg.rs	index
clap_complete_nushell/tests/common.rs	positional_index_command	clap_builder/src/builder/arg.rs	long
clap_complete_nushell/tests/common.rs	positional_index_command	clap_builder/src/builder/arg.rs	new
clap_complete_nushell/tests/common.rs	positional_index_command	clap_builder/src/builder/arg.rs	short
clap_complete_nushell/tests/common.rs	positional_index_command	clap_builder/src/builder/command.rs	about
clap_complete_nushell/tests/common.rs	positional_index_command	clap_builder/src/builder/command.rs	arg
clap_complete_nushell/tests/common.rs	positional_index_command	clap_builder/src/builder/command.rs	new
clap_complete_nushell/tests/common.rs	positional_index_command	clap_builder/src/builder/command.rs	version
clap_complete_nushell/tests/common.rs	quoting_command	clap_builder/src/builder/arg.rs	action
clap_complete_nushell/tests/common.rs	quoting_command	clap_builder/src/builder/arg.rs	help
clap_complete_nushell/tests/common.rs	quoting_command	clap_builder/src/builder/arg.rs	long
clap_complete_nushell/tests/common.rs	quoting_command	clap_builder/src/builder/arg.rs	new
clap_complete_nushell/tests/common.rs	quoting_command	clap_builder/src/builder/command.rs	about
clap_complete_nushell/tests/common.rs	quoting_command	clap_builder/src/builder/command.rs	arg
clap_complete_nushell/tests/common.rs	quoting_command	clap_builder/src/builder/command.rs	new
clap_complete_nushell/tests/common.rs	quoting_command	clap_builder/src/builder/command.rs	subcommands
clap_complete_nushell/tests/common.rs	quoting_command	clap_builder/src/builder/command.rs	version
clap_complete_nushell/tests/common.rs	special_commands_command	clap_builder/src/builder/arg.rs	action
clap_complete_nushell/tests/common.rs	special_commands_command	clap_builder/src/builder/arg.rs	help
clap_complete_nushell/tests/common.rs	special_commands_command	clap_builder/src/builder/arg.rs	hide
clap_complete_nushell/tests/common.rs	special_commands_command	clap_builder/src/builder/arg.rs	long
clap_complete_nushell/tests/common.rs	special_commands_command	clap_builder/src/builder/arg.rs	new
clap_complete_nushell/tests/common.rs	special_commands_command	clap_builder/src/builder/arg.rs	num_args
clap_complete_nushell/tests/common.rs	special_commands_command	clap_builder/src/builder/arg.rs	require_equals
clap_complete_nushell/tests/common.rs	special_commands_command	clap_builder/src/builder/command.rs	about
clap_complete_nushell/tests/common.rs	special_commands_command	clap_builder/src/builder/command.rs	alias
clap_complete_nushell/tests/common.rs	special_commands_command	clap_builder/src/builder/command.rs	arg
clap_complete_nushell/tests/common.rs	special_commands_command	clap_builder/src/builder/command.rs	hide
clap_complete_nushell/tests/common.rs	special_commands_command	clap_builder/src/builder/command.rs	new
clap_complete_nushell/tests/common.rs	special_commands_command	clap_builder/src/builder/command.rs	subcommand
clap_complete_nushell/tests/common.rs	special_commands_command	clap_complete_nushell/tests/common.rs	feature_sample_command
clap_complete_nushell/tests/common.rs	sub_subcommands_command	clap_builder/src/builder/arg.rs	action
clap_complete_nushell/tests/common.rs	sub_subcommands_command	clap_builder/src/builder/arg.rs	help
clap_complete_nushell/tests/common.rs	sub_subcommands_command	clap_builder/src/builder/arg.rs	long
clap_complete_nushell/tests/common.rs	sub_subcommands_command	clap_builder/src/builder/arg.rs	new
clap_complete_nushell/tests/common.rs	sub_subcommands_command	clap_builder/src/builder/arg.rs	value_parser
clap_complete_nushell/tests/common.rs	sub_subcommands_command	clap_builder/src/builder/command.rs	about
clap_complete_nushell/tests/common.rs	sub_subcommands_command	clap_builder/src/builder/command.rs	arg
clap_complete_nushell/tests/common.rs	sub_subcommands_command	clap_builder/src/builder/command.rs	new
clap_complete_nushell/tests/common.rs	sub_subcommands_command	clap_builder/src/builder/command.rs	subcommand
clap_complete_nushell/tests/common.rs	sub_subcommands_command	clap_builder/src/builder/command.rs	visible_alias
clap_complete_nushell/tests/common.rs	sub_subcommands_command	clap_builder/src/builder/possible_value.rs	help
clap_complete_nushell/tests/common.rs	sub_subcommands_command	clap_builder/src/builder/possible_value.rs	new
clap_complete_nushell/tests/common.rs	sub_subcommands_command	clap_complete_nushell/tests/common.rs	feature_sample_command
clap_complete_nushell/tests/common.rs	value_hint_command	clap_builder/src/builder/arg.rs	action
clap_complete_nushell/tests/common.rs	value_hint_command	clap_builder/src/builder/arg.rs	long
clap_complete_nushell/tests/common.rs	value_hint_command	clap_builder/src/builder/arg.rs	new
clap_complete_nushell/tests/common.rs	value_hint_command	clap_builder/src/builder/arg.rs	num_args
clap_complete_nushell/tests/common.rs	value_hint_command	clap_builder/src/builder/arg.rs	short
clap_complete_nushell/tests/common.rs	value_hint_command	clap_builder/src/builder/arg.rs	trailing_var_arg
clap_complete_nushell/tests/common.rs	value_hint_command	clap_builder/src/builder/arg.rs	value_hint
clap_complete_nushell/tests/common.rs	value_hint_command	clap_builder/src/builder/arg.rs	value_parser
clap_complete_nushell/tests/common.rs	value_hint_command	clap_builder/src/builder/command.rs	arg
clap_complete_nushell/tests/common.rs	value_hint_command	clap_builder/src/builder/command.rs	new
clap_complete_nushell/tests/nushell.rs	aliases	clap_complete_nushell/tests/common.rs	aliases_command
clap_complete_nushell/tests/nushell.rs	aliases	clap_complete_nushell/tests/common.rs	assert_matches
clap_complete_nushell/tests/nushell.rs	basic	clap_complete_nushell/tests/common.rs	assert_matches
clap_complete_nushell/tests/nushell.rs	basic	clap_complete_nushell/tests/common.rs	basic_command
clap_complete_nushell/tests/nushell.rs	feature_sample	clap_complete_nushell/tests/common.rs	assert_matches
clap_complete_nushell/tests/nushell.rs	feature_sample	clap_complete_nushell/tests/common.rs	feature_sample_command
clap_complete_nushell/tests/nushell.rs	last_args	clap_complete_nushell/tests/common.rs	assert_matches
clap_complete_nushell/tests/nushell.rs	last_args	clap_complete_nushell/tests/common.rs	last_args_command
clap_complete_nushell/tests/nushell.rs	positional_index	clap_complete_nushell/tests/common.rs	assert_matches
clap_complete_nushell/tests/nushell.rs	positional_index	clap_complete_nushell/tests/common.rs	positional_index_command
clap_complete_nushell/tests/nushell.rs	quoting	clap_complete_nushell/tests/common.rs	assert_matches
clap_complete_nushell/tests/nushell.rs	quoting	clap_complete_nushell/tests/common.rs	quoting_command
clap_complete_nushell/tests/nushell.rs	special_commands	clap_complete_nushell/tests/common.rs	assert_matches
clap_complete_nushell/tests/nushell.rs	special_commands	clap_complete_nushell/tests/common.rs	special_commands_command
clap_complete_nushell/tests/nushell.rs	sub_subcommands	clap_complete_nushell/tests/common.rs	assert_matches
clap_complete_nushell/tests/nushell.rs	sub_subcommands	clap_complete_nushell/tests/common.rs	sub_subcommands_command
clap_complete_nushell/tests/nushell.rs	value_hint	clap_complete_nushell/tests/common.rs	assert_matches
clap_complete_nushell/tests/nushell.rs	value_hint	clap_complete_nushell/tests/common.rs	value_hint_command
clap_derive/src/attr.rs	parse	/Users/chrishafley/.cargo/registry/src/index.crates.io-1949cf8c6b5b557f/proc-macro2-1.0.107/src/lib.rs	span
clap_derive/src/attr.rs	parse	/Users/chrishafley/.cargo/registry/src/index.crates.io-1949cf8c6b5b557f/syn-3.0.2/src/parse.rs	parse
clap_derive/src/attr.rs	parse	/Users/chrishafley/.cargo/registry/src/index.crates.io-1949cf8c6b5b557f/syn-3.0.2/src/parse.rs	peek
clap_derive/src/attr.rs	parse	clap_derive/src/attr.rs	Call
clap_derive/src/attr.rs	parse	clap_derive/src/attr.rs	Expr
clap_derive/src/attr.rs	parse	clap_derive/src/utils/spanned.rs	new
clap_derive/src/attr.rs	to_tokens	/Users/chrishafley/.cargo/registry/src/index.crates.io-1949cf8c6b5b557f/quote-1.0.47/src/to_tokens.rs	to_tokens
clap_derive/src/attr.rs	to_tokens	/Users/chrishafley/.cargo/registry/src/index.crates.io-1949cf8c6b5b557f/syn-3.0.2/src/expr.rs	to_tokens
clap_derive/src/attr.rs	to_tokens	/Users/chrishafley/.cargo/registry/src/index.crates.io-1949cf8c6b5b557f/syn-3.0.2/src/macros.rs	to_tokens
clap_derive/src/derives/args.rs	collect_args_fields	/Users/chrishafley/.cargo/registry/src/index.crates.io-1949cf8c6b5b557f/syn-3.0.2/src/punctuated.rs	iter
clap_derive/src/derives/args.rs	derive_args	/Users/chrishafley/.cargo/registry/src/index.crates.io-1949cf8c6b5b557f/syn-3.0.2/src/punctuated.rs	new
clap_derive/src/derives/args.rs	derive_args	clap_derive/src/derives/args.rs	gen_for_struct
clap_derive/src/derives/args.rs	derive_args	clap_derive/src/item.rs	Derived
clap_derive/src/derives/args.rs	gen_augment	clap_derive/src/item.rs	deprecations
clap_derive/src/derives/args.rs	gen_augment	clap_derive/src/item.rs	final_top_level_methods
clap_derive/src/derives/args.rs	gen_augment	clap_derive/src/item.rs	group_id
clap_derive/src/derives/args.rs	gen_augment	clap_derive/src/item.rs	group_methods
clap_derive/src/derives/args.rs	gen_augment	clap_derive/src/item.rs	initial_top_level_methods
clap_derive/src/derives/args.rs	gen_augment	clap_derive/src/item.rs	skip_group
clap_derive/src/derives/args.rs	gen_for_struct	/Users/chrishafley/.cargo/registry/src/index.crates.io-1949cf8c6b5b557f/proc-macro2-1.0.107/src/lib.rs	call_site
clap_derive/src/derives/args.rs	gen_for_struct	/Users/chrishafley/.cargo/registry/src/index.crates.io-1949cf8c6b5b557f/proc-macro2-1.0.107/src/lib.rs	new
clap_derive/src/derives/args.rs	gen_for_struct	/Users/chrishafley/.cargo/registry/src/index.crates.io-1949cf8c6b5b557f/syn-3.0.2/src/generics.rs	split_for_impl
clap_derive/src/derives/args.rs	gen_for_struct	clap_derive/src/derives/args.rs	raw_deprecated
clap_derive/src/derives/args.rs	gen_for_struct	clap_derive/src/item.rs	group_id
clap_derive/src/derives/args.rs	gen_for_struct	clap_derive/src/item.rs	skip_group
clap_derive/src/derives/args.rs	gen_parsers	clap_derive/src/item.rs	id
clap_derive/src/derives/args.rs	gen_parsers	clap_derive/src/utils/spanned.rs	span
clap_derive/src/derives/args.rs	gen_parsers	clap_derive/src/utils/ty.rs	inner_type
clap_derive/src/derives/into_app.rs	gen_for_enum	/Users/chrishafley/.cargo/registry/src/index.crates.io-1949cf8c6b5b557f/proc-macro2-1.0.107/src/lib.rs	call_site
clap_derive/src/derives/into_app.rs	gen_for_enum	/Users/chrishafley/.cargo/registry/src/index.crates.io-1949cf8c6b5b557f/proc-macro2-1.0.107/src/lib.rs	new
clap_derive/src/derives/into_app.rs	gen_for_enum	/Users/chrishafley/.cargo/registry/src/index.crates.io-1949cf8c6b5b557f/syn-3.0.2/src/generics.rs	split_for_impl
clap_derive/src/derives/into_app.rs	gen_for_enum	clap_derive/src/item.rs	cased_name
clap_derive/src/derives/into_app.rs	gen_for_struct	/Users/chrishafley/.cargo/registry/src/index.crates.io-1949cf8c6b5b557f/proc-macro2-1.0.107/src/lib.rs	call_site
clap_derive/src/derives/into_app.rs	gen_for_struct	/Users/chrishafley/.cargo/registry/src/index.crates.io-1949cf8c6b5b557f/proc-macro2-1.0.107/src/lib.rs	new
clap_derive/src/derives/into_app.rs	gen_for_struct	/Users/chrishafley/.cargo/registry/src/index.crates.io-1949cf8c6b5b557f/syn-3.0.2/src/generics.rs	split_for_impl
clap_derive/src/derives/into_app.rs	gen_for_struct	clap_derive/src/item.rs	cased_name
clap_derive/src/derives/parser.rs	derive_parser	/Users/chrishafley/.cargo/registry/src/index.crates.io-1949cf8c6b5b557f/syn-3.0.2/src/punctuated.rs	new
clap_derive/src/derives/parser.rs	derive_parser	clap_derive/src/derives/parser.rs	gen_for_enum
clap_derive/src/derives/parser.rs	derive_parser	clap_derive/src/derives/parser.rs	gen_for_struct
clap_derive/src/derives/parser.rs	derive_parser	clap_derive/src/item.rs	Assigned
clap_derive/src/derives/parser.rs	gen_for_enum	/Users/chrishafley/.cargo/registry/src/index.crates.io-1949cf8c6b5b557f/syn-3.0.2/src/generics.rs	split_for_impl
clap_derive/src/derives/parser.rs	gen_for_struct	/Users/chrishafley/.cargo/registry/src/index.crates.io-1949cf8c6b5b557f/syn-3.0.2/src/generics.rs	split_for_impl
clap_derive/src/derives/subcommand.rs	derive_subcommand	clap_derive/src/derives/subcommand.rs	gen_for_enum
clap_derive/src/derives/subcommand.rs	derive_subcommand	clap_derive/src/item.rs	Derived
clap_derive/src/derives/subcommand.rs	gen_augment	/Users/chrishafley/.cargo/registry/src/index.crates.io-1949cf8c6b5b557f/proc-macro2-1.0.107/src/lib.rs	call_site
clap_derive/src/derives/subcommand.rs	gen_augment	/Users/chrishafley/.cargo/registry/src/index.crates.io-1949cf8c6b5b557f/proc-macro2-1.0.107/src/lib.rs	new
clap_derive/src/derives/subcommand.rs	gen_augment	clap_derive/src/item.rs	deprecations
clap_derive/src/derives/subcommand.rs	gen_augment	clap_derive/src/item.rs	final_top_level_methods
clap_derive/src/derives/subcommand.rs	gen_augment	clap_derive/src/item.rs	initial_top_level_methods
clap_derive/src/derives/subcommand.rs	gen_for_enum	/Users/chrishafley/.cargo/registry/src/index.crates.io-1949cf8c6b5b557f/syn-3.0.2/src/generics.rs	split_for_impl
clap_derive/src/derives/subcommand.rs	gen_from_arg_matches	clap_derive/src/derives/args.rs	raw_deprecated
clap_derive/src/derives/subcommand.rs	gen_update_from_arg_matches	clap_derive/src/derives/args.rs	raw_deprecated
clap_derive/src/derives/value_enum.rs	derive_value_enum	clap_derive/src/derives/value_enum.rs	gen_for_enum
clap_derive/src/derives/value_enum.rs	derive_value_enum	clap_derive/src/item.rs	Derived
clap_derive/src/derives/value_enum.rs	gen_for_enum	clap_derive/src/derives/value_enum.rs	gen_to_possible_value
clap_derive/src/derives/value_enum.rs	gen_for_enum	clap_derive/src/derives/value_enum.rs	gen_value_variants
clap_derive/src/derives/value_enum.rs	gen_to_possible_value	clap_derive/src/item.rs	deprecations
clap_derive/src/dummies.rs	args	clap_derive/src/dummies.rs	from_arg_matches
clap_derive/src/dummies.rs	parser	clap_derive/src/dummies.rs	into_app
clap_derive/src/dummies.rs	subcommand	clap_derive/src/dummies.rs	from_arg_matches
clap_derive/src/item.rs	action	clap_derive/src/item.rs	default_action
clap_derive/src/item.rs	action	clap_derive/src/utils/spanned.rs	span
clap_derive/src/item.rs	assert_attr_kind	clap_derive/src/utils/spanned.rs	get
clap_derive/src/item.rs	default_action	/Users/chrishafley/.cargo/registry/src/index.crates.io-1949cf8c6b5b557f/proc-macro2-1.0.107/src/lib.rs	new
clap_derive/src/item.rs	default_action	clap_derive/src/item.rs	new
clap_derive/src/item.rs	default_action	clap_derive/src/utils/ty.rs	from_syn_ty
clap_derive/src/item.rs	default_action	clap_derive/src/utils/ty.rs	is_simple_ty
clap_derive/src/item.rs	default_value_parser	/Users/chrishafley/.cargo/registry/src/index.crates.io-1949cf8c6b5b557f/proc-macro2-1.0.107/src/lib.rs	new
clap_derive/src/item.rs	default_value_parser	clap_derive/src/item.rs	new
clap_derive/src/item.rs	from_args_field	/Users/chrishafley/.cargo/registry/src/index.crates.io-1949cf8c6b5b557f/syn-3.0.2/src/spanned.rs	span
clap_derive/src/item.rs	from_args_field	clap_derive/src/item.rs	Arg
clap_derive/src/item.rs	from_args_field	clap_derive/src/item.rs	Derived
clap_derive/src/item.rs	from_args_field	clap_derive/src/item.rs	has_explicit_methods
clap_derive/src/item.rs	from_args_field	clap_derive/src/item.rs	new
clap_derive/src/item.rs	from_args_field	clap_derive/src/item.rs	push_doc_comment
clap_derive/src/item.rs	from_args_field	clap_derive/src/utils/spanned.rs	new
clap_derive/src/item.rs	from_args_field	clap_derive/src/utils/ty.rs	from_syn_ty
clap_derive/src/item.rs	from_args_struct	/Users/chrishafley/.cargo/registry/src/index.crates.io-1949cf8c6b5b557f/proc-macro2-1.0.107/src/lib.rs	span
clap_derive/src/item.rs	from_args_struct	clap_derive/src/item.rs	Command
clap_derive/src/item.rs	from_args_struct	clap_derive/src/item.rs	new
clap_derive/src/item.rs	from_args_struct	clap_derive/src/item.rs	push_doc_comment
clap_derive/src/item.rs	from_args_struct	clap_derive/src/utils/spanned.rs	new
clap_derive/src/item.rs	from_env	/Users/chrishafley/.cargo/registry/src/index.crates.io-1949cf8c6b5b557f/proc-macro2-1.0.107/src/lib.rs	span
clap_derive/src/item.rs	from_env	/Users/chrishafley/.cargo/registry/src/index.crates.io-1949cf8c6b5b557f/syn-3.0.2/src/lit.rs	new
clap_derive/src/item.rs	from_env	/Users/chrishafley/.cargo/registry/src/index.crates.io-1949cf8c6b5b557f/syn-3.0.2/src/lit.rs	span
clap_derive/src/item.rs	from_env	/Users/chrishafley/.cargo/registry/src/index.crates.io-1949cf8c6b5b557f/syn-3.0.2/src/lit.rs	value
clap_derive/src/item.rs	from_env	clap_derive/src/item.rs	new
clap_derive/src/item.rs	from_env	clap_derive/src/item.rs	process_author_str
clap_derive/src/item.rs	from_lit	/Users/chrishafley/.cargo/registry/src/index.crates.io-1949cf8c6b5b557f/syn-3.0.2/src/lit.rs	span
clap_derive/src/item.rs	from_lit	/Users/chrishafley/.cargo/registry/src/index.crates.io-1949cf8c6b5b557f/syn-3.0.2/src/lit.rs	value
clap_derive/src/item.rs	from_lit	clap_derive/src/utils/spanned.rs	new
clap_derive/src/item.rs	from_subcommand_enum	/Users/chrishafley/.cargo/registry/src/index.crates.io-1949cf8c6b5b557f/proc-macro2-1.0.107/src/lib.rs	span
clap_derive/src/item.rs	from_subcommand_enum	clap_derive/src/item.rs	Command
clap_derive/src/item.rs	from_subcommand_enum	clap_derive/src/item.rs	new
clap_derive/src/item.rs	from_subcommand_enum	clap_derive/src/item.rs	push_doc_comment
clap_derive/src/item.rs	from_subcommand_enum	clap_derive/src/utils/spanned.rs	new
clap_derive/src/item.rs	from_subcommand_variant	/Users/chrishafley/.cargo/registry/src/index.crates.io-1949cf8c6b5b557f/syn-3.0.2/src/punctuated.rs	len
clap_derive/src/item.rs	from_subcommand_variant	/Users/chrishafley/.cargo/registry/src/index.crates.io-1949cf8c6b5b557f/syn-3.0.2/src/spanned.rs	span
clap_derive/src/item.rs	from_subcommand_variant	clap_derive/src/item.rs	Command
clap_derive/src/item.rs	from_subcommand_variant	clap_derive/src/item.rs	Derived
clap_derive/src/item.rs	from_subcommand_variant	clap_derive/src/item.rs	has_explicit_methods
clap_derive/src/item.rs	from_subcommand_variant	clap_derive/src/item.rs	new
clap_derive/src/item.rs	from_subcommand_variant	clap_derive/src/item.rs	push_doc_comment
clap_derive/src/item.rs	from_subcommand_variant	clap_derive/src/utils/spanned.rs	new
clap_derive/src/item.rs	from_subcommand_variant	clap_derive/src/utils/ty.rs	from_syn_ty
clap_derive/src/item.rs	from_value_enum	/Users/chrishafley/.cargo/registry/src/index.crates.io-1949cf8c6b5b557f/proc-macro2-1.0.107/src/lib.rs	span
clap_derive/src/item.rs	from_value_enum	clap_derive/src/item.rs	has_explicit_methods
clap_derive/src/item.rs	from_value_enum	clap_derive/src/item.rs	new
clap_derive/src/item.rs	from_value_enum	clap_derive/src/utils/spanned.rs	new
clap_derive/src/item.rs	from_value_enum_variant	/Users/chrishafley/.cargo/registry/src/index.crates.io-1949cf8c6b5b557f/syn-3.0.2/src/spanned.rs	span
clap_derive/src/item.rs	from_value_enum_variant	clap_derive/src/item.rs	Derived
clap_derive/src/item.rs	from_value_enum_variant	clap_derive/src/item.rs	new
clap_derive/src/item.rs	from_value_enum_variant	clap_derive/src/item.rs	push_doc_comment
clap_derive/src/item.rs	from_value_enum_variant	clap_derive/src/utils/spanned.rs	new
clap_derive/src/item.rs	new	clap_derive/src/item.rs	Derived
clap_derive/src/item.rs	push_attrs	clap_derive/src/item.rs	has_explicit_methods
clap_derive/src/item.rs	push_doc_comment	clap_derive/src/item.rs	new
clap_derive/src/item.rs	push_doc_comment	clap_derive/src/utils/doc_comments.rs	extract_doc_comment
clap_derive/src/item.rs	push_doc_comment	clap_derive/src/utils/doc_comments.rs	format_doc_comment
clap_derive/src/item.rs	push_method	/Users/chrishafley/.cargo/registry/src/index.crates.io-1949cf8c6b5b557f/quote-1.0.47/src/to_tokens.rs	to_token_stream
clap_derive/src/item.rs	push_method	clap_derive/src/item.rs	push_method_
clap_derive/src/item.rs	push_method_	/Users/chrishafley/.cargo/registry/src/index.crates.io-1949cf8c6b5b557f/proc-macro2-1.0.107/src/lib.rs	span
clap_derive/src/item.rs	push_method_	clap_derive/src/item.rs	Assigned
clap_derive/src/item.rs	push_method_	clap_derive/src/item.rs	Explicit
clap_derive/src/item.rs	push_method_	clap_derive/src/item.rs	new
clap_derive/src/item.rs	resolve	/Users/chrishafley/.cargo/registry/src/index.crates.io-1949cf8c6b5b557f/proc-macro2-1.0.107/src/lib.rs	span
clap_derive/src/item.rs	resolve	clap_derive/src/item.rs	default_action
clap_derive/src/item.rs	resolve	clap_derive/src/item.rs	default_value_parser
clap_derive/src/item.rs	set_kind	clap_derive/src/utils/spanned.rs	get
clap_derive/src/item.rs	span	/Users/chrishafley/.cargo/registry/src/index.crates.io-1949cf8c6b5b557f/proc-macro2-1.0.107/src/lib.rs	span
clap_derive/src/item.rs	to_tokens	/Users/chrishafley/.cargo/registry/src/index.crates.io-1949cf8c6b5b557f/proc-macro2-1.0.107/src/lib.rs	new
clap_derive/src/item.rs	to_tokens	/Users/chrishafley/.cargo/registry/src/index.crates.io-1949cf8c6b5b557f/quote-1.0.47/src/to_tokens.rs	to_tokens
clap_derive/src/item.rs	to_tokens	/Users/chrishafley/.cargo/registry/src/index.crates.io-1949cf8c6b5b557f/syn-3.0.2/src/ext.rs	unraw
clap_derive/src/item.rs	translate	/Users/chrishafley/.cargo/registry/src/index.crates.io-1949cf8c6b5b557f/syn-3.0.2/src/ext.rs	unraw
clap_derive/src/item.rs	translate_char	/Users/chrishafley/.cargo/registry/src/index.crates.io-1949cf8c6b5b557f/syn-3.0.2/src/ext.rs	unraw
clap_derive/src/item.rs	value_parser	clap_derive/src/item.rs	default_value_parser
clap_derive/src/item.rs	value_parser	clap_derive/src/utils/spanned.rs	span
clap_derive/src/item.rs	value_parser	clap_derive/src/utils/ty.rs	inner_type
clap_derive/src/lib.rs	args	clap_derive/src/derives/args.rs	derive_args
clap_derive/src/lib.rs	args	clap_derive/src/dummies.rs	args
clap_derive/src/lib.rs	args	clap_derive/src/lib.rs	to_compile_error
clap_derive/src/lib.rs	parser	clap_derive/src/derives/parser.rs	derive_parser
clap_derive/src/lib.rs	parser	clap_derive/src/dummies.rs	args
clap_derive/src/lib.rs	parser	clap_derive/src/dummies.rs	parser
clap_derive/src/lib.rs	parser	clap_derive/src/dummies.rs	subcommand
clap_derive/src/lib.rs	parser	clap_derive/src/lib.rs	to_compile_error
clap_derive/src/lib.rs	subcommand	clap_derive/src/derives/subcommand.rs	derive_subcommand
clap_derive/src/lib.rs	subcommand	clap_derive/src/dummies.rs	subcommand
clap_derive/src/lib.rs	subcommand	clap_derive/src/lib.rs	to_compile_error
clap_derive/src/lib.rs	to_compile_error	/Users/chrishafley/.cargo/registry/src/index.crates.io-1949cf8c6b5b557f/syn-3.0.2/src/error.rs	to_compile_error
clap_derive/src/lib.rs	value_enum	clap_derive/src/derives/value_enum.rs	derive_value_enum
clap_derive/src/lib.rs	value_enum	clap_derive/src/dummies.rs	value_enum
clap_derive/src/lib.rs	value_enum	clap_derive/src/lib.rs	to_compile_error
clap_derive/src/utils/doc_comments.rs	extract_doc_comment	/Users/chrishafley/.cargo/registry/src/index.crates.io-1949cf8c6b5b557f/syn-3.0.2/src/lit.rs	value
clap_derive/src/utils/doc_comments.rs	extract_doc_comment	clap_derive/src/utils/doc_comments.rs	is_blank
clap_derive/src/utils/doc_comments.rs	format_doc_comment	clap_derive/src/utils/doc_comments.rs	is_blank
clap_derive/src/utils/doc_comments.rs	format_doc_comment	clap_derive/src/utils/doc_comments.rs	parse_markdown
clap_derive/src/utils/doc_comments.rs	format_doc_comment	clap_derive/src/utils/doc_comments.rs	remove_period
clap_derive/src/utils/doc_comments.rs	parse_markdown	clap_derive/src/utils/doc_comments.rs	is_blank
clap_derive/src/utils/doc_comments.rs	parse_markdown	clap_derive/src/utils/doc_comments.rs	merge_lines
clap_derive/src/utils/doc_comments.rs	parse_markdown	clap_derive/src/utils/doc_comments.rs	split_paragraphs
clap_derive/src/utils/doc_comments.rs	split_paragraphs	clap_derive/src/utils/doc_comments.rs	is_blank
clap_derive/src/utils/doc_comments.rs	split_paragraphs	clap_derive/src/utils/doc_comments.rs	merge_lines
clap_derive/src/utils/error.rs	EXPECTED_Span_OR_ToTokens	/Users/chrishafley/.cargo/registry/src/index.crates.io-1949cf8c6b5b557f/quote-1.0.47/src/to_tokens.rs	to_token_stream
clap_derive/src/utils/error.rs	EXPECTED_Span_OR_ToTokens	/Users/chrishafley/.cargo/registry/src/index.crates.io-1949cf8c6b5b557f/syn-3.0.2/src/error.rs	new
clap_derive/src/utils/error.rs	EXPECTED_Span_OR_ToTokens	/Users/chrishafley/.cargo/registry/src/index.crates.io-1949cf8c6b5b557f/syn-3.0.2/src/error.rs	new_spanned
clap_derive/src/utils/spanned.rs	from	/Users/chrishafley/.cargo/registry/src/index.crates.io-1949cf8c6b5b557f/proc-macro2-1.0.107/src/lib.rs	span
clap_derive/src/utils/spanned.rs	from	/Users/chrishafley/.cargo/registry/src/index.crates.io-1949cf8c6b5b557f/syn-3.0.2/src/lit.rs	span
clap_derive/src/utils/spanned.rs	from	/Users/chrishafley/.cargo/registry/src/index.crates.io-1949cf8c6b5b557f/syn-3.0.2/src/lit.rs	value
clap_derive/src/utils/spanned.rs	from	clap_derive/src/utils/spanned.rs	new
clap_derive/src/utils/spanned.rs	to_tokens	/Users/chrishafley/.cargo/registry/src/index.crates.io-1949cf8c6b5b557f/quote-1.0.47/src/to_tokens.rs	to_token_stream
clap_derive/src/utils/ty.rs	from_syn_ty	/Users/chrishafley/.cargo/registry/src/index.crates.io-1949cf8c6b5b557f/syn-3.0.2/src/spanned.rs	span
clap_derive/src/utils/ty.rs	from_syn_ty	clap_derive/src/utils/spanned.rs	new
clap_derive/src/utils/ty.rs	from_syn_ty	clap_derive/src/utils/ty.rs	get_vec_ty
clap_derive/src/utils/ty.rs	from_syn_ty	clap_derive/src/utils/ty.rs	is_generic_ty
clap_derive/src/utils/ty.rs	from_syn_ty	clap_derive/src/utils/ty.rs	is_unit_ty
clap_derive/src/utils/ty.rs	from_syn_ty	clap_derive/src/utils/ty.rs	subty_if_name
clap_derive/src/utils/ty.rs	get_vec_ty	clap_derive/src/utils/ty.rs	is_generic_ty
clap_derive/src/utils/ty.rs	inner_type	clap_derive/src/utils/ty.rs	from_syn_ty
clap_derive/src/utils/ty.rs	inner_type	clap_derive/src/utils/ty.rs	sub_type
clap_derive/src/utils/ty.rs	is_generic_ty	clap_derive/src/utils/ty.rs	subty_if_name
clap_derive/src/utils/ty.rs	is_simple_ty	clap_derive/src/utils/ty.rs	only_last_segment
clap_derive/src/utils/ty.rs	is_unit_ty	/Users/chrishafley/.cargo/registry/src/index.crates.io-1949cf8c6b5b557f/syn-3.0.2/src/punctuated.rs	is_empty
clap_derive/src/utils/ty.rs	only_last_segment	/Users/chrishafley/.cargo/registry/src/index.crates.io-1949cf8c6b5b557f/syn-3.0.2/src/punctuated.rs	iter
clap_derive/src/utils/ty.rs	only_last_segment	clap_derive/src/utils/ty.rs	only_one
clap_derive/src/utils/ty.rs	sub_type	clap_derive/src/utils/ty.rs	subty_if
clap_derive/src/utils/ty.rs	subty_if	/Users/chrishafley/.cargo/registry/src/index.crates.io-1949cf8c6b5b557f/syn-3.0.2/src/punctuated.rs	iter
clap_derive/src/utils/ty.rs	subty_if	clap_derive/src/utils/ty.rs	only_last_segment
clap_derive/src/utils/ty.rs	subty_if	clap_derive/src/utils/ty.rs	only_one
clap_derive/src/utils/ty.rs	subty_if_name	clap_derive/src/utils/ty.rs	subty_if
clap_lex/src/lib.rs	cursor	clap_lex/src/lib.rs	new
clap_lex/src/lib.rs	from_args	clap_lex/src/lib.rs	new
clap_lex/src/lib.rs	is_end	clap_lex/src/lib.rs	peek_os
clap_lex/src/lib.rs	is_long	clap_lex/src/lib.rs	is_escape
clap_lex/src/lib.rs	is_negative_number	clap_lex/src/lib.rs	is_number
clap_lex/src/lib.rs	is_negative_number	clap_lex/src/lib.rs	to_value
clap_lex/src/lib.rs	is_short	clap_lex/src/lib.rs	is_stdio
clap_lex/src/lib.rs	new	clap_lex/src/lib.rs	split_nonutf8_once
clap_lex/src/lib.rs	next	clap_lex/src/lib.rs	next_flag
clap_lex/src/lib.rs	next	clap_lex/src/lib.rs	next_os
clap_lex/src/lib.rs	next_value_os	clap_lex/src/ext.rs	split_at
clap_lex/src/lib.rs	peek	clap_lex/src/lib.rs	peek_os
clap_lex/src/lib.rs	split_nonutf8_once	clap_lex/src/ext.rs	split_at
clap_lex/src/lib.rs	to_short	clap_lex/src/lib.rs	new
clap_mangen/examples/man.rs	main	clap_builder/src/builder/command.rs	about
clap_mangen/examples/man.rs	main	clap_builder/src/builder/command.rs	after_help
clap_mangen/examples/man.rs	main	clap_builder/src/builder/command.rs	after_long_help
clap_mangen/examples/man.rs	main	clap_builder/src/builder/command.rs	arg
clap_mangen/examples/man.rs	main	clap_builder/src/builder/command.rs	author
clap_mangen/examples/man.rs	main	clap_builder/src/builder/command.rs	long_about
clap_mangen/examples/man.rs	main	clap_builder/src/builder/command.rs	new
clap_mangen/examples/man.rs	main	clap_builder/src/builder/command.rs	subcommand
clap_mangen/examples/man.rs	main	clap_builder/src/builder/command.rs	version
clap_mangen/examples/man.rs	main	clap_mangen/src/lib.rs	new
clap_mangen/examples/man.rs	main	clap_mangen/src/lib.rs	render
clap_mangen/src/lib.rs	_render_authors_section	/Users/chrishafley/.cargo/registry/src/index.crates.io-1949cf8c6b5b557f/roff-1.1.1/src/lib.rs	control
clap_mangen/src/lib.rs	_render_authors_section	/Users/chrishafley/.cargo/registry/src/index.crates.io-1949cf8c6b5b557f/roff-1.1.1/src/lib.rs	roman
clap_mangen/src/lib.rs	_render_authors_section	/Users/chrishafley/.cargo/registry/src/index.crates.io-1949cf8c6b5b557f/roff-1.1.1/src/lib.rs	text
clap_mangen/src/lib.rs	_render_authors_section	clap_builder/src/builder/command.rs	get_author
clap_mangen/src/lib.rs	_render_description_section	/Users/chrishafley/.cargo/registry/src/index.crates.io-1949cf8c6b5b557f/roff-1.1.1/src/lib.rs	control
clap_mangen/src/lib.rs	_render_description_section	clap_mangen/src/render.rs	description
clap_mangen/src/lib.rs	_render_extra_section	/Users/chrishafley/.cargo/registry/src/index.crates.io-1949cf8c6b5b557f/roff-1.1.1/src/lib.rs	control
clap_mangen/src/lib.rs	_render_extra_section	clap_mangen/src/render.rs	after_help
clap_mangen/src/lib.rs	_render_name_section	/Users/chrishafley/.cargo/registry/src/index.crates.io-1949cf8c6b5b557f/roff-1.1.1/src/lib.rs	control
clap_mangen/src/lib.rs	_render_name_section	clap_mangen/src/render.rs	about
clap_mangen/src/lib.rs	_render_options_section	/Users/chrishafley/.cargo/registry/src/index.crates.io-1949cf8c6b5b557f/roff-1.1.1/src/lib.rs	control
clap_mangen/src/lib.rs	_render_options_section	clap_builder/src/builder/command.rs	get_arguments
clap_mangen/src/lib.rs	_render_options_section	clap_mangen/src/render.rs	options
clap_mangen/src/lib.rs	_render_subcommands_section	/Users/chrishafley/.cargo/registry/src/index.crates.io-1949cf8c6b5b557f/roff-1.1.1/src/lib.rs	control
clap_mangen/src/lib.rs	_render_subcommands_section	clap_mangen/src/render.rs	subcommand_heading
clap_mangen/src/lib.rs	_render_subcommands_section	clap_mangen/src/render.rs	subcommands
clap_mangen/src/lib.rs	_render_synopsis_section	/Users/chrishafley/.cargo/registry/src/index.crates.io-1949cf8c6b5b557f/roff-1.1.1/src/lib.rs	control
clap_mangen/src/lib.rs	_render_synopsis_section	clap_mangen/src/render.rs	synopsis
clap_mangen/src/lib.rs	_render_title	/Users/chrishafley/.cargo/registry/src/index.crates.io-1949cf8c6b5b557f/roff-1.1.1/src/lib.rs	control
clap_mangen/src/lib.rs	_render_title	clap_mangen/src/lib.rs	title_args
clap_mangen/src/lib.rs	_render_version_section	/Users/chrishafley/.cargo/registry/src/index.crates.io-1949cf8c6b5b557f/roff-1.1.1/src/lib.rs	control
clap_mangen/src/lib.rs	_render_version_section	/Users/chrishafley/.cargo/registry/src/index.crates.io-1949cf8c6b5b557f/roff-1.1.1/src/lib.rs	roman
clap_mangen/src/lib.rs	_render_version_section	/Users/chrishafley/.cargo/registry/src/index.crates.io-1949cf8c6b5b557f/roff-1.1.1/src/lib.rs	text
clap_mangen/src/lib.rs	_render_version_section	clap_mangen/src/render.rs	version
clap_mangen/src/lib.rs	app_has_arguments	clap_builder/src/builder/command.rs	get_arguments
clap_mangen/src/lib.rs	app_has_subcommands	clap_builder/src/builder/command.rs	get_subcommands
clap_mangen/src/lib.rs	app_has_version	clap_builder/src/builder/command.rs	get_long_version
clap_mangen/src/lib.rs	app_has_version	clap_builder/src/builder/command.rs	get_version
clap_mangen/src/lib.rs	generate_to	clap_builder/src/builder/command.rs	build
clap_mangen/src/lib.rs	generate_to	clap_builder/src/builder/command.rs	disable_help_subcommand
clap_mangen/src/lib.rs	generate_to	clap_mangen/src/lib.rs	generate
clap_mangen/src/lib.rs	generate_to	clap_mangen/src/lib.rs	get_filename
clap_mangen/src/lib.rs	new	clap_builder/src/builder/command.rs	build
clap_mangen/src/lib.rs	new	clap_builder/src/builder/command.rs	get_display_name
clap_mangen/src/lib.rs	new	clap_builder/src/builder/command.rs	get_name
clap_mangen/src/lib.rs	render	/Users/chrishafley/.cargo/registry/src/index.crates.io-1949cf8c6b5b557f/roff-1.1.1/src/lib.rs	to_writer
clap_mangen/src/lib.rs	render	clap_builder/src/builder/command.rs	get_after_help
clap_mangen/src/lib.rs	render	clap_builder/src/builder/command.rs	get_after_long_help
clap_mangen/src/lib.rs	render	clap_builder/src/builder/command.rs	get_author
clap_mangen/src/lib.rs	render	clap_mangen/src/lib.rs	_render_authors_section
clap_mangen/src/lib.rs	render	clap_mangen/src/lib.rs	_render_description_section
clap_mangen/src/lib.rs	render	clap_mangen/src/lib.rs	_render_extra_section
clap_mangen/src/lib.rs	render	clap_mangen/src/lib.rs	_render_name_section
clap_mangen/src/lib.rs	render	clap_mangen/src/lib.rs	_render_options_section
clap_mangen/src/lib.rs	render	clap_mangen/src/lib.rs	_render_subcommands_section
clap_mangen/src/lib.rs	render	clap_mangen/src/lib.rs	_render_synopsis_section
clap_mangen/src/lib.rs	render	clap_mangen/src/lib.rs	_render_title
clap_mangen/src/lib.rs	render	clap_mangen/src/lib.rs	_render_version_section
clap_mangen/src/lib.rs	render	clap_mangen/src/lib.rs	app_has_arguments
clap_mangen/src/lib.rs	render	clap_mangen/src/lib.rs	app_has_subcommands
clap_mangen/src/lib.rs	render	clap_mangen/src/lib.rs	app_has_version
clap_mangen/src/lib.rs	render_authors_section	/Users/chrishafley/.cargo/registry/src/index.crates.io-1949cf8c6b5b557f/roff-1.1.1/src/lib.rs	to_writer
clap_mangen/src/lib.rs	render_authors_section	clap_mangen/src/lib.rs	_render_authors_section
clap_mangen/src/lib.rs	render_description_section	/Users/chrishafley/.cargo/registry/src/index.crates.io-1949cf8c6b5b557f/roff-1.1.1/src/lib.rs	to_writer
clap_mangen/src/lib.rs	render_description_section	clap_mangen/src/lib.rs	_render_description_section
clap_mangen/src/lib.rs	render_extra_section	/Users/chrishafley/.cargo/registry/src/index.crates.io-1949cf8c6b5b557f/roff-1.1.1/src/lib.rs	to_writer
clap_mangen/src/lib.rs	render_extra_section	clap_mangen/src/lib.rs	_render_extra_section
clap_mangen/src/lib.rs	render_name_section	/Users/chrishafley/.cargo/registry/src/index.crates.io-1949cf8c6b5b557f/roff-1.1.1/src/lib.rs	to_writer
clap_mangen/src/lib.rs	render_name_section	clap_mangen/src/lib.rs	_render_name_section
clap_mangen/src/lib.rs	render_options_section	/Users/chrishafley/.cargo/registry/src/index.crates.io-1949cf8c6b5b557f/roff-1.1.1/src/lib.rs	to_writer
clap_mangen/src/lib.rs	render_options_section	clap_mangen/src/lib.rs	_render_options_section
clap_mangen/src/lib.rs	render_subcommands_section	/Users/chrishafley/.cargo/registry/src/index.crates.io-1949cf8c6b5b557f/roff-1.1.1/src/lib.rs	to_writer
clap_mangen/src/lib.rs	render_subcommands_section	clap_mangen/src/lib.rs	_render_subcommands_section
clap_mangen/src/lib.rs	render_synopsis_section	/Users/chrishafley/.cargo/registry/src/index.crates.io-1949cf8c6b5b557f/roff-1.1.1/src/lib.rs	to_writer
clap_mangen/src/lib.rs	render_synopsis_section	clap_mangen/src/lib.rs	_render_synopsis_section
clap_mangen/src/lib.rs	render_title	/Users/chrishafley/.cargo/registry/src/index.crates.io-1949cf8c6b5b557f/roff-1.1.1/src/lib.rs	to_writer
clap_mangen/src/lib.rs	render_title	clap_mangen/src/lib.rs	_render_title
clap_mangen/src/lib.rs	render_version_section	/Users/chrishafley/.cargo/registry/src/index.crates.io-1949cf8c6b5b557f/roff-1.1.1/src/lib.rs	to_writer
clap_mangen/src/lib.rs	render_version_section	clap_mangen/src/lib.rs	_render_version_section
clap_mangen/src/render.rs	about	/Users/chrishafley/.cargo/registry/src/index.crates.io-1949cf8c6b5b557f/roff-1.1.1/src/lib.rs	roman
clap_mangen/src/render.rs	about	/Users/chrishafley/.cargo/registry/src/index.crates.io-1949cf8c6b5b557f/roff-1.1.1/src/lib.rs	text
clap_mangen/src/render.rs	about	clap_builder/src/builder/command.rs	get_about
clap_mangen/src/render.rs	about	clap_builder/src/builder/command.rs	get_display_name
clap_mangen/src/render.rs	about	clap_builder/src/builder/command.rs	get_long_about
clap_mangen/src/render.rs	about	clap_builder/src/builder/command.rs	get_name
clap_mangen/src/render.rs	after_help	clap_builder/src/builder/command.rs	get_after_help
clap_mangen/src/render.rs	after_help	clap_builder/src/builder/command.rs	get_after_long_help
clap_mangen/src/render.rs	description	clap_builder/src/builder/command.rs	get_about
clap_mangen/src/render.rs	description	clap_builder/src/builder/command.rs	get_long_about
clap_mangen/src/render.rs	get_possible_values	clap_builder/src/builder/arg.rs	get_possible_values
clap_mangen/src/render.rs	get_possible_values	clap_builder/src/builder/arg.rs	is_hide_possible_values_set
clap_mangen/src/render.rs	get_possible_values	clap_mangen/src/render.rs	format_possible_values
clap_mangen/src/render.rs	long_option	/Users/chrishafley/.cargo/registry/src/index.crates.io-1949cf8c6b5b557f/roff-1.1.1/src/lib.rs	bold
clap_mangen/src/render.rs	option_default_values	clap_builder/src/builder/arg.rs	get_default_values
clap_mangen/src/render.rs	option_default_values	clap_builder/src/builder/arg.rs	get_num_args
clap_mangen/src/render.rs	option_default_values	clap_builder/src/builder/arg.rs	is_hide_default_value_set
clap_mangen/src/render.rs	option_help	clap_builder/src/builder/arg.rs	get_help
clap_mangen/src/render.rs	option_help	clap_builder/src/builder/arg.rs	get_long_help
clap_mangen/src/render.rs	option_help	clap_builder/src/builder/arg.rs	is_hide_long_help_set
clap_mangen/src/render.rs	option_help	clap_builder/src/builder/arg.rs	is_hide_short_help_set
clap_mangen/src/render.rs	option_markers	clap_builder/src/builder/arg.rs	is_required_set
clap_mangen/src/render.rs	option_markers	clap_mangen/src/render.rs	markers
clap_mangen/src/render.rs	option_sort_key	clap_builder/src/builder/arg.rs	get_display_order
clap_mangen/src/render.rs	option_sort_key	clap_builder/src/builder/arg.rs	get_id
clap_mangen/src/render.rs	option_sort_key	clap_builder/src/builder/arg.rs	get_long
clap_mangen/src/render.rs	option_sort_key	clap_builder/src/builder/arg.rs	get_short
clap_mangen/src/render.rs	option_sort_key	clap_builder/src/util/id.rs	as_str
clap_mangen/src/render.rs	option_value_markers	clap_builder/src/builder/arg.rs	get_num_args
clap_mangen/src/render.rs	option_value_markers	clap_builder/src/builder/arg.rs	is_require_equals_set
clap_mangen/src/render.rs	options	clap_mangen/src/render.rs	option_sort_key
clap_mangen/src/render.rs	possible_options	/Users/chrishafley/.cargo/registry/src/index.crates.io-1949cf8c6b5b557f/roff-1.1.1/src/lib.rs	control
clap_mangen/src/render.rs	possible_options	/Users/chrishafley/.cargo/registry/src/index.crates.io-1949cf8c6b5b557f/roff-1.1.1/src/lib.rs	italic
clap_mangen/src/render.rs	possible_options	/Users/chrishafley/.cargo/registry/src/index.crates.io-1949cf8c6b5b557f/roff-1.1.1/src/lib.rs	text
clap_mangen/src/render.rs	possible_options	clap_mangen/src/render.rs	get_possible_values
clap_mangen/src/render.rs	render_synopsis_arg	/Users/chrishafley/.cargo/registry/src/index.crates.io-1949cf8c6b5b557f/roff-1.1.1/src/lib.rs	roman
clap_mangen/src/render.rs	render_synopsis_arg	clap_builder/src/builder/arg.rs	get_id
clap_mangen/src/render.rs	render_synopsis_arg	clap_builder/src/builder/arg.rs	get_long
clap_mangen/src/render.rs	render_synopsis_arg	clap_builder/src/builder/arg.rs	get_short
clap_mangen/src/render.rs	render_synopsis_arg	clap_builder/src/builder/arg.rs	get_value_names
clap_mangen/src/render.rs	render_synopsis_arg	clap_builder/src/builder/arg.rs	is_positional
clap_mangen/src/render.rs	render_synopsis_arg	clap_builder/src/util/id.rs	as_str
clap_mangen/src/render.rs	render_synopsis_option	/Users/chrishafley/.cargo/registry/src/index.crates.io-1949cf8c6b5b557f/roff-1.1.1/src/lib.rs	bold
clap_mangen/src/render.rs	render_synopsis_option	/Users/chrishafley/.cargo/registry/src/index.crates.io-1949cf8c6b5b557f/roff-1.1.1/src/lib.rs	roman
clap_mangen/src/render.rs	render_synopsis_option	clap_builder/src/builder/arg.rs	get_long
clap_mangen/src/render.rs	render_synopsis_option	clap_builder/src/builder/arg.rs	get_short
clap_mangen/src/render.rs	render_synopsis_option	clap_mangen/src/render.rs	option_markers
clap_mangen/src/render.rs	short_option	/Users/chrishafley/.cargo/registry/src/index.crates.io-1949cf8c6b5b557f/roff-1.1.1/src/lib.rs	bold
clap_mangen/src/render.rs	subcommand_heading	clap_builder/src/builder/command.rs	get_subcommand_help_heading
clap_mangen/src/render.rs	subcommand_markers	clap_builder/src/builder/command.rs	is_subcommand_required_set
clap_mangen/src/render.rs	subcommand_markers	clap_mangen/src/render.rs	markers
clap_mangen/src/render.rs	subcommand_sort_key	clap_builder/src/builder/command.rs	get_display_order
clap_mangen/src/render.rs	subcommand_sort_key	clap_builder/src/builder/command.rs	get_name
clap_mangen/src/render.rs	subcommands	clap_builder/src/builder/command.rs	get_subcommands
clap_mangen/src/render.rs	subcommands	clap_mangen/src/render.rs	subcommand_sort_key
clap_mangen/src/render.rs	synopsis	/Users/chrishafley/.cargo/registry/src/index.crates.io-1949cf8c6b5b557f/roff-1.1.1/src/lib.rs	italic
clap_mangen/src/render.rs	synopsis	/Users/chrishafley/.cargo/registry/src/index.crates.io-1949cf8c6b5b557f/roff-1.1.1/src/lib.rs	roman
clap_mangen/src/render.rs	synopsis	/Users/chrishafley/.cargo/registry/src/index.crates.io-1949cf8c6b5b557f/roff-1.1.1/src/lib.rs	text
clap_mangen/src/render.rs	synopsis	clap_builder/src/builder/command.rs	get_arguments
clap_mangen/src/render.rs	synopsis	clap_builder/src/builder/command.rs	get_bin_name
clap_mangen/src/render.rs	synopsis	clap_builder/src/builder/command.rs	get_groups
clap_mangen/src/render.rs	synopsis	clap_builder/src/builder/command.rs	get_name
clap_mangen/src/render.rs	synopsis	clap_builder/src/builder/command.rs	get_overridden_usage
clap_mangen/src/render.rs	synopsis	clap_builder/src/builder/command.rs	get_subcommand_value_name
clap_mangen/src/render.rs	synopsis	clap_builder/src/builder/command.rs	has_subcommands
clap_mangen/src/render.rs	synopsis	clap_mangen/src/render.rs	option_sort_key
clap_mangen/src/render.rs	synopsis	clap_mangen/src/render.rs	override_synopsis
clap_mangen/src/render.rs	synopsis	clap_mangen/src/render.rs	subcommand_heading
clap_mangen/src/render.rs	synopsis	clap_mangen/src/render.rs	subcommand_markers
clap_mangen/src/render.rs	synopsis	clap_mangen/src/render.rs	unroll_group_args
clap_mangen/src/render.rs	unroll_group_args	clap_builder/src/builder/command.rs	get_groups
examples/cargo-example.rs	main	clap_builder/src/builder/command.rs	bin_name
examples/cargo-example.rs	main	clap_builder/src/builder/command.rs	get_matches
examples/cargo-example.rs	main	clap_builder/src/builder/command.rs	new
examples/cargo-example.rs	main	clap_builder/src/builder/command.rs	styles
examples/cargo-example.rs	main	clap_builder/src/builder/command.rs	subcommand
examples/cargo-example.rs	main	clap_builder/src/builder/command.rs	subcommand_required
examples/cargo-example.rs	main	clap_builder/src/parser/matches/arg_matches.rs	subcommand
examples/derive_ref/augment_args.rs	main	clap_builder/src/builder/command.rs	arg
examples/derive_ref/augment_args.rs	main	clap_builder/src/builder/command.rs	new
examples/derive_ref/augment_subcommands.rs	main	clap_builder/src/builder/command.rs	new
examples/derive_ref/flatten_hand_args.rs	augment_args	clap_builder/src/builder/arg.rs	action
examples/derive_ref/flatten_hand_args.rs	augment_args	clap_builder/src/builder/arg.rs	long
examples/derive_ref/flatten_hand_args.rs	augment_args	clap_builder/src/builder/arg.rs	new
examples/derive_ref/flatten_hand_args.rs	augment_args	clap_builder/src/builder/arg.rs	short
examples/derive_ref/flatten_hand_args.rs	augment_args	clap_builder/src/builder/command.rs	arg
examples/derive_ref/flatten_hand_args.rs	augment_args_for_update	clap_builder/src/builder/arg.rs	action
examples/derive_ref/flatten_hand_args.rs	augment_args_for_update	clap_builder/src/builder/arg.rs	long
examples/derive_ref/flatten_hand_args.rs	augment_args_for_update	clap_builder/src/builder/arg.rs	new
examples/derive_ref/flatten_hand_args.rs	augment_args_for_update	clap_builder/src/builder/arg.rs	short
examples/derive_ref/flatten_hand_args.rs	augment_args_for_update	clap_builder/src/builder/command.rs	arg
examples/derive_ref/flatten_hand_args.rs	from_arg_matches	clap_builder/src/derive.rs	from_arg_matches_mut
examples/derive_ref/flatten_hand_args.rs	from_arg_matches_mut	clap_builder/src/parser/matches/arg_matches.rs	get_flag
examples/derive_ref/flatten_hand_args.rs	from_arg_matches_mut	clap_builder/src/parser/matches/arg_matches.rs	remove_one
examples/derive_ref/flatten_hand_args.rs	update_from_arg_matches	examples/derive_ref/flatten_hand_args.rs	update_from_arg_matches_mut
examples/derive_ref/flatten_hand_args.rs	update_from_arg_matches_mut	clap_builder/src/parser/matches/arg_matches.rs	get_flag
examples/derive_ref/flatten_hand_args.rs	update_from_arg_matches_mut	clap_builder/src/parser/matches/arg_matches.rs	remove_one
examples/derive_ref/hand_subcommand.rs	augment_subcommands	clap_builder/src/builder/command.rs	new
examples/derive_ref/hand_subcommand.rs	augment_subcommands	clap_builder/src/builder/command.rs	subcommand
examples/derive_ref/hand_subcommand.rs	augment_subcommands	clap_builder/src/builder/command.rs	subcommand_required
examples/derive_ref/hand_subcommand.rs	augment_subcommands_for_update	clap_builder/src/builder/command.rs	new
examples/derive_ref/hand_subcommand.rs	augment_subcommands_for_update	clap_builder/src/builder/command.rs	subcommand
examples/derive_ref/hand_subcommand.rs	augment_subcommands_for_update	clap_builder/src/builder/command.rs	subcommand_required
examples/derive_ref/hand_subcommand.rs	from_arg_matches	clap_builder/src/error/mod.rs	raw
examples/derive_ref/hand_subcommand.rs	from_arg_matches	clap_builder/src/parser/matches/arg_matches.rs	subcommand
examples/derive_ref/hand_subcommand.rs	from_arg_matches	examples/derive_ref/hand_subcommand.rs	Add
examples/derive_ref/hand_subcommand.rs	from_arg_matches	examples/derive_ref/hand_subcommand.rs	Remove
examples/derive_ref/hand_subcommand.rs	update_from_arg_matches	clap_builder/src/error/mod.rs	raw
examples/derive_ref/hand_subcommand.rs	update_from_arg_matches	clap_builder/src/parser/matches/arg_matches.rs	subcommand
examples/derive_ref/hand_subcommand.rs	update_from_arg_matches	examples/derive_ref/hand_subcommand.rs	Add
examples/derive_ref/hand_subcommand.rs	update_from_arg_matches	examples/derive_ref/hand_subcommand.rs	Remove
examples/escaped-positional.rs	main	clap_builder/src/builder/arg.rs	action
examples/escaped-positional.rs	main	clap_builder/src/builder/arg.rs	last
examples/escaped-positional.rs	main	clap_builder/src/builder/arg.rs	num_args
examples/escaped-positional.rs	main	clap_builder/src/builder/arg.rs	value_parser
examples/find.rs	cli	clap_builder/src/builder/arg.rs	action
examples/find.rs	cli	clap_builder/src/builder/arg.rs	group
examples/find.rs	cli	clap_builder/src/builder/arg.rs	help
examples/find.rs	cli	clap_builder/src/builder/arg.rs	long
examples/find.rs	cli	clap_builder/src/builder/arg.rs	new
examples/find.rs	cli	clap_builder/src/builder/arg.rs	short
examples/find.rs	cli	clap_builder/src/builder/arg_group.rs	multiple
examples/find.rs	cli	clap_builder/src/builder/arg_group.rs	new
examples/find.rs	cli	examples/find.rs	position_sensitive_flag
examples/find.rs	extract	clap_builder/src/parser/matches/arg_matches.rs	try_get_many
examples/find.rs	extract	clap_builder/src/util/id.rs	as_str
examples/find.rs	from	examples/find.rs	Bool
examples/find.rs	from	examples/find.rs	String
examples/find.rs	main	clap_builder/src/builder/command.rs	get_matches
examples/find.rs	main	examples/find.rs	cli
examples/find.rs	main	examples/find.rs	from_matches
examples/find.rs	position_sensitive_flag	clap_builder/src/builder/arg.rs	default_missing_value
examples/find.rs	position_sensitive_flag	clap_builder/src/builder/arg.rs	default_value
examples/find.rs	position_sensitive_flag	clap_builder/src/builder/arg.rs	num_args
examples/find.rs	position_sensitive_flag	clap_builder/src/builder/arg.rs	value_parser
examples/git-derive.rs	expand_aliases	clap_builder/src/error/mod.rs	raw
examples/git-derive.rs	expand_aliases	examples/git-derive.rs	aliases
examples/git-derive.rs	expand_aliases	examples/git-derive.rs	expand_aliases
examples/git-derive.rs	main	examples/git-derive.rs	Push
examples/git-derive.rs	main	examples/git-derive.rs	parse_aliases
examples/git-derive.rs	parse_aliases	examples/git-derive.rs	expand_aliases
examples/git.rs	cli	clap_builder/src/builder/arg.rs	last
examples/git.rs	cli	clap_builder/src/builder/command.rs	about
examples/git.rs	cli	clap_builder/src/builder/command.rs	allow_external_subcommands
examples/git.rs	cli	clap_builder/src/builder/command.rs	arg
examples/git.rs	cli	clap_builder/src/builder/command.rs	arg_required_else_help
examples/git.rs	cli	clap_builder/src/builder/command.rs	args
examples/git.rs	cli	clap_builder/src/builder/command.rs	args_conflicts_with_subcommands
examples/git.rs	cli	clap_builder/src/builder/command.rs	flatten_help
examples/git.rs	cli	clap_builder/src/builder/command.rs	new
examples/git.rs	cli	clap_builder/src/builder/command.rs	subcommand
examples/git.rs	cli	clap_builder/src/builder/command.rs	subcommand_required
examples/git.rs	cli	examples/git.rs	push_args
examples/git.rs	expand_aliases	clap_builder/src/builder/command.rs	find_subcommand
examples/git.rs	expand_aliases	clap_builder/src/error/mod.rs	raw
examples/git.rs	expand_aliases	clap_builder/src/parser/matches/arg_matches.rs	subcommand
examples/git.rs	expand_aliases	examples/git.rs	aliases
examples/git.rs	expand_aliases	examples/git.rs	cli
examples/git.rs	expand_aliases	examples/git.rs	expand_aliases
examples/git.rs	main	examples/git.rs	parse_aliases
examples/git.rs	parse_aliases	examples/git.rs	expand_aliases
examples/multicall-busybox.rs	applet_commands	clap_builder/src/builder/command.rs	about
examples/multicall-busybox.rs	applet_commands	clap_builder/src/builder/command.rs	new
examples/multicall-busybox.rs	main	clap_builder/src/builder/arg.rs	action
examples/multicall-busybox.rs	main	clap_builder/src/builder/arg.rs	default_missing_value
examples/multicall-busybox.rs	main	clap_builder/src/builder/arg.rs	exclusive
examples/multicall-busybox.rs	main	clap_builder/src/builder/arg.rs	help
examples/multicall-busybox.rs	main	clap_builder/src/builder/arg.rs	long
examples/multicall-busybox.rs	main	clap_builder/src/builder/arg.rs	new
examples/multicall-busybox.rs	main	clap_builder/src/builder/arg.rs	value_parser
examples/multicall-busybox.rs	main	clap_builder/src/builder/command.rs	arg
examples/multicall-busybox.rs	main	clap_builder/src/builder/command.rs	arg_required_else_help
examples/multicall-busybox.rs	main	clap_builder/src/builder/command.rs	get_matches
examples/multicall-busybox.rs	main	clap_builder/src/builder/command.rs	multicall
examples/multicall-busybox.rs	main	clap_builder/src/builder/command.rs	new
examples/multicall-busybox.rs	main	clap_builder/src/builder/command.rs	subcommand
examples/multicall-busybox.rs	main	clap_builder/src/builder/command.rs	subcommand_help_heading
examples/multicall-busybox.rs	main	clap_builder/src/builder/command.rs	subcommand_value_name
examples/multicall-busybox.rs	main	clap_builder/src/builder/command.rs	subcommands
examples/multicall-busybox.rs	main	clap_builder/src/parser/matches/arg_matches.rs	subcommand
examples/multicall-busybox.rs	main	examples/multicall-busybox.rs	applet_commands
examples/multicall-hostname.rs	main	clap_builder/src/builder/command.rs	about
examples/multicall-hostname.rs	main	clap_builder/src/builder/command.rs	arg_required_else_help
examples/multicall-hostname.rs	main	clap_builder/src/builder/command.rs	get_matches
examples/multicall-hostname.rs	main	clap_builder/src/builder/command.rs	multicall
examples/multicall-hostname.rs	main	clap_builder/src/builder/command.rs	new
examples/multicall-hostname.rs	main	clap_builder/src/builder/command.rs	subcommand
examples/multicall-hostname.rs	main	clap_builder/src/builder/command.rs	subcommand_help_heading
examples/multicall-hostname.rs	main	clap_builder/src/builder/command.rs	subcommand_value_name
examples/multicall-hostname.rs	main	clap_builder/src/parser/matches/arg_matches.rs	subcommand_name
examples/pacman.rs	cli	clap_builder/src/builder/arg.rs	action
examples/pacman.rs	cli	clap_builder/src/builder/arg.rs	conflicts_with
examples/pacman.rs	cli	clap_builder/src/builder/arg.rs	help
examples/pacman.rs	cli	clap_builder/src/builder/arg.rs	long
examples/pacman.rs	cli	clap_builder/src/builder/arg.rs	new
examples/pacman.rs	cli	clap_builder/src/builder/arg.rs	num_args
examples/pacman.rs	cli	clap_builder/src/builder/arg.rs	required_unless_present
examples/pacman.rs	cli	clap_builder/src/builder/arg.rs	short
examples/pacman.rs	cli	clap_builder/src/builder/command.rs	about
examples/pacman.rs	cli	clap_builder/src/builder/command.rs	arg
examples/pacman.rs	cli	clap_builder/src/builder/command.rs	arg_required_else_help
examples/pacman.rs	cli	clap_builder/src/builder/command.rs	long_flag
examples/pacman.rs	cli	clap_builder/src/builder/command.rs	new
examples/pacman.rs	cli	clap_builder/src/builder/command.rs	short_flag
examples/pacman.rs	cli	clap_builder/src/builder/command.rs	subcommand
examples/pacman.rs	cli	clap_builder/src/builder/command.rs	subcommand_required
examples/pacman.rs	cli	clap_builder/src/builder/command.rs	version
examples/pacman.rs	main	clap_builder/src/builder/command.rs	get_matches
examples/pacman.rs	main	clap_builder/src/parser/matches/arg_matches.rs	subcommand
examples/pacman.rs	main	examples/pacman.rs	cli
examples/repl-derive.rs	main	examples/repl-derive.rs	respond
examples/repl.rs	cli	clap_builder/src/builder/command.rs	about
examples/repl.rs	cli	clap_builder/src/builder/command.rs	alias
examples/repl.rs	cli	clap_builder/src/builder/command.rs	arg_required_else_help
examples/repl.rs	cli	clap_builder/src/builder/command.rs	help_template
examples/repl.rs	cli	clap_builder/src/builder/command.rs	multicall
examples/repl.rs	cli	clap_builder/src/builder/command.rs	new
examples/repl.rs	cli	clap_builder/src/builder/command.rs	subcommand
examples/repl.rs	cli	clap_builder/src/builder/command.rs	subcommand_help_heading
examples/repl.rs	cli	clap_builder/src/builder/command.rs	subcommand_required
examples/repl.rs	cli	clap_builder/src/builder/command.rs	subcommand_value_name
examples/repl.rs	main	examples/repl.rs	respond
examples/tutorial_builder/01_quick.rs	main	clap_builder/src/builder/command.rs	about
examples/tutorial_builder/01_quick.rs	main	clap_builder/src/builder/command.rs	arg
examples/tutorial_builder/01_quick.rs	main	clap_builder/src/builder/command.rs	new
examples/tutorial_builder/02_apps.rs	main	clap_builder/src/builder/command.rs	about
examples/tutorial_builder/02_apps.rs	main	clap_builder/src/builder/command.rs	arg
examples/tutorial_builder/02_apps.rs	main	clap_builder/src/builder/command.rs	get_matches
examples/tutorial_builder/02_apps.rs	main	clap_builder/src/builder/command.rs	new
examples/tutorial_builder/02_apps.rs	main	clap_builder/src/builder/command.rs	version
examples/tutorial_builder/03_01_flag_bool.rs	main	clap_builder/src/builder/arg.rs	action
examples/tutorial_builder/03_01_flag_bool.rs	main	clap_builder/src/builder/arg.rs	long
examples/tutorial_builder/03_01_flag_bool.rs	main	clap_builder/src/builder/arg.rs	new
examples/tutorial_builder/03_01_flag_bool.rs	main	clap_builder/src/builder/arg.rs	short
examples/tutorial_builder/03_01_flag_count.rs	main	clap_builder/src/builder/arg.rs	action
examples/tutorial_builder/03_01_flag_count.rs	main	clap_builder/src/builder/arg.rs	long
examples/tutorial_builder/03_01_flag_count.rs	main	clap_builder/src/builder/arg.rs	new
examples/tutorial_builder/03_01_flag_count.rs	main	clap_builder/src/builder/arg.rs	short
examples/tutorial_builder/03_02_option.rs	main	clap_builder/src/builder/arg.rs	long
examples/tutorial_builder/03_02_option.rs	main	clap_builder/src/builder/arg.rs	new
examples/tutorial_builder/03_02_option.rs	main	clap_builder/src/builder/arg.rs	short
examples/tutorial_builder/03_02_option_mult.rs	main	clap_builder/src/builder/arg.rs	action
examples/tutorial_builder/03_02_option_mult.rs	main	clap_builder/src/builder/arg.rs	long
examples/tutorial_builder/03_02_option_mult.rs	main	clap_builder/src/builder/arg.rs	new
examples/tutorial_builder/03_02_option_mult.rs	main	clap_builder/src/builder/arg.rs	short
examples/tutorial_builder/03_03_positional.rs	main	clap_builder/src/builder/arg.rs	new
examples/tutorial_builder/03_03_positional_mult.rs	main	clap_builder/src/builder/arg.rs	action
examples/tutorial_builder/03_03_positional_mult.rs	main	clap_builder/src/builder/arg.rs	new
examples/tutorial_builder/03_04_subcommands.rs	main	clap_builder/src/builder/command.rs	about
examples/tutorial_builder/03_04_subcommands.rs	main	clap_builder/src/builder/command.rs	arg
examples/tutorial_builder/03_04_subcommands.rs	main	clap_builder/src/builder/command.rs	new
examples/tutorial_builder/03_06_required.rs	main	clap_builder/src/builder/arg.rs	new
examples/tutorial_builder/03_06_required.rs	main	clap_builder/src/builder/arg.rs	required
examples/tutorial_builder/04_01_enum.rs	fmt	examples/tutorial_builder/04_01_enum.rs	to_possible_value
examples/tutorial_builder/04_01_enum.rs	to_possible_value	clap_builder/src/builder/possible_value.rs	help
examples/tutorial_builder/04_01_enum.rs	to_possible_value	clap_builder/src/builder/possible_value.rs	new
examples/tutorial_builder/04_02_parse.rs	main	clap_builder/src/builder/value_parser.rs	range
examples/tutorial_builder/04_03_relations.rs	main	clap_builder/src/builder/arg.rs	requires
examples/tutorial_builder/04_03_relations.rs	main	clap_builder/src/builder/arg.rs	value_parser
examples/tutorial_builder/04_03_relations.rs	main	clap_builder/src/builder/arg_group.rs	args
examples/tutorial_builder/04_03_relations.rs	main	clap_builder/src/builder/arg_group.rs	new
examples/tutorial_builder/04_03_relations.rs	main	clap_builder/src/builder/arg_group.rs	required
examples/tutorial_builder/04_04_custom.rs	main	clap_builder/src/builder/arg.rs	value_parser
examples/tutorial_builder/05_01_assert.rs	main	clap_builder/src/builder/command.rs	get_matches
examples/tutorial_builder/05_01_assert.rs	main	clap_builder/src/parser/matches/arg_matches.rs	get_one
examples/tutorial_builder/05_01_assert.rs	main	examples/tutorial_builder/05_01_assert.rs	cmd
examples/tutorial_builder/05_01_assert.rs	verify_cmd	clap_builder/src/builder/command.rs	debug_assert
examples/tutorial_builder/05_01_assert.rs	verify_cmd	examples/tutorial_builder/05_01_assert.rs	cmd
examples/typed-derive/custom.rs	from_str	examples/typed-derive/custom.rs	Absolute
examples/typed-derive/custom.rs	from_str	examples/typed-derive/custom.rs	Relative
src/bin/stdio-fixture.rs	main	/Users/chrishafley/.cargo/registry/src/index.crates.io-1949cf8c6b5b557f/anstyle-1.0.14/src/color.rs	on_default
src/bin/stdio-fixture.rs	main	/Users/chrishafley/.cargo/registry/src/index.crates.io-1949cf8c6b5b557f/anstyle-1.0.14/src/style.rs	bold
src/bin/stdio-fixture.rs	main	/Users/chrishafley/.cargo/registry/src/index.crates.io-1949cf8c6b5b557f/anstyle-1.0.14/src/style.rs	dimmed
src/bin/stdio-fixture.rs	main	/Users/chrishafley/.cargo/registry/src/index.crates.io-1949cf8c6b5b557f/anstyle-1.0.14/src/style.rs	italic
src/bin/stdio-fixture.rs	main	/Users/chrishafley/.cargo/registry/src/index.crates.io-1949cf8c6b5b557f/anstyle-1.0.14/src/style.rs	underline
src/bin/stdio-fixture.rs	main	clap_builder/src/builder/arg.rs	action
src/bin/stdio-fixture.rs	main	clap_builder/src/builder/arg.rs	default_value
src/bin/stdio-fixture.rs	main	clap_builder/src/builder/arg.rs	default_values
src/bin/stdio-fixture.rs	main	clap_builder/src/builder/arg.rs	help
src/bin/stdio-fixture.rs	main	clap_builder/src/builder/arg.rs	long
src/bin/stdio-fixture.rs	main	clap_builder/src/builder/arg.rs	long_help
src/bin/stdio-fixture.rs	main	clap_builder/src/builder/arg.rs	new
src/bin/stdio-fixture.rs	main	clap_builder/src/builder/arg.rs	short
src/bin/stdio-fixture.rs	main	clap_builder/src/builder/arg.rs	value_name
src/bin/stdio-fixture.rs	main	clap_builder/src/builder/arg.rs	value_parser
src/bin/stdio-fixture.rs	main	clap_builder/src/builder/arg.rs	visible_alias
src/bin/stdio-fixture.rs	main	clap_builder/src/builder/arg.rs	visible_short_alias
src/bin/stdio-fixture.rs	main	clap_builder/src/builder/command.rs	about
src/bin/stdio-fixture.rs	main	clap_builder/src/builder/command.rs	arg
src/bin/stdio-fixture.rs	main	clap_builder/src/builder/command.rs	arg_required_else_help
src/bin/stdio-fixture.rs	main	clap_builder/src/builder/command.rs	get_matches
src/bin/stdio-fixture.rs	main	clap_builder/src/builder/command.rs	long_about
src/bin/stdio-fixture.rs	main	clap_builder/src/builder/command.rs	long_flag
src/bin/stdio-fixture.rs	main	clap_builder/src/builder/command.rs	long_version
src/bin/stdio-fixture.rs	main	clap_builder/src/builder/command.rs	max_term_width
src/bin/stdio-fixture.rs	main	clap_builder/src/builder/command.rs	new
src/bin/stdio-fixture.rs	main	clap_builder/src/builder/command.rs	short_flag
src/bin/stdio-fixture.rs	main	clap_builder/src/builder/command.rs	styles
src/bin/stdio-fixture.rs	main	clap_builder/src/builder/command.rs	subcommand
src/bin/stdio-fixture.rs	main	clap_builder/src/builder/command.rs	term_width
src/bin/stdio-fixture.rs	main	clap_builder/src/builder/command.rs	version
src/bin/stdio-fixture.rs	main	clap_builder/src/builder/command.rs	visible_alias
src/bin/stdio-fixture.rs	main	clap_builder/src/builder/command.rs	visible_aliases
src/bin/stdio-fixture.rs	main	clap_builder/src/builder/command.rs	visible_long_flag_aliases
src/bin/stdio-fixture.rs	main	clap_builder/src/builder/command.rs	visible_short_flag_aliases
src/bin/stdio-fixture.rs	main	clap_builder/src/builder/possible_value.rs	help
src/bin/stdio-fixture.rs	main	clap_builder/src/builder/possible_value.rs	hide
src/bin/stdio-fixture.rs	main	clap_builder/src/builder/possible_value.rs	new
src/bin/stdio-fixture.rs	main	clap_builder/src/builder/styling.rs	context
src/bin/stdio-fixture.rs	main	clap_builder/src/builder/styling.rs	context_value
src/bin/stdio-fixture.rs	main	clap_builder/src/builder/styling.rs	error
src/bin/stdio-fixture.rs	main	clap_builder/src/builder/styling.rs	header
src/bin/stdio-fixture.rs	main	clap_builder/src/builder/styling.rs	invalid
src/bin/stdio-fixture.rs	main	clap_builder/src/builder/styling.rs	literal
src/bin/stdio-fixture.rs	main	clap_builder/src/builder/styling.rs	placeholder
src/bin/stdio-fixture.rs	main	clap_builder/src/builder/styling.rs	styled
src/bin/stdio-fixture.rs	main	clap_builder/src/builder/styling.rs	usage
src/bin/stdio-fixture.rs	main	clap_builder/src/builder/styling.rs	valid
tests/examples.rs	example_tests	/Users/chrishafley/.cargo/registry/src/index.crates.io-1949cf8c6b5b557f/trycmd-1.2.1/src/cargo.rs	compile_examples
tests/examples.rs	example_tests	/Users/chrishafley/.cargo/registry/src/index.crates.io-1949cf8c6b5b557f/trycmd-1.2.1/src/cases.rs	case
tests/examples.rs	example_tests	/Users/chrishafley/.cargo/registry/src/index.crates.io-1949cf8c6b5b557f/trycmd-1.2.1/src/cases.rs	new
tests/examples.rs	example_tests	/Users/chrishafley/.cargo/registry/src/index.crates.io-1949cf8c6b5b557f/trycmd-1.2.1/src/cases.rs	register_bins
tests/macros.rs	arg_name_dashed	clap_builder/src/builder/command.rs	arg
tests/macros.rs	arg_name_dashed	clap_builder/src/builder/command.rs	new
tests/macros.rs	arg_name_dashed	clap_builder/src/builder/command.rs	try_get_matches_from
tests/macros.rs	arg_value_dashed_with_long_arg	clap_builder/src/builder/command.rs	arg
tests/macros.rs	arg_value_dashed_with_long_arg	clap_builder/src/builder/command.rs	new
tests/macros.rs	arg_value_dashed_with_long_arg	clap_builder/src/builder/command.rs	try_get_matches_from
tests/macros.rs	arg_value_dashed_with_short_arg	clap_builder/src/builder/command.rs	arg
tests/macros.rs	arg_value_dashed_with_short_arg	clap_builder/src/builder/command.rs	new
tests/macros.rs	arg_value_dashed_with_short_arg	clap_builder/src/builder/command.rs	try_get_matches_from
tests/macros.rs	long_help	clap_builder/src/builder/command.rs	arg
tests/macros.rs	long_help	clap_builder/src/builder/command.rs	build
tests/macros.rs	long_help	clap_builder/src/builder/command.rs	disable_help_flag
tests/macros.rs	long_help	clap_builder/src/builder/command.rs	get_arguments
tests/macros.rs	long_help	clap_builder/src/builder/command.rs	new
tests/macros.rs	long_version	clap_builder/src/builder/command.rs	arg
tests/macros.rs	long_version	clap_builder/src/builder/command.rs	build
tests/macros.rs	long_version	clap_builder/src/builder/command.rs	disable_version_flag
tests/macros.rs	long_version	clap_builder/src/builder/command.rs	get_arguments
tests/macros.rs	long_version	clap_builder/src/builder/command.rs	new
tests/macros.rs	long_version	clap_builder/src/builder/command.rs	version
tests/macros.rs	optional_value	clap_builder/src/builder/command.rs	arg
tests/macros.rs	optional_value	clap_builder/src/builder/command.rs	args_override_self
tests/macros.rs	optional_value	clap_builder/src/builder/command.rs	new
tests/macros.rs	optional_value	clap_builder/src/builder/command.rs	render_help
tests/macros.rs	optional_value	clap_builder/src/builder/command.rs	try_get_matches_from_mut
tests/macros.rs	short_help	clap_builder/src/builder/arg.rs	action
tests/macros.rs	short_help	clap_builder/src/builder/command.rs	arg
tests/macros.rs	short_help	clap_builder/src/builder/command.rs	build
tests/macros.rs	short_help	clap_builder/src/builder/command.rs	disable_help_flag
tests/macros.rs	short_help	clap_builder/src/builder/command.rs	get_arguments
tests/macros.rs	short_help	clap_builder/src/builder/command.rs	new
tests/macros.rs	short_version	clap_builder/src/builder/arg.rs	action
tests/macros.rs	short_version	clap_builder/src/builder/command.rs	arg
tests/macros.rs	short_version	clap_builder/src/builder/command.rs	build
tests/macros.rs	short_version	clap_builder/src/builder/command.rs	disable_version_flag
tests/macros.rs	short_version	clap_builder/src/builder/command.rs	get_arguments
tests/macros.rs	short_version	clap_builder/src/builder/command.rs	new
tests/macros.rs	short_version	clap_builder/src/builder/command.rs	version
