build.rs	main	build.rs	set_git_revision_hash
build.rs	main	build.rs	set_windows_exe_options
crates/cli/src/decompress.rs	add	crates/cli/src/decompress.rs	resolve_binary
crates/cli/src/decompress.rs	associate	crates/cli/src/decompress.rs	try_associate
crates/cli/src/decompress.rs	async_stderr	crates/cli/src/process.rs	async_stderr
crates/cli/src/decompress.rs	build	crates/cli/src/decompress.rs	command
crates/cli/src/decompress.rs	build	crates/cli/src/decompress.rs	default_decompression_commands
crates/cli/src/decompress.rs	build	crates/cli/src/decompress.rs	new_passthru
crates/cli/src/decompress.rs	build	crates/cli/src/process.rs	build
crates/cli/src/decompress.rs	build	crates/globset/src/lib.rs	new
crates/cli/src/decompress.rs	command	crates/globset/src/lib.rs	matches
crates/cli/src/decompress.rs	default	crates/cli/src/decompress.rs	new
crates/cli/src/decompress.rs	default_decompression_commands	crates/cli/src/decompress.rs	add
crates/cli/src/decompress.rs	default_decompression_commands	crates/cli/src/decompress.rs	resolve_binary
crates/cli/src/decompress.rs	has_command	crates/globset/src/lib.rs	is_match
crates/cli/src/decompress.rs	new	crates/cli/src/decompress.rs	build
crates/cli/src/decompress.rs	new	crates/cli/src/decompress.rs	new
crates/cli/src/decompress.rs	resolve_binary	crates/cli/src/decompress.rs	try_resolve_binary
crates/cli/src/decompress.rs	try_resolve_binary	crates/cli/src/process.rs	io
crates/cli/src/escape.rs	escape	/Users/chrishafley/.cargo/registry/src/index.crates.io-1949cf8c6b5b557f/bstr-1.13.0/src/ext_slice.rs	escape_bytes
crates/cli/src/escape.rs	escape_os	crates/cli/src/escape.rs	escape
crates/cli/src/escape.rs	unescape_os	crates/cli/src/escape.rs	unescape
crates/cli/src/hostname.rs	gethostname	/Users/chrishafley/.cargo/registry/src/index.crates.io-1949cf8c6b5b557f/libc-0.2.189/src/unix/mod.rs	gethostname
crates/cli/src/hostname.rs	gethostname	/Users/chrishafley/.cargo/registry/src/index.crates.io-1949cf8c6b5b557f/libc-0.2.189/src/unix/mod.rs	sysconf
crates/cli/src/hostname.rs	hostname	crates/cli/src/hostname.rs	gethostname
crates/cli/src/human.rs	int	crates/cli/src/human.rs	InvalidInt
crates/cli/src/human.rs	parse_human_readable_size	crates/cli/src/human.rs	format
crates/cli/src/human.rs	parse_human_readable_size	crates/cli/src/human.rs	overflow
crates/cli/src/lib.rs	is_readable_stdin	crates/cli/src/lib.rs	imp
crates/cli/src/pattern.rs	pattern_from_bytes	crates/cli/src/escape.rs	escape
crates/cli/src/pattern.rs	pattern_from_os	crates/cli/src/escape.rs	escape_os
crates/cli/src/pattern.rs	patterns_from_path	crates/cli/src/pattern.rs	patterns_from_reader
crates/cli/src/pattern.rs	patterns_from_stdin	crates/cli/src/pattern.rs	patterns_from_reader
crates/cli/src/process.rs	build	crates/cli/src/process.rs	async
crates/cli/src/process.rs	build	crates/cli/src/process.rs	sync
crates/cli/src/process.rs	close	crates/cli/src/process.rs	is_empty
crates/cli/src/process.rs	close	crates/cli/src/process.rs	read_to_end
crates/cli/src/process.rs	drop	crates/cli/src/process.rs	close
crates/cli/src/process.rs	from	crates/cli/src/process.rs	Io
crates/cli/src/process.rs	io	crates/cli/src/process.rs	Io
crates/cli/src/process.rs	new	crates/cli/src/process.rs	build
crates/cli/src/process.rs	new	crates/cli/src/process.rs	new
crates/cli/src/process.rs	r#async	crates/cli/src/process.rs	Async
crates/cli/src/process.rs	r#async	crates/cli/src/process.rs	stderr_to_command_error
crates/cli/src/process.rs	read	crates/cli/src/process.rs	close
crates/cli/src/process.rs	read_to_end	crates/cli/src/process.rs	stderr_to_command_error
crates/cli/src/process.rs	stderr	crates/cli/src/process.rs	Stderr
crates/cli/src/process.rs	stderr_to_command_error	crates/cli/src/process.rs	io
crates/cli/src/process.rs	stderr_to_command_error	crates/cli/src/process.rs	stderr
crates/cli/src/process.rs	sync	crates/cli/src/process.rs	Sync
crates/cli/src/wtr.rs	is_synchronous	/Users/chrishafley/.cargo/registry/src/index.crates.io-1949cf8c6b5b557f/termcolor-1.4.1/src/lib.rs	is_synchronous
crates/cli/src/wtr.rs	reset	/Users/chrishafley/.cargo/registry/src/index.crates.io-1949cf8c6b5b557f/termcolor-1.4.1/src/lib.rs	reset
crates/cli/src/wtr.rs	set_color	/Users/chrishafley/.cargo/registry/src/index.crates.io-1949cf8c6b5b557f/termcolor-1.4.1/src/lib.rs	set_color
crates/cli/src/wtr.rs	set_hyperlink	/Users/chrishafley/.cargo/registry/src/index.crates.io-1949cf8c6b5b557f/termcolor-1.4.1/src/lib.rs	set_hyperlink
crates/cli/src/wtr.rs	stdout	crates/cli/src/wtr.rs	stdout_buffered_block
crates/cli/src/wtr.rs	stdout	crates/cli/src/wtr.rs	stdout_buffered_line
crates/cli/src/wtr.rs	stdout_buffered_block	/Users/chrishafley/.cargo/registry/src/index.crates.io-1949cf8c6b5b557f/termcolor-1.4.1/src/lib.rs	stdout
crates/cli/src/wtr.rs	stdout_buffered_block	crates/cli/src/wtr.rs	BlockBuffered
crates/cli/src/wtr.rs	stdout_buffered_block	crates/cli/src/wtr.rs	StandardStream
crates/cli/src/wtr.rs	stdout_buffered_line	/Users/chrishafley/.cargo/registry/src/index.crates.io-1949cf8c6b5b557f/termcolor-1.4.1/src/lib.rs	stdout
crates/cli/src/wtr.rs	stdout_buffered_line	crates/cli/src/wtr.rs	LineBuffered
crates/cli/src/wtr.rs	stdout_buffered_line	crates/cli/src/wtr.rs	StandardStream
crates/cli/src/wtr.rs	supports_color	/Users/chrishafley/.cargo/registry/src/index.crates.io-1949cf8c6b5b557f/termcolor-1.4.1/src/lib.rs	supports_color
crates/cli/src/wtr.rs	supports_hyperlinks	/Users/chrishafley/.cargo/registry/src/index.crates.io-1949cf8c6b5b557f/termcolor-1.4.1/src/lib.rs	supports_hyperlinks
crates/core/flags/complete/zsh.rs	generate	crates/printer/src/hyperlink/mod.rs	hyperlink_aliases
crates/core/flags/config.rs	args	crates/core/flags/config.rs	parse
crates/core/flags/config.rs	parse	crates/core/flags/config.rs	parse_reader
crates/core/flags/defs.rs	doc_choices	crates/printer/src/hyperlink/mod.rs	hyperlink_aliases
crates/core/flags/defs.rs	doc_long	crates/printer/src/hyperlink/mod.rs	hyperlink_aliases
crates/core/flags/defs.rs	human_readable_u64	crates/cli/src/human.rs	parse_human_readable_size
crates/core/flags/defs.rs	update	crates/core/flags/lowargs.rs	File
crates/core/flags/defs.rs	update	crates/core/flags/lowargs.rs	Generate
crates/core/flags/defs.rs	update	crates/core/flags/lowargs.rs	Index
crates/core/flags/defs.rs	update	crates/core/flags/lowargs.rs	Regexp
crates/core/flags/defs.rs	update	crates/core/flags/lowargs.rs	Search
crates/core/flags/defs.rs	update	crates/core/flags/lowargs.rs	Some
crates/core/flags/defs.rs	update	crates/core/flags/lowargs.rs	disabled
crates/core/flags/defs.rs	update	crates/core/flags/lowargs.rs	set_after
crates/core/flags/defs.rs	update	crates/core/flags/lowargs.rs	set_before
crates/core/flags/defs.rs	update	crates/core/flags/lowargs.rs	set_both
crates/core/flags/defs.rs	update	crates/core/flags/lowargs.rs	update
crates/core/flags/defs.rs	update	crates/core/flags/mod.rs	unwrap_switch
crates/core/flags/defs.rs	update	crates/core/flags/mod.rs	unwrap_value
crates/core/flags/doc/help.rs	generate_long	crates/core/flags/doc/version.rs	generate_digits
crates/core/flags/doc/help.rs	generate_long_flag	/Users/chrishafley/.cargo/registry/src/index.crates.io-1949cf8c6b5b557f/textwrap-0.16.2/src/options.rs	new
crates/core/flags/doc/help.rs	generate_long_flag	/Users/chrishafley/.cargo/registry/src/index.crates.io-1949cf8c6b5b557f/textwrap-0.16.2/src/options.rs	word_splitter
crates/core/flags/doc/help.rs	generate_long_flag	crates/core/flags/doc/help.rs	remove_roff
crates/core/flags/doc/help.rs	generate_long_flag	crates/core/flags/doc/mod.rs	render_custom_markup
crates/core/flags/doc/help.rs	generate_long_flag	crates/core/flags/mod.rs	doc_long
crates/core/flags/doc/help.rs	generate_long_flag	crates/core/flags/mod.rs	doc_variable
crates/core/flags/doc/help.rs	generate_long_flag	crates/core/flags/mod.rs	is_switch
crates/core/flags/doc/help.rs	generate_long_flag	crates/core/flags/mod.rs	name_long
crates/core/flags/doc/help.rs	generate_long_flag	crates/core/flags/mod.rs	name_negated
crates/core/flags/doc/help.rs	generate_long_flag	crates/core/flags/mod.rs	name_short
crates/core/flags/doc/help.rs	generate_long_flag	crates/core/flags/parse.rs	lookup
crates/core/flags/doc/help.rs	generate_short	crates/core/flags/doc/version.rs	generate_digits
crates/core/flags/doc/help.rs	generate_short_flag	crates/core/flags/mod.rs	doc_variable
crates/core/flags/doc/help.rs	generate_short_flag	crates/core/flags/mod.rs	name_short
crates/core/flags/doc/man.rs	generate	crates/core/flags/doc/version.rs	generate_digits
crates/core/flags/doc/man.rs	generate_flag	crates/core/flags/doc/mod.rs	render_custom_markup
crates/core/flags/doc/man.rs	generate_flag	crates/core/flags/mod.rs	doc_long
crates/core/flags/doc/man.rs	generate_flag	crates/core/flags/mod.rs	doc_variable
crates/core/flags/doc/man.rs	generate_flag	crates/core/flags/mod.rs	is_switch
crates/core/flags/doc/man.rs	generate_flag	crates/core/flags/mod.rs	name_long
crates/core/flags/doc/man.rs	generate_flag	crates/core/flags/mod.rs	name_negated
crates/core/flags/doc/man.rs	generate_flag	crates/core/flags/mod.rs	name_short
crates/core/flags/doc/man.rs	generate_flag	crates/core/flags/parse.rs	lookup
crates/core/flags/doc/version.rs	generate_long	crates/core/flags/doc/version.rs	compile_cpu_features
crates/core/flags/doc/version.rs	generate_long	crates/core/flags/doc/version.rs	generate_pcre2
crates/core/flags/doc/version.rs	generate_long	crates/core/flags/doc/version.rs	runtime_cpu_features
crates/core/flags/doc/version.rs	generate_short	crates/core/flags/doc/version.rs	generate_digits
crates/core/flags/hiargs.rs	buffer_writer	/Users/chrishafley/.cargo/registry/src/index.crates.io-1949cf8c6b5b557f/termcolor-1.4.1/src/lib.rs	separator
crates/core/flags/hiargs.rs	buffer_writer	/Users/chrishafley/.cargo/registry/src/index.crates.io-1949cf8c6b5b557f/termcolor-1.4.1/src/lib.rs	stdout
crates/core/flags/hiargs.rs	buffer_writer	crates/core/flags/lowargs.rs	to_termcolor
crates/core/flags/hiargs.rs	from_low_args	crates/cli/src/lib.rs	is_readable_stdin
crates/core/flags/hiargs.rs	from_low_args	crates/core/flags/defs.rs	indexing_unsupported_flag
crates/core/flags/hiargs.rs	from_low_args	crates/core/flags/hiargs.rs	from_low_args
crates/core/flags/hiargs.rs	from_low_args	crates/core/flags/hiargs.rs	stats
crates/core/flags/hiargs.rs	from_low_args	crates/core/flags/hiargs.rs	take_color_specs
crates/core/flags/hiargs.rs	from_low_args	crates/core/flags/lowargs.rs	get
crates/core/flags/hiargs.rs	from_low_args	crates/searcher/src/searcher/mmap.rs	auto
crates/core/flags/hiargs.rs	from_low_args	crates/searcher/src/searcher/mmap.rs	never
crates/core/flags/hiargs.rs	from_low_args	crates/searcher/src/searcher/mod.rs	convert
crates/core/flags/hiargs.rs	from_low_args	crates/searcher/src/searcher/mod.rs	none
crates/core/flags/hiargs.rs	from_low_args	crates/searcher/src/searcher/mod.rs	quit
crates/core/flags/hiargs.rs	globs	crates/ignore/src/overrides.rs	case_insensitive
crates/core/flags/hiargs.rs	globs	crates/ignore/src/overrides.rs	empty
crates/core/flags/hiargs.rs	globs	crates/ignore/src/overrides.rs	new
crates/core/flags/hiargs.rs	haystack_builder	crates/core/haystack.rs	new
crates/core/flags/hiargs.rs	haystack_builder	crates/core/haystack.rs	strip_dot_prefix
crates/core/flags/hiargs.rs	hostname	crates/cli/src/decompress.rs	resolve_binary
crates/core/flags/hiargs.rs	hostname	crates/cli/src/process.rs	new
crates/core/flags/hiargs.rs	hostname	crates/core/flags/hiargs.rs	platform_hostname
crates/core/flags/hiargs.rs	is_none	crates/searcher/src/searcher/mod.rs	none
crates/core/flags/hiargs.rs	matcher	crates/core/flags/hiargs.rs	matcher_pcre2
crates/core/flags/hiargs.rs	matcher	crates/core/flags/hiargs.rs	matcher_rust
crates/core/flags/hiargs.rs	matcher_rust	crates/core/flags/hiargs.rs	is_none
crates/core/flags/hiargs.rs	matcher_rust	crates/core/search.rs	RustRegex
crates/core/flags/hiargs.rs	matcher_rust	crates/regex/src/matcher.rs	ban_byte
crates/core/flags/hiargs.rs	matcher_rust	crates/regex/src/matcher.rs	build_many
crates/core/flags/hiargs.rs	matcher_rust	crates/regex/src/matcher.rs	case_insensitive
crates/core/flags/hiargs.rs	matcher_rust	crates/regex/src/matcher.rs	case_smart
crates/core/flags/hiargs.rs	matcher_rust	crates/regex/src/matcher.rs	crlf
crates/core/flags/hiargs.rs	matcher_rust	crates/regex/src/matcher.rs	dfa_size_limit
crates/core/flags/hiargs.rs	matcher_rust	crates/regex/src/matcher.rs	dot_matches_new_line
crates/core/flags/hiargs.rs	matcher_rust	crates/regex/src/matcher.rs	fixed_strings
crates/core/flags/hiargs.rs	matcher_rust	crates/regex/src/matcher.rs	line_terminator
crates/core/flags/hiargs.rs	matcher_rust	crates/regex/src/matcher.rs	multi_line
crates/core/flags/hiargs.rs	matcher_rust	crates/regex/src/matcher.rs	new
crates/core/flags/hiargs.rs	matcher_rust	crates/regex/src/matcher.rs	octal
crates/core/flags/hiargs.rs	matcher_rust	crates/regex/src/matcher.rs	size_limit
crates/core/flags/hiargs.rs	matcher_rust	crates/regex/src/matcher.rs	unicode
crates/core/flags/hiargs.rs	matcher_rust	crates/regex/src/matcher.rs	whole_line
crates/core/flags/hiargs.rs	matcher_rust	crates/regex/src/matcher.rs	word
crates/core/flags/hiargs.rs	path_printer_builder	crates/printer/src/path.rs	color_specs
crates/core/flags/hiargs.rs	path_printer_builder	crates/printer/src/path.rs	hyperlink
crates/core/flags/hiargs.rs	path_printer_builder	crates/printer/src/path.rs	new
crates/core/flags/hiargs.rs	path_printer_builder	crates/printer/src/path.rs	separator
crates/core/flags/hiargs.rs	path_printer_builder	crates/printer/src/path.rs	terminator
crates/core/flags/hiargs.rs	platform_hostname	crates/cli/src/hostname.rs	hostname
crates/core/flags/hiargs.rs	preprocessor_globs	crates/ignore/src/overrides.rs	empty
crates/core/flags/hiargs.rs	preprocessor_globs	crates/ignore/src/overrides.rs	new
crates/core/flags/hiargs.rs	printer	crates/core/flags/hiargs.rs	printer_json
crates/core/flags/hiargs.rs	printer	crates/core/flags/hiargs.rs	printer_standard
crates/core/flags/hiargs.rs	printer	crates/core/flags/hiargs.rs	printer_summary
crates/core/flags/hiargs.rs	printer	crates/core/search.rs	JSON
crates/core/flags/hiargs.rs	printer	crates/core/search.rs	Standard
crates/core/flags/hiargs.rs	printer	crates/core/search.rs	Summary
crates/core/flags/hiargs.rs	printer_json	crates/printer/src/json.rs	always_begin_end
crates/core/flags/hiargs.rs	printer_json	crates/printer/src/json.rs	build
crates/core/flags/hiargs.rs	printer_json	crates/printer/src/json.rs	new
crates/core/flags/hiargs.rs	printer_json	crates/printer/src/json.rs	pretty
crates/core/flags/hiargs.rs	printer_json	crates/printer/src/json.rs	replacement
crates/core/flags/hiargs.rs	printer_standard	crates/printer/src/standard.rs	build
crates/core/flags/hiargs.rs	printer_standard	crates/printer/src/standard.rs	byte_offset
crates/core/flags/hiargs.rs	printer_standard	crates/printer/src/standard.rs	color_specs
crates/core/flags/hiargs.rs	printer_standard	crates/printer/src/standard.rs	column
crates/core/flags/hiargs.rs	printer_standard	crates/printer/src/standard.rs	heading
crates/core/flags/hiargs.rs	printer_standard	crates/printer/src/standard.rs	hyperlink
crates/core/flags/hiargs.rs	printer_standard	crates/printer/src/standard.rs	max_columns
crates/core/flags/hiargs.rs	printer_standard	crates/printer/src/standard.rs	max_columns_preview
crates/core/flags/hiargs.rs	printer_standard	crates/printer/src/standard.rs	new
crates/core/flags/hiargs.rs	printer_standard	crates/printer/src/standard.rs	only_matching
crates/core/flags/hiargs.rs	printer_standard	crates/printer/src/standard.rs	path
crates/core/flags/hiargs.rs	printer_standard	crates/printer/src/standard.rs	path_terminator
crates/core/flags/hiargs.rs	printer_standard	crates/printer/src/standard.rs	per_match
crates/core/flags/hiargs.rs	printer_standard	crates/printer/src/standard.rs	per_match_one_line
crates/core/flags/hiargs.rs	printer_standard	crates/printer/src/standard.rs	replacement
crates/core/flags/hiargs.rs	printer_standard	crates/printer/src/standard.rs	separator_context
crates/core/flags/hiargs.rs	printer_standard	crates/printer/src/standard.rs	separator_field_context
crates/core/flags/hiargs.rs	printer_standard	crates/printer/src/standard.rs	separator_field_match
crates/core/flags/hiargs.rs	printer_standard	crates/printer/src/standard.rs	separator_path
crates/core/flags/hiargs.rs	printer_standard	crates/printer/src/standard.rs	separator_search
crates/core/flags/hiargs.rs	printer_standard	crates/printer/src/standard.rs	stats
crates/core/flags/hiargs.rs	printer_standard	crates/printer/src/standard.rs	trim_ascii
crates/core/flags/hiargs.rs	printer_summary	crates/printer/src/summary.rs	build
crates/core/flags/hiargs.rs	printer_summary	crates/printer/src/summary.rs	color_specs
crates/core/flags/hiargs.rs	printer_summary	crates/printer/src/summary.rs	exclude_zero
crates/core/flags/hiargs.rs	printer_summary	crates/printer/src/summary.rs	hyperlink
crates/core/flags/hiargs.rs	printer_summary	crates/printer/src/summary.rs	kind
crates/core/flags/hiargs.rs	printer_summary	crates/printer/src/summary.rs	new
crates/core/flags/hiargs.rs	printer_summary	crates/printer/src/summary.rs	path
crates/core/flags/hiargs.rs	printer_summary	crates/printer/src/summary.rs	path_terminator
crates/core/flags/hiargs.rs	printer_summary	crates/printer/src/summary.rs	separator_field
crates/core/flags/hiargs.rs	printer_summary	crates/printer/src/summary.rs	separator_path
crates/core/flags/hiargs.rs	printer_summary	crates/printer/src/summary.rs	stats
crates/core/flags/hiargs.rs	search_worker	crates/core/search.rs	build
crates/core/flags/hiargs.rs	search_worker	crates/core/search.rs	new
crates/core/flags/hiargs.rs	searcher	crates/core/flags/lowargs.rs	get
crates/core/flags/hiargs.rs	searcher	crates/matcher/src/lib.rs	byte
crates/core/flags/hiargs.rs	searcher	crates/matcher/src/lib.rs	crlf
crates/core/flags/hiargs.rs	searcher	crates/searcher/src/searcher/mod.rs	after_context
crates/core/flags/hiargs.rs	searcher	crates/searcher/src/searcher/mod.rs	before_context
crates/core/flags/hiargs.rs	searcher	crates/searcher/src/searcher/mod.rs	bom_sniffing
crates/core/flags/hiargs.rs	searcher	crates/searcher/src/searcher/mod.rs	build
crates/core/flags/hiargs.rs	searcher	crates/searcher/src/searcher/mod.rs	encoding
crates/core/flags/hiargs.rs	searcher	crates/searcher/src/searcher/mod.rs	invert_match
crates/core/flags/hiargs.rs	searcher	crates/searcher/src/searcher/mod.rs	line_number
crates/core/flags/hiargs.rs	searcher	crates/searcher/src/searcher/mod.rs	line_terminator
crates/core/flags/hiargs.rs	searcher	crates/searcher/src/searcher/mod.rs	max_matches
crates/core/flags/hiargs.rs	searcher	crates/searcher/src/searcher/mod.rs	memory_map
crates/core/flags/hiargs.rs	searcher	crates/searcher/src/searcher/mod.rs	multi_line
crates/core/flags/hiargs.rs	searcher	crates/searcher/src/searcher/mod.rs	new
crates/core/flags/hiargs.rs	searcher	crates/searcher/src/searcher/mod.rs	passthru
crates/core/flags/hiargs.rs	searcher	crates/searcher/src/searcher/mod.rs	stop_on_nonmatch
crates/core/flags/hiargs.rs	sort	crates/core/flags/hiargs.rs	attach_timestamps
crates/core/flags/hiargs.rs	stats	crates/printer/src/stats.rs	new
crates/core/flags/hiargs.rs	stdout	crates/cli/src/wtr.rs	stdout_buffered_block
crates/core/flags/hiargs.rs	stdout	crates/cli/src/wtr.rs	stdout_buffered_line
crates/core/flags/hiargs.rs	stdout	crates/core/flags/lowargs.rs	to_termcolor
crates/core/flags/hiargs.rs	suggest_other_engine	crates/core/flags/hiargs.rs	suggest_pcre2
crates/core/flags/hiargs.rs	take_color_specs	crates/printer/src/color.rs	default_color_specs
crates/core/flags/hiargs.rs	take_color_specs	crates/printer/src/color.rs	new
crates/core/flags/hiargs.rs	take_hyperlink_config	crates/core/flags/hiargs.rs	hostname
crates/core/flags/hiargs.rs	take_hyperlink_config	crates/core/flags/hiargs.rs	wsl_prefix
crates/core/flags/hiargs.rs	take_hyperlink_config	crates/printer/src/hyperlink/mod.rs	host
crates/core/flags/hiargs.rs	take_hyperlink_config	crates/printer/src/hyperlink/mod.rs	new
crates/core/flags/hiargs.rs	take_hyperlink_config	crates/printer/src/hyperlink/mod.rs	wsl_prefix
crates/core/flags/hiargs.rs	types	crates/ignore/src/types.rs	add_defaults
crates/core/flags/hiargs.rs	types	crates/ignore/src/types.rs	new
crates/core/flags/hiargs.rs	walk_builder	crates/ignore/src/walk.rs	add_custom_ignore_filename
crates/core/flags/hiargs.rs	walk_builder	crates/ignore/src/walk.rs	current_dir
crates/core/flags/hiargs.rs	walk_builder	crates/ignore/src/walk.rs	follow_links
crates/core/flags/hiargs.rs	walk_builder	crates/ignore/src/walk.rs	git_exclude
crates/core/flags/hiargs.rs	walk_builder	crates/ignore/src/walk.rs	git_global
crates/core/flags/hiargs.rs	walk_builder	crates/ignore/src/walk.rs	git_ignore
crates/core/flags/hiargs.rs	walk_builder	crates/ignore/src/walk.rs	hidden
crates/core/flags/hiargs.rs	walk_builder	crates/ignore/src/walk.rs	ignore
crates/core/flags/hiargs.rs	walk_builder	crates/ignore/src/walk.rs	ignore_case_insensitive
crates/core/flags/hiargs.rs	walk_builder	crates/ignore/src/walk.rs	max_depth
crates/core/flags/hiargs.rs	walk_builder	crates/ignore/src/walk.rs	max_filesize
crates/core/flags/hiargs.rs	walk_builder	crates/ignore/src/walk.rs	new
crates/core/flags/hiargs.rs	walk_builder	crates/ignore/src/walk.rs	overrides
crates/core/flags/hiargs.rs	walk_builder	crates/ignore/src/walk.rs	parents
crates/core/flags/hiargs.rs	walk_builder	crates/ignore/src/walk.rs	require_git
crates/core/flags/hiargs.rs	walk_builder	crates/ignore/src/walk.rs	same_file_system
crates/core/flags/hiargs.rs	walk_builder	crates/ignore/src/walk.rs	skip_stdout
crates/core/flags/hiargs.rs	walk_builder	crates/ignore/src/walk.rs	sort_by_file_name
crates/core/flags/hiargs.rs	walk_builder	crates/ignore/src/walk.rs	threads
crates/core/flags/hiargs.rs	walk_builder	crates/ignore/src/walk.rs	types
crates/core/flags/lowargs.rs	default	crates/core/flags/lowargs.rs	ContextSeparator
crates/core/flags/lowargs.rs	default	crates/core/flags/lowargs.rs	FieldContextSeparator
crates/core/flags/lowargs.rs	default	crates/core/flags/lowargs.rs	FieldMatchSeparator
crates/core/flags/lowargs.rs	default	crates/core/flags/lowargs.rs	Limited
crates/core/flags/lowargs.rs	default	crates/core/flags/lowargs.rs	Search
crates/core/flags/lowargs.rs	disabled	crates/core/flags/lowargs.rs	ContextSeparator
crates/core/flags/lowargs.rs	new	crates/core/flags/lowargs.rs	ContextSeparator
crates/core/flags/lowargs.rs	new	crates/core/flags/lowargs.rs	FieldContextSeparator
crates/core/flags/lowargs.rs	new	crates/core/flags/lowargs.rs	FieldMatchSeparator
crates/core/flags/lowargs.rs	set_after	crates/core/flags/lowargs.rs	Limited
crates/core/flags/lowargs.rs	set_before	crates/core/flags/lowargs.rs	Limited
crates/core/flags/lowargs.rs	set_both	crates/core/flags/lowargs.rs	Limited
crates/core/flags/parse.rs	and_then	crates/core/flags/parse.rs	Err
crates/core/flags/parse.rs	and_then	crates/core/flags/parse.rs	Special
crates/core/flags/parse.rs	find_long	crates/core/flags/parse.rs	Match
crates/core/flags/parse.rs	find_long	crates/core/flags/parse.rs	UnrecognizedLong
crates/core/flags/parse.rs	find_long	crates/core/flags/parse.rs	find
crates/core/flags/parse.rs	find_short	crates/core/flags/parse.rs	Match
crates/core/flags/parse.rs	find_short	crates/core/flags/parse.rs	UnrecognizedShort
crates/core/flags/parse.rs	find_short	crates/core/flags/parse.rs	find
crates/core/flags/parse.rs	find_similar_names	crates/core/flags/parse.rs	ngrams
crates/core/flags/parse.rs	lookup	crates/core/flags/parse.rs	find_long
crates/core/flags/parse.rs	lookup	crates/core/flags/parse.rs	new
crates/core/flags/parse.rs	new	crates/core/flags/parse.rs	new
crates/core/flags/parse.rs	parse	/Users/chrishafley/.cargo/registry/src/index.crates.io-1949cf8c6b5b557f/lexopt-0.3.2/src/lib.rs	from_args
crates/core/flags/parse.rs	parse	crates/core/flags/hiargs.rs	from_low_args
crates/core/flags/parse.rs	parse	crates/core/flags/mod.rs	Switch
crates/core/flags/parse.rs	parse	crates/core/flags/mod.rs	Value
crates/core/flags/parse.rs	parse	crates/core/flags/mod.rs	is_switch
crates/core/flags/parse.rs	parse	crates/core/flags/parse.rs	Err
crates/core/flags/parse.rs	parse	crates/core/flags/parse.rs	Ok
crates/core/flags/parse.rs	parse	crates/core/flags/parse.rs	and_then
crates/core/flags/parse.rs	parse	crates/core/flags/parse.rs	find_long
crates/core/flags/parse.rs	parse	crates/core/flags/parse.rs	find_short
crates/core/flags/parse.rs	parse	crates/core/flags/parse.rs	parse_low
crates/core/flags/parse.rs	parse	crates/core/flags/parse.rs	suggest
crates/core/flags/parse.rs	parse_low	crates/core/flags/config.rs	args
crates/core/flags/parse.rs	parse_low	crates/core/flags/parse.rs	Err
crates/core/flags/parse.rs	parse_low	crates/core/flags/parse.rs	Ok
crates/core/flags/parse.rs	parse_low	crates/core/flags/parse.rs	Special
crates/core/flags/parse.rs	parse_low	crates/core/flags/parse.rs	new
crates/core/flags/parse.rs	parse_low	crates/core/flags/parse.rs	parse
crates/core/flags/parse.rs	parse_low	crates/core/flags/parse.rs	set_log_levels
crates/core/flags/parse.rs	parse_low	crates/core/logger.rs	init
crates/core/flags/parse.rs	set_log_levels	/Users/chrishafley/.cargo/registry/src/index.crates.io-1949cf8c6b5b557f/log-0.4.33/src/lib.rs	set_max_level
crates/core/flags/parse.rs	set_log_levels	crates/core/messages.rs	set_ignore_messages
crates/core/flags/parse.rs	set_log_levels	crates/core/messages.rs	set_messages
crates/core/flags/parse.rs	suggest	crates/core/flags/parse.rs	find_similar_names
crates/core/haystack.rs	build	crates/core/haystack.rs	is_dir
crates/core/haystack.rs	build	crates/core/haystack.rs	is_explicit
crates/core/haystack.rs	build	crates/core/haystack.rs	is_file
crates/core/haystack.rs	build	crates/ignore/src/walk.rs	error
crates/core/haystack.rs	build_from_result	crates/core/haystack.rs	build
crates/core/haystack.rs	is_dir	crates/ignore/src/walk.rs	file_type
crates/core/haystack.rs	is_dir	crates/ignore/src/walk.rs	path
crates/core/haystack.rs	is_dir	crates/ignore/src/walk.rs	path_is_symlink
crates/core/haystack.rs	is_explicit	crates/core/haystack.rs	is_dir
crates/core/haystack.rs	is_explicit	crates/core/haystack.rs	is_stdin
crates/core/haystack.rs	is_explicit	crates/ignore/src/walk.rs	depth
crates/core/haystack.rs	is_file	crates/ignore/src/walk.rs	file_type
crates/core/haystack.rs	is_stdin	crates/ignore/src/walk.rs	is_stdin
crates/core/haystack.rs	path	crates/ignore/src/walk.rs	path
crates/core/logger.rs	init	/Users/chrishafley/.cargo/registry/src/index.crates.io-1949cf8c6b5b557f/log-0.4.33/src/lib.rs	set_logger
crates/core/logger.rs	log	/Users/chrishafley/.cargo/registry/src/index.crates.io-1949cf8c6b5b557f/log-0.4.33/src/lib.rs	file
crates/core/logger.rs	log	/Users/chrishafley/.cargo/registry/src/index.crates.io-1949cf8c6b5b557f/log-0.4.33/src/lib.rs	line
crates/core/main.rs	files	crates/core/flags/hiargs.rs	haystack_builder
crates/core/main.rs	files	crates/core/flags/hiargs.rs	path_printer_builder
crates/core/main.rs	files	crates/core/flags/hiargs.rs	sort
crates/core/main.rs	files	crates/core/flags/hiargs.rs	stdout
crates/core/main.rs	files	crates/core/haystack.rs	build_from_result
crates/core/main.rs	files	crates/printer/src/path.rs	build
crates/core/main.rs	files_parallel	crates/core/flags/hiargs.rs	haystack_builder
crates/core/main.rs	files_parallel	crates/core/flags/hiargs.rs	path_printer_builder
crates/core/main.rs	files_parallel	crates/core/flags/hiargs.rs	quit_after_match
crates/core/main.rs	files_parallel	crates/core/flags/hiargs.rs	stdout
crates/core/main.rs	files_parallel	crates/core/haystack.rs	build_from_result
crates/core/main.rs	files_parallel	crates/printer/src/path.rs	build
crates/core/main.rs	generate	crates/core/flags/complete/bash.rs	generate
crates/core/main.rs	generate	crates/core/flags/complete/fish.rs	generate
crates/core/main.rs	generate	crates/core/flags/complete/powershell.rs	generate
crates/core/main.rs	generate	crates/core/flags/complete/zsh.rs	generate
crates/core/main.rs	generate	crates/core/flags/doc/man.rs	generate
crates/core/main.rs	main	crates/core/flags/parse.rs	parse
crates/core/main.rs	main	crates/core/main.rs	run
crates/core/main.rs	run	crates/core/flags/hiargs.rs	index
crates/core/main.rs	run	crates/core/flags/hiargs.rs	matches_possible
crates/core/main.rs	run	crates/core/flags/hiargs.rs	mode
crates/core/main.rs	run	crates/core/flags/hiargs.rs	quiet
crates/core/main.rs	run	crates/core/flags/hiargs.rs	threads
crates/core/main.rs	run	crates/core/main.rs	generate
crates/core/main.rs	run	crates/core/main.rs	special
crates/core/main.rs	run	crates/core/main.rs	types
crates/core/main.rs	run	crates/core/messages.rs	errored
crates/core/main.rs	search	crates/core/flags/hiargs.rs	has_implicit_path
crates/core/main.rs	search	crates/core/flags/hiargs.rs	haystack_builder
crates/core/main.rs	search	crates/core/flags/hiargs.rs	sort
crates/core/main.rs	search	crates/core/flags/hiargs.rs	stats
crates/core/main.rs	search	crates/core/haystack.rs	build_from_result
crates/core/main.rs	search	crates/core/main.rs	eprint_nothing_searched
crates/core/main.rs	search	crates/core/main.rs	print_stats
crates/core/main.rs	search_parallel	/Users/chrishafley/.cargo/registry/src/index.crates.io-1949cf8c6b5b557f/termcolor-1.4.1/src/lib.rs	print
crates/core/main.rs	search_parallel	crates/core/flags/hiargs.rs	buffer_writer
crates/core/main.rs	search_parallel	crates/core/flags/hiargs.rs	has_implicit_path
crates/core/main.rs	search_parallel	crates/core/flags/hiargs.rs	haystack_builder
crates/core/main.rs	search_parallel	crates/core/flags/hiargs.rs	quit_after_match
crates/core/main.rs	search_parallel	crates/core/flags/hiargs.rs	stats
crates/core/main.rs	search_parallel	crates/core/haystack.rs	build_from_result
crates/core/main.rs	search_parallel	crates/core/main.rs	eprint_nothing_searched
crates/core/main.rs	search_parallel	crates/core/main.rs	print_stats
crates/core/main.rs	special	crates/core/flags/doc/help.rs	generate_long
crates/core/main.rs	special	crates/core/flags/doc/help.rs	generate_short
crates/core/main.rs	special	crates/core/flags/doc/version.rs	generate_long
crates/core/main.rs	special	crates/core/flags/doc/version.rs	generate_pcre2
crates/core/main.rs	special	crates/core/flags/doc/version.rs	generate_short
crates/core/main.rs	types	crates/core/flags/hiargs.rs	stdout
crates/core/search.rs	build	crates/cli/src/decompress.rs	async_stderr
crates/core/search.rs	build	crates/cli/src/decompress.rs	new
crates/core/search.rs	default	crates/core/search.rs	new
crates/core/search.rs	default	crates/ignore/src/overrides.rs	empty
crates/core/search.rs	default	crates/searcher/src/searcher/mod.rs	none
crates/core/search.rs	get_mut	crates/printer/src/json.rs	get_mut
crates/core/search.rs	get_mut	crates/printer/src/standard.rs	get_mut
crates/core/search.rs	get_mut	crates/printer/src/summary.rs	get_mut
crates/core/search.rs	new	crates/cli/src/process.rs	async_stderr
crates/core/search.rs	new	crates/cli/src/process.rs	new
crates/core/search.rs	search	crates/core/haystack.rs	is_explicit
crates/core/search.rs	search	crates/core/haystack.rs	is_stdin
crates/core/search.rs	search	crates/core/haystack.rs	path
crates/core/search.rs	search	crates/core/search.rs	search_decompress
crates/core/search.rs	search	crates/core/search.rs	search_path
crates/core/search.rs	search	crates/core/search.rs	search_preprocessor
crates/core/search.rs	search	crates/core/search.rs	search_reader
crates/core/search.rs	search	crates/core/search.rs	should_decompress
crates/core/search.rs	search	crates/core/search.rs	should_preprocess
crates/core/search.rs	search	crates/searcher/src/searcher/mod.rs	set_binary_detection
crates/core/search.rs	search_decompress	crates/core/search.rs	search_path
crates/core/search.rs	search_decompress	crates/core/search.rs	search_reader
crates/core/search.rs	search_path	crates/core/search.rs	search_path
crates/core/search.rs	search_path	crates/printer/src/json.rs	has_match
crates/core/search.rs	search_path	crates/printer/src/json.rs	sink_with_path
crates/core/search.rs	search_path	crates/printer/src/json.rs	stats
crates/core/search.rs	search_path	crates/printer/src/standard.rs	has_match
crates/core/search.rs	search_path	crates/printer/src/standard.rs	sink_with_path
crates/core/search.rs	search_path	crates/printer/src/standard.rs	stats
crates/core/search.rs	search_path	crates/printer/src/summary.rs	has_match
crates/core/search.rs	search_path	crates/printer/src/summary.rs	sink_with_path
crates/core/search.rs	search_path	crates/printer/src/summary.rs	stats
crates/core/search.rs	search_preprocessor	crates/core/search.rs	search_reader
crates/core/search.rs	search_reader	crates/core/search.rs	search_reader
crates/core/search.rs	search_reader	crates/printer/src/json.rs	has_match
crates/core/search.rs	search_reader	crates/printer/src/json.rs	sink_with_path
crates/core/search.rs	search_reader	crates/printer/src/json.rs	stats
crates/core/search.rs	search_reader	crates/printer/src/standard.rs	has_match
crates/core/search.rs	search_reader	crates/printer/src/standard.rs	sink_with_path
crates/core/search.rs	search_reader	crates/printer/src/standard.rs	stats
crates/core/search.rs	search_reader	crates/printer/src/summary.rs	has_match
crates/core/search.rs	search_reader	crates/printer/src/summary.rs	sink_with_path
crates/core/search.rs	search_reader	crates/printer/src/summary.rs	stats
crates/core/search.rs	should_preprocess	crates/ignore/src/lib.rs	is_ignore
crates/core/search.rs	should_preprocess	crates/ignore/src/overrides.rs	is_empty
crates/core/search.rs	should_preprocess	crates/ignore/src/overrides.rs	matched
crates/globset/benches/bench.rs	ext_glob	crates/globset/benches/bench.rs	new_glob
crates/globset/benches/bench.rs	ext_regex	crates/globset/benches/bench.rs	new_reglob
crates/globset/benches/bench.rs	ext_regex	crates/globset/src/lib.rs	new
crates/globset/benches/bench.rs	long_glob	crates/globset/benches/bench.rs	new_glob
crates/globset/benches/bench.rs	long_regex	crates/globset/benches/bench.rs	new_reglob
crates/globset/benches/bench.rs	long_regex	crates/globset/src/lib.rs	new
crates/globset/benches/bench.rs	many_short_glob	crates/globset/benches/bench.rs	new_glob
crates/globset/benches/bench.rs	many_short_regex_set	crates/globset/benches/bench.rs	new_reglob_many
crates/globset/benches/bench.rs	new_glob	/Users/chrishafley/.cargo/registry/src/index.crates.io-1949cf8c6b5b557f/glob-0.3.4/src/lib.rs	new
crates/globset/benches/bench.rs	new_reglob	crates/globset/src/glob.rs	new
crates/globset/benches/bench.rs	new_reglob_many	crates/globset/src/lib.rs	build
crates/globset/benches/bench.rs	new_reglob_many	crates/globset/src/lib.rs	new
crates/globset/benches/bench.rs	short_glob	crates/globset/benches/bench.rs	new_glob
crates/globset/benches/bench.rs	short_regex	crates/globset/benches/bench.rs	new_reglob
crates/globset/benches/bench.rs	short_regex	crates/globset/src/lib.rs	new
crates/globset/src/fnv.rs	default	crates/globset/src/fnv.rs	Hasher
crates/globset/src/glob.rs	add_to_last_range	crates/globset/src/lib.rs	InvalidRange
crates/globset/src/glob.rs	char_to_escaped_literal	crates/globset/src/glob.rs	bytes_to_escaped_literal
crates/globset/src/glob.rs	compile_matcher	crates/globset/src/lib.rs	new_regex
crates/globset/src/glob.rs	from_str	crates/globset/src/glob.rs	new
crates/globset/src/glob.rs	have_tokens	crates/globset/src/glob.rs	error
crates/globset/src/glob.rs	is_match	crates/globset/src/glob.rs	is_match_candidate
crates/globset/src/glob.rs	is_match	crates/globset/src/lib.rs	new
crates/globset/src/glob.rs	is_match_candidate	/Users/chrishafley/.cargo/registry/src/index.crates.io-1949cf8c6b5b557f/regex-automata-0.4.18/src/meta/regex.rs	is_match
crates/globset/src/glob.rs	new	crates/globset/src/glob.rs	BasenameLiteral
crates/globset/src/glob.rs	new	crates/globset/src/glob.rs	Extension
crates/globset/src/glob.rs	new	crates/globset/src/glob.rs	Literal
crates/globset/src/glob.rs	new	crates/globset/src/glob.rs	Prefix
crates/globset/src/glob.rs	new	crates/globset/src/glob.rs	RequiredExtension
crates/globset/src/glob.rs	new	crates/globset/src/glob.rs	basename_literal
crates/globset/src/glob.rs	new	crates/globset/src/glob.rs	build
crates/globset/src/glob.rs	new	crates/globset/src/glob.rs	default
crates/globset/src/glob.rs	new	crates/globset/src/glob.rs	ext
crates/globset/src/glob.rs	new	crates/globset/src/glob.rs	literal
crates/globset/src/glob.rs	new	crates/globset/src/glob.rs	new
crates/globset/src/glob.rs	new	crates/globset/src/glob.rs	prefix
crates/globset/src/glob.rs	new	crates/globset/src/glob.rs	required_ext
crates/globset/src/glob.rs	new	crates/globset/src/glob.rs	suffix
crates/globset/src/glob.rs	parse	crates/globset/src/glob.rs	bump
crates/globset/src/glob.rs	parse_backslash	crates/globset/src/glob.rs	Literal
crates/globset/src/glob.rs	parse_backslash	crates/globset/src/glob.rs	bump
crates/globset/src/glob.rs	parse_backslash	crates/globset/src/glob.rs	error
crates/globset/src/glob.rs	parse_backslash	crates/globset/src/glob.rs	push_token
crates/globset/src/glob.rs	parse_class	crates/globset/src/glob.rs	Literal
crates/globset/src/glob.rs	parse_class	crates/globset/src/glob.rs	bump
crates/globset/src/glob.rs	parse_class	crates/globset/src/glob.rs	error
crates/globset/src/glob.rs	parse_class	crates/globset/src/glob.rs	push_token
crates/globset/src/glob.rs	parse_class	crates/globset/src/lib.rs	InvalidRange
crates/globset/src/glob.rs	parse_comma	crates/globset/src/glob.rs	Literal
crates/globset/src/glob.rs	parse_comma	crates/globset/src/glob.rs	push_token
crates/globset/src/glob.rs	parse_star	crates/globset/src/glob.rs	peek
crates/globset/src/glob.rs	pop_alternate	crates/globset/src/glob.rs	Alternates
crates/globset/src/glob.rs	pop_alternate	crates/globset/src/glob.rs	error
crates/globset/src/glob.rs	pop_token	crates/globset/src/glob.rs	error
crates/globset/src/glob.rs	push_token	crates/globset/src/glob.rs	error
crates/globset/src/glob.rs	to_regex_with	crates/globset/src/glob.rs	tokens_to_regex
crates/globset/src/lib.rs	build	crates/globset/src/lib.rs	RequiredExtensionStrategy
crates/globset/src/lib.rs	build	crates/globset/src/lib.rs	new
crates/globset/src/lib.rs	builder	crates/globset/src/lib.rs	new
crates/globset/src/lib.rs	default	crates/globset/src/lib.rs	empty
crates/globset/src/lib.rs	description	crates/globset/src/lib.rs	description
crates/globset/src/lib.rs	find_matches	/Users/chrishafley/.cargo/registry/src/index.crates.io-1949cf8c6b5b557f/regex-automata-0.4.18/src/meta/regex.rs	which_overlapping_matches
crates/globset/src/lib.rs	find_matches	/Users/chrishafley/.cargo/registry/src/index.crates.io-1949cf8c6b5b557f/regex-automata-0.4.18/src/util/search.rs	new
crates/globset/src/lib.rs	from_bytes	crates/globset/src/lib.rs	from_cow
crates/globset/src/lib.rs	from_cow	/Users/chrishafley/.cargo/registry/src/index.crates.io-1949cf8c6b5b557f/bstr-1.13.0/src/ext_slice.rs	B
crates/globset/src/lib.rs	from_cow	crates/globset/src/pathutil.rs	file_name
crates/globset/src/lib.rs	from_cow	crates/globset/src/pathutil.rs	file_name_ext
crates/globset/src/lib.rs	from_cow	crates/globset/src/pathutil.rs	normalize_path
crates/globset/src/lib.rs	is_match	/Users/chrishafley/.cargo/registry/src/index.crates.io-1949cf8c6b5b557f/regex-automata-0.4.18/src/meta/regex.rs	is_match
crates/globset/src/lib.rs	is_match	crates/globset/src/lib.rs	is_match
crates/globset/src/lib.rs	is_match	crates/globset/src/lib.rs	is_match_candidate
crates/globset/src/lib.rs	is_match	crates/globset/src/lib.rs	new
crates/globset/src/lib.rs	is_match	crates/globset/src/lib.rs	path_prefix
crates/globset/src/lib.rs	is_match	crates/globset/src/lib.rs	path_suffix
crates/globset/src/lib.rs	is_match_candidate	crates/globset/src/lib.rs	is_empty
crates/globset/src/lib.rs	matches	crates/globset/src/lib.rs	matches_candidate
crates/globset/src/lib.rs	matches	crates/globset/src/lib.rs	new
crates/globset/src/lib.rs	matches_all	crates/globset/src/lib.rs	find_matches
crates/globset/src/lib.rs	matches_all	crates/globset/src/lib.rs	is_match
crates/globset/src/lib.rs	matches_all	crates/globset/src/lib.rs	matches_all
crates/globset/src/lib.rs	matches_all	crates/globset/src/lib.rs	matches_all_candidate
crates/globset/src/lib.rs	matches_all	crates/globset/src/lib.rs	new
crates/globset/src/lib.rs	matches_all	crates/globset/src/lib.rs	path_prefix
crates/globset/src/lib.rs	matches_all	crates/globset/src/lib.rs	path_suffix
crates/globset/src/lib.rs	matches_candidate	crates/globset/src/lib.rs	is_empty
crates/globset/src/lib.rs	matches_candidate	crates/globset/src/lib.rs	matches_candidate_into
crates/globset/src/lib.rs	matches_candidate_into	crates/globset/src/lib.rs	is_empty
crates/globset/src/lib.rs	matches_into	/Users/chrishafley/.cargo/registry/src/index.crates.io-1949cf8c6b5b557f/regex-automata-0.4.18/src/util/pool.rs	put
crates/globset/src/lib.rs	matches_into	crates/globset/src/lib.rs	find_matches
crates/globset/src/lib.rs	matches_into	crates/globset/src/lib.rs	matches_candidate_into
crates/globset/src/lib.rs	matches_into	crates/globset/src/lib.rs	matches_into
crates/globset/src/lib.rs	matches_into	crates/globset/src/lib.rs	new
crates/globset/src/lib.rs	matches_into	crates/globset/src/lib.rs	path_prefix
crates/globset/src/lib.rs	matches_into	crates/globset/src/lib.rs	path_suffix
crates/globset/src/lib.rs	new	crates/globset/src/lib.rs	BasenameLiteral
crates/globset/src/lib.rs	new	crates/globset/src/lib.rs	BasenameLiteralStrategy
crates/globset/src/lib.rs	new	crates/globset/src/lib.rs	Extension
crates/globset/src/lib.rs	new	crates/globset/src/lib.rs	ExtensionStrategy
crates/globset/src/lib.rs	new	crates/globset/src/lib.rs	Literal
crates/globset/src/lib.rs	new	crates/globset/src/lib.rs	LiteralStrategy
crates/globset/src/lib.rs	new	crates/globset/src/lib.rs	Prefix
crates/globset/src/lib.rs	new	crates/globset/src/lib.rs	Regex
crates/globset/src/lib.rs	new	crates/globset/src/lib.rs	RequiredExtension
crates/globset/src/lib.rs	new	crates/globset/src/lib.rs	RequiredExtensionStrategyBuilder
crates/globset/src/lib.rs	new	crates/globset/src/lib.rs	Suffix
crates/globset/src/lib.rs	new	crates/globset/src/lib.rs	empty
crates/globset/src/lib.rs	new	crates/globset/src/lib.rs	from_cow
crates/globset/src/lib.rs	new	crates/globset/src/lib.rs	is_empty
crates/globset/src/lib.rs	new	crates/globset/src/lib.rs	new
crates/globset/src/lib.rs	new	crates/globset/src/lib.rs	prefix
crates/globset/src/lib.rs	new	crates/globset/src/lib.rs	suffix
crates/globset/src/lib.rs	new_regex	/Users/chrishafley/.cargo/registry/src/index.crates.io-1949cf8c6b5b557f/regex-automata-0.4.18/src/meta/regex.rs	build
crates/globset/src/lib.rs	new_regex	/Users/chrishafley/.cargo/registry/src/index.crates.io-1949cf8c6b5b557f/regex-automata-0.4.18/src/meta/regex.rs	builder
crates/globset/src/lib.rs	new_regex	/Users/chrishafley/.cargo/registry/src/index.crates.io-1949cf8c6b5b557f/regex-automata-0.4.18/src/meta/regex.rs	config
crates/globset/src/lib.rs	new_regex	/Users/chrishafley/.cargo/registry/src/index.crates.io-1949cf8c6b5b557f/regex-automata-0.4.18/src/meta/regex.rs	configure
crates/globset/src/lib.rs	new_regex	/Users/chrishafley/.cargo/registry/src/index.crates.io-1949cf8c6b5b557f/regex-automata-0.4.18/src/meta/regex.rs	hybrid_cache_capacity
crates/globset/src/lib.rs	new_regex	/Users/chrishafley/.cargo/registry/src/index.crates.io-1949cf8c6b5b557f/regex-automata-0.4.18/src/meta/regex.rs	nfa_size_limit
crates/globset/src/lib.rs	new_regex	/Users/chrishafley/.cargo/registry/src/index.crates.io-1949cf8c6b5b557f/regex-automata-0.4.18/src/meta/regex.rs	syntax
crates/globset/src/lib.rs	new_regex	/Users/chrishafley/.cargo/registry/src/index.crates.io-1949cf8c6b5b557f/regex-automata-0.4.18/src/meta/regex.rs	utf8_empty
crates/globset/src/lib.rs	new_regex	/Users/chrishafley/.cargo/registry/src/index.crates.io-1949cf8c6b5b557f/regex-automata-0.4.18/src/util/syntax.rs	dot_matches_new_line
crates/globset/src/lib.rs	new_regex	/Users/chrishafley/.cargo/registry/src/index.crates.io-1949cf8c6b5b557f/regex-automata-0.4.18/src/util/syntax.rs	new
crates/globset/src/lib.rs	new_regex	/Users/chrishafley/.cargo/registry/src/index.crates.io-1949cf8c6b5b557f/regex-automata-0.4.18/src/util/syntax.rs	utf8
crates/globset/src/lib.rs	new_regex	crates/globset/src/lib.rs	Regex
crates/globset/src/lib.rs	new_regex_set	/Users/chrishafley/.cargo/registry/src/index.crates.io-1949cf8c6b5b557f/regex-automata-0.4.18/src/meta/regex.rs	build_many
crates/globset/src/lib.rs	new_regex_set	/Users/chrishafley/.cargo/registry/src/index.crates.io-1949cf8c6b5b557f/regex-automata-0.4.18/src/meta/regex.rs	builder
crates/globset/src/lib.rs	new_regex_set	/Users/chrishafley/.cargo/registry/src/index.crates.io-1949cf8c6b5b557f/regex-automata-0.4.18/src/meta/regex.rs	config
crates/globset/src/lib.rs	new_regex_set	/Users/chrishafley/.cargo/registry/src/index.crates.io-1949cf8c6b5b557f/regex-automata-0.4.18/src/meta/regex.rs	configure
crates/globset/src/lib.rs	new_regex_set	/Users/chrishafley/.cargo/registry/src/index.crates.io-1949cf8c6b5b557f/regex-automata-0.4.18/src/meta/regex.rs	hybrid_cache_capacity
crates/globset/src/lib.rs	new_regex_set	/Users/chrishafley/.cargo/registry/src/index.crates.io-1949cf8c6b5b557f/regex-automata-0.4.18/src/meta/regex.rs	match_kind
crates/globset/src/lib.rs	new_regex_set	/Users/chrishafley/.cargo/registry/src/index.crates.io-1949cf8c6b5b557f/regex-automata-0.4.18/src/meta/regex.rs	nfa_size_limit
crates/globset/src/lib.rs	new_regex_set	/Users/chrishafley/.cargo/registry/src/index.crates.io-1949cf8c6b5b557f/regex-automata-0.4.18/src/meta/regex.rs	syntax
crates/globset/src/lib.rs	new_regex_set	/Users/chrishafley/.cargo/registry/src/index.crates.io-1949cf8c6b5b557f/regex-automata-0.4.18/src/meta/regex.rs	utf8_empty
crates/globset/src/lib.rs	new_regex_set	/Users/chrishafley/.cargo/registry/src/index.crates.io-1949cf8c6b5b557f/regex-automata-0.4.18/src/util/syntax.rs	dot_matches_new_line
crates/globset/src/lib.rs	new_regex_set	/Users/chrishafley/.cargo/registry/src/index.crates.io-1949cf8c6b5b557f/regex-automata-0.4.18/src/util/syntax.rs	new
crates/globset/src/lib.rs	new_regex_set	/Users/chrishafley/.cargo/registry/src/index.crates.io-1949cf8c6b5b557f/regex-automata-0.4.18/src/util/syntax.rs	utf8
crates/globset/src/lib.rs	new_regex_set	crates/globset/src/lib.rs	Regex
crates/globset/src/lib.rs	prefix	/Users/chrishafley/.cargo/registry/src/index.crates.io-1949cf8c6b5b557f/aho-corasick-1.1.5/src/ahocorasick.rs	new
crates/globset/src/lib.rs	regex_set	/Users/chrishafley/.cargo/registry/src/index.crates.io-1949cf8c6b5b557f/regex-automata-0.4.18/src/util/pool.rs	new
crates/globset/src/lib.rs	regex_set	/Users/chrishafley/.cargo/registry/src/index.crates.io-1949cf8c6b5b557f/regex-automata-0.4.18/src/util/search.rs	new
crates/globset/src/lib.rs	suffix	/Users/chrishafley/.cargo/registry/src/index.crates.io-1949cf8c6b5b557f/aho-corasick-1.1.5/src/ahocorasick.rs	new
crates/grep/examples/simplegrep.rs	main	crates/grep/examples/simplegrep.rs	try_main
crates/grep/examples/simplegrep.rs	search	crates/cli/src/wtr.rs	stdout
crates/grep/examples/simplegrep.rs	search	crates/printer/src/color.rs	default_with_color
crates/grep/examples/simplegrep.rs	search	crates/printer/src/standard.rs	build
crates/grep/examples/simplegrep.rs	search	crates/printer/src/standard.rs	color_specs
crates/grep/examples/simplegrep.rs	search	crates/printer/src/standard.rs	new
crates/grep/examples/simplegrep.rs	search	crates/searcher/src/searcher/mod.rs	binary_detection
crates/grep/examples/simplegrep.rs	search	crates/searcher/src/searcher/mod.rs	build
crates/grep/examples/simplegrep.rs	search	crates/searcher/src/searcher/mod.rs	line_number
crates/grep/examples/simplegrep.rs	search	crates/searcher/src/searcher/mod.rs	new
crates/grep/examples/simplegrep.rs	search	crates/searcher/src/searcher/mod.rs	quit
crates/grep/examples/simplegrep.rs	try_main	crates/grep/examples/simplegrep.rs	search
crates/ignore/examples/walk.rs	main	/Users/chrishafley/.cargo/registry/src/index.crates.io-1949cf8c6b5b557f/crossbeam-channel-0.5.16/src/channel.rs	bounded
crates/ignore/examples/walk.rs	main	/Users/chrishafley/.cargo/registry/src/index.crates.io-1949cf8c6b5b557f/walkdir-2.5.0/src/lib.rs	new
crates/ignore/examples/walk.rs	main	crates/ignore/examples/walk.rs	Y
crates/ignore/examples/walk.rs	main	crates/ignore/src/walk.rs	build
crates/ignore/examples/walk.rs	main	crates/ignore/src/walk.rs	build_parallel
crates/ignore/examples/walk.rs	main	crates/ignore/src/walk.rs	new
crates/ignore/examples/walk.rs	main	crates/ignore/src/walk.rs	run
crates/ignore/examples/walk.rs	main	crates/ignore/src/walk.rs	threads
crates/ignore/examples/walk.rs	path	/Users/chrishafley/.cargo/registry/src/index.crates.io-1949cf8c6b5b557f/walkdir-2.5.0/src/dent.rs	path
crates/ignore/examples/walk.rs	path	crates/ignore/src/walk.rs	path
crates/ignore/src/dir.rs	add_child	crates/ignore/src/dir.rs	add_child_path
crates/ignore/src/dir.rs	add_child_path	crates/ignore/src/dir.rs	add_child_path_with_found_ignore_files
crates/ignore/src/dir.rs	add_child_path_with_found_ignore_files	crates/ignore/src/dir.rs	create_gitignore
crates/ignore/src/dir.rs	add_child_path_with_found_ignore_files	crates/ignore/src/dir.rs	resolve_git_commondir
crates/ignore/src/dir.rs	add_child_path_with_found_ignore_files	crates/ignore/src/gitignore.rs	empty
crates/ignore/src/dir.rs	add_child_with_entries	crates/ignore/src/dir.rs	add_child_path_with_found_ignore_files
crates/ignore/src/dir.rs	add_child_with_entries	crates/ignore/src/dir.rs	collect_ignore_files
crates/ignore/src/dir.rs	add_parents	crates/ignore/src/dir.rs	is_root
crates/ignore/src/dir.rs	build	crates/ignore/src/dir.rs	build_with_cwd
crates/ignore/src/dir.rs	build_with_cwd	crates/ignore/src/gitignore.rs	build_global
crates/ignore/src/dir.rs	build_with_cwd	crates/ignore/src/gitignore.rs	case_insensitive
crates/ignore/src/dir.rs	build_with_cwd	crates/ignore/src/gitignore.rs	empty
crates/ignore/src/dir.rs	build_with_cwd	crates/ignore/src/gitignore.rs	new
crates/ignore/src/dir.rs	create_gitignore	crates/ignore/src/gitignore.rs	build
crates/ignore/src/dir.rs	create_gitignore	crates/ignore/src/gitignore.rs	case_insensitive
crates/ignore/src/dir.rs	create_gitignore	crates/ignore/src/gitignore.rs	new
crates/ignore/src/dir.rs	gitignore	crates/ignore/src/dir.rs	Gitignore
crates/ignore/src/dir.rs	gitignore	crates/ignore/src/dir.rs	IgnoreMatch
crates/ignore/src/dir.rs	hidden	crates/ignore/src/dir.rs	IgnoreMatch
crates/ignore/src/dir.rs	matched	crates/ignore/src/dir.rs	has_any_ignore_rules
crates/ignore/src/dir.rs	matched	crates/ignore/src/dir.rs	matched_ignore
crates/ignore/src/dir.rs	matched	crates/ignore/src/lib.rs	is_ignore
crates/ignore/src/dir.rs	matched	crates/ignore/src/lib.rs	is_whitelist
crates/ignore/src/dir.rs	matched	crates/ignore/src/pathutil.rs	strip_prefix
crates/ignore/src/dir.rs	matched_dir_entry	crates/ignore/src/dir.rs	hidden
crates/ignore/src/dir.rs	matched_dir_entry	crates/ignore/src/dir.rs	matched
crates/ignore/src/dir.rs	matched_dir_entry	crates/ignore/src/lib.rs	Ignore
crates/ignore/src/dir.rs	matched_dir_entry	crates/ignore/src/lib.rs	is_none
crates/ignore/src/dir.rs	matched_dir_entry	crates/ignore/src/pathutil.rs	is_hidden_entry
crates/ignore/src/dir.rs	matched_dir_entry	crates/ignore/src/walk.rs	is_dir
crates/ignore/src/dir.rs	matched_dir_entry	crates/ignore/src/walk.rs	path
crates/ignore/src/dir.rs	matched_ignore	crates/ignore/src/dir.rs	absolute_base
crates/ignore/src/dir.rs	matched_ignore	crates/ignore/src/dir.rs	parents
crates/ignore/src/dir.rs	matched_ignore	crates/ignore/src/dir.rs	strip_if_is_prefix
crates/ignore/src/dir.rs	matched_ignore	crates/ignore/src/lib.rs	or
crates/ignore/src/dir.rs	new	crates/ignore/src/overrides.rs	empty
crates/ignore/src/dir.rs	new	crates/ignore/src/types.rs	empty
crates/ignore/src/dir.rs	overrides	crates/ignore/src/dir.rs	IgnoreMatch
crates/ignore/src/dir.rs	overrides	crates/ignore/src/dir.rs	Override
crates/ignore/src/dir.rs	parents	crates/ignore/src/dir.rs	Parents
crates/ignore/src/dir.rs	resolve_git_commondir	crates/ignore/src/lib.rs	Io
crates/ignore/src/dir.rs	resolve_git_commondir	crates/ignore/src/lib.rs	with_path
crates/ignore/src/dir.rs	strip_if_is_prefix	crates/ignore/src/pathutil.rs	strip_prefix
crates/ignore/src/dir.rs	types	crates/ignore/src/dir.rs	IgnoreMatch
crates/ignore/src/dir.rs	types	crates/ignore/src/dir.rs	Types
crates/ignore/src/gitignore.rs	add	crates/ignore/src/lib.rs	Io
crates/ignore/src/gitignore.rs	add	crates/ignore/src/lib.rs	with_path
crates/ignore/src/gitignore.rs	add_line	crates/globset/src/lib.rs	add
crates/ignore/src/gitignore.rs	add_line	crates/ignore/src/gitignore.rs	has_doublestar_prefix
crates/ignore/src/gitignore.rs	build	/Users/chrishafley/.cargo/registry/src/index.crates.io-1949cf8c6b5b557f/regex-automata-0.4.18/src/util/pool.rs	with_available_parallelism_capacity
crates/ignore/src/gitignore.rs	build_global	crates/ignore/src/gitignore.rs	add
crates/ignore/src/gitignore.rs	build_global	crates/ignore/src/gitignore.rs	build
crates/ignore/src/gitignore.rs	build_global	crates/ignore/src/gitignore.rs	empty
crates/ignore/src/gitignore.rs	build_global	crates/ignore/src/gitignore.rs	gitconfig_excludes_path
crates/ignore/src/gitignore.rs	empty	crates/globset/src/lib.rs	empty
crates/ignore/src/gitignore.rs	excludes_file_default	crates/ignore/src/gitignore.rs	home_dir
crates/ignore/src/gitignore.rs	expand_tilde	crates/ignore/src/gitignore.rs	home_dir
crates/ignore/src/gitignore.rs	gitconfig_excludes_path	crates/ignore/src/gitignore.rs	gitconfig_global_env_contents
crates/ignore/src/gitignore.rs	gitconfig_excludes_path	crates/ignore/src/gitignore.rs	gitconfig_home_contents
crates/ignore/src/gitignore.rs	gitconfig_excludes_path	crates/ignore/src/gitignore.rs	gitconfig_system_contents
crates/ignore/src/gitignore.rs	gitconfig_excludes_path	crates/ignore/src/gitignore.rs	gitconfig_xdg_contents
crates/ignore/src/gitignore.rs	gitconfig_excludes_path	crates/ignore/src/gitignore.rs	parse_excludes_file
crates/ignore/src/gitignore.rs	global	crates/ignore/src/gitignore.rs	build_global
crates/ignore/src/gitignore.rs	global	crates/ignore/src/gitignore.rs	empty
crates/ignore/src/gitignore.rs	global	crates/ignore/src/gitignore.rs	new
crates/ignore/src/gitignore.rs	is_empty	crates/globset/src/lib.rs	is_empty
crates/ignore/src/gitignore.rs	len	crates/globset/src/lib.rs	len
crates/ignore/src/gitignore.rs	matched	crates/ignore/src/gitignore.rs	is_empty
crates/ignore/src/gitignore.rs	matched	crates/ignore/src/gitignore.rs	matched_stripped
crates/ignore/src/gitignore.rs	matched	crates/ignore/src/gitignore.rs	strip
crates/ignore/src/gitignore.rs	matched_path_or_any_parents	crates/ignore/src/gitignore.rs	is_empty
crates/ignore/src/gitignore.rs	matched_path_or_any_parents	crates/ignore/src/gitignore.rs	matched_stripped
crates/ignore/src/gitignore.rs	matched_path_or_any_parents	crates/ignore/src/gitignore.rs	strip
crates/ignore/src/gitignore.rs	matched_stripped	crates/globset/src/lib.rs	matches_candidate_into
crates/ignore/src/gitignore.rs	matched_stripped	crates/globset/src/lib.rs	new
crates/ignore/src/gitignore.rs	matched_stripped	crates/ignore/src/gitignore.rs	is_empty
crates/ignore/src/gitignore.rs	new	crates/globset/src/lib.rs	new
crates/ignore/src/gitignore.rs	new	crates/ignore/src/gitignore.rs	add
crates/ignore/src/gitignore.rs	new	crates/ignore/src/gitignore.rs	build
crates/ignore/src/gitignore.rs	new	crates/ignore/src/gitignore.rs	empty
crates/ignore/src/gitignore.rs	new	crates/ignore/src/gitignore.rs	new
crates/ignore/src/gitignore.rs	new	crates/ignore/src/pathutil.rs	strip_prefix
crates/ignore/src/gitignore.rs	parse_excludes_file	/Users/chrishafley/.cargo/registry/src/index.crates.io-1949cf8c6b5b557f/regex-automata-0.4.18/src/meta/regex.rs	build
crates/ignore/src/gitignore.rs	parse_excludes_file	/Users/chrishafley/.cargo/registry/src/index.crates.io-1949cf8c6b5b557f/regex-automata-0.4.18/src/meta/regex.rs	builder
crates/ignore/src/gitignore.rs	parse_excludes_file	/Users/chrishafley/.cargo/registry/src/index.crates.io-1949cf8c6b5b557f/regex-automata-0.4.18/src/meta/regex.rs	config
crates/ignore/src/gitignore.rs	parse_excludes_file	/Users/chrishafley/.cargo/registry/src/index.crates.io-1949cf8c6b5b557f/regex-automata-0.4.18/src/meta/regex.rs	configure
crates/ignore/src/gitignore.rs	parse_excludes_file	/Users/chrishafley/.cargo/registry/src/index.crates.io-1949cf8c6b5b557f/regex-automata-0.4.18/src/meta/regex.rs	syntax
crates/ignore/src/gitignore.rs	parse_excludes_file	/Users/chrishafley/.cargo/registry/src/index.crates.io-1949cf8c6b5b557f/regex-automata-0.4.18/src/meta/regex.rs	utf8_empty
crates/ignore/src/gitignore.rs	parse_excludes_file	/Users/chrishafley/.cargo/registry/src/index.crates.io-1949cf8c6b5b557f/regex-automata-0.4.18/src/util/syntax.rs	new
crates/ignore/src/gitignore.rs	parse_excludes_file	/Users/chrishafley/.cargo/registry/src/index.crates.io-1949cf8c6b5b557f/regex-automata-0.4.18/src/util/syntax.rs	utf8
crates/ignore/src/gitignore.rs	parse_excludes_file	crates/ignore/src/gitignore.rs	expand_tilde
crates/ignore/src/gitignore.rs	strip	crates/ignore/src/pathutil.rs	is_file_name
crates/ignore/src/gitignore.rs	strip	crates/ignore/src/pathutil.rs	strip_prefix
crates/ignore/src/incremental.rs	from_match	crates/ignore/src/lib.rs	is_ignore
crates/ignore/src/incremental.rs	ignore	crates/ignore/src/lib.rs	Ignore
crates/ignore/src/incremental.rs	invert	crates/ignore/src/lib.rs	invert
crates/ignore/src/incremental.rs	is_ignore	crates/ignore/src/lib.rs	is_ignore
crates/ignore/src/incremental.rs	is_none	crates/ignore/src/lib.rs	is_none
crates/ignore/src/incremental.rs	is_whitelist	crates/ignore/src/lib.rs	is_whitelist
crates/ignore/src/incremental.rs	match_path	crates/ignore/src/dir.rs	matched
crates/ignore/src/incremental.rs	match_path	crates/ignore/src/incremental.rs	from_match
crates/ignore/src/incremental.rs	match_path	crates/ignore/src/incremental.rs	ignore
crates/ignore/src/incremental.rs	match_path	crates/ignore/src/incremental.rs	is_none
crates/ignore/src/incremental.rs	match_path	crates/ignore/src/lib.rs	map
crates/ignore/src/incremental.rs	match_path	crates/ignore/src/pathutil.rs	is_hidden_path
crates/ignore/src/incremental.rs	matched	crates/ignore/src/incremental.rs	matched_with_errors
crates/ignore/src/incremental.rs	matched_with_errors	crates/ignore/src/incremental.rs	matched_with_errors_impl
crates/ignore/src/incremental.rs	matched_with_errors	crates/ignore/src/lib.rs	into_error_option
crates/ignore/src/incremental.rs	matched_with_errors_ignore	crates/ignore/src/incremental.rs	Allowed
crates/ignore/src/incremental.rs	matched_with_errors_ignore	crates/ignore/src/incremental.rs	ignore
crates/ignore/src/incremental.rs	matched_with_errors_ignore	crates/ignore/src/incremental.rs	match_path
crates/ignore/src/incremental.rs	matched_with_errors_ignore	crates/ignore/src/lib.rs	maybe_push
crates/ignore/src/incremental.rs	matched_with_errors_ignore	crates/ignore/src/pathutil.rs	is_hidden_path
crates/ignore/src/incremental.rs	matched_with_errors_impl	crates/ignore/src/incremental.rs	ignore
crates/ignore/src/incremental.rs	matched_with_errors_impl	crates/ignore/src/incremental.rs	matched_with_errors_ignore
crates/ignore/src/incremental.rs	matched_with_errors_impl	crates/ignore/src/incremental.rs	none
crates/ignore/src/incremental.rs	matched_with_errors_impl	crates/ignore/src/incremental.rs	not_within_depth
crates/ignore/src/incremental.rs	matched_with_errors_impl	crates/ignore/src/incremental.rs	root
crates/ignore/src/incremental.rs	matched_with_errors_impl	crates/ignore/src/lib.rs	push
crates/ignore/src/incremental.rs	new	crates/ignore/src/incremental.rs	Unloaded
crates/ignore/src/incremental.rs	root_ignore	crates/ignore/src/incremental.rs	Loaded
crates/ignore/src/incremental.rs	root_ignore	crates/ignore/src/lib.rs	maybe_push
crates/ignore/src/lib.rs	clone	crates/ignore/src/lib.rs	Io
crates/ignore/src/lib.rs	clone	crates/ignore/src/lib.rs	Partial
crates/ignore/src/lib.rs	clone	crates/ignore/src/lib.rs	UnrecognizedFileType
crates/ignore/src/lib.rs	from	crates/ignore/src/lib.rs	Io
crates/ignore/src/lib.rs	from_walkdir	/Users/chrishafley/.cargo/registry/src/index.crates.io-1949cf8c6b5b557f/walkdir-2.5.0/src/error.rs	depth
crates/ignore/src/lib.rs	from_walkdir	/Users/chrishafley/.cargo/registry/src/index.crates.io-1949cf8c6b5b557f/walkdir-2.5.0/src/error.rs	loop_ancestor
crates/ignore/src/lib.rs	from_walkdir	/Users/chrishafley/.cargo/registry/src/index.crates.io-1949cf8c6b5b557f/walkdir-2.5.0/src/error.rs	path
crates/ignore/src/lib.rs	from_walkdir	crates/ignore/src/lib.rs	Io
crates/ignore/src/lib.rs	into_error_option	crates/ignore/src/lib.rs	Partial
crates/ignore/src/lib.rs	invert	crates/ignore/src/lib.rs	Ignore
crates/ignore/src/lib.rs	invert	crates/ignore/src/lib.rs	Whitelist
crates/ignore/src/lib.rs	map	crates/ignore/src/lib.rs	Ignore
crates/ignore/src/lib.rs	map	crates/ignore/src/lib.rs	Whitelist
crates/ignore/src/lib.rs	maybe_push	crates/ignore/src/lib.rs	push
crates/ignore/src/lib.rs	maybe_push_ignore_io	crates/ignore/src/lib.rs	push_ignore_io
crates/ignore/src/lib.rs	or	crates/ignore/src/lib.rs	is_none
crates/ignore/src/lib.rs	push_ignore_io	crates/ignore/src/lib.rs	is_io
crates/ignore/src/lib.rs	push_ignore_io	crates/ignore/src/lib.rs	push
crates/ignore/src/lib.rs	tagged	crates/ignore/src/lib.rs	with_path
crates/ignore/src/overrides.rs	allow_unclosed_class	crates/ignore/src/gitignore.rs	allow_unclosed_class
crates/ignore/src/overrides.rs	build	crates/ignore/src/overrides.rs	Override
crates/ignore/src/overrides.rs	empty	crates/ignore/src/gitignore.rs	empty
crates/ignore/src/overrides.rs	empty	crates/ignore/src/overrides.rs	Override
crates/ignore/src/overrides.rs	is_empty	crates/ignore/src/gitignore.rs	is_empty
crates/ignore/src/overrides.rs	matched	crates/ignore/src/gitignore.rs	matched
crates/ignore/src/overrides.rs	matched	crates/ignore/src/lib.rs	Ignore
crates/ignore/src/overrides.rs	matched	crates/ignore/src/lib.rs	invert
crates/ignore/src/overrides.rs	matched	crates/ignore/src/lib.rs	is_none
crates/ignore/src/overrides.rs	matched	crates/ignore/src/lib.rs	map
crates/ignore/src/overrides.rs	matched	crates/ignore/src/overrides.rs	Glob
crates/ignore/src/overrides.rs	matched	crates/ignore/src/overrides.rs	Matched
crates/ignore/src/overrides.rs	matched	crates/ignore/src/overrides.rs	is_empty
crates/ignore/src/overrides.rs	matched	crates/ignore/src/overrides.rs	num_whitelists
crates/ignore/src/overrides.rs	matched	crates/ignore/src/overrides.rs	unmatched
crates/ignore/src/overrides.rs	new	crates/ignore/src/gitignore.rs	allow_unclosed_class
crates/ignore/src/overrides.rs	new	crates/ignore/src/gitignore.rs	new
crates/ignore/src/overrides.rs	num_ignores	crates/ignore/src/gitignore.rs	num_whitelists
crates/ignore/src/overrides.rs	num_whitelists	crates/ignore/src/gitignore.rs	num_ignores
crates/ignore/src/overrides.rs	path	crates/ignore/src/gitignore.rs	path
crates/ignore/src/overrides.rs	unmatched	crates/ignore/src/overrides.rs	Glob
crates/ignore/src/pathutil.rs	file_name	/Users/chrishafley/.cargo/registry/src/index.crates.io-1949cf8c6b5b557f/memchr-2.8.3/src/memchr.rs	memrchr
crates/ignore/src/pathutil.rs	file_name	crates/ignore/src/pathutil.rs	imp
crates/ignore/src/pathutil.rs	imp	/Users/chrishafley/.cargo/registry/src/index.crates.io-1949cf8c6b5b557f/memchr-2.8.3/src/memchr.rs	memrchr
crates/ignore/src/pathutil.rs	imp	crates/ignore/src/pathutil.rs	is_hidden_path_only
crates/ignore/src/pathutil.rs	imp	crates/ignore/src/walk.rs	path
crates/ignore/src/pathutil.rs	is_file_name	/Users/chrishafley/.cargo/registry/src/index.crates.io-1949cf8c6b5b557f/memchr-2.8.3/src/memchr.rs	memchr
crates/ignore/src/pathutil.rs	is_hidden_entry	crates/ignore/src/pathutil.rs	imp
crates/ignore/src/pathutil.rs	is_hidden_entry	crates/ignore/src/pathutil.rs	is_hidden_path_only
crates/ignore/src/pathutil.rs	is_hidden_entry	crates/ignore/src/walk.rs	path
crates/ignore/src/pathutil.rs	is_hidden_path	crates/ignore/src/pathutil.rs	imp
crates/ignore/src/pathutil.rs	is_hidden_path	crates/ignore/src/pathutil.rs	is_hidden_path_only
crates/ignore/src/pathutil.rs	is_hidden_path_only	crates/ignore/src/pathutil.rs	file_name
crates/ignore/src/pathutil.rs	strip_prefix	crates/ignore/src/pathutil.rs	imp
crates/ignore/src/types.rs	add_def	crates/ignore/src/types.rs	add
crates/ignore/src/types.rs	build	/Users/chrishafley/.cargo/registry/src/index.crates.io-1949cf8c6b5b557f/regex-automata-0.4.18/src/util/pool.rs	with_available_parallelism_capacity
crates/ignore/src/types.rs	build	crates/globset/src/lib.rs	new
crates/ignore/src/types.rs	build	crates/ignore/src/types.rs	definitions
crates/ignore/src/types.rs	empty	/Users/chrishafley/.cargo/registry/src/index.crates.io-1949cf8c6b5b557f/regex-automata-0.4.18/src/util/pool.rs	with_available_parallelism_capacity
crates/ignore/src/types.rs	empty	crates/globset/src/lib.rs	build
crates/ignore/src/types.rs	empty	crates/globset/src/lib.rs	new
crates/ignore/src/types.rs	map	crates/ignore/src/types.rs	Negate
crates/ignore/src/types.rs	map	crates/ignore/src/types.rs	Select
crates/ignore/src/types.rs	matched	crates/globset/src/lib.rs	is_empty
crates/ignore/src/types.rs	matched	crates/globset/src/lib.rs	matches_into
crates/ignore/src/types.rs	matched	crates/ignore/src/lib.rs	Ignore
crates/ignore/src/types.rs	matched	crates/ignore/src/lib.rs	Whitelist
crates/ignore/src/types.rs	matched	crates/ignore/src/pathutil.rs	file_name
crates/ignore/src/types.rs	matched	crates/ignore/src/types.rs	Glob
crates/ignore/src/types.rs	matched	crates/ignore/src/types.rs	unmatched
crates/ignore/src/types.rs	negate	crates/ignore/src/types.rs	Negate
crates/ignore/src/types.rs	select	crates/ignore/src/types.rs	Select
crates/ignore/src/types.rs	unmatched	crates/ignore/src/types.rs	Glob
crates/ignore/src/walk.rs	add_custom_ignore_filename	crates/ignore/src/dir.rs	add_custom_ignore_filename
crates/ignore/src/walk.rs	add_ignore	crates/ignore/src/dir.rs	add_child
crates/ignore/src/walk.rs	add_ignore	crates/ignore/src/dir.rs	add_ignore
crates/ignore/src/walk.rs	add_ignore	crates/ignore/src/gitignore.rs	add
crates/ignore/src/walk.rs	add_ignore	crates/ignore/src/gitignore.rs	build
crates/ignore/src/walk.rs	add_ignore	crates/ignore/src/gitignore.rs	new
crates/ignore/src/walk.rs	add_ignore	crates/ignore/src/walk.rs	get_or_set_current_dir
crates/ignore/src/walk.rs	add_ignore	crates/ignore/src/walk.rs	path
crates/ignore/src/walk.rs	add_parents	crates/ignore/src/dir.rs	add_parents
crates/ignore/src/walk.rs	add_parents	crates/ignore/src/walk.rs	depth
crates/ignore/src/walk.rs	add_parents	crates/ignore/src/walk.rs	path
crates/ignore/src/walk.rs	build	/Users/chrishafley/.cargo/registry/src/index.crates.io-1949cf8c6b5b557f/walkdir-2.5.0/src/lib.rs	follow_links
crates/ignore/src/walk.rs	build	/Users/chrishafley/.cargo/registry/src/index.crates.io-1949cf8c6b5b557f/walkdir-2.5.0/src/lib.rs	max_depth
crates/ignore/src/walk.rs	build	/Users/chrishafley/.cargo/registry/src/index.crates.io-1949cf8c6b5b557f/walkdir-2.5.0/src/lib.rs	min_depth
crates/ignore/src/walk.rs	build	/Users/chrishafley/.cargo/registry/src/index.crates.io-1949cf8c6b5b557f/walkdir-2.5.0/src/lib.rs	new
crates/ignore/src/walk.rs	build	/Users/chrishafley/.cargo/registry/src/index.crates.io-1949cf8c6b5b557f/walkdir-2.5.0/src/lib.rs	same_file_system
crates/ignore/src/walk.rs	build	/Users/chrishafley/.cargo/registry/src/index.crates.io-1949cf8c6b5b557f/walkdir-2.5.0/src/lib.rs	sort_by
crates/ignore/src/walk.rs	build	crates/ignore/src/walk.rs	build
crates/ignore/src/walk.rs	build	crates/ignore/src/walk.rs	build_ignore
crates/ignore/src/walk.rs	build_ignore	crates/ignore/src/dir.rs	build
crates/ignore/src/walk.rs	build_ignore	crates/ignore/src/dir.rs	build_with_cwd
crates/ignore/src/walk.rs	build_ignore	crates/ignore/src/walk.rs	get_or_set_current_dir
crates/ignore/src/walk.rs	build_matchers	crates/ignore/src/dir.rs	is_hidden
crates/ignore/src/walk.rs	build_matchers	crates/ignore/src/incremental.rs	new
crates/ignore/src/walk.rs	build_matchers	crates/ignore/src/walk.rs	build_ignore
crates/ignore/src/walk.rs	build_parallel	crates/ignore/src/walk.rs	build_ignore
crates/ignore/src/walk.rs	current_dir	crates/ignore/src/dir.rs	current_dir
crates/ignore/src/walk.rs	depth	/Users/chrishafley/.cargo/registry/src/index.crates.io-1949cf8c6b5b557f/walkdir-2.5.0/src/dent.rs	depth
crates/ignore/src/walk.rs	depth	crates/ignore/src/walk.rs	depth
crates/ignore/src/walk.rs	drop	crates/ignore/src/walk.rs	quit_now
crates/ignore/src/walk.rs	empty	crates/ignore/src/dir.rs	new
crates/ignore/src/walk.rs	file_name	/Users/chrishafley/.cargo/registry/src/index.crates.io-1949cf8c6b5b557f/walkdir-2.5.0/src/dent.rs	file_name
crates/ignore/src/walk.rs	file_name	crates/ignore/src/walk.rs	file_name
crates/ignore/src/walk.rs	file_type	/Users/chrishafley/.cargo/registry/src/index.crates.io-1949cf8c6b5b557f/walkdir-2.5.0/src/dent.rs	file_type
crates/ignore/src/walk.rs	file_type	crates/ignore/src/walk.rs	file_type
crates/ignore/src/walk.rs	filter_entry	crates/ignore/src/walk.rs	Filter
crates/ignore/src/walk.rs	from_entry	crates/ignore/src/walk.rs	from_entry_os
crates/ignore/src/walk.rs	from_iter	crates/ignore/src/walk.rs	build
crates/ignore/src/walk.rs	from_iter	crates/ignore/src/walk.rs	empty
crates/ignore/src/walk.rs	from_iter	crates/ignore/src/walk.rs	from_iter
crates/ignore/src/walk.rs	generate_work	crates/ignore/src/walk.rs	check_symlink_loop
crates/ignore/src/walk.rs	generate_work	crates/ignore/src/walk.rs	file_type
crates/ignore/src/walk.rs	generate_work	crates/ignore/src/walk.rs	from_entry
crates/ignore/src/walk.rs	generate_work	crates/ignore/src/walk.rs	from_path
crates/ignore/src/walk.rs	generate_work	crates/ignore/src/walk.rs	is_dir
crates/ignore/src/walk.rs	generate_work	crates/ignore/src/walk.rs	metadata
crates/ignore/src/walk.rs	generate_work	crates/ignore/src/walk.rs	new_raw
crates/ignore/src/walk.rs	generate_work	crates/ignore/src/walk.rs	path
crates/ignore/src/walk.rs	generate_work	crates/ignore/src/walk.rs	path_equals
crates/ignore/src/walk.rs	generate_work	crates/ignore/src/walk.rs	send
crates/ignore/src/walk.rs	generate_work	crates/ignore/src/walk.rs	should_skip_entry
crates/ignore/src/walk.rs	generate_work	crates/ignore/src/walk.rs	skip_filesize
crates/ignore/src/walk.rs	get_work	crates/ignore/src/walk.rs	activate_worker
crates/ignore/src/walk.rs	get_work	crates/ignore/src/walk.rs	deactivate_worker
crates/ignore/src/walk.rs	get_work	crates/ignore/src/walk.rs	is_quit_now
crates/ignore/src/walk.rs	get_work	crates/ignore/src/walk.rs	recv
crates/ignore/src/walk.rs	get_work	crates/ignore/src/walk.rs	send_quit
crates/ignore/src/walk.rs	git_exclude	crates/ignore/src/dir.rs	git_exclude
crates/ignore/src/walk.rs	git_global	crates/ignore/src/dir.rs	git_global
crates/ignore/src/walk.rs	git_ignore	crates/ignore/src/dir.rs	git_ignore
crates/ignore/src/walk.rs	hidden	crates/ignore/src/dir.rs	hidden
crates/ignore/src/walk.rs	ignore	crates/ignore/src/dir.rs	ignore
crates/ignore/src/walk.rs	ignore_case_insensitive	crates/ignore/src/dir.rs	ignore_case_insensitive
crates/ignore/src/walk.rs	ino	/Users/chrishafley/.cargo/registry/src/index.crates.io-1949cf8c6b5b557f/walkdir-2.5.0/src/dent.rs	ino
crates/ignore/src/walk.rs	ino	crates/ignore/src/walk.rs	ino
crates/ignore/src/walk.rs	into_path	/Users/chrishafley/.cargo/registry/src/index.crates.io-1949cf8c6b5b557f/walkdir-2.5.0/src/dent.rs	into_path
crates/ignore/src/walk.rs	into_path	crates/ignore/src/walk.rs	into_path
crates/ignore/src/walk.rs	is_dir	crates/ignore/src/walk.rs	file_type
crates/ignore/src/walk.rs	is_dir	crates/ignore/src/walk.rs	is_dir
crates/ignore/src/walk.rs	is_stdin	crates/ignore/src/walk.rs	is_stdin
crates/ignore/src/walk.rs	is_symlink	crates/ignore/src/walk.rs	file_type
crates/ignore/src/walk.rs	metadata	/Users/chrishafley/.cargo/registry/src/index.crates.io-1949cf8c6b5b557f/walkdir-2.5.0/src/dent.rs	depth
crates/ignore/src/walk.rs	metadata	/Users/chrishafley/.cargo/registry/src/index.crates.io-1949cf8c6b5b557f/walkdir-2.5.0/src/dent.rs	metadata
crates/ignore/src/walk.rs	metadata	/Users/chrishafley/.cargo/registry/src/index.crates.io-1949cf8c6b5b557f/walkdir-2.5.0/src/dent.rs	path
crates/ignore/src/walk.rs	metadata	crates/ignore/src/lib.rs	Io
crates/ignore/src/walk.rs	metadata	crates/ignore/src/lib.rs	with_depth
crates/ignore/src/walk.rs	metadata	crates/ignore/src/lib.rs	with_path
crates/ignore/src/walk.rs	metadata	crates/ignore/src/walk.rs	metadata
crates/ignore/src/walk.rs	metadata	crates/ignore/src/walk.rs	metadata_internal
crates/ignore/src/walk.rs	metadata_internal	crates/ignore/src/lib.rs	Io
crates/ignore/src/walk.rs	metadata_internal	crates/ignore/src/lib.rs	with_depth
crates/ignore/src/walk.rs	metadata_internal	crates/ignore/src/lib.rs	with_path
crates/ignore/src/walk.rs	never_equal	/Users/chrishafley/.cargo/registry/src/index.crates.io-1949cf8c6b5b557f/same-file-1.0.6/src/lib.rs	ino
crates/ignore/src/walk.rs	never_equal	crates/ignore/src/walk.rs	ino
crates/ignore/src/walk.rs	new	crates/ignore/src/walk.rs	build
crates/ignore/src/walk.rs	new	crates/ignore/src/walk.rs	from_iter
crates/ignore/src/walk.rs	new	crates/ignore/src/walk.rs	new
crates/ignore/src/walk.rs	new_raw	crates/ignore/src/walk.rs	Raw
crates/ignore/src/walk.rs	new_walkdir	crates/ignore/src/walk.rs	Walkdir
crates/ignore/src/walk.rs	next	crates/ignore/src/dir.rs	add_child
crates/ignore/src/walk.rs	next	crates/ignore/src/dir.rs	add_child_with_entries
crates/ignore/src/walk.rs	next	crates/ignore/src/dir.rs	add_parents
crates/ignore/src/walk.rs	next	crates/ignore/src/dir.rs	parent
crates/ignore/src/walk.rs	next	crates/ignore/src/lib.rs	from_walkdir
crates/ignore/src/walk.rs	next	crates/ignore/src/walk.rs	Dir
crates/ignore/src/walk.rs	next	crates/ignore/src/walk.rs	File
crates/ignore/src/walk.rs	next	crates/ignore/src/walk.rs	depth
crates/ignore/src/walk.rs	next	crates/ignore/src/walk.rs	new_stdin
crates/ignore/src/walk.rs	next	crates/ignore/src/walk.rs	new_walkdir
crates/ignore/src/walk.rs	next	crates/ignore/src/walk.rs	path
crates/ignore/src/walk.rs	next	crates/ignore/src/walk.rs	skip_entry
crates/ignore/src/walk.rs	next	crates/ignore/src/walk.rs	walkdir_is_dir
crates/ignore/src/walk.rs	overrides	crates/ignore/src/dir.rs	overrides
crates/ignore/src/walk.rs	parents	crates/ignore/src/dir.rs	parents
crates/ignore/src/walk.rs	path	/Users/chrishafley/.cargo/registry/src/index.crates.io-1949cf8c6b5b557f/walkdir-2.5.0/src/dent.rs	path
crates/ignore/src/walk.rs	path	crates/ignore/src/walk.rs	path
crates/ignore/src/walk.rs	path_equals	/Users/chrishafley/.cargo/registry/src/index.crates.io-1949cf8c6b5b557f/same-file-1.0.6/src/lib.rs	from_path
crates/ignore/src/walk.rs	path_equals	/Users/chrishafley/.cargo/registry/src/index.crates.io-1949cf8c6b5b557f/same-file-1.0.6/src/lib.rs	ino
crates/ignore/src/walk.rs	path_equals	crates/ignore/src/lib.rs	Io
crates/ignore/src/walk.rs	path_equals	crates/ignore/src/lib.rs	with_depth
crates/ignore/src/walk.rs	path_equals	crates/ignore/src/lib.rs	with_path
crates/ignore/src/walk.rs	path_equals	crates/ignore/src/walk.rs	depth
crates/ignore/src/walk.rs	path_equals	crates/ignore/src/walk.rs	ino
crates/ignore/src/walk.rs	path_equals	crates/ignore/src/walk.rs	is_stdin
crates/ignore/src/walk.rs	path_equals	crates/ignore/src/walk.rs	never_equal
crates/ignore/src/walk.rs	path_equals	crates/ignore/src/walk.rs	path
crates/ignore/src/walk.rs	path_is_symlink	/Users/chrishafley/.cargo/registry/src/index.crates.io-1949cf8c6b5b557f/walkdir-2.5.0/src/dent.rs	path_is_symlink
crates/ignore/src/walk.rs	path_is_symlink	crates/ignore/src/walk.rs	path_is_symlink
crates/ignore/src/walk.rs	pop	/Users/chrishafley/.cargo/registry/src/index.crates.io-1949cf8c6b5b557f/crossbeam-deque-0.8.7/src/deque.rs	pop
crates/ignore/src/walk.rs	pop	crates/ignore/src/walk.rs	steal
crates/ignore/src/walk.rs	push	/Users/chrishafley/.cargo/registry/src/index.crates.io-1949cf8c6b5b557f/crossbeam-deque-0.8.7/src/deque.rs	push
crates/ignore/src/walk.rs	read_dir	crates/ignore/src/dir.rs	add_child_with_entries
crates/ignore/src/walk.rs	read_dir	crates/ignore/src/walk.rs	depth
crates/ignore/src/walk.rs	read_dir	crates/ignore/src/walk.rs	path
crates/ignore/src/walk.rs	recv	crates/ignore/src/walk.rs	pop
crates/ignore/src/walk.rs	require_git	crates/ignore/src/dir.rs	require_git
crates/ignore/src/walk.rs	run	crates/ignore/src/walk.rs	get_work
crates/ignore/src/walk.rs	run	crates/ignore/src/walk.rs	quit_now
crates/ignore/src/walk.rs	run	crates/ignore/src/walk.rs	run_one
crates/ignore/src/walk.rs	run	crates/ignore/src/walk.rs	visit
crates/ignore/src/walk.rs	run_one	crates/ignore/src/walk.rs	add_ignore
crates/ignore/src/walk.rs	run_one	crates/ignore/src/walk.rs	add_parents
crates/ignore/src/walk.rs	run_one	crates/ignore/src/walk.rs	depth
crates/ignore/src/walk.rs	run_one	crates/ignore/src/walk.rs	is_dir
crates/ignore/src/walk.rs	run_one	crates/ignore/src/walk.rs	is_same_file_system
crates/ignore/src/walk.rs	run_one	crates/ignore/src/walk.rs	is_symlink
crates/ignore/src/walk.rs	run_one	crates/ignore/src/walk.rs	path
crates/ignore/src/walk.rs	run_one	crates/ignore/src/walk.rs	read_dir
crates/ignore/src/walk.rs	send	crates/ignore/src/walk.rs	Work
crates/ignore/src/walk.rs	send	crates/ignore/src/walk.rs	push
crates/ignore/src/walk.rs	send_quit	crates/ignore/src/walk.rs	push
crates/ignore/src/walk.rs	should_skip_entry	crates/ignore/src/dir.rs	matched_dir_entry
crates/ignore/src/walk.rs	should_skip_entry	crates/ignore/src/lib.rs	is_ignore
crates/ignore/src/walk.rs	should_skip_entry	crates/ignore/src/lib.rs	is_whitelist
crates/ignore/src/walk.rs	skip_entry	crates/ignore/src/walk.rs	depth
crates/ignore/src/walk.rs	skip_entry	crates/ignore/src/walk.rs	is_dir
crates/ignore/src/walk.rs	skip_entry	crates/ignore/src/walk.rs	metadata
crates/ignore/src/walk.rs	skip_entry	crates/ignore/src/walk.rs	path
crates/ignore/src/walk.rs	skip_entry	crates/ignore/src/walk.rs	should_skip_entry
crates/ignore/src/walk.rs	skip_entry	crates/ignore/src/walk.rs	skip_filesize
crates/ignore/src/walk.rs	skip_stdout	crates/ignore/src/walk.rs	stdout_handle
crates/ignore/src/walk.rs	sort_by_file_name	crates/ignore/src/walk.rs	ByName
crates/ignore/src/walk.rs	sort_by_file_path	crates/ignore/src/walk.rs	ByPath
crates/ignore/src/walk.rs	standard_filters	crates/ignore/src/walk.rs	git_exclude
crates/ignore/src/walk.rs	standard_filters	crates/ignore/src/walk.rs	git_global
crates/ignore/src/walk.rs	standard_filters	crates/ignore/src/walk.rs	git_ignore
crates/ignore/src/walk.rs	standard_filters	crates/ignore/src/walk.rs	hidden
crates/ignore/src/walk.rs	standard_filters	crates/ignore/src/walk.rs	ignore
crates/ignore/src/walk.rs	standard_filters	crates/ignore/src/walk.rs	parents
crates/ignore/src/walk.rs	stdout_handle	/Users/chrishafley/.cargo/registry/src/index.crates.io-1949cf8c6b5b557f/same-file-1.0.6/src/lib.rs	stdout
crates/ignore/src/walk.rs	types	crates/ignore/src/dir.rs	types
crates/ignore/src/walk.rs	visit	crates/ignore/src/walk.rs	build
crates/ignore/src/walk.rs	visit	crates/ignore/src/walk.rs	new_for_each_thread
crates/ignore/src/walk.rs	visit	crates/ignore/src/walk.rs	threads
crates/ignore/src/walk.rs	walkdir_is_dir	/Users/chrishafley/.cargo/registry/src/index.crates.io-1949cf8c6b5b557f/walkdir-2.5.0/src/dent.rs	depth
crates/ignore/src/walk.rs	walkdir_is_dir	/Users/chrishafley/.cargo/registry/src/index.crates.io-1949cf8c6b5b557f/walkdir-2.5.0/src/dent.rs	file_type
crates/ignore/src/walk.rs	walkdir_is_dir	/Users/chrishafley/.cargo/registry/src/index.crates.io-1949cf8c6b5b557f/walkdir-2.5.0/src/dent.rs	path
crates/ignore/tests/gitignore_matched_path_or_any_parents_tests.rs	get_gitignore	crates/ignore/src/gitignore.rs	add
crates/ignore/tests/gitignore_matched_path_or_any_parents_tests.rs	get_gitignore	crates/ignore/src/gitignore.rs	build
crates/ignore/tests/gitignore_matched_path_or_any_parents_tests.rs	get_gitignore	crates/ignore/src/gitignore.rs	new
crates/ignore/tests/gitignore_matched_path_or_any_parents_tests.rs	test_dirs_in_deep	crates/ignore/src/gitignore.rs	matched_path_or_any_parents
crates/ignore/tests/gitignore_matched_path_or_any_parents_tests.rs	test_dirs_in_deep	crates/ignore/tests/gitignore_matched_path_or_any_parents_tests.rs	get_gitignore
crates/ignore/tests/gitignore_matched_path_or_any_parents_tests.rs	test_dirs_in_root	crates/ignore/src/gitignore.rs	matched_path_or_any_parents
crates/ignore/tests/gitignore_matched_path_or_any_parents_tests.rs	test_dirs_in_root	crates/ignore/tests/gitignore_matched_path_or_any_parents_tests.rs	get_gitignore
crates/ignore/tests/gitignore_matched_path_or_any_parents_tests.rs	test_files_in_deep	crates/ignore/src/gitignore.rs	matched_path_or_any_parents
crates/ignore/tests/gitignore_matched_path_or_any_parents_tests.rs	test_files_in_deep	crates/ignore/tests/gitignore_matched_path_or_any_parents_tests.rs	get_gitignore
crates/ignore/tests/gitignore_matched_path_or_any_parents_tests.rs	test_files_in_root	crates/ignore/src/gitignore.rs	matched_path_or_any_parents
crates/ignore/tests/gitignore_matched_path_or_any_parents_tests.rs	test_files_in_root	crates/ignore/tests/gitignore_matched_path_or_any_parents_tests.rs	get_gitignore
crates/ignore/tests/gitignore_matched_path_or_any_parents_tests.rs	test_path_should_be_under_root	crates/ignore/src/gitignore.rs	matched_path_or_any_parents
crates/ignore/tests/gitignore_matched_path_or_any_parents_tests.rs	test_path_should_be_under_root	crates/ignore/tests/gitignore_matched_path_or_any_parents_tests.rs	get_gitignore
crates/ignore/tests/gitignore_skip_bom.rs	gitignore_skip_bom	crates/ignore/src/gitignore.rs	add
crates/ignore/tests/gitignore_skip_bom.rs	gitignore_skip_bom	crates/ignore/src/gitignore.rs	build
crates/ignore/tests/gitignore_skip_bom.rs	gitignore_skip_bom	crates/ignore/src/gitignore.rs	new
crates/index/src/index.rs	begin_read	/Users/chrishafley/.cargo/registry/src/index.crates.io-1949cf8c6b5b557f/redb-4.1.0/src/db.rs	begin_read
crates/index/src/index.rs	build	crates/index/src/index.rs	build_create
crates/index/src/index.rs	build	crates/index/src/index.rs	build_open
crates/index/src/index.rs	build_create	crates/index/src/index.rs	ReadWrite
crates/index/src/index.rs	build_open	crates/index/src/index.rs	ReadOnly
crates/index/src/index.rs	build_open	crates/index/src/index.rs	ReadWrite
crates/index/src/index.rs	builder	crates/index/src/index.rs	new
crates/index/src/index.rs	create	crates/index/src/index.rs	create
crates/index/src/index.rs	new	crates/index/src/index.rs	new
crates/index/src/literal.rs	and	crates/index/src/literal.rs	And
crates/index/src/literal.rs	and	crates/index/src/literal.rs	and
crates/index/src/literal.rs	and	crates/index/src/literal.rs	from_set_and
crates/index/src/literal.rs	and	crates/index/src/literal.rs	from_vec
crates/index/src/literal.rs	and	crates/index/src/literal.rs	nothing
crates/index/src/literal.rs	and_ngrams	crates/index/src/literal.rs	intersect
crates/index/src/literal.rs	and_ngrams	crates/index/src/literal.rs	min_len
crates/index/src/literal.rs	and_ngrams	crates/index/src/literal.rs	nothing
crates/index/src/literal.rs	anything	crates/index/src/literal.rs	And
crates/index/src/literal.rs	anything	crates/index/src/literal.rs	anything
crates/index/src/literal.rs	anything	crates/index/src/literal.rs	new
crates/index/src/literal.rs	b	/Users/chrishafley/.cargo/registry/src/index.crates.io-1949cf8c6b5b557f/regex-syntax-0.8.11/src/hir/mod.rs	kind
crates/index/src/literal.rs	b	crates/index/src/literal.rs	anything
crates/index/src/literal.rs	b	crates/index/src/literal.rs	b
crates/index/src/literal.rs	b	crates/index/src/literal.rs	canonicalize
crates/index/src/literal.rs	b	crates/index/src/literal.rs	class_over_limit_bytes
crates/index/src/literal.rs	b	crates/index/src/literal.rs	class_over_limit_unicode
crates/index/src/literal.rs	b	crates/index/src/literal.rs	combine_literals
crates/index/src/literal.rs	b	crates/index/src/literal.rs	empty_string
crates/index/src/literal.rs	b	crates/index/src/literal.rs	exact
crates/index/src/literal.rs	b	crates/index/src/literal.rs	exact_one
crates/index/src/literal.rs	b	crates/index/src/literal.rs	make_inexact
crates/index/src/literal.rs	b	crates/index/src/literal.rs	new
crates/index/src/literal.rs	build	crates/index/src/literal.rs	build_analysis
crates/index/src/literal.rs	build_analysis	crates/index/src/literal.rs	b
crates/index/src/literal.rs	build_analysis	crates/index/src/literal.rs	finalize
crates/index/src/literal.rs	build_literal_or_hir	crates/index/src/literal.rs	b
crates/index/src/literal.rs	build_literal_or_hir	crates/index/src/literal.rs	exact_one
crates/index/src/literal.rs	combine_literals	crates/index/src/literal.rs	Literal
crates/index/src/literal.rs	concat	crates/index/src/literal.rs	and_ngrams
crates/index/src/literal.rs	concat	crates/index/src/literal.rs	cross
crates/index/src/literal.rs	concat	crates/index/src/literal.rs	has_empty
crates/index/src/literal.rs	concat	crates/index/src/literal.rs	intersect
crates/index/src/literal.rs	concat	crates/index/src/literal.rs	is_exact
crates/index/src/literal.rs	concat	crates/index/src/literal.rs	make_inexact
crates/index/src/literal.rs	concat	crates/index/src/literal.rs	simplify
crates/index/src/literal.rs	concat	crates/index/src/literal.rs	union
crates/index/src/literal.rs	cross	crates/index/src/literal.rs	has_only_empty
crates/index/src/literal.rs	cross	crates/index/src/literal.rs	is_empty
crates/index/src/literal.rs	default	crates/index/src/literal.rs	new
crates/index/src/literal.rs	empty_string	crates/index/src/literal.rs	exact
crates/index/src/literal.rs	empty_string	crates/index/src/literal.rs	single
crates/index/src/literal.rs	exact	crates/index/src/literal.rs	anything
crates/index/src/literal.rs	exact	crates/index/src/literal.rs	new
crates/index/src/literal.rs	exact_one	crates/index/src/literal.rs	anything
crates/index/src/literal.rs	exact_one	crates/index/src/literal.rs	new
crates/index/src/literal.rs	exact_one	crates/index/src/literal.rs	single
crates/index/src/literal.rs	extend	crates/index/src/literal.rs	canonicalize
crates/index/src/literal.rs	factor	crates/index/src/literal.rs	factor
crates/index/src/literal.rs	factor	crates/index/src/literal.rs	from_vec
crates/index/src/literal.rs	finalize	crates/index/src/literal.rs	canonicalize
crates/index/src/literal.rs	finalize	crates/index/src/literal.rs	clear
crates/index/src/literal.rs	finalize	crates/index/src/literal.rs	is_exact
crates/index/src/literal.rs	finalize	crates/index/src/literal.rs	min_len
crates/index/src/literal.rs	finalize	crates/index/src/literal.rs	save_exact
crates/index/src/literal.rs	finalize	crates/index/src/literal.rs	simplify_prefix
crates/index/src/literal.rs	finalize	crates/index/src/literal.rs	simplify_suffix
crates/index/src/literal.rs	from_set_and	crates/index/src/literal.rs	And
crates/index/src/literal.rs	from_set_and	crates/index/src/literal.rs	Literal
crates/index/src/literal.rs	from_set_and	crates/index/src/literal.rs	anything
crates/index/src/literal.rs	from_set_and	crates/index/src/literal.rs	is_empty
crates/index/src/literal.rs	from_set_and	crates/index/src/literal.rs	len
crates/index/src/literal.rs	from_set_or	crates/index/src/literal.rs	Literal
crates/index/src/literal.rs	from_set_or	crates/index/src/literal.rs	Or
crates/index/src/literal.rs	from_set_or	crates/index/src/literal.rs	anything
crates/index/src/literal.rs	from_set_or	crates/index/src/literal.rs	is_empty
crates/index/src/literal.rs	from_set_or	crates/index/src/literal.rs	len
crates/index/src/literal.rs	from_vec	crates/index/src/literal.rs	canonicalize
crates/index/src/literal.rs	has_only_empty	crates/index/src/literal.rs	has_empty
crates/index/src/literal.rs	has_only_empty	crates/index/src/literal.rs	len
crates/index/src/literal.rs	intersect	crates/index/src/literal.rs	Literal
crates/index/src/literal.rs	intersect	crates/index/src/literal.rs	and
crates/index/src/literal.rs	intersect	crates/index/src/literal.rs	factor
crates/index/src/literal.rs	intersect	crates/index/src/literal.rs	from_set_or
crates/index/src/literal.rs	intersect	crates/index/src/literal.rs	is_empty
crates/index/src/literal.rs	intersect	crates/index/src/literal.rs	nothing
crates/index/src/literal.rs	intersect	crates/index/src/literal.rs	or
crates/index/src/literal.rs	intersect	crates/index/src/literal.rs	unwrap
crates/index/src/literal.rs	is_exact	crates/index/src/literal.rs	is_empty
crates/index/src/literal.rs	make_inexact	crates/index/src/literal.rs	is_exact
crates/index/src/literal.rs	make_inexact	crates/index/src/literal.rs	new
crates/index/src/literal.rs	max_len	crates/index/src/literal.rs	len
crates/index/src/literal.rs	nothing	crates/index/src/literal.rs	Or
crates/index/src/literal.rs	or	crates/index/src/literal.rs	Or
crates/index/src/literal.rs	or	crates/index/src/literal.rs	anything
crates/index/src/literal.rs	or	crates/index/src/literal.rs	from_set_or
crates/index/src/literal.rs	or	crates/index/src/literal.rs	from_vec
crates/index/src/literal.rs	or	crates/index/src/literal.rs	or
crates/index/src/literal.rs	retain_prefix	crates/index/src/literal.rs	canonicalize
crates/index/src/literal.rs	retain_suffix	crates/index/src/literal.rs	canonicalize
crates/index/src/literal.rs	save_exact	crates/index/src/literal.rs	and_ngrams
crates/index/src/literal.rs	simplify	crates/index/src/literal.rs	canonicalize
crates/index/src/literal.rs	simplify	crates/index/src/literal.rs	clear
crates/index/src/literal.rs	simplify	crates/index/src/literal.rs	is_exact
crates/index/src/literal.rs	simplify	crates/index/src/literal.rs	min_len
crates/index/src/literal.rs	simplify	crates/index/src/literal.rs	save_exact
crates/index/src/literal.rs	simplify	crates/index/src/literal.rs	simplify_prefix
crates/index/src/literal.rs	simplify	crates/index/src/literal.rs	simplify_suffix
crates/index/src/literal.rs	simplify_prefix	crates/index/src/literal.rs	and_ngrams
crates/index/src/literal.rs	simplify_prefix	crates/index/src/literal.rs	retain_prefix
crates/index/src/literal.rs	simplify_suffix	crates/index/src/literal.rs	and_ngrams
crates/index/src/literal.rs	simplify_suffix	crates/index/src/literal.rs	retain_suffix
crates/index/src/literal.rs	union	crates/index/src/literal.rs	Literal
crates/index/src/literal.rs	union	crates/index/src/literal.rs	and
crates/index/src/literal.rs	union	crates/index/src/literal.rs	canonicalize
crates/index/src/literal.rs	union	crates/index/src/literal.rs	factor
crates/index/src/literal.rs	union	crates/index/src/literal.rs	from_set_and
crates/index/src/literal.rs	union	crates/index/src/literal.rs	is_empty
crates/index/src/literal.rs	union	crates/index/src/literal.rs	is_exact
crates/index/src/literal.rs	union	crates/index/src/literal.rs	make_inexact
crates/index/src/literal.rs	union	crates/index/src/literal.rs	nothing
crates/index/src/literal.rs	union	crates/index/src/literal.rs	or
crates/index/src/literal.rs	union	crates/index/src/literal.rs	save_exact
crates/index/src/literal.rs	union	crates/index/src/literal.rs	simplify
crates/index/src/literal.rs	union	crates/index/src/literal.rs	union
crates/index/src/literal.rs	unwrap	crates/index/src/literal.rs	and
crates/index/src/literal.rs	unwrap	crates/index/src/literal.rs	or
crates/matcher/src/interpolate.rs	find_cap_ref	crates/matcher/src/interpolate.rs	Named
crates/matcher/src/interpolate.rs	find_cap_ref	crates/matcher/src/interpolate.rs	Number
crates/matcher/src/interpolate.rs	from	crates/matcher/src/interpolate.rs	Named
crates/matcher/src/interpolate.rs	from	crates/matcher/src/interpolate.rs	Number
crates/matcher/src/interpolate.rs	interpolate	/Users/chrishafley/.cargo/registry/src/index.crates.io-1949cf8c6b5b557f/memchr-2.8.3/src/memchr.rs	memchr
crates/matcher/src/interpolate.rs	interpolate	crates/matcher/src/interpolate.rs	find_cap_ref
crates/matcher/src/lib.rs	as_match	crates/matcher/src/lib.rs	get
crates/matcher/src/lib.rs	byte	crates/matcher/src/lib.rs	Byte
crates/matcher/src/lib.rs	byte	crates/matcher/src/lib.rs	LineTerminator
crates/matcher/src/lib.rs	capture_count	crates/matcher/src/lib.rs	capture_count
crates/matcher/src/lib.rs	capture_index	crates/matcher/src/lib.rs	capture_index
crates/matcher/src/lib.rs	captures	crates/matcher/src/lib.rs	captures
crates/matcher/src/lib.rs	captures	crates/matcher/src/lib.rs	captures_at
crates/matcher/src/lib.rs	captures_at	crates/matcher/src/lib.rs	captures_at
crates/matcher/src/lib.rs	captures_iter	crates/matcher/src/lib.rs	captures_iter
crates/matcher/src/lib.rs	captures_iter	crates/matcher/src/lib.rs	captures_iter_at
crates/matcher/src/lib.rs	captures_iter_at	crates/matcher/src/lib.rs	captures_iter_at
crates/matcher/src/lib.rs	captures_iter_at	crates/matcher/src/lib.rs	try_captures_iter_at
crates/matcher/src/lib.rs	crlf	crates/matcher/src/lib.rs	LineTerminator
crates/matcher/src/lib.rs	default	crates/matcher/src/lib.rs	byte
crates/matcher/src/lib.rs	empty	crates/matcher/src/lib.rs	BitSet
crates/matcher/src/lib.rs	empty	crates/matcher/src/lib.rs	ByteSet
crates/matcher/src/lib.rs	find	crates/matcher/src/lib.rs	find
crates/matcher/src/lib.rs	find	crates/matcher/src/lib.rs	find_at
crates/matcher/src/lib.rs	find_at	crates/matcher/src/lib.rs	find_at
crates/matcher/src/lib.rs	find_candidate_line	crates/matcher/src/lib.rs	find_candidate_line
crates/matcher/src/lib.rs	find_iter	crates/matcher/src/lib.rs	find_iter
crates/matcher/src/lib.rs	find_iter	crates/matcher/src/lib.rs	find_iter_at
crates/matcher/src/lib.rs	find_iter_at	crates/matcher/src/lib.rs	find_iter_at
crates/matcher/src/lib.rs	find_iter_at	crates/matcher/src/lib.rs	try_find_iter_at
crates/matcher/src/lib.rs	full	crates/matcher/src/lib.rs	BitSet
crates/matcher/src/lib.rs	full	crates/matcher/src/lib.rs	ByteSet
crates/matcher/src/lib.rs	interpolate	crates/matcher/src/interpolate.rs	interpolate
crates/matcher/src/lib.rs	interpolate	crates/matcher/src/lib.rs	get
crates/matcher/src/lib.rs	is_empty	crates/matcher/src/lib.rs	len
crates/matcher/src/lib.rs	is_match	crates/matcher/src/lib.rs	is_match
crates/matcher/src/lib.rs	is_match	crates/matcher/src/lib.rs	is_match_at
crates/matcher/src/lib.rs	is_match_at	crates/matcher/src/lib.rs	is_match_at
crates/matcher/src/lib.rs	is_suffix	crates/matcher/src/lib.rs	as_byte
crates/matcher/src/lib.rs	line_terminator	crates/matcher/src/lib.rs	line_terminator
crates/matcher/src/lib.rs	new	crates/matcher/src/lib.rs	NoCaptures
crates/matcher/src/lib.rs	new_captures	crates/matcher/src/lib.rs	new_captures
crates/matcher/src/lib.rs	non_matching_bytes	crates/matcher/src/lib.rs	non_matching_bytes
crates/matcher/src/lib.rs	replace	crates/matcher/src/lib.rs	replace
crates/matcher/src/lib.rs	replace_with_captures	crates/matcher/src/lib.rs	replace_with_captures
crates/matcher/src/lib.rs	replace_with_captures	crates/matcher/src/lib.rs	replace_with_captures_at
crates/matcher/src/lib.rs	replace_with_captures_at	crates/matcher/src/lib.rs	replace_with_captures_at
crates/matcher/src/lib.rs	shortest_match	crates/matcher/src/lib.rs	shortest_match
crates/matcher/src/lib.rs	shortest_match	crates/matcher/src/lib.rs	shortest_match_at
crates/matcher/src/lib.rs	shortest_match_at	crates/matcher/src/lib.rs	shortest_match_at
crates/matcher/src/lib.rs	try_captures_iter	crates/matcher/src/lib.rs	try_captures_iter
crates/matcher/src/lib.rs	try_captures_iter	crates/matcher/src/lib.rs	try_captures_iter_at
crates/matcher/src/lib.rs	try_captures_iter_at	crates/matcher/src/lib.rs	get
crates/matcher/src/lib.rs	try_captures_iter_at	crates/matcher/src/lib.rs	try_captures_iter_at
crates/matcher/src/lib.rs	try_find_iter	crates/matcher/src/lib.rs	try_find_iter
crates/matcher/src/lib.rs	try_find_iter	crates/matcher/src/lib.rs	try_find_iter_at
crates/matcher/src/lib.rs	try_find_iter_at	crates/matcher/src/lib.rs	try_find_iter_at
crates/matcher/tests/test_matcher.rs	captures	crates/matcher/tests/test_matcher.rs	matcher
crates/matcher/tests/test_matcher.rs	captures	crates/matcher/tests/util.rs	new_captures
crates/matcher/tests/test_matcher.rs	captures_iter	crates/matcher/src/lib.rs	captures_iter
crates/matcher/tests/test_matcher.rs	captures_iter	crates/matcher/tests/test_matcher.rs	matcher
crates/matcher/tests/test_matcher.rs	captures_iter	crates/matcher/tests/util.rs	new_captures
crates/matcher/tests/test_matcher.rs	find	crates/matcher/tests/test_matcher.rs	matcher
crates/matcher/tests/test_matcher.rs	find_iter	crates/matcher/src/lib.rs	find_iter
crates/matcher/tests/test_matcher.rs	find_iter	crates/matcher/tests/test_matcher.rs	matcher
crates/matcher/tests/test_matcher.rs	m	crates/matcher/src/lib.rs	new
crates/matcher/tests/test_matcher.rs	matcher	/Users/chrishafley/.cargo/registry/src/index.crates.io-1949cf8c6b5b557f/regex-1.13.1/src/regex/bytes.rs	new
crates/matcher/tests/test_matcher.rs	matcher	crates/matcher/tests/util.rs	new
crates/matcher/tests/test_matcher.rs	matcher_no_caps	/Users/chrishafley/.cargo/registry/src/index.crates.io-1949cf8c6b5b557f/regex-1.13.1/src/regex/bytes.rs	new
crates/matcher/tests/test_matcher.rs	matcher_no_caps	crates/matcher/tests/util.rs	RegexMatcherNoCaps
crates/matcher/tests/test_matcher.rs	no_captures	crates/matcher/src/lib.rs	captures_iter
crates/matcher/tests/test_matcher.rs	no_captures	crates/matcher/tests/test_matcher.rs	matcher_no_caps
crates/matcher/tests/test_matcher.rs	no_captures	crates/matcher/tests/util.rs	new_captures
crates/matcher/tests/test_matcher.rs	replace	crates/matcher/src/lib.rs	replace
crates/matcher/tests/test_matcher.rs	replace	crates/matcher/tests/test_matcher.rs	matcher
crates/matcher/tests/test_matcher.rs	replace_with_captures	crates/matcher/src/lib.rs	replace_with_captures
crates/matcher/tests/test_matcher.rs	replace_with_captures	crates/matcher/tests/test_matcher.rs	matcher
crates/matcher/tests/test_matcher.rs	replace_with_captures	crates/matcher/tests/util.rs	capture_index
crates/matcher/tests/test_matcher.rs	replace_with_captures	crates/matcher/tests/util.rs	new_captures
crates/matcher/tests/test_matcher.rs	shortest_match	crates/matcher/tests/test_matcher.rs	matcher
crates/matcher/tests/test_matcher.rs	try_captures_iter	crates/matcher/src/lib.rs	try_captures_iter
crates/matcher/tests/test_matcher.rs	try_captures_iter	crates/matcher/tests/test_matcher.rs	matcher
crates/matcher/tests/test_matcher.rs	try_captures_iter	crates/matcher/tests/util.rs	new_captures
crates/matcher/tests/test_matcher.rs	try_find_iter	crates/matcher/src/lib.rs	try_find_iter
crates/matcher/tests/test_matcher.rs	try_find_iter	crates/matcher/tests/test_matcher.rs	matcher
crates/matcher/tests/util.rs	capture_count	/Users/chrishafley/.cargo/registry/src/index.crates.io-1949cf8c6b5b557f/regex-1.13.1/src/regex/bytes.rs	captures_len
crates/matcher/tests/util.rs	captures_at	/Users/chrishafley/.cargo/registry/src/index.crates.io-1949cf8c6b5b557f/regex-1.13.1/src/regex/bytes.rs	captures_read_at
crates/matcher/tests/util.rs	find_at	/Users/chrishafley/.cargo/registry/src/index.crates.io-1949cf8c6b5b557f/regex-1.13.1/src/regex/bytes.rs	find_at
crates/matcher/tests/util.rs	find_at	crates/matcher/src/lib.rs	new
crates/matcher/tests/util.rs	get	/Users/chrishafley/.cargo/registry/src/index.crates.io-1949cf8c6b5b557f/regex-1.13.1/src/regex/bytes.rs	pos
crates/matcher/tests/util.rs	get	crates/matcher/src/lib.rs	new
crates/matcher/tests/util.rs	len	/Users/chrishafley/.cargo/registry/src/index.crates.io-1949cf8c6b5b557f/regex-1.13.1/src/regex/bytes.rs	len
crates/matcher/tests/util.rs	new_captures	/Users/chrishafley/.cargo/registry/src/index.crates.io-1949cf8c6b5b557f/regex-1.13.1/src/regex/bytes.rs	capture_locations
crates/matcher/tests/util.rs	new_captures	crates/matcher/src/lib.rs	new
crates/matcher/tests/util.rs	new_captures	crates/matcher/tests/util.rs	RegexCaptures
crates/pcre2/src/error.rs	regex	crates/pcre2/src/error.rs	Regex
crates/pcre2/src/matcher.rs	build	crates/pcre2/src/matcher.rs	build_many
crates/pcre2/src/matcher.rs	build_many	crates/pcre2/src/matcher.rs	has_uppercase_literal
crates/pcre2/src/matcher.rs	capture_count	/Users/chrishafley/.cargo/registry/src/index.crates.io-1949cf8c6b5b557f/pcre2-0.2.11/src/bytes.rs	captures_len
crates/pcre2/src/matcher.rs	caseless	/Users/chrishafley/.cargo/registry/src/index.crates.io-1949cf8c6b5b557f/pcre2-0.2.11/src/bytes.rs	caseless
crates/pcre2/src/matcher.rs	crlf	/Users/chrishafley/.cargo/registry/src/index.crates.io-1949cf8c6b5b557f/pcre2-0.2.11/src/bytes.rs	crlf
crates/pcre2/src/matcher.rs	dotall	/Users/chrishafley/.cargo/registry/src/index.crates.io-1949cf8c6b5b557f/pcre2-0.2.11/src/bytes.rs	dotall
crates/pcre2/src/matcher.rs	extended	/Users/chrishafley/.cargo/registry/src/index.crates.io-1949cf8c6b5b557f/pcre2-0.2.11/src/bytes.rs	extended
crates/pcre2/src/matcher.rs	find_at	crates/matcher/src/lib.rs	new
crates/pcre2/src/matcher.rs	get	/Users/chrishafley/.cargo/registry/src/index.crates.io-1949cf8c6b5b557f/pcre2-0.2.11/src/bytes.rs	get
crates/pcre2/src/matcher.rs	get	crates/matcher/src/lib.rs	new
crates/pcre2/src/matcher.rs	jit	/Users/chrishafley/.cargo/registry/src/index.crates.io-1949cf8c6b5b557f/pcre2-0.2.11/src/bytes.rs	jit
crates/pcre2/src/matcher.rs	jit_if_available	/Users/chrishafley/.cargo/registry/src/index.crates.io-1949cf8c6b5b557f/pcre2-0.2.11/src/bytes.rs	jit_if_available
crates/pcre2/src/matcher.rs	len	/Users/chrishafley/.cargo/registry/src/index.crates.io-1949cf8c6b5b557f/pcre2-0.2.11/src/bytes.rs	len
crates/pcre2/src/matcher.rs	max_jit_stack_size	/Users/chrishafley/.cargo/registry/src/index.crates.io-1949cf8c6b5b557f/pcre2-0.2.11/src/bytes.rs	max_jit_stack_size
crates/pcre2/src/matcher.rs	multi_line	/Users/chrishafley/.cargo/registry/src/index.crates.io-1949cf8c6b5b557f/pcre2-0.2.11/src/bytes.rs	multi_line
crates/pcre2/src/matcher.rs	new	/Users/chrishafley/.cargo/registry/src/index.crates.io-1949cf8c6b5b557f/pcre2-0.2.11/src/bytes.rs	new
crates/pcre2/src/matcher.rs	new	crates/pcre2/src/matcher.rs	build
crates/pcre2/src/matcher.rs	new	crates/pcre2/src/matcher.rs	new
crates/pcre2/src/matcher.rs	new_captures	/Users/chrishafley/.cargo/registry/src/index.crates.io-1949cf8c6b5b557f/pcre2-0.2.11/src/bytes.rs	capture_locations
crates/pcre2/src/matcher.rs	new_captures	crates/pcre2/src/matcher.rs	new
crates/pcre2/src/matcher.rs	ucp	/Users/chrishafley/.cargo/registry/src/index.crates.io-1949cf8c6b5b557f/pcre2-0.2.11/src/bytes.rs	ucp
crates/pcre2/src/matcher.rs	utf	/Users/chrishafley/.cargo/registry/src/index.crates.io-1949cf8c6b5b557f/pcre2-0.2.11/src/bytes.rs	utf
crates/printer/src/color.rs	default_with_color	crates/printer/src/color.rs	default_color_specs
crates/printer/src/color.rs	default_with_color	crates/printer/src/color.rs	new
crates/printer/src/color.rs	from_parse_error	/Users/chrishafley/.cargo/registry/src/index.crates.io-1949cf8c6b5b557f/termcolor-1.4.1/src/lib.rs	invalid
crates/printer/src/color.rs	from_parse_error	crates/printer/src/color.rs	UnrecognizedColor
crates/printer/src/color.rs	from_str	crates/printer/src/color.rs	Bg
crates/printer/src/color.rs	from_str	crates/printer/src/color.rs	Fg
crates/printer/src/color.rs	from_str	crates/printer/src/color.rs	InvalidFormat
crates/printer/src/color.rs	from_str	crates/printer/src/color.rs	Style
crates/printer/src/color.rs	from_str	crates/printer/src/color.rs	UnrecognizedOutType
crates/printer/src/color.rs	from_str	crates/printer/src/color.rs	UnrecognizedSpecType
crates/printer/src/color.rs	from_str	crates/printer/src/color.rs	UnrecognizedStyle
crates/printer/src/color.rs	merge_into	/Users/chrishafley/.cargo/registry/src/index.crates.io-1949cf8c6b5b557f/termcolor-1.4.1/src/lib.rs	clear
crates/printer/src/color.rs	merge_into	/Users/chrishafley/.cargo/registry/src/index.crates.io-1949cf8c6b5b557f/termcolor-1.4.1/src/lib.rs	set_bg
crates/printer/src/color.rs	merge_into	/Users/chrishafley/.cargo/registry/src/index.crates.io-1949cf8c6b5b557f/termcolor-1.4.1/src/lib.rs	set_bold
crates/printer/src/color.rs	merge_into	/Users/chrishafley/.cargo/registry/src/index.crates.io-1949cf8c6b5b557f/termcolor-1.4.1/src/lib.rs	set_fg
crates/printer/src/color.rs	merge_into	/Users/chrishafley/.cargo/registry/src/index.crates.io-1949cf8c6b5b557f/termcolor-1.4.1/src/lib.rs	set_intense
crates/printer/src/color.rs	merge_into	/Users/chrishafley/.cargo/registry/src/index.crates.io-1949cf8c6b5b557f/termcolor-1.4.1/src/lib.rs	set_italic
crates/printer/src/color.rs	merge_into	/Users/chrishafley/.cargo/registry/src/index.crates.io-1949cf8c6b5b557f/termcolor-1.4.1/src/lib.rs	set_underline
crates/printer/src/color.rs	merge_into	crates/printer/src/color.rs	merge_into
crates/printer/src/color.rs	to_color_spec	crates/printer/src/color.rs	merge_into
crates/printer/src/counter.rs	is_synchronous	/Users/chrishafley/.cargo/registry/src/index.crates.io-1949cf8c6b5b557f/termcolor-1.4.1/src/lib.rs	is_synchronous
crates/printer/src/counter.rs	reset	/Users/chrishafley/.cargo/registry/src/index.crates.io-1949cf8c6b5b557f/termcolor-1.4.1/src/lib.rs	reset
crates/printer/src/counter.rs	set_color	/Users/chrishafley/.cargo/registry/src/index.crates.io-1949cf8c6b5b557f/termcolor-1.4.1/src/lib.rs	set_color
crates/printer/src/counter.rs	set_hyperlink	/Users/chrishafley/.cargo/registry/src/index.crates.io-1949cf8c6b5b557f/termcolor-1.4.1/src/lib.rs	set_hyperlink
crates/printer/src/counter.rs	supports_color	/Users/chrishafley/.cargo/registry/src/index.crates.io-1949cf8c6b5b557f/termcolor-1.4.1/src/lib.rs	supports_color
crates/printer/src/counter.rs	supports_hyperlinks	/Users/chrishafley/.cargo/registry/src/index.crates.io-1949cf8c6b5b557f/termcolor-1.4.1/src/lib.rs	supports_hyperlinks
crates/printer/src/hyperlink/mod.rs	append_char	crates/printer/src/hyperlink/mod.rs	append_slice
crates/printer/src/hyperlink/mod.rs	append_slice	crates/printer/src/hyperlink/mod.rs	Text
crates/printer/src/hyperlink/mod.rs	append_var	crates/printer/src/hyperlink/mod.rs	InvalidVariable
crates/printer/src/hyperlink/mod.rs	begin	/Users/chrishafley/.cargo/registry/src/index.crates.io-1949cf8c6b5b557f/termcolor-1.4.1/src/lib.rs	open
crates/printer/src/hyperlink/mod.rs	begin	/Users/chrishafley/.cargo/registry/src/index.crates.io-1949cf8c6b5b557f/termcolor-1.4.1/src/lib.rs	supports_color
crates/printer/src/hyperlink/mod.rs	begin	/Users/chrishafley/.cargo/registry/src/index.crates.io-1949cf8c6b5b557f/termcolor-1.4.1/src/lib.rs	supports_hyperlinks
crates/printer/src/hyperlink/mod.rs	begin	crates/printer/src/hyperlink/mod.rs	format
crates/printer/src/hyperlink/mod.rs	begin	crates/printer/src/hyperlink/mod.rs	inactive
crates/printer/src/hyperlink/mod.rs	begin	crates/printer/src/hyperlink/mod.rs	is_empty
crates/printer/src/hyperlink/mod.rs	encode	crates/printer/src/hyperlink/mod.rs	HyperlinkPath
crates/printer/src/hyperlink/mod.rs	finish	/Users/chrishafley/.cargo/registry/src/index.crates.io-1949cf8c6b5b557f/termcolor-1.4.1/src/lib.rs	close
crates/printer/src/hyperlink/mod.rs	finish	/Users/chrishafley/.cargo/registry/src/index.crates.io-1949cf8c6b5b557f/termcolor-1.4.1/src/lib.rs	set_hyperlink
crates/printer/src/hyperlink/mod.rs	fmt	crates/printer/src/hyperlink/mod.rs	hyperlink_aliases
crates/printer/src/hyperlink/mod.rs	from_path	crates/printer/src/hyperlink/mod.rs	encode
crates/printer/src/hyperlink/mod.rs	from_str	crates/printer/src/hyperlink/mod.rs	build
crates/printer/src/hyperlink/mod.rs	from_str	crates/printer/src/hyperlink/mod.rs	find
crates/printer/src/hyperlink/mod.rs	from_str	crates/printer/src/hyperlink/mod.rs	new
crates/printer/src/hyperlink/mod.rs	interpolate_to	crates/printer/src/util.rs	as_bytes
crates/printer/src/hyperlink/mod.rs	interpolate_to	crates/printer/src/util.rs	new
crates/printer/src/hyperlink/mod.rs	into_config	crates/printer/src/hyperlink/mod.rs	new
crates/printer/src/hyperlink/mod.rs	new	crates/printer/src/hyperlink/mod.rs	HyperlinkConfig
crates/printer/src/hyperlink/mod.rs	validate	crates/printer/src/hyperlink/mod.rs	validate_scheme
crates/printer/src/json.rs	begin	crates/printer/src/counter.rs	reset_count
crates/printer/src/json.rs	binary_data	crates/searcher/src/searcher/mod.rs	binary_detection
crates/printer/src/json.rs	binary_data	crates/searcher/src/searcher/mod.rs	quit_byte
crates/printer/src/json.rs	build	crates/printer/src/counter.rs	new
crates/printer/src/json.rs	context	crates/printer/src/json.rs	as_slice
crates/printer/src/json.rs	context	crates/printer/src/json.rs	empty
crates/printer/src/json.rs	context	crates/printer/src/json.rs	new
crates/printer/src/json.rs	context	crates/printer/src/jsont.rs	Context
crates/printer/src/json.rs	context	crates/printer/src/util.rs	replacement
crates/printer/src/json.rs	context	crates/searcher/src/searcher/mod.rs	invert_match
crates/printer/src/json.rs	context	crates/searcher/src/sink.rs	absolute_byte_offset
crates/printer/src/json.rs	context	crates/searcher/src/sink.rs	bytes
crates/printer/src/json.rs	context	crates/searcher/src/sink.rs	line_number
crates/printer/src/json.rs	finish	crates/printer/src/counter.rs	count
crates/printer/src/json.rs	finish	crates/printer/src/jsont.rs	End
crates/printer/src/json.rs	finish	crates/printer/src/stats.rs	add_bytes_printed
crates/printer/src/json.rs	finish	crates/printer/src/stats.rs	add_bytes_searched
crates/printer/src/json.rs	finish	crates/printer/src/stats.rs	add_elapsed
crates/printer/src/json.rs	finish	crates/printer/src/stats.rs	add_searches
crates/printer/src/json.rs	finish	crates/printer/src/stats.rs	add_searches_with_match
crates/printer/src/json.rs	finish	crates/searcher/src/sink.rs	binary_byte_offset
crates/printer/src/json.rs	finish	crates/searcher/src/sink.rs	byte_count
crates/printer/src/json.rs	get_mut	crates/printer/src/counter.rs	get_mut
crates/printer/src/json.rs	has_written	crates/printer/src/counter.rs	total_count
crates/printer/src/json.rs	into_inner	crates/printer/src/counter.rs	into_inner
crates/printer/src/json.rs	matched	crates/printer/src/json.rs	as_slice
crates/printer/src/json.rs	matched	crates/printer/src/json.rs	new
crates/printer/src/json.rs	matched	crates/printer/src/jsont.rs	Match
crates/printer/src/json.rs	matched	crates/printer/src/stats.rs	add_matched_lines
crates/printer/src/json.rs	matched	crates/printer/src/stats.rs	add_matches
crates/printer/src/json.rs	matched	crates/printer/src/util.rs	replacement
crates/printer/src/json.rs	matched	crates/searcher/src/sink.rs	absolute_byte_offset
crates/printer/src/json.rs	matched	crates/searcher/src/sink.rs	bytes
crates/printer/src/json.rs	matched	crates/searcher/src/sink.rs	line_number
crates/printer/src/json.rs	matched	crates/searcher/src/sink.rs	lines
crates/printer/src/json.rs	new	crates/printer/src/json.rs	Big
crates/printer/src/json.rs	new	crates/printer/src/json.rs	Small
crates/printer/src/json.rs	new	crates/printer/src/json.rs	build
crates/printer/src/json.rs	new	crates/printer/src/json.rs	new
crates/printer/src/json.rs	replace	crates/printer/src/util.rs	clear
crates/printer/src/json.rs	sink	crates/printer/src/stats.rs	new
crates/printer/src/json.rs	sink	crates/printer/src/util.rs	new
crates/printer/src/json.rs	sink_with_path	crates/printer/src/stats.rs	new
crates/printer/src/json.rs	sink_with_path	crates/printer/src/util.rs	new
crates/printer/src/json.rs	write_begin_message	crates/printer/src/jsont.rs	Begin
crates/printer/src/path.rs	build	crates/printer/src/hyperlink/mod.rs	new
crates/printer/src/path.rs	start_hyperlink	crates/printer/src/hyperlink/mod.rs	begin
crates/printer/src/path.rs	start_hyperlink	crates/printer/src/hyperlink/mod.rs	inactive
crates/printer/src/path.rs	start_hyperlink	crates/printer/src/hyperlink/mod.rs	new
crates/printer/src/path.rs	start_hyperlink	crates/printer/src/util.rs	as_hyperlink
crates/printer/src/path.rs	write	/Users/chrishafley/.cargo/registry/src/index.crates.io-1949cf8c6b5b557f/termcolor-1.4.1/src/lib.rs	supports_color
crates/printer/src/path.rs	write	crates/printer/src/util.rs	new
crates/printer/src/path.rs	write	crates/printer/src/util.rs	with_separator
crates/printer/src/standard.rs	binary_data	crates/searcher/src/searcher/mod.rs	binary_detection
crates/printer/src/standard.rs	binary_data	crates/searcher/src/searcher/mod.rs	quit_byte
crates/printer/src/standard.rs	build	crates/printer/src/counter.rs	new
crates/printer/src/standard.rs	build_no_color	/Users/chrishafley/.cargo/registry/src/index.crates.io-1949cf8c6b5b557f/termcolor-1.4.1/src/lib.rs	new
crates/printer/src/standard.rs	build_no_color	crates/printer/src/standard.rs	build
crates/printer/src/standard.rs	config	crates/printer/src/standard.rs	config
crates/printer/src/standard.rs	context	crates/printer/src/util.rs	clear
crates/printer/src/standard.rs	context	crates/searcher/src/searcher/mod.rs	binary_detection
crates/printer/src/standard.rs	context	crates/searcher/src/searcher/mod.rs	convert_byte
crates/printer/src/standard.rs	context	crates/searcher/src/searcher/mod.rs	invert_match
crates/printer/src/standard.rs	end	crates/printer/src/standard.rs	write_separator
crates/printer/src/standard.rs	end_color_match	crates/printer/src/standard.rs	highlight_on
crates/printer/src/standard.rs	end_hyperlink	crates/printer/src/hyperlink/mod.rs	finish
crates/printer/src/standard.rs	end_hyperlink	crates/printer/src/standard.rs	wtr
crates/printer/src/standard.rs	end_line_highlight	crates/printer/src/standard.rs	highlight_on
crates/printer/src/standard.rs	exceeds_max_columns	crates/printer/src/standard.rs	config
crates/printer/src/standard.rs	finish	crates/searcher/src/sink.rs	byte_count
crates/printer/src/standard.rs	from_context	crates/printer/src/standard.rs	new
crates/printer/src/standard.rs	from_context	crates/printer/src/util.rs	from_sink_context
crates/printer/src/standard.rs	from_context	crates/printer/src/util.rs	replacement
crates/printer/src/standard.rs	from_match	crates/printer/src/standard.rs	new
crates/printer/src/standard.rs	from_match	crates/printer/src/util.rs	from_sink_match
crates/printer/src/standard.rs	from_match	crates/printer/src/util.rs	replacement
crates/printer/src/standard.rs	has_line_terminator	crates/matcher/src/lib.rs	is_suffix
crates/printer/src/standard.rs	has_line_terminator	crates/searcher/src/searcher/mod.rs	line_terminator
crates/printer/src/standard.rs	highlight_on	/Users/chrishafley/.cargo/registry/src/index.crates.io-1949cf8c6b5b557f/termcolor-1.4.1/src/lib.rs	is_none
crates/printer/src/standard.rs	highlight_on	crates/printer/src/color.rs	highlight
crates/printer/src/standard.rs	highlight_on	crates/printer/src/standard.rs	config
crates/printer/src/standard.rs	highlight_on	crates/printer/src/standard.rs	is_context
crates/printer/src/standard.rs	is_context	crates/printer/src/util.rs	context_kind
crates/printer/src/standard.rs	matched	crates/searcher/src/searcher/mod.rs	binary_detection
crates/printer/src/standard.rs	matched	crates/searcher/src/searcher/mod.rs	convert_byte
crates/printer/src/standard.rs	matched	crates/searcher/src/sink.rs	lines
crates/printer/src/standard.rs	multi_line	crates/searcher/src/searcher/mod.rs	multi_line_with_matcher
crates/printer/src/standard.rs	needs_match_granularity	/Users/chrishafley/.cargo/registry/src/index.crates.io-1949cf8c6b5b557f/termcolor-1.4.1/src/lib.rs	is_none
crates/printer/src/standard.rs	needs_match_granularity	crates/printer/src/color.rs	matched
crates/printer/src/standard.rs	new	crates/printer/src/hyperlink/mod.rs	inactive
crates/printer/src/standard.rs	new	crates/printer/src/standard.rs	build
crates/printer/src/standard.rs	new	crates/printer/src/standard.rs	new
crates/printer/src/standard.rs	new	crates/printer/src/standard.rs	separator_field
crates/printer/src/standard.rs	new	crates/printer/src/util.rs	empty
crates/printer/src/standard.rs	new_no_color	crates/printer/src/standard.rs	build_no_color
crates/printer/src/standard.rs	new_no_color	crates/printer/src/standard.rs	new
crates/printer/src/standard.rs	replace	crates/printer/src/util.rs	clear
crates/printer/src/standard.rs	separator_field	crates/printer/src/standard.rs	config
crates/printer/src/standard.rs	separator_field	crates/printer/src/standard.rs	is_context
crates/printer/src/standard.rs	sink	crates/printer/src/hyperlink/mod.rs	new
crates/printer/src/standard.rs	sink	crates/printer/src/standard.rs	is_context
crates/printer/src/standard.rs	sink	crates/printer/src/standard.rs	multi_line
crates/printer/src/standard.rs	sink	crates/printer/src/standard.rs	needs_match_granularity
crates/printer/src/standard.rs	sink	crates/printer/src/standard.rs	sink_fast
crates/printer/src/standard.rs	sink	crates/printer/src/standard.rs	sink_fast_multi_line
crates/printer/src/standard.rs	sink	crates/printer/src/standard.rs	sink_slow
crates/printer/src/standard.rs	sink	crates/printer/src/standard.rs	sink_slow_multi_line
crates/printer/src/standard.rs	sink	crates/printer/src/stats.rs	new
crates/printer/src/standard.rs	sink	crates/printer/src/util.rs	matches
crates/printer/src/standard.rs	sink	crates/printer/src/util.rs	new
crates/printer/src/standard.rs	sink_fast	crates/printer/src/standard.rs	write_line
crates/printer/src/standard.rs	sink_fast	crates/printer/src/util.rs	bytes
crates/printer/src/standard.rs	sink_fast_multi_line	crates/matcher/src/lib.rs	as_byte
crates/printer/src/standard.rs	sink_fast_multi_line	crates/printer/src/util.rs	absolute_byte_offset
crates/printer/src/standard.rs	sink_fast_multi_line	crates/searcher/src/searcher/mod.rs	line_terminator
crates/printer/src/standard.rs	sink_slow	crates/printer/src/standard.rs	config
crates/printer/src/standard.rs	sink_slow_multi_line	crates/matcher/src/lib.rs	as_byte
crates/printer/src/standard.rs	sink_slow_multi_line	crates/matcher/src/lib.rs	new
crates/printer/src/standard.rs	sink_slow_multi_line	crates/printer/src/standard.rs	config
crates/printer/src/standard.rs	sink_slow_multi_line	crates/printer/src/standard.rs	exceeds_max_columns
crates/printer/src/standard.rs	sink_slow_multi_line	crates/printer/src/standard.rs	sink_slow_multi_line_only_matching
crates/printer/src/standard.rs	sink_slow_multi_line	crates/printer/src/standard.rs	sink_slow_multi_per_match
crates/printer/src/standard.rs	sink_slow_multi_line	crates/printer/src/standard.rs	trim_ascii_prefix
crates/printer/src/standard.rs	sink_slow_multi_line	crates/printer/src/util.rs	bytes
crates/printer/src/standard.rs	sink_slow_multi_line	crates/printer/src/util.rs	matches
crates/printer/src/standard.rs	sink_slow_multi_line	crates/searcher/src/lines.rs	new
crates/printer/src/standard.rs	sink_slow_multi_line	crates/searcher/src/lines.rs	next
crates/printer/src/standard.rs	sink_slow_multi_line	crates/searcher/src/searcher/mod.rs	line_terminator
crates/printer/src/standard.rs	sink_slow_multi_line_only_matching	crates/matcher/src/lib.rs	as_byte
crates/printer/src/standard.rs	sink_slow_multi_line_only_matching	crates/matcher/src/lib.rs	end
crates/printer/src/standard.rs	sink_slow_multi_line_only_matching	crates/matcher/src/lib.rs	is_empty
crates/printer/src/standard.rs	sink_slow_multi_line_only_matching	crates/matcher/src/lib.rs	new
crates/printer/src/standard.rs	sink_slow_multi_line_only_matching	crates/matcher/src/lib.rs	start
crates/printer/src/standard.rs	sink_slow_multi_line_only_matching	crates/matcher/src/lib.rs	with_end
crates/printer/src/standard.rs	sink_slow_multi_line_only_matching	crates/matcher/src/lib.rs	with_start
crates/printer/src/standard.rs	sink_slow_multi_line_only_matching	crates/printer/src/color.rs	matched
crates/printer/src/standard.rs	sink_slow_multi_line_only_matching	crates/printer/src/standard.rs	config
crates/printer/src/standard.rs	sink_slow_multi_line_only_matching	crates/printer/src/standard.rs	exceeds_max_columns
crates/printer/src/standard.rs	sink_slow_multi_line_only_matching	crates/printer/src/standard.rs	trim_ascii_prefix
crates/printer/src/standard.rs	sink_slow_multi_line_only_matching	crates/printer/src/standard.rs	trim_line_terminator
crates/printer/src/standard.rs	sink_slow_multi_line_only_matching	crates/printer/src/util.rs	bytes
crates/printer/src/standard.rs	sink_slow_multi_line_only_matching	crates/printer/src/util.rs	matches
crates/printer/src/standard.rs	sink_slow_multi_line_only_matching	crates/searcher/src/lines.rs	new
crates/printer/src/standard.rs	sink_slow_multi_line_only_matching	crates/searcher/src/lines.rs	next
crates/printer/src/standard.rs	sink_slow_multi_line_only_matching	crates/searcher/src/searcher/mod.rs	line_terminator
crates/printer/src/standard.rs	sink_slow_multi_per_match	crates/matcher/src/lib.rs	as_byte
crates/printer/src/standard.rs	sink_slow_multi_per_match	crates/printer/src/color.rs	matched
crates/printer/src/standard.rs	sink_slow_multi_per_match	crates/printer/src/standard.rs	config
crates/printer/src/standard.rs	sink_slow_multi_per_match	crates/printer/src/util.rs	bytes
crates/printer/src/standard.rs	sink_slow_multi_per_match	crates/searcher/src/searcher/mod.rs	line_terminator
crates/printer/src/standard.rs	sink_with_path	crates/printer/src/hyperlink/mod.rs	new
crates/printer/src/standard.rs	sink_with_path	crates/printer/src/standard.rs	needs_match_granularity
crates/printer/src/standard.rs	sink_with_path	crates/printer/src/standard.rs	sink
crates/printer/src/standard.rs	sink_with_path	crates/printer/src/stats.rs	new
crates/printer/src/standard.rs	sink_with_path	crates/printer/src/util.rs	new
crates/printer/src/standard.rs	sink_with_path	crates/printer/src/util.rs	with_separator
crates/printer/src/standard.rs	start	crates/printer/src/hyperlink/mod.rs	format
crates/printer/src/standard.rs	start	crates/printer/src/hyperlink/mod.rs	is_line_dependent
crates/printer/src/standard.rs	start	crates/printer/src/standard.rs	config
crates/printer/src/standard.rs	start	crates/printer/src/standard.rs	path
crates/printer/src/standard.rs	start_hyperlink	crates/printer/src/hyperlink/mod.rs	begin
crates/printer/src/standard.rs	start_hyperlink	crates/printer/src/hyperlink/mod.rs	column
crates/printer/src/standard.rs	start_hyperlink	crates/printer/src/hyperlink/mod.rs	inactive
crates/printer/src/standard.rs	start_hyperlink	crates/printer/src/hyperlink/mod.rs	line
crates/printer/src/standard.rs	start_hyperlink	crates/printer/src/hyperlink/mod.rs	new
crates/printer/src/standard.rs	start_hyperlink	crates/printer/src/standard.rs	wtr
crates/printer/src/standard.rs	start_hyperlink	crates/printer/src/util.rs	as_hyperlink
crates/printer/src/standard.rs	start_line_highlight	crates/printer/src/standard.rs	highlight_on
crates/printer/src/standard.rs	trim_ascii_prefix	crates/printer/src/standard.rs	config
crates/printer/src/standard.rs	trim_ascii_prefix	crates/printer/src/util.rs	trim_ascii_prefix
crates/printer/src/standard.rs	trim_ascii_prefix	crates/searcher/src/searcher/mod.rs	line_terminator
crates/printer/src/standard.rs	trim_line_terminator	crates/printer/src/util.rs	trim_line_terminator
crates/printer/src/standard.rs	write	crates/printer/src/standard.rs	wtr
crates/printer/src/standard.rs	write_binary_message	crates/printer/src/standard.rs	has_match
crates/printer/src/standard.rs	write_binary_message	crates/printer/src/standard.rs	path
crates/printer/src/standard.rs	write_binary_message	crates/searcher/src/searcher/mod.rs	binary_detection
crates/printer/src/standard.rs	write_binary_message	crates/searcher/src/searcher/mod.rs	convert_byte
crates/printer/src/standard.rs	write_binary_message	crates/searcher/src/searcher/mod.rs	quit_byte
crates/printer/src/standard.rs	write_byte_offset	crates/printer/src/standard.rs	config
crates/printer/src/standard.rs	write_byte_offset	crates/printer/src/util.rs	new
crates/printer/src/standard.rs	write_colored_line	/Users/chrishafley/.cargo/registry/src/index.crates.io-1949cf8c6b5b557f/termcolor-1.4.1/src/lib.rs	is_none
crates/printer/src/standard.rs	write_colored_line	crates/matcher/src/lib.rs	new
crates/printer/src/standard.rs	write_colored_line	crates/printer/src/color.rs	matched
crates/printer/src/standard.rs	write_colored_line	crates/printer/src/standard.rs	config
crates/printer/src/standard.rs	write_colored_line	crates/printer/src/standard.rs	exceeds_max_columns
crates/printer/src/standard.rs	write_colored_line	crates/printer/src/standard.rs	trim_ascii_prefix
crates/printer/src/standard.rs	write_colored_line	crates/printer/src/standard.rs	write_exceeded_line
crates/printer/src/standard.rs	write_colored_line	crates/printer/src/standard.rs	write_line
crates/printer/src/standard.rs	write_colored_line	crates/printer/src/standard.rs	wtr
crates/printer/src/standard.rs	write_colored_matches	crates/matcher/src/lib.rs	end
crates/printer/src/standard.rs	write_colored_matches	crates/matcher/src/lib.rs	is_empty
crates/printer/src/standard.rs	write_colored_matches	crates/matcher/src/lib.rs	start
crates/printer/src/standard.rs	write_colored_matches	crates/matcher/src/lib.rs	with_start
crates/printer/src/standard.rs	write_colored_matches	crates/printer/src/standard.rs	trim_line_terminator
crates/printer/src/standard.rs	write_column_number	crates/printer/src/standard.rs	config
crates/printer/src/standard.rs	write_column_number	crates/printer/src/util.rs	new
crates/printer/src/standard.rs	write_context_separator	crates/printer/src/standard.rs	config
crates/printer/src/standard.rs	write_exceeded_line	crates/matcher/src/lib.rs	end
crates/printer/src/standard.rs	write_exceeded_line	crates/matcher/src/lib.rs	start
crates/printer/src/standard.rs	write_exceeded_line	crates/matcher/src/lib.rs	with_end
crates/printer/src/standard.rs	write_exceeded_line	crates/printer/src/standard.rs	config
crates/printer/src/standard.rs	write_exceeded_line	crates/printer/src/standard.rs	is_context
crates/printer/src/standard.rs	write_exceeded_line	crates/printer/src/util.rs	original_matches
crates/printer/src/standard.rs	write_line	crates/matcher/src/lib.rs	new
crates/printer/src/standard.rs	write_line	crates/printer/src/standard.rs	config
crates/printer/src/standard.rs	write_line	crates/printer/src/standard.rs	exceeds_max_columns
crates/printer/src/standard.rs	write_line	crates/printer/src/standard.rs	has_line_terminator
crates/printer/src/standard.rs	write_line	crates/printer/src/util.rs	trim_ascii_prefix
crates/printer/src/standard.rs	write_line	crates/searcher/src/searcher/mod.rs	line_terminator
crates/printer/src/standard.rs	write_line_number	crates/printer/src/util.rs	new
crates/printer/src/standard.rs	write_line_term	crates/matcher/src/lib.rs	as_bytes
crates/printer/src/standard.rs	write_line_term	crates/printer/src/standard.rs	write
crates/printer/src/standard.rs	write_line_term	crates/searcher/src/searcher/mod.rs	line_terminator
crates/printer/src/standard.rs	write_path	crates/printer/src/standard.rs	config
crates/printer/src/standard.rs	write_path	crates/printer/src/standard.rs	path
crates/printer/src/standard.rs	write_path	crates/printer/src/standard.rs	wtr
crates/printer/src/standard.rs	write_path_hyperlink	crates/printer/src/standard.rs	end_hyperlink
crates/printer/src/standard.rs	write_path_line	crates/printer/src/standard.rs	config
crates/printer/src/standard.rs	write_path_line	crates/printer/src/standard.rs	path
crates/printer/src/standard.rs	write_prelude	crates/printer/src/standard.rs	end
crates/printer/src/standard.rs	write_prelude	crates/printer/src/standard.rs	new
crates/printer/src/standard.rs	write_search_prelude	crates/printer/src/standard.rs	config
crates/printer/src/standard.rs	write_search_prelude	crates/printer/src/standard.rs	wtr
crates/printer/src/standard.rs	write_separator	crates/printer/src/standard.rs	config
crates/printer/src/standard.rs	write_spec	crates/printer/src/standard.rs	wtr
crates/printer/src/stats.rs	add	crates/printer/src/util.rs	NiceDuration
crates/printer/src/summary.rs	begin	crates/printer/src/summary.rs	requires_path
crates/printer/src/summary.rs	binary_data	crates/searcher/src/searcher/mod.rs	binary_detection
crates/printer/src/summary.rs	binary_data	crates/searcher/src/searcher/mod.rs	quit_byte
crates/printer/src/summary.rs	build	crates/printer/src/counter.rs	new
crates/printer/src/summary.rs	build_no_color	/Users/chrishafley/.cargo/registry/src/index.crates.io-1949cf8c6b5b557f/termcolor-1.4.1/src/lib.rs	new
crates/printer/src/summary.rs	build_no_color	crates/printer/src/summary.rs	build
crates/printer/src/summary.rs	end_hyperlink	crates/printer/src/hyperlink/mod.rs	finish
crates/printer/src/summary.rs	finish	crates/searcher/src/searcher/mod.rs	binary_detection
crates/printer/src/summary.rs	finish	crates/searcher/src/searcher/mod.rs	quit_byte
crates/printer/src/summary.rs	finish	crates/searcher/src/sink.rs	binary_byte_offset
crates/printer/src/summary.rs	finish	crates/searcher/src/sink.rs	byte_count
crates/printer/src/summary.rs	matched	crates/printer/src/summary.rs	multi_line
crates/printer/src/summary.rs	matched	crates/printer/src/summary.rs	quit_early
crates/printer/src/summary.rs	matched	crates/searcher/src/sink.rs	buffer
crates/printer/src/summary.rs	matched	crates/searcher/src/sink.rs	bytes_range_in_buffer
crates/printer/src/summary.rs	matched	crates/searcher/src/sink.rs	lines
crates/printer/src/summary.rs	multi_line	crates/searcher/src/searcher/mod.rs	multi_line_with_matcher
crates/printer/src/summary.rs	new	crates/printer/src/summary.rs	build
crates/printer/src/summary.rs	new	crates/printer/src/summary.rs	new
crates/printer/src/summary.rs	new_no_color	crates/printer/src/summary.rs	build_no_color
crates/printer/src/summary.rs	new_no_color	crates/printer/src/summary.rs	new
crates/printer/src/summary.rs	sink	crates/printer/src/hyperlink/mod.rs	new
crates/printer/src/summary.rs	sink	crates/printer/src/stats.rs	new
crates/printer/src/summary.rs	sink	crates/printer/src/summary.rs	requires_stats
crates/printer/src/summary.rs	sink_with_path	crates/printer/src/hyperlink/mod.rs	new
crates/printer/src/summary.rs	sink_with_path	crates/printer/src/stats.rs	new
crates/printer/src/summary.rs	sink_with_path	crates/printer/src/summary.rs	requires_path
crates/printer/src/summary.rs	sink_with_path	crates/printer/src/summary.rs	requires_stats
crates/printer/src/summary.rs	sink_with_path	crates/printer/src/summary.rs	sink
crates/printer/src/summary.rs	sink_with_path	crates/printer/src/util.rs	new
crates/printer/src/summary.rs	sink_with_path	crates/printer/src/util.rs	with_separator
crates/printer/src/summary.rs	start_hyperlink	crates/printer/src/hyperlink/mod.rs	begin
crates/printer/src/summary.rs	start_hyperlink	crates/printer/src/hyperlink/mod.rs	inactive
crates/printer/src/summary.rs	start_hyperlink	crates/printer/src/hyperlink/mod.rs	new
crates/printer/src/summary.rs	write_line_term	crates/matcher/src/lib.rs	as_bytes
crates/printer/src/summary.rs	write_line_term	crates/printer/src/summary.rs	write
crates/printer/src/summary.rs	write_line_term	crates/searcher/src/searcher/mod.rs	line_terminator
crates/printer/src/util.rs	as_hyperlink	crates/printer/src/hyperlink/mod.rs	from_path
crates/printer/src/util.rs	as_hyperlink	crates/printer/src/util.rs	as_path
crates/printer/src/util.rs	as_path	crates/printer/src/util.rs	as_bytes
crates/printer/src/util.rs	as_path	crates/printer/src/util.rs	imp
crates/printer/src/util.rs	find_iter_at_in_context	crates/matcher/src/lib.rs	find_iter_at
crates/printer/src/util.rs	find_iter_at_in_context	crates/matcher/src/lib.rs	new
crates/printer/src/util.rs	find_iter_at_in_context	crates/printer/src/util.rs	trim_line_terminator
crates/printer/src/util.rs	find_iter_at_in_context	crates/searcher/src/searcher/mod.rs	multi_line_with_matcher
crates/printer/src/util.rs	fmt	crates/printer/src/util.rs	replacement
crates/printer/src/util.rs	from_sink_context	crates/searcher/src/sink.rs	absolute_byte_offset
crates/printer/src/util.rs	from_sink_context	crates/searcher/src/sink.rs	bytes
crates/printer/src/util.rs	from_sink_context	crates/searcher/src/sink.rs	kind
crates/printer/src/util.rs	from_sink_context	crates/searcher/src/sink.rs	line_number
crates/printer/src/util.rs	from_sink_match	crates/searcher/src/sink.rs	absolute_byte_offset
crates/printer/src/util.rs	from_sink_match	crates/searcher/src/sink.rs	bytes
crates/printer/src/util.rs	from_sink_match	crates/searcher/src/sink.rs	line_number
crates/printer/src/util.rs	imp	crates/printer/src/util.rs	as_bytes
crates/printer/src/util.rs	lines	crates/printer/src/util.rs	bytes
crates/printer/src/util.rs	lines	crates/searcher/src/lines.rs	new
crates/printer/src/util.rs	replace_all	crates/matcher/src/lib.rs	new
crates/printer/src/util.rs	replace_all	crates/printer/src/util.rs	trim_line_terminator
crates/printer/src/util.rs	replace_all	crates/searcher/src/searcher/mod.rs	multi_line_with_matcher
crates/printer/src/util.rs	trim_ascii_prefix	crates/matcher/src/lib.rs	as_bytes
crates/printer/src/util.rs	trim_ascii_prefix	crates/matcher/src/lib.rs	start
crates/printer/src/util.rs	trim_ascii_prefix	crates/matcher/src/lib.rs	with_start
crates/printer/src/util.rs	trim_ascii_prefix	crates/printer/src/util.rs	is_space
crates/printer/src/util.rs	trim_line_terminator	crates/matcher/src/lib.rs	end
crates/printer/src/util.rs	trim_line_terminator	crates/matcher/src/lib.rs	is_crlf
crates/printer/src/util.rs	trim_line_terminator	crates/matcher/src/lib.rs	is_suffix
crates/printer/src/util.rs	trim_line_terminator	crates/matcher/src/lib.rs	with_end
crates/printer/src/util.rs	trim_line_terminator	crates/searcher/src/searcher/mod.rs	line_terminator
crates/printer/src/util.rs	with_separator	crates/printer/src/util.rs	as_bytes
crates/printer/src/util.rs	with_separator	crates/printer/src/util.rs	replace_separator
crates/regex/src/ast.rs	from_ast	crates/regex/src/ast.rs	from_ast_impl
crates/regex/src/ast.rs	from_ast	crates/regex/src/ast.rs	new
crates/regex/src/ast.rs	from_ast_class_set	crates/regex/src/ast.rs	done
crates/regex/src/ast.rs	from_ast_class_set	crates/regex/src/ast.rs	from_ast_class_set
crates/regex/src/ast.rs	from_ast_class_set	crates/regex/src/ast.rs	from_ast_class_set_item
crates/regex/src/ast.rs	from_ast_class_set_item	crates/regex/src/ast.rs	done
crates/regex/src/ast.rs	from_ast_class_set_item	crates/regex/src/ast.rs	from_ast_class_set
crates/regex/src/ast.rs	from_ast_class_set_item	crates/regex/src/ast.rs	from_ast_literal
crates/regex/src/ast.rs	from_ast_impl	crates/regex/src/ast.rs	done
crates/regex/src/ast.rs	from_ast_impl	crates/regex/src/ast.rs	from_ast_class_set
crates/regex/src/ast.rs	from_ast_impl	crates/regex/src/ast.rs	from_ast_impl
crates/regex/src/ast.rs	from_ast_impl	crates/regex/src/ast.rs	from_ast_literal
crates/regex/src/ban.rs	check	/Users/chrishafley/.cargo/registry/src/index.crates.io-1949cf8c6b5b557f/regex-syntax-0.8.11/src/hir/mod.rs	end
crates/regex/src/ban.rs	check	/Users/chrishafley/.cargo/registry/src/index.crates.io-1949cf8c6b5b557f/regex-syntax-0.8.11/src/hir/mod.rs	kind
crates/regex/src/ban.rs	check	/Users/chrishafley/.cargo/registry/src/index.crates.io-1949cf8c6b5b557f/regex-syntax-0.8.11/src/hir/mod.rs	ranges
crates/regex/src/ban.rs	check	/Users/chrishafley/.cargo/registry/src/index.crates.io-1949cf8c6b5b557f/regex-syntax-0.8.11/src/hir/mod.rs	start
crates/regex/src/ban.rs	check	crates/regex/src/error.rs	Banned
crates/regex/src/ban.rs	check	crates/regex/src/error.rs	new
crates/regex/src/config.rs	build_many	crates/regex/src/config.rs	new
crates/regex/src/config.rs	has_line_terminator	crates/matcher/src/lib.rs	as_byte
crates/regex/src/config.rs	has_line_terminator	crates/matcher/src/lib.rs	is_crlf
crates/regex/src/config.rs	into_whole_line	/Users/chrishafley/.cargo/registry/src/index.crates.io-1949cf8c6b5b557f/regex-syntax-0.8.11/src/hir/mod.rs	concat
crates/regex/src/config.rs	into_whole_line	/Users/chrishafley/.cargo/registry/src/index.crates.io-1949cf8c6b5b557f/regex-syntax-0.8.11/src/hir/mod.rs	look
crates/regex/src/config.rs	into_whole_line	crates/regex/src/config.rs	line_anchor_end
crates/regex/src/config.rs	into_whole_line	crates/regex/src/config.rs	line_anchor_start
crates/regex/src/config.rs	into_word	/Users/chrishafley/.cargo/registry/src/index.crates.io-1949cf8c6b5b557f/regex-syntax-0.8.11/src/hir/mod.rs	concat
crates/regex/src/config.rs	is_case_insensitive	crates/regex/src/ast.rs	any_literal
crates/regex/src/config.rs	is_case_insensitive	crates/regex/src/ast.rs	any_uppercase
crates/regex/src/config.rs	line_terminator	/Users/chrishafley/.cargo/registry/src/index.crates.io-1949cf8c6b5b557f/regex-syntax-0.8.11/src/hir/mod.rs	contains_anchor_haystack
crates/regex/src/config.rs	line_terminator	/Users/chrishafley/.cargo/registry/src/index.crates.io-1949cf8c6b5b557f/regex-syntax-0.8.11/src/hir/mod.rs	look_set
crates/regex/src/config.rs	line_terminator	/Users/chrishafley/.cargo/registry/src/index.crates.io-1949cf8c6b5b557f/regex-syntax-0.8.11/src/hir/mod.rs	properties
crates/regex/src/config.rs	new	/Users/chrishafley/.cargo/registry/src/index.crates.io-1949cf8c6b5b557f/regex-syntax-0.8.11/src/hir/mod.rs	alternation
crates/regex/src/config.rs	new	crates/regex/src/ast.rs	from_ast
crates/regex/src/config.rs	new	crates/regex/src/config.rs	is_fixed_strings
crates/regex/src/config.rs	non_matching_bytes	crates/regex/src/non_matching.rs	non_matching_bytes
crates/regex/src/config.rs	to_regex	/Users/chrishafley/.cargo/registry/src/index.crates.io-1949cf8c6b5b557f/regex-automata-0.4.18/src/meta/regex.rs	build_from_hir
crates/regex/src/config.rs	to_regex	/Users/chrishafley/.cargo/registry/src/index.crates.io-1949cf8c6b5b557f/regex-automata-0.4.18/src/meta/regex.rs	builder
crates/regex/src/config.rs	to_regex	/Users/chrishafley/.cargo/registry/src/index.crates.io-1949cf8c6b5b557f/regex-automata-0.4.18/src/meta/regex.rs	config
crates/regex/src/config.rs	to_regex	/Users/chrishafley/.cargo/registry/src/index.crates.io-1949cf8c6b5b557f/regex-automata-0.4.18/src/meta/regex.rs	configure
crates/regex/src/config.rs	to_regex	/Users/chrishafley/.cargo/registry/src/index.crates.io-1949cf8c6b5b557f/regex-automata-0.4.18/src/meta/regex.rs	dfa_size_limit
crates/regex/src/config.rs	to_regex	/Users/chrishafley/.cargo/registry/src/index.crates.io-1949cf8c6b5b557f/regex-automata-0.4.18/src/meta/regex.rs	dfa_state_limit
crates/regex/src/config.rs	to_regex	/Users/chrishafley/.cargo/registry/src/index.crates.io-1949cf8c6b5b557f/regex-automata-0.4.18/src/meta/regex.rs	hybrid_cache_capacity
crates/regex/src/config.rs	to_regex	/Users/chrishafley/.cargo/registry/src/index.crates.io-1949cf8c6b5b557f/regex-automata-0.4.18/src/meta/regex.rs	nfa_size_limit
crates/regex/src/config.rs	to_regex	/Users/chrishafley/.cargo/registry/src/index.crates.io-1949cf8c6b5b557f/regex-automata-0.4.18/src/meta/regex.rs	onepass_size_limit
crates/regex/src/config.rs	to_regex	/Users/chrishafley/.cargo/registry/src/index.crates.io-1949cf8c6b5b557f/regex-automata-0.4.18/src/meta/regex.rs	utf8_empty
crates/regex/src/error.rs	generic	crates/regex/src/error.rs	Regex
crates/regex/src/error.rs	regex	/Users/chrishafley/.cargo/registry/src/index.crates.io-1949cf8c6b5b557f/regex-automata-0.4.18/src/meta/error.rs	size_limit
crates/regex/src/error.rs	regex	/Users/chrishafley/.cargo/registry/src/index.crates.io-1949cf8c6b5b557f/regex-automata-0.4.18/src/meta/error.rs	syntax_error
crates/regex/src/error.rs	regex	crates/regex/src/error.rs	Regex
crates/regex/src/error.rs	regex	crates/regex/src/error.rs	generic
crates/regex/src/literal.rs	choose	crates/regex/src/literal.rs	has_poisonous_literal
crates/regex/src/literal.rs	choose	crates/regex/src/literal.rs	is_finite
crates/regex/src/literal.rs	choose	crates/regex/src/literal.rs	len
crates/regex/src/literal.rs	choose	crates/regex/src/literal.rs	make_inexact
crates/regex/src/literal.rs	choose	crates/regex/src/literal.rs	min_literal_len
crates/regex/src/literal.rs	cross	crates/regex/src/literal.rs	choose
crates/regex/src/literal.rs	cross	crates/regex/src/literal.rs	cross_forward
crates/regex/src/literal.rs	cross	crates/regex/src/literal.rs	enforce_literal_len
crates/regex/src/literal.rs	cross	crates/regex/src/literal.rs	make_infinite
crates/regex/src/literal.rs	cross	crates/regex/src/literal.rs	max_cross_len
crates/regex/src/literal.rs	cross_forward	/Users/chrishafley/.cargo/registry/src/index.crates.io-1949cf8c6b5b557f/regex-syntax-0.8.11/src/hir/literal.rs	cross_forward
crates/regex/src/literal.rs	dedup	/Users/chrishafley/.cargo/registry/src/index.crates.io-1949cf8c6b5b557f/regex-syntax-0.8.11/src/hir/literal.rs	dedup
crates/regex/src/literal.rs	empty	/Users/chrishafley/.cargo/registry/src/index.crates.io-1949cf8c6b5b557f/regex-syntax-0.8.11/src/hir/literal.rs	empty
crates/regex/src/literal.rs	enforce_literal_len	crates/regex/src/literal.rs	keep_first_bytes
crates/regex/src/literal.rs	extract	/Users/chrishafley/.cargo/registry/src/index.crates.io-1949cf8c6b5b557f/regex-syntax-0.8.11/src/hir/literal.rs	exact
crates/regex/src/literal.rs	extract	/Users/chrishafley/.cargo/registry/src/index.crates.io-1949cf8c6b5b557f/regex-syntax-0.8.11/src/hir/mod.rs	kind
crates/regex/src/literal.rs	extract	crates/regex/src/literal.rs	enforce_literal_len
crates/regex/src/literal.rs	extract	crates/regex/src/literal.rs	extract
crates/regex/src/literal.rs	extract	crates/regex/src/literal.rs	extract_alternation
crates/regex/src/literal.rs	extract	crates/regex/src/literal.rs	extract_class_bytes
crates/regex/src/literal.rs	extract	crates/regex/src/literal.rs	extract_class_unicode
crates/regex/src/literal.rs	extract	crates/regex/src/literal.rs	extract_concat
crates/regex/src/literal.rs	extract	crates/regex/src/literal.rs	extract_repetition
crates/regex/src/literal.rs	extract	crates/regex/src/literal.rs	singleton
crates/regex/src/literal.rs	extract_alternation	crates/regex/src/literal.rs	empty
crates/regex/src/literal.rs	extract_class_bytes	crates/regex/src/literal.rs	class_over_limit_bytes
crates/regex/src/literal.rs	extract_class_bytes	crates/regex/src/literal.rs	empty
crates/regex/src/literal.rs	extract_class_bytes	crates/regex/src/literal.rs	enforce_literal_len
crates/regex/src/literal.rs	extract_class_bytes	crates/regex/src/literal.rs	infinite
crates/regex/src/literal.rs	extract_class_unicode	crates/regex/src/literal.rs	class_over_limit_unicode
crates/regex/src/literal.rs	extract_class_unicode	crates/regex/src/literal.rs	empty
crates/regex/src/literal.rs	extract_class_unicode	crates/regex/src/literal.rs	enforce_literal_len
crates/regex/src/literal.rs	extract_class_unicode	crates/regex/src/literal.rs	infinite
crates/regex/src/literal.rs	extract_concat	/Users/chrishafley/.cargo/registry/src/index.crates.io-1949cf8c6b5b557f/regex-syntax-0.8.11/src/hir/literal.rs	exact
crates/regex/src/literal.rs	extract_concat	crates/regex/src/literal.rs	singleton
crates/regex/src/literal.rs	extract_repetition	/Users/chrishafley/.cargo/registry/src/index.crates.io-1949cf8c6b5b557f/regex-syntax-0.8.11/src/hir/literal.rs	exact
crates/regex/src/literal.rs	extract_repetition	crates/regex/src/literal.rs	extract
crates/regex/src/literal.rs	extract_repetition	crates/regex/src/literal.rs	make_inexact
crates/regex/src/literal.rs	extract_repetition	crates/regex/src/literal.rs	singleton
crates/regex/src/literal.rs	extract_repetition	crates/regex/src/literal.rs	union
crates/regex/src/literal.rs	extract_untagged	/Users/chrishafley/.cargo/registry/src/index.crates.io-1949cf8c6b5b557f/regex-syntax-0.8.11/src/hir/literal.rs	optimize_for_prefix_by_preference
crates/regex/src/literal.rs	extract_untagged	crates/regex/src/literal.rs	extract
crates/regex/src/literal.rs	extract_untagged	crates/regex/src/literal.rs	is_good
crates/regex/src/literal.rs	extract_untagged	crates/regex/src/literal.rs	make_infinite
crates/regex/src/literal.rs	has_poisonous_literal	crates/regex/src/literal.rs	literals
crates/regex/src/literal.rs	infinite	/Users/chrishafley/.cargo/registry/src/index.crates.io-1949cf8c6b5b557f/regex-syntax-0.8.11/src/hir/literal.rs	infinite
crates/regex/src/literal.rs	is_empty	/Users/chrishafley/.cargo/registry/src/index.crates.io-1949cf8c6b5b557f/regex-syntax-0.8.11/src/hir/literal.rs	is_empty
crates/regex/src/literal.rs	is_exact	/Users/chrishafley/.cargo/registry/src/index.crates.io-1949cf8c6b5b557f/regex-syntax-0.8.11/src/hir/literal.rs	is_exact
crates/regex/src/literal.rs	is_finite	/Users/chrishafley/.cargo/registry/src/index.crates.io-1949cf8c6b5b557f/regex-syntax-0.8.11/src/hir/literal.rs	is_finite
crates/regex/src/literal.rs	is_good	crates/regex/src/literal.rs	has_poisonous_literal
crates/regex/src/literal.rs	is_good	crates/regex/src/literal.rs	len
crates/regex/src/literal.rs	is_good	crates/regex/src/literal.rs	min_literal_len
crates/regex/src/literal.rs	is_inexact	/Users/chrishafley/.cargo/registry/src/index.crates.io-1949cf8c6b5b557f/regex-syntax-0.8.11/src/hir/literal.rs	is_inexact
crates/regex/src/literal.rs	is_poisonous	/Users/chrishafley/.cargo/registry/src/index.crates.io-1949cf8c6b5b557f/regex-syntax-0.8.11/src/hir/literal.rs	as_bytes
crates/regex/src/literal.rs	is_poisonous	/Users/chrishafley/.cargo/registry/src/index.crates.io-1949cf8c6b5b557f/regex-syntax-0.8.11/src/hir/literal.rs	is_empty
crates/regex/src/literal.rs	is_poisonous	/Users/chrishafley/.cargo/registry/src/index.crates.io-1949cf8c6b5b557f/regex-syntax-0.8.11/src/hir/literal.rs	len
crates/regex/src/literal.rs	is_poisonous	/Users/chrishafley/.cargo/registry/src/index.crates.io-1949cf8c6b5b557f/regex-syntax-0.8.11/src/hir/literal.rs	rank
crates/regex/src/literal.rs	is_really_good	crates/regex/src/literal.rs	has_poisonous_literal
crates/regex/src/literal.rs	is_really_good	crates/regex/src/literal.rs	len
crates/regex/src/literal.rs	is_really_good	crates/regex/src/literal.rs	min_literal_len
crates/regex/src/literal.rs	keep_first_bytes	/Users/chrishafley/.cargo/registry/src/index.crates.io-1949cf8c6b5b557f/regex-syntax-0.8.11/src/hir/literal.rs	keep_first_bytes
crates/regex/src/literal.rs	len	/Users/chrishafley/.cargo/registry/src/index.crates.io-1949cf8c6b5b557f/regex-syntax-0.8.11/src/hir/literal.rs	len
crates/regex/src/literal.rs	literals	/Users/chrishafley/.cargo/registry/src/index.crates.io-1949cf8c6b5b557f/regex-syntax-0.8.11/src/hir/literal.rs	literals
crates/regex/src/literal.rs	make_inexact	/Users/chrishafley/.cargo/registry/src/index.crates.io-1949cf8c6b5b557f/regex-syntax-0.8.11/src/hir/literal.rs	make_inexact
crates/regex/src/literal.rs	make_infinite	/Users/chrishafley/.cargo/registry/src/index.crates.io-1949cf8c6b5b557f/regex-syntax-0.8.11/src/hir/literal.rs	make_infinite
crates/regex/src/literal.rs	max_cross_len	/Users/chrishafley/.cargo/registry/src/index.crates.io-1949cf8c6b5b557f/regex-syntax-0.8.11/src/hir/literal.rs	max_cross_len
crates/regex/src/literal.rs	max_literal_len	/Users/chrishafley/.cargo/registry/src/index.crates.io-1949cf8c6b5b557f/regex-syntax-0.8.11/src/hir/literal.rs	max_literal_len
crates/regex/src/literal.rs	max_union_len	/Users/chrishafley/.cargo/registry/src/index.crates.io-1949cf8c6b5b557f/regex-syntax-0.8.11/src/hir/literal.rs	max_union_len
crates/regex/src/literal.rs	min_literal_len	/Users/chrishafley/.cargo/registry/src/index.crates.io-1949cf8c6b5b557f/regex-syntax-0.8.11/src/hir/literal.rs	min_literal_len
crates/regex/src/literal.rs	new	/Users/chrishafley/.cargo/registry/src/index.crates.io-1949cf8c6b5b557f/regex-automata-0.4.18/src/meta/regex.rs	is_accelerated
crates/regex/src/literal.rs	new	/Users/chrishafley/.cargo/registry/src/index.crates.io-1949cf8c6b5b557f/regex-syntax-0.8.11/src/hir/literal.rs	new
crates/regex/src/literal.rs	new	/Users/chrishafley/.cargo/registry/src/index.crates.io-1949cf8c6b5b557f/regex-syntax-0.8.11/src/hir/mod.rs	contains_word_unicode
crates/regex/src/literal.rs	new	/Users/chrishafley/.cargo/registry/src/index.crates.io-1949cf8c6b5b557f/regex-syntax-0.8.11/src/hir/mod.rs	is_alternation_literal
crates/regex/src/literal.rs	new	/Users/chrishafley/.cargo/registry/src/index.crates.io-1949cf8c6b5b557f/regex-syntax-0.8.11/src/hir/mod.rs	look_set
crates/regex/src/literal.rs	new	/Users/chrishafley/.cargo/registry/src/index.crates.io-1949cf8c6b5b557f/regex-syntax-0.8.11/src/hir/mod.rs	properties
crates/regex/src/literal.rs	new	crates/regex/src/config.rs	config
crates/regex/src/literal.rs	new	crates/regex/src/config.rs	hir
crates/regex/src/literal.rs	new	crates/regex/src/literal.rs	extract_untagged
crates/regex/src/literal.rs	new	crates/regex/src/literal.rs	new
crates/regex/src/literal.rs	new	crates/regex/src/literal.rs	none
crates/regex/src/literal.rs	none	/Users/chrishafley/.cargo/registry/src/index.crates.io-1949cf8c6b5b557f/regex-syntax-0.8.11/src/hir/literal.rs	infinite
crates/regex/src/literal.rs	one_regex	/Users/chrishafley/.cargo/registry/src/index.crates.io-1949cf8c6b5b557f/regex-syntax-0.8.11/src/hir/literal.rs	literals
crates/regex/src/literal.rs	one_regex	/Users/chrishafley/.cargo/registry/src/index.crates.io-1949cf8c6b5b557f/regex-syntax-0.8.11/src/hir/mod.rs	alternation
crates/regex/src/literal.rs	push	/Users/chrishafley/.cargo/registry/src/index.crates.io-1949cf8c6b5b557f/regex-syntax-0.8.11/src/hir/literal.rs	push
crates/regex/src/literal.rs	singleton	/Users/chrishafley/.cargo/registry/src/index.crates.io-1949cf8c6b5b557f/regex-syntax-0.8.11/src/hir/literal.rs	singleton
crates/regex/src/literal.rs	sort	/Users/chrishafley/.cargo/registry/src/index.crates.io-1949cf8c6b5b557f/regex-syntax-0.8.11/src/hir/literal.rs	sort
crates/regex/src/literal.rs	union	/Users/chrishafley/.cargo/registry/src/index.crates.io-1949cf8c6b5b557f/regex-syntax-0.8.11/src/hir/literal.rs	union
crates/regex/src/literal.rs	union	crates/regex/src/literal.rs	dedup
crates/regex/src/literal.rs	union	crates/regex/src/literal.rs	keep_first_bytes
crates/regex/src/literal.rs	union	crates/regex/src/literal.rs	make_infinite
crates/regex/src/literal.rs	union	crates/regex/src/literal.rs	max_union_len
crates/regex/src/literal.rs	union	crates/regex/src/literal.rs	union
crates/regex/src/matcher.rs	build	crates/regex/src/matcher.rs	build_many
crates/regex/src/matcher.rs	build_literals	crates/regex/src/matcher.rs	build_many
crates/regex/src/matcher.rs	capture_count	/Users/chrishafley/.cargo/registry/src/index.crates.io-1949cf8c6b5b557f/regex-automata-0.4.18/src/meta/regex.rs	captures_len
crates/regex/src/matcher.rs	capture_index	/Users/chrishafley/.cargo/registry/src/index.crates.io-1949cf8c6b5b557f/regex-automata-0.4.18/src/meta/regex.rs	group_info
crates/regex/src/matcher.rs	capture_index	/Users/chrishafley/.cargo/registry/src/index.crates.io-1949cf8c6b5b557f/regex-automata-0.4.18/src/util/captures.rs	to_index
crates/regex/src/matcher.rs	captures_at	/Users/chrishafley/.cargo/registry/src/index.crates.io-1949cf8c6b5b557f/regex-automata-0.4.18/src/meta/regex.rs	search_captures
crates/regex/src/matcher.rs	captures_at	/Users/chrishafley/.cargo/registry/src/index.crates.io-1949cf8c6b5b557f/regex-automata-0.4.18/src/util/captures.rs	is_match
crates/regex/src/matcher.rs	captures_at	/Users/chrishafley/.cargo/registry/src/index.crates.io-1949cf8c6b5b557f/regex-automata-0.4.18/src/util/search.rs	new
crates/regex/src/matcher.rs	captures_at	/Users/chrishafley/.cargo/registry/src/index.crates.io-1949cf8c6b5b557f/regex-automata-0.4.18/src/util/search.rs	span
crates/regex/src/matcher.rs	captures_at	crates/regex/src/matcher.rs	captures_mut
crates/regex/src/matcher.rs	crlf	crates/matcher/src/lib.rs	crlf
crates/regex/src/matcher.rs	default	crates/regex/src/matcher.rs	new
crates/regex/src/matcher.rs	find_at	/Users/chrishafley/.cargo/registry/src/index.crates.io-1949cf8c6b5b557f/regex-automata-0.4.18/src/meta/regex.rs	find
crates/regex/src/matcher.rs	find_at	/Users/chrishafley/.cargo/registry/src/index.crates.io-1949cf8c6b5b557f/regex-automata-0.4.18/src/util/search.rs	new
crates/regex/src/matcher.rs	find_at	/Users/chrishafley/.cargo/registry/src/index.crates.io-1949cf8c6b5b557f/regex-automata-0.4.18/src/util/search.rs	span
crates/regex/src/matcher.rs	find_at	crates/matcher/src/lib.rs	new
crates/regex/src/matcher.rs	find_candidate_line	/Users/chrishafley/.cargo/registry/src/index.crates.io-1949cf8c6b5b557f/regex-automata-0.4.18/src/util/search.rs	new
crates/regex/src/matcher.rs	find_candidate_line	crates/matcher/src/lib.rs	Candidate
crates/regex/src/matcher.rs	get	/Users/chrishafley/.cargo/registry/src/index.crates.io-1949cf8c6b5b557f/regex-automata-0.4.18/src/util/captures.rs	get_group
crates/regex/src/matcher.rs	get	crates/matcher/src/lib.rs	new
crates/regex/src/matcher.rs	len	/Users/chrishafley/.cargo/registry/src/index.crates.io-1949cf8c6b5b557f/regex-automata-0.4.18/src/util/captures.rs	all_group_len
crates/regex/src/matcher.rs	len	/Users/chrishafley/.cargo/registry/src/index.crates.io-1949cf8c6b5b557f/regex-automata-0.4.18/src/util/captures.rs	group_info
crates/regex/src/matcher.rs	new	crates/regex/src/matcher.rs	build
crates/regex/src/matcher.rs	new	crates/regex/src/matcher.rs	new
crates/regex/src/matcher.rs	new_captures	/Users/chrishafley/.cargo/registry/src/index.crates.io-1949cf8c6b5b557f/regex-automata-0.4.18/src/meta/regex.rs	create_captures
crates/regex/src/matcher.rs	new_captures	crates/regex/src/matcher.rs	new
crates/regex/src/matcher.rs	new_line_matcher	crates/regex/src/matcher.rs	build
crates/regex/src/matcher.rs	new_line_matcher	crates/regex/src/matcher.rs	line_terminator
crates/regex/src/matcher.rs	new_line_matcher	crates/regex/src/matcher.rs	new
crates/regex/src/matcher.rs	shortest_match_at	/Users/chrishafley/.cargo/registry/src/index.crates.io-1949cf8c6b5b557f/regex-automata-0.4.18/src/meta/regex.rs	search_half
crates/regex/src/matcher.rs	shortest_match_at	/Users/chrishafley/.cargo/registry/src/index.crates.io-1949cf8c6b5b557f/regex-automata-0.4.18/src/util/search.rs	new
crates/regex/src/matcher.rs	shortest_match_at	/Users/chrishafley/.cargo/registry/src/index.crates.io-1949cf8c6b5b557f/regex-automata-0.4.18/src/util/search.rs	span
crates/regex/src/non_matching.rs	non_matching_bytes	crates/matcher/src/lib.rs	full
crates/regex/src/non_matching.rs	non_matching_bytes	crates/regex/src/non_matching.rs	remove_matching_bytes
crates/regex/src/non_matching.rs	remove_matching_bytes	/Users/chrishafley/.cargo/registry/src/index.crates.io-1949cf8c6b5b557f/regex-syntax-0.8.11/src/hir/mod.rs	kind
crates/regex/src/non_matching.rs	remove_matching_bytes	crates/matcher/src/lib.rs	remove
crates/regex/src/non_matching.rs	remove_matching_bytes	crates/regex/src/non_matching.rs	remove_matching_bytes
crates/regex/src/strip.rs	strip_from_match	crates/matcher/src/lib.rs	as_byte
crates/regex/src/strip.rs	strip_from_match	crates/matcher/src/lib.rs	is_crlf
crates/regex/src/strip.rs	strip_from_match	crates/regex/src/strip.rs	strip_from_match_ascii
crates/regex/src/strip.rs	strip_from_match_ascii	/Users/chrishafley/.cargo/registry/src/index.crates.io-1949cf8c6b5b557f/regex-syntax-0.8.11/src/hir/mod.rs	Bytes
crates/regex/src/strip.rs	strip_from_match_ascii	/Users/chrishafley/.cargo/registry/src/index.crates.io-1949cf8c6b5b557f/regex-syntax-0.8.11/src/hir/mod.rs	Unicode
crates/regex/src/strip.rs	strip_from_match_ascii	/Users/chrishafley/.cargo/registry/src/index.crates.io-1949cf8c6b5b557f/regex-syntax-0.8.11/src/hir/mod.rs	alternation
crates/regex/src/strip.rs	strip_from_match_ascii	/Users/chrishafley/.cargo/registry/src/index.crates.io-1949cf8c6b5b557f/regex-syntax-0.8.11/src/hir/mod.rs	capture
crates/regex/src/strip.rs	strip_from_match_ascii	/Users/chrishafley/.cargo/registry/src/index.crates.io-1949cf8c6b5b557f/regex-syntax-0.8.11/src/hir/mod.rs	class
crates/regex/src/strip.rs	strip_from_match_ascii	/Users/chrishafley/.cargo/registry/src/index.crates.io-1949cf8c6b5b557f/regex-syntax-0.8.11/src/hir/mod.rs	concat
crates/regex/src/strip.rs	strip_from_match_ascii	/Users/chrishafley/.cargo/registry/src/index.crates.io-1949cf8c6b5b557f/regex-syntax-0.8.11/src/hir/mod.rs	difference
crates/regex/src/strip.rs	strip_from_match_ascii	/Users/chrishafley/.cargo/registry/src/index.crates.io-1949cf8c6b5b557f/regex-syntax-0.8.11/src/hir/mod.rs	empty
crates/regex/src/strip.rs	strip_from_match_ascii	/Users/chrishafley/.cargo/registry/src/index.crates.io-1949cf8c6b5b557f/regex-syntax-0.8.11/src/hir/mod.rs	into_kind
crates/regex/src/strip.rs	strip_from_match_ascii	/Users/chrishafley/.cargo/registry/src/index.crates.io-1949cf8c6b5b557f/regex-syntax-0.8.11/src/hir/mod.rs	literal
crates/regex/src/strip.rs	strip_from_match_ascii	/Users/chrishafley/.cargo/registry/src/index.crates.io-1949cf8c6b5b557f/regex-syntax-0.8.11/src/hir/mod.rs	look
crates/regex/src/strip.rs	strip_from_match_ascii	/Users/chrishafley/.cargo/registry/src/index.crates.io-1949cf8c6b5b557f/regex-syntax-0.8.11/src/hir/mod.rs	new
crates/regex/src/strip.rs	strip_from_match_ascii	/Users/chrishafley/.cargo/registry/src/index.crates.io-1949cf8c6b5b557f/regex-syntax-0.8.11/src/hir/mod.rs	ranges
crates/regex/src/strip.rs	strip_from_match_ascii	/Users/chrishafley/.cargo/registry/src/index.crates.io-1949cf8c6b5b557f/regex-syntax-0.8.11/src/hir/mod.rs	repetition
crates/regex/src/strip.rs	strip_from_match_ascii	crates/regex/src/error.rs	InvalidLineTerminator
crates/regex/src/strip.rs	strip_from_match_ascii	crates/regex/src/error.rs	NotAllowed
crates/regex/src/strip.rs	strip_from_match_ascii	crates/regex/src/error.rs	new
crates/searcher/examples/search-stdin.rs	main	crates/searcher/examples/search-stdin.rs	example
crates/searcher/src/line_buffer.rs	absolute_byte_offset	crates/searcher/src/line_buffer.rs	absolute_byte_offset
crates/searcher/src/line_buffer.rs	binary_byte_offset	crates/searcher/src/line_buffer.rs	binary_byte_offset
crates/searcher/src/line_buffer.rs	buffer	crates/searcher/src/line_buffer.rs	buffer
crates/searcher/src/line_buffer.rs	consume	crates/searcher/src/line_buffer.rs	consume
crates/searcher/src/line_buffer.rs	ensure_capacity	crates/searcher/src/line_buffer.rs	alloc_error
crates/searcher/src/line_buffer.rs	ensure_capacity	crates/searcher/src/line_buffer.rs	free_buffer
crates/searcher/src/line_buffer.rs	fill	/Users/chrishafley/.cargo/registry/src/index.crates.io-1949cf8c6b5b557f/bstr-1.13.0/src/ext_slice.rs	rfind_byte
crates/searcher/src/line_buffer.rs	fill	crates/searcher/src/line_buffer.rs	buffer
crates/searcher/src/line_buffer.rs	fill	crates/searcher/src/line_buffer.rs	fill
crates/searcher/src/line_buffer.rs	fill	crates/searcher/src/line_buffer.rs	is_quit
crates/searcher/src/line_buffer.rs	fill	crates/searcher/src/line_buffer.rs	replace_bytes
crates/searcher/src/line_buffer.rs	fill	crates/searcher/src/line_buffer.rs	roll
crates/searcher/src/line_buffer.rs	new	crates/searcher/src/line_buffer.rs	clear
crates/searcher/src/line_buffer.rs	replace_bytes	/Users/chrishafley/.cargo/registry/src/index.crates.io-1949cf8c6b5b557f/bstr-1.13.0/src/ext_slice.rs	find_byte
crates/searcher/src/lines.rs	count	/Users/chrishafley/.cargo/registry/src/index.crates.io-1949cf8c6b5b557f/memchr-2.8.3/src/memchr.rs	memchr_iter
crates/searcher/src/lines.rs	locate	crates/matcher/src/lib.rs	end
crates/searcher/src/lines.rs	locate	crates/matcher/src/lib.rs	new
crates/searcher/src/lines.rs	new	crates/searcher/src/lines.rs	new
crates/searcher/src/lines.rs	next	crates/searcher/src/lines.rs	next_impl
crates/searcher/src/lines.rs	next	crates/searcher/src/lines.rs	next_match
crates/searcher/src/lines.rs	next_match	crates/matcher/src/lib.rs	new
crates/searcher/src/lines.rs	next_match	crates/searcher/src/lines.rs	next_impl
crates/searcher/src/lines.rs	preceding	crates/searcher/src/lines.rs	preceding_by_pos
crates/searcher/src/lines.rs	without_terminator	crates/matcher/src/lib.rs	as_bytes
crates/searcher/src/searcher/core.rs	after_context_by_line	crates/matcher/src/lib.rs	as_byte
crates/searcher/src/searcher/core.rs	after_context_by_line	crates/matcher/src/lib.rs	end
crates/searcher/src/searcher/core.rs	after_context_by_line	crates/matcher/src/lib.rs	new
crates/searcher/src/searcher/core.rs	after_context_by_line	crates/matcher/src/lib.rs	start
crates/searcher/src/searcher/core.rs	after_context_by_line	crates/searcher/src/lines.rs	new
crates/searcher/src/searcher/core.rs	after_context_by_line	crates/searcher/src/lines.rs	next_match
crates/searcher/src/searcher/core.rs	after_context_by_line	crates/searcher/src/searcher/core.rs	has_exceeded_match_limit
crates/searcher/src/searcher/core.rs	after_context_by_line	crates/searcher/src/searcher/core.rs	set_pos
crates/searcher/src/searcher/core.rs	before_context_by_line	crates/matcher/src/lib.rs	as_byte
crates/searcher/src/searcher/core.rs	before_context_by_line	crates/matcher/src/lib.rs	end
crates/searcher/src/searcher/core.rs	before_context_by_line	crates/matcher/src/lib.rs	is_empty
crates/searcher/src/searcher/core.rs	before_context_by_line	crates/matcher/src/lib.rs	new
crates/searcher/src/searcher/core.rs	before_context_by_line	crates/matcher/src/lib.rs	start
crates/searcher/src/searcher/core.rs	before_context_by_line	crates/searcher/src/lines.rs	new
crates/searcher/src/searcher/core.rs	before_context_by_line	crates/searcher/src/lines.rs	next_match
crates/searcher/src/searcher/core.rs	before_context_by_line	crates/searcher/src/lines.rs	preceding
crates/searcher/src/searcher/core.rs	begin	crates/searcher/src/sink.rs	begin
crates/searcher/src/searcher/core.rs	binary_data	crates/searcher/src/sink.rs	binary_data
crates/searcher/src/searcher/core.rs	count_lines	crates/matcher/src/lib.rs	as_byte
crates/searcher/src/searcher/core.rs	count_lines	crates/searcher/src/lines.rs	count
crates/searcher/src/searcher/core.rs	detect_binary	crates/matcher/src/lib.rs	start
crates/searcher/src/searcher/core.rs	detect_binary	crates/searcher/src/searcher/mod.rs	quit_byte
crates/searcher/src/searcher/core.rs	find	crates/matcher/src/lib.rs	find
crates/searcher/src/searcher/core.rs	find	crates/searcher/src/searcher/core.rs	has_exceeded_match_limit
crates/searcher/src/searcher/core.rs	find	crates/searcher/src/searcher/core.rs	increment_count
crates/searcher/src/searcher/core.rs	find	crates/searcher/src/searcher/core.rs	matcher
crates/searcher/src/searcher/core.rs	find	crates/searcher/src/sink.rs	error_message
crates/searcher/src/searcher/core.rs	find_by_line_fast	crates/matcher/src/lib.rs	as_byte
crates/searcher/src/searcher/core.rs	find_by_line_fast	crates/matcher/src/lib.rs	end
crates/searcher/src/searcher/core.rs	find_by_line_fast	crates/matcher/src/lib.rs	find_candidate_line
crates/searcher/src/searcher/core.rs	find_by_line_fast	crates/matcher/src/lib.rs	offset
crates/searcher/src/searcher/core.rs	find_by_line_fast	crates/matcher/src/lib.rs	start
crates/searcher/src/searcher/core.rs	find_by_line_fast	crates/matcher/src/lib.rs	zero
crates/searcher/src/searcher/core.rs	find_by_line_fast	crates/searcher/src/lines.rs	locate
crates/searcher/src/searcher/core.rs	find_by_line_fast	crates/searcher/src/searcher/core.rs	has_exceeded_match_limit
crates/searcher/src/searcher/core.rs	find_by_line_fast	crates/searcher/src/searcher/core.rs	pos
crates/searcher/src/searcher/core.rs	find_by_line_fast	crates/searcher/src/sink.rs	error_message
crates/searcher/src/searcher/core.rs	finish	crates/searcher/src/sink.rs	finish
crates/searcher/src/searcher/core.rs	has_exceeded_match_limit	crates/searcher/src/searcher/core.rs	count
crates/searcher/src/searcher/core.rs	is_line_by_line_fast	crates/matcher/src/lib.rs	as_byte
crates/searcher/src/searcher/core.rs	is_line_by_line_fast	crates/matcher/src/lib.rs	line_terminator
crates/searcher/src/searcher/core.rs	is_line_by_line_fast	crates/matcher/src/lib.rs	non_matching_bytes
crates/searcher/src/searcher/core.rs	is_match	crates/matcher/src/lib.rs	is_match
crates/searcher/src/searcher/core.rs	is_match	crates/searcher/src/lines.rs	without_terminator
crates/searcher/src/searcher/core.rs	match_by_line	crates/searcher/src/searcher/core.rs	is_line_by_line_fast
crates/searcher/src/searcher/core.rs	match_by_line	crates/searcher/src/searcher/core.rs	match_by_line_slow
crates/searcher/src/searcher/core.rs	match_by_line_fast	crates/searcher/src/searcher/core.rs	has_exceeded_match_limit
crates/searcher/src/searcher/core.rs	match_by_line_fast	crates/searcher/src/searcher/core.rs	increment_count
crates/searcher/src/searcher/core.rs	match_by_line_fast	crates/searcher/src/searcher/core.rs	set_pos
crates/searcher/src/searcher/core.rs	match_by_line_fast	crates/searcher/src/searcher/mod.rs	max_context
crates/searcher/src/searcher/core.rs	match_by_line_fast_invert	crates/matcher/src/lib.rs	as_byte
crates/searcher/src/searcher/core.rs	match_by_line_fast_invert	crates/matcher/src/lib.rs	end
crates/searcher/src/searcher/core.rs	match_by_line_fast_invert	crates/matcher/src/lib.rs	is_empty
crates/searcher/src/searcher/core.rs	match_by_line_fast_invert	crates/matcher/src/lib.rs	new
crates/searcher/src/searcher/core.rs	match_by_line_fast_invert	crates/matcher/src/lib.rs	start
crates/searcher/src/searcher/core.rs	match_by_line_fast_invert	crates/searcher/src/lines.rs	new
crates/searcher/src/searcher/core.rs	match_by_line_fast_invert	crates/searcher/src/lines.rs	next_match
crates/searcher/src/searcher/core.rs	match_by_line_fast_invert	crates/searcher/src/searcher/core.rs	has_exceeded_match_limit
crates/searcher/src/searcher/core.rs	match_by_line_fast_invert	crates/searcher/src/searcher/core.rs	increment_count
crates/searcher/src/searcher/core.rs	match_by_line_fast_invert	crates/searcher/src/searcher/core.rs	pos
crates/searcher/src/searcher/core.rs	match_by_line_fast_invert	crates/searcher/src/searcher/core.rs	set_pos
crates/searcher/src/searcher/core.rs	match_by_line_slow	crates/matcher/src/lib.rs	as_byte
crates/searcher/src/searcher/core.rs	match_by_line_slow	crates/matcher/src/lib.rs	end
crates/searcher/src/searcher/core.rs	match_by_line_slow	crates/matcher/src/lib.rs	new
crates/searcher/src/searcher/core.rs	match_by_line_slow	crates/matcher/src/lib.rs	start
crates/searcher/src/searcher/core.rs	match_by_line_slow	crates/searcher/src/lines.rs	new
crates/searcher/src/searcher/core.rs	match_by_line_slow	crates/searcher/src/lines.rs	next_match
crates/searcher/src/searcher/core.rs	match_by_line_slow	crates/searcher/src/lines.rs	without_terminator
crates/searcher/src/searcher/core.rs	match_by_line_slow	crates/searcher/src/searcher/core.rs	has_exceeded_match_limit
crates/searcher/src/searcher/core.rs	match_by_line_slow	crates/searcher/src/searcher/core.rs	increment_count
crates/searcher/src/searcher/core.rs	match_by_line_slow	crates/searcher/src/searcher/core.rs	pos
crates/searcher/src/searcher/core.rs	match_by_line_slow	crates/searcher/src/searcher/core.rs	set_pos
crates/searcher/src/searcher/core.rs	matched	crates/searcher/src/searcher/core.rs	sink_matched
crates/searcher/src/searcher/core.rs	new	crates/searcher/src/searcher/core.rs	is_line_by_line_fast
crates/searcher/src/searcher/core.rs	new	crates/searcher/src/searcher/mod.rs	multi_line_with_matcher
crates/searcher/src/searcher/core.rs	other_context_by_line	crates/matcher/src/lib.rs	as_byte
crates/searcher/src/searcher/core.rs	other_context_by_line	crates/matcher/src/lib.rs	end
crates/searcher/src/searcher/core.rs	other_context_by_line	crates/matcher/src/lib.rs	new
crates/searcher/src/searcher/core.rs	other_context_by_line	crates/matcher/src/lib.rs	start
crates/searcher/src/searcher/core.rs	other_context_by_line	crates/searcher/src/lines.rs	new
crates/searcher/src/searcher/core.rs	other_context_by_line	crates/searcher/src/lines.rs	next_match
crates/searcher/src/searcher/core.rs	roll	crates/matcher/src/lib.rs	as_byte
crates/searcher/src/searcher/core.rs	roll	crates/searcher/src/lines.rs	preceding
crates/searcher/src/searcher/core.rs	roll	crates/searcher/src/searcher/core.rs	count_lines
crates/searcher/src/searcher/core.rs	roll	crates/searcher/src/searcher/core.rs	set_pos
crates/searcher/src/searcher/core.rs	roll	crates/searcher/src/searcher/mod.rs	max_context
crates/searcher/src/searcher/core.rs	shortest_match	crates/matcher/src/lib.rs	shortest_match
crates/searcher/src/searcher/core.rs	shortest_match	crates/searcher/src/searcher/core.rs	has_exceeded_match_limit
crates/searcher/src/searcher/core.rs	shortest_match	crates/searcher/src/sink.rs	error_message
crates/searcher/src/searcher/core.rs	sink_after_context	crates/matcher/src/lib.rs	end
crates/searcher/src/searcher/core.rs	sink_after_context	crates/matcher/src/lib.rs	start
crates/searcher/src/searcher/core.rs	sink_after_context	crates/searcher/src/searcher/core.rs	count_lines
crates/searcher/src/searcher/core.rs	sink_before_context	crates/matcher/src/lib.rs	end
crates/searcher/src/searcher/core.rs	sink_before_context	crates/matcher/src/lib.rs	start
crates/searcher/src/searcher/core.rs	sink_before_context	crates/searcher/src/searcher/core.rs	count_lines
crates/searcher/src/searcher/core.rs	sink_break_context	crates/searcher/src/sink.rs	context_break
crates/searcher/src/searcher/core.rs	sink_matched	crates/matcher/src/lib.rs	end
crates/searcher/src/searcher/core.rs	sink_matched	crates/matcher/src/lib.rs	start
crates/searcher/src/searcher/core.rs	sink_matched	crates/searcher/src/searcher/core.rs	count_lines
crates/searcher/src/searcher/core.rs	sink_other_context	crates/matcher/src/lib.rs	end
crates/searcher/src/searcher/core.rs	sink_other_context	crates/matcher/src/lib.rs	start
crates/searcher/src/searcher/core.rs	sink_other_context	crates/searcher/src/searcher/core.rs	count_lines
crates/searcher/src/searcher/glue.rs	advance	crates/matcher/src/lib.rs	end
crates/searcher/src/searcher/glue.rs	advance	crates/matcher/src/lib.rs	is_empty
crates/searcher/src/searcher/glue.rs	advance	crates/searcher/src/searcher/core.rs	pos
crates/searcher/src/searcher/glue.rs	advance	crates/searcher/src/searcher/core.rs	set_pos
crates/searcher/src/searcher/glue.rs	byte_count	crates/searcher/src/searcher/core.rs	binary_byte_offset
crates/searcher/src/searcher/glue.rs	byte_count	crates/searcher/src/searcher/core.rs	pos
crates/searcher/src/searcher/glue.rs	consume_remaining	crates/searcher/src/line_buffer.rs	consume
crates/searcher/src/searcher/glue.rs	consume_remaining	crates/searcher/src/searcher/core.rs	pos
crates/searcher/src/searcher/glue.rs	fill	crates/searcher/src/line_buffer.rs	binary_byte_offset
crates/searcher/src/searcher/glue.rs	fill	crates/searcher/src/line_buffer.rs	buffer
crates/searcher/src/searcher/glue.rs	fill	crates/searcher/src/line_buffer.rs	consume
crates/searcher/src/searcher/glue.rs	fill	crates/searcher/src/line_buffer.rs	fill
crates/searcher/src/searcher/glue.rs	fill	crates/searcher/src/searcher/core.rs	roll
crates/searcher/src/searcher/glue.rs	fill	crates/searcher/src/searcher/glue.rs	should_binary_quit
crates/searcher/src/searcher/glue.rs	fill	crates/searcher/src/sink.rs	error_io
crates/searcher/src/searcher/glue.rs	find	crates/searcher/src/searcher/core.rs	find
crates/searcher/src/searcher/glue.rs	find	crates/searcher/src/searcher/core.rs	pos
crates/searcher/src/searcher/glue.rs	new	crates/searcher/src/searcher/core.rs	new
crates/searcher/src/searcher/glue.rs	run	crates/matcher/src/lib.rs	new
crates/searcher/src/searcher/glue.rs	run	crates/searcher/src/line_buffer.rs	absolute_byte_offset
crates/searcher/src/searcher/glue.rs	run	crates/searcher/src/line_buffer.rs	binary_byte_offset
crates/searcher/src/searcher/glue.rs	run	crates/searcher/src/searcher/core.rs	binary_byte_offset
crates/searcher/src/searcher/glue.rs	run	crates/searcher/src/searcher/core.rs	finish
crates/searcher/src/searcher/glue.rs	run	crates/searcher/src/searcher/glue.rs	byte_count
crates/searcher/src/searcher/glue.rs	run	crates/searcher/src/searcher/glue.rs	consume_remaining
crates/searcher/src/searcher/glue.rs	should_binary_quit	crates/searcher/src/line_buffer.rs	binary_byte_offset
crates/searcher/src/searcher/glue.rs	should_binary_quit	crates/searcher/src/searcher/mod.rs	quit_byte
crates/searcher/src/searcher/glue.rs	sink	crates/matcher/src/lib.rs	as_byte
crates/searcher/src/searcher/glue.rs	sink	crates/matcher/src/lib.rs	end
crates/searcher/src/searcher/glue.rs	sink	crates/matcher/src/lib.rs	start
crates/searcher/src/searcher/glue.rs	sink	crates/searcher/src/lines.rs	locate
crates/searcher/src/searcher/glue.rs	sink	crates/searcher/src/searcher/core.rs	set_pos
crates/searcher/src/searcher/glue.rs	sink	crates/searcher/src/searcher/glue.rs	advance
crates/searcher/src/searcher/glue.rs	sink	crates/searcher/src/searcher/glue.rs	sink_matched
crates/searcher/src/searcher/glue.rs	sink	crates/searcher/src/searcher/glue.rs	sink_matched_inverted
crates/searcher/src/searcher/glue.rs	sink_matched	crates/matcher/src/lib.rs	is_empty
crates/searcher/src/searcher/glue.rs	sink_matched	crates/searcher/src/searcher/core.rs	matched
crates/searcher/src/searcher/glue.rs	sink_matched_inverted	crates/matcher/src/lib.rs	as_byte
crates/searcher/src/searcher/glue.rs	sink_matched_inverted	crates/matcher/src/lib.rs	end
crates/searcher/src/searcher/glue.rs	sink_matched_inverted	crates/matcher/src/lib.rs	is_empty
crates/searcher/src/searcher/glue.rs	sink_matched_inverted	crates/matcher/src/lib.rs	new
crates/searcher/src/searcher/glue.rs	sink_matched_inverted	crates/matcher/src/lib.rs	start
crates/searcher/src/searcher/glue.rs	sink_matched_inverted	crates/searcher/src/lines.rs	locate
crates/searcher/src/searcher/glue.rs	sink_matched_inverted	crates/searcher/src/lines.rs	new
crates/searcher/src/searcher/glue.rs	sink_matched_inverted	crates/searcher/src/lines.rs	next_match
crates/searcher/src/searcher/glue.rs	sink_matched_inverted	crates/searcher/src/searcher/core.rs	pos
crates/searcher/src/searcher/glue.rs	sink_matched_inverted	crates/searcher/src/searcher/core.rs	set_pos
crates/searcher/src/searcher/glue.rs	sink_matched_inverted	crates/searcher/src/searcher/glue.rs	advance
crates/searcher/src/searcher/mmap.rs	auto	crates/searcher/src/searcher/mmap.rs	MmapChoice
crates/searcher/src/searcher/mmap.rs	default	crates/searcher/src/searcher/mmap.rs	MmapChoice
crates/searcher/src/searcher/mmap.rs	never	crates/searcher/src/searcher/mmap.rs	MmapChoice
crates/searcher/src/searcher/mmap.rs	open	/Users/chrishafley/.cargo/registry/src/index.crates.io-1949cf8c6b5b557f/memmap2-0.9.11/src/lib.rs	map
crates/searcher/src/searcher/mmap.rs	open	crates/searcher/src/searcher/mmap.rs	is_enabled
crates/searcher/src/searcher/mod.rs	build	/Users/chrishafley/.cargo/registry/src/index.crates.io-1949cf8c6b5b557f/encoding_rs_io-0.1.8/src/lib.rs	bom_override
crates/searcher/src/searcher/mod.rs	build	/Users/chrishafley/.cargo/registry/src/index.crates.io-1949cf8c6b5b557f/encoding_rs_io-0.1.8/src/lib.rs	bom_sniffing
crates/searcher/src/searcher/mod.rs	build	/Users/chrishafley/.cargo/registry/src/index.crates.io-1949cf8c6b5b557f/encoding_rs_io-0.1.8/src/lib.rs	encoding
crates/searcher/src/searcher/mod.rs	build	/Users/chrishafley/.cargo/registry/src/index.crates.io-1949cf8c6b5b557f/encoding_rs_io-0.1.8/src/lib.rs	new
crates/searcher/src/searcher/mod.rs	build	/Users/chrishafley/.cargo/registry/src/index.crates.io-1949cf8c6b5b557f/encoding_rs_io-0.1.8/src/lib.rs	strip_bom
crates/searcher/src/searcher/mod.rs	build	/Users/chrishafley/.cargo/registry/src/index.crates.io-1949cf8c6b5b557f/encoding_rs_io-0.1.8/src/lib.rs	utf8_passthru
crates/searcher/src/searcher/mod.rs	build	crates/searcher/src/searcher/mod.rs	line_buffer
crates/searcher/src/searcher/mod.rs	check_config	crates/matcher/src/lib.rs	line_terminator
crates/searcher/src/searcher/mod.rs	check_config	crates/searcher/src/searcher/mmap.rs	is_enabled
crates/searcher/src/searcher/mod.rs	convert	crates/searcher/src/line_buffer.rs	Convert
crates/searcher/src/searcher/mod.rs	convert	crates/searcher/src/searcher/mod.rs	BinaryDetection
crates/searcher/src/searcher/mod.rs	default	crates/searcher/src/searcher/mod.rs	new
crates/searcher/src/searcher/mod.rs	fill_multi_line_buffer_from_file	crates/searcher/src/searcher/mod.rs	fill_multi_line_buffer_from_reader
crates/searcher/src/searcher/mod.rs	fill_multi_line_buffer_from_reader	crates/searcher/src/line_buffer.rs	alloc_error
crates/searcher/src/searcher/mod.rs	fill_multi_line_buffer_from_reader	crates/searcher/src/sink.rs	error_io
crates/searcher/src/searcher/mod.rs	line_buffer	crates/matcher/src/lib.rs	as_byte
crates/searcher/src/searcher/mod.rs	line_buffer	crates/searcher/src/line_buffer.rs	Error
crates/searcher/src/searcher/mod.rs	line_buffer	crates/searcher/src/line_buffer.rs	binary_detection
crates/searcher/src/searcher/mod.rs	line_buffer	crates/searcher/src/line_buffer.rs	buffer_alloc
crates/searcher/src/searcher/mod.rs	line_buffer	crates/searcher/src/line_buffer.rs	build
crates/searcher/src/searcher/mod.rs	line_buffer	crates/searcher/src/line_buffer.rs	capacity
crates/searcher/src/searcher/mod.rs	line_buffer	crates/searcher/src/line_buffer.rs	line_terminator
crates/searcher/src/searcher/mod.rs	line_buffer	crates/searcher/src/line_buffer.rs	new
crates/searcher/src/searcher/mod.rs	multi_line_with_matcher	crates/matcher/src/lib.rs	as_byte
crates/searcher/src/searcher/mod.rs	multi_line_with_matcher	crates/matcher/src/lib.rs	line_terminator
crates/searcher/src/searcher/mod.rs	multi_line_with_matcher	crates/matcher/src/lib.rs	non_matching_bytes
crates/searcher/src/searcher/mod.rs	multi_line_with_matcher	crates/searcher/src/searcher/mod.rs	line_terminator
crates/searcher/src/searcher/mod.rs	multi_line_with_matcher	crates/searcher/src/searcher/mod.rs	multi_line
crates/searcher/src/searcher/mod.rs	new	/Users/chrishafley/.cargo/registry/src/index.crates.io-1949cf8c6b5b557f/encoding_rs-0.8.35/src/lib.rs	for_label_no_replacement
crates/searcher/src/searcher/mod.rs	new	crates/searcher/src/searcher/mod.rs	Encoding
crates/searcher/src/searcher/mod.rs	new	crates/searcher/src/searcher/mod.rs	build
crates/searcher/src/searcher/mod.rs	new	crates/searcher/src/searcher/mod.rs	new
crates/searcher/src/searcher/mod.rs	none	crates/searcher/src/searcher/mod.rs	BinaryDetection
crates/searcher/src/searcher/mod.rs	quit	crates/searcher/src/line_buffer.rs	Quit
crates/searcher/src/searcher/mod.rs	quit	crates/searcher/src/searcher/mod.rs	BinaryDetection
crates/searcher/src/searcher/mod.rs	search_file	crates/searcher/src/searcher/mod.rs	search_file_maybe_path
crates/searcher/src/searcher/mod.rs	search_file_maybe_path	crates/searcher/src/searcher/glue.rs	new
crates/searcher/src/searcher/mod.rs	search_file_maybe_path	crates/searcher/src/searcher/glue.rs	run
crates/searcher/src/searcher/mod.rs	search_file_maybe_path	crates/searcher/src/searcher/mmap.rs	open
crates/searcher/src/searcher/mod.rs	search_file_maybe_path	crates/searcher/src/searcher/mod.rs	multi_line_with_matcher
crates/searcher/src/searcher/mod.rs	search_file_maybe_path	crates/searcher/src/searcher/mod.rs	search_reader
crates/searcher/src/searcher/mod.rs	search_file_maybe_path	crates/searcher/src/searcher/mod.rs	search_slice
crates/searcher/src/searcher/mod.rs	search_path	crates/searcher/src/searcher/mod.rs	search_file_maybe_path
crates/searcher/src/searcher/mod.rs	search_reader	crates/searcher/src/line_buffer.rs	new
crates/searcher/src/searcher/mod.rs	search_reader	crates/searcher/src/searcher/glue.rs	new
crates/searcher/src/searcher/mod.rs	search_reader	crates/searcher/src/searcher/glue.rs	run
crates/searcher/src/searcher/mod.rs	search_reader	crates/searcher/src/searcher/mod.rs	multi_line_with_matcher
crates/searcher/src/searcher/mod.rs	search_slice	crates/searcher/src/searcher/glue.rs	new
crates/searcher/src/searcher/mod.rs	search_slice	crates/searcher/src/searcher/glue.rs	run
crates/searcher/src/searcher/mod.rs	search_slice	crates/searcher/src/searcher/mod.rs	multi_line_with_matcher
crates/searcher/src/searcher/mod.rs	search_slice	crates/searcher/src/searcher/mod.rs	search_reader
crates/searcher/src/searcher/mod.rs	search_slice	crates/searcher/src/searcher/mod.rs	slice_needs_transcoding
crates/searcher/src/searcher/mod.rs	slice_has_bom	/Users/chrishafley/.cargo/registry/src/index.crates.io-1949cf8c6b5b557f/encoding_rs-0.8.35/src/lib.rs	for_bom
crates/searcher/src/searcher/mod.rs	slice_needs_transcoding	crates/searcher/src/searcher/mod.rs	slice_has_bom
crates/searcher/src/sink.rs	begin	crates/searcher/src/sink.rs	begin
crates/searcher/src/sink.rs	binary_data	crates/searcher/src/sink.rs	binary_data
crates/searcher/src/sink.rs	context	crates/searcher/src/sink.rs	context
crates/searcher/src/sink.rs	context_break	crates/searcher/src/sink.rs	context_break
crates/searcher/src/sink.rs	error_config	crates/searcher/src/sink.rs	error_message
crates/searcher/src/sink.rs	error_io	crates/searcher/src/sink.rs	error_message
crates/searcher/src/sink.rs	finish	crates/searcher/src/sink.rs	finish
crates/searcher/src/sink.rs	lines	crates/matcher/src/lib.rs	as_byte
crates/searcher/src/sink.rs	lines	crates/searcher/src/lines.rs	new
crates/searcher/src/sink.rs	matched	crates/searcher/src/sink.rs	bytes
crates/searcher/src/sink.rs	matched	crates/searcher/src/sink.rs	line_number
crates/searcher/src/sink.rs	matched	crates/searcher/src/sink.rs	matched
tests/json.rs	json_decode	/Users/chrishafley/.cargo/registry/src/index.crates.io-1949cf8c6b5b557f/serde_json-1.0.151/src/de.rs	from_str
tests/json.rs	json_decode	/Users/chrishafley/.cargo/registry/src/index.crates.io-1949cf8c6b5b557f/serde_json-1.0.151/src/de.rs	into_iter
tests/misc.rs	sort_setup	tests/util.rs	create
tests/misc.rs	sort_setup	tests/util.rs	create_dir
tests/misc.rs	sort_setup	tests/util.rs	path
tests/util.rs	assert_err	tests/util.rs	raw_output
tests/util.rs	bin	tests/util.rs	cross_runner
tests/util.rs	command	tests/util.rs	bin
tests/util.rs	command	tests/util.rs	is_pcre2
tests/util.rs	create	tests/util.rs	create_bytes
tests/util.rs	create_bytes	tests/util.rs	nice_err
tests/util.rs	create_bytes	tests/util.rs	try_create_bytes
tests/util.rs	create_dir	tests/util.rs	nice_err
tests/util.rs	create_dir	tests/util.rs	repeat
tests/util.rs	create_size	tests/util.rs	nice_err
tests/util.rs	current_dir	tests/util.rs	path
tests/util.rs	dir_list	/Users/chrishafley/.cargo/registry/src/index.crates.io-1949cf8c6b5b557f/walkdir-2.5.0/src/lib.rs	follow_links
tests/util.rs	dir_list	/Users/chrishafley/.cargo/registry/src/index.crates.io-1949cf8c6b5b557f/walkdir-2.5.0/src/lib.rs	new
tests/util.rs	link_dir	tests/util.rs	nice_err
tests/util.rs	link_file	tests/util.rs	link_dir
tests/util.rs	new	tests/util.rs	nice_err
tests/util.rs	new	tests/util.rs	repeat
tests/util.rs	output	tests/util.rs	expect_success
tests/util.rs	output	tests/util.rs	raw_output
tests/util.rs	pipe	tests/util.rs	expect_success
tests/util.rs	raw_output	tests/util.rs	strip_jemalloc_nonsense
tests/util.rs	remove	tests/util.rs	nice_err
tests/util.rs	setup	tests/util.rs	command
tests/util.rs	setup	tests/util.rs	new
tests/util.rs	setup_pcre2	tests/util.rs	command
tests/util.rs	setup_pcre2	tests/util.rs	new
tests/util.rs	setup_pcre2	tests/util.rs	pcre2
tests/util.rs	stdout	tests/util.rs	output
tests/util.rs	strip_jemalloc_nonsense	/Users/chrishafley/.cargo/registry/src/index.crates.io-1949cf8c6b5b557f/bstr-1.13.0/src/ext_slice.rs	lines_with_terminator
tests/util.rs	strip_jemalloc_nonsense	/Users/chrishafley/.cargo/registry/src/index.crates.io-1949cf8c6b5b557f/bstr-1.13.0/src/ext_vec.rs	concat
tests/util.rs	try_create	tests/util.rs	try_create_bytes
