serde/src/private/de.rs	__deserialize_content_v1	serde/src/private/de.rs	content_clone
serde/src/private/de.rs	borrow_cow_bytes	serde/src/private/de.rs	Borrowed
serde/src/private/de.rs	borrow_cow_bytes	serde_core/src/de/mod.rs	deserialize_bytes
serde/src/private/de.rs	borrow_cow_str	serde/src/private/de.rs	Borrowed
serde/src/private/de.rs	borrow_cow_str	serde_core/src/de/mod.rs	Bytes
serde/src/private/de.rs	borrow_cow_str	serde_core/src/de/mod.rs	custom
serde/src/private/de.rs	borrow_cow_str	serde_core/src/de/mod.rs	deserialize_str
serde/src/private/de.rs	closure@8182	serde/src/private/de.rs	content_clone
serde/src/private/de.rs	content_clone	serde/src/private/de.rs	clone
serde/src/private/de.rs	content_clone	serde/src/private/de.rs	content_clone
serde/src/private/de.rs	content_clone	serde/src/private/de.rs	new
serde/src/private/de.rs	content_clone	serde_core/src/private/content.rs	ByteBuf
serde/src/private/de.rs	content_clone	serde_core/src/private/content.rs	Newtype
serde/src/private/de.rs	content_clone	serde_core/src/private/content.rs	Str
serde/src/private/de.rs	content_unexpected	serde_core/src/de/mod.rs	Bool
serde/src/private/de.rs	content_unexpected	serde_core/src/de/mod.rs	Bytes
serde/src/private/de.rs	content_unexpected	serde_core/src/de/mod.rs	Char
serde/src/private/de.rs	content_unexpected	serde_core/src/de/mod.rs	Float
serde/src/private/de.rs	content_unexpected	serde_core/src/de/mod.rs	Signed
serde/src/private/de.rs	content_unexpected	serde_core/src/de/mod.rs	Str
serde/src/private/de.rs	content_unexpected	serde_core/src/de/mod.rs	Unsigned
serde/src/private/de.rs	deserialize	serde/src/private/de.rs	AdjacentlyTaggedEnumVariantVisitor
serde/src/private/de.rs	deserialize	serde_core/src/de/mod.rs	__deserialize_content_v1
serde/src/private/de.rs	deserialize	serde_core/src/de/mod.rs	deserialize_any
serde/src/private/de.rs	deserialize	serde_core/src/de/mod.rs	deserialize_enum
serde/src/private/de.rs	deserialize	serde_core/src/de/mod.rs	deserialize_identifier
serde/src/private/de.rs	deserialize_any	serde/src/private/de.rs	deserialize_map
serde/src/private/de.rs	deserialize_any	serde/src/private/de.rs	deserialize_seq
serde/src/private/de.rs	deserialize_any	serde/src/private/de.rs	new
serde/src/private/de.rs	deserialize_any	serde/src/private/de.rs	visit_content_map
serde/src/private/de.rs	deserialize_any	serde/src/private/de.rs	visit_content_map_ref
serde/src/private/de.rs	deserialize_any	serde/src/private/de.rs	visit_content_seq
serde/src/private/de.rs	deserialize_any	serde/src/private/de.rs	visit_content_seq_ref
serde/src/private/de.rs	deserialize_any	serde_core/src/de/mod.rs	visit_bool
serde/src/private/de.rs	deserialize_any	serde_core/src/de/mod.rs	visit_borrowed_bytes
serde/src/private/de.rs	deserialize_any	serde_core/src/de/mod.rs	visit_borrowed_str
serde/src/private/de.rs	deserialize_any	serde_core/src/de/mod.rs	visit_byte_buf
serde/src/private/de.rs	deserialize_any	serde_core/src/de/mod.rs	visit_bytes
serde/src/private/de.rs	deserialize_any	serde_core/src/de/mod.rs	visit_char
serde/src/private/de.rs	deserialize_any	serde_core/src/de/mod.rs	visit_f32
serde/src/private/de.rs	deserialize_any	serde_core/src/de/mod.rs	visit_f64
serde/src/private/de.rs	deserialize_any	serde_core/src/de/mod.rs	visit_i16
serde/src/private/de.rs	deserialize_any	serde_core/src/de/mod.rs	visit_i32
serde/src/private/de.rs	deserialize_any	serde_core/src/de/mod.rs	visit_i64
serde/src/private/de.rs	deserialize_any	serde_core/src/de/mod.rs	visit_i8
serde/src/private/de.rs	deserialize_any	serde_core/src/de/mod.rs	visit_newtype_struct
serde/src/private/de.rs	deserialize_any	serde_core/src/de/mod.rs	visit_none
serde/src/private/de.rs	deserialize_any	serde_core/src/de/mod.rs	visit_some
serde/src/private/de.rs	deserialize_any	serde_core/src/de/mod.rs	visit_str
serde/src/private/de.rs	deserialize_any	serde_core/src/de/mod.rs	visit_string
serde/src/private/de.rs	deserialize_any	serde_core/src/de/mod.rs	visit_u16
serde/src/private/de.rs	deserialize_any	serde_core/src/de/mod.rs	visit_u32
serde/src/private/de.rs	deserialize_any	serde_core/src/de/mod.rs	visit_u64
serde/src/private/de.rs	deserialize_any	serde_core/src/de/mod.rs	visit_u8
serde/src/private/de.rs	deserialize_any	serde_core/src/de/mod.rs	visit_unit
serde/src/private/de.rs	deserialize_bool	serde/src/private/de.rs	deserialize_other
serde/src/private/de.rs	deserialize_bool	serde/src/private/de.rs	invalid_type
serde/src/private/de.rs	deserialize_bool	serde_core/src/de/mod.rs	visit_bool
serde/src/private/de.rs	deserialize_byte_buf	serde/src/private/de.rs	deserialize_bytes
serde/src/private/de.rs	deserialize_byte_buf	serde/src/private/de.rs	invalid_type
serde/src/private/de.rs	deserialize_byte_buf	serde/src/private/de.rs	visit_content_seq
serde/src/private/de.rs	deserialize_byte_buf	serde_core/src/de/mod.rs	visit_borrowed_bytes
serde/src/private/de.rs	deserialize_byte_buf	serde_core/src/de/mod.rs	visit_borrowed_str
serde/src/private/de.rs	deserialize_byte_buf	serde_core/src/de/mod.rs	visit_byte_buf
serde/src/private/de.rs	deserialize_byte_buf	serde_core/src/de/mod.rs	visit_string
serde/src/private/de.rs	deserialize_bytes	serde/src/private/de.rs	deserialize_byte_buf
serde/src/private/de.rs	deserialize_bytes	serde/src/private/de.rs	invalid_type
serde/src/private/de.rs	deserialize_bytes	serde/src/private/de.rs	visit_content_seq_ref
serde/src/private/de.rs	deserialize_bytes	serde_core/src/de/mod.rs	visit_borrowed_bytes
serde/src/private/de.rs	deserialize_bytes	serde_core/src/de/mod.rs	visit_borrowed_str
serde/src/private/de.rs	deserialize_bytes	serde_core/src/de/mod.rs	visit_bytes
serde/src/private/de.rs	deserialize_bytes	serde_core/src/de/mod.rs	visit_str
serde/src/private/de.rs	deserialize_char	serde/src/private/de.rs	invalid_type
serde/src/private/de.rs	deserialize_char	serde_core/src/de/mod.rs	visit_borrowed_str
serde/src/private/de.rs	deserialize_char	serde_core/src/de/mod.rs	visit_char
serde/src/private/de.rs	deserialize_char	serde_core/src/de/mod.rs	visit_str
serde/src/private/de.rs	deserialize_char	serde_core/src/de/mod.rs	visit_string
serde/src/private/de.rs	deserialize_enum	serde/src/private/de.rs	EnumRefDeserializer
serde/src/private/de.rs	deserialize_enum	serde/src/private/de.rs	content_unexpected
serde/src/private/de.rs	deserialize_enum	serde/src/private/de.rs	flat_map_take_entry
serde/src/private/de.rs	deserialize_enum	serde/src/private/de.rs	new
serde/src/private/de.rs	deserialize_enum	serde_core/src/de/mod.rs	custom
serde/src/private/de.rs	deserialize_enum	serde_core/src/de/mod.rs	visit_enum
serde/src/private/de.rs	deserialize_enum	serde_derive/src/internals/attr.rs	is_some
serde/src/private/de.rs	deserialize_f32	serde/src/private/de.rs	deserialize_float
serde/src/private/de.rs	deserialize_f64	serde/src/private/de.rs	deserialize_float
serde/src/private/de.rs	deserialize_float	serde/src/private/de.rs	invalid_type
serde/src/private/de.rs	deserialize_float	serde_core/src/de/mod.rs	visit_f32
serde/src/private/de.rs	deserialize_float	serde_core/src/de/mod.rs	visit_f64
serde/src/private/de.rs	deserialize_float	serde_core/src/de/mod.rs	visit_i16
serde/src/private/de.rs	deserialize_float	serde_core/src/de/mod.rs	visit_i32
serde/src/private/de.rs	deserialize_float	serde_core/src/de/mod.rs	visit_i64
serde/src/private/de.rs	deserialize_float	serde_core/src/de/mod.rs	visit_i8
serde/src/private/de.rs	deserialize_float	serde_core/src/de/mod.rs	visit_u16
serde/src/private/de.rs	deserialize_float	serde_core/src/de/mod.rs	visit_u32
serde/src/private/de.rs	deserialize_float	serde_core/src/de/mod.rs	visit_u64
serde/src/private/de.rs	deserialize_float	serde_core/src/de/mod.rs	visit_u8
serde/src/private/de.rs	deserialize_i16	serde/src/private/de.rs	deserialize_integer
serde/src/private/de.rs	deserialize_i32	serde/src/private/de.rs	deserialize_integer
serde/src/private/de.rs	deserialize_i64	serde/src/private/de.rs	deserialize_integer
serde/src/private/de.rs	deserialize_i8	serde/src/private/de.rs	deserialize_integer
serde/src/private/de.rs	deserialize_identifier	serde/src/private/de.rs	invalid_type
serde/src/private/de.rs	deserialize_identifier	serde_core/src/de/mod.rs	visit_borrowed_bytes
serde/src/private/de.rs	deserialize_identifier	serde_core/src/de/mod.rs	visit_borrowed_str
serde/src/private/de.rs	deserialize_identifier	serde_core/src/de/mod.rs	visit_byte_buf
serde/src/private/de.rs	deserialize_identifier	serde_core/src/de/mod.rs	visit_bytes
serde/src/private/de.rs	deserialize_identifier	serde_core/src/de/mod.rs	visit_str
serde/src/private/de.rs	deserialize_identifier	serde_core/src/de/mod.rs	visit_string
serde/src/private/de.rs	deserialize_identifier	serde_core/src/de/mod.rs	visit_u64
serde/src/private/de.rs	deserialize_identifier	serde_core/src/de/mod.rs	visit_u8
serde/src/private/de.rs	deserialize_ignored_any	serde_core/src/de/mod.rs	visit_unit
serde/src/private/de.rs	deserialize_ignored_any	serde_derive/src/internals/ctxt.rs	drop
serde/src/private/de.rs	deserialize_integer	serde/src/private/de.rs	invalid_type
serde/src/private/de.rs	deserialize_integer	serde_core/src/de/mod.rs	visit_i16
serde/src/private/de.rs	deserialize_integer	serde_core/src/de/mod.rs	visit_i32
serde/src/private/de.rs	deserialize_integer	serde_core/src/de/mod.rs	visit_i64
serde/src/private/de.rs	deserialize_integer	serde_core/src/de/mod.rs	visit_i8
serde/src/private/de.rs	deserialize_integer	serde_core/src/de/mod.rs	visit_u16
serde/src/private/de.rs	deserialize_integer	serde_core/src/de/mod.rs	visit_u32
serde/src/private/de.rs	deserialize_integer	serde_core/src/de/mod.rs	visit_u64
serde/src/private/de.rs	deserialize_integer	serde_core/src/de/mod.rs	visit_u8
serde/src/private/de.rs	deserialize_map	serde/src/private/de.rs	FlatMapAccess
serde/src/private/de.rs	deserialize_map	serde/src/private/de.rs	invalid_type
serde/src/private/de.rs	deserialize_map	serde/src/private/de.rs	visit_content_map
serde/src/private/de.rs	deserialize_map	serde/src/private/de.rs	visit_content_map_ref
serde/src/private/de.rs	deserialize_map	serde_core/src/de/mod.rs	visit_map
serde/src/private/de.rs	deserialize_newtype_struct	serde/src/private/de.rs	new
serde/src/private/de.rs	deserialize_newtype_struct	serde_core/src/de/mod.rs	visit_newtype_struct
serde/src/private/de.rs	deserialize_option	serde/src/private/de.rs	deserialize_other
serde/src/private/de.rs	deserialize_option	serde/src/private/de.rs	new
serde/src/private/de.rs	deserialize_option	serde_core/src/de/mod.rs	__private_visit_untagged_option
serde/src/private/de.rs	deserialize_option	serde_core/src/de/mod.rs	visit_none
serde/src/private/de.rs	deserialize_option	serde_core/src/de/mod.rs	visit_some
serde/src/private/de.rs	deserialize_option	serde_core/src/de/mod.rs	visit_unit
serde/src/private/de.rs	deserialize_other	serde_core/src/de/mod.rs	custom
serde/src/private/de.rs	deserialize_seq	serde/src/private/de.rs	ExpectedInSeq
serde/src/private/de.rs	deserialize_seq	serde/src/private/de.rs	PairRefVisitor
serde/src/private/de.rs	deserialize_seq	serde/src/private/de.rs	PairVisitor
serde/src/private/de.rs	deserialize_seq	serde/src/private/de.rs	invalid_type
serde/src/private/de.rs	deserialize_seq	serde/src/private/de.rs	visit_content_seq
serde/src/private/de.rs	deserialize_seq	serde/src/private/de.rs	visit_content_seq_ref
serde/src/private/de.rs	deserialize_seq	serde_core/src/de/mod.rs	custom
serde/src/private/de.rs	deserialize_seq	serde_core/src/de/mod.rs	size_hint
serde/src/private/de.rs	deserialize_seq	serde_derive/src/internals/attr.rs	is_none
serde/src/private/de.rs	deserialize_str	serde/src/private/de.rs	deserialize_string
serde/src/private/de.rs	deserialize_str	serde/src/private/de.rs	invalid_type
serde/src/private/de.rs	deserialize_str	serde_core/src/de/mod.rs	visit_borrowed_bytes
serde/src/private/de.rs	deserialize_str	serde_core/src/de/mod.rs	visit_borrowed_str
serde/src/private/de.rs	deserialize_str	serde_core/src/de/mod.rs	visit_bytes
serde/src/private/de.rs	deserialize_str	serde_core/src/de/mod.rs	visit_str
serde/src/private/de.rs	deserialize_string	serde/src/private/de.rs	deserialize_str
serde/src/private/de.rs	deserialize_string	serde/src/private/de.rs	invalid_type
serde/src/private/de.rs	deserialize_string	serde_core/src/de/mod.rs	visit_borrowed_bytes
serde/src/private/de.rs	deserialize_string	serde_core/src/de/mod.rs	visit_borrowed_str
serde/src/private/de.rs	deserialize_string	serde_core/src/de/mod.rs	visit_byte_buf
serde/src/private/de.rs	deserialize_string	serde_core/src/de/mod.rs	visit_string
serde/src/private/de.rs	deserialize_struct	serde/src/private/de.rs	FlatStructAccess
serde/src/private/de.rs	deserialize_struct	serde/src/private/de.rs	invalid_type
serde/src/private/de.rs	deserialize_struct	serde/src/private/de.rs	visit_content_map
serde/src/private/de.rs	deserialize_struct	serde/src/private/de.rs	visit_content_map_ref
serde/src/private/de.rs	deserialize_struct	serde/src/private/de.rs	visit_content_seq
serde/src/private/de.rs	deserialize_struct	serde/src/private/de.rs	visit_content_seq_ref
serde/src/private/de.rs	deserialize_struct	serde_core/src/de/mod.rs	visit_map
serde/src/private/de.rs	deserialize_tuple	serde/src/private/de.rs	ExpectedInSeq
serde/src/private/de.rs	deserialize_tuple	serde/src/private/de.rs	deserialize_seq
serde/src/private/de.rs	deserialize_tuple	serde_core/src/de/mod.rs	custom
serde/src/private/de.rs	deserialize_tuple_struct	serde/src/private/de.rs	deserialize_seq
serde/src/private/de.rs	deserialize_u16	serde/src/private/de.rs	deserialize_integer
serde/src/private/de.rs	deserialize_u32	serde/src/private/de.rs	deserialize_integer
serde/src/private/de.rs	deserialize_u64	serde/src/private/de.rs	deserialize_integer
serde/src/private/de.rs	deserialize_u8	serde/src/private/de.rs	deserialize_integer
serde/src/private/de.rs	deserialize_unit	serde/src/private/de.rs	invalid_type
serde/src/private/de.rs	deserialize_unit	serde_core/src/de/mod.rs	visit_unit
serde/src/private/de.rs	deserialize_unit_struct	serde/src/private/de.rs	deserialize_any
serde/src/private/de.rs	deserialize_unit_struct	serde/src/private/de.rs	deserialize_unit
serde/src/private/de.rs	deserialize_unit_struct	serde_core/src/de/mod.rs	visit_unit
serde/src/private/de.rs	end	serde/src/private/de.rs	ExpectedInMap
serde/src/private/de.rs	end	serde/src/private/de.rs	ExpectedInSeq
serde/src/private/de.rs	end	serde_core/src/de/mod.rs	custom
serde/src/private/de.rs	flat_map_take_entry	serde/src/private/de.rs	content_as_str
serde/src/private/de.rs	from	serde/src/private/de.rs	BorrowedStrDeserializer
serde/src/private/de.rs	from	serde/src/private/de.rs	StrDeserializer
serde/src/private/de.rs	from	serde_core/src/de/mod.rs	into_deserializer
serde/src/private/de.rs	from	serde_core/src/de/value.rs	new
serde/src/private/de.rs	invalid_type	serde/src/private/de.rs	content_unexpected
serde/src/private/de.rs	invalid_type	serde_core/src/de/mod.rs	custom
serde/src/private/de.rs	missing_field	serde_core/src/de/mod.rs	custom
serde/src/private/de.rs	missing_field	serde_core/src/de/mod.rs	deserialize
serde/src/private/de.rs	missing_field	serde_core/src/de/mod.rs	visit_none
serde/src/private/de.rs	new	serde/src/private/de.rs	ContentDeserializer
serde/src/private/de.rs	new	serde/src/private/de.rs	ContentRefDeserializer
serde/src/private/de.rs	new	serde/src/private/de.rs	ContentVisitor
serde/src/private/de.rs	new	serde/src/private/de.rs	EnumDeserializer
serde/src/private/de.rs	new	serde/src/private/de.rs	InternallyTaggedUnitVisitor
serde/src/private/de.rs	new	serde/src/private/de.rs	MapDeserializer
serde/src/private/de.rs	new	serde/src/private/de.rs	MapRefDeserializer
serde/src/private/de.rs	new	serde/src/private/de.rs	SeqDeserializer
serde/src/private/de.rs	new	serde/src/private/de.rs	SeqRefDeserializer
serde/src/private/de.rs	new	serde/src/private/de.rs	TagOrContentVisitor
serde/src/private/de.rs	new	serde/src/private/de.rs	TaggedContentVisitor
serde/src/private/de.rs	new	serde/src/private/de.rs	UntaggedUnitVisitor
serde/src/private/de.rs	newtype_variant_seed	serde/src/private/de.rs	new
serde/src/private/de.rs	newtype_variant_seed	serde_core/src/de/mod.rs	custom
serde/src/private/de.rs	newtype_variant_seed	serde_core/src/de/mod.rs	deserialize
serde/src/private/de.rs	next_element_seed	serde/src/private/de.rs	PairDeserializer
serde/src/private/de.rs	next_element_seed	serde/src/private/de.rs	PairRefDeserializer
serde/src/private/de.rs	next_element_seed	serde/src/private/de.rs	new
serde/src/private/de.rs	next_element_seed	serde/src/private/de.rs	next_pair
serde/src/private/de.rs	next_element_seed	serde_core/src/de/mod.rs	deserialize
serde/src/private/de.rs	next_entry_seed	serde/src/private/de.rs	next_pair
serde/src/private/de.rs	next_key_seed	serde/src/private/de.rs	flat_map_take_entry
serde/src/private/de.rs	next_key_seed	serde/src/private/de.rs	new
serde/src/private/de.rs	next_key_seed	serde/src/private/de.rs	next_pair
serde/src/private/de.rs	next_key_seed	serde_core/src/de/mod.rs	deserialize
serde/src/private/de.rs	next_value_seed	serde/src/private/de.rs	new
serde/src/private/de.rs	next_value_seed	serde_core/src/de/mod.rs	custom
serde/src/private/de.rs	next_value_seed	serde_core/src/de/mod.rs	deserialize
serde/src/private/de.rs	size_hint	serde_core/src/private/size_hint.rs	from_bounds
serde/src/private/de.rs	size_hint	serde_derive/src/internals/attr.rs	is_some
serde/src/private/de.rs	struct_variant	serde/src/private/de.rs	content_unexpected
serde/src/private/de.rs	struct_variant	serde/src/private/de.rs	new
serde/src/private/de.rs	struct_variant	serde/src/private/de.rs	visit_content_map_ref
serde/src/private/de.rs	struct_variant	serde/src/private/de.rs	visit_content_seq_ref
serde/src/private/de.rs	struct_variant	serde_core/src/de/mod.rs	custom
serde/src/private/de.rs	struct_variant	serde_core/src/de/mod.rs	deserialize_any
serde/src/private/de.rs	tuple_variant	serde/src/private/de.rs	content_unexpected
serde/src/private/de.rs	tuple_variant	serde/src/private/de.rs	new
serde/src/private/de.rs	tuple_variant	serde/src/private/de.rs	visit_content_seq_ref
serde/src/private/de.rs	tuple_variant	serde_core/src/de/mod.rs	custom
serde/src/private/de.rs	tuple_variant	serde_core/src/de/mod.rs	deserialize_any
serde/src/private/de.rs	unit_variant	serde/src/private/de.rs	new
serde/src/private/de.rs	unit_variant	serde_core/src/de/mod.rs	deserialize
serde/src/private/de.rs	variant_seed	serde/src/private/de.rs	VariantDeserializer
serde/src/private/de.rs	variant_seed	serde/src/private/de.rs	VariantRefDeserializer
serde/src/private/de.rs	variant_seed	serde/src/private/de.rs	new
serde/src/private/de.rs	variant_seed	serde_core/src/de/mod.rs	deserialize
serde/src/private/de.rs	visit_bool	serde/src/private/de.rs	new
serde/src/private/de.rs	visit_bool	serde/src/private/de.rs	visit_bool
serde/src/private/de.rs	visit_borrowed_bytes	serde/src/private/de.rs	new
serde/src/private/de.rs	visit_borrowed_bytes	serde/src/private/de.rs	visit_borrowed_bytes
serde/src/private/de.rs	visit_borrowed_str	serde/src/private/de.rs	new
serde/src/private/de.rs	visit_borrowed_str	serde/src/private/de.rs	visit_borrowed_str
serde/src/private/de.rs	visit_borrowed_str	serde_core/src/private/content.rs	Str
serde/src/private/de.rs	visit_byte_buf	serde/src/private/de.rs	new
serde/src/private/de.rs	visit_byte_buf	serde/src/private/de.rs	visit_byte_buf
serde/src/private/de.rs	visit_byte_buf	serde_core/src/private/content.rs	ByteBuf
serde/src/private/de.rs	visit_bytes	serde/src/private/de.rs	new
serde/src/private/de.rs	visit_bytes	serde/src/private/de.rs	visit_bytes
serde/src/private/de.rs	visit_bytes	serde_core/src/de/mod.rs	Bytes
serde/src/private/de.rs	visit_bytes	serde_core/src/de/mod.rs	custom
serde/src/private/de.rs	visit_bytes	serde_core/src/private/content.rs	ByteBuf
serde/src/private/de.rs	visit_char	serde/src/private/de.rs	new
serde/src/private/de.rs	visit_char	serde/src/private/de.rs	visit_char
serde/src/private/de.rs	visit_content_map	serde/src/private/de.rs	new
serde/src/private/de.rs	visit_content_map_ref	serde/src/private/de.rs	new
serde/src/private/de.rs	visit_content_seq	serde/src/private/de.rs	new
serde/src/private/de.rs	visit_content_seq_ref	serde/src/private/de.rs	new
serde/src/private/de.rs	visit_enum	serde/src/private/de.rs	new
serde/src/private/de.rs	visit_enum	serde/src/private/de.rs	visit_enum
serde/src/private/de.rs	visit_enum	serde_core/src/de/mod.rs	custom
serde/src/private/de.rs	visit_f32	serde/src/private/de.rs	new
serde/src/private/de.rs	visit_f32	serde/src/private/de.rs	visit_f32
serde/src/private/de.rs	visit_f64	serde/src/private/de.rs	new
serde/src/private/de.rs	visit_f64	serde/src/private/de.rs	visit_f64
serde/src/private/de.rs	visit_i16	serde/src/private/de.rs	new
serde/src/private/de.rs	visit_i16	serde/src/private/de.rs	visit_i16
serde/src/private/de.rs	visit_i32	serde/src/private/de.rs	new
serde/src/private/de.rs	visit_i32	serde/src/private/de.rs	visit_i32
serde/src/private/de.rs	visit_i64	serde/src/private/de.rs	new
serde/src/private/de.rs	visit_i64	serde/src/private/de.rs	visit_i64
serde/src/private/de.rs	visit_i8	serde/src/private/de.rs	new
serde/src/private/de.rs	visit_i8	serde/src/private/de.rs	visit_i8
serde/src/private/de.rs	visit_map	serde/src/private/de.rs	new
serde/src/private/de.rs	visit_map	serde/src/private/de.rs	visit_map
serde/src/private/de.rs	visit_map	serde_core/src/de/mod.rs	custom
serde/src/private/de.rs	visit_map	serde_core/src/de/mod.rs	size_hint
serde/src/private/de.rs	visit_map	serde_core/src/private/size_hint.rs	cautious
serde/src/private/de.rs	visit_map	serde_derive/src/internals/attr.rs	is_some
serde/src/private/de.rs	visit_newtype_struct	serde/src/private/de.rs	new
serde/src/private/de.rs	visit_newtype_struct	serde/src/private/de.rs	visit_newtype_struct
serde/src/private/de.rs	visit_newtype_struct	serde_core/src/private/content.rs	Newtype
serde/src/private/de.rs	visit_none	serde/src/private/de.rs	new
serde/src/private/de.rs	visit_none	serde/src/private/de.rs	visit_none
serde/src/private/de.rs	visit_seq	serde/src/private/de.rs	new
serde/src/private/de.rs	visit_seq	serde/src/private/de.rs	visit_seq
serde/src/private/de.rs	visit_seq	serde_core/src/de/mod.rs	custom
serde/src/private/de.rs	visit_seq	serde_core/src/de/mod.rs	size_hint
serde/src/private/de.rs	visit_seq	serde_core/src/de/value.rs	new
serde/src/private/de.rs	visit_seq	serde_core/src/private/size_hint.rs	cautious
serde/src/private/de.rs	visit_some	serde/src/private/de.rs	new
serde/src/private/de.rs	visit_some	serde/src/private/de.rs	visit_some
serde/src/private/de.rs	visit_str	serde/src/private/de.rs	new
serde/src/private/de.rs	visit_str	serde/src/private/de.rs	visit_bytes
serde/src/private/de.rs	visit_str	serde/src/private/de.rs	visit_str
serde/src/private/de.rs	visit_str	serde_core/src/de/mod.rs	Str
serde/src/private/de.rs	visit_str	serde_core/src/de/mod.rs	custom
serde/src/private/de.rs	visit_string	serde/src/private/de.rs	new
serde/src/private/de.rs	visit_string	serde/src/private/de.rs	visit_string
serde/src/private/de.rs	visit_u16	serde/src/private/de.rs	new
serde/src/private/de.rs	visit_u16	serde/src/private/de.rs	visit_u16
serde/src/private/de.rs	visit_u32	serde/src/private/de.rs	new
serde/src/private/de.rs	visit_u32	serde/src/private/de.rs	visit_u32
serde/src/private/de.rs	visit_u64	serde/src/private/de.rs	new
serde/src/private/de.rs	visit_u64	serde/src/private/de.rs	visit_u64
serde/src/private/de.rs	visit_u64	serde_core/src/de/mod.rs	Unsigned
serde/src/private/de.rs	visit_u64	serde_core/src/de/mod.rs	custom
serde/src/private/de.rs	visit_u8	serde/src/private/de.rs	new
serde/src/private/de.rs	visit_u8	serde/src/private/de.rs	visit_u8
serde/src/private/de.rs	visit_unit	serde/src/private/de.rs	new
serde/src/private/de.rs	visit_unit	serde/src/private/de.rs	visit_unit
serde/src/private/ser.rs	bad_type	serde_core/src/ser/mod.rs	custom
serde/src/private/ser.rs	collect_str	serde/src/private/ser.rs	bad_type
serde/src/private/ser.rs	end	serde/src/private/ser.rs	Map
serde/src/private/ser.rs	end	serde/src/private/ser.rs	Seq
serde/src/private/ser.rs	end	serde/src/private/ser.rs	Struct
serde/src/private/ser.rs	end	serde/src/private/ser.rs	StructVariant
serde/src/private/ser.rs	end	serde/src/private/ser.rs	Tuple
serde/src/private/ser.rs	end	serde/src/private/ser.rs	TupleStruct
serde/src/private/ser.rs	end	serde/src/private/ser.rs	TupleVariant
serde/src/private/ser.rs	end	serde_core/src/ser/mod.rs	end
serde/src/private/ser.rs	new	serde/src/private/ser.rs	ContentSerializer
serde/src/private/ser.rs	new	serde/src/private/ser.rs	FlatMapSerializeStructVariantAsMapValue
serde/src/private/ser.rs	new	serde/src/private/ser.rs	FlatMapSerializeTupleVariantAsMapValue
serde/src/private/ser.rs	new	serde/src/private/ser.rs	SerializeStructVariantAsMapValue
serde/src/private/ser.rs	new	serde/src/private/ser.rs	SerializeTupleVariantAsMapValue
serde/src/private/ser.rs	new	serde/src/private/ser.rs	new
serde/src/private/ser.rs	serialize	serde/src/private/ser.rs	end
serde/src/private/ser.rs	serialize	serde/src/private/ser.rs	serialize
serde/src/private/ser.rs	serialize	serde_core/src/ser/mod.rs	serialize_bool
serde/src/private/ser.rs	serialize	serde_core/src/ser/mod.rs	serialize_bytes
serde/src/private/ser.rs	serialize	serde_core/src/ser/mod.rs	serialize_char
serde/src/private/ser.rs	serialize	serde_core/src/ser/mod.rs	serialize_f32
serde/src/private/ser.rs	serialize	serde_core/src/ser/mod.rs	serialize_f64
serde/src/private/ser.rs	serialize	serde_core/src/ser/mod.rs	serialize_i16
serde/src/private/ser.rs	serialize	serde_core/src/ser/mod.rs	serialize_i32
serde/src/private/ser.rs	serialize	serde_core/src/ser/mod.rs	serialize_i64
serde/src/private/ser.rs	serialize	serde_core/src/ser/mod.rs	serialize_i8
serde/src/private/ser.rs	serialize	serde_core/src/ser/mod.rs	serialize_newtype_struct
serde/src/private/ser.rs	serialize	serde_core/src/ser/mod.rs	serialize_newtype_variant
serde/src/private/ser.rs	serialize	serde_core/src/ser/mod.rs	serialize_none
serde/src/private/ser.rs	serialize	serde_core/src/ser/mod.rs	serialize_some
serde/src/private/ser.rs	serialize	serde_core/src/ser/mod.rs	serialize_str
serde/src/private/ser.rs	serialize	serde_core/src/ser/mod.rs	serialize_u16
serde/src/private/ser.rs	serialize	serde_core/src/ser/mod.rs	serialize_u32
serde/src/private/ser.rs	serialize	serde_core/src/ser/mod.rs	serialize_u64
serde/src/private/ser.rs	serialize	serde_core/src/ser/mod.rs	serialize_u8
serde/src/private/ser.rs	serialize	serde_core/src/ser/mod.rs	serialize_unit
serde/src/private/ser.rs	serialize	serde_core/src/ser/mod.rs	serialize_unit_struct
serde/src/private/ser.rs	serialize	serde_core/src/ser/mod.rs	serialize_unit_variant
serde/src/private/ser.rs	serialize_bool	serde/src/private/ser.rs	Bool
serde/src/private/ser.rs	serialize_bool	serde/src/private/ser.rs	bad_type
serde/src/private/ser.rs	serialize_bytes	serde/src/private/ser.rs	Bytes
serde/src/private/ser.rs	serialize_bytes	serde/src/private/ser.rs	bad_type
serde/src/private/ser.rs	serialize_char	serde/src/private/ser.rs	Char
serde/src/private/ser.rs	serialize_char	serde/src/private/ser.rs	bad_type
serde/src/private/ser.rs	serialize_entry	serde_core/src/ser/mod.rs	serialize_entry
serde/src/private/ser.rs	serialize_f32	serde/src/private/ser.rs	F32
serde/src/private/ser.rs	serialize_f32	serde/src/private/ser.rs	bad_type
serde/src/private/ser.rs	serialize_f64	serde/src/private/ser.rs	F64
serde/src/private/ser.rs	serialize_f64	serde/src/private/ser.rs	bad_type
serde/src/private/ser.rs	serialize_field	serde_core/src/ser/mod.rs	serialize_entry
serde/src/private/ser.rs	serialize_i16	serde/src/private/ser.rs	I16
serde/src/private/ser.rs	serialize_i16	serde/src/private/ser.rs	bad_type
serde/src/private/ser.rs	serialize_i32	serde/src/private/ser.rs	I32
serde/src/private/ser.rs	serialize_i32	serde/src/private/ser.rs	bad_type
serde/src/private/ser.rs	serialize_i64	serde/src/private/ser.rs	I64
serde/src/private/ser.rs	serialize_i64	serde/src/private/ser.rs	bad_type
serde/src/private/ser.rs	serialize_i8	serde/src/private/ser.rs	I8
serde/src/private/ser.rs	serialize_i8	serde/src/private/ser.rs	bad_type
serde/src/private/ser.rs	serialize_key	serde/src/private/ser.rs	Some
serde/src/private/ser.rs	serialize_key	serde_core/src/ser/mod.rs	serialize_key
serde/src/private/ser.rs	serialize_map	serde/src/private/ser.rs	FlatMapSerializeMap
serde/src/private/ser.rs	serialize_map	serde/src/private/ser.rs	SerializeMap
serde/src/private/ser.rs	serialize_newtype_struct	serde/src/private/ser.rs	NewtypeStruct
serde/src/private/ser.rs	serialize_newtype_struct	serde/src/private/ser.rs	new
serde/src/private/ser.rs	serialize_newtype_struct	serde_core/src/ser/mod.rs	serialize
serde/src/private/ser.rs	serialize_newtype_variant	serde/src/private/ser.rs	NewtypeVariant
serde/src/private/ser.rs	serialize_newtype_variant	serde/src/private/ser.rs	end
serde/src/private/ser.rs	serialize_newtype_variant	serde/src/private/ser.rs	new
serde/src/private/ser.rs	serialize_newtype_variant	serde_core/src/ser/mod.rs	serialize_entry
serde/src/private/ser.rs	serialize_none	serde/src/private/ser.rs	bad_type
serde/src/private/ser.rs	serialize_seq	serde/src/private/ser.rs	SerializeSeq
serde/src/private/ser.rs	serialize_seq	serde/src/private/ser.rs	bad_type
serde/src/private/ser.rs	serialize_some	serde/src/private/ser.rs	Some
serde/src/private/ser.rs	serialize_some	serde/src/private/ser.rs	bad_type
serde/src/private/ser.rs	serialize_some	serde/src/private/ser.rs	new
serde/src/private/ser.rs	serialize_some	serde_core/src/ser/mod.rs	serialize
serde/src/private/ser.rs	serialize_str	serde/src/private/ser.rs	String
serde/src/private/ser.rs	serialize_str	serde/src/private/ser.rs	bad_type
serde/src/private/ser.rs	serialize_struct	serde/src/private/ser.rs	FlatMapSerializeStruct
serde/src/private/ser.rs	serialize_struct	serde/src/private/ser.rs	SerializeStruct
serde/src/private/ser.rs	serialize_struct_variant	serde/src/private/ser.rs	SerializeStructVariant
serde/src/private/ser.rs	serialize_struct_variant	serde/src/private/ser.rs	bad_type
serde/src/private/ser.rs	serialize_struct_variant	serde/src/private/ser.rs	new
serde/src/private/ser.rs	serialize_tagged_newtype	serde/src/private/ser.rs	TaggedSerializer
serde/src/private/ser.rs	serialize_tagged_newtype	serde_core/src/ser/mod.rs	serialize
serde/src/private/ser.rs	serialize_tuple	serde/src/private/ser.rs	SerializeTuple
serde/src/private/ser.rs	serialize_tuple	serde/src/private/ser.rs	bad_type
serde/src/private/ser.rs	serialize_tuple_struct	serde/src/private/ser.rs	SerializeTupleStruct
serde/src/private/ser.rs	serialize_tuple_struct	serde/src/private/ser.rs	bad_type
serde/src/private/ser.rs	serialize_tuple_variant	serde/src/private/ser.rs	SerializeTupleVariant
serde/src/private/ser.rs	serialize_tuple_variant	serde/src/private/ser.rs	bad_type
serde/src/private/ser.rs	serialize_tuple_variant	serde/src/private/ser.rs	new
serde/src/private/ser.rs	serialize_u16	serde/src/private/ser.rs	U16
serde/src/private/ser.rs	serialize_u16	serde/src/private/ser.rs	bad_type
serde/src/private/ser.rs	serialize_u32	serde/src/private/ser.rs	U32
serde/src/private/ser.rs	serialize_u32	serde/src/private/ser.rs	bad_type
serde/src/private/ser.rs	serialize_u64	serde/src/private/ser.rs	U64
serde/src/private/ser.rs	serialize_u64	serde/src/private/ser.rs	bad_type
serde/src/private/ser.rs	serialize_u8	serde/src/private/ser.rs	U8
serde/src/private/ser.rs	serialize_u8	serde/src/private/ser.rs	bad_type
serde/src/private/ser.rs	serialize_unit	serde/src/private/ser.rs	end
serde/src/private/ser.rs	serialize_unit_struct	serde/src/private/ser.rs	UnitStruct
serde/src/private/ser.rs	serialize_unit_struct	serde/src/private/ser.rs	end
serde/src/private/ser.rs	serialize_unit_variant	serde/src/private/ser.rs	UnitVariant
serde/src/private/ser.rs	serialize_unit_variant	serde/src/private/ser.rs	end
serde/src/private/ser.rs	serialize_unit_variant	serde_core/src/ser/mod.rs	serialize_entry
serde/src/private/ser.rs	serialize_value	serde_core/src/ser/mod.rs	serialize_value
serde_core/src/de/ignored_any.rs	deserialize	serde_core/src/de/mod.rs	deserialize_ignored_any
serde_core/src/de/ignored_any.rs	visit_enum	serde_core/src/de/mod.rs	newtype_variant
serde_core/src/de/ignored_any.rs	visit_newtype_struct	serde_core/src/de/ignored_any.rs	deserialize
serde_core/src/de/ignored_any.rs	visit_some	serde_core/src/de/ignored_any.rs	deserialize
serde_core/src/de/impls.rs	Unix	serde_core/src/de/mod.rs	Bytes
serde_core/src/de/impls.rs	Unix	serde_core/src/de/mod.rs	Unsigned
serde_core/src/de/impls.rs	Unix	serde_core/src/format.rs	write_str
serde_core/src/de/impls.rs	__private_visit_untagged_option	serde_core/src/de/mod.rs	deserialize
serde_core/src/de/impls.rs	check_overflow	serde_core/src/de/mod.rs	custom
serde_core/src/de/impls.rs	closure@10694	serde_core/src/de/impls.rs	new
serde_core/src/de/impls.rs	closure@10694	serde_core/src/de/mod.rs	Signed
serde_core/src/de/impls.rs	closure@10694	serde_core/src/de/mod.rs	Unsigned
serde_core/src/de/impls.rs	closure@10694	serde_core/src/format.rs	write_str
serde_core/src/de/impls.rs	closure@10917	serde_core/src/de/impls.rs	new
serde_core/src/de/impls.rs	closure@10917	serde_core/src/de/mod.rs	Signed
serde_core/src/de/impls.rs	closure@10917	serde_core/src/de/mod.rs	Unsigned
serde_core/src/de/impls.rs	closure@10917	serde_core/src/format.rs	write_str
serde_core/src/de/impls.rs	closure@11162	serde_core/src/de/impls.rs	new
serde_core/src/de/impls.rs	closure@11162	serde_core/src/de/mod.rs	Signed
serde_core/src/de/impls.rs	closure@11162	serde_core/src/de/mod.rs	Unsigned
serde_core/src/de/impls.rs	closure@11162	serde_core/src/format.rs	write_str
serde_core/src/de/impls.rs	closure@11407	serde_core/src/de/impls.rs	new
serde_core/src/de/impls.rs	closure@11407	serde_core/src/de/mod.rs	Unsigned
serde_core/src/de/impls.rs	closure@11407	serde_core/src/format.rs	write_str
serde_core/src/de/impls.rs	closure@11634	serde_core/src/de/impls.rs	new
serde_core/src/de/impls.rs	closure@11634	serde_core/src/de/mod.rs	Signed
serde_core/src/de/impls.rs	closure@11634	serde_core/src/de/mod.rs	Unsigned
serde_core/src/de/impls.rs	closure@11634	serde_core/src/format.rs	write_str
serde_core/src/de/impls.rs	closure@11867	serde_core/src/de/impls.rs	new
serde_core/src/de/impls.rs	closure@11867	serde_core/src/de/mod.rs	Signed
serde_core/src/de/impls.rs	closure@11867	serde_core/src/de/mod.rs	Unsigned
serde_core/src/de/impls.rs	closure@11867	serde_core/src/format.rs	write_str
serde_core/src/de/impls.rs	closure@12091	serde_core/src/de/impls.rs	new
serde_core/src/de/impls.rs	closure@12091	serde_core/src/de/mod.rs	Signed
serde_core/src/de/impls.rs	closure@12091	serde_core/src/de/mod.rs	Unsigned
serde_core/src/de/impls.rs	closure@12091	serde_core/src/format.rs	write_str
serde_core/src/de/impls.rs	closure@12337	serde_core/src/de/impls.rs	new
serde_core/src/de/impls.rs	closure@12337	serde_core/src/de/mod.rs	Signed
serde_core/src/de/impls.rs	closure@12337	serde_core/src/de/mod.rs	Unsigned
serde_core/src/de/impls.rs	closure@12337	serde_core/src/format.rs	write_str
serde_core/src/de/impls.rs	closure@12809	serde_core/src/de/impls.rs	new
serde_core/src/de/impls.rs	closure@12809	serde_core/src/de/mod.rs	Signed
serde_core/src/de/impls.rs	closure@12809	serde_core/src/de/mod.rs	Unsigned
serde_core/src/de/impls.rs	closure@12809	serde_core/src/format.rs	write_str
serde_core/src/de/impls.rs	closure@20518	serde_core/src/de/mod.rs	Bytes
serde_core/src/de/impls.rs	closure@20518	serde_core/src/de/mod.rs	custom
serde_core/src/de/impls.rs	closure@54200	serde_core/src/de/mod.rs	Bytes
serde_core/src/de/impls.rs	closure@54200	serde_core/src/de/mod.rs	custom
serde_core/src/de/impls.rs	closure@55256	serde_core/src/de/mod.rs	Bytes
serde_core/src/de/impls.rs	closure@55256	serde_core/src/de/mod.rs	custom
serde_core/src/de/impls.rs	closure@55500	serde_core/src/de/mod.rs	Bytes
serde_core/src/de/impls.rs	closure@55500	serde_core/src/de/mod.rs	custom
serde_core/src/de/impls.rs	closure@73838	serde_core/src/de/mod.rs	custom
serde_core/src/de/impls.rs	deserialize	serde_core/src/de/impls.rs	OptionVisitor
serde_core/src/de/impls.rs	deserialize	serde_core/src/de/impls.rs	PhantomDataVisitor
serde_core/src/de/impls.rs	deserialize	serde_core/src/de/impls.rs	deserialize
serde_core/src/de/impls.rs	deserialize	serde_core/src/de/impls.rs	new
serde_core/src/de/impls.rs	deserialize	serde_core/src/de/impls.rs	nop_reserve
serde_core/src/de/impls.rs	deserialize	serde_core/src/de/mod.rs	Bytes
serde_core/src/de/impls.rs	deserialize	serde_core/src/de/mod.rs	Unsigned
serde_core/src/de/impls.rs	deserialize	serde_core/src/de/mod.rs	custom
serde_core/src/de/impls.rs	deserialize	serde_core/src/de/mod.rs	deserialize
serde_core/src/de/impls.rs	deserialize	serde_core/src/de/mod.rs	deserialize_bool
serde_core/src/de/impls.rs	deserialize	serde_core/src/de/mod.rs	deserialize_byte_buf
serde_core/src/de/impls.rs	deserialize	serde_core/src/de/mod.rs	deserialize_bytes
serde_core/src/de/impls.rs	deserialize	serde_core/src/de/mod.rs	deserialize_char
serde_core/src/de/impls.rs	deserialize	serde_core/src/de/mod.rs	deserialize_enum
serde_core/src/de/impls.rs	deserialize	serde_core/src/de/mod.rs	deserialize_identifier
serde_core/src/de/impls.rs	deserialize	serde_core/src/de/mod.rs	deserialize_option
serde_core/src/de/impls.rs	deserialize	serde_core/src/de/mod.rs	deserialize_seq
serde_core/src/de/impls.rs	deserialize	serde_core/src/de/mod.rs	deserialize_str
serde_core/src/de/impls.rs	deserialize	serde_core/src/de/mod.rs	deserialize_string
serde_core/src/de/impls.rs	deserialize	serde_core/src/de/mod.rs	deserialize_struct
serde_core/src/de/impls.rs	deserialize	serde_core/src/de/mod.rs	deserialize_tuple
serde_core/src/de/impls.rs	deserialize	serde_core/src/de/mod.rs	deserialize_unit
serde_core/src/de/impls.rs	deserialize	serde_core/src/de/mod.rs	deserialize_unit_struct
serde_core/src/de/impls.rs	deserialize	serde_core/src/de/mod.rs	is_human_readable
serde_core/src/de/impls.rs	deserialize	serde_core/src/de/mod.rs	newtype_variant
serde_core/src/de/impls.rs	deserialize	serde_core/src/de/mod.rs	size_hint
serde_core/src/de/impls.rs	deserialize	serde_core/src/format.rs	write_str
serde_core/src/de/impls.rs	deserialize	serde_core/src/private/size_hint.rs	cautious
serde_core/src/de/impls.rs	deserialize	serde_core/src/private/string.rs	from_utf8_lossy
serde_core/src/de/impls.rs	deserialize	serde_derive/src/internals/attr.rs	default
serde_core/src/de/impls.rs	deserialize	serde_derive/src/internals/attr.rs	insert
serde_core/src/de/impls.rs	deserialize	serde_derive/src/internals/attr.rs	is_none
serde_core/src/de/impls.rs	deserialize_in_place	serde_core/src/de/impls.rs	StringInPlaceVisitor
serde_core/src/de/impls.rs	deserialize_in_place	serde_core/src/de/mod.rs	deserialize_seq
serde_core/src/de/impls.rs	deserialize_in_place	serde_core/src/de/mod.rs	deserialize_string
serde_core/src/de/impls.rs	deserialize_in_place	serde_core/src/de/mod.rs	size_hint
serde_core/src/de/impls.rs	deserialize_in_place	serde_core/src/private/seed.rs	InPlaceSeed
serde_core/src/de/impls.rs	deserialize_in_place	serde_core/src/private/size_hint.rs	cautious
serde_core/src/de/impls.rs	deserialize_in_place	serde_derive/src/internals/attr.rs	is_none
serde_core/src/de/impls.rs	expecting	serde_core/src/de/impls.rs	ArrayInPlaceVisitor
serde_core/src/de/impls.rs	expecting	serde_core/src/de/impls.rs	new
serde_core/src/de/impls.rs	expecting	serde_core/src/format.rs	write_str
serde_core/src/de/impls.rs	expecting	serde_derive/src/internals/attr.rs	is_none
serde_core/src/de/impls.rs	new	serde_core/src/de/impls.rs	ArrayVisitor
serde_core/src/de/impls.rs	new	serde_core/src/de/impls.rs	FromStrVisitor
serde_core/src/de/impls.rs	visit_borrowed_bytes	serde_core/src/de/mod.rs	Bytes
serde_core/src/de/impls.rs	visit_borrowed_bytes	serde_core/src/de/mod.rs	custom
serde_core/src/de/impls.rs	visit_byte_buf	serde_core/src/de/impls.rs	new
serde_core/src/de/impls.rs	visit_byte_buf	serde_core/src/de/mod.rs	Bytes
serde_core/src/de/impls.rs	visit_byte_buf	serde_core/src/de/mod.rs	custom
serde_core/src/de/impls.rs	visit_bytes	serde_core/src/de/impls.rs	new
serde_core/src/de/impls.rs	visit_bytes	serde_core/src/de/mod.rs	Bytes
serde_core/src/de/impls.rs	visit_bytes	serde_core/src/de/mod.rs	custom
serde_core/src/de/impls.rs	visit_enum	serde_core/src/de/mod.rs	custom
serde_core/src/de/impls.rs	visit_enum	serde_core/src/de/mod.rs	newtype_variant
serde_core/src/de/impls.rs	visit_map	serde_core/src/de/mod.rs	custom
serde_core/src/de/impls.rs	visit_seq	serde_core/src/de/impls.rs	new
serde_core/src/de/impls.rs	visit_seq	serde_core/src/de/mod.rs	custom
serde_core/src/de/impls.rs	visit_seq	serde_core/src/de/mod.rs	size_hint
serde_core/src/de/impls.rs	visit_seq	serde_core/src/private/size_hint.rs	cautious
serde_core/src/de/impls.rs	visit_some	serde_core/src/de/mod.rs	deserialize
serde_core/src/de/impls.rs	visit_str	serde_core/src/de/impls.rs	new
serde_core/src/de/impls.rs	visit_str	serde_core/src/de/mod.rs	Str
serde_core/src/de/impls.rs	visit_str	serde_core/src/de/mod.rs	custom
serde_core/src/de/impls.rs	visit_string	serde_core/src/de/impls.rs	new
serde_core/src/de/mod.rs	__deserialize_content_v1	serde_core/src/de/mod.rs	deserialize_any
serde_core/src/de/mod.rs	deserialize	serde_core/src/de/mod.rs	deserialize
serde_core/src/de/mod.rs	fmt	serde_core/src/de/mod.rs	fmt
serde_core/src/de/mod.rs	fmt	serde_core/src/format.rs	write_str
serde_core/src/de/mod.rs	newtype_variant	serde_core/src/de/mod.rs	newtype_variant_seed
serde_core/src/de/mod.rs	next_element	serde_core/src/de/mod.rs	next_element
serde_core/src/de/mod.rs	next_element	serde_core/src/de/mod.rs	next_element_seed
serde_core/src/de/mod.rs	next_element_seed	serde_core/src/de/mod.rs	next_element_seed
serde_core/src/de/mod.rs	next_entry	serde_core/src/de/mod.rs	next_entry
serde_core/src/de/mod.rs	next_entry	serde_core/src/de/mod.rs	next_entry_seed
serde_core/src/de/mod.rs	next_entry_seed	serde_core/src/de/mod.rs	next_entry_seed
serde_core/src/de/mod.rs	next_key	serde_core/src/de/mod.rs	next_key
serde_core/src/de/mod.rs	next_key	serde_core/src/de/mod.rs	next_key_seed
serde_core/src/de/mod.rs	next_key_seed	serde_core/src/de/mod.rs	next_key_seed
serde_core/src/de/mod.rs	next_value	serde_core/src/de/mod.rs	next_value
serde_core/src/de/mod.rs	next_value	serde_core/src/de/mod.rs	next_value_seed
serde_core/src/de/mod.rs	next_value_seed	serde_core/src/de/mod.rs	next_value_seed
serde_core/src/de/mod.rs	variant	serde_core/src/de/mod.rs	variant_seed
serde_core/src/de/mod.rs	visit_bool	serde_core/src/de/mod.rs	Bool
serde_core/src/de/mod.rs	visit_borrowed_bytes	serde_core/src/de/mod.rs	visit_bytes
serde_core/src/de/mod.rs	visit_borrowed_str	serde_core/src/de/mod.rs	visit_str
serde_core/src/de/mod.rs	visit_byte_buf	serde_core/src/de/mod.rs	visit_bytes
serde_core/src/de/mod.rs	visit_bytes	serde_core/src/de/mod.rs	Bytes
serde_core/src/de/mod.rs	visit_char	serde_core/src/de/mod.rs	visit_str
serde_core/src/de/mod.rs	visit_f32	serde_core/src/de/mod.rs	visit_f64
serde_core/src/de/mod.rs	visit_f64	serde_core/src/de/mod.rs	Float
serde_core/src/de/mod.rs	visit_i128	serde_core/src/de/mod.rs	Other
serde_core/src/de/mod.rs	visit_i128	serde_core/src/format.rs	as_str
serde_core/src/de/mod.rs	visit_i128	serde_core/src/format.rs	new
serde_core/src/de/mod.rs	visit_i16	serde_core/src/de/mod.rs	visit_i64
serde_core/src/de/mod.rs	visit_i32	serde_core/src/de/mod.rs	visit_i64
serde_core/src/de/mod.rs	visit_i64	serde_core/src/de/mod.rs	Signed
serde_core/src/de/mod.rs	visit_i8	serde_core/src/de/mod.rs	visit_i64
serde_core/src/de/mod.rs	visit_str	serde_core/src/de/mod.rs	Str
serde_core/src/de/mod.rs	visit_string	serde_core/src/de/mod.rs	visit_str
serde_core/src/de/mod.rs	visit_u128	serde_core/src/de/mod.rs	Other
serde_core/src/de/mod.rs	visit_u128	serde_core/src/format.rs	as_str
serde_core/src/de/mod.rs	visit_u128	serde_core/src/format.rs	new
serde_core/src/de/mod.rs	visit_u16	serde_core/src/de/mod.rs	visit_u64
serde_core/src/de/mod.rs	visit_u32	serde_core/src/de/mod.rs	visit_u64
serde_core/src/de/mod.rs	visit_u64	serde_core/src/de/mod.rs	Unsigned
serde_core/src/de/mod.rs	visit_u8	serde_core/src/de/mod.rs	visit_u64
serde_core/src/de/value.rs	clone	serde_core/src/de/value.rs	CowStrDeserializer
serde_core/src/de/value.rs	clone	serde_core/src/de/value.rs	MapDeserializer
serde_core/src/de/value.rs	clone	serde_core/src/de/value.rs	StringDeserializer
serde_core/src/de/value.rs	clone	serde_core/src/de/value.rs	new
serde_core/src/de/value.rs	custom	serde_core/src/de/value.rs	Error
serde_core/src/de/value.rs	custom	serde_core/src/de/value.rs	custom
serde_core/src/de/value.rs	deserialize	serde_core/src/de/mod.rs	deserialize_map
serde_core/src/de/value.rs	deserialize	serde_core/src/de/mod.rs	deserialize_tuple
serde_core/src/de/value.rs	deserialize_any	serde_core/src/de/mod.rs	visit_borrowed_bytes
serde_core/src/de/value.rs	deserialize_any	serde_core/src/de/mod.rs	visit_borrowed_str
serde_core/src/de/value.rs	deserialize_any	serde_core/src/de/mod.rs	visit_bytes
serde_core/src/de/value.rs	deserialize_any	serde_core/src/de/mod.rs	visit_enum
serde_core/src/de/value.rs	deserialize_any	serde_core/src/de/mod.rs	visit_map
serde_core/src/de/value.rs	deserialize_any	serde_core/src/de/mod.rs	visit_seq
serde_core/src/de/value.rs	deserialize_any	serde_core/src/de/mod.rs	visit_str
serde_core/src/de/value.rs	deserialize_any	serde_core/src/de/mod.rs	visit_string
serde_core/src/de/value.rs	deserialize_any	serde_core/src/de/mod.rs	visit_u32
serde_core/src/de/value.rs	deserialize_any	serde_core/src/de/mod.rs	visit_unit
serde_core/src/de/value.rs	deserialize_enum	serde_core/src/de/mod.rs	visit_enum
serde_core/src/de/value.rs	deserialize_option	serde_core/src/de/mod.rs	visit_none
serde_core/src/de/value.rs	deserialize_seq	serde_core/src/de/value.rs	ExpectedInSeq
serde_core/src/de/value.rs	deserialize_seq	serde_core/src/de/value.rs	PairVisitor
serde_core/src/de/value.rs	deserialize_seq	serde_core/src/de/value.rs	size_hint
serde_core/src/de/value.rs	deserialize_seq	serde_derive/src/internals/attr.rs	is_none
serde_core/src/de/value.rs	deserialize_tuple	serde_core/src/de/value.rs	ExpectedInSeq
serde_core/src/de/value.rs	end	serde_core/src/de/value.rs	ExpectedInMap
serde_core/src/de/value.rs	end	serde_core/src/de/value.rs	ExpectedInSeq
serde_core/src/de/value.rs	into_deserializer	serde_core/src/de/value.rs	new
serde_core/src/de/value.rs	map_as_enum	serde_core/src/de/value.rs	MapAsEnum
serde_core/src/de/value.rs	new	serde_core/src/de/value.rs	BorrowedBytesDeserializer
serde_core/src/de/value.rs	new	serde_core/src/de/value.rs	BorrowedStrDeserializer
serde_core/src/de/value.rs	new	serde_core/src/de/value.rs	BytesDeserializer
serde_core/src/de/value.rs	new	serde_core/src/de/value.rs	CowStrDeserializer
serde_core/src/de/value.rs	new	serde_core/src/de/value.rs	EnumAccessDeserializer
serde_core/src/de/value.rs	new	serde_core/src/de/value.rs	MapAccessDeserializer
serde_core/src/de/value.rs	new	serde_core/src/de/value.rs	MapDeserializer
serde_core/src/de/value.rs	new	serde_core/src/de/value.rs	SeqAccessDeserializer
serde_core/src/de/value.rs	new	serde_core/src/de/value.rs	SeqDeserializer
serde_core/src/de/value.rs	new	serde_core/src/de/value.rs	StrDeserializer
serde_core/src/de/value.rs	new	serde_core/src/de/value.rs	StringDeserializer
serde_core/src/de/value.rs	new	serde_core/src/de/value.rs	U32Deserializer
serde_core/src/de/value.rs	new	serde_core/src/de/value.rs	UnitDeserializer
serde_core/src/de/value.rs	newtype_variant_seed	serde_core/src/de/mod.rs	next_value_seed
serde_core/src/de/value.rs	next_element_seed	serde_core/src/de/mod.rs	deserialize
serde_core/src/de/value.rs	next_element_seed	serde_core/src/de/value.rs	PairDeserializer
serde_core/src/de/value.rs	next_element_seed	serde_core/src/de/value.rs	into_deserializer
serde_core/src/de/value.rs	next_key_seed	serde_core/src/de/mod.rs	deserialize
serde_core/src/de/value.rs	next_key_seed	serde_core/src/de/value.rs	into_deserializer
serde_core/src/de/value.rs	next_pair	serde_core/src/de/value.rs	split
serde_core/src/de/value.rs	next_value_seed	serde_core/src/de/mod.rs	deserialize
serde_core/src/de/value.rs	next_value_seed	serde_core/src/de/value.rs	into_deserializer
serde_core/src/de/value.rs	size_hint	serde_core/src/private/size_hint.rs	from_bounds
serde_core/src/de/value.rs	size_hint	serde_derive/src/internals/attr.rs	is_some
serde_core/src/de/value.rs	struct_variant	serde_core/src/de/mod.rs	next_value_seed
serde_core/src/de/value.rs	struct_variant	serde_core/src/de/value.rs	SeedStructVariant
serde_core/src/de/value.rs	tuple_variant	serde_core/src/de/mod.rs	next_value_seed
serde_core/src/de/value.rs	tuple_variant	serde_core/src/de/value.rs	SeedTupleVariant
serde_core/src/de/value.rs	unit_only	serde_core/src/de/value.rs	UnitOnly
serde_core/src/de/value.rs	unit_variant	serde_core/src/de/mod.rs	next_value
serde_core/src/de/value.rs	variant_seed	serde_core/src/de/mod.rs	deserialize
serde_core/src/de/value.rs	variant_seed	serde_core/src/de/value.rs	map_as_enum
serde_core/src/format.rs	new	serde_core/src/format.rs	Buf
serde_core/src/private/seed.rs	deserialize	serde_core/src/de/mod.rs	deserialize_in_place
serde_core/src/private/size_hint.rs	from_bounds	serde_core/src/private/size_hint.rs	helper
serde_core/src/private/string.rs	from_utf8_lossy	serde_core/src/private/string.rs	from_utf8_lossy
serde_core/src/ser/fmt.rs	serialize_newtype_struct	serde_core/src/ser/mod.rs	serialize
serde_core/src/ser/impls.rs	serialize	serde_core/src/format.rs	as_str
serde_core/src/ser/impls.rs	serialize	serde_core/src/format.rs	new
serde_core/src/ser/impls.rs	serialize	serde_core/src/ser/impls.rs	format_u8
serde_core/src/ser/impls.rs	serialize	serde_core/src/ser/impls.rs	serialize
serde_core/src/ser/impls.rs	serialize	serde_core/src/ser/mod.rs	collect_map
serde_core/src/ser/impls.rs	serialize	serde_core/src/ser/mod.rs	collect_seq
serde_core/src/ser/impls.rs	serialize	serde_core/src/ser/mod.rs	collect_str
serde_core/src/ser/impls.rs	serialize	serde_core/src/ser/mod.rs	custom
serde_core/src/ser/impls.rs	serialize	serde_core/src/ser/mod.rs	is_human_readable
serde_core/src/ser/impls.rs	serialize	serde_core/src/ser/mod.rs	serialize
serde_core/src/ser/impls.rs	serialize	serde_core/src/ser/mod.rs	serialize_bytes
serde_core/src/ser/impls.rs	serialize	serde_core/src/ser/mod.rs	serialize_newtype_variant
serde_core/src/ser/impls.rs	serialize	serde_core/src/ser/mod.rs	serialize_none
serde_core/src/ser/impls.rs	serialize	serde_core/src/ser/mod.rs	serialize_some
serde_core/src/ser/impls.rs	serialize	serde_core/src/ser/mod.rs	serialize_str
serde_core/src/ser/impls.rs	serialize	serde_core/src/ser/mod.rs	serialize_unit
serde_core/src/ser/impls.rs	serialize	serde_core/src/ser/mod.rs	serialize_unit_struct
serde_core/src/ser/impls.rs	serialize	serde_core/src/ser/mod.rs	serialize_unit_variant
serde_core/src/ser/impls.rs	serialize	serde_derive/src/internals/attr.rs	get
serde_core/src/ser/impls.rs	test_format_u8	serde_core/src/ser/impls.rs	format_u8
serde_core/src/ser/mod.rs	collect_map	serde_core/src/ser/mod.rs	end
serde_core/src/ser/mod.rs	collect_seq	serde_core/src/ser/mod.rs	end
serde_core/src/ser/mod.rs	collect_str	serde_core/src/ser/mod.rs	serialize_str
serde_core/src/ser/mod.rs	serialize_entry	serde_core/src/ser/mod.rs	serialize_value
serde_core/src/ser/mod.rs	serialize_i128	serde_core/src/ser/mod.rs	custom
serde_core/src/ser/mod.rs	serialize_u128	serde_core/src/ser/mod.rs	custom
serde_derive/src/bound.rs	make_where_bounded_type	serde_derive/src/internals/attr.rs	default
serde_derive/src/bound.rs	with_bound	serde_derive/src/bound.rs	make_where_bounded_type
serde_derive/src/bound.rs	with_bound	serde_derive/src/internals/attr.rs	insert
serde_derive/src/bound.rs	with_bound	serde_derive/src/internals/attr.rs	is_none
serde_derive/src/bound.rs	with_bound	serde_derive/src/internals/mod.rs	ungroup
serde_derive/src/bound.rs	with_self_bound	serde_derive/src/bound.rs	type_of_item
serde_derive/src/bound.rs	with_self_bound	serde_derive/src/internals/attr.rs	default
serde_derive/src/bound.rs	with_where_predicates_from_fields	serde_derive/src/internals/ast.rs	all_fields
serde_derive/src/de.rs	borrowed_lifetimes	serde_derive/src/de.rs	Borrowed
serde_derive/src/de.rs	borrowed_lifetimes	serde_derive/src/de.rs	borrowed_lifetimes
serde_derive/src/de.rs	borrowed_lifetimes	serde_derive/src/de.rs	new
serde_derive/src/de.rs	borrowed_lifetimes	serde_derive/src/internals/ast.rs	all_fields
serde_derive/src/de.rs	borrowed_lifetimes	serde_derive/src/internals/attr.rs	skip_deserializing
serde_derive/src/de.rs	build_generics	serde_derive/src/bound.rs	with_bound
serde_derive/src/de.rs	build_generics	serde_derive/src/bound.rs	with_self_bound
serde_derive/src/de.rs	build_generics	serde_derive/src/bound.rs	with_where_predicates
serde_derive/src/de.rs	build_generics	serde_derive/src/bound.rs	with_where_predicates_from_fields
serde_derive/src/de.rs	build_generics	serde_derive/src/bound.rs	with_where_predicates_from_variants
serde_derive/src/de.rs	build_generics	serde_derive/src/bound.rs	without_defaults
serde_derive/src/de.rs	build_generics	serde_derive/src/de.rs	de_lifetime
serde_derive/src/de.rs	build_generics	serde_derive/src/internals/attr.rs	de_bound
serde_derive/src/de.rs	build_generics	serde_derive/src/internals/attr.rs	default
serde_derive/src/de.rs	closure@12178	serde_derive/src/internals/attr.rs	deserialize_with
serde_derive/src/de.rs	closure@12178	serde_derive/src/internals/attr.rs	is_some
serde_derive/src/de.rs	closure@13627	serde_derive/src/internals/attr.rs	transparent
serde_derive/src/de.rs	closure@13965	serde_derive/src/internals/attr.rs	default
serde_derive/src/de.rs	closure@16141	serde_derive/src/internals/attr.rs	skip_deserializing
serde_derive/src/de.rs	closure@16538	serde_derive/src/de.rs	expr_is_missing
serde_derive/src/de.rs	closure@16538	serde_derive/src/de.rs	expr_is_missing_seq
serde_derive/src/de.rs	closure@16538	serde_derive/src/de.rs	wrap_deserialize_field_with
serde_derive/src/de.rs	closure@16538	serde_derive/src/fragment.rs	Expr
serde_derive/src/de.rs	closure@16538	serde_derive/src/internals/attr.rs	deserialize_with
serde_derive/src/de.rs	closure@16538	serde_derive/src/internals/attr.rs	skip_deserializing
serde_derive/src/de.rs	closure@19617	serde_derive/src/internals/attr.rs	skip_deserializing
serde_derive/src/de.rs	closure@20004	serde_derive/src/de.rs	expr_is_missing
serde_derive/src/de.rs	closure@20004	serde_derive/src/de.rs	expr_is_missing_seq
serde_derive/src/de.rs	closure@20004	serde_derive/src/de.rs	wrap_deserialize_field_with
serde_derive/src/de.rs	closure@20004	serde_derive/src/fragment.rs	Expr
serde_derive/src/de.rs	closure@20004	serde_derive/src/internals/attr.rs	deserialize_with
serde_derive/src/de.rs	closure@20004	serde_derive/src/internals/attr.rs	skip_deserializing
serde_derive/src/de.rs	closure@29906	serde_derive/src/internals/attr.rs	flatten
serde_derive/src/de.rs	closure@29906	serde_derive/src/internals/attr.rs	skip_deserializing
serde_derive/src/de.rs	closure@8236	serde_derive/src/internals/attr.rs	de_bound
serde_derive/src/de.rs	closure@8236	serde_derive/src/internals/attr.rs	deserialize_with
serde_derive/src/de.rs	closure@8236	serde_derive/src/internals/attr.rs	is_none
serde_derive/src/de.rs	closure@8236	serde_derive/src/internals/attr.rs	skip_deserializing
serde_derive/src/de.rs	de_lifetime_param	serde_derive/src/de.rs	new
serde_derive/src/de.rs	de_type_generics_to_tokens	serde_derive/src/de.rs	de_lifetime_param
serde_derive/src/de.rs	de_type_generics_to_tokens	serde_derive/src/de.rs	new
serde_derive/src/de.rs	de_type_generics_to_tokens	serde_derive/src/internals/attr.rs	is_some
serde_derive/src/de.rs	deserialize_body	serde_derive/src/de.rs	deserialize_from
serde_derive/src/de.rs	deserialize_body	serde_derive/src/de.rs	deserialize_transparent
serde_derive/src/de.rs	deserialize_body	serde_derive/src/de.rs	deserialize_try_from
serde_derive/src/de.rs	deserialize_body	serde_derive/src/de/enum_.rs	deserialize
serde_derive/src/de.rs	deserialize_body	serde_derive/src/de/identifier.rs	deserialize_custom
serde_derive/src/de.rs	deserialize_body	serde_derive/src/de/struct_.rs	deserialize
serde_derive/src/de.rs	deserialize_body	serde_derive/src/de/tuple.rs	deserialize
serde_derive/src/de.rs	deserialize_body	serde_derive/src/de/unit.rs	deserialize
serde_derive/src/de.rs	deserialize_body	serde_derive/src/internals/attr.rs	identifier
serde_derive/src/de.rs	deserialize_body	serde_derive/src/internals/attr.rs	transparent
serde_derive/src/de.rs	deserialize_body	serde_derive/src/internals/attr.rs	type_from
serde_derive/src/de.rs	deserialize_body	serde_derive/src/internals/attr.rs	type_try_from
serde_derive/src/de.rs	deserialize_in_place_body	serde_derive/src/de.rs	de_lifetime
serde_derive/src/de.rs	deserialize_in_place_body	serde_derive/src/de/struct_.rs	deserialize_in_place
serde_derive/src/de.rs	deserialize_in_place_body	serde_derive/src/de/tuple.rs	deserialize_in_place
serde_derive/src/de.rs	deserialize_in_place_body	serde_derive/src/fragment.rs	Stmts
serde_derive/src/de.rs	deserialize_in_place_body	serde_derive/src/internals/ast.rs	all_fields
serde_derive/src/de.rs	deserialize_in_place_body	serde_derive/src/internals/attr.rs	deserialize_with
serde_derive/src/de.rs	deserialize_in_place_body	serde_derive/src/internals/attr.rs	identifier
serde_derive/src/de.rs	deserialize_in_place_body	serde_derive/src/internals/attr.rs	is_some
serde_derive/src/de.rs	deserialize_in_place_body	serde_derive/src/internals/attr.rs	transparent
serde_derive/src/de.rs	deserialize_in_place_body	serde_derive/src/internals/attr.rs	type_from
serde_derive/src/de.rs	deserialize_in_place_body	serde_derive/src/internals/attr.rs	type_try_from
serde_derive/src/de.rs	deserialize_seq	serde_derive/src/de.rs	expr_is_missing
serde_derive/src/de.rs	deserialize_seq	serde_derive/src/de.rs	expr_is_missing_seq
serde_derive/src/de.rs	deserialize_seq	serde_derive/src/de.rs	wrap_deserialize_field_with
serde_derive/src/de.rs	deserialize_seq	serde_derive/src/fragment.rs	Expr
serde_derive/src/de.rs	deserialize_seq	serde_derive/src/internals/attr.rs	default
serde_derive/src/de.rs	deserialize_seq	serde_derive/src/internals/attr.rs	deserialize_with
serde_derive/src/de.rs	deserialize_seq	serde_derive/src/internals/attr.rs	expecting
serde_derive/src/de.rs	deserialize_seq	serde_derive/src/internals/attr.rs	skip_deserializing
serde_derive/src/de.rs	deserialize_seq_in_place	serde_derive/src/de.rs	expr_is_missing
serde_derive/src/de.rs	deserialize_seq_in_place	serde_derive/src/de.rs	expr_is_missing_seq
serde_derive/src/de.rs	deserialize_seq_in_place	serde_derive/src/de.rs	wrap_deserialize_field_with
serde_derive/src/de.rs	deserialize_seq_in_place	serde_derive/src/fragment.rs	Expr
serde_derive/src/de.rs	deserialize_seq_in_place	serde_derive/src/internals/attr.rs	default
serde_derive/src/de.rs	deserialize_seq_in_place	serde_derive/src/internals/attr.rs	deserialize_with
serde_derive/src/de.rs	deserialize_seq_in_place	serde_derive/src/internals/attr.rs	expecting
serde_derive/src/de.rs	deserialize_seq_in_place	serde_derive/src/internals/attr.rs	skip_deserializing
serde_derive/src/de.rs	deserialize_transparent	serde_derive/src/internals/attr.rs	default
serde_derive/src/de.rs	deserialize_transparent	serde_derive/src/internals/attr.rs	deserialize_with
serde_derive/src/de.rs	deserialize_transparent	serde_derive/src/internals/attr.rs	transparent
serde_derive/src/de.rs	effective_style	serde_derive/src/internals/attr.rs	skip_deserializing
serde_derive/src/de.rs	expand_derive_deserialize	serde_derive/src/de.rs	de_lifetime
serde_derive/src/de.rs	expand_derive_deserialize	serde_derive/src/de.rs	deserialize_body
serde_derive/src/de.rs	expand_derive_deserialize	serde_derive/src/de.rs	deserialize_in_place_body
serde_derive/src/de.rs	expand_derive_deserialize	serde_derive/src/de.rs	generics_with_de_lifetime
serde_derive/src/de.rs	expand_derive_deserialize	serde_derive/src/de.rs	new
serde_derive/src/de.rs	expand_derive_deserialize	serde_derive/src/de.rs	precondition
serde_derive/src/de.rs	expand_derive_deserialize	serde_derive/src/deprecated.rs	allow_deprecated
serde_derive/src/de.rs	expand_derive_deserialize	serde_derive/src/dummy.rs	wrap_in_const
serde_derive/src/de.rs	expand_derive_deserialize	serde_derive/src/fragment.rs	Stmts
serde_derive/src/de.rs	expand_derive_deserialize	serde_derive/src/internals/ast.rs	from_ast
serde_derive/src/de.rs	expand_derive_deserialize	serde_derive/src/internals/attr.rs	custom_serde_path
serde_derive/src/de.rs	expand_derive_deserialize	serde_derive/src/internals/attr.rs	remote
serde_derive/src/de.rs	expand_derive_deserialize	serde_derive/src/internals/ctxt.rs	check
serde_derive/src/de.rs	expand_derive_deserialize	serde_derive/src/internals/ctxt.rs	new
serde_derive/src/de.rs	expand_derive_deserialize	serde_derive/src/internals/receiver.rs	replace_receiver
serde_derive/src/de.rs	expand_derive_deserialize	serde_derive/src/lib.rs	ident
serde_derive/src/de.rs	expand_derive_deserialize	serde_derive/src/pretend.rs	pretend_used
serde_derive/src/de.rs	expr_is_missing	serde_derive/src/fragment.rs	Expr
serde_derive/src/de.rs	expr_is_missing	serde_derive/src/internals/attr.rs	default
serde_derive/src/de.rs	expr_is_missing	serde_derive/src/internals/attr.rs	deserialize_with
serde_derive/src/de.rs	expr_is_missing	serde_derive/src/internals/attr.rs	name
serde_derive/src/de.rs	expr_is_missing	serde_derive/src/internals/name.rs	deserialize_name
serde_derive/src/de.rs	expr_is_missing_seq	serde_derive/src/internals/attr.rs	default
serde_derive/src/de.rs	generics_with_de_lifetime	serde_derive/src/de.rs	DeImplGenerics
serde_derive/src/de.rs	generics_with_de_lifetime	serde_derive/src/de.rs	DeTypeGenerics
serde_derive/src/de.rs	has_flatten	serde_derive/src/internals/attr.rs	flatten
serde_derive/src/de.rs	has_flatten	serde_derive/src/internals/attr.rs	skip_deserializing
serde_derive/src/de.rs	in_place	serde_derive/src/de.rs	InPlaceImplGenerics
serde_derive/src/de.rs	in_place	serde_derive/src/de.rs	InPlaceTypeGenerics
serde_derive/src/de.rs	needs_deserialize_bound	serde_derive/src/internals/attr.rs	de_bound
serde_derive/src/de.rs	needs_deserialize_bound	serde_derive/src/internals/attr.rs	deserialize_with
serde_derive/src/de.rs	needs_deserialize_bound	serde_derive/src/internals/attr.rs	is_none
serde_derive/src/de.rs	needs_deserialize_bound	serde_derive/src/internals/attr.rs	skip_deserializing
serde_derive/src/de.rs	new	serde_derive/src/de.rs	Parameters
serde_derive/src/de.rs	new	serde_derive/src/de.rs	borrowed_lifetimes
serde_derive/src/de.rs	new	serde_derive/src/de.rs	build_generics
serde_derive/src/de.rs	new	serde_derive/src/internals/ast.rs	has_getter
serde_derive/src/de.rs	new	serde_derive/src/internals/attr.rs	is_packed
serde_derive/src/de.rs	new	serde_derive/src/this.rs	this_type
serde_derive/src/de.rs	new	serde_derive/src/this.rs	this_value
serde_derive/src/de.rs	place_lifetime	serde_derive/src/de.rs	new
serde_derive/src/de.rs	precondition	serde_derive/src/de.rs	precondition_no_de_lifetime
serde_derive/src/de.rs	precondition	serde_derive/src/de.rs	precondition_sized
serde_derive/src/de.rs	precondition_no_de_lifetime	serde_derive/src/de.rs	borrowed_lifetimes
serde_derive/src/de.rs	precondition_no_de_lifetime	serde_derive/src/internals/ctxt.rs	error_spanned_by
serde_derive/src/de.rs	precondition_sized	serde_derive/src/internals/ctxt.rs	error_spanned_by
serde_derive/src/de.rs	precondition_sized	serde_derive/src/internals/mod.rs	ungroup
serde_derive/src/de.rs	requires_default	serde_derive/src/internals/attr.rs	default
serde_derive/src/de.rs	to_tokens	serde_derive/src/de.rs	de_lifetime_param
serde_derive/src/de.rs	to_tokens	serde_derive/src/de.rs	de_type_generics_to_tokens
serde_derive/src/de.rs	to_tokens	serde_derive/src/de.rs	place_lifetime
serde_derive/src/de.rs	to_tokens	serde_derive/src/de.rs	to_tokens
serde_derive/src/de.rs	wrap_deserialize_field_with	serde_derive/src/de.rs	wrap_deserialize_with
serde_derive/src/de.rs	wrap_deserialize_with	serde_derive/src/de.rs	de_lifetime
serde_derive/src/de.rs	wrap_deserialize_with	serde_derive/src/de.rs	generics_with_de_lifetime
serde_derive/src/de/enum_.rs	closure@2361	serde_derive/src/internals/attr.rs	skip_deserializing
serde_derive/src/de/enum_.rs	closure@2492	serde_derive/src/internals/attr.rs	other
serde_derive/src/de/enum_.rs	closure@2544	serde_derive/src/de.rs	field_i
serde_derive/src/de/enum_.rs	closure@2806	serde_derive/src/internals/attr.rs	aliases
serde_derive/src/de/enum_.rs	closure@3065	serde_derive/src/de.rs	FieldWithAliases
serde_derive/src/de/enum_.rs	closure@3065	serde_derive/src/de.rs	field_i
serde_derive/src/de/enum_.rs	closure@3065	serde_derive/src/internals/attr.rs	aliases
serde_derive/src/de/enum_.rs	closure@721	serde_derive/src/internals/attr.rs	untagged
serde_derive/src/de/enum_.rs	deserialize	serde_derive/src/de/enum_.rs	deserialize_homogeneous_enum
serde_derive/src/de/enum_.rs	deserialize	serde_derive/src/de/enum_untagged.rs	deserialize
serde_derive/src/de/enum_.rs	deserialize	serde_derive/src/fragment.rs	Expr
serde_derive/src/de/enum_.rs	deserialize	serde_derive/src/internals/attr.rs	untagged
serde_derive/src/de/enum_.rs	deserialize_homogeneous_enum	serde_derive/src/de/enum_adjacently.rs	deserialize
serde_derive/src/de/enum_.rs	deserialize_homogeneous_enum	serde_derive/src/de/enum_externally.rs	deserialize
serde_derive/src/de/enum_.rs	deserialize_homogeneous_enum	serde_derive/src/de/enum_internally.rs	deserialize
serde_derive/src/de/enum_.rs	deserialize_homogeneous_enum	serde_derive/src/de/enum_untagged.rs	deserialize
serde_derive/src/de/enum_.rs	deserialize_homogeneous_enum	serde_derive/src/internals/attr.rs	tag
serde_derive/src/de/enum_.rs	prepare_enum_variant_enum	serde_derive/src/de.rs	FieldWithAliases
serde_derive/src/de/enum_.rs	prepare_enum_variant_enum	serde_derive/src/de.rs	field_i
serde_derive/src/de/enum_.rs	prepare_enum_variant_enum	serde_derive/src/de/identifier.rs	deserialize_generated
serde_derive/src/de/enum_.rs	prepare_enum_variant_enum	serde_derive/src/fragment.rs	Stmts
serde_derive/src/de/enum_.rs	prepare_enum_variant_enum	serde_derive/src/internals/attr.rs	aliases
serde_derive/src/de/enum_.rs	prepare_enum_variant_enum	serde_derive/src/internals/attr.rs	other
serde_derive/src/de/enum_.rs	prepare_enum_variant_enum	serde_derive/src/internals/attr.rs	skip_deserializing
serde_derive/src/de/enum_adjacently.rs	deserialize	serde_derive/src/de.rs	de_lifetime
serde_derive/src/de/enum_adjacently.rs	deserialize	serde_derive/src/de.rs	field_i
serde_derive/src/de/enum_adjacently.rs	deserialize	serde_derive/src/de.rs	generics_with_de_lifetime
serde_derive/src/de/enum_adjacently.rs	deserialize	serde_derive/src/de.rs	type_name
serde_derive/src/de/enum_adjacently.rs	deserialize	serde_derive/src/de/enum_.rs	prepare_enum_variant_enum
serde_derive/src/de/enum_adjacently.rs	deserialize	serde_derive/src/de/enum_untagged.rs	deserialize_variant
serde_derive/src/de/enum_adjacently.rs	deserialize	serde_derive/src/fragment.rs	Match
serde_derive/src/de/enum_adjacently.rs	deserialize	serde_derive/src/internals/attr.rs	deny_unknown_fields
serde_derive/src/de/enum_adjacently.rs	deserialize	serde_derive/src/internals/attr.rs	deserialize_with
serde_derive/src/de/enum_adjacently.rs	deserialize	serde_derive/src/internals/attr.rs	expecting
serde_derive/src/de/enum_adjacently.rs	deserialize	serde_derive/src/internals/attr.rs	is_none
serde_derive/src/de/enum_adjacently.rs	deserialize	serde_derive/src/internals/attr.rs	name
serde_derive/src/de/enum_adjacently.rs	deserialize	serde_derive/src/internals/attr.rs	skip_deserializing
serde_derive/src/de/enum_adjacently.rs	deserialize	serde_derive/src/internals/name.rs	deserialize_name
serde_derive/src/de/enum_externally.rs	closure@1400	serde_derive/src/internals/attr.rs	skip_deserializing
serde_derive/src/de/enum_externally.rs	closure@1466	serde_derive/src/de.rs	field_i
serde_derive/src/de/enum_externally.rs	closure@1466	serde_derive/src/de/enum_externally.rs	deserialize_externally_tagged_variant
serde_derive/src/de/enum_externally.rs	closure@1466	serde_derive/src/fragment.rs	Match
serde_derive/src/de/enum_externally.rs	closure@1846	serde_derive/src/internals/attr.rs	skip_deserializing
serde_derive/src/de/enum_externally.rs	deserialize	serde_derive/src/de.rs	de_lifetime
serde_derive/src/de/enum_externally.rs	deserialize	serde_derive/src/de.rs	field_i
serde_derive/src/de/enum_externally.rs	deserialize	serde_derive/src/de.rs	generics_with_de_lifetime
serde_derive/src/de/enum_externally.rs	deserialize	serde_derive/src/de/enum_.rs	prepare_enum_variant_enum
serde_derive/src/de/enum_externally.rs	deserialize	serde_derive/src/de/enum_externally.rs	deserialize_externally_tagged_variant
serde_derive/src/de/enum_externally.rs	deserialize	serde_derive/src/fragment.rs	Match
serde_derive/src/de/enum_externally.rs	deserialize	serde_derive/src/internals/attr.rs	expecting
serde_derive/src/de/enum_externally.rs	deserialize	serde_derive/src/internals/attr.rs	name
serde_derive/src/de/enum_externally.rs	deserialize	serde_derive/src/internals/attr.rs	skip_deserializing
serde_derive/src/de/enum_externally.rs	deserialize	serde_derive/src/internals/name.rs	deserialize_name
serde_derive/src/de/enum_externally.rs	deserialize_externally_tagged_newtype_variant	serde_derive/src/de.rs	expr_is_missing
serde_derive/src/de/enum_externally.rs	deserialize_externally_tagged_newtype_variant	serde_derive/src/de.rs	wrap_deserialize_field_with
serde_derive/src/de/enum_externally.rs	deserialize_externally_tagged_newtype_variant	serde_derive/src/fragment.rs	Expr
serde_derive/src/de/enum_externally.rs	deserialize_externally_tagged_newtype_variant	serde_derive/src/internals/attr.rs	deserialize_with
serde_derive/src/de/enum_externally.rs	deserialize_externally_tagged_newtype_variant	serde_derive/src/internals/attr.rs	skip_deserializing
serde_derive/src/de/enum_externally.rs	deserialize_externally_tagged_variant	serde_derive/src/de.rs	ExternallyTagged
serde_derive/src/de/enum_externally.rs	deserialize_externally_tagged_variant	serde_derive/src/de/enum_externally.rs	deserialize_externally_tagged_newtype_variant
serde_derive/src/de/enum_externally.rs	deserialize_externally_tagged_variant	serde_derive/src/de/enum_externally.rs	wrap_deserialize_variant_with
serde_derive/src/de/enum_externally.rs	deserialize_externally_tagged_variant	serde_derive/src/de/struct_.rs	deserialize
serde_derive/src/de/enum_externally.rs	deserialize_externally_tagged_variant	serde_derive/src/de/tuple.rs	deserialize
serde_derive/src/de/enum_externally.rs	deserialize_externally_tagged_variant	serde_derive/src/internals/attr.rs	deserialize_with
serde_derive/src/de/enum_externally.rs	wrap_deserialize_variant_with	serde_derive/src/de.rs	unwrap_to_variant_closure
serde_derive/src/de/enum_externally.rs	wrap_deserialize_variant_with	serde_derive/src/de.rs	wrap_deserialize_with
serde_derive/src/de/enum_internally.rs	closure@1004	serde_derive/src/de.rs	field_i
serde_derive/src/de/enum_internally.rs	closure@1004	serde_derive/src/de/enum_internally.rs	deserialize_internally_tagged_variant
serde_derive/src/de/enum_internally.rs	closure@1004	serde_derive/src/fragment.rs	Match
serde_derive/src/de/enum_internally.rs	closure@2698	serde_derive/src/de.rs	expr_is_missing
serde_derive/src/de/enum_internally.rs	closure@2698	serde_derive/src/fragment.rs	Expr
serde_derive/src/de/enum_internally.rs	closure@938	serde_derive/src/internals/attr.rs	skip_deserializing
serde_derive/src/de/enum_internally.rs	deserialize	serde_derive/src/de.rs	field_i
serde_derive/src/de/enum_internally.rs	deserialize	serde_derive/src/de/enum_.rs	prepare_enum_variant_enum
serde_derive/src/de/enum_internally.rs	deserialize	serde_derive/src/de/enum_internally.rs	deserialize_internally_tagged_variant
serde_derive/src/de/enum_internally.rs	deserialize	serde_derive/src/fragment.rs	Match
serde_derive/src/de/enum_internally.rs	deserialize	serde_derive/src/internals/attr.rs	expecting
serde_derive/src/de/enum_internally.rs	deserialize	serde_derive/src/internals/attr.rs	skip_deserializing
serde_derive/src/de/enum_internally.rs	deserialize_internally_tagged_variant	serde_derive/src/de.rs	InternallyTagged
serde_derive/src/de/enum_internally.rs	deserialize_internally_tagged_variant	serde_derive/src/de.rs	effective_style
serde_derive/src/de/enum_internally.rs	deserialize_internally_tagged_variant	serde_derive/src/de.rs	expr_is_missing
serde_derive/src/de/enum_internally.rs	deserialize_internally_tagged_variant	serde_derive/src/de.rs	type_name
serde_derive/src/de/enum_internally.rs	deserialize_internally_tagged_variant	serde_derive/src/de.rs	unwrap_to_variant_closure
serde_derive/src/de/enum_internally.rs	deserialize_internally_tagged_variant	serde_derive/src/de/enum_untagged.rs	deserialize_newtype_variant
serde_derive/src/de/enum_internally.rs	deserialize_internally_tagged_variant	serde_derive/src/de/struct_.rs	deserialize
serde_derive/src/de/enum_internally.rs	deserialize_internally_tagged_variant	serde_derive/src/fragment.rs	Expr
serde_derive/src/de/enum_internally.rs	deserialize_internally_tagged_variant	serde_derive/src/internals/attr.rs	deserialize_with
serde_derive/src/de/enum_untagged.rs	closure@2879	serde_derive/src/de.rs	expr_is_missing
serde_derive/src/de/enum_untagged.rs	closure@2879	serde_derive/src/fragment.rs	Expr
serde_derive/src/de/enum_untagged.rs	closure@836	serde_derive/src/internals/attr.rs	skip_deserializing
serde_derive/src/de/enum_untagged.rs	closure@896	serde_derive/src/de/enum_untagged.rs	deserialize_variant
serde_derive/src/de/enum_untagged.rs	closure@896	serde_derive/src/fragment.rs	Expr
serde_derive/src/de/enum_untagged.rs	deserialize	serde_derive/src/de/enum_untagged.rs	deserialize_variant
serde_derive/src/de/enum_untagged.rs	deserialize	serde_derive/src/fragment.rs	Expr
serde_derive/src/de/enum_untagged.rs	deserialize	serde_derive/src/internals/attr.rs	expecting
serde_derive/src/de/enum_untagged.rs	deserialize	serde_derive/src/internals/attr.rs	skip_deserializing
serde_derive/src/de/enum_untagged.rs	deserialize_newtype_variant	serde_derive/src/internals/attr.rs	deserialize_with
serde_derive/src/de/enum_untagged.rs	deserialize_variant	serde_derive/src/de.rs	Untagged
serde_derive/src/de/enum_untagged.rs	deserialize_variant	serde_derive/src/de.rs	effective_style
serde_derive/src/de/enum_untagged.rs	deserialize_variant	serde_derive/src/de.rs	expr_is_missing
serde_derive/src/de/enum_untagged.rs	deserialize_variant	serde_derive/src/de.rs	type_name
serde_derive/src/de/enum_untagged.rs	deserialize_variant	serde_derive/src/de.rs	unwrap_to_variant_closure
serde_derive/src/de/enum_untagged.rs	deserialize_variant	serde_derive/src/de/enum_untagged.rs	deserialize_newtype_variant
serde_derive/src/de/enum_untagged.rs	deserialize_variant	serde_derive/src/de/struct_.rs	deserialize
serde_derive/src/de/enum_untagged.rs	deserialize_variant	serde_derive/src/de/tuple.rs	deserialize
serde_derive/src/de/enum_untagged.rs	deserialize_variant	serde_derive/src/fragment.rs	Expr
serde_derive/src/de/enum_untagged.rs	deserialize_variant	serde_derive/src/internals/attr.rs	deserialize_with
serde_derive/src/de/identifier.rs	closure@2377	serde_derive/src/de.rs	FieldWithAliases
serde_derive/src/de/identifier.rs	closure@2377	serde_derive/src/internals/attr.rs	aliases
serde_derive/src/de/identifier.rs	deserialize_custom	serde_derive/src/de.rs	FieldWithAliases
serde_derive/src/de/identifier.rs	deserialize_custom	serde_derive/src/de.rs	de_lifetime
serde_derive/src/de/identifier.rs	deserialize_custom	serde_derive/src/de.rs	generics_with_de_lifetime
serde_derive/src/de/identifier.rs	deserialize_custom	serde_derive/src/de/identifier.rs	deserialize_identifier
serde_derive/src/de/identifier.rs	deserialize_custom	serde_derive/src/fragment.rs	Stmts
serde_derive/src/de/identifier.rs	deserialize_custom	serde_derive/src/internals/attr.rs	aliases
serde_derive/src/de/identifier.rs	deserialize_custom	serde_derive/src/internals/attr.rs	expecting
serde_derive/src/de/identifier.rs	deserialize_custom	serde_derive/src/internals/attr.rs	identifier
serde_derive/src/de/identifier.rs	deserialize_custom	serde_derive/src/internals/attr.rs	is_some
serde_derive/src/de/identifier.rs	deserialize_custom	serde_derive/src/internals/attr.rs	other
serde_derive/src/de/identifier.rs	deserialize_generated	serde_derive/src/de/identifier.rs	deserialize_identifier
serde_derive/src/de/identifier.rs	deserialize_generated	serde_derive/src/fragment.rs	Stmts
serde_derive/src/de/struct_.rs	closure@10370	serde_derive/src/internals/attr.rs	skip_deserializing
serde_derive/src/de/struct_.rs	closure@11210	serde_derive/src/internals/attr.rs	flatten
serde_derive/src/de/struct_.rs	closure@11210	serde_derive/src/internals/attr.rs	skip_deserializing
serde_derive/src/de/struct_.rs	closure@11299	serde_derive/src/de.rs	expr_is_missing
serde_derive/src/de/struct_.rs	closure@11299	serde_derive/src/fragment.rs	Match
serde_derive/src/de/struct_.rs	closure@11690	serde_derive/src/internals/attr.rs	flatten
serde_derive/src/de/struct_.rs	closure@11690	serde_derive/src/internals/attr.rs	skip_deserializing
serde_derive/src/de/struct_.rs	closure@11778	serde_derive/src/internals/attr.rs	deserialize_with
serde_derive/src/de/struct_.rs	closure@13209	serde_derive/src/de.rs	expr_is_missing
serde_derive/src/de/struct_.rs	closure@13209	serde_derive/src/fragment.rs	Expr
serde_derive/src/de/struct_.rs	closure@13209	serde_derive/src/internals/attr.rs	skip_deserializing
serde_derive/src/de/struct_.rs	closure@15660	serde_derive/src/internals/attr.rs	skip_deserializing
serde_derive/src/de/struct_.rs	closure@15722	serde_derive/src/de.rs	FieldWithAliases
serde_derive/src/de/struct_.rs	closure@15722	serde_derive/src/de.rs	field_i
serde_derive/src/de/struct_.rs	closure@15722	serde_derive/src/internals/attr.rs	aliases
serde_derive/src/de/struct_.rs	closure@18431	serde_derive/src/de.rs	field_i
serde_derive/src/de/struct_.rs	closure@18650	serde_derive/src/internals/attr.rs	skip_deserializing
serde_derive/src/de/struct_.rs	closure@18941	serde_derive/src/internals/attr.rs	skip_deserializing
serde_derive/src/de/struct_.rs	closure@19004	serde_derive/src/de.rs	wrap_deserialize_field_with
serde_derive/src/de/struct_.rs	closure@19004	serde_derive/src/internals/attr.rs	deserialize_with
serde_derive/src/de/struct_.rs	closure@19004	serde_derive/src/internals/attr.rs	name
serde_derive/src/de/struct_.rs	closure@19004	serde_derive/src/internals/name.rs	deserialize_name
serde_derive/src/de/struct_.rs	closure@20704	serde_derive/src/internals/attr.rs	skip_deserializing
serde_derive/src/de/struct_.rs	closure@21547	serde_derive/src/internals/attr.rs	skip_deserializing
serde_derive/src/de/struct_.rs	closure@21610	serde_derive/src/de.rs	expr_is_missing
serde_derive/src/de/struct_.rs	closure@21610	serde_derive/src/fragment.rs	Expr
serde_derive/src/de/struct_.rs	closure@21610	serde_derive/src/fragment.rs	Stmts
serde_derive/src/de/struct_.rs	closure@21610	serde_derive/src/internals/attr.rs	default
serde_derive/src/de/struct_.rs	closure@21610	serde_derive/src/internals/attr.rs	deserialize_with
serde_derive/src/de/struct_.rs	closure@21610	serde_derive/src/internals/attr.rs	is_none
serde_derive/src/de/struct_.rs	closure@21610	serde_derive/src/internals/attr.rs	is_some
serde_derive/src/de/struct_.rs	closure@2272	serde_derive/src/internals/attr.rs	flatten
serde_derive/src/de/struct_.rs	closure@2272	serde_derive/src/internals/attr.rs	skip_deserializing
serde_derive/src/de/struct_.rs	closure@2360	serde_derive/src/de.rs	FieldWithAliases
serde_derive/src/de/struct_.rs	closure@2360	serde_derive/src/de.rs	field_i
serde_derive/src/de/struct_.rs	closure@2360	serde_derive/src/internals/attr.rs	aliases
serde_derive/src/de/struct_.rs	closure@7217	serde_derive/src/de.rs	field_i
serde_derive/src/de/struct_.rs	closure@7391	serde_derive/src/internals/attr.rs	flatten
serde_derive/src/de/struct_.rs	closure@7391	serde_derive/src/internals/attr.rs	skip_deserializing
serde_derive/src/de/struct_.rs	closure@8155	serde_derive/src/internals/attr.rs	flatten
serde_derive/src/de/struct_.rs	closure@8155	serde_derive/src/internals/attr.rs	skip_deserializing
serde_derive/src/de/struct_.rs	closure@8244	serde_derive/src/de.rs	wrap_deserialize_field_with
serde_derive/src/de/struct_.rs	closure@8244	serde_derive/src/internals/attr.rs	deserialize_with
serde_derive/src/de/struct_.rs	closure@8244	serde_derive/src/internals/attr.rs	name
serde_derive/src/de/struct_.rs	closure@8244	serde_derive/src/internals/name.rs	deserialize_name
serde_derive/src/de/struct_.rs	deserialize	serde_derive/src/de.rs	FieldWithAliases
serde_derive/src/de/struct_.rs	deserialize	serde_derive/src/de.rs	de_lifetime
serde_derive/src/de/struct_.rs	deserialize	serde_derive/src/de.rs	deserialize_seq
serde_derive/src/de/struct_.rs	deserialize	serde_derive/src/de.rs	field_i
serde_derive/src/de/struct_.rs	deserialize	serde_derive/src/de.rs	generics_with_de_lifetime
serde_derive/src/de/struct_.rs	deserialize	serde_derive/src/de.rs	has_flatten
serde_derive/src/de/struct_.rs	deserialize	serde_derive/src/de/struct_.rs	deserialize_field_identifier
serde_derive/src/de/struct_.rs	deserialize	serde_derive/src/de/struct_.rs	deserialize_map
serde_derive/src/de/struct_.rs	deserialize	serde_derive/src/fragment.rs	Stmts
serde_derive/src/de/struct_.rs	deserialize	serde_derive/src/internals/attr.rs	aliases
serde_derive/src/de/struct_.rs	deserialize	serde_derive/src/internals/attr.rs	expecting
serde_derive/src/de/struct_.rs	deserialize	serde_derive/src/internals/attr.rs	flatten
serde_derive/src/de/struct_.rs	deserialize	serde_derive/src/internals/attr.rs	name
serde_derive/src/de/struct_.rs	deserialize	serde_derive/src/internals/attr.rs	skip_deserializing
serde_derive/src/de/struct_.rs	deserialize	serde_derive/src/internals/name.rs	deserialize_name
serde_derive/src/de/struct_.rs	deserialize_field_identifier	serde_derive/src/de/identifier.rs	deserialize_generated
serde_derive/src/de/struct_.rs	deserialize_field_identifier	serde_derive/src/fragment.rs	Stmts
serde_derive/src/de/struct_.rs	deserialize_field_identifier	serde_derive/src/internals/attr.rs	deny_unknown_fields
serde_derive/src/de/struct_.rs	deserialize_in_place	serde_derive/src/de.rs	FieldWithAliases
serde_derive/src/de/struct_.rs	deserialize_in_place	serde_derive/src/de.rs	de_lifetime
serde_derive/src/de/struct_.rs	deserialize_in_place	serde_derive/src/de.rs	deserialize_seq_in_place
serde_derive/src/de/struct_.rs	deserialize_in_place	serde_derive/src/de.rs	field_i
serde_derive/src/de/struct_.rs	deserialize_in_place	serde_derive/src/de.rs	generics_with_de_lifetime
serde_derive/src/de/struct_.rs	deserialize_in_place	serde_derive/src/de.rs	has_flatten
serde_derive/src/de/struct_.rs	deserialize_in_place	serde_derive/src/de.rs	in_place
serde_derive/src/de/struct_.rs	deserialize_in_place	serde_derive/src/de.rs	place_lifetime
serde_derive/src/de/struct_.rs	deserialize_in_place	serde_derive/src/de/struct_.rs	deserialize_field_identifier
serde_derive/src/de/struct_.rs	deserialize_in_place	serde_derive/src/de/struct_.rs	deserialize_map_in_place
serde_derive/src/de/struct_.rs	deserialize_in_place	serde_derive/src/fragment.rs	Stmts
serde_derive/src/de/struct_.rs	deserialize_in_place	serde_derive/src/internals/attr.rs	aliases
serde_derive/src/de/struct_.rs	deserialize_in_place	serde_derive/src/internals/attr.rs	expecting
serde_derive/src/de/struct_.rs	deserialize_in_place	serde_derive/src/internals/attr.rs	name
serde_derive/src/de/struct_.rs	deserialize_in_place	serde_derive/src/internals/attr.rs	skip_deserializing
serde_derive/src/de/struct_.rs	deserialize_in_place	serde_derive/src/internals/name.rs	deserialize_name
serde_derive/src/de/struct_.rs	deserialize_map	serde_derive/src/de.rs	expr_is_missing
serde_derive/src/de/struct_.rs	deserialize_map	serde_derive/src/de.rs	field_i
serde_derive/src/de/struct_.rs	deserialize_map	serde_derive/src/de.rs	wrap_deserialize_field_with
serde_derive/src/de/struct_.rs	deserialize_map	serde_derive/src/fragment.rs	Expr
serde_derive/src/de/struct_.rs	deserialize_map	serde_derive/src/fragment.rs	Match
serde_derive/src/de/struct_.rs	deserialize_map	serde_derive/src/internals/attr.rs	default
serde_derive/src/de/struct_.rs	deserialize_map	serde_derive/src/internals/attr.rs	deny_unknown_fields
serde_derive/src/de/struct_.rs	deserialize_map	serde_derive/src/internals/attr.rs	deserialize_with
serde_derive/src/de/struct_.rs	deserialize_map	serde_derive/src/internals/attr.rs	flatten
serde_derive/src/de/struct_.rs	deserialize_map	serde_derive/src/internals/attr.rs	name
serde_derive/src/de/struct_.rs	deserialize_map	serde_derive/src/internals/attr.rs	skip_deserializing
serde_derive/src/de/struct_.rs	deserialize_map	serde_derive/src/internals/name.rs	deserialize_name
serde_derive/src/de/struct_.rs	deserialize_map_in_place	serde_derive/src/de.rs	expr_is_missing
serde_derive/src/de/struct_.rs	deserialize_map_in_place	serde_derive/src/de.rs	field_i
serde_derive/src/de/struct_.rs	deserialize_map_in_place	serde_derive/src/de.rs	wrap_deserialize_field_with
serde_derive/src/de/struct_.rs	deserialize_map_in_place	serde_derive/src/fragment.rs	Expr
serde_derive/src/de/struct_.rs	deserialize_map_in_place	serde_derive/src/fragment.rs	Stmts
serde_derive/src/de/struct_.rs	deserialize_map_in_place	serde_derive/src/internals/attr.rs	default
serde_derive/src/de/struct_.rs	deserialize_map_in_place	serde_derive/src/internals/attr.rs	deny_unknown_fields
serde_derive/src/de/struct_.rs	deserialize_map_in_place	serde_derive/src/internals/attr.rs	deserialize_with
serde_derive/src/de/struct_.rs	deserialize_map_in_place	serde_derive/src/internals/attr.rs	is_none
serde_derive/src/de/struct_.rs	deserialize_map_in_place	serde_derive/src/internals/attr.rs	is_some
serde_derive/src/de/struct_.rs	deserialize_map_in_place	serde_derive/src/internals/attr.rs	name
serde_derive/src/de/struct_.rs	deserialize_map_in_place	serde_derive/src/internals/attr.rs	skip_deserializing
serde_derive/src/de/struct_.rs	deserialize_map_in_place	serde_derive/src/internals/name.rs	deserialize_name
serde_derive/src/de/tuple.rs	closure@6600	serde_derive/src/internals/attr.rs	skip_deserializing
serde_derive/src/de/tuple.rs	closure@805	serde_derive/src/internals/attr.rs	skip_deserializing
serde_derive/src/de/tuple.rs	deserialize	serde_derive/src/de.rs	de_lifetime
serde_derive/src/de/tuple.rs	deserialize	serde_derive/src/de.rs	deserialize_seq
serde_derive/src/de/tuple.rs	deserialize	serde_derive/src/de.rs	generics_with_de_lifetime
serde_derive/src/de/tuple.rs	deserialize	serde_derive/src/de/tuple.rs	deserialize_newtype_struct
serde_derive/src/de/tuple.rs	deserialize	serde_derive/src/fragment.rs	Stmts
serde_derive/src/de/tuple.rs	deserialize	serde_derive/src/internals/attr.rs	expecting
serde_derive/src/de/tuple.rs	deserialize	serde_derive/src/internals/attr.rs	name
serde_derive/src/de/tuple.rs	deserialize	serde_derive/src/internals/attr.rs	skip_deserializing
serde_derive/src/de/tuple.rs	deserialize	serde_derive/src/internals/name.rs	deserialize_name
serde_derive/src/de/tuple.rs	deserialize_in_place	serde_derive/src/de.rs	de_lifetime
serde_derive/src/de/tuple.rs	deserialize_in_place	serde_derive/src/de.rs	deserialize_seq_in_place
serde_derive/src/de/tuple.rs	deserialize_in_place	serde_derive/src/de.rs	generics_with_de_lifetime
serde_derive/src/de/tuple.rs	deserialize_in_place	serde_derive/src/de.rs	in_place
serde_derive/src/de/tuple.rs	deserialize_in_place	serde_derive/src/de.rs	place_lifetime
serde_derive/src/de/tuple.rs	deserialize_in_place	serde_derive/src/fragment.rs	Stmts
serde_derive/src/de/tuple.rs	deserialize_in_place	serde_derive/src/internals/attr.rs	expecting
serde_derive/src/de/tuple.rs	deserialize_in_place	serde_derive/src/internals/attr.rs	name
serde_derive/src/de/tuple.rs	deserialize_in_place	serde_derive/src/internals/attr.rs	skip_deserializing
serde_derive/src/de/tuple.rs	deserialize_in_place	serde_derive/src/internals/name.rs	deserialize_name
serde_derive/src/de/tuple.rs	deserialize_newtype_struct	serde_derive/src/de.rs	de_lifetime
serde_derive/src/de/tuple.rs	deserialize_newtype_struct	serde_derive/src/internals/attr.rs	deserialize_with
serde_derive/src/de/unit.rs	deserialize	serde_derive/src/de.rs	de_lifetime
serde_derive/src/de/unit.rs	deserialize	serde_derive/src/de.rs	generics_with_de_lifetime
serde_derive/src/de/unit.rs	deserialize	serde_derive/src/internals/attr.rs	expecting
serde_derive/src/de/unit.rs	deserialize	serde_derive/src/internals/attr.rs	name
serde_derive/src/de/unit.rs	deserialize	serde_derive/src/internals/name.rs	deserialize_name
serde_derive/src/deprecated.rs	allow_deprecated	serde_derive/src/deprecated.rs	should_allow_deprecated
serde_derive/src/deprecated.rs	should_allow_deprecated	serde_derive/src/deprecated.rs	contains_deprecated
serde_derive/src/fragment.rs	to_tokens	serde_derive/src/fragment.rs	to_tokens
serde_derive/src/fragment.rs	to_tokens	serde_derive/src/internals/attr.rs	default
serde_derive/src/internals/ast.rs	closure@3818	serde_derive/src/internals/attr.rs	getter
serde_derive/src/internals/ast.rs	closure@3818	serde_derive/src/internals/attr.rs	is_some
serde_derive/src/internals/ast.rs	closure@4106	serde_derive/src/internals/ast.rs	Variant
serde_derive/src/internals/ast.rs	closure@4106	serde_derive/src/internals/ast.rs	struct_from_ast
serde_derive/src/internals/ast.rs	closure@4106	serde_derive/src/internals/attr.rs	from_ast
serde_derive/src/internals/ast.rs	closure@4691	serde_derive/src/internals/attr.rs	untagged
serde_derive/src/internals/ast.rs	enum_from_ast	serde_derive/src/internals/ast.rs	Variant
serde_derive/src/internals/ast.rs	enum_from_ast	serde_derive/src/internals/ast.rs	struct_from_ast
serde_derive/src/internals/ast.rs	enum_from_ast	serde_derive/src/internals/attr.rs	from_ast
serde_derive/src/internals/ast.rs	enum_from_ast	serde_derive/src/internals/attr.rs	untagged
serde_derive/src/internals/ast.rs	enum_from_ast	serde_derive/src/internals/ctxt.rs	error_spanned_by
serde_derive/src/internals/ast.rs	fields_from_ast	serde_derive/src/internals/ast.rs	Field
serde_derive/src/internals/ast.rs	fields_from_ast	serde_derive/src/internals/attr.rs	from_ast
serde_derive/src/internals/ast.rs	from_ast	serde_derive/src/internals/ast.rs	Container
serde_derive/src/internals/ast.rs	from_ast	serde_derive/src/internals/ast.rs	Enum
serde_derive/src/internals/ast.rs	from_ast	serde_derive/src/internals/ast.rs	Struct
serde_derive/src/internals/ast.rs	from_ast	serde_derive/src/internals/ast.rs	enum_from_ast
serde_derive/src/internals/ast.rs	from_ast	serde_derive/src/internals/ast.rs	struct_from_ast
serde_derive/src/internals/ast.rs	from_ast	serde_derive/src/internals/attr.rs	default
serde_derive/src/internals/ast.rs	from_ast	serde_derive/src/internals/attr.rs	from_ast
serde_derive/src/internals/ast.rs	from_ast	serde_derive/src/internals/attr.rs	rename_all_fields_rules
serde_derive/src/internals/ast.rs	from_ast	serde_derive/src/internals/attr.rs	rename_all_rules
serde_derive/src/internals/ast.rs	from_ast	serde_derive/src/internals/attr.rs	rename_by_rules
serde_derive/src/internals/ast.rs	from_ast	serde_derive/src/internals/check.rs	check
serde_derive/src/internals/ast.rs	from_ast	serde_derive/src/internals/ctxt.rs	error_spanned_by
serde_derive/src/internals/ast.rs	has_getter	serde_derive/src/internals/ast.rs	all_fields
serde_derive/src/internals/ast.rs	has_getter	serde_derive/src/internals/attr.rs	getter
serde_derive/src/internals/ast.rs	has_getter	serde_derive/src/internals/attr.rs	is_some
serde_derive/src/internals/ast.rs	struct_from_ast	serde_derive/src/internals/ast.rs	fields_from_ast
serde_derive/src/internals/attr.rs	aliases	serde_derive/src/internals/name.rs	deserialize_aliases
serde_derive/src/internals/attr.rs	at_most_one	serde_derive/src/internals/ctxt.rs	error_spanned_by
serde_derive/src/internals/attr.rs	borrowable_lifetimes	serde_derive/src/internals/attr.rs	collect_lifetimes
serde_derive/src/internals/attr.rs	borrowable_lifetimes	serde_derive/src/internals/ctxt.rs	error_spanned_by
serde_derive/src/internals/attr.rs	closure@30302	serde_derive/src/fragment.rs	as_ref
serde_derive/src/internals/attr.rs	closure@30302	serde_derive/src/internals/attr.rs	BorrowAttribute
serde_derive/src/internals/attr.rs	closure@30302	serde_derive/src/internals/attr.rs	get_lit_str
serde_derive/src/internals/attr.rs	closure@30302	serde_derive/src/internals/attr.rs	get_multiple_renames
serde_derive/src/internals/attr.rs	closure@30302	serde_derive/src/internals/attr.rs	get_renames
serde_derive/src/internals/attr.rs	closure@30302	serde_derive/src/internals/attr.rs	get_where_predicates
serde_derive/src/internals/attr.rs	closure@30302	serde_derive/src/internals/attr.rs	parse_lit_into_expr_path
serde_derive/src/internals/attr.rs	closure@30302	serde_derive/src/internals/attr.rs	parse_lit_into_lifetimes
serde_derive/src/internals/attr.rs	closure@30302	serde_derive/src/internals/attr.rs	set
serde_derive/src/internals/attr.rs	closure@30302	serde_derive/src/internals/attr.rs	set_if_none
serde_derive/src/internals/attr.rs	closure@30302	serde_derive/src/internals/attr.rs	set_opt
serde_derive/src/internals/attr.rs	closure@30302	serde_derive/src/internals/case.rs	from_str
serde_derive/src/internals/attr.rs	closure@30302	serde_derive/src/internals/ctxt.rs	error_spanned_by
serde_derive/src/internals/attr.rs	closure@41147	serde_derive/src/fragment.rs	as_ref
serde_derive/src/internals/attr.rs	closure@42251	serde_derive/src/fragment.rs	as_ref
serde_derive/src/internals/attr.rs	closure@42251	serde_derive/src/internals/attr.rs	Path
serde_derive/src/internals/attr.rs	closure@42251	serde_derive/src/internals/attr.rs	borrowable_lifetimes
serde_derive/src/internals/attr.rs	closure@42251	serde_derive/src/internals/attr.rs	get_lit_str
serde_derive/src/internals/attr.rs	closure@42251	serde_derive/src/internals/attr.rs	get_multiple_renames
serde_derive/src/internals/attr.rs	closure@42251	serde_derive/src/internals/attr.rs	get_where_predicates
serde_derive/src/internals/attr.rs	closure@42251	serde_derive/src/internals/attr.rs	parse_lit_into_expr_path
serde_derive/src/internals/attr.rs	closure@42251	serde_derive/src/internals/attr.rs	parse_lit_into_lifetimes
serde_derive/src/internals/attr.rs	closure@42251	serde_derive/src/internals/attr.rs	set
serde_derive/src/internals/attr.rs	closure@42251	serde_derive/src/internals/attr.rs	set_if_none
serde_derive/src/internals/attr.rs	closure@42251	serde_derive/src/internals/attr.rs	set_opt
serde_derive/src/internals/attr.rs	closure@42251	serde_derive/src/internals/ctxt.rs	error_spanned_by
serde_derive/src/internals/attr.rs	closure@59231	serde_derive/src/internals/attr.rs	insert
serde_derive/src/internals/attr.rs	closure@59231	serde_derive/src/internals/ctxt.rs	error_spanned_by
serde_derive/src/internals/attr.rs	closure@8133	serde_derive/src/fragment.rs	as_ref
serde_derive/src/internals/attr.rs	closure@8133	serde_derive/src/internals/attr.rs	Path
serde_derive/src/internals/attr.rs	closure@8133	serde_derive/src/internals/attr.rs	get_lit_str
serde_derive/src/internals/attr.rs	closure@8133	serde_derive/src/internals/attr.rs	get_renames
serde_derive/src/internals/attr.rs	closure@8133	serde_derive/src/internals/attr.rs	get_where_predicates
serde_derive/src/internals/attr.rs	closure@8133	serde_derive/src/internals/attr.rs	is_primitive_path
serde_derive/src/internals/attr.rs	closure@8133	serde_derive/src/internals/attr.rs	parse_lit_into_expr_path
serde_derive/src/internals/attr.rs	closure@8133	serde_derive/src/internals/attr.rs	parse_lit_into_path
serde_derive/src/internals/attr.rs	closure@8133	serde_derive/src/internals/attr.rs	parse_lit_into_ty
serde_derive/src/internals/attr.rs	closure@8133	serde_derive/src/internals/attr.rs	set
serde_derive/src/internals/attr.rs	closure@8133	serde_derive/src/internals/attr.rs	set_opt
serde_derive/src/internals/attr.rs	closure@8133	serde_derive/src/internals/case.rs	from_str
serde_derive/src/internals/attr.rs	closure@8133	serde_derive/src/internals/ctxt.rs	error_spanned_by
serde_derive/src/internals/attr.rs	closure@8133	serde_derive/src/internals/ctxt.rs	syn_error
serde_derive/src/internals/attr.rs	collect_lifetimes	serde_derive/src/internals/attr.rs	collect_lifetimes
serde_derive/src/internals/attr.rs	collect_lifetimes	serde_derive/src/internals/attr.rs	collect_lifetimes_from_tokens
serde_derive/src/internals/attr.rs	collect_lifetimes_from_tokens	serde_derive/src/internals/attr.rs	collect_lifetimes_from_tokens
serde_derive/src/internals/attr.rs	decide_identifier	serde_derive/src/internals/attr.rs	get_with_tokens
serde_derive/src/internals/attr.rs	decide_identifier	serde_derive/src/internals/ctxt.rs	error_spanned_by
serde_derive/src/internals/attr.rs	decide_tag	serde_derive/src/internals/attr.rs	Adjacent
serde_derive/src/internals/attr.rs	decide_tag	serde_derive/src/internals/attr.rs	Internal
serde_derive/src/internals/attr.rs	decide_tag	serde_derive/src/internals/attr.rs	get_with_tokens
serde_derive/src/internals/attr.rs	decide_tag	serde_derive/src/internals/ctxt.rs	error_spanned_by
serde_derive/src/internals/attr.rs	from_ast	serde_derive/src/fragment.rs	as_ref
serde_derive/src/internals/attr.rs	from_ast	serde_derive/src/internals/attr.rs	BorrowAttribute
serde_derive/src/internals/attr.rs	from_ast	serde_derive/src/internals/attr.rs	Container
serde_derive/src/internals/attr.rs	from_ast	serde_derive/src/internals/attr.rs	Field
serde_derive/src/internals/attr.rs	from_ast	serde_derive/src/internals/attr.rs	Path
serde_derive/src/internals/attr.rs	from_ast	serde_derive/src/internals/attr.rs	RenameAllRules
serde_derive/src/internals/attr.rs	from_ast	serde_derive/src/internals/attr.rs	Variant
serde_derive/src/internals/attr.rs	from_ast	serde_derive/src/internals/attr.rs	borrowable_lifetimes
serde_derive/src/internals/attr.rs	from_ast	serde_derive/src/internals/attr.rs	collect_lifetimes
serde_derive/src/internals/attr.rs	from_ast	serde_derive/src/internals/attr.rs	decide_identifier
serde_derive/src/internals/attr.rs	from_ast	serde_derive/src/internals/attr.rs	decide_tag
serde_derive/src/internals/attr.rs	from_ast	serde_derive/src/internals/attr.rs	get
serde_derive/src/internals/attr.rs	from_ast	serde_derive/src/internals/attr.rs	get_lit_str
serde_derive/src/internals/attr.rs	from_ast	serde_derive/src/internals/attr.rs	get_multiple_renames
serde_derive/src/internals/attr.rs	from_ast	serde_derive/src/internals/attr.rs	get_renames
serde_derive/src/internals/attr.rs	from_ast	serde_derive/src/internals/attr.rs	get_where_predicates
serde_derive/src/internals/attr.rs	from_ast	serde_derive/src/internals/attr.rs	is_cow
serde_derive/src/internals/attr.rs	from_ast	serde_derive/src/internals/attr.rs	is_implicitly_borrowed
serde_derive/src/internals/attr.rs	from_ast	serde_derive/src/internals/attr.rs	is_none
serde_derive/src/internals/attr.rs	from_ast	serde_derive/src/internals/attr.rs	is_primitive_path
serde_derive/src/internals/attr.rs	from_ast	serde_derive/src/internals/attr.rs	is_some
serde_derive/src/internals/attr.rs	from_ast	serde_derive/src/internals/attr.rs	none
serde_derive/src/internals/attr.rs	from_ast	serde_derive/src/internals/attr.rs	parse_lit_into_expr_path
serde_derive/src/internals/attr.rs	from_ast	serde_derive/src/internals/attr.rs	parse_lit_into_lifetimes
serde_derive/src/internals/attr.rs	from_ast	serde_derive/src/internals/attr.rs	parse_lit_into_path
serde_derive/src/internals/attr.rs	from_ast	serde_derive/src/internals/attr.rs	parse_lit_into_ty
serde_derive/src/internals/attr.rs	from_ast	serde_derive/src/internals/attr.rs	set
serde_derive/src/internals/attr.rs	from_ast	serde_derive/src/internals/attr.rs	set_if_none
serde_derive/src/internals/attr.rs	from_ast	serde_derive/src/internals/attr.rs	set_opt
serde_derive/src/internals/attr.rs	from_ast	serde_derive/src/internals/attr.rs	unraw
serde_derive/src/internals/attr.rs	from_ast	serde_derive/src/internals/case.rs	from_str
serde_derive/src/internals/attr.rs	from_ast	serde_derive/src/internals/ctxt.rs	error_spanned_by
serde_derive/src/internals/attr.rs	from_ast	serde_derive/src/internals/ctxt.rs	syn_error
serde_derive/src/internals/attr.rs	from_ast	serde_derive/src/internals/name.rs	Name
serde_derive/src/internals/attr.rs	from_ast	serde_derive/src/internals/name.rs	from_attrs
serde_derive/src/internals/attr.rs	get	serde_derive/src/internals/attr.rs	is_some
serde_derive/src/internals/attr.rs	get_lit_str	serde_derive/src/internals/attr.rs	get_lit_str2
serde_derive/src/internals/attr.rs	get_lit_str2	serde_derive/src/internals/ctxt.rs	error_spanned_by
serde_derive/src/internals/attr.rs	get_multiple_renames	serde_derive/src/internals/attr.rs	at_most_one
serde_derive/src/internals/attr.rs	get_multiple_renames	serde_derive/src/internals/attr.rs	get
serde_derive/src/internals/attr.rs	get_multiple_renames	serde_derive/src/internals/attr.rs	get_ser_and_de
serde_derive/src/internals/attr.rs	get_renames	serde_derive/src/internals/attr.rs	at_most_one
serde_derive/src/internals/attr.rs	get_renames	serde_derive/src/internals/attr.rs	get_ser_and_de
serde_derive/src/internals/attr.rs	get_ser_and_de	serde_derive/src/internals/attr.rs	insert
serde_derive/src/internals/attr.rs	get_ser_and_de	serde_derive/src/internals/attr.rs	none
serde_derive/src/internals/attr.rs	get_where_predicates	serde_derive/src/internals/attr.rs	at_most_one
serde_derive/src/internals/attr.rs	get_where_predicates	serde_derive/src/internals/attr.rs	get_ser_and_de
serde_derive/src/internals/attr.rs	is_cow	serde_derive/src/internals/mod.rs	ungroup
serde_derive/src/internals/attr.rs	is_implicitly_borrowed	serde_derive/src/internals/attr.rs	is_implicitly_borrowed_reference
serde_derive/src/internals/attr.rs	is_implicitly_borrowed	serde_derive/src/internals/attr.rs	is_option
serde_derive/src/internals/attr.rs	is_implicitly_borrowed_reference	serde_derive/src/internals/attr.rs	is_reference
serde_derive/src/internals/attr.rs	is_option	serde_derive/src/internals/mod.rs	ungroup
serde_derive/src/internals/attr.rs	is_primitive_path	serde_derive/src/internals/attr.rs	is_none
serde_derive/src/internals/attr.rs	is_primitive_type	serde_derive/src/internals/attr.rs	is_none
serde_derive/src/internals/attr.rs	is_primitive_type	serde_derive/src/internals/attr.rs	is_primitive_path
serde_derive/src/internals/attr.rs	is_primitive_type	serde_derive/src/internals/mod.rs	ungroup
serde_derive/src/internals/attr.rs	is_reference	serde_derive/src/internals/attr.rs	is_none
serde_derive/src/internals/attr.rs	is_reference	serde_derive/src/internals/mod.rs	ungroup
serde_derive/src/internals/attr.rs	is_slice_u8	serde_derive/src/internals/attr.rs	is_primitive_type
serde_derive/src/internals/attr.rs	is_slice_u8	serde_derive/src/internals/mod.rs	ungroup
serde_derive/src/internals/attr.rs	is_str	serde_derive/src/internals/attr.rs	is_primitive_type
serde_derive/src/internals/attr.rs	none	serde_derive/src/internals/attr.rs	Attr
serde_derive/src/internals/attr.rs	none	serde_derive/src/internals/attr.rs	BoolAttr
serde_derive/src/internals/attr.rs	none	serde_derive/src/internals/attr.rs	VecAttr
serde_derive/src/internals/attr.rs	none	serde_derive/src/internals/attr.rs	none
serde_derive/src/internals/attr.rs	or	serde_derive/src/internals/case.rs	or
serde_derive/src/internals/attr.rs	parse_lit_into_expr_path	serde_derive/src/internals/attr.rs	get_lit_str
serde_derive/src/internals/attr.rs	parse_lit_into_expr_path	serde_derive/src/internals/ctxt.rs	error_spanned_by
serde_derive/src/internals/attr.rs	parse_lit_into_lifetimes	serde_derive/src/internals/attr.rs	get_lit_str
serde_derive/src/internals/attr.rs	parse_lit_into_lifetimes	serde_derive/src/internals/attr.rs	insert
serde_derive/src/internals/attr.rs	parse_lit_into_lifetimes	serde_derive/src/internals/ctxt.rs	error_spanned_by
serde_derive/src/internals/attr.rs	parse_lit_into_path	serde_derive/src/internals/attr.rs	get_lit_str
serde_derive/src/internals/attr.rs	parse_lit_into_path	serde_derive/src/internals/ctxt.rs	error_spanned_by
serde_derive/src/internals/attr.rs	parse_lit_into_ty	serde_derive/src/internals/attr.rs	get_lit_str
serde_derive/src/internals/attr.rs	parse_lit_into_ty	serde_derive/src/internals/ctxt.rs	error_spanned_by
serde_derive/src/internals/attr.rs	parse_lit_into_where	serde_derive/src/internals/attr.rs	get_lit_str2
serde_derive/src/internals/attr.rs	parse_lit_into_where	serde_derive/src/internals/ctxt.rs	error_spanned_by
serde_derive/src/internals/attr.rs	rename_by_rules	serde_derive/src/internals/attr.rs	insert
serde_derive/src/internals/attr.rs	rename_by_rules	serde_derive/src/internals/case.rs	apply_to_field
serde_derive/src/internals/attr.rs	rename_by_rules	serde_derive/src/internals/case.rs	apply_to_variant
serde_derive/src/internals/attr.rs	set	serde_derive/src/internals/ctxt.rs	error_spanned_by
serde_derive/src/internals/attr.rs	set_opt	serde_derive/src/internals/attr.rs	set
serde_derive/src/internals/attr.rs	set_true	serde_derive/src/internals/attr.rs	set
serde_derive/src/internals/case.rs	apply_to_field	serde_derive/src/internals/case.rs	apply_to_field
serde_derive/src/internals/case.rs	apply_to_variant	serde_derive/src/internals/case.rs	apply_to_variant
serde_derive/src/internals/case.rs	fmt	serde_derive/src/internals/case.rs	fmt
serde_derive/src/internals/case.rs	from_str	serde_derive/src/internals/case.rs	ParseError
serde_derive/src/internals/check.rs	allow_transparent	serde_derive/src/internals/attr.rs	default
serde_derive/src/internals/check.rs	allow_transparent	serde_derive/src/internals/attr.rs	is_none
serde_derive/src/internals/check.rs	allow_transparent	serde_derive/src/internals/attr.rs	skip_deserializing
serde_derive/src/internals/check.rs	allow_transparent	serde_derive/src/internals/attr.rs	skip_serializing
serde_derive/src/internals/check.rs	allow_transparent	serde_derive/src/internals/mod.rs	ungroup
serde_derive/src/internals/check.rs	check	serde_derive/src/internals/check.rs	check_adjacent_tag_conflict
serde_derive/src/internals/check.rs	check	serde_derive/src/internals/check.rs	check_default_on_tuple
serde_derive/src/internals/check.rs	check	serde_derive/src/internals/check.rs	check_flatten
serde_derive/src/internals/check.rs	check	serde_derive/src/internals/check.rs	check_from_and_try_from
serde_derive/src/internals/check.rs	check	serde_derive/src/internals/check.rs	check_getter
serde_derive/src/internals/check.rs	check	serde_derive/src/internals/check.rs	check_identifier
serde_derive/src/internals/check.rs	check	serde_derive/src/internals/check.rs	check_internal_tag_field_name_conflict
serde_derive/src/internals/check.rs	check	serde_derive/src/internals/check.rs	check_remote_generic
serde_derive/src/internals/check.rs	check	serde_derive/src/internals/check.rs	check_transparent
serde_derive/src/internals/check.rs	check	serde_derive/src/internals/check.rs	check_variant_skip_attrs
serde_derive/src/internals/check.rs	check_adjacent_tag_conflict	serde_derive/src/internals/attr.rs	tag
serde_derive/src/internals/check.rs	check_adjacent_tag_conflict	serde_derive/src/internals/ctxt.rs	error_spanned_by
serde_derive/src/internals/check.rs	check_default_on_tuple	serde_derive/src/internals/attr.rs	default
serde_derive/src/internals/check.rs	check_default_on_tuple	serde_derive/src/internals/attr.rs	is_none
serde_derive/src/internals/check.rs	check_default_on_tuple	serde_derive/src/internals/attr.rs	skip_deserializing
serde_derive/src/internals/check.rs	check_default_on_tuple	serde_derive/src/internals/ctxt.rs	error_spanned_by
serde_derive/src/internals/check.rs	check_flatten	serde_derive/src/internals/check.rs	check_flatten_field
serde_derive/src/internals/check.rs	check_flatten_field	serde_derive/src/internals/attr.rs	flatten
serde_derive/src/internals/check.rs	check_flatten_field	serde_derive/src/internals/ctxt.rs	error_spanned_by
serde_derive/src/internals/check.rs	check_from_and_try_from	serde_derive/src/internals/attr.rs	is_some
serde_derive/src/internals/check.rs	check_from_and_try_from	serde_derive/src/internals/attr.rs	type_from
serde_derive/src/internals/check.rs	check_from_and_try_from	serde_derive/src/internals/attr.rs	type_try_from
serde_derive/src/internals/check.rs	check_from_and_try_from	serde_derive/src/internals/ctxt.rs	error_spanned_by
serde_derive/src/internals/check.rs	check_getter	serde_derive/src/internals/ast.rs	has_getter
serde_derive/src/internals/check.rs	check_getter	serde_derive/src/internals/attr.rs	is_none
serde_derive/src/internals/check.rs	check_getter	serde_derive/src/internals/attr.rs	remote
serde_derive/src/internals/check.rs	check_getter	serde_derive/src/internals/ctxt.rs	error_spanned_by
serde_derive/src/internals/check.rs	check_identifier	serde_derive/src/internals/attr.rs	identifier
serde_derive/src/internals/check.rs	check_identifier	serde_derive/src/internals/attr.rs	other
serde_derive/src/internals/check.rs	check_identifier	serde_derive/src/internals/attr.rs	tag
serde_derive/src/internals/check.rs	check_identifier	serde_derive/src/internals/ctxt.rs	error_spanned_by
serde_derive/src/internals/check.rs	check_internal_tag_field_name_conflict	serde_core/src/format.rs	as_str
serde_derive/src/internals/check.rs	check_internal_tag_field_name_conflict	serde_derive/src/internals/attr.rs	aliases
serde_derive/src/internals/check.rs	check_internal_tag_field_name_conflict	serde_derive/src/internals/attr.rs	name
serde_derive/src/internals/check.rs	check_internal_tag_field_name_conflict	serde_derive/src/internals/attr.rs	skip_deserializing
serde_derive/src/internals/check.rs	check_internal_tag_field_name_conflict	serde_derive/src/internals/attr.rs	skip_serializing
serde_derive/src/internals/check.rs	check_internal_tag_field_name_conflict	serde_derive/src/internals/attr.rs	tag
serde_derive/src/internals/check.rs	check_internal_tag_field_name_conflict	serde_derive/src/internals/attr.rs	untagged
serde_derive/src/internals/check.rs	check_internal_tag_field_name_conflict	serde_derive/src/internals/ctxt.rs	error_spanned_by
serde_derive/src/internals/check.rs	check_internal_tag_field_name_conflict	serde_derive/src/internals/name.rs	serialize_name
serde_derive/src/internals/check.rs	check_remote_generic	serde_derive/src/internals/attr.rs	is_none
serde_derive/src/internals/check.rs	check_remote_generic	serde_derive/src/internals/attr.rs	remote
serde_derive/src/internals/check.rs	check_remote_generic	serde_derive/src/internals/ctxt.rs	error_spanned_by
serde_derive/src/internals/check.rs	check_transparent	serde_derive/src/internals/attr.rs	is_some
serde_derive/src/internals/check.rs	check_transparent	serde_derive/src/internals/attr.rs	mark_transparent
serde_derive/src/internals/check.rs	check_transparent	serde_derive/src/internals/attr.rs	transparent
serde_derive/src/internals/check.rs	check_transparent	serde_derive/src/internals/attr.rs	type_from
serde_derive/src/internals/check.rs	check_transparent	serde_derive/src/internals/attr.rs	type_into
serde_derive/src/internals/check.rs	check_transparent	serde_derive/src/internals/attr.rs	type_try_from
serde_derive/src/internals/check.rs	check_transparent	serde_derive/src/internals/check.rs	allow_transparent
serde_derive/src/internals/check.rs	check_transparent	serde_derive/src/internals/ctxt.rs	error_spanned_by
serde_derive/src/internals/check.rs	check_variant_skip_attrs	serde_derive/src/internals/attr.rs	deserialize_with
serde_derive/src/internals/check.rs	check_variant_skip_attrs	serde_derive/src/internals/attr.rs	is_some
serde_derive/src/internals/check.rs	check_variant_skip_attrs	serde_derive/src/internals/attr.rs	serialize_with
serde_derive/src/internals/check.rs	check_variant_skip_attrs	serde_derive/src/internals/attr.rs	skip_deserializing
serde_derive/src/internals/check.rs	check_variant_skip_attrs	serde_derive/src/internals/attr.rs	skip_serializing
serde_derive/src/internals/check.rs	check_variant_skip_attrs	serde_derive/src/internals/attr.rs	skip_serializing_if
serde_derive/src/internals/check.rs	check_variant_skip_attrs	serde_derive/src/internals/check.rs	member_message
serde_derive/src/internals/check.rs	check_variant_skip_attrs	serde_derive/src/internals/ctxt.rs	error_spanned_by
serde_derive/src/internals/check.rs	closure@11461	serde_derive/src/internals/ctxt.rs	error_spanned_by
serde_derive/src/internals/ctxt.rs	drop	serde_derive/src/internals/attr.rs	is_some
serde_derive/src/internals/ctxt.rs	new	serde_derive/src/internals/ctxt.rs	Ctxt
serde_derive/src/internals/ctxt.rs	new	serde_derive/src/internals/ctxt.rs	new
serde_derive/src/internals/name.rs	cmp	serde_derive/src/internals/name.rs	cmp
serde_derive/src/internals/name.rs	fmt	serde_derive/src/internals/name.rs	fmt
serde_derive/src/internals/name.rs	from	serde_derive/src/internals/name.rs	Name
serde_derive/src/internals/name.rs	from_attrs	serde_derive/src/internals/attr.rs	get
serde_derive/src/internals/name.rs	from_attrs	serde_derive/src/internals/attr.rs	insert
serde_derive/src/internals/name.rs	from_attrs	serde_derive/src/internals/attr.rs	is_some
serde_derive/src/internals/name.rs	from_attrs	serde_derive/src/internals/name.rs	MultiName
serde_derive/src/internals/name.rs	partial_cmp	serde_derive/src/internals/name.rs	cmp
serde_derive/src/internals/receiver.rs	replace_receiver	serde_derive/src/internals/receiver.rs	ReplaceReceiver
serde_derive/src/internals/receiver.rs	replace_receiver	serde_derive/src/internals/receiver.rs	visit_data_mut
serde_derive/src/internals/receiver.rs	replace_receiver	serde_derive/src/internals/receiver.rs	visit_generics_mut
serde_derive/src/internals/receiver.rs	self_to_expr_path	serde_derive/src/internals/attr.rs	default
serde_derive/src/internals/receiver.rs	self_to_expr_path	serde_derive/src/internals/attr.rs	is_none
serde_derive/src/internals/receiver.rs	self_to_expr_path	serde_derive/src/internals/receiver.rs	self_ty
serde_derive/src/internals/receiver.rs	self_to_qself	serde_derive/src/internals/attr.rs	is_some
serde_derive/src/internals/receiver.rs	self_to_qself	serde_derive/src/internals/receiver.rs	self_to_expr_path
serde_derive/src/internals/receiver.rs	self_to_qself	serde_derive/src/internals/receiver.rs	self_ty
serde_derive/src/internals/receiver.rs	self_ty	serde_derive/src/internals/respan.rs	respan
serde_derive/src/internals/receiver.rs	visit_data_mut	serde_derive/src/internals/receiver.rs	visit_type_mut
serde_derive/src/internals/receiver.rs	visit_expr_mut	serde_derive/src/internals/receiver.rs	visit_expr_mut
serde_derive/src/internals/receiver.rs	visit_expr_mut	serde_derive/src/internals/receiver.rs	visit_expr_path_mut
serde_derive/src/internals/receiver.rs	visit_expr_mut	serde_derive/src/internals/receiver.rs	visit_type_mut
serde_derive/src/internals/receiver.rs	visit_expr_path_mut	serde_derive/src/internals/attr.rs	is_none
serde_derive/src/internals/receiver.rs	visit_expr_path_mut	serde_derive/src/internals/receiver.rs	self_to_qself
serde_derive/src/internals/receiver.rs	visit_expr_path_mut	serde_derive/src/internals/receiver.rs	visit_expr_path_mut_impl
serde_derive/src/internals/receiver.rs	visit_expr_path_mut_impl	serde_derive/src/internals/receiver.rs	visit_path_mut
serde_derive/src/internals/receiver.rs	visit_expr_path_mut_impl	serde_derive/src/internals/receiver.rs	visit_type_mut
serde_derive/src/internals/receiver.rs	visit_generics_mut	serde_derive/src/internals/receiver.rs	visit_type_mut
serde_derive/src/internals/receiver.rs	visit_generics_mut	serde_derive/src/internals/receiver.rs	visit_type_param_bound_mut
serde_derive/src/internals/receiver.rs	visit_path_arguments_mut	serde_derive/src/internals/receiver.rs	visit_return_type_mut
serde_derive/src/internals/receiver.rs	visit_path_arguments_mut	serde_derive/src/internals/receiver.rs	visit_type_mut
serde_derive/src/internals/receiver.rs	visit_path_mut	serde_derive/src/internals/receiver.rs	visit_path_arguments_mut
serde_derive/src/internals/receiver.rs	visit_return_type_mut	serde_derive/src/internals/receiver.rs	visit_type_mut
serde_derive/src/internals/receiver.rs	visit_type_mut	serde_derive/src/internals/attr.rs	is_none
serde_derive/src/internals/receiver.rs	visit_type_mut	serde_derive/src/internals/receiver.rs	self_ty
serde_derive/src/internals/receiver.rs	visit_type_mut	serde_derive/src/internals/receiver.rs	visit_type_mut_impl
serde_derive/src/internals/receiver.rs	visit_type_mut	serde_derive/src/internals/receiver.rs	visit_type_path_mut
serde_derive/src/internals/receiver.rs	visit_type_mut_impl	serde_derive/src/internals/receiver.rs	visit_expr_mut
serde_derive/src/internals/receiver.rs	visit_type_mut_impl	serde_derive/src/internals/receiver.rs	visit_macro_mut
serde_derive/src/internals/receiver.rs	visit_type_mut_impl	serde_derive/src/internals/receiver.rs	visit_path_mut
serde_derive/src/internals/receiver.rs	visit_type_mut_impl	serde_derive/src/internals/receiver.rs	visit_return_type_mut
serde_derive/src/internals/receiver.rs	visit_type_mut_impl	serde_derive/src/internals/receiver.rs	visit_type_mut
serde_derive/src/internals/receiver.rs	visit_type_mut_impl	serde_derive/src/internals/receiver.rs	visit_type_param_bound_mut
serde_derive/src/internals/receiver.rs	visit_type_param_bound_mut	serde_derive/src/internals/receiver.rs	visit_path_mut
serde_derive/src/internals/receiver.rs	visit_type_path_mut	serde_derive/src/internals/attr.rs	is_none
serde_derive/src/internals/receiver.rs	visit_type_path_mut	serde_derive/src/internals/receiver.rs	self_to_qself
serde_derive/src/internals/receiver.rs	visit_type_path_mut	serde_derive/src/internals/receiver.rs	visit_type_path_mut_impl
serde_derive/src/internals/receiver.rs	visit_type_path_mut_impl	serde_derive/src/internals/receiver.rs	visit_path_mut
serde_derive/src/internals/receiver.rs	visit_type_path_mut_impl	serde_derive/src/internals/receiver.rs	visit_type_mut
serde_derive/src/internals/respan.rs	closure@173	serde_derive/src/internals/respan.rs	respan_token
serde_derive/src/internals/respan.rs	respan	serde_derive/src/internals/respan.rs	respan_token
serde_derive/src/internals/respan.rs	respan_token	serde_derive/src/internals/respan.rs	respan
serde_derive/src/internals/symbol.rs	ALIAS	serde_derive/src/internals/symbol.rs	Symbol
serde_derive/src/internals/symbol.rs	BORROW	serde_derive/src/internals/symbol.rs	Symbol
serde_derive/src/internals/symbol.rs	BOUND	serde_derive/src/internals/symbol.rs	Symbol
serde_derive/src/internals/symbol.rs	CONTENT	serde_derive/src/internals/symbol.rs	Symbol
serde_derive/src/internals/symbol.rs	CRATE	serde_derive/src/internals/symbol.rs	Symbol
serde_derive/src/internals/symbol.rs	DEFAULT	serde_derive/src/internals/symbol.rs	Symbol
serde_derive/src/internals/symbol.rs	DENY_UNKNOWN_FIELDS	serde_derive/src/internals/symbol.rs	Symbol
serde_derive/src/internals/symbol.rs	DESERIALIZE	serde_derive/src/internals/symbol.rs	Symbol
serde_derive/src/internals/symbol.rs	DESERIALIZE_WITH	serde_derive/src/internals/symbol.rs	Symbol
serde_derive/src/internals/symbol.rs	EXPECTING	serde_derive/src/internals/symbol.rs	Symbol
serde_derive/src/internals/symbol.rs	FIELD_IDENTIFIER	serde_derive/src/internals/symbol.rs	Symbol
serde_derive/src/internals/symbol.rs	FLATTEN	serde_derive/src/internals/symbol.rs	Symbol
serde_derive/src/internals/symbol.rs	FROM	serde_derive/src/internals/symbol.rs	Symbol
serde_derive/src/internals/symbol.rs	GETTER	serde_derive/src/internals/symbol.rs	Symbol
serde_derive/src/internals/symbol.rs	INTO	serde_derive/src/internals/symbol.rs	Symbol
serde_derive/src/internals/symbol.rs	NON_EXHAUSTIVE	serde_derive/src/internals/symbol.rs	Symbol
serde_derive/src/internals/symbol.rs	OTHER	serde_derive/src/internals/symbol.rs	Symbol
serde_derive/src/internals/symbol.rs	REMOTE	serde_derive/src/internals/symbol.rs	Symbol
serde_derive/src/internals/symbol.rs	RENAME	serde_derive/src/internals/symbol.rs	Symbol
serde_derive/src/internals/symbol.rs	RENAME_ALL	serde_derive/src/internals/symbol.rs	Symbol
serde_derive/src/internals/symbol.rs	RENAME_ALL_FIELDS	serde_derive/src/internals/symbol.rs	Symbol
serde_derive/src/internals/symbol.rs	REPR	serde_derive/src/internals/symbol.rs	Symbol
serde_derive/src/internals/symbol.rs	SERDE	serde_derive/src/internals/symbol.rs	Symbol
serde_derive/src/internals/symbol.rs	SERIALIZE	serde_derive/src/internals/symbol.rs	Symbol
serde_derive/src/internals/symbol.rs	SERIALIZE_WITH	serde_derive/src/internals/symbol.rs	Symbol
serde_derive/src/internals/symbol.rs	SKIP	serde_derive/src/internals/symbol.rs	Symbol
serde_derive/src/internals/symbol.rs	SKIP_DESERIALIZING	serde_derive/src/internals/symbol.rs	Symbol
serde_derive/src/internals/symbol.rs	SKIP_SERIALIZING	serde_derive/src/internals/symbol.rs	Symbol
serde_derive/src/internals/symbol.rs	SKIP_SERIALIZING_IF	serde_derive/src/internals/symbol.rs	Symbol
serde_derive/src/internals/symbol.rs	TAG	serde_derive/src/internals/symbol.rs	Symbol
serde_derive/src/internals/symbol.rs	TRANSPARENT	serde_derive/src/internals/symbol.rs	Symbol
serde_derive/src/internals/symbol.rs	TRY_FROM	serde_derive/src/internals/symbol.rs	Symbol
serde_derive/src/internals/symbol.rs	UNTAGGED	serde_derive/src/internals/symbol.rs	Symbol
serde_derive/src/internals/symbol.rs	VARIANT_IDENTIFIER	serde_derive/src/internals/symbol.rs	Symbol
serde_derive/src/internals/symbol.rs	WITH	serde_derive/src/internals/symbol.rs	Symbol
serde_derive/src/lib.rs	derive_deserialize	serde_derive/src/de.rs	expand_derive_deserialize
serde_derive/src/lib.rs	derive_serialize	serde_derive/src/ser.rs	expand_derive_serialize
serde_derive/src/lib.rs	to_tokens	serde_derive/src/lib.rs	ident
serde_derive/src/pretend.rs	pretend_fields_used	serde_derive/src/pretend.rs	pretend_fields_used_enum
serde_derive/src/pretend.rs	pretend_fields_used	serde_derive/src/pretend.rs	pretend_fields_used_struct
serde_derive/src/pretend.rs	pretend_fields_used	serde_derive/src/pretend.rs	pretend_fields_used_struct_packed
serde_derive/src/pretend.rs	pretend_used	serde_derive/src/pretend.rs	pretend_fields_used
serde_derive/src/pretend.rs	pretend_used	serde_derive/src/pretend.rs	pretend_variants_used
serde_derive/src/ser.rs	build_generics	serde_derive/src/bound.rs	with_bound
serde_derive/src/ser.rs	build_generics	serde_derive/src/bound.rs	with_where_predicates
serde_derive/src/ser.rs	build_generics	serde_derive/src/bound.rs	with_where_predicates_from_fields
serde_derive/src/ser.rs	build_generics	serde_derive/src/bound.rs	with_where_predicates_from_variants
serde_derive/src/ser.rs	build_generics	serde_derive/src/bound.rs	without_defaults
serde_derive/src/ser.rs	build_generics	serde_derive/src/internals/attr.rs	ser_bound
serde_derive/src/ser.rs	closure@10313	serde_derive/src/internals/attr.rs	flatten
serde_derive/src/ser.rs	closure@10313	serde_derive/src/internals/attr.rs	skip_serializing
serde_derive/src/ser.rs	closure@11495	serde_derive/src/internals/attr.rs	skip_serializing
serde_derive/src/ser.rs	closure@11687	serde_derive/src/internals/attr.rs	skip_serializing_if
serde_derive/src/ser.rs	closure@11687	serde_derive/src/ser.rs	get_member
serde_derive/src/ser.rs	closure@12762	serde_derive/src/internals/attr.rs	skip_serializing
serde_derive/src/ser.rs	closure@13436	serde_derive/src/ser.rs	serialize_variant
serde_derive/src/ser.rs	closure@23985	serde_derive/src/de.rs	field_i
serde_derive/src/ser.rs	closure@27801	serde_derive/src/internals/attr.rs	skip_serializing
serde_derive/src/ser.rs	closure@27977	serde_derive/src/de.rs	field_i
serde_derive/src/ser.rs	closure@27977	serde_derive/src/internals/attr.rs	skip_serializing_if
serde_derive/src/ser.rs	closure@29570	serde_derive/src/internals/attr.rs	flatten
serde_derive/src/ser.rs	closure@30120	serde_derive/src/internals/attr.rs	skip_serializing
serde_derive/src/ser.rs	closure@30292	serde_derive/src/internals/attr.rs	skip_serializing_if
serde_derive/src/ser.rs	closure@32498	serde_derive/src/internals/attr.rs	skip_serializing
serde_derive/src/ser.rs	closure@39431	serde_derive/src/de.rs	field_i
serde_derive/src/ser.rs	closure@5684	serde_derive/src/internals/attr.rs	is_none
serde_derive/src/ser.rs	closure@5684	serde_derive/src/internals/attr.rs	ser_bound
serde_derive/src/ser.rs	closure@5684	serde_derive/src/internals/attr.rs	serialize_with
serde_derive/src/ser.rs	closure@5684	serde_derive/src/internals/attr.rs	skip_serializing
serde_derive/src/ser.rs	closure@6991	serde_derive/src/internals/attr.rs	transparent
serde_derive/src/ser.rs	closure@9024	serde_derive/src/internals/attr.rs	skip_serializing
serde_derive/src/ser.rs	closure@9200	serde_derive/src/internals/attr.rs	skip_serializing_if
serde_derive/src/ser.rs	closure@9200	serde_derive/src/ser.rs	get_member
serde_derive/src/ser.rs	effective_style	serde_derive/src/internals/attr.rs	skip_serializing
serde_derive/src/ser.rs	expand_derive_serialize	serde_derive/src/deprecated.rs	allow_deprecated
serde_derive/src/ser.rs	expand_derive_serialize	serde_derive/src/dummy.rs	wrap_in_const
serde_derive/src/ser.rs	expand_derive_serialize	serde_derive/src/fragment.rs	Stmts
serde_derive/src/ser.rs	expand_derive_serialize	serde_derive/src/internals/ast.rs	from_ast
serde_derive/src/ser.rs	expand_derive_serialize	serde_derive/src/internals/attr.rs	custom_serde_path
serde_derive/src/ser.rs	expand_derive_serialize	serde_derive/src/internals/attr.rs	remote
serde_derive/src/ser.rs	expand_derive_serialize	serde_derive/src/internals/ctxt.rs	check
serde_derive/src/ser.rs	expand_derive_serialize	serde_derive/src/internals/ctxt.rs	new
serde_derive/src/ser.rs	expand_derive_serialize	serde_derive/src/internals/receiver.rs	replace_receiver
serde_derive/src/ser.rs	expand_derive_serialize	serde_derive/src/lib.rs	ident
serde_derive/src/ser.rs	expand_derive_serialize	serde_derive/src/pretend.rs	pretend_used
serde_derive/src/ser.rs	expand_derive_serialize	serde_derive/src/ser.rs	new
serde_derive/src/ser.rs	expand_derive_serialize	serde_derive/src/ser.rs	precondition
serde_derive/src/ser.rs	expand_derive_serialize	serde_derive/src/ser.rs	serialize_body
serde_derive/src/ser.rs	get_member	serde_derive/src/internals/attr.rs	getter
serde_derive/src/ser.rs	needs_serialize_bound	serde_derive/src/internals/attr.rs	is_none
serde_derive/src/ser.rs	needs_serialize_bound	serde_derive/src/internals/attr.rs	ser_bound
serde_derive/src/ser.rs	needs_serialize_bound	serde_derive/src/internals/attr.rs	serialize_with
serde_derive/src/ser.rs	needs_serialize_bound	serde_derive/src/internals/attr.rs	skip_serializing
serde_derive/src/ser.rs	new	serde_derive/src/internals/attr.rs	is_packed
serde_derive/src/ser.rs	new	serde_derive/src/internals/attr.rs	is_some
serde_derive/src/ser.rs	new	serde_derive/src/internals/attr.rs	remote
serde_derive/src/ser.rs	new	serde_derive/src/ser.rs	Parameters
serde_derive/src/ser.rs	new	serde_derive/src/ser.rs	build_generics
serde_derive/src/ser.rs	new	serde_derive/src/this.rs	this_type
serde_derive/src/ser.rs	new	serde_derive/src/this.rs	this_value
serde_derive/src/ser.rs	precondition	serde_derive/src/internals/attr.rs	identifier
serde_derive/src/ser.rs	precondition	serde_derive/src/internals/ctxt.rs	error_spanned_by
serde_derive/src/ser.rs	serialize_adjacently_tagged_variant	serde_derive/src/bound.rs	with_lifetime_bound
serde_derive/src/ser.rs	serialize_adjacently_tagged_variant	serde_derive/src/de.rs	field_i
serde_derive/src/ser.rs	serialize_adjacently_tagged_variant	serde_derive/src/fragment.rs	Stmts
serde_derive/src/ser.rs	serialize_adjacently_tagged_variant	serde_derive/src/internals/attr.rs	is_some
serde_derive/src/ser.rs	serialize_adjacently_tagged_variant	serde_derive/src/internals/attr.rs	name
serde_derive/src/ser.rs	serialize_adjacently_tagged_variant	serde_derive/src/internals/attr.rs	serialize_with
serde_derive/src/ser.rs	serialize_adjacently_tagged_variant	serde_derive/src/internals/name.rs	serialize_name
serde_derive/src/ser.rs	serialize_adjacently_tagged_variant	serde_derive/src/ser.rs	effective_style
serde_derive/src/ser.rs	serialize_adjacently_tagged_variant	serde_derive/src/ser.rs	serialize_struct_variant
serde_derive/src/ser.rs	serialize_adjacently_tagged_variant	serde_derive/src/ser.rs	serialize_tuple_variant
serde_derive/src/ser.rs	serialize_adjacently_tagged_variant	serde_derive/src/ser.rs	wrap_serialize_field_with
serde_derive/src/ser.rs	serialize_adjacently_tagged_variant	serde_derive/src/ser.rs	wrap_serialize_variant_with
serde_derive/src/ser.rs	serialize_body	serde_derive/src/internals/attr.rs	transparent
serde_derive/src/ser.rs	serialize_body	serde_derive/src/internals/attr.rs	type_into
serde_derive/src/ser.rs	serialize_body	serde_derive/src/ser.rs	serialize_enum
serde_derive/src/ser.rs	serialize_body	serde_derive/src/ser.rs	serialize_into
serde_derive/src/ser.rs	serialize_body	serde_derive/src/ser.rs	serialize_newtype_struct
serde_derive/src/ser.rs	serialize_body	serde_derive/src/ser.rs	serialize_struct
serde_derive/src/ser.rs	serialize_body	serde_derive/src/ser.rs	serialize_transparent
serde_derive/src/ser.rs	serialize_body	serde_derive/src/ser.rs	serialize_tuple_struct
serde_derive/src/ser.rs	serialize_body	serde_derive/src/ser.rs	serialize_unit_struct
serde_derive/src/ser.rs	serialize_enum	serde_derive/src/internals/attr.rs	is_some
serde_derive/src/ser.rs	serialize_enum	serde_derive/src/internals/attr.rs	non_exhaustive
serde_derive/src/ser.rs	serialize_enum	serde_derive/src/internals/attr.rs	remote
serde_derive/src/ser.rs	serialize_enum	serde_derive/src/ser.rs	serialize_variant
serde_derive/src/ser.rs	serialize_externally_tagged_variant	serde_derive/src/internals/attr.rs	name
serde_derive/src/ser.rs	serialize_externally_tagged_variant	serde_derive/src/internals/attr.rs	serialize_with
serde_derive/src/ser.rs	serialize_externally_tagged_variant	serde_derive/src/internals/name.rs	serialize_name
serde_derive/src/ser.rs	serialize_externally_tagged_variant	serde_derive/src/ser.rs	ExternallyTagged
serde_derive/src/ser.rs	serialize_externally_tagged_variant	serde_derive/src/ser.rs	effective_style
serde_derive/src/ser.rs	serialize_externally_tagged_variant	serde_derive/src/ser.rs	serialize_struct_variant
serde_derive/src/ser.rs	serialize_externally_tagged_variant	serde_derive/src/ser.rs	serialize_tuple_variant
serde_derive/src/ser.rs	serialize_externally_tagged_variant	serde_derive/src/ser.rs	wrap_serialize_field_with
serde_derive/src/ser.rs	serialize_externally_tagged_variant	serde_derive/src/ser.rs	wrap_serialize_variant_with
serde_derive/src/ser.rs	serialize_internally_tagged_variant	serde_derive/src/internals/attr.rs	name
serde_derive/src/ser.rs	serialize_internally_tagged_variant	serde_derive/src/internals/attr.rs	serialize_with
serde_derive/src/ser.rs	serialize_internally_tagged_variant	serde_derive/src/internals/name.rs	serialize_name
serde_derive/src/ser.rs	serialize_internally_tagged_variant	serde_derive/src/ser.rs	InternallyTagged
serde_derive/src/ser.rs	serialize_internally_tagged_variant	serde_derive/src/ser.rs	effective_style
serde_derive/src/ser.rs	serialize_internally_tagged_variant	serde_derive/src/ser.rs	serialize_struct_variant
serde_derive/src/ser.rs	serialize_internally_tagged_variant	serde_derive/src/ser.rs	type_name
serde_derive/src/ser.rs	serialize_internally_tagged_variant	serde_derive/src/ser.rs	wrap_serialize_field_with
serde_derive/src/ser.rs	serialize_internally_tagged_variant	serde_derive/src/ser.rs	wrap_serialize_variant_with
serde_derive/src/ser.rs	serialize_newtype_struct	serde_derive/src/internals/attr.rs	name
serde_derive/src/ser.rs	serialize_newtype_struct	serde_derive/src/internals/attr.rs	serialize_with
serde_derive/src/ser.rs	serialize_newtype_struct	serde_derive/src/internals/name.rs	serialize_name
serde_derive/src/ser.rs	serialize_newtype_struct	serde_derive/src/ser.rs	get_member
serde_derive/src/ser.rs	serialize_newtype_struct	serde_derive/src/ser.rs	wrap_serialize_field_with
serde_derive/src/ser.rs	serialize_struct	serde_derive/src/internals/attr.rs	flatten
serde_derive/src/ser.rs	serialize_struct	serde_derive/src/internals/attr.rs	skip_serializing
serde_derive/src/ser.rs	serialize_struct	serde_derive/src/ser.rs	serialize_struct_as_map
serde_derive/src/ser.rs	serialize_struct	serde_derive/src/ser.rs	serialize_struct_as_struct
serde_derive/src/ser.rs	serialize_struct_as_map	serde_derive/src/internals/attr.rs	is_some
serde_derive/src/ser.rs	serialize_struct_as_map	serde_derive/src/internals/attr.rs	skip_serializing
serde_derive/src/ser.rs	serialize_struct_as_map	serde_derive/src/ser.rs	mut_if
serde_derive/src/ser.rs	serialize_struct_as_map	serde_derive/src/ser.rs	serialize_struct_tag_field
serde_derive/src/ser.rs	serialize_struct_as_map	serde_derive/src/ser.rs	serialize_struct_visitor
serde_derive/src/ser.rs	serialize_struct_as_struct	serde_derive/src/internals/attr.rs	is_some
serde_derive/src/ser.rs	serialize_struct_as_struct	serde_derive/src/internals/attr.rs	name
serde_derive/src/ser.rs	serialize_struct_as_struct	serde_derive/src/internals/attr.rs	skip_serializing
serde_derive/src/ser.rs	serialize_struct_as_struct	serde_derive/src/internals/attr.rs	skip_serializing_if
serde_derive/src/ser.rs	serialize_struct_as_struct	serde_derive/src/internals/name.rs	serialize_name
serde_derive/src/ser.rs	serialize_struct_as_struct	serde_derive/src/ser.rs	get_member
serde_derive/src/ser.rs	serialize_struct_as_struct	serde_derive/src/ser.rs	mut_if
serde_derive/src/ser.rs	serialize_struct_as_struct	serde_derive/src/ser.rs	serialize_struct_tag_field
serde_derive/src/ser.rs	serialize_struct_as_struct	serde_derive/src/ser.rs	serialize_struct_visitor
serde_derive/src/ser.rs	serialize_struct_tag_field	serde_derive/src/internals/attr.rs	name
serde_derive/src/ser.rs	serialize_struct_tag_field	serde_derive/src/internals/attr.rs	tag
serde_derive/src/ser.rs	serialize_struct_tag_field	serde_derive/src/internals/name.rs	serialize_name
serde_derive/src/ser.rs	serialize_struct_tag_field	serde_derive/src/ser.rs	serialize_field
serde_derive/src/ser.rs	serialize_struct_variant	serde_derive/src/internals/attr.rs	flatten
serde_derive/src/ser.rs	serialize_struct_variant	serde_derive/src/internals/attr.rs	is_some
serde_derive/src/ser.rs	serialize_struct_variant	serde_derive/src/internals/attr.rs	skip_serializing
serde_derive/src/ser.rs	serialize_struct_variant	serde_derive/src/internals/attr.rs	skip_serializing_if
serde_derive/src/ser.rs	serialize_struct_variant	serde_derive/src/ser.rs	mut_if
serde_derive/src/ser.rs	serialize_struct_variant	serde_derive/src/ser.rs	serialize_struct_variant_with_flatten
serde_derive/src/ser.rs	serialize_struct_variant	serde_derive/src/ser.rs	serialize_struct_visitor
serde_derive/src/ser.rs	serialize_struct_variant_with_flatten	serde_derive/src/bound.rs	with_lifetime_bound
serde_derive/src/ser.rs	serialize_struct_variant_with_flatten	serde_derive/src/internals/attr.rs	is_some
serde_derive/src/ser.rs	serialize_struct_variant_with_flatten	serde_derive/src/internals/attr.rs	skip_serializing
serde_derive/src/ser.rs	serialize_struct_variant_with_flatten	serde_derive/src/ser.rs	mut_if
serde_derive/src/ser.rs	serialize_struct_variant_with_flatten	serde_derive/src/ser.rs	serialize_struct_visitor
serde_derive/src/ser.rs	serialize_struct_visitor	serde_derive/src/internals/attr.rs	flatten
serde_derive/src/ser.rs	serialize_struct_visitor	serde_derive/src/internals/attr.rs	name
serde_derive/src/ser.rs	serialize_struct_visitor	serde_derive/src/internals/attr.rs	serialize_with
serde_derive/src/ser.rs	serialize_struct_visitor	serde_derive/src/internals/attr.rs	skip_serializing
serde_derive/src/ser.rs	serialize_struct_visitor	serde_derive/src/internals/attr.rs	skip_serializing_if
serde_derive/src/ser.rs	serialize_struct_visitor	serde_derive/src/internals/name.rs	serialize_name
serde_derive/src/ser.rs	serialize_struct_visitor	serde_derive/src/ser.rs	get_member
serde_derive/src/ser.rs	serialize_struct_visitor	serde_derive/src/ser.rs	new
serde_derive/src/ser.rs	serialize_struct_visitor	serde_derive/src/ser.rs	serialize_field
serde_derive/src/ser.rs	serialize_struct_visitor	serde_derive/src/ser.rs	skip_field
serde_derive/src/ser.rs	serialize_struct_visitor	serde_derive/src/ser.rs	wrap_serialize_field_with
serde_derive/src/ser.rs	serialize_transparent	serde_derive/src/internals/attr.rs	serialize_with
serde_derive/src/ser.rs	serialize_transparent	serde_derive/src/internals/attr.rs	transparent
serde_derive/src/ser.rs	serialize_tuple_struct	serde_derive/src/internals/attr.rs	is_some
serde_derive/src/ser.rs	serialize_tuple_struct	serde_derive/src/internals/attr.rs	name
serde_derive/src/ser.rs	serialize_tuple_struct	serde_derive/src/internals/attr.rs	skip_serializing
serde_derive/src/ser.rs	serialize_tuple_struct	serde_derive/src/internals/attr.rs	skip_serializing_if
serde_derive/src/ser.rs	serialize_tuple_struct	serde_derive/src/internals/name.rs	serialize_name
serde_derive/src/ser.rs	serialize_tuple_struct	serde_derive/src/ser.rs	get_member
serde_derive/src/ser.rs	serialize_tuple_struct	serde_derive/src/ser.rs	mut_if
serde_derive/src/ser.rs	serialize_tuple_struct	serde_derive/src/ser.rs	serialize_tuple_struct_visitor
serde_derive/src/ser.rs	serialize_tuple_struct_visitor	serde_derive/src/de.rs	field_i
serde_derive/src/ser.rs	serialize_tuple_struct_visitor	serde_derive/src/internals/attr.rs	serialize_with
serde_derive/src/ser.rs	serialize_tuple_struct_visitor	serde_derive/src/internals/attr.rs	skip_serializing
serde_derive/src/ser.rs	serialize_tuple_struct_visitor	serde_derive/src/internals/attr.rs	skip_serializing_if
serde_derive/src/ser.rs	serialize_tuple_struct_visitor	serde_derive/src/ser.rs	get_member
serde_derive/src/ser.rs	serialize_tuple_struct_visitor	serde_derive/src/ser.rs	new
serde_derive/src/ser.rs	serialize_tuple_struct_visitor	serde_derive/src/ser.rs	serialize_element
serde_derive/src/ser.rs	serialize_tuple_struct_visitor	serde_derive/src/ser.rs	wrap_serialize_field_with
serde_derive/src/ser.rs	serialize_tuple_variant	serde_derive/src/de.rs	field_i
serde_derive/src/ser.rs	serialize_tuple_variant	serde_derive/src/internals/attr.rs	is_some
serde_derive/src/ser.rs	serialize_tuple_variant	serde_derive/src/internals/attr.rs	skip_serializing
serde_derive/src/ser.rs	serialize_tuple_variant	serde_derive/src/internals/attr.rs	skip_serializing_if
serde_derive/src/ser.rs	serialize_tuple_variant	serde_derive/src/ser.rs	mut_if
serde_derive/src/ser.rs	serialize_tuple_variant	serde_derive/src/ser.rs	serialize_tuple_struct_visitor
serde_derive/src/ser.rs	serialize_unit_struct	serde_derive/src/internals/attr.rs	name
serde_derive/src/ser.rs	serialize_unit_struct	serde_derive/src/internals/name.rs	serialize_name
serde_derive/src/ser.rs	serialize_untagged_variant	serde_derive/src/internals/attr.rs	name
serde_derive/src/ser.rs	serialize_untagged_variant	serde_derive/src/internals/attr.rs	serialize_with
serde_derive/src/ser.rs	serialize_untagged_variant	serde_derive/src/internals/name.rs	serialize_name
serde_derive/src/ser.rs	serialize_untagged_variant	serde_derive/src/ser.rs	effective_style
serde_derive/src/ser.rs	serialize_untagged_variant	serde_derive/src/ser.rs	serialize_struct_variant
serde_derive/src/ser.rs	serialize_untagged_variant	serde_derive/src/ser.rs	serialize_tuple_variant
serde_derive/src/ser.rs	serialize_untagged_variant	serde_derive/src/ser.rs	wrap_serialize_field_with
serde_derive/src/ser.rs	serialize_untagged_variant	serde_derive/src/ser.rs	wrap_serialize_variant_with
serde_derive/src/ser.rs	serialize_variant	serde_derive/src/fragment.rs	Match
serde_derive/src/ser.rs	serialize_variant	serde_derive/src/internals/attr.rs	skip_serializing
serde_derive/src/ser.rs	serialize_variant	serde_derive/src/internals/attr.rs	tag
serde_derive/src/ser.rs	serialize_variant	serde_derive/src/internals/attr.rs	untagged
serde_derive/src/ser.rs	serialize_variant	serde_derive/src/ser.rs	serialize_adjacently_tagged_variant
serde_derive/src/ser.rs	serialize_variant	serde_derive/src/ser.rs	serialize_externally_tagged_variant
serde_derive/src/ser.rs	serialize_variant	serde_derive/src/ser.rs	serialize_internally_tagged_variant
serde_derive/src/ser.rs	serialize_variant	serde_derive/src/ser.rs	serialize_untagged_variant
serde_derive/src/ser.rs	wrap_serialize_field_with	serde_derive/src/ser.rs	wrap_serialize_with
serde_derive/src/ser.rs	wrap_serialize_variant_with	serde_derive/src/de.rs	field_i
serde_derive/src/ser.rs	wrap_serialize_variant_with	serde_derive/src/ser.rs	wrap_serialize_with
serde_derive/src/ser.rs	wrap_serialize_with	serde_derive/src/bound.rs	with_lifetime_bound
serde_derive/src/this.rs	this_type	serde_derive/src/internals/attr.rs	remote
serde_derive/src/this.rs	this_value	serde_derive/src/internals/attr.rs	is_none
serde_derive/src/this.rs	this_value	serde_derive/src/internals/attr.rs	remote
