tests-integration/src/bin/test-mem.rs	main	tokio/src/runtime/builder.rs	new_multi_thread
tests-integration/src/bin/test-mem.rs	main	tokio/src/runtime/builder.rs	worker_threads
tests-integration/src/bin/test-process-signal.rs	main	tokio/src/runtime/builder.rs	enable_all
tests-integration/src/bin/test-process-signal.rs	main	tokio/src/runtime/builder.rs	new_current_thread
tokio-macros/src/entry.rs	DEFAULT_ERROR_CONFIG	tokio-macros/src/entry.rs	FinalConfig
tokio-macros/src/entry.rs	body	tokio-macros/src/entry.rs	Body
tokio-macros/src/entry.rs	build	tokio-macros/src/entry.rs	FinalConfig
tokio-macros/src/entry.rs	build	tokio-macros/src/entry.rs	new
tokio-macros/src/entry.rs	build_config	tokio-macros/src/entry.rs	build
tokio-macros/src/entry.rs	build_config	tokio-macros/src/entry.rs	macro_name
tokio-macros/src/entry.rs	build_config	tokio-macros/src/entry.rs	new
tokio-macros/src/entry.rs	build_config	tokio-macros/src/entry.rs	set_crate_name
tokio-macros/src/entry.rs	build_config	tokio-macros/src/entry.rs	set_flavor
tokio-macros/src/entry.rs	build_config	tokio-macros/src/entry.rs	set_name
tokio-macros/src/entry.rs	build_config	tokio-macros/src/entry.rs	set_start_paused
tokio-macros/src/entry.rs	build_config	tokio-macros/src/entry.rs	set_unhandled_panic
tokio-macros/src/entry.rs	build_config	tokio-macros/src/entry.rs	set_worker_threads
tokio-macros/src/entry.rs	closure@11489	tokio-macros/src/entry.rs	contains_impl_trait
tokio-macros/src/entry.rs	closure@11826	tokio-macros/src/entry.rs	contains_impl_trait
tokio-macros/src/entry.rs	closure@17289	tokio-macros/src/entry.rs	new
tokio-macros/src/entry.rs	closure@22298	tokio-macros/src/entry.rs	build_config
tokio-macros/src/entry.rs	closure@23331	tokio-stream/src/stream_ext.rs	all
tokio-macros/src/entry.rs	closure@24046	tokio-macros/src/entry.rs	is_test_attribute
tokio-macros/src/entry.rs	closure@24349	tokio-macros/src/entry.rs	build_config
tokio-macros/src/entry.rs	closure@28331	tokio-macros/src/entry.rs	to_tokens
tokio-macros/src/entry.rs	closure@4150	tokio-macros/src/entry.rs	new
tokio-macros/src/entry.rs	closure@6089	tokio-macros/src/entry.rs	new
tokio-macros/src/entry.rs	contains_impl_trait	tokio-macros/src/entry.rs	contains_impl_trait
tokio-macros/src/entry.rs	contains_impl_trait	tokio-stream/src/stream_ext.rs	any
tokio-macros/src/entry.rs	contains_impl_trait	tokio/src/util/linked_list.rs	last
tokio-macros/src/entry.rs	into_tokens	tokio-macros/src/entry.rs	new
tokio-macros/src/entry.rs	into_tokens	tokio-macros/src/entry.rs	to_tokens
tokio-macros/src/entry.rs	is_test_attribute	tokio-stream/src/stream_ext.rs	all
tokio-macros/src/entry.rs	is_test_attribute	tokio-stream/src/stream_ext.rs	any
tokio-macros/src/entry.rs	is_test_attribute	tokio/src/runtime/time_alt/cancellation_queue.rs	into_iter
tokio-macros/src/entry.rs	main	tokio-macros/src/entry.rs	build_config
tokio-macros/src/entry.rs	main	tokio-macros/src/entry.rs	parse_knobs
tokio-macros/src/entry.rs	main	tokio-macros/src/entry.rs	token_stream_with_error
tokio-macros/src/entry.rs	new	tokio-macros/src/entry.rs	Configuration
tokio-macros/src/entry.rs	parse	tokio-macros/src/entry.rs	new
tokio-macros/src/entry.rs	parse	tokio-macros/src/entry.rs	parse
tokio-macros/src/entry.rs	parse	tokio-macros/src/entry.rs	to_tokens
tokio-macros/src/entry.rs	parse_bool	tokio-macros/src/entry.rs	new
tokio-macros/src/entry.rs	parse_int	tokio-macros/src/entry.rs	new
tokio-macros/src/entry.rs	parse_knobs	tokio-macros/src/entry.rs	body
tokio-macros/src/entry.rs	parse_knobs	tokio-macros/src/entry.rs	contains_impl_trait
tokio-macros/src/entry.rs	parse_knobs	tokio-macros/src/entry.rs	into_tokens
tokio-macros/src/entry.rs	parse_knobs	tokio-macros/src/entry.rs	new
tokio-macros/src/entry.rs	parse_knobs	tokio/src/runtime/time_alt/cancellation_queue.rs	into_iter
tokio-macros/src/entry.rs	parse_knobs	tokio/src/util/linked_list.rs	last
tokio-macros/src/entry.rs	parse_path	tokio-macros/src/entry.rs	new
tokio-macros/src/entry.rs	parse_path	tokio-macros/src/entry.rs	parse
tokio-macros/src/entry.rs	parse_string	tokio-macros/src/entry.rs	new
tokio-macros/src/entry.rs	set_crate_name	tokio-macros/src/entry.rs	new
tokio-macros/src/entry.rs	set_crate_name	tokio-macros/src/entry.rs	parse_path
tokio-macros/src/entry.rs	set_flavor	tokio-macros/src/entry.rs	from_str
tokio-macros/src/entry.rs	set_flavor	tokio-macros/src/entry.rs	new
tokio-macros/src/entry.rs	set_flavor	tokio-macros/src/entry.rs	parse_string
tokio-macros/src/entry.rs	set_name	tokio-macros/src/entry.rs	new
tokio-macros/src/entry.rs	set_name	tokio-macros/src/entry.rs	parse_string
tokio-macros/src/entry.rs	set_start_paused	tokio-macros/src/entry.rs	new
tokio-macros/src/entry.rs	set_start_paused	tokio-macros/src/entry.rs	parse_bool
tokio-macros/src/entry.rs	set_unhandled_panic	tokio-macros/src/entry.rs	from_str
tokio-macros/src/entry.rs	set_unhandled_panic	tokio-macros/src/entry.rs	new
tokio-macros/src/entry.rs	set_unhandled_panic	tokio-macros/src/entry.rs	parse_string
tokio-macros/src/entry.rs	set_worker_threads	tokio-macros/src/entry.rs	new
tokio-macros/src/entry.rs	set_worker_threads	tokio-macros/src/entry.rs	parse_int
tokio-macros/src/entry.rs	test	tokio-macros/src/entry.rs	attrs
tokio-macros/src/entry.rs	test	tokio-macros/src/entry.rs	build_config
tokio-macros/src/entry.rs	test	tokio-macros/src/entry.rs	is_test_attribute
tokio-macros/src/entry.rs	test	tokio-macros/src/entry.rs	parse_knobs
tokio-macros/src/entry.rs	test	tokio-macros/src/entry.rs	token_stream_with_error
tokio-macros/src/entry.rs	to_tokens	tokio-macros/src/entry.rs	to_tokens
tokio-macros/src/lib.rs	main	tokio-macros/src/entry.rs	main
tokio-macros/src/lib.rs	main_rt	tokio-macros/src/entry.rs	main
tokio-macros/src/lib.rs	select_priv_clean_pattern	tokio-macros/src/select.rs	clean_pattern_macro
tokio-macros/src/lib.rs	select_priv_declare_output_enum	tokio-macros/src/select.rs	declare_output_enum
tokio-macros/src/lib.rs	test	tokio-macros/src/entry.rs	test
tokio-macros/src/lib.rs	test_rt	tokio-macros/src/entry.rs	test
tokio-macros/src/select.rs	clean_pattern	tokio-macros/src/select.rs	clean_pattern
tokio-macros/src/select.rs	clean_pattern_macro	tokio-macros/src/entry.rs	parse
tokio-macros/src/select.rs	clean_pattern_macro	tokio-macros/src/select.rs	clean_pattern
tokio-macros/src/select.rs	declare_output_enum	tokio/src/runtime/time_alt/cancellation_queue.rs	into_iter
tokio-stream/src/empty.rs	empty	tokio-stream/src/empty.rs	Empty
tokio-stream/src/empty.rs	poll_next	tokio/src/io/ready.rs	Ready
tokio-stream/src/iter.rs	iter	tokio-stream/src/iter.rs	Iter
tokio-stream/src/iter.rs	poll_next	tokio/src/io/ready.rs	Ready
tokio-stream/src/once.rs	once	tokio-stream/src/once.rs	Once
tokio-stream/src/once.rs	poll_next	tokio/src/io/ready.rs	Ready
tokio-stream/src/pending.rs	pending	tokio-stream/src/pending.rs	Pending
tokio-stream/src/stream_close.rs	closure@2120	tokio-stream/src/stream_close.rs	poll_next
tokio-stream/src/stream_close.rs	closure@2785	tokio/src/time/instant.rs	checked_add
tokio-stream/src/stream_close.rs	poll_next	tokio-stream/src/stream_close.rs	poll_next
tokio-stream/src/stream_close.rs	poll_next	tokio/src/io/ready.rs	Ready
tokio-stream/src/stream_close.rs	size_hint	tokio-stream/src/stream_close.rs	size_hint
tokio-stream/src/stream_close.rs	size_hint	tokio/src/time/instant.rs	checked_add
tokio-stream/src/stream_ext.rs	all	tokio-stream/src/stream_ext/all.rs	new
tokio-stream/src/stream_ext.rs	any	tokio-stream/src/stream_ext/any.rs	new
tokio-stream/src/stream_ext.rs	chain	tokio-stream/src/stream_ext/chain.rs	new
tokio-stream/src/stream_ext.rs	chunks_timeout	tokio-stream/src/stream_ext/chunks_timeout.rs	new
tokio-stream/src/stream_ext.rs	collect	tokio-stream/src/stream_ext/collect.rs	new
tokio-stream/src/stream_ext.rs	filter	tokio-stream/src/stream_ext/filter.rs	new
tokio-stream/src/stream_ext.rs	filter_map	tokio-stream/src/stream_ext/filter_map.rs	new
tokio-stream/src/stream_ext.rs	fold	tokio-stream/src/stream_ext/fold.rs	new
tokio-stream/src/stream_ext.rs	fuse	tokio-stream/src/stream_ext/fuse.rs	new
tokio-stream/src/stream_ext.rs	map	tokio-stream/src/stream_ext/map.rs	new
tokio-stream/src/stream_ext.rs	map_while	tokio-stream/src/stream_ext/map_while.rs	new
tokio-stream/src/stream_ext.rs	merge	tokio-stream/src/stream_ext/merge.rs	new
tokio-stream/src/stream_ext.rs	merge_size_hints	tokio/src/time/instant.rs	checked_add
tokio-stream/src/stream_ext.rs	next	tokio-stream/src/stream_ext/next.rs	new
tokio-stream/src/stream_ext.rs	peekable	tokio-stream/src/stream_ext/peekable.rs	new
tokio-stream/src/stream_ext.rs	skip	tokio-stream/src/stream_ext/skip.rs	new
tokio-stream/src/stream_ext.rs	skip_while	tokio-stream/src/stream_ext/skip_while.rs	new
tokio-stream/src/stream_ext.rs	take	tokio-stream/src/stream_ext/take.rs	new
tokio-stream/src/stream_ext.rs	take_while	tokio-stream/src/stream_ext/take_while.rs	new
tokio-stream/src/stream_ext.rs	then	tokio-stream/src/stream_ext/then.rs	new
tokio-stream/src/stream_ext.rs	throttle	tokio-stream/src/stream_ext.rs	throttle
tokio-stream/src/stream_ext.rs	timeout	tokio-stream/src/stream_ext/timeout.rs	new
tokio-stream/src/stream_ext.rs	timeout_repeating	tokio-stream/src/stream_ext/timeout_repeating.rs	new
tokio-stream/src/stream_ext.rs	try_next	tokio-stream/src/stream_ext/try_next.rs	new
tokio-stream/src/stream_ext/all.rs	poll	tokio-stream/src/stream_ext/all.rs	new
tokio-stream/src/stream_ext/all.rs	poll	tokio/src/io/ready.rs	Ready
tokio-stream/src/stream_ext/any.rs	poll	tokio-stream/src/stream_ext/any.rs	new
tokio-stream/src/stream_ext/any.rs	poll	tokio/src/io/ready.rs	Ready
tokio-stream/src/stream_ext/chain.rs	is_terminated	tokio-stream/src/stream_ext/chain.rs	is_terminated
tokio-stream/src/stream_ext/chain.rs	new	tokio-stream/src/stream_ext/fuse.rs	new
tokio-stream/src/stream_ext/chain.rs	poll_next	tokio-stream/src/stream_ext/chain.rs	poll_next
tokio-stream/src/stream_ext/chain.rs	poll_next	tokio/src/io/ready.rs	Ready
tokio-stream/src/stream_ext/chain.rs	size_hint	tokio-stream/src/stream_ext.rs	merge_size_hints
tokio-stream/src/stream_ext/chain.rs	size_hint	tokio-stream/src/stream_ext/chain.rs	size_hint
tokio-stream/src/stream_ext/chunks_timeout.rs	closure@2949	tokio/src/time/instant.rs	checked_add
tokio-stream/src/stream_ext/chunks_timeout.rs	new	tokio-stream/src/stream_ext/fuse.rs	new
tokio-stream/src/stream_ext/chunks_timeout.rs	poll_next	tokio-stream/src/stream_ext/chunks_timeout.rs	poll_next
tokio-stream/src/stream_ext/chunks_timeout.rs	poll_next	tokio/src/io/ready.rs	Ready
tokio-stream/src/stream_ext/chunks_timeout.rs	poll_next	tokio/src/time/sleep.rs	sleep
tokio-stream/src/stream_ext/chunks_timeout.rs	size_hint	tokio-stream/src/stream_ext/chunks_timeout.rs	size_hint
tokio-stream/src/stream_ext/chunks_timeout.rs	size_hint	tokio/src/time/instant.rs	checked_add
tokio-stream/src/stream_ext/collect.rs	extend	tokio-stream/src/stream_ext/collect.rs	extend
tokio-stream/src/stream_ext/collect.rs	finalize	tokio-stream/src/stream_ext/collect.rs	finalize
tokio-stream/src/stream_ext/collect.rs	finalize	tokio-stream/src/stream_ext/collect.rs	initialize
tokio-stream/src/stream_ext/collect.rs	initialize	tokio-stream/src/stream_ext/collect.rs	initialize
tokio-stream/src/stream_ext/collect.rs	initialize	tokio-stream/src/stream_ext/collect.rs	new
tokio-stream/src/stream_ext/collect.rs	initialize	tokio/src/util/linked_list.rs	new
tokio-stream/src/stream_ext/collect.rs	new	tokio-stream/src/stream_ext/collect.rs	initialize
tokio-stream/src/stream_ext/collect.rs	poll	tokio-stream/src/stream_ext/collect.rs	extend
tokio-stream/src/stream_ext/collect.rs	poll	tokio-stream/src/stream_ext/collect.rs	finalize
tokio-stream/src/stream_ext/collect.rs	poll	tokio/src/io/ready.rs	Ready
tokio-stream/src/stream_ext/filter.rs	is_terminated	tokio-stream/src/stream_ext/filter.rs	is_terminated
tokio-stream/src/stream_ext/filter.rs	poll_next	tokio/src/io/ready.rs	Ready
tokio-stream/src/stream_ext/filter.rs	size_hint	tokio-stream/src/stream_ext/filter.rs	size_hint
tokio-stream/src/stream_ext/filter_map.rs	is_terminated	tokio-stream/src/stream_ext/filter_map.rs	is_terminated
tokio-stream/src/stream_ext/filter_map.rs	poll_next	tokio/src/io/ready.rs	Ready
tokio-stream/src/stream_ext/filter_map.rs	size_hint	tokio-stream/src/stream_ext/filter_map.rs	size_hint
tokio-stream/src/stream_ext/fold.rs	poll	tokio/src/io/ready.rs	Ready
tokio-stream/src/stream_ext/fuse.rs	poll_next	tokio/src/io/ready.rs	Ready
tokio-stream/src/stream_ext/fuse.rs	size_hint	tokio-stream/src/stream_ext/fuse.rs	size_hint
tokio-stream/src/stream_ext/map.rs	is_terminated	tokio-stream/src/stream_ext/map.rs	is_terminated
tokio-stream/src/stream_ext/map.rs	poll_next	tokio-stream/src/stream_ext/map.rs	poll_next
tokio-stream/src/stream_ext/map.rs	size_hint	tokio-stream/src/stream_ext/map.rs	size_hint
tokio-stream/src/stream_ext/map_while.rs	poll_next	tokio-stream/src/stream_ext/map_while.rs	poll_next
tokio-stream/src/stream_ext/map_while.rs	poll_next	tokio/src/io/ready.rs	Ready
tokio-stream/src/stream_ext/map_while.rs	size_hint	tokio-stream/src/stream_ext/map_while.rs	size_hint
tokio-stream/src/stream_ext/merge.rs	is_terminated	tokio-stream/src/stream_ext/merge.rs	is_terminated
tokio-stream/src/stream_ext/merge.rs	new	tokio-stream/src/stream_ext/fuse.rs	new
tokio-stream/src/stream_ext/merge.rs	poll_next	tokio-stream/src/stream_ext/merge.rs	poll_next
tokio-stream/src/stream_ext/merge.rs	poll_next	tokio/src/io/ready.rs	Ready
tokio-stream/src/stream_ext/merge.rs	size_hint	tokio-stream/src/stream_ext.rs	merge_size_hints
tokio-stream/src/stream_ext/merge.rs	size_hint	tokio-stream/src/stream_ext/merge.rs	size_hint
tokio-stream/src/stream_ext/next.rs	new	tokio-test/src/stream_mock.rs	Next
tokio-stream/src/stream_ext/next.rs	poll	tokio-stream/src/stream_ext/next.rs	new
tokio-stream/src/stream_ext/peekable.rs	closure@2240	tokio/src/time/instant.rs	checked_add
tokio-stream/src/stream_ext/peekable.rs	poll_next	tokio-stream/src/stream_ext/peekable.rs	poll_next
tokio-stream/src/stream_ext/peekable.rs	poll_next	tokio/src/io/ready.rs	Ready
tokio-stream/src/stream_ext/peekable.rs	poll_peek	tokio-stream/src/stream_ext/peekable.rs	poll_next
tokio-stream/src/stream_ext/peekable.rs	poll_peek	tokio/src/io/ready.rs	Ready
tokio-stream/src/stream_ext/peekable.rs	size_hint	tokio-stream/src/stream_ext/peekable.rs	size_hint
tokio-stream/src/stream_ext/peekable.rs	size_hint	tokio/src/time/instant.rs	checked_add
tokio-stream/src/stream_ext/skip.rs	is_terminated	tokio-stream/src/stream_ext/skip.rs	is_terminated
tokio-stream/src/stream_ext/skip.rs	poll_next	tokio/src/io/ready.rs	Ready
tokio-stream/src/stream_ext/skip.rs	size_hint	tokio-stream/src/stream_ext/skip.rs	size_hint
tokio-stream/src/stream_ext/skip_while.rs	is_terminated	tokio-stream/src/stream_ext/skip_while.rs	is_terminated
tokio-stream/src/stream_ext/skip_while.rs	poll_next	tokio-stream/src/stream_ext/skip_while.rs	poll_next
tokio-stream/src/stream_ext/skip_while.rs	poll_next	tokio/src/io/ready.rs	Ready
tokio-stream/src/stream_ext/skip_while.rs	size_hint	tokio-stream/src/stream_ext/skip_while.rs	size_hint
tokio-stream/src/stream_ext/take.rs	poll_next	tokio-stream/src/stream_ext/take.rs	poll_next
tokio-stream/src/stream_ext/take.rs	poll_next	tokio/src/io/ready.rs	Ready
tokio-stream/src/stream_ext/take.rs	size_hint	tokio-stream/src/stream_ext/take.rs	size_hint
tokio-stream/src/stream_ext/take_while.rs	closure@1958	tokio-stream/src/stream_ext.rs	filter
tokio-stream/src/stream_ext/take_while.rs	poll_next	tokio-stream/src/stream_ext.rs	filter
tokio-stream/src/stream_ext/take_while.rs	poll_next	tokio-stream/src/stream_ext/take_while.rs	poll_next
tokio-stream/src/stream_ext/take_while.rs	poll_next	tokio/src/io/ready.rs	Ready
tokio-stream/src/stream_ext/take_while.rs	size_hint	tokio-stream/src/stream_ext/take_while.rs	size_hint
tokio-stream/src/stream_ext/then.rs	closure@2850	tokio/src/time/instant.rs	checked_add
tokio-stream/src/stream_ext/then.rs	is_terminated	tokio-stream/src/stream_ext/then.rs	is_terminated
tokio-stream/src/stream_ext/then.rs	poll_next	tokio-stream/src/stream_ext/then.rs	poll_next
tokio-stream/src/stream_ext/then.rs	poll_next	tokio/src/io/ready.rs	Ready
tokio-stream/src/stream_ext/then.rs	size_hint	tokio-stream/src/stream_ext/then.rs	size_hint
tokio-stream/src/stream_ext/then.rs	size_hint	tokio/src/time/instant.rs	checked_add
tokio-stream/src/stream_ext/throttle.rs	poll_next	tokio-stream/src/stream_ext/throttle.rs	is_zero
tokio-stream/src/stream_ext/throttle.rs	poll_next	tokio/src/io/ready.rs	Ready
tokio-stream/src/stream_ext/throttle.rs	poll_next	tokio/src/time/instant.rs	now
tokio-stream/src/stream_ext/throttle.rs	throttle	tokio/src/time/instant.rs	now
tokio-stream/src/stream_ext/throttle.rs	throttle	tokio/src/time/sleep.rs	sleep_until
tokio-stream/src/stream_ext/timeout.rs	fmt	tokio-stream/src/stream_ext/timeout.rs	fmt
tokio-stream/src/stream_ext/timeout.rs	new	tokio-stream/src/stream_ext/fuse.rs	new
tokio-stream/src/stream_ext/timeout.rs	new	tokio-stream/src/stream_ext/timeout.rs	Elapsed
tokio-stream/src/stream_ext/timeout.rs	new	tokio/src/time/instant.rs	now
tokio-stream/src/stream_ext/timeout.rs	new	tokio/src/time/sleep.rs	sleep_until
tokio-stream/src/stream_ext/timeout.rs	poll_next	tokio-stream/src/stream_ext/timeout.rs	new
tokio-stream/src/stream_ext/timeout.rs	poll_next	tokio-stream/src/stream_ext/timeout.rs	poll_next
tokio-stream/src/stream_ext/timeout.rs	poll_next	tokio/src/io/ready.rs	Ready
tokio-stream/src/stream_ext/timeout.rs	poll_next	tokio/src/time/instant.rs	now
tokio-stream/src/stream_ext/timeout.rs	size_hint	tokio-stream/src/stream_ext/timeout.rs	size_hint
tokio-stream/src/stream_ext/timeout.rs	size_hint	tokio-stream/src/stream_ext/timeout.rs	twice_plus_one
tokio-stream/src/stream_ext/timeout.rs	twice_plus_one	tokio/src/time/instant.rs	checked_add
tokio-stream/src/stream_ext/timeout_repeating.rs	new	tokio-stream/src/stream_ext/fuse.rs	new
tokio-stream/src/stream_ext/timeout_repeating.rs	poll_next	tokio-stream/src/stream_ext/timeout_repeating.rs	new
tokio-stream/src/stream_ext/timeout_repeating.rs	poll_next	tokio-stream/src/stream_ext/timeout_repeating.rs	poll_next
tokio-stream/src/stream_ext/timeout_repeating.rs	poll_next	tokio/src/io/ready.rs	Ready
tokio-stream/src/stream_ext/timeout_repeating.rs	size_hint	tokio-stream/src/stream_ext/timeout_repeating.rs	size_hint
tokio-stream/src/stream_ext/try_next.rs	new	tokio-stream/src/stream_ext/next.rs	new
tokio-stream/src/stream_ext/try_next.rs	poll	tokio-stream/src/stream_ext/try_next.rs	poll
tokio-stream/src/stream_map.rs	COUNTER	tokio/src/loom/std/atomic_u32.rs	new
tokio-stream/src/stream_map.rs	closure@17909	tokio-stream/src/stream_map.rs	poll_next_many
tokio-stream/src/stream_map.rs	closure@25123	tokio-stream/src/stream_map.rs	fastrand_n
tokio-stream/src/stream_map.rs	default	tokio-stream/src/stream_map.rs	new
tokio-stream/src/stream_map.rs	extend	tokio-stream/src/stream_ext/collect.rs	extend
tokio-stream/src/stream_map.rs	from_iter	tokio-stream/src/stream_map.rs	insert
tokio-stream/src/stream_map.rs	from_iter	tokio-stream/src/stream_map.rs	size_hint
tokio-stream/src/stream_map.rs	from_iter	tokio-stream/src/stream_map.rs	with_capacity
tokio-stream/src/stream_map.rs	insert	tokio-stream/src/stream_map.rs	remove
tokio-stream/src/stream_map.rs	keys	tokio-stream/src/stream_map.rs	iter
tokio-stream/src/stream_map.rs	new	tokio-stream/src/stream_map.rs	FastRand
tokio-stream/src/stream_map.rs	new	tokio-stream/src/stream_map.rs	StreamMap
tokio-stream/src/stream_map.rs	new	tokio/src/runtime/task/core.rs	new
tokio-stream/src/stream_map.rs	next_many	tokio-stream/src/stream_map.rs	poll_next_many
tokio-stream/src/stream_map.rs	poll_next	tokio/src/io/ready.rs	Ready
tokio-stream/src/stream_map.rs	poll_next_entry	tokio-stream/src/stream_map.rs	new
tokio-stream/src/stream_map.rs	poll_next_entry	tokio-stream/src/stream_map.rs	poll_next
tokio-stream/src/stream_map.rs	poll_next_entry	tokio/src/io/ready.rs	Ready
tokio-stream/src/stream_map.rs	poll_next_many	tokio-stream/src/stream_map.rs	new
tokio-stream/src/stream_map.rs	poll_next_many	tokio-stream/src/stream_map.rs	poll_next
tokio-stream/src/stream_map.rs	poll_next_many	tokio/src/io/ready.rs	Ready
tokio-stream/src/stream_map.rs	seed	tokio-stream/src/stream_map.rs	new
tokio-stream/src/stream_map.rs	size_hint	tokio-stream/src/stream_map.rs	size_hint
tokio-stream/src/stream_map.rs	size_hint	tokio/src/time/instant.rs	checked_add
tokio-stream/src/stream_map.rs	thread_rng_n	tokio-stream/src/stream_map.rs	fastrand_n
tokio-stream/src/stream_map.rs	values	tokio-stream/src/stream_map.rs	iter
tokio-stream/src/stream_map.rs	values_mut	tokio-stream/src/stream_map.rs	iter_mut
tokio-stream/src/stream_map.rs	with_capacity	tokio-stream/src/stream_map.rs	StreamMap
tokio-stream/src/stream_map.rs	with_capacity	tokio-stream/src/stream_map.rs	with_capacity
tokio-stream/src/wrappers/broadcast.rs	from	tokio-stream/src/wrappers/broadcast.rs	new
tokio-stream/src/wrappers/broadcast.rs	new	tokio-stream/src/wrappers/broadcast.rs	make_future
tokio-stream/src/wrappers/broadcast.rs	new	tokio-stream/src/wrappers/broadcast.rs	new
tokio-stream/src/wrappers/broadcast.rs	poll_next	tokio-stream/src/wrappers/broadcast.rs	Lagged
tokio-stream/src/wrappers/broadcast.rs	poll_next	tokio-stream/src/wrappers/broadcast.rs	make_future
tokio-stream/src/wrappers/broadcast.rs	poll_next	tokio/src/io/ready.rs	Ready
tokio-stream/src/wrappers/interval.rs	poll_next	tokio/src/time/interval.rs	poll_tick
tokio-stream/src/wrappers/lines.rs	poll_next	tokio/src/io/util/lines.rs	poll_next_line
tokio-stream/src/wrappers/mpsc_bounded.rs	from	tokio-stream/src/wrappers/mpsc_bounded.rs	new
tokio-stream/src/wrappers/mpsc_bounded.rs	poll_next	tokio/src/sync/mpsc/bounded.rs	poll_recv
tokio-stream/src/wrappers/mpsc_bounded.rs	size_hint	tokio/src/sync/mpsc/bounded.rs	capacity
tokio-stream/src/wrappers/mpsc_bounded.rs	size_hint	tokio/src/sync/mpsc/bounded.rs	max_capacity
tokio-stream/src/wrappers/mpsc_unbounded.rs	close	tokio/src/sync/mpsc/unbounded.rs	close
tokio-stream/src/wrappers/mpsc_unbounded.rs	from	tokio-stream/src/wrappers/mpsc_unbounded.rs	new
tokio-stream/src/wrappers/mpsc_unbounded.rs	poll_next	tokio/src/sync/mpsc/unbounded.rs	poll_recv
tokio-stream/src/wrappers/mpsc_unbounded.rs	size_hint	tokio/src/sync/mpsc/unbounded.rs	is_closed
tokio-stream/src/wrappers/mpsc_unbounded.rs	size_hint	tokio/src/sync/mpsc/unbounded.rs	len
tokio-stream/src/wrappers/read_dir.rs	poll_next	tokio/src/fs/read_dir.rs	poll_next_entry
tokio-stream/src/wrappers/signal_unix.rs	poll_next	tokio/src/signal/unix.rs	poll_recv
tokio-stream/src/wrappers/signal_windows.rs	poll_next	tokio/src/signal/windows.rs	poll_recv
tokio-stream/src/wrappers/split.rs	poll_next	tokio/src/io/util/split.rs	poll_next_segment
tokio-stream/src/wrappers/task.rs	from	tokio-stream/src/wrappers/task.rs	new
tokio-stream/src/wrappers/task.rs	poll_next	tokio/src/task/join_set.rs	poll_join_next
tokio-stream/src/wrappers/task.rs	size_hint	tokio/src/task/join_set.rs	len
tokio-stream/src/wrappers/tcp_listener.rs	poll_next	tokio/src/io/ready.rs	Ready
tokio-stream/src/wrappers/tcp_listener.rs	poll_next	tokio/src/net/tcp/listener.rs	poll_accept
tokio-stream/src/wrappers/unix_listener.rs	poll_next	tokio/src/io/ready.rs	Ready
tokio-stream/src/wrappers/unix_listener.rs	poll_next	tokio/src/net/unix/listener.rs	poll_accept
tokio-stream/src/wrappers/watch.rs	from	tokio-stream/src/wrappers/watch.rs	new
tokio-stream/src/wrappers/watch.rs	from_changes	tokio-stream/src/wrappers/watch.rs	make_future
tokio-stream/src/wrappers/watch.rs	from_changes	tokio-stream/src/wrappers/watch.rs	new
tokio-stream/src/wrappers/watch.rs	make_future	tokio/src/sync/watch.rs	changed
tokio-stream/src/wrappers/watch.rs	new	tokio-stream/src/wrappers/watch.rs	new
tokio-stream/src/wrappers/watch.rs	poll_next	tokio-stream/src/wrappers/watch.rs	make_future
tokio-stream/src/wrappers/watch.rs	poll_next	tokio/src/io/ready.rs	Ready
tokio-stream/src/wrappers/watch.rs	poll_next	tokio/src/sync/watch.rs	borrow_and_update
tokio-test/src/io.rs	action	tokio/src/time/instant.rs	now
tokio-test/src/io.rs	build	tokio-test/src/io.rs	build_with_handle
tokio-test/src/io.rs	build_with_handle	tokio-test/src/io.rs	Mock
tokio-test/src/io.rs	build_with_handle	tokio-test/src/io.rs	new
tokio-test/src/io.rs	maybe_wakeup_reader	tokio-test/src/io.rs	action
tokio-test/src/io.rs	new	tokio-stream/src/wrappers/mpsc_unbounded.rs	new
tokio-test/src/io.rs	new	tokio-test/src/io.rs	Handle
tokio-test/src/io.rs	new	tokio-test/src/io.rs	Inner
tokio-test/src/io.rs	new	tokio-util/src/codec/length_delimited.rs	default
tokio-test/src/io.rs	new	tokio/src/sync/mpsc/unbounded.rs	unbounded_channel
tokio-test/src/io.rs	pmsg	tokio-test/src/io.rs	PanicMsgSnippet
tokio-test/src/io.rs	poll_action	tokio-test/src/io.rs	new
tokio-test/src/io.rs	poll_flush	tokio/src/io/ready.rs	Ready
tokio-test/src/io.rs	poll_read	tokio-test/src/io.rs	read
tokio-test/src/io.rs	poll_read	tokio-test/src/io.rs	remaining_wait
tokio-test/src/io.rs	poll_read	tokio/src/io/read_buf.rs	filled
tokio-test/src/io.rs	poll_read	tokio/src/io/ready.rs	Ready
tokio-test/src/io.rs	poll_read	tokio/src/time/instant.rs	now
tokio-test/src/io.rs	poll_read	tokio/src/time/sleep.rs	sleep_until
tokio-test/src/io.rs	poll_shutdown	tokio/src/io/ready.rs	Ready
tokio-test/src/io.rs	poll_write	tokio-test/src/io.rs	maybe_wakeup_reader
tokio-test/src/io.rs	poll_write	tokio-test/src/io.rs	poll_action
tokio-test/src/io.rs	poll_write	tokio-test/src/io.rs	remaining_wait
tokio-test/src/io.rs	poll_write	tokio-test/src/io.rs	write
tokio-test/src/io.rs	poll_write	tokio/src/io/ready.rs	Ready
tokio-test/src/io.rs	poll_write	tokio/src/time/instant.rs	now
tokio-test/src/io.rs	poll_write	tokio/src/time/sleep.rs	sleep_until
tokio-test/src/io.rs	read	tokio-test/src/io.rs	Read
tokio-test/src/io.rs	read	tokio-test/src/io.rs	action
tokio-test/src/io.rs	read	tokio/src/io/read_buf.rs	put_slice
tokio-test/src/io.rs	read	tokio/src/io/read_buf.rs	remaining
tokio-test/src/io.rs	read	tokio/src/sync/mpsc/unbounded.rs	send
tokio-test/src/io.rs	read	tokio/src/util/idle_notified_set.rs	drain
tokio-test/src/io.rs	read_error	tokio-test/src/io.rs	ReadError
tokio-test/src/io.rs	read_error	tokio/src/sync/mpsc/unbounded.rs	send
tokio-test/src/io.rs	remaining_wait	tokio-test/src/io.rs	action
tokio-test/src/io.rs	wait	tokio-test/src/io.rs	Wait
tokio-test/src/io.rs	write	tokio-test/src/io.rs	Write
tokio-test/src/io.rs	write	tokio-test/src/io.rs	action
tokio-test/src/io.rs	write	tokio/src/sync/mpsc/unbounded.rs	send
tokio-test/src/io.rs	write	tokio/src/util/idle_notified_set.rs	drain
tokio-test/src/io.rs	write_error	tokio-test/src/io.rs	WriteError
tokio-test/src/io.rs	write_error	tokio/src/sync/mpsc/unbounded.rs	send
tokio-test/src/lib.rs	block_on	tokio-test/src/lib.rs	block_on
tokio-test/src/lib.rs	block_on	tokio/src/runtime/builder.rs	enable_all
tokio-test/src/lib.rs	block_on	tokio/src/runtime/builder.rs	new_current_thread
tokio-test/src/stream_mock.rs	build	tokio-test/src/stream_mock.rs	StreamMock
tokio-test/src/stream_mock.rs	default	tokio-test/src/stream_mock.rs	StreamMockBuilder
tokio-test/src/stream_mock.rs	default	tokio-test/src/stream_mock.rs	new
tokio-test/src/stream_mock.rs	drop	tokio-stream/src/stream_ext.rs	filter
tokio-test/src/stream_mock.rs	new	tokio-test/src/stream_mock.rs	default
tokio-test/src/stream_mock.rs	next	tokio-test/src/stream_mock.rs	Next
tokio-test/src/stream_mock.rs	poll_next	tokio-test/src/stream_mock.rs	next_action
tokio-test/src/stream_mock.rs	poll_next	tokio/src/io/ready.rs	Ready
tokio-test/src/stream_mock.rs	poll_next	tokio/src/time/instant.rs	now
tokio-test/src/stream_mock.rs	poll_next	tokio/src/time/sleep.rs	sleep_until
tokio-test/src/stream_mock.rs	wait	tokio-test/src/stream_mock.rs	Wait
tokio-test/src/task.rs	VTABLE	tokio-test/src/task.rs	new
tokio-test/src/task.rs	clone	tokio-test/src/task.rs	from_raw
tokio-test/src/task.rs	clone	tokio-test/src/task.rs	to_raw
tokio-test/src/task.rs	closure@3514	tokio-test/src/task.rs	poll
tokio-test/src/task.rs	closure@5074	tokio-test/src/task.rs	poll_next
tokio-test/src/task.rs	default	tokio-test/src/task.rs	new
tokio-test/src/task.rs	drop_waker	tokio-test/src/task.rs	from_raw
tokio-test/src/task.rs	enter	tokio-test/src/task.rs	enter
tokio-test/src/task.rs	enter	tokio-test/src/task.rs	waker
tokio-test/src/task.rs	from_raw	tokio/src/runtime/io/registration_set.rs	from_raw
tokio-test/src/task.rs	into_inner	tokio-test/src/task.rs	into_inner
tokio-test/src/task.rs	is_woken	tokio-test/src/task.rs	is_woken
tokio-test/src/task.rs	new	tokio-test/src/task.rs	MockTask
tokio-test/src/task.rs	new	tokio-test/src/task.rs	ThreadWaker
tokio-test/src/task.rs	new	tokio-test/src/task.rs	new
tokio-test/src/task.rs	new	tokio/src/loom/std/parking_lot.rs	new
tokio-test/src/task.rs	poll	tokio-test/src/task.rs	enter
tokio-test/src/task.rs	poll	tokio-test/src/task.rs	poll
tokio-test/src/task.rs	poll_next	tokio-test/src/task.rs	enter
tokio-test/src/task.rs	poll_next	tokio-test/src/task.rs	poll_next
tokio-test/src/task.rs	poll_until_idle	tokio-test/src/task.rs	is_woken
tokio-test/src/task.rs	poll_until_idle	tokio-test/src/task.rs	poll
tokio-test/src/task.rs	poll_until_idle	tokio/src/sync/mpsc/block.rs	is_ready
tokio-test/src/task.rs	spawn	tokio-test/src/task.rs	Spawn
tokio-test/src/task.rs	spawn	tokio-test/src/task.rs	new
tokio-test/src/task.rs	to_raw	tokio-test/src/task.rs	new
tokio-test/src/task.rs	wake	tokio-test/src/task.rs	from_raw
tokio-test/src/task.rs	wake	tokio/src/loom/std/parking_lot.rs	notify_one
tokio-test/src/task.rs	wake_by_ref	tokio-test/src/task.rs	from_raw
tokio-test/src/task.rs	waker	tokio-test/src/task.rs	from_raw
tokio-test/src/task.rs	waker	tokio-test/src/task.rs	to_raw
tokio-test/src/task.rs	waker_ref_count	tokio-test/src/task.rs	waker_ref_count
tokio-util/src/codec/any_delimiter_codec.rs	decode_eof	tokio-util/src/codec/any_delimiter_codec.rs	decode
tokio-util/src/codec/any_delimiter_codec.rs	default	tokio-util/src/codec/any_delimiter_codec.rs	new
tokio-util/src/codec/any_delimiter_codec.rs	from	tokio-util/src/codec/any_delimiter_codec.rs	Io
tokio-util/src/codec/any_delimiter_codec.rs	new	tokio-util/src/codec/any_delimiter_codec.rs	AnyDelimiterCodec
tokio-util/src/codec/any_delimiter_codec.rs	new_with_max_length	tokio-util/src/codec/any_delimiter_codec.rs	AnyDelimiterCodec
tokio-util/src/codec/any_delimiter_codec.rs	new_with_max_length	tokio-util/src/codec/any_delimiter_codec.rs	new
tokio-util/src/codec/bytes_codec.rs	new	tokio-util/src/codec/bytes_codec.rs	BytesCodec
tokio-util/src/codec/decoder.rs	decode_eof	tokio-util/src/codec/decoder.rs	decode
tokio-util/src/codec/decoder.rs	framed	tokio-util/src/codec/framed.rs	new
tokio-util/src/codec/framed.rs	fmt	tokio-util/src/codec/framed.rs	codec
tokio-util/src/codec/framed.rs	fmt	tokio-util/src/codec/framed.rs	get_ref
tokio-util/src/codec/framed.rs	from_parts	tokio-util/src/codec/framed_impl.rs	RWFrames
tokio-util/src/codec/framed.rs	into_parts	tokio-util/src/codec/framed.rs	FramedParts
tokio-util/src/codec/framed.rs	map_codec	tokio-util/src/codec/framed.rs	FramedParts
tokio-util/src/codec/framed.rs	map_codec	tokio-util/src/codec/framed.rs	from_parts
tokio-util/src/codec/framed.rs	map_codec	tokio-util/src/codec/framed.rs	into_parts
tokio-util/src/codec/framed.rs	new	tokio-util/src/codec/framed.rs	FramedParts
tokio-util/src/codec/framed.rs	new	tokio-util/src/codec/framed.rs	new
tokio-util/src/codec/framed.rs	poll_close	tokio-util/src/codec/framed.rs	poll_close
tokio-util/src/codec/framed.rs	poll_flush	tokio-util/src/codec/framed.rs	poll_flush
tokio-util/src/codec/framed.rs	poll_next	tokio-util/src/codec/framed.rs	poll_next
tokio-util/src/codec/framed.rs	poll_ready	tokio-util/src/codec/framed.rs	poll_ready
tokio-util/src/codec/framed.rs	start_send	tokio-util/src/codec/framed.rs	start_send
tokio-util/src/codec/framed.rs	with_capacity	tokio-util/src/codec/framed.rs	with_capacity
tokio-util/src/codec/framed.rs	with_capacity	tokio-util/src/codec/framed_impl.rs	RWFrames
tokio-util/src/codec/framed.rs	with_capacity	tokio-util/src/codec/framed_impl.rs	ReadFrame
tokio-util/src/codec/framed.rs	with_capacity	tokio-util/src/codec/framed_impl.rs	WriteFrame
tokio-util/src/codec/framed_impl.rs	poll_close	tokio/src/io/ready.rs	Ready
tokio-util/src/codec/framed_impl.rs	poll_flush	tokio-util/src/codec/framed_impl.rs	borrow_mut
tokio-util/src/codec/framed_impl.rs	poll_flush	tokio/src/io/ready.rs	Ready
tokio-util/src/codec/framed_impl.rs	poll_next	tokio-util/src/codec/framed_impl.rs	borrow_mut
tokio-util/src/codec/framed_impl.rs	poll_next	tokio-util/src/util/poll_buf.rs	poll_read_buf
tokio-util/src/codec/framed_impl.rs	poll_next	tokio/src/io/ready.rs	Ready
tokio-util/src/codec/framed_impl.rs	poll_ready	tokio-util/src/codec/framed_impl.rs	borrow
tokio-util/src/codec/framed_impl.rs	poll_ready	tokio-util/src/codec/framed_impl.rs	poll_flush
tokio-util/src/codec/framed_impl.rs	poll_ready	tokio/src/io/ready.rs	Ready
tokio-util/src/codec/framed_impl.rs	start_send	tokio-util/src/codec/framed_impl.rs	borrow_mut
tokio-util/src/codec/framed_read.rs	fmt	tokio-util/src/codec/framed_read.rs	decoder
tokio-util/src/codec/framed_read.rs	fmt	tokio-util/src/codec/framed_read.rs	get_ref
tokio-util/src/codec/framed_read.rs	fmt	tokio-util/src/codec/framed_read.rs	read_buffer
tokio-util/src/codec/framed_read.rs	into_parts	tokio-util/src/codec/framed.rs	FramedParts
tokio-util/src/codec/framed_read.rs	into_parts	tokio-util/src/codec/framed_read.rs	new
tokio-util/src/codec/framed_read.rs	poll_close	tokio-util/src/codec/framed_read.rs	poll_close
tokio-util/src/codec/framed_read.rs	poll_flush	tokio-util/src/codec/framed_read.rs	poll_flush
tokio-util/src/codec/framed_read.rs	poll_next	tokio-util/src/codec/framed_read.rs	poll_next
tokio-util/src/codec/framed_read.rs	poll_ready	tokio-util/src/codec/framed_read.rs	poll_ready
tokio-util/src/codec/framed_read.rs	start_send	tokio-util/src/codec/framed_read.rs	start_send
tokio-util/src/codec/framed_read.rs	with_capacity	tokio-util/src/codec/framed_impl.rs	ReadFrame
tokio-util/src/codec/framed_read.rs	with_capacity	tokio-util/src/codec/framed_read.rs	with_capacity
tokio-util/src/codec/framed_write.rs	fmt	tokio-util/src/codec/framed_write.rs	encoder
tokio-util/src/codec/framed_write.rs	fmt	tokio-util/src/codec/framed_write.rs	get_ref
tokio-util/src/codec/framed_write.rs	into_parts	tokio-util/src/codec/framed.rs	FramedParts
tokio-util/src/codec/framed_write.rs	into_parts	tokio-util/src/codec/framed_write.rs	new
tokio-util/src/codec/framed_write.rs	new	tokio-util/src/codec/framed_impl.rs	default
tokio-util/src/codec/framed_write.rs	poll_close	tokio-util/src/codec/framed_write.rs	poll_close
tokio-util/src/codec/framed_write.rs	poll_flush	tokio-util/src/codec/framed_write.rs	poll_flush
tokio-util/src/codec/framed_write.rs	poll_next	tokio-util/src/codec/framed_write.rs	poll_next
tokio-util/src/codec/framed_write.rs	poll_ready	tokio-util/src/codec/framed_write.rs	poll_ready
tokio-util/src/codec/framed_write.rs	start_send	tokio-util/src/codec/framed_write.rs	start_send
tokio-util/src/codec/framed_write.rs	with_capacity	tokio-util/src/codec/framed_impl.rs	WriteFrame
tokio-util/src/codec/framed_write.rs	with_capacity	tokio-util/src/codec/framed_write.rs	with_capacity
tokio-util/src/codec/length_delimited.rs	adjust_max_frame_len	tokio-util/src/codec/length_delimited.rs	max_allowed_frame_len
tokio-util/src/codec/length_delimited.rs	builder	tokio-util/src/codec/length_delimited.rs	new
tokio-util/src/codec/length_delimited.rs	closure@21403	tokio-util/src/codec/length_delimited.rs	new
tokio-util/src/codec/length_delimited.rs	decode	tokio-util/src/codec/length_delimited.rs	Data
tokio-util/src/codec/length_delimited.rs	decode	tokio-util/src/codec/length_delimited.rs	decode_data
tokio-util/src/codec/length_delimited.rs	decode	tokio-util/src/codec/length_delimited.rs	decode_head
tokio-util/src/codec/length_delimited.rs	decode	tokio-util/src/codec/length_delimited.rs	num_head_bytes
tokio-util/src/codec/length_delimited.rs	decode_head	tokio-util/src/codec/length_delimited.rs	LengthDelimitedCodecError
tokio-util/src/codec/length_delimited.rs	decode_head	tokio-util/src/codec/length_delimited.rs	get_num_skip
tokio-util/src/codec/length_delimited.rs	decode_head	tokio-util/src/codec/length_delimited.rs	new
tokio-util/src/codec/length_delimited.rs	decode_head	tokio-util/src/codec/length_delimited.rs	num_head_bytes
tokio-util/src/codec/length_delimited.rs	decode_head	tokio/src/io/read_buf.rs	advance
tokio-util/src/codec/length_delimited.rs	decode_head	tokio/src/time/instant.rs	checked_add
tokio-util/src/codec/length_delimited.rs	decode_head	tokio/src/time/instant.rs	checked_sub
tokio-util/src/codec/length_delimited.rs	default	tokio-util/src/codec/length_delimited.rs	new
tokio-util/src/codec/length_delimited.rs	encode	tokio-util/src/codec/encoder.rs	encode
tokio-util/src/codec/length_delimited.rs	encode	tokio-util/src/codec/length_delimited.rs	LengthDelimitedCodecError
tokio-util/src/codec/length_delimited.rs	encode	tokio-util/src/codec/length_delimited.rs	new
tokio-util/src/codec/length_delimited.rs	encode	tokio/src/time/instant.rs	checked_add
tokio-util/src/codec/length_delimited.rs	encode	tokio/src/time/instant.rs	checked_sub
tokio-util/src/codec/length_delimited.rs	length_field_type	tokio-util/src/codec/length_delimited.rs	length_field_length
tokio-util/src/codec/length_delimited.rs	max_allowed_frame_len	tokio-util/src/codec/length_delimited.rs	max_length_field_value
tokio-util/src/codec/length_delimited.rs	native_endian	tokio-util/src/codec/length_delimited.rs	big_endian
tokio-util/src/codec/length_delimited.rs	native_endian	tokio-util/src/codec/length_delimited.rs	little_endian
tokio-util/src/codec/length_delimited.rs	new	tokio-util/src/codec/length_delimited.rs	Builder
tokio-util/src/codec/length_delimited.rs	new	tokio-util/src/codec/length_delimited.rs	new
tokio-util/src/codec/length_delimited.rs	new_codec	tokio-util/src/codec/length_delimited.rs	LengthDelimitedCodec
tokio-util/src/codec/length_delimited.rs	new_codec	tokio-util/src/codec/length_delimited.rs	adjust_max_frame_len
tokio-util/src/codec/length_delimited.rs	new_framed	tokio-util/src/codec/framed.rs	new
tokio-util/src/codec/length_delimited.rs	new_framed	tokio-util/src/codec/length_delimited.rs	new_codec
tokio-util/src/codec/length_delimited.rs	new_read	tokio-util/src/codec/framed_read.rs	new
tokio-util/src/codec/length_delimited.rs	new_read	tokio-util/src/codec/length_delimited.rs	new_codec
tokio-util/src/codec/length_delimited.rs	new_write	tokio-util/src/codec/framed_write.rs	new
tokio-util/src/codec/length_delimited.rs	new_write	tokio-util/src/codec/length_delimited.rs	new_codec
tokio-util/src/codec/length_delimited.rs	set_max_frame_length	tokio-util/src/codec/length_delimited.rs	adjust_max_frame_len
tokio-util/src/codec/length_delimited.rs	set_max_frame_length	tokio-util/src/codec/length_delimited.rs	max_frame_length
tokio-util/src/codec/lines_codec.rs	closure@3438	tokio-util/src/codec/lines_codec.rs	new
tokio-util/src/codec/lines_codec.rs	decode	tokio-util/src/codec/lines_codec.rs	utf8
tokio-util/src/codec/lines_codec.rs	decode	tokio-util/src/codec/lines_codec.rs	without_carriage_return
tokio-util/src/codec/lines_codec.rs	decode	tokio-util/src/util/memchr.rs	memchr
tokio-util/src/codec/lines_codec.rs	decode_eof	tokio-util/src/codec/lines_codec.rs	decode
tokio-util/src/codec/lines_codec.rs	decode_eof	tokio-util/src/codec/lines_codec.rs	utf8
tokio-util/src/codec/lines_codec.rs	decode_eof	tokio-util/src/codec/lines_codec.rs	without_carriage_return
tokio-util/src/codec/lines_codec.rs	default	tokio-util/src/codec/lines_codec.rs	new
tokio-util/src/codec/lines_codec.rs	from	tokio-util/src/codec/lines_codec.rs	Io
tokio-util/src/codec/lines_codec.rs	new	tokio-util/src/codec/lines_codec.rs	LinesCodec
tokio-util/src/codec/lines_codec.rs	new_with_max_length	tokio-util/src/codec/lines_codec.rs	LinesCodec
tokio-util/src/codec/lines_codec.rs	new_with_max_length	tokio-util/src/codec/lines_codec.rs	new
tokio-util/src/codec/lines_codec.rs	utf8	tokio-util/src/codec/lines_codec.rs	new
tokio-util/src/codec/lines_codec.rs	without_carriage_return	tokio/src/util/linked_list.rs	last
tokio-util/src/compat.rs	as_raw_fd	tokio-util/src/compat.rs	as_raw_fd
tokio-util/src/compat.rs	as_raw_handle	tokio-util/src/compat.rs	as_raw_handle
tokio-util/src/compat.rs	compat	tokio-util/src/compat.rs	new
tokio-util/src/compat.rs	compat_write	tokio-util/src/compat.rs	new
tokio-util/src/compat.rs	consume	tokio/src/io/async_buf_read.rs	consume
tokio-util/src/compat.rs	poll_close	tokio-util/src/compat.rs	poll_shutdown
tokio-util/src/compat.rs	poll_complete	tokio/src/io/ready.rs	Ready
tokio-util/src/compat.rs	poll_fill_buf	tokio/src/io/async_buf_read.rs	poll_fill_buf
tokio-util/src/compat.rs	poll_flush	tokio/src/io/async_write.rs	poll_flush
tokio-util/src/compat.rs	poll_read	tokio/src/io/read_buf.rs	advance
tokio-util/src/compat.rs	poll_read	tokio/src/io/read_buf.rs	initialize_unfilled
tokio-util/src/compat.rs	poll_read	tokio/src/io/read_buf.rs	new
tokio-util/src/compat.rs	poll_read	tokio/src/io/ready.rs	Ready
tokio-util/src/compat.rs	poll_seek	tokio-util/src/compat.rs	start_seek
tokio-util/src/compat.rs	poll_seek	tokio/src/io/ready.rs	Ready
tokio-util/src/compat.rs	poll_shutdown	tokio-util/src/compat.rs	poll_close
tokio-util/src/compat.rs	poll_write	tokio/src/io/async_write.rs	poll_write
tokio-util/src/context.rs	poll	tokio-util/src/context.rs	poll
tokio-util/src/context.rs	wrap	tokio/src/runtime/runtime.rs	handle
tokio-util/src/either.rs	consume	tokio-util/src/either.rs	consume
tokio-util/src/either.rs	consume	tokio/src/sync/once_cell.rs	get_unchecked_mut
tokio-util/src/either.rs	either_is_async_read	tokio-util/src/either.rs	Right
tokio-util/src/either.rs	either_is_stream	tokio-stream/src/once.rs	once
tokio-util/src/either.rs	either_is_stream	tokio-util/src/either.rs	Left
tokio-util/src/either.rs	is_write_vectored	tokio-util/src/either.rs	is_write_vectored
tokio-util/src/either.rs	poll	tokio-util/src/either.rs	poll
tokio-util/src/either.rs	poll	tokio/src/sync/once_cell.rs	get_unchecked_mut
tokio-util/src/either.rs	poll_close	tokio-util/src/either.rs	poll_close
tokio-util/src/either.rs	poll_close	tokio/src/sync/once_cell.rs	get_unchecked_mut
tokio-util/src/either.rs	poll_complete	tokio-util/src/either.rs	poll_complete
tokio-util/src/either.rs	poll_complete	tokio/src/sync/once_cell.rs	get_unchecked_mut
tokio-util/src/either.rs	poll_fill_buf	tokio-util/src/either.rs	poll_fill_buf
tokio-util/src/either.rs	poll_fill_buf	tokio/src/sync/once_cell.rs	get_unchecked_mut
tokio-util/src/either.rs	poll_flush	tokio-util/src/either.rs	poll_flush
tokio-util/src/either.rs	poll_flush	tokio/src/sync/once_cell.rs	get_unchecked_mut
tokio-util/src/either.rs	poll_next	tokio-util/src/either.rs	poll_next
tokio-util/src/either.rs	poll_next	tokio/src/sync/once_cell.rs	get_unchecked_mut
tokio-util/src/either.rs	poll_read	tokio-util/src/either.rs	poll_read
tokio-util/src/either.rs	poll_read	tokio/src/sync/once_cell.rs	get_unchecked_mut
tokio-util/src/either.rs	poll_ready	tokio-util/src/either.rs	poll_ready
tokio-util/src/either.rs	poll_ready	tokio/src/sync/once_cell.rs	get_unchecked_mut
tokio-util/src/either.rs	poll_shutdown	tokio-util/src/either.rs	poll_shutdown
tokio-util/src/either.rs	poll_shutdown	tokio/src/sync/once_cell.rs	get_unchecked_mut
tokio-util/src/either.rs	poll_write	tokio-util/src/either.rs	poll_write
tokio-util/src/either.rs	poll_write	tokio/src/sync/once_cell.rs	get_unchecked_mut
tokio-util/src/either.rs	poll_write_vectored	tokio-util/src/either.rs	poll_write_vectored
tokio-util/src/either.rs	poll_write_vectored	tokio/src/sync/once_cell.rs	get_unchecked_mut
tokio-util/src/either.rs	start_seek	tokio-util/src/either.rs	start_seek
tokio-util/src/either.rs	start_seek	tokio/src/sync/once_cell.rs	get_unchecked_mut
tokio-util/src/either.rs	start_send	tokio-util/src/either.rs	start_send
tokio-util/src/either.rs	start_send	tokio/src/sync/once_cell.rs	get_unchecked_mut
tokio-util/src/future.rs	with_cancellation_token	tokio-util/src/future/with_cancellation_token.rs	new
tokio-util/src/future.rs	with_cancellation_token_owned	tokio-util/src/future/with_cancellation_token.rs	new
tokio-util/src/future/with_cancellation_token.rs	closure@1058	tokio-util/src/sync/cancellation_token.rs	new
tokio-util/src/future/with_cancellation_token.rs	closure@2358	tokio-util/src/sync/cancellation_token.rs	new
tokio-util/src/future/with_cancellation_token.rs	new	tokio-util/src/sync/cancellation_token.rs	is_cancelled
tokio-util/src/future/with_cancellation_token.rs	new	tokio-util/src/sync/cancellation_token.rs	new
tokio-util/src/future/with_cancellation_token.rs	poll	tokio-util/src/future/with_cancellation_token.rs	poll
tokio-util/src/future/with_cancellation_token.rs	poll	tokio/src/io/ready.rs	Ready
tokio-util/src/io/copy_to_bytes.rs	poll_close	tokio-util/src/io/copy_to_bytes.rs	poll_close
tokio-util/src/io/copy_to_bytes.rs	poll_flush	tokio-util/src/io/copy_to_bytes.rs	poll_flush
tokio-util/src/io/copy_to_bytes.rs	poll_next	tokio-util/src/io/copy_to_bytes.rs	poll_next
tokio-util/src/io/copy_to_bytes.rs	poll_ready	tokio-util/src/io/copy_to_bytes.rs	poll_ready
tokio-util/src/io/copy_to_bytes.rs	start_send	tokio-util/src/io/copy_to_bytes.rs	start_send
tokio-util/src/io/inspect.rs	is_write_vectored	tokio-util/src/io/inspect.rs	is_write_vectored
tokio-util/src/io/inspect.rs	poll_flush	tokio-util/src/io/inspect.rs	poll_flush
tokio-util/src/io/inspect.rs	poll_read	tokio-util/src/io/inspect.rs	poll_read
tokio-util/src/io/inspect.rs	poll_read	tokio/src/io/read_buf.rs	filled
tokio-util/src/io/inspect.rs	poll_read	tokio/src/io/ready.rs	Ready
tokio-util/src/io/inspect.rs	poll_shutdown	tokio-util/src/io/inspect.rs	poll_shutdown
tokio-util/src/io/inspect.rs	poll_write	tokio-util/src/io/inspect.rs	poll_write
tokio-util/src/io/inspect.rs	poll_write_vectored	tokio-util/src/io/inspect.rs	poll_write_vectored
tokio-util/src/io/read_arc.rs	closure@925	tokio/src/io/read_buf.rs	uninit
tokio-util/src/io/read_arc.rs	read_exact_arc	tokio/src/io/read_buf.rs	uninit
tokio-util/src/io/read_arc.rs	read_exact_arc	tokio/src/runtime/io/registration_set.rs	from_raw
tokio-util/src/io/read_buf.rs	closure@1178	tokio-util/src/util/poll_buf.rs	poll_read_buf
tokio-util/src/io/read_buf.rs	read_buf	tokio-util/src/util/poll_buf.rs	poll_read_buf
tokio-util/src/io/reader_stream.rs	new	tokio-util/src/io/reader_stream.rs	new
tokio-util/src/io/reader_stream.rs	poll_next	tokio-util/src/util/poll_buf.rs	poll_read_buf
tokio-util/src/io/reader_stream.rs	poll_next	tokio/src/io/ready.rs	Ready
tokio-util/src/io/reader_stream.rs	with_capacity	tokio-util/src/io/reader_stream.rs	with_capacity
tokio-util/src/io/simplex.rs	close_receiver	tokio-util/src/io/simplex.rs	take_sender_waker
tokio-util/src/io/simplex.rs	close_sender	tokio-util/src/io/simplex.rs	take_receiver_waker
tokio-util/src/io/simplex.rs	drop	tokio-util/src/io/simplex.rs	close_receiver
tokio-util/src/io/simplex.rs	drop	tokio-util/src/io/simplex.rs	close_sender
tokio-util/src/io/simplex.rs	new	tokio-util/src/io/simplex.rs	Receiver
tokio-util/src/io/simplex.rs	new	tokio-util/src/io/simplex.rs	Sender
tokio-util/src/io/simplex.rs	new	tokio-util/src/io/simplex.rs	new
tokio-util/src/io/simplex.rs	new	tokio-util/src/io/simplex.rs	with_capacity
tokio-util/src/io/simplex.rs	poll_flush	tokio-util/src/io/simplex.rs	is_closed
tokio-util/src/io/simplex.rs	poll_flush	tokio-util/src/io/simplex.rs	new
tokio-util/src/io/simplex.rs	poll_flush	tokio/src/io/ready.rs	Ready
tokio-util/src/io/simplex.rs	poll_read	tokio-util/src/io/simplex.rs	drop
tokio-util/src/io/simplex.rs	poll_read	tokio-util/src/io/simplex.rs	is_closed
tokio-util/src/io/simplex.rs	poll_read	tokio-util/src/io/simplex.rs	register_receiver_waker
tokio-util/src/io/simplex.rs	poll_read	tokio-util/src/io/simplex.rs	take_sender_waker
tokio-util/src/io/simplex.rs	poll_read	tokio/src/io/read_buf.rs	advance
tokio-util/src/io/simplex.rs	poll_read	tokio/src/io/read_buf.rs	put_slice
tokio-util/src/io/simplex.rs	poll_read	tokio/src/io/read_buf.rs	remaining
tokio-util/src/io/simplex.rs	poll_read	tokio/src/io/ready.rs	Ready
tokio-util/src/io/simplex.rs	poll_shutdown	tokio-util/src/io/simplex.rs	close_sender
tokio-util/src/io/simplex.rs	poll_shutdown	tokio/src/io/ready.rs	Ready
tokio-util/src/io/simplex.rs	poll_write	tokio-util/src/io/simplex.rs	drop
tokio-util/src/io/simplex.rs	poll_write	tokio-util/src/io/simplex.rs	is_closed
tokio-util/src/io/simplex.rs	poll_write	tokio-util/src/io/simplex.rs	new
tokio-util/src/io/simplex.rs	poll_write	tokio-util/src/io/simplex.rs	register_sender_waker
tokio-util/src/io/simplex.rs	poll_write	tokio-util/src/io/simplex.rs	take_receiver_waker
tokio-util/src/io/simplex.rs	poll_write	tokio/src/io/ready.rs	Ready
tokio-util/src/io/simplex.rs	poll_write	tokio/src/time/instant.rs	checked_sub
tokio-util/src/io/simplex.rs	poll_write_vectored	tokio-stream/src/stream_ext.rs	all
tokio-util/src/io/simplex.rs	poll_write_vectored	tokio-util/src/io/simplex.rs	drop
tokio-util/src/io/simplex.rs	poll_write_vectored	tokio-util/src/io/simplex.rs	is_closed
tokio-util/src/io/simplex.rs	poll_write_vectored	tokio-util/src/io/simplex.rs	new
tokio-util/src/io/simplex.rs	poll_write_vectored	tokio-util/src/io/simplex.rs	register_sender_waker
tokio-util/src/io/simplex.rs	poll_write_vectored	tokio-util/src/io/simplex.rs	take_receiver_waker
tokio-util/src/io/simplex.rs	poll_write_vectored	tokio/src/io/ready.rs	Ready
tokio-util/src/io/simplex.rs	poll_write_vectored	tokio/src/time/instant.rs	checked_sub
tokio-util/src/io/simplex.rs	with_capacity	tokio-util/src/io/simplex.rs	with_capacity
tokio-util/src/io/sink_writer.rs	poll_flush	tokio-util/src/io/sink_writer.rs	poll_flush
tokio-util/src/io/sink_writer.rs	poll_next	tokio-util/src/io/sink_writer.rs	poll_next
tokio-util/src/io/sink_writer.rs	poll_read	tokio-util/src/io/sink_writer.rs	poll_read
tokio-util/src/io/sink_writer.rs	poll_write	tokio/src/io/ready.rs	Ready
tokio-util/src/io/stream_reader.rs	consume	tokio-util/src/io/stream_reader.rs	project
tokio-util/src/io/stream_reader.rs	consume	tokio/src/io/read_buf.rs	advance
tokio-util/src/io/stream_reader.rs	get_pin_mut	tokio-util/src/io/stream_reader.rs	project
tokio-util/src/io/stream_reader.rs	has_chunk	tokio/src/io/read_buf.rs	remaining
tokio-util/src/io/stream_reader.rs	into_inner_with_chunk	tokio-util/src/io/stream_reader.rs	has_chunk
tokio-util/src/io/stream_reader.rs	poll_close	tokio-util/src/io/stream_reader.rs	poll_close
tokio-util/src/io/stream_reader.rs	poll_close	tokio-util/src/io/stream_reader.rs	project
tokio-util/src/io/stream_reader.rs	poll_fill_buf	tokio-util/src/io/stream_reader.rs	has_chunk
tokio-util/src/io/stream_reader.rs	poll_fill_buf	tokio-util/src/io/stream_reader.rs	project
tokio-util/src/io/stream_reader.rs	poll_fill_buf	tokio/src/io/ready.rs	Ready
tokio-util/src/io/stream_reader.rs	poll_flush	tokio-util/src/io/stream_reader.rs	poll_flush
tokio-util/src/io/stream_reader.rs	poll_flush	tokio-util/src/io/stream_reader.rs	project
tokio-util/src/io/stream_reader.rs	poll_read	tokio-util/src/io/stream_reader.rs	consume
tokio-util/src/io/stream_reader.rs	poll_read	tokio-util/src/io/stream_reader.rs	poll_fill_buf
tokio-util/src/io/stream_reader.rs	poll_read	tokio/src/io/read_buf.rs	put_slice
tokio-util/src/io/stream_reader.rs	poll_read	tokio/src/io/read_buf.rs	remaining
tokio-util/src/io/stream_reader.rs	poll_read	tokio/src/io/ready.rs	Ready
tokio-util/src/io/stream_reader.rs	poll_ready	tokio-util/src/io/stream_reader.rs	poll_ready
tokio-util/src/io/stream_reader.rs	poll_ready	tokio-util/src/io/stream_reader.rs	project
tokio-util/src/io/stream_reader.rs	project	tokio-util/src/io/stream_reader.rs	StreamReaderProject
tokio-util/src/io/stream_reader.rs	start_send	tokio-util/src/io/stream_reader.rs	project
tokio-util/src/io/stream_reader.rs	start_send	tokio-util/src/io/stream_reader.rs	start_send
tokio-util/src/io/sync_bridge.rs	consume	tokio-util/src/io/sync_bridge.rs	consume
tokio-util/src/io/sync_bridge.rs	fill_buf	tokio-util/src/io/sync_bridge.rs	fill_buf
tokio-util/src/io/sync_bridge.rs	fill_buf	tokio/src/runtime/handle.rs	block_on
tokio-util/src/io/sync_bridge.rs	flush	tokio-util/src/io/sync_bridge.rs	flush
tokio-util/src/io/sync_bridge.rs	flush	tokio/src/runtime/handle.rs	block_on
tokio-util/src/io/sync_bridge.rs	is_write_vectored	tokio/src/io/async_write.rs	is_write_vectored
tokio-util/src/io/sync_bridge.rs	new	tokio-util/src/io/sync_bridge.rs	new_with_handle
tokio-util/src/io/sync_bridge.rs	new	tokio/src/runtime/handle.rs	current
tokio-util/src/io/sync_bridge.rs	read	tokio-util/src/io/sync_bridge.rs	read
tokio-util/src/io/sync_bridge.rs	read	tokio/src/runtime/handle.rs	block_on
tokio-util/src/io/sync_bridge.rs	read_exact	tokio-util/src/io/sync_bridge.rs	read_exact
tokio-util/src/io/sync_bridge.rs	read_exact	tokio/src/runtime/handle.rs	block_on
tokio-util/src/io/sync_bridge.rs	read_line	tokio-util/src/io/sync_bridge.rs	read_line
tokio-util/src/io/sync_bridge.rs	read_line	tokio/src/runtime/handle.rs	block_on
tokio-util/src/io/sync_bridge.rs	read_to_end	tokio-util/src/io/sync_bridge.rs	read_to_end
tokio-util/src/io/sync_bridge.rs	read_to_end	tokio/src/runtime/handle.rs	block_on
tokio-util/src/io/sync_bridge.rs	read_to_string	tokio-util/src/io/sync_bridge.rs	read_to_string
tokio-util/src/io/sync_bridge.rs	read_to_string	tokio/src/runtime/handle.rs	block_on
tokio-util/src/io/sync_bridge.rs	read_until	tokio-util/src/io/sync_bridge.rs	read_until
tokio-util/src/io/sync_bridge.rs	read_until	tokio/src/runtime/handle.rs	block_on
tokio-util/src/io/sync_bridge.rs	seek	tokio-util/src/io/sync_bridge.rs	seek
tokio-util/src/io/sync_bridge.rs	seek	tokio/src/runtime/handle.rs	block_on
tokio-util/src/io/sync_bridge.rs	shutdown	tokio-util/src/io/sync_bridge.rs	shutdown
tokio-util/src/io/sync_bridge.rs	shutdown	tokio/src/runtime/handle.rs	block_on
tokio-util/src/io/sync_bridge.rs	write	tokio-util/src/io/sync_bridge.rs	write
tokio-util/src/io/sync_bridge.rs	write	tokio/src/runtime/handle.rs	block_on
tokio-util/src/io/sync_bridge.rs	write_all	tokio-util/src/io/sync_bridge.rs	write_all
tokio-util/src/io/sync_bridge.rs	write_all	tokio/src/runtime/handle.rs	block_on
tokio-util/src/io/sync_bridge.rs	write_vectored	tokio-util/src/io/sync_bridge.rs	write_vectored
tokio-util/src/io/sync_bridge.rs	write_vectored	tokio/src/runtime/handle.rs	block_on
tokio-util/src/io/write_all_vectored.rs	advance_slices	tokio/src/time/instant.rs	checked_sub
tokio-util/src/io/write_all_vectored.rs	poll	tokio-util/src/io/write_all_vectored.rs	advance_slices
tokio-util/src/io/write_all_vectored.rs	poll	tokio/src/io/ready.rs	Ready
tokio-util/src/net/mod.rs	accept	tokio-util/src/either.rs	Left
tokio-util/src/net/mod.rs	accept	tokio-util/src/either.rs	Right
tokio-util/src/net/mod.rs	accept	tokio-util/src/net/mod.rs	ListenerAcceptFut
tokio-util/src/net/mod.rs	accept	tokio-util/src/net/mod.rs	accept
tokio-util/src/net/mod.rs	local_addr	tokio-util/src/either.rs	Left
tokio-util/src/net/mod.rs	local_addr	tokio-util/src/either.rs	Right
tokio-util/src/net/mod.rs	local_addr	tokio-util/src/net/mod.rs	local_addr
tokio-util/src/net/mod.rs	local_addr	tokio/src/net/tcp/listener.rs	local_addr
tokio-util/src/net/mod.rs	poll_accept	tokio-util/src/net/mod.rs	poll_accept
tokio-util/src/net/unix/mod.rs	local_addr	tokio/src/net/unix/listener.rs	local_addr
tokio-util/src/net/unix/mod.rs	poll_accept	tokio-util/src/net/unix/mod.rs	poll_accept
tokio-util/src/sync/cancellation_token.rs	cancel	tokio-util/src/sync/cancellation_token/tree_node.rs	cancel
tokio-util/src/sync/cancellation_token.rs	cancelled_owned	tokio-util/src/sync/cancellation_token.rs	new
tokio-util/src/sync/cancellation_token.rs	child_token	tokio-util/src/sync/cancellation_token.rs	CancellationToken
tokio-util/src/sync/cancellation_token.rs	child_token	tokio-util/src/sync/cancellation_token/tree_node.rs	child_node
tokio-util/src/sync/cancellation_token.rs	clone	tokio-util/src/sync/cancellation_token.rs	CancellationToken
tokio-util/src/sync/cancellation_token.rs	clone	tokio-util/src/sync/cancellation_token/tree_node.rs	increase_handle_refcount
tokio-util/src/sync/cancellation_token.rs	default	tokio-util/src/sync/cancellation_token.rs	new
tokio-util/src/sync/cancellation_token.rs	drop	tokio-util/src/sync/cancellation_token/tree_node.rs	decrease_handle_refcount
tokio-util/src/sync/cancellation_token.rs	drop_guard	tokio-util/src/sync/cancellation_token/guard.rs	DropGuard
tokio-util/src/sync/cancellation_token.rs	drop_guard_ref	tokio-util/src/sync/cancellation_token/guard_ref.rs	DropGuardRef
tokio-util/src/sync/cancellation_token.rs	fmt	tokio-util/src/sync/cancellation_token.rs	is_cancelled
tokio-util/src/sync/cancellation_token.rs	hash	tokio-util/src/sync/cancellation_token.rs	hash
tokio-util/src/sync/cancellation_token.rs	is_cancelled	tokio-util/src/sync/cancellation_token/tree_node.rs	is_cancelled
tokio-util/src/sync/cancellation_token.rs	new	tokio-util/src/sync/cancellation_token.rs	CancellationToken
tokio-util/src/sync/cancellation_token.rs	new	tokio-util/src/sync/cancellation_token.rs	cancelled
tokio-util/src/sync/cancellation_token.rs	new	tokio-util/src/sync/cancellation_token.rs	cancelled_owned
tokio-util/src/sync/cancellation_token.rs	new	tokio-util/src/sync/cancellation_token.rs	new
tokio-util/src/sync/cancellation_token.rs	new	tokio-util/src/sync/cancellation_token.rs	new_future
tokio-util/src/sync/cancellation_token.rs	new	tokio-util/src/sync/cancellation_token/tree_node.rs	new
tokio-util/src/sync/cancellation_token.rs	new	tokio-util/src/util/maybe_dangling.rs	new
tokio-util/src/sync/cancellation_token.rs	poll	tokio-util/src/sync/cancellation_token.rs	is_cancelled
tokio-util/src/sync/cancellation_token.rs	poll	tokio-util/src/sync/cancellation_token.rs	new_future
tokio-util/src/sync/cancellation_token.rs	poll	tokio-util/src/sync/cancellation_token.rs	poll
tokio-util/src/sync/cancellation_token.rs	poll	tokio-util/src/util/maybe_dangling.rs	new
tokio-util/src/sync/cancellation_token.rs	poll	tokio/src/io/ready.rs	Ready
tokio-util/src/sync/cancellation_token.rs	poll	tokio/src/runtime/time/entry.rs	is_pending
tokio-util/src/sync/cancellation_token.rs	poll	tokio/src/sync/mpsc/block.rs	is_ready
tokio-util/src/sync/cancellation_token.rs	run_until_cancelled	tokio-util/src/sync/cancellation_token.rs	cancelled
tokio-util/src/sync/cancellation_token.rs	run_until_cancelled	tokio-util/src/sync/cancellation_token.rs	is_cancelled
tokio-util/src/sync/cancellation_token.rs	run_until_cancelled_owned	tokio-util/src/sync/cancellation_token.rs	run_until_cancelled
tokio-util/src/sync/cancellation_token/tree_node.rs	cancel	tokio-util/src/sync/cancellation_token/tree_node.rs	new
tokio-util/src/sync/cancellation_token/tree_node.rs	child_node	tokio-util/src/sync/cancellation_token/tree_node.rs	Inner
tokio-util/src/sync/cancellation_token/tree_node.rs	child_node	tokio-util/src/sync/cancellation_token/tree_node.rs	TreeNode
tokio-util/src/sync/cancellation_token/tree_node.rs	child_node	tokio-util/src/sync/cancellation_token/tree_node.rs	new
tokio-util/src/sync/cancellation_token/tree_node.rs	child_node	tokio/src/sync/notify.rs	new
tokio-util/src/sync/cancellation_token/tree_node.rs	closure@10362	tokio-util/src/sync/cancellation_token/tree_node.rs	disconnect_children
tokio-util/src/sync/cancellation_token/tree_node.rs	closure@10362	tokio-util/src/sync/cancellation_token/tree_node.rs	move_children_to_parent
tokio-util/src/sync/cancellation_token/tree_node.rs	closure@10362	tokio-util/src/sync/cancellation_token/tree_node.rs	remove_child
tokio-util/src/sync/cancellation_token/tree_node.rs	decrease_handle_refcount	tokio-util/src/sync/cancellation_token/tree_node.rs	disconnect_children
tokio-util/src/sync/cancellation_token/tree_node.rs	decrease_handle_refcount	tokio-util/src/sync/cancellation_token/tree_node.rs	move_children_to_parent
tokio-util/src/sync/cancellation_token/tree_node.rs	decrease_handle_refcount	tokio-util/src/sync/cancellation_token/tree_node.rs	remove_child
tokio-util/src/sync/cancellation_token/tree_node.rs	decrease_handle_refcount	tokio-util/src/sync/cancellation_token/tree_node.rs	with_locked_node_and_parent
tokio-util/src/sync/cancellation_token/tree_node.rs	new	tokio-util/src/sync/cancellation_token/tree_node.rs	Inner
tokio-util/src/sync/cancellation_token/tree_node.rs	new	tokio-util/src/sync/cancellation_token/tree_node.rs	new
tokio-util/src/sync/cancellation_token/tree_node.rs	new	tokio/src/sync/notify.rs	new
tokio-util/src/sync/cancellation_token/tree_node.rs	notified	tokio/src/sync/notify.rs	notified
tokio-util/src/sync/mpsc.rs	abort_send	tokio-util/src/sync/mpsc.rs	Idle
tokio-util/src/sync/mpsc.rs	abort_send	tokio-util/src/sync/mpsc.rs	set
tokio-util/src/sync/mpsc.rs	abort_send	tokio-util/src/sync/mpsc.rs	take_state
tokio-util/src/sync/mpsc.rs	clone	tokio-util/src/sync/mpsc.rs	Idle
tokio-util/src/sync/mpsc.rs	clone	tokio-util/src/sync/mpsc.rs	clone
tokio-util/src/sync/mpsc.rs	clone	tokio-util/src/sync/mpsc.rs	empty
tokio-util/src/sync/mpsc.rs	close	tokio-util/src/sync/mpsc.rs	set
tokio-util/src/sync/mpsc.rs	closure@1773	tokio-util/src/sync/mpsc.rs	PollSendError
tokio-util/src/sync/mpsc.rs	empty	tokio-util/src/sync/mpsc.rs	new
tokio-util/src/sync/mpsc.rs	make_acquire_future	tokio-util/src/sync/mpsc.rs	PollSendError
tokio-util/src/sync/mpsc.rs	make_acquire_future	tokio/src/sync/mpsc/bounded.rs	reserve_owned
tokio-util/src/sync/mpsc.rs	new	tokio-util/src/sync/mpsc.rs	Idle
tokio-util/src/sync/mpsc.rs	new	tokio-util/src/sync/mpsc.rs	make_acquire_future
tokio-util/src/sync/mpsc.rs	new	tokio-util/src/sync/mpsc.rs	new
tokio-util/src/sync/mpsc.rs	poll	tokio-util/src/sync/mpsc.rs	poll
tokio-util/src/sync/mpsc.rs	poll_close	tokio-util/src/sync/mpsc.rs	close
tokio-util/src/sync/mpsc.rs	poll_close	tokio-util/src/sync/mpsc.rs	into_inner
tokio-util/src/sync/mpsc.rs	poll_close	tokio/src/io/ready.rs	Ready
tokio-util/src/sync/mpsc.rs	poll_flush	tokio/src/io/ready.rs	Ready
tokio-util/src/sync/mpsc.rs	poll_ready	tokio-util/src/sync/mpsc.rs	into_inner
tokio-util/src/sync/mpsc.rs	poll_ready	tokio-util/src/sync/mpsc.rs	poll_reserve
tokio-util/src/sync/mpsc.rs	poll_reserve	tokio-util/src/sync/mpsc.rs	PollSendError
tokio-util/src/sync/mpsc.rs	poll_reserve	tokio-util/src/sync/mpsc.rs	ReadyToSend
tokio-util/src/sync/mpsc.rs	poll_reserve	tokio-util/src/sync/mpsc.rs	poll
tokio-util/src/sync/mpsc.rs	poll_reserve	tokio-util/src/sync/mpsc.rs	set
tokio-util/src/sync/mpsc.rs	poll_reserve	tokio-util/src/sync/mpsc.rs	take_state
tokio-util/src/sync/mpsc.rs	poll_reserve	tokio/src/io/ready.rs	Ready
tokio-util/src/sync/mpsc.rs	send_item	tokio-util/src/sync/mpsc.rs	Idle
tokio-util/src/sync/mpsc.rs	send_item	tokio-util/src/sync/mpsc.rs	PollSendError
tokio-util/src/sync/mpsc.rs	send_item	tokio-util/src/sync/mpsc.rs	take_state
tokio-util/src/sync/mpsc.rs	set	tokio-util/src/sync/mpsc.rs	make_acquire_future
tokio-util/src/sync/mpsc.rs	set	tokio-util/src/sync/mpsc.rs	set
tokio-util/src/sync/mpsc.rs	start_send	tokio-util/src/sync/mpsc.rs	into_inner
tokio-util/src/sync/mpsc.rs	start_send	tokio-util/src/sync/mpsc.rs	send_item
tokio-util/src/sync/poll_semaphore.rs	clone	tokio-util/src/sync/poll_semaphore.rs	clone_inner
tokio-util/src/sync/poll_semaphore.rs	clone	tokio-util/src/sync/poll_semaphore.rs	new
tokio-util/src/sync/poll_semaphore.rs	poll_acquire	tokio-util/src/sync/poll_semaphore.rs	poll_acquire_many
tokio-util/src/sync/poll_semaphore.rs	poll_acquire_many	tokio-util/src/sync/poll_semaphore.rs	clone
tokio-util/src/sync/poll_semaphore.rs	poll_acquire_many	tokio-util/src/sync/poll_semaphore.rs	new
tokio-util/src/sync/poll_semaphore.rs	poll_acquire_many	tokio/src/io/ready.rs	Ready
tokio-util/src/sync/poll_semaphore.rs	poll_acquire_many	tokio/src/sync/semaphore.rs	acquire_many_owned
tokio-util/src/sync/poll_semaphore.rs	poll_acquire_many	tokio/src/sync/semaphore.rs	try_acquire_many_owned
tokio-util/src/sync/poll_semaphore.rs	poll_next	tokio-util/src/sync/poll_semaphore.rs	into_inner
tokio-util/src/sync/poll_semaphore.rs	poll_next	tokio-util/src/sync/poll_semaphore.rs	poll_acquire
tokio-util/src/sync/reusable_box.rs	call	tokio-util/src/sync/reusable_box.rs	new
tokio-util/src/sync/reusable_box.rs	closure@4022	tokio/src/process/windows.rs	callback
tokio-util/src/sync/reusable_box.rs	new	tokio-util/src/sync/reusable_box.rs	new
tokio-util/src/sync/reusable_box.rs	poll	tokio-util/src/sync/reusable_box.rs	get_pin
tokio-util/src/sync/reusable_box.rs	poll	tokio-util/src/sync/reusable_box.rs	poll
tokio-util/src/sync/reusable_box.rs	real_try_set	tokio-util/src/sync/reusable_box.rs	reuse_pin_box
tokio-util/src/sync/reusable_box.rs	reuse_pin_box	tokio-util/src/sync/reusable_box.rs	new
tokio-util/src/sync/reusable_box.rs	reuse_pin_box	tokio/src/process/windows.rs	callback
tokio-util/src/sync/reusable_box.rs	set	tokio-util/src/sync/reusable_box.rs	new
tokio-util/src/sync/reusable_box.rs	try_set	tokio-util/src/sync/reusable_box.rs	real_try_set
tokio-util/src/sync/tests/loom_cancellation_token.rs	cancel_parent_and_child	tokio-util/src/sync/cancellation_token.rs	child_token
tokio-util/src/sync/tests/loom_cancellation_token.rs	cancel_parent_and_child	tokio-util/src/sync/cancellation_token.rs	new
tokio-util/src/sync/tests/loom_cancellation_token.rs	cancel_token	tokio-util/src/sync/cancellation_token.rs	new
tokio-util/src/sync/tests/loom_cancellation_token.rs	cancel_token_owned	tokio-util/src/sync/cancellation_token.rs	cancelled_owned
tokio-util/src/sync/tests/loom_cancellation_token.rs	cancel_token_owned	tokio-util/src/sync/cancellation_token.rs	new
tokio-util/src/sync/tests/loom_cancellation_token.rs	cancel_with_child	tokio-util/src/sync/cancellation_token.rs	child_token
tokio-util/src/sync/tests/loom_cancellation_token.rs	cancel_with_child	tokio-util/src/sync/cancellation_token.rs	new
tokio-util/src/sync/tests/loom_cancellation_token.rs	closure@1028	tokio-util/src/sync/cancellation_token.rs	child_token
tokio-util/src/sync/tests/loom_cancellation_token.rs	closure@1028	tokio-util/src/sync/cancellation_token.rs	new
tokio-util/src/sync/tests/loom_cancellation_token.rs	closure@147	tokio-util/src/sync/cancellation_token.rs	new
tokio-util/src/sync/tests/loom_cancellation_token.rs	closure@1730	tokio-util/src/sync/cancellation_token.rs	new
tokio-util/src/sync/tests/loom_cancellation_token.rs	closure@2402	tokio-util/src/sync/cancellation_token.rs	child_token
tokio-util/src/sync/tests/loom_cancellation_token.rs	closure@2402	tokio-util/src/sync/cancellation_token.rs	new
tokio-util/src/sync/tests/loom_cancellation_token.rs	closure@3111	tokio-util/src/sync/cancellation_token.rs	child_token
tokio-util/src/sync/tests/loom_cancellation_token.rs	closure@3111	tokio-util/src/sync/cancellation_token.rs	new
tokio-util/src/sync/tests/loom_cancellation_token.rs	closure@3805	tokio-util/src/sync/cancellation_token.rs	child_token
tokio-util/src/sync/tests/loom_cancellation_token.rs	closure@3805	tokio-util/src/sync/cancellation_token.rs	new
tokio-util/src/sync/tests/loom_cancellation_token.rs	closure@585	tokio-util/src/sync/cancellation_token.rs	new
tokio-util/src/sync/tests/loom_cancellation_token.rs	closure@705	tokio-util/src/sync/cancellation_token.rs	cancelled_owned
tokio-util/src/sync/tests/loom_cancellation_token.rs	drop_and_cancel_token	tokio-util/src/sync/cancellation_token.rs	child_token
tokio-util/src/sync/tests/loom_cancellation_token.rs	drop_and_cancel_token	tokio-util/src/sync/cancellation_token.rs	new
tokio-util/src/sync/tests/loom_cancellation_token.rs	drop_token_no_child	tokio-util/src/sync/cancellation_token.rs	new
tokio-util/src/sync/tests/loom_cancellation_token.rs	drop_token_with_children	tokio-util/src/sync/cancellation_token.rs	child_token
tokio-util/src/sync/tests/loom_cancellation_token.rs	drop_token_with_children	tokio-util/src/sync/cancellation_token.rs	new
tokio-util/src/task/abort_on_drop.rs	abort	tokio-util/src/task/abort_on_drop.rs	abort
tokio-util/src/task/abort_on_drop.rs	abort_handle	tokio-util/src/task/abort_on_drop.rs	abort_handle
tokio-util/src/task/abort_on_drop.rs	assert_debug	tokio-util/src/task/abort_on_drop.rs	is_debug
tokio-util/src/task/abort_on_drop.rs	detach	tokio-util/src/task/abort_on_drop.rs	new
tokio-util/src/task/abort_on_drop.rs	drop	tokio-util/src/task/abort_on_drop.rs	abort
tokio-util/src/task/abort_on_drop.rs	is_finished	tokio-util/src/task/abort_on_drop.rs	is_finished
tokio-util/src/task/abort_on_drop.rs	poll	tokio-util/src/task/abort_on_drop.rs	new
tokio-util/src/task/abort_on_drop.rs	poll	tokio-util/src/task/abort_on_drop.rs	poll
tokio-util/src/task/join_map.rs	abort	tokio-util/src/task/join_map.rs	abort
tokio-util/src/task/join_map.rs	abort	tokio-util/src/task/join_map.rs	get_by_key
tokio-util/src/task/join_map.rs	abort_all	tokio/src/task/join_set.rs	abort_all
tokio-util/src/task/join_map.rs	abort_matching	tokio-util/src/task/join_map.rs	abort
tokio-util/src/task/join_map.rs	contains_key	tokio-util/src/task/join_map.rs	get_by_key
tokio-util/src/task/join_map.rs	default	tokio-util/src/task/join_map.rs	new
tokio-util/src/task/join_map.rs	detach_all	tokio/src/task/join_set.rs	detach_all
tokio-util/src/task/join_map.rs	insert	tokio-util/src/task/join_map.rs	insert
tokio-util/src/task/join_map.rs	insert	tokio/src/runtime/task/abort.rs	abort
tokio-util/src/task/join_map.rs	insert	tokio/src/runtime/task/abort.rs	id
tokio-util/src/task/join_map.rs	join_next	tokio-util/src/task/join_map.rs	remove_by_id
tokio-util/src/task/join_map.rs	join_next	tokio/src/task/join_set.rs	join_next_with_id
tokio-util/src/task/join_map.rs	keys	tokio-util/src/task/join_map.rs	JoinMapKeys
tokio-util/src/task/join_map.rs	new	tokio-util/src/task/join_map.rs	new
tokio-util/src/task/join_map.rs	new	tokio-util/src/task/join_map.rs	with_hasher
tokio-util/src/task/join_map.rs	shutdown	tokio-util/src/task/join_map.rs	abort_all
tokio-util/src/task/join_map.rs	shutdown	tokio-util/src/task/join_map.rs	join_next
tokio-util/src/task/join_map.rs	size_hint	tokio-stream/src/iter.rs	size_hint
tokio-util/src/task/join_map.rs	spawn	tokio-util/src/task/join_map.rs	insert
tokio-util/src/task/join_map.rs	spawn	tokio/src/task/join_set.rs	spawn
tokio-util/src/task/join_map.rs	spawn_blocking	tokio-util/src/task/join_map.rs	insert
tokio-util/src/task/join_map.rs	spawn_blocking	tokio/src/task/join_set.rs	spawn_blocking
tokio-util/src/task/join_map.rs	spawn_blocking_on	tokio-util/src/task/join_map.rs	insert
tokio-util/src/task/join_map.rs	spawn_blocking_on	tokio/src/task/join_set.rs	spawn_blocking_on
tokio-util/src/task/join_map.rs	spawn_local	tokio-util/src/task/join_map.rs	insert
tokio-util/src/task/join_map.rs	spawn_local	tokio/src/task/join_set.rs	spawn_local
tokio-util/src/task/join_map.rs	spawn_local_on	tokio-util/src/task/join_map.rs	insert
tokio-util/src/task/join_map.rs	spawn_local_on	tokio/src/task/join_set.rs	spawn_local_on
tokio-util/src/task/join_map.rs	spawn_on	tokio-util/src/task/join_map.rs	insert
tokio-util/src/task/join_map.rs	spawn_on	tokio/src/task/join_set.rs	spawn_on
tokio-util/src/task/join_map.rs	try_join_next	tokio-util/src/task/join_map.rs	remove_by_id
tokio-util/src/task/join_map.rs	try_join_next	tokio/src/task/join_set.rs	try_join_next_with_id
tokio-util/src/task/join_map.rs	with_capacity	tokio-util/src/task/join_map.rs	default
tokio-util/src/task/join_map.rs	with_capacity	tokio-util/src/task/join_map.rs	with_capacity_and_hasher
tokio-util/src/task/join_map.rs	with_capacity_and_hasher	tokio-util/src/task/join_map.rs	with_capacity
tokio-util/src/task/join_map.rs	with_capacity_and_hasher	tokio-util/src/task/join_map.rs	with_capacity_and_hasher
tokio-util/src/task/join_map.rs	with_capacity_and_hasher	tokio/src/task/join_set.rs	new
tokio-util/src/task/join_map.rs	with_hasher	tokio-util/src/task/join_map.rs	with_capacity_and_hasher
tokio-util/src/task/join_queue.rs	assert_debug	tokio-util/src/task/join_queue.rs	is_debug
tokio-util/src/task/join_queue.rs	closure@11482	tokio-util/src/task/abort_on_drop.rs	detach
tokio-util/src/task/join_queue.rs	closure@15639	tokio/src/runtime/task/join.rs	id
tokio-util/src/task/join_queue.rs	closure@16207	tokio-util/src/task/join_queue.rs	spawn
tokio-util/src/task/join_queue.rs	closure@5618	tokio-util/src/task/join_queue.rs	poll_join_next
tokio-util/src/task/join_queue.rs	closure@6491	tokio-util/src/task/join_queue.rs	poll_join_next_with_id
tokio-util/src/task/join_queue.rs	default	tokio-util/src/task/join_queue.rs	new
tokio-util/src/task/join_queue.rs	detach_all	tokio-util/src/task/abort_on_drop.rs	detach
tokio-util/src/task/join_queue.rs	detach_all	tokio/src/util/idle_notified_set.rs	drain
tokio-util/src/task/join_queue.rs	fmt	tokio/src/runtime/task/join.rs	id
tokio-util/src/task/join_queue.rs	from_iter	tokio-util/src/task/join_queue.rs	new
tokio-util/src/task/join_queue.rs	from_iter	tokio-util/src/task/join_queue.rs	spawn
tokio-util/src/task/join_queue.rs	is_empty	tokio-util/src/task/join_queue.rs	is_empty
tokio-util/src/task/join_queue.rs	join_all	tokio-util/src/task/join_queue.rs	join_next
tokio-util/src/task/join_queue.rs	join_all	tokio-util/src/task/join_queue.rs	len
tokio-util/src/task/join_queue.rs	join_all	tokio-util/src/task/join_queue.rs	with_capacity
tokio-util/src/task/join_queue.rs	join_all	tokio/src/runtime/task/error.rs	into_panic
tokio-util/src/task/join_queue.rs	join_all	tokio/src/runtime/task/error.rs	is_panic
tokio-util/src/task/join_queue.rs	join_next	tokio-util/src/task/join_queue.rs	poll_join_next
tokio-util/src/task/join_queue.rs	join_next_with_id	tokio-util/src/task/join_queue.rs	poll_join_next_with_id
tokio-util/src/task/join_queue.rs	len	tokio-util/src/task/join_queue.rs	len
tokio-util/src/task/join_queue.rs	new	tokio-util/src/task/join_queue.rs	new
tokio-util/src/task/join_queue.rs	poll_join_next	tokio-util/src/task/abort_on_drop.rs	detach
tokio-util/src/task/join_queue.rs	poll_join_next	tokio-util/src/task/join_queue.rs	new
tokio-util/src/task/join_queue.rs	poll_join_next	tokio/src/io/ready.rs	Ready
tokio-util/src/task/join_queue.rs	poll_join_next_with_id	tokio-util/src/task/abort_on_drop.rs	detach
tokio-util/src/task/join_queue.rs	poll_join_next_with_id	tokio-util/src/task/join_queue.rs	new
tokio-util/src/task/join_queue.rs	poll_join_next_with_id	tokio/src/io/ready.rs	Ready
tokio-util/src/task/join_queue.rs	push_back	tokio-util/src/task/abort_on_drop.rs	new
tokio-util/src/task/join_queue.rs	push_back	tokio-util/src/task/join_queue.rs	push_back
tokio-util/src/task/join_queue.rs	shutdown	tokio-util/src/task/join_queue.rs	abort_all
tokio-util/src/task/join_queue.rs	shutdown	tokio-util/src/task/join_queue.rs	join_next
tokio-util/src/task/join_queue.rs	spawn	tokio-util/src/task/join_queue.rs	push_back
tokio-util/src/task/join_queue.rs	spawn_blocking	tokio-util/src/task/join_queue.rs	push_back
tokio-util/src/task/join_queue.rs	spawn_blocking_on	tokio-util/src/task/join_queue.rs	push_back
tokio-util/src/task/join_queue.rs	spawn_blocking_on	tokio/src/runtime/handle.rs	spawn_blocking
tokio-util/src/task/join_queue.rs	spawn_local	tokio-util/src/task/join_queue.rs	push_back
tokio-util/src/task/join_queue.rs	spawn_on	tokio-util/src/task/join_queue.rs	push_back
tokio-util/src/task/join_queue.rs	try_join_next	tokio-util/src/task/abort_on_drop.rs	detach
tokio-util/src/task/join_queue.rs	try_join_next	tokio-util/src/task/join_queue.rs	try_poll_handle
tokio-util/src/task/join_queue.rs	try_join_next_with_id	tokio-util/src/task/abort_on_drop.rs	detach
tokio-util/src/task/join_queue.rs	try_join_next_with_id	tokio-util/src/task/join_queue.rs	try_poll_handle
tokio-util/src/task/join_queue.rs	try_poll_handle	tokio-util/src/task/abort_on_drop.rs	is_finished
tokio-util/src/task/join_queue.rs	with_capacity	tokio-util/src/task/join_queue.rs	with_capacity
tokio-util/src/task/spawn_pinned.rs	closure@12936	tokio-util/src/task/spawn_pinned.rs	run
tokio-util/src/task/spawn_pinned.rs	closure@2072	tokio-util/src/task/spawn_pinned.rs	new_worker
tokio-util/src/task/spawn_pinned.rs	closure@7455	tokio-util/src/task/spawn_pinned.rs	new
tokio-util/src/task/spawn_pinned.rs	find_and_incr_least_burdened_worker	tokio-util/src/task/spawn_pinned.rs	JobCountGuard
tokio-util/src/task/spawn_pinned.rs	find_and_incr_least_burdened_worker	tokio/src/loom/std/atomic_u64_as_mutex.rs	compare_exchange
tokio-util/src/task/spawn_pinned.rs	find_worker_by_idx	tokio-util/src/task/spawn_pinned.rs	JobCountGuard
tokio-util/src/task/spawn_pinned.rs	new	tokio-util/src/task/spawn_pinned.rs	LocalPool
tokio-util/src/task/spawn_pinned.rs	new	tokio-util/src/task/spawn_pinned.rs	LocalPoolHandle
tokio-util/src/task/spawn_pinned.rs	new	tokio-util/src/task/spawn_pinned.rs	new
tokio-util/src/task/spawn_pinned.rs	new	tokio-util/src/task/spawn_pinned.rs	new_worker
tokio-util/src/task/spawn_pinned.rs	new_worker	tokio-util/src/task/spawn_pinned.rs	LocalWorkerHandle
tokio-util/src/task/spawn_pinned.rs	new_worker	tokio-util/src/task/spawn_pinned.rs	new
tokio-util/src/task/spawn_pinned.rs	new_worker	tokio-util/src/task/spawn_pinned.rs	run
tokio-util/src/task/spawn_pinned.rs	new_worker	tokio/src/loom/std/atomic_usize.rs	new
tokio-util/src/task/spawn_pinned.rs	new_worker	tokio/src/sync/mpsc/unbounded.rs	unbounded_channel
tokio-util/src/task/spawn_pinned.rs	run	tokio-util/src/task/spawn_pinned.rs	drop
tokio-util/src/task/spawn_pinned.rs	run	tokio/src/runtime/local_runtime/runtime.rs	new
tokio-util/src/task/spawn_pinned.rs	run	tokio/src/sync/mpsc/unbounded.rs	recv
tokio-util/src/task/spawn_pinned.rs	spawn_pinned	tokio-util/src/task/spawn_pinned.rs	AbortGuard
tokio-util/src/task/spawn_pinned.rs	spawn_pinned	tokio-util/src/task/spawn_pinned.rs	find_and_incr_least_burdened_worker
tokio-util/src/task/spawn_pinned.rs	spawn_pinned	tokio-util/src/task/spawn_pinned.rs	find_worker_by_idx
tokio-util/src/task/spawn_pinned.rs	spawn_pinned	tokio-util/src/task/spawn_pinned.rs	new
tokio-util/src/task/spawn_pinned.rs	spawn_pinned	tokio/src/runtime/task/error.rs	into_panic
tokio-util/src/task/spawn_pinned.rs	spawn_pinned	tokio/src/runtime/task/error.rs	is_panic
tokio-util/src/task/spawn_pinned.rs	spawn_pinned	tokio/src/sync/oneshot.rs	channel
tokio-util/src/task/spawn_pinned.rs	spawn_pinned_by_idx	tokio-util/src/task/spawn_pinned.rs	ByIdx
tokio-util/src/task/task_tracker.rs	clone	tokio-util/src/task/task_tracker.rs	token
tokio-util/src/task/task_tracker.rs	closure@15570	tokio-util/src/task/task_tracker.rs	drop
tokio-util/src/task/task_tracker.rs	closure@16264	tokio-util/src/task/task_tracker.rs	drop
tokio-util/src/task/task_tracker.rs	default	tokio-util/src/task/task_tracker.rs	new
tokio-util/src/task/task_tracker.rs	drop	tokio-util/src/task/task_tracker.rs	drop_task
tokio-util/src/task/task_tracker.rs	drop_task	tokio-util/src/task/task_tracker.rs	notify_now
tokio-util/src/task/task_tracker.rs	fmt	tokio-util/src/task/task_tracker.rs	debug_inner
tokio-util/src/task/task_tracker.rs	fmt	tokio-util/src/task/task_tracker.rs	task_tracker
tokio-util/src/task/task_tracker.rs	new	tokio-util/src/task/task_tracker.rs	new
tokio-util/src/task/task_tracker.rs	new	tokio/src/loom/std/atomic_usize.rs	new
tokio-util/src/task/task_tracker.rs	new	tokio/src/sync/notify.rs	new
tokio-util/src/task/task_tracker.rs	notify_now	tokio/src/sync/notify.rs	notify_waiters
tokio-util/src/task/task_tracker.rs	poll	tokio-util/src/task/task_tracker.rs	is_closed_and_empty
tokio-util/src/task/task_tracker.rs	poll	tokio-util/src/task/task_tracker.rs	poll
tokio-util/src/task/task_tracker.rs	poll	tokio/src/io/ready.rs	Ready
tokio-util/src/task/task_tracker.rs	poll	tokio/src/sync/mpsc/block.rs	is_ready
tokio-util/src/task/task_tracker.rs	ptr_eq	tokio-util/src/task/task_tracker.rs	ptr_eq
tokio-util/src/task/task_tracker.rs	set_closed	tokio-util/src/task/task_tracker.rs	notify_now
tokio-util/src/task/task_tracker.rs	spawn	tokio-util/src/task/task_tracker.rs	track_future
tokio-util/src/task/task_tracker.rs	spawn_blocking	tokio-util/src/task/task_tracker.rs	drop
tokio-util/src/task/task_tracker.rs	spawn_blocking	tokio-util/src/task/task_tracker.rs	token
tokio-util/src/task/task_tracker.rs	spawn_blocking_on	tokio-util/src/task/task_tracker.rs	drop
tokio-util/src/task/task_tracker.rs	spawn_blocking_on	tokio-util/src/task/task_tracker.rs	token
tokio-util/src/task/task_tracker.rs	spawn_blocking_on	tokio/src/runtime/handle.rs	spawn_blocking
tokio-util/src/task/task_tracker.rs	spawn_local	tokio-util/src/task/task_tracker.rs	track_future
tokio-util/src/task/task_tracker.rs	spawn_local_on	tokio-util/src/task/task_tracker.rs	track_future
tokio-util/src/task/task_tracker.rs	spawn_local_on	tokio/src/task/local.rs	spawn_local
tokio-util/src/task/task_tracker.rs	spawn_on	tokio-util/src/task/task_tracker.rs	track_future
tokio-util/src/task/task_tracker.rs	token	tokio-util/src/task/task_tracker.rs	TaskTrackerToken
tokio-util/src/task/task_tracker.rs	token	tokio-util/src/task/task_tracker.rs	clone
tokio-util/src/task/task_tracker.rs	track_future	tokio-util/src/task/task_tracker.rs	token
tokio-util/src/time/delay_queue.rs	capacity	tokio-util/src/time/delay_queue.rs	capacity
tokio-util/src/time/delay_queue.rs	clear	tokio-util/src/time/delay_queue.rs	clear
tokio-util/src/time/delay_queue.rs	clear	tokio-util/src/time/delay_queue.rs	default
tokio-util/src/time/delay_queue.rs	clear	tokio-util/src/time/delay_queue.rs	is_empty
tokio-util/src/time/delay_queue.rs	clear	tokio-util/src/time/delay_queue.rs	new
tokio-util/src/time/delay_queue.rs	closure@19537	tokio-util/src/time/delay_queue.rs	Expired
tokio-util/src/time/delay_queue.rs	closure@19537	tokio-util/src/time/delay_queue.rs	remove
tokio-util/src/time/delay_queue.rs	closure@31894	tokio-util/src/time/wheel/mod.rs	peek
tokio-util/src/time/delay_queue.rs	closure@38764	tokio/src/time/sleep.rs	sleep_until
tokio-util/src/time/delay_queue.rs	closure@9630	tokio-util/src/time/delay_queue.rs	insert
tokio-util/src/time/delay_queue.rs	compact	tokio-util/src/time/delay_queue.rs	compact
tokio-util/src/time/delay_queue.rs	compact	tokio-util/src/time/delay_queue.rs	insert
tokio-util/src/time/delay_queue.rs	compact	tokio-util/src/time/delay_queue.rs	new
tokio-util/src/time/delay_queue.rs	contains	tokio-util/src/time/delay_queue.rs	remap_key
tokio-util/src/time/delay_queue.rs	create_new_key	tokio-util/src/time/delay_queue.rs	new
tokio-util/src/time/delay_queue.rs	default	tokio-util/src/time/delay_queue.rs	Stack
tokio-util/src/time/delay_queue.rs	default	tokio-util/src/time/delay_queue.rs	new
tokio-util/src/time/delay_queue.rs	fmt	tokio-util/src/time/delay_queue.rs	capacity
tokio-util/src/time/delay_queue.rs	fmt	tokio-util/src/time/delay_queue.rs	len
tokio-util/src/time/delay_queue.rs	from	tokio-util/src/time/delay_queue.rs	new
tokio-util/src/time/delay_queue.rs	index	tokio-util/src/time/delay_queue.rs	remap_key
tokio-util/src/time/delay_queue.rs	index_mut	tokio-util/src/time/delay_queue.rs	remap_key
tokio-util/src/time/delay_queue.rs	insert	tokio-util/src/time/delay_queue.rs	create_new_key
tokio-util/src/time/delay_queue.rs	insert	tokio-util/src/time/delay_queue.rs	insert_at
tokio-util/src/time/delay_queue.rs	insert	tokio-util/src/time/delay_queue.rs	new
tokio-util/src/time/delay_queue.rs	insert	tokio/src/time/instant.rs	now
tokio-util/src/time/delay_queue.rs	insert_at	tokio-util/src/time/delay_queue.rs	Data
tokio-util/src/time/delay_queue.rs	insert_at	tokio-util/src/time/delay_queue.rs	deadline
tokio-util/src/time/delay_queue.rs	insert_at	tokio-util/src/time/delay_queue.rs	insert
tokio-util/src/time/delay_queue.rs	insert_at	tokio-util/src/time/delay_queue.rs	insert_idx
tokio-util/src/time/delay_queue.rs	insert_at	tokio-util/src/time/delay_queue.rs	normalize_deadline
tokio-util/src/time/delay_queue.rs	insert_at	tokio-util/src/time/delay_queue.rs	reset
tokio-util/src/time/delay_queue.rs	insert_at	tokio/src/time/sleep.rs	sleep_until
tokio-util/src/time/delay_queue.rs	insert_idx	tokio-util/src/time/delay_queue.rs	push
tokio-util/src/time/delay_queue.rs	is_empty	tokio-util/src/time/delay_queue.rs	is_empty
tokio-util/src/time/delay_queue.rs	len	tokio-util/src/time/delay_queue.rs	len
tokio-util/src/time/delay_queue.rs	new	tokio-util/src/time/delay_queue.rs	Key
tokio-util/src/time/delay_queue.rs	new	tokio-util/src/time/delay_queue.rs	KeyInternal
tokio-util/src/time/delay_queue.rs	new	tokio-util/src/time/delay_queue.rs	with_capacity
tokio-util/src/time/delay_queue.rs	normalize_deadline	tokio-util/src/time/mod.rs	ms
tokio-util/src/time/delay_queue.rs	peek	tokio-util/src/time/delay_queue.rs	peek
tokio-util/src/time/delay_queue.rs	peek	tokio-util/src/time/wheel/mod.rs	peek
tokio-util/src/time/delay_queue.rs	poll_expired	tokio-util/src/time/delay_queue.rs	Expired
tokio-util/src/time/delay_queue.rs	poll_expired	tokio-util/src/time/delay_queue.rs	remove
tokio-util/src/time/delay_queue.rs	poll_expired	tokio/src/io/ready.rs	Ready
tokio-util/src/time/delay_queue.rs	poll_idx	tokio-util/src/time/delay_queue.rs	deadline
tokio-util/src/time/delay_queue.rs	poll_idx	tokio-util/src/time/delay_queue.rs	next_deadline
tokio-util/src/time/delay_queue.rs	poll_idx	tokio-util/src/time/delay_queue.rs	pop
tokio-util/src/time/delay_queue.rs	poll_idx	tokio-util/src/time/mod.rs	ms
tokio-util/src/time/delay_queue.rs	poll_idx	tokio/src/io/ready.rs	Ready
tokio-util/src/time/delay_queue.rs	poll_idx	tokio/src/time/sleep.rs	sleep_until
tokio-util/src/time/delay_queue.rs	poll_next	tokio-util/src/time/delay_queue.rs	poll_expired
tokio-util/src/time/delay_queue.rs	remove	tokio-util/src/time/delay_queue.rs	Expired
tokio-util/src/time/delay_queue.rs	remove	tokio-util/src/time/delay_queue.rs	is_empty
tokio-util/src/time/delay_queue.rs	remove	tokio-util/src/time/delay_queue.rs	new
tokio-util/src/time/delay_queue.rs	remove	tokio-util/src/time/delay_queue.rs	next_deadline
tokio-util/src/time/delay_queue.rs	remove	tokio-util/src/time/delay_queue.rs	remove
tokio-util/src/time/delay_queue.rs	remove	tokio-util/src/time/delay_queue.rs	remove_key
tokio-util/src/time/delay_queue.rs	remove	tokio-util/src/time/delay_queue.rs	reset
tokio-util/src/time/delay_queue.rs	remove	tokio/src/time/sleep.rs	sleep_until
tokio-util/src/time/delay_queue.rs	remove_key	tokio-util/src/time/delay_queue.rs	remove
tokio-util/src/time/delay_queue.rs	reserve	tokio-util/src/time/delay_queue.rs	reserve
tokio-util/src/time/delay_queue.rs	reset	tokio-util/src/time/delay_queue.rs	reset_at
tokio-util/src/time/delay_queue.rs	reset	tokio/src/time/instant.rs	now
tokio-util/src/time/delay_queue.rs	reset_at	tokio-util/src/time/delay_queue.rs	insert_idx
tokio-util/src/time/delay_queue.rs	reset_at	tokio-util/src/time/delay_queue.rs	next_deadline
tokio-util/src/time/delay_queue.rs	reset_at	tokio-util/src/time/delay_queue.rs	normalize_deadline
tokio-util/src/time/delay_queue.rs	reset_at	tokio-util/src/time/delay_queue.rs	remove_key
tokio-util/src/time/delay_queue.rs	reset_at	tokio-util/src/time/delay_queue.rs	reset
tokio-util/src/time/delay_queue.rs	reset_at	tokio/src/time/sleep.rs	sleep_until
tokio-util/src/time/delay_queue.rs	shrink_to_fit	tokio-util/src/time/delay_queue.rs	shrink_to_fit
tokio-util/src/time/delay_queue.rs	try_remove	tokio-util/src/time/delay_queue.rs	contains
tokio-util/src/time/delay_queue.rs	try_remove	tokio-util/src/time/delay_queue.rs	remove
tokio-util/src/time/delay_queue.rs	with_capacity	tokio-util/src/time/delay_queue.rs	DelayQueue
tokio-util/src/time/delay_queue.rs	with_capacity	tokio-util/src/time/delay_queue.rs	SlabStorage
tokio-util/src/time/delay_queue.rs	with_capacity	tokio-util/src/time/delay_queue.rs	default
tokio-util/src/time/delay_queue.rs	with_capacity	tokio-util/src/time/delay_queue.rs	new
tokio-util/src/time/delay_queue.rs	with_capacity	tokio-util/src/time/delay_queue.rs	with_capacity
tokio-util/src/time/delay_queue.rs	with_capacity	tokio/src/time/instant.rs	now
tokio-util/src/time/wheel/level.rs	add_entry	tokio-util/src/time/wheel/level.rs	occupied_bit
tokio-util/src/time/wheel/level.rs	add_entry	tokio-util/src/time/wheel/level.rs	slot_for
tokio-util/src/time/wheel/level.rs	level_range	tokio-util/src/time/wheel/level.rs	slot_range
tokio-util/src/time/wheel/level.rs	new	tokio-util/src/time/wheel/level.rs	Level
tokio-util/src/time/wheel/level.rs	next_expiration	tokio-util/src/time/wheel/level.rs	Expiration
tokio-util/src/time/wheel/level.rs	next_expiration	tokio-util/src/time/wheel/level.rs	level_range
tokio-util/src/time/wheel/level.rs	next_expiration	tokio-util/src/time/wheel/level.rs	slot_range
tokio-util/src/time/wheel/level.rs	next_occupied_slot	tokio-util/src/time/wheel/level.rs	slot_range
tokio-util/src/time/wheel/level.rs	peek_entry_slot	tokio-util/src/time/wheel/mod.rs	peek
tokio-util/src/time/wheel/level.rs	pop_entry_slot	tokio-util/src/time/wheel/level.rs	occupied_bit
tokio-util/src/time/wheel/level.rs	remove_entry	tokio-util/src/time/wheel/level.rs	occupied_bit
tokio-util/src/time/wheel/level.rs	remove_entry	tokio-util/src/time/wheel/level.rs	slot_for
tokio-util/src/time/wheel/level.rs	remove_entry	tokio-util/src/time/wheel/mod.rs	remove
tokio-util/src/time/wheel/mod.rs	closure@4148	tokio-util/src/time/wheel/mod.rs	peek_entry
tokio-util/src/time/wheel/mod.rs	level_for	tokio-util/src/time/wheel/mod.rs	level_for
tokio-util/src/time/wheel/mod.rs	new	tokio-util/src/time/wheel/mod.rs	Wheel
tokio-util/src/time/wheel/mod.rs	next_expiration	tokio-util/src/time/wheel/mod.rs	next_expiration
tokio-util/src/time/wheel/mod.rs	no_expirations_before	tokio-util/src/time/wheel/mod.rs	next_expiration
tokio-util/src/time/wheel/mod.rs	peek	tokio-util/src/time/wheel/mod.rs	peek_entry
tokio-util/src/time/wheel/mod.rs	peek_entry	tokio-util/src/time/wheel/level.rs	peek_entry_slot
tokio-util/src/time/wheel/mod.rs	poll	tokio-util/src/time/wheel/mod.rs	poll_expiration
tokio-util/src/time/wheel/mod.rs	poll_expiration	tokio-util/src/time/wheel/mod.rs	pop_entry
tokio-util/src/time/wheel/mod.rs	pop_entry	tokio-util/src/time/wheel/level.rs	pop_entry_slot
tokio-util/src/udp/frame.rs	new	tokio-util/src/udp/frame.rs	new
tokio-util/src/udp/frame.rs	poll_close	tokio/src/io/ready.rs	Ready
tokio-util/src/udp/frame.rs	poll_flush	tokio-util/src/udp/frame.rs	new
tokio-util/src/udp/frame.rs	poll_flush	tokio/src/io/ready.rs	Ready
tokio-util/src/udp/frame.rs	poll_next	tokio-util/src/udp/frame.rs	get_mut
tokio-util/src/udp/frame.rs	poll_next	tokio/src/io/read_buf.rs	advance_mut
tokio-util/src/udp/frame.rs	poll_next	tokio/src/io/read_buf.rs	chunk_mut
tokio-util/src/udp/frame.rs	poll_next	tokio/src/io/read_buf.rs	filled
tokio-util/src/udp/frame.rs	poll_next	tokio/src/io/read_buf.rs	uninit
tokio-util/src/udp/frame.rs	poll_next	tokio/src/io/ready.rs	Ready
tokio-util/src/udp/frame.rs	poll_ready	tokio-util/src/udp/frame.rs	poll_flush
tokio-util/src/udp/frame.rs	poll_ready	tokio/src/io/ready.rs	Ready
tokio-util/src/udp/frame.rs	start_send	tokio-util/src/udp/frame.rs	get_mut
tokio-util/src/util/maybe_dangling.rs	maybedangling_runs_drop	tokio-util/src/util/maybe_dangling.rs	drop
tokio-util/src/util/maybe_dangling.rs	maybedangling_runs_drop	tokio-util/src/util/maybe_dangling.rs	new
tokio-util/src/util/maybe_dangling.rs	new	tokio-util/src/util/maybe_dangling.rs	new
tokio-util/src/util/maybe_dangling.rs	poll	tokio-util/src/util/maybe_dangling.rs	poll
tokio-util/src/util/memchr.rs	memchr	tokio-util/src/util/memchr.rs	memchr_inner
tokio-util/src/util/poll_buf.rs	poll_read_buf	tokio/src/io/read_buf.rs	advance_mut
tokio-util/src/util/poll_buf.rs	poll_read_buf	tokio/src/io/read_buf.rs	filled
tokio-util/src/util/poll_buf.rs	poll_read_buf	tokio/src/io/read_buf.rs	uninit
tokio-util/src/util/poll_buf.rs	poll_read_buf	tokio/src/io/ready.rs	Ready
tokio-util/src/util/poll_buf.rs	poll_write_buf	tokio/src/io/async_write.rs	is_write_vectored
tokio-util/src/util/poll_buf.rs	poll_write_buf	tokio/src/io/ready.rs	Ready
tokio/src/fs/canonicalize.rs	canonicalize	tokio/src/fs/mod.rs	asyncify
tokio/src/fs/copy.rs	copy	tokio/src/fs/mod.rs	asyncify
tokio/src/fs/create_dir.rs	create_dir	tokio/src/fs/mod.rs	asyncify
tokio/src/fs/create_dir_all.rs	create_dir_all	tokio/src/fs/mod.rs	asyncify
tokio/src/fs/dir_builder.rs	closure@2979	tokio/src/fs/dir_builder.rs	create
tokio/src/fs/dir_builder.rs	create	tokio/src/fs/dir_builder.rs	create
tokio/src/fs/dir_builder.rs	create	tokio/src/fs/dir_builder.rs	new
tokio/src/fs/dir_builder.rs	create	tokio/src/fs/dir_builder.rs	recursive
tokio/src/fs/dir_builder.rs	create	tokio/src/fs/mod.rs	asyncify
tokio/src/fs/dir_builder.rs	create	tokio/src/fs/open_options/uring_open_options.rs	mode
tokio/src/fs/file.rs	as_fd	tokio/src/fs/file.rs	as_raw_fd
tokio/src/fs/file.rs	closure@11090	tokio/src/fs/file.rs	sync_data
tokio/src/fs/file.rs	closure@12719	tokio/src/fs/file.rs	Seek
tokio/src/fs/file.rs	closure@12719	tokio/src/fs/file.rs	set_len
tokio/src/fs/file.rs	closure@12822	tokio/src/fs/file.rs	set_len
tokio/src/fs/file.rs	closure@14192	tokio/src/fs/file.rs	metadata
tokio/src/fs/file.rs	closure@14896	tokio/src/fs/file.rs	try_clone
tokio/src/fs/file.rs	closure@17685	tokio/src/fs/file.rs	set_permissions
tokio/src/fs/file.rs	closure@22514	tokio/src/fs/file.rs	Seek
tokio/src/fs/file.rs	closure@25022	tokio/src/fs/file.rs	Write
tokio/src/fs/file.rs	closure@25022	tokio/src/io/blocking.rs	write_to
tokio/src/fs/file.rs	closure@25149	tokio/src/io/blocking.rs	write_to
tokio/src/fs/file.rs	closure@28119	tokio/src/fs/file.rs	Write
tokio/src/fs/file.rs	closure@28119	tokio/src/io/blocking.rs	write_to
tokio/src/fs/file.rs	closure@28246	tokio/src/io/blocking.rs	write_to
tokio/src/fs/file.rs	closure@36796	tokio/src/fs/file.rs	Read
tokio/src/fs/file.rs	closure@36796	tokio/src/io/blocking.rs	read_from
tokio/src/fs/file.rs	closure@37268	tokio/src/fs/file.rs	poll_complete_inflight
tokio/src/fs/file.rs	closure@9887	tokio/src/fs/file.rs	sync_all
tokio/src/fs/file.rs	complete_inflight	tokio/src/fs/file.rs	poll_complete_inflight
tokio/src/fs/file.rs	create	tokio/src/fs/file.rs	create
tokio/src/fs/file.rs	create	tokio/src/fs/file.rs	open
tokio/src/fs/file.rs	create	tokio/src/fs/file.rs	options
tokio/src/fs/file.rs	create_new	tokio/src/fs/file.rs	create_new
tokio/src/fs/file.rs	create_new	tokio/src/fs/file.rs	open
tokio/src/fs/file.rs	create_new	tokio/src/fs/file.rs	options
tokio/src/fs/file.rs	from	tokio/src/fs/file.rs	from
tokio/src/fs/file.rs	from	tokio/src/fs/file.rs	from_std
tokio/src/fs/file.rs	from_raw_fd	tokio/src/fs/file.rs	from_raw_fd
tokio/src/fs/file.rs	from_std	tokio/src/fs/file.rs	File
tokio/src/fs/file.rs	from_std	tokio/src/fs/file.rs	Idle
tokio/src/fs/file.rs	from_std	tokio/src/fs/file.rs	Inner
tokio/src/fs/file.rs	from_std	tokio/src/io/blocking.rs	with_capacity
tokio/src/fs/file.rs	into_std	tokio/src/fs/file.rs	complete_inflight
tokio/src/fs/file.rs	lazy_init_read	tokio/src/fs/file.rs	Read
tokio/src/fs/file.rs	lazy_init_read	tokio/src/fs/file.rs	spawn_blocking_read
tokio/src/fs/file.rs	lazy_init_read	tokio/src/fs/file.rs	uring_read
tokio/src/fs/file.rs	lazy_init_read	tokio/src/io/blocking.rs	with_capacity
tokio/src/fs/file.rs	lazy_init_read	tokio/src/runtime/handle.rs	current
tokio/src/fs/file.rs	lazy_init_read	tokio/src/runtime/io/driver/uring.rs	check_and_init
tokio/src/fs/file.rs	lazy_init_read	tokio/src/signal/unix.rs	io
tokio/src/fs/file.rs	metadata	tokio/src/fs/file.rs	metadata
tokio/src/fs/file.rs	metadata	tokio/src/fs/mod.rs	asyncify
tokio/src/fs/file.rs	open	tokio/src/fs/file.rs	open
tokio/src/fs/file.rs	open	tokio/src/fs/file.rs	options
tokio/src/fs/file.rs	poll_complete	tokio/src/fs/file.rs	Idle
tokio/src/fs/file.rs	poll_complete	tokio/src/io/blocking.rs	with_capacity
tokio/src/fs/file.rs	poll_complete	tokio/src/io/ready.rs	Ready
tokio/src/fs/file.rs	poll_complete_inflight	tokio/src/fs/file.rs	poll_flush
tokio/src/fs/file.rs	poll_complete_inflight	tokio/src/io/ready.rs	Ready
tokio/src/fs/file.rs	poll_flush	tokio/src/fs/file.rs	Idle
tokio/src/fs/file.rs	poll_flush	tokio/src/fs/file.rs	poll_flush
tokio/src/fs/file.rs	poll_flush	tokio/src/io/blocking.rs	with_capacity
tokio/src/fs/file.rs	poll_flush	tokio/src/io/ready.rs	Ready
tokio/src/fs/file.rs	poll_read	tokio/src/fs/file.rs	Busy
tokio/src/fs/file.rs	poll_read	tokio/src/fs/file.rs	Idle
tokio/src/fs/file.rs	poll_read	tokio/src/fs/file.rs	poll_read_inner
tokio/src/fs/file.rs	poll_read	tokio/src/io/blocking.rs	copy_to
tokio/src/fs/file.rs	poll_read	tokio/src/io/blocking.rs	with_capacity
tokio/src/fs/file.rs	poll_read	tokio/src/io/read_buf.rs	remaining
tokio/src/fs/file.rs	poll_read	tokio/src/io/ready.rs	Ready
tokio/src/fs/file.rs	poll_read_inner	tokio/src/fs/file.rs	lazy_init_read
tokio/src/fs/file.rs	poll_read_inner	tokio/src/fs/file.rs	spawn_blocking_read
tokio/src/fs/file.rs	poll_read_inner	tokio/src/fs/file.rs	uring_read
tokio/src/fs/file.rs	poll_read_inner	tokio/src/runtime/handle.rs	try_current
tokio/src/fs/file.rs	poll_read_inner	tokio/src/runtime/io/driver/uring.rs	is_uring_probed
tokio/src/fs/file.rs	poll_read_inner	tokio/src/runtime/io/driver/uring.rs	is_uring_ready
tokio/src/fs/file.rs	poll_read_inner	tokio/src/signal/unix.rs	io
tokio/src/fs/file.rs	poll_shutdown	tokio/src/fs/file.rs	poll_flush
tokio/src/fs/file.rs	poll_write	tokio/src/fs/file.rs	Busy
tokio/src/fs/file.rs	poll_write	tokio/src/fs/file.rs	Idle
tokio/src/fs/file.rs	poll_write	tokio/src/fs/file.rs	Write
tokio/src/fs/file.rs	poll_write	tokio/src/fs/mocks.rs	spawn_mandatory_blocking
tokio/src/fs/file.rs	poll_write	tokio/src/io/blocking.rs	copy_from
tokio/src/fs/file.rs	poll_write	tokio/src/io/blocking.rs	with_capacity
tokio/src/fs/file.rs	poll_write	tokio/src/io/blocking.rs	write_to
tokio/src/fs/file.rs	poll_write	tokio/src/io/ready.rs	Ready
tokio/src/fs/file.rs	poll_write_vectored	tokio/src/fs/file.rs	Busy
tokio/src/fs/file.rs	poll_write_vectored	tokio/src/fs/file.rs	Idle
tokio/src/fs/file.rs	poll_write_vectored	tokio/src/fs/file.rs	Write
tokio/src/fs/file.rs	poll_write_vectored	tokio/src/fs/mocks.rs	spawn_mandatory_blocking
tokio/src/fs/file.rs	poll_write_vectored	tokio/src/io/blocking.rs	with_capacity
tokio/src/fs/file.rs	poll_write_vectored	tokio/src/io/blocking.rs	write_to
tokio/src/fs/file.rs	poll_write_vectored	tokio/src/io/ready.rs	Ready
tokio/src/fs/file.rs	set_len	tokio/src/fs/file.rs	Busy
tokio/src/fs/file.rs	set_len	tokio/src/fs/file.rs	Idle
tokio/src/fs/file.rs	set_len	tokio/src/fs/file.rs	Seek
tokio/src/fs/file.rs	set_len	tokio/src/fs/file.rs	complete_inflight
tokio/src/fs/file.rs	set_len	tokio/src/fs/file.rs	set_len
tokio/src/fs/file.rs	set_len	tokio/src/fs/mocks.rs	spawn_blocking
tokio/src/fs/file.rs	set_len	tokio/src/io/blocking.rs	with_capacity
tokio/src/fs/file.rs	set_permissions	tokio/src/fs/file.rs	set_permissions
tokio/src/fs/file.rs	set_permissions	tokio/src/fs/mod.rs	asyncify
tokio/src/fs/file.rs	spawn_blocking_read	tokio/src/fs/file.rs	Read
tokio/src/fs/file.rs	spawn_blocking_read	tokio/src/fs/mocks.rs	spawn_blocking
tokio/src/fs/file.rs	spawn_blocking_read	tokio/src/io/blocking.rs	read_from
tokio/src/fs/file.rs	start_seek	tokio/src/fs/file.rs	Busy
tokio/src/fs/file.rs	start_seek	tokio/src/fs/file.rs	Seek
tokio/src/fs/file.rs	start_seek	tokio/src/fs/mocks.rs	spawn_blocking
tokio/src/fs/file.rs	sync_all	tokio/src/fs/file.rs	complete_inflight
tokio/src/fs/file.rs	sync_all	tokio/src/fs/file.rs	sync_all
tokio/src/fs/file.rs	sync_all	tokio/src/fs/mod.rs	asyncify
tokio/src/fs/file.rs	sync_data	tokio/src/fs/file.rs	complete_inflight
tokio/src/fs/file.rs	sync_data	tokio/src/fs/file.rs	sync_data
tokio/src/fs/file.rs	sync_data	tokio/src/fs/mod.rs	asyncify
tokio/src/fs/file.rs	try_clone	tokio/src/fs/file.rs	complete_inflight
tokio/src/fs/file.rs	try_clone	tokio/src/fs/file.rs	from_std
tokio/src/fs/file.rs	try_clone	tokio/src/fs/file.rs	set_max_buf_size
tokio/src/fs/file.rs	try_clone	tokio/src/fs/file.rs	try_clone
tokio/src/fs/file.rs	try_clone	tokio/src/fs/mod.rs	asyncify
tokio/src/fs/file.rs	uring_read	tokio/src/fs/file.rs	Read
tokio/src/fs/file.rs	uring_read	tokio/src/io/uring/read.rs	read_at
tokio/src/fs/file/tests.rs	busy_file_seek_error	tokio-stream/src/once.rs	once
tokio/src/fs/file/tests.rs	busy_file_seek_error	tokio-test/src/task.rs	spawn
tokio/src/fs/file/tests.rs	busy_file_seek_error	tokio/src/fs/file.rs	from_std
tokio/src/fs/file/tests.rs	busy_file_seek_error	tokio/src/fs/mocks.rs	seek
tokio/src/fs/file/tests.rs	busy_file_seek_error	tokio/src/fs/mocks.rs	write
tokio/src/fs/file/tests.rs	busy_file_seek_error	tokio/src/io/util/buf_reader.rs	new
tokio/src/fs/file/tests.rs	closure@1005	tokio/src/fs/mocks.rs	len
tokio/src/fs/file/tests.rs	closure@10183	tokio/src/fs/mocks.rs	len
tokio/src/fs/file/tests.rs	closure@10542	tokio/src/fs/mocks.rs	len
tokio/src/fs/file/tests.rs	closure@11175	tokio/src/fs/mocks.rs	len
tokio/src/fs/file/tests.rs	closure@11547	tokio/src/fs/mocks.rs	len
tokio/src/fs/file/tests.rs	closure@12280	tokio/src/fs/mocks.rs	len
tokio/src/fs/file/tests.rs	closure@12670	tokio/src/fs/mocks.rs	len
tokio/src/fs/file/tests.rs	closure@13290	tokio/src/fs/mocks.rs	len
tokio/src/fs/file/tests.rs	closure@13431	tokio/src/fs/mocks.rs	len
tokio/src/fs/file/tests.rs	closure@15072	tokio/src/fs/mocks.rs	len
tokio/src/fs/file/tests.rs	closure@1564	tokio/src/fs/mocks.rs	len
tokio/src/fs/file/tests.rs	closure@15879	tokio/src/fs/mocks.rs	len
tokio/src/fs/file/tests.rs	closure@18085	tokio/src/fs/mocks.rs	len
tokio/src/fs/file/tests.rs	closure@18837	tokio/src/fs/mocks.rs	len
tokio/src/fs/file/tests.rs	closure@19631	tokio/src/fs/mocks.rs	len
tokio/src/fs/file/tests.rs	closure@20386	tokio/src/fs/mocks.rs	len
tokio/src/fs/file/tests.rs	closure@21870	tokio/src/fs/mocks.rs	len
tokio/src/fs/file/tests.rs	closure@22364	tokio/src/fs/mocks.rs	len
tokio/src/fs/file/tests.rs	closure@2741	tokio/src/fs/mocks.rs	len
tokio/src/fs/file/tests.rs	closure@4015	tokio/src/fs/mocks.rs	len
tokio/src/fs/file/tests.rs	closure@407	tokio/src/fs/mocks.rs	len
tokio/src/fs/file/tests.rs	closure@4796	tokio/src/fs/mocks.rs	len
tokio/src/fs/file/tests.rs	closure@8056	tokio/src/fs/mocks.rs	len
tokio/src/fs/file/tests.rs	closure@8230	tokio/src/fs/mocks.rs	len
tokio/src/fs/file/tests.rs	closure@8404	tokio/src/fs/mocks.rs	len
tokio/src/fs/file/tests.rs	closure@8582	tokio/src/fs/mocks.rs	len
tokio/src/fs/file/tests.rs	closure@9293	tokio/src/fs/mocks.rs	len
tokio/src/fs/file/tests.rs	closure@9434	tokio/src/fs/mocks.rs	len
tokio/src/fs/file/tests.rs	flush_while_idle	tokio-test/src/task.rs	spawn
tokio/src/fs/file/tests.rs	flush_while_idle	tokio/src/fs/file.rs	from_std
tokio/src/fs/file/tests.rs	flush_while_idle	tokio/src/fs/mocks.rs	flush
tokio/src/fs/file/tests.rs	incomplete_flush_followed_by_write	tokio-stream/src/once.rs	once
tokio/src/fs/file/tests.rs	incomplete_flush_followed_by_write	tokio-test/src/task.rs	spawn
tokio/src/fs/file/tests.rs	incomplete_flush_followed_by_write	tokio/src/fs/file.rs	from_std
tokio/src/fs/file/tests.rs	incomplete_flush_followed_by_write	tokio/src/fs/mocks.rs	flush
tokio/src/fs/file/tests.rs	incomplete_flush_followed_by_write	tokio/src/fs/mocks.rs	len
tokio/src/fs/file/tests.rs	incomplete_flush_followed_by_write	tokio/src/fs/mocks.rs	write
tokio/src/fs/file/tests.rs	incomplete_partial_read_followed_by_write	tokio-stream/src/once.rs	once
tokio/src/fs/file/tests.rs	incomplete_partial_read_followed_by_write	tokio-test/src/task.rs	spawn
tokio/src/fs/file/tests.rs	incomplete_partial_read_followed_by_write	tokio/src/fs/file.rs	from_std
tokio/src/fs/file/tests.rs	incomplete_partial_read_followed_by_write	tokio/src/fs/mocks.rs	flush
tokio/src/fs/file/tests.rs	incomplete_partial_read_followed_by_write	tokio/src/fs/mocks.rs	len
tokio/src/fs/file/tests.rs	incomplete_partial_read_followed_by_write	tokio/src/fs/mocks.rs	read
tokio/src/fs/file/tests.rs	incomplete_partial_read_followed_by_write	tokio/src/fs/mocks.rs	write
tokio/src/fs/file/tests.rs	incomplete_read_followed_by_flush	tokio-stream/src/once.rs	once
tokio/src/fs/file/tests.rs	incomplete_read_followed_by_flush	tokio-test/src/task.rs	spawn
tokio/src/fs/file/tests.rs	incomplete_read_followed_by_flush	tokio/src/fs/file.rs	from_std
tokio/src/fs/file/tests.rs	incomplete_read_followed_by_flush	tokio/src/fs/mocks.rs	flush
tokio/src/fs/file/tests.rs	incomplete_read_followed_by_flush	tokio/src/fs/mocks.rs	len
tokio/src/fs/file/tests.rs	incomplete_read_followed_by_flush	tokio/src/fs/mocks.rs	read
tokio/src/fs/file/tests.rs	incomplete_read_followed_by_flush	tokio/src/fs/mocks.rs	write
tokio/src/fs/file/tests.rs	incomplete_read_followed_by_write	tokio-stream/src/once.rs	once
tokio/src/fs/file/tests.rs	incomplete_read_followed_by_write	tokio-test/src/task.rs	spawn
tokio/src/fs/file/tests.rs	incomplete_read_followed_by_write	tokio/src/fs/file.rs	from_std
tokio/src/fs/file/tests.rs	incomplete_read_followed_by_write	tokio/src/fs/mocks.rs	flush
tokio/src/fs/file/tests.rs	incomplete_read_followed_by_write	tokio/src/fs/mocks.rs	len
tokio/src/fs/file/tests.rs	incomplete_read_followed_by_write	tokio/src/fs/mocks.rs	read
tokio/src/fs/file/tests.rs	incomplete_read_followed_by_write	tokio/src/fs/mocks.rs	write
tokio/src/fs/file/tests.rs	open_read	tokio-stream/src/once.rs	once
tokio/src/fs/file/tests.rs	open_read	tokio-test/src/task.rs	spawn
tokio/src/fs/file/tests.rs	open_read	tokio/src/fs/file.rs	from_std
tokio/src/fs/file/tests.rs	open_read	tokio/src/fs/mocks.rs	len
tokio/src/fs/file/tests.rs	open_read	tokio/src/fs/mocks.rs	read
tokio/src/fs/file/tests.rs	open_set_len_err	tokio-test/src/task.rs	spawn
tokio/src/fs/file/tests.rs	open_set_len_err	tokio/src/fs/file.rs	from_std
tokio/src/fs/file/tests.rs	open_set_len_err	tokio/src/fs/file.rs	set_len
tokio/src/fs/file/tests.rs	open_set_len_ok	tokio-test/src/task.rs	spawn
tokio/src/fs/file/tests.rs	open_set_len_ok	tokio/src/fs/file.rs	from_std
tokio/src/fs/file/tests.rs	open_set_len_ok	tokio/src/fs/file.rs	set_len
tokio/src/fs/file/tests.rs	open_write	tokio-stream/src/once.rs	once
tokio/src/fs/file/tests.rs	open_write	tokio-test/src/task.rs	spawn
tokio/src/fs/file/tests.rs	open_write	tokio/src/fs/file.rs	from_std
tokio/src/fs/file/tests.rs	open_write	tokio/src/fs/mocks.rs	flush
tokio/src/fs/file/tests.rs	open_write	tokio/src/fs/mocks.rs	len
tokio/src/fs/file/tests.rs	open_write	tokio/src/fs/mocks.rs	write
tokio/src/fs/file/tests.rs	partial_read_set_len_ok	tokio-stream/src/once.rs	once
tokio/src/fs/file/tests.rs	partial_read_set_len_ok	tokio-test/src/task.rs	spawn
tokio/src/fs/file/tests.rs	partial_read_set_len_ok	tokio/src/fs/file.rs	from_std
tokio/src/fs/file/tests.rs	partial_read_set_len_ok	tokio/src/fs/file.rs	set_len
tokio/src/fs/file/tests.rs	partial_read_set_len_ok	tokio/src/fs/mocks.rs	len
tokio/src/fs/file/tests.rs	partial_read_set_len_ok	tokio/src/fs/mocks.rs	read
tokio/src/fs/file/tests.rs	read_err	tokio-stream/src/once.rs	once
tokio/src/fs/file/tests.rs	read_err	tokio-test/src/task.rs	spawn
tokio/src/fs/file/tests.rs	read_err	tokio/src/fs/file.rs	from_std
tokio/src/fs/file/tests.rs	read_err	tokio/src/fs/mocks.rs	read
tokio/src/fs/file/tests.rs	read_err_then_read_success	tokio-stream/src/once.rs	once
tokio/src/fs/file/tests.rs	read_err_then_read_success	tokio-test/src/task.rs	spawn
tokio/src/fs/file/tests.rs	read_err_then_read_success	tokio/src/fs/file.rs	from_std
tokio/src/fs/file/tests.rs	read_err_then_read_success	tokio/src/fs/mocks.rs	len
tokio/src/fs/file/tests.rs	read_err_then_read_success	tokio/src/fs/mocks.rs	read
tokio/src/fs/file/tests.rs	read_twice_before_dispatch	tokio-stream/src/once.rs	once
tokio/src/fs/file/tests.rs	read_twice_before_dispatch	tokio-test/src/task.rs	spawn
tokio/src/fs/file/tests.rs	read_twice_before_dispatch	tokio/src/fs/file.rs	from_std
tokio/src/fs/file/tests.rs	read_twice_before_dispatch	tokio/src/fs/mocks.rs	len
tokio/src/fs/file/tests.rs	read_twice_before_dispatch	tokio/src/fs/mocks.rs	read
tokio/src/fs/file/tests.rs	read_with_bigger_buf	tokio-stream/src/once.rs	once
tokio/src/fs/file/tests.rs	read_with_bigger_buf	tokio-test/src/task.rs	spawn
tokio/src/fs/file/tests.rs	read_with_bigger_buf	tokio/src/fs/file.rs	from_std
tokio/src/fs/file/tests.rs	read_with_bigger_buf	tokio/src/fs/mocks.rs	len
tokio/src/fs/file/tests.rs	read_with_bigger_buf	tokio/src/fs/mocks.rs	read
tokio/src/fs/file/tests.rs	read_with_buffer_larger_than_max	tokio-stream/src/once.rs	once
tokio/src/fs/file/tests.rs	read_with_buffer_larger_than_max	tokio-test/src/task.rs	spawn
tokio/src/fs/file/tests.rs	read_with_buffer_larger_than_max	tokio/src/fs/file.rs	from_std
tokio/src/fs/file/tests.rs	read_with_buffer_larger_than_max	tokio/src/fs/mocks.rs	len
tokio/src/fs/file/tests.rs	read_with_buffer_larger_than_max	tokio/src/fs/mocks.rs	read
tokio/src/fs/file/tests.rs	read_with_smaller_buf	tokio-stream/src/once.rs	once
tokio/src/fs/file/tests.rs	read_with_smaller_buf	tokio-test/src/task.rs	spawn
tokio/src/fs/file/tests.rs	read_with_smaller_buf	tokio/src/fs/file.rs	from_std
tokio/src/fs/file/tests.rs	read_with_smaller_buf	tokio/src/fs/mocks.rs	len
tokio/src/fs/file/tests.rs	read_with_smaller_buf	tokio/src/fs/mocks.rs	read
tokio/src/fs/file/tests.rs	sync_all_err_ordered_after_write	tokio-stream/src/once.rs	once
tokio/src/fs/file/tests.rs	sync_all_err_ordered_after_write	tokio-test/src/task.rs	spawn
tokio/src/fs/file/tests.rs	sync_all_err_ordered_after_write	tokio/src/fs/file.rs	from_std
tokio/src/fs/file/tests.rs	sync_all_err_ordered_after_write	tokio/src/fs/file.rs	sync_all
tokio/src/fs/file/tests.rs	sync_all_err_ordered_after_write	tokio/src/fs/mocks.rs	len
tokio/src/fs/file/tests.rs	sync_all_err_ordered_after_write	tokio/src/fs/mocks.rs	write
tokio/src/fs/file/tests.rs	sync_all_ordered_after_write	tokio-stream/src/once.rs	once
tokio/src/fs/file/tests.rs	sync_all_ordered_after_write	tokio-test/src/task.rs	spawn
tokio/src/fs/file/tests.rs	sync_all_ordered_after_write	tokio/src/fs/file.rs	from_std
tokio/src/fs/file/tests.rs	sync_all_ordered_after_write	tokio/src/fs/file.rs	sync_all
tokio/src/fs/file/tests.rs	sync_all_ordered_after_write	tokio/src/fs/mocks.rs	len
tokio/src/fs/file/tests.rs	sync_all_ordered_after_write	tokio/src/fs/mocks.rs	write
tokio/src/fs/file/tests.rs	sync_data_err_ordered_after_write	tokio-stream/src/once.rs	once
tokio/src/fs/file/tests.rs	sync_data_err_ordered_after_write	tokio-test/src/task.rs	spawn
tokio/src/fs/file/tests.rs	sync_data_err_ordered_after_write	tokio/src/fs/file.rs	from_std
tokio/src/fs/file/tests.rs	sync_data_err_ordered_after_write	tokio/src/fs/file.rs	sync_data
tokio/src/fs/file/tests.rs	sync_data_err_ordered_after_write	tokio/src/fs/mocks.rs	len
tokio/src/fs/file/tests.rs	sync_data_err_ordered_after_write	tokio/src/fs/mocks.rs	write
tokio/src/fs/file/tests.rs	sync_data_ordered_after_write	tokio-stream/src/once.rs	once
tokio/src/fs/file/tests.rs	sync_data_ordered_after_write	tokio-test/src/task.rs	spawn
tokio/src/fs/file/tests.rs	sync_data_ordered_after_write	tokio/src/fs/file.rs	from_std
tokio/src/fs/file/tests.rs	sync_data_ordered_after_write	tokio/src/fs/file.rs	sync_data
tokio/src/fs/file/tests.rs	sync_data_ordered_after_write	tokio/src/fs/mocks.rs	len
tokio/src/fs/file/tests.rs	sync_data_ordered_after_write	tokio/src/fs/mocks.rs	write
tokio/src/fs/file/tests.rs	write_read_flush_err	tokio-stream/src/once.rs	once
tokio/src/fs/file/tests.rs	write_read_flush_err	tokio-test/src/task.rs	spawn
tokio/src/fs/file/tests.rs	write_read_flush_err	tokio/src/fs/file.rs	from_std
tokio/src/fs/file/tests.rs	write_read_flush_err	tokio/src/fs/mocks.rs	flush
tokio/src/fs/file/tests.rs	write_read_flush_err	tokio/src/fs/mocks.rs	len
tokio/src/fs/file/tests.rs	write_read_flush_err	tokio/src/fs/mocks.rs	read
tokio/src/fs/file/tests.rs	write_read_flush_err	tokio/src/fs/mocks.rs	write
tokio/src/fs/file/tests.rs	write_read_write_err	tokio-stream/src/once.rs	once
tokio/src/fs/file/tests.rs	write_read_write_err	tokio-test/src/task.rs	spawn
tokio/src/fs/file/tests.rs	write_read_write_err	tokio/src/fs/file.rs	from_std
tokio/src/fs/file/tests.rs	write_read_write_err	tokio/src/fs/mocks.rs	len
tokio/src/fs/file/tests.rs	write_read_write_err	tokio/src/fs/mocks.rs	read
tokio/src/fs/file/tests.rs	write_read_write_err	tokio/src/fs/mocks.rs	write
tokio/src/fs/file/tests.rs	write_seek_flush_err	tokio-stream/src/once.rs	once
tokio/src/fs/file/tests.rs	write_seek_flush_err	tokio-test/src/task.rs	spawn
tokio/src/fs/file/tests.rs	write_seek_flush_err	tokio/src/fs/file.rs	from_std
tokio/src/fs/file/tests.rs	write_seek_flush_err	tokio/src/fs/mocks.rs	flush
tokio/src/fs/file/tests.rs	write_seek_flush_err	tokio/src/fs/mocks.rs	seek
tokio/src/fs/file/tests.rs	write_seek_flush_err	tokio/src/fs/mocks.rs	write
tokio/src/fs/file/tests.rs	write_seek_write_err	tokio-stream/src/once.rs	once
tokio/src/fs/file/tests.rs	write_seek_write_err	tokio-test/src/task.rs	spawn
tokio/src/fs/file/tests.rs	write_seek_write_err	tokio/src/fs/file.rs	from_std
tokio/src/fs/file/tests.rs	write_seek_write_err	tokio/src/fs/mocks.rs	seek
tokio/src/fs/file/tests.rs	write_seek_write_err	tokio/src/fs/mocks.rs	write
tokio/src/fs/file/tests.rs	write_twice_before_dispatch	tokio-stream/src/once.rs	once
tokio/src/fs/file/tests.rs	write_twice_before_dispatch	tokio-test/src/task.rs	spawn
tokio/src/fs/file/tests.rs	write_twice_before_dispatch	tokio/src/fs/file.rs	from_std
tokio/src/fs/file/tests.rs	write_twice_before_dispatch	tokio/src/fs/mocks.rs	flush
tokio/src/fs/file/tests.rs	write_twice_before_dispatch	tokio/src/fs/mocks.rs	len
tokio/src/fs/file/tests.rs	write_twice_before_dispatch	tokio/src/fs/mocks.rs	write
tokio/src/fs/file/tests.rs	write_with_buffer_larger_than_max	tokio-stream/src/once.rs	once
tokio/src/fs/file/tests.rs	write_with_buffer_larger_than_max	tokio-test/src/task.rs	spawn
tokio/src/fs/file/tests.rs	write_with_buffer_larger_than_max	tokio/src/fs/file.rs	from_std
tokio/src/fs/file/tests.rs	write_with_buffer_larger_than_max	tokio/src/fs/mocks.rs	len
tokio/src/fs/file/tests.rs	write_with_buffer_larger_than_max	tokio/src/fs/mocks.rs	write
tokio/src/fs/file/tests.rs	write_write_err	tokio-stream/src/once.rs	once
tokio/src/fs/file/tests.rs	write_write_err	tokio-test/src/task.rs	spawn
tokio/src/fs/file/tests.rs	write_write_err	tokio/src/fs/file.rs	from_std
tokio/src/fs/file/tests.rs	write_write_err	tokio/src/fs/mocks.rs	write
tokio/src/fs/hard_link.rs	hard_link	tokio/src/fs/mod.rs	asyncify
tokio/src/fs/metadata.rs	metadata	tokio/src/fs/mod.rs	asyncify
tokio/src/fs/mocks.rs	closure@4760	tokio-util/src/codec/framed_impl.rs	borrow_mut
tokio/src/fs/mocks.rs	closure@5102	tokio-util/src/codec/framed_impl.rs	borrow_mut
tokio/src/fs/mocks.rs	closure@5697	tokio/src/fs/mocks.rs	len
tokio/src/fs/mocks.rs	closure@5815	tokio-util/src/codec/framed_impl.rs	borrow_mut
tokio/src/fs/mocks.rs	from	tokio/src/net/unix/socket.rs	into_raw_fd
tokio/src/fs/mocks.rs	len	tokio/src/fs/mocks.rs	len
tokio/src/fs/mocks.rs	poll	tokio/src/fs/mocks.rs	poll
tokio/src/fs/mocks.rs	poll	tokio/src/io/ready.rs	Ready
tokio/src/fs/mocks.rs	run_one	tokio-util/src/codec/framed_impl.rs	borrow_mut
tokio/src/fs/mocks.rs	spawn_blocking	tokio-util/src/codec/framed_impl.rs	borrow_mut
tokio/src/fs/mocks.rs	spawn_blocking	tokio/src/fs/mocks.rs	JoinHandle
tokio/src/fs/mocks.rs	spawn_blocking	tokio/src/sync/oneshot.rs	channel
tokio/src/fs/mocks.rs	spawn_mandatory_blocking	tokio-util/src/codec/framed_impl.rs	borrow_mut
tokio/src/fs/mocks.rs	spawn_mandatory_blocking	tokio/src/fs/mocks.rs	JoinHandle
tokio/src/fs/mocks.rs	spawn_mandatory_blocking	tokio/src/sync/oneshot.rs	channel
tokio/src/fs/open_options.rs	append	tokio/src/fs/open_options.rs	append
tokio/src/fs/open_options.rs	closure@17043	tokio/src/fs/open_options.rs	open
tokio/src/fs/open_options.rs	create	tokio/src/fs/open_options.rs	create
tokio/src/fs/open_options.rs	create_new	tokio/src/fs/open_options.rs	create_new
tokio/src/fs/open_options.rs	default	tokio/src/fs/open_options.rs	new
tokio/src/fs/open_options.rs	from	tokio/src/fs/open_options.rs	OpenOptions
tokio/src/fs/open_options.rs	from	tokio/src/fs/open_options.rs	Std
tokio/src/fs/open_options.rs	new	tokio/src/fs/open_options.rs	OpenOptions
tokio/src/fs/open_options.rs	new	tokio/src/fs/open_options.rs	Std
tokio/src/fs/open_options.rs	new	tokio/src/fs/open_options.rs	Uring
tokio/src/fs/open_options.rs	new	tokio/src/fs/open_options.rs	new
tokio/src/fs/open_options.rs	new	tokio/src/fs/open_options/uring_open_options.rs	new
tokio/src/fs/open_options.rs	open	tokio/src/fs/open_options.rs	open_inner
tokio/src/fs/open_options.rs	open_inner	tokio/src/fs/open_options.rs	std_open
tokio/src/fs/open_options.rs	open_inner	tokio/src/io/uring/open.rs	open
tokio/src/fs/open_options.rs	open_inner	tokio/src/runtime/handle.rs	current
tokio/src/fs/open_options.rs	open_inner	tokio/src/runtime/io/driver/uring.rs	check_and_init
tokio/src/fs/open_options.rs	open_inner	tokio/src/signal/unix.rs	io
tokio/src/fs/open_options.rs	read	tokio/src/fs/open_options.rs	read
tokio/src/fs/open_options.rs	std_open	tokio/src/fs/mod.rs	asyncify
tokio/src/fs/open_options.rs	std_open	tokio/src/fs/open_options.rs	open
tokio/src/fs/open_options.rs	truncate	tokio/src/fs/open_options.rs	truncate
tokio/src/fs/open_options.rs	write	tokio/src/fs/open_options.rs	write
tokio/src/fs/open_options/uring_open_options.rs	from	tokio/src/fs/open_options/uring_open_options.rs	append
tokio/src/fs/open_options/uring_open_options.rs	from	tokio/src/fs/open_options/uring_open_options.rs	create
tokio/src/fs/open_options/uring_open_options.rs	from	tokio/src/fs/open_options/uring_open_options.rs	create_new
tokio/src/fs/open_options/uring_open_options.rs	from	tokio/src/fs/open_options/uring_open_options.rs	custom_flags
tokio/src/fs/open_options/uring_open_options.rs	from	tokio/src/fs/open_options/uring_open_options.rs	mode
tokio/src/fs/open_options/uring_open_options.rs	from	tokio/src/fs/open_options/uring_open_options.rs	new
tokio/src/fs/open_options/uring_open_options.rs	from	tokio/src/fs/open_options/uring_open_options.rs	read
tokio/src/fs/open_options/uring_open_options.rs	from	tokio/src/fs/open_options/uring_open_options.rs	truncate
tokio/src/fs/open_options/uring_open_options.rs	from	tokio/src/fs/open_options/uring_open_options.rs	write
tokio/src/fs/read.rs	read	tokio/src/fs/read.rs	read_spawn_blocking
tokio/src/fs/read.rs	read	tokio/src/fs/read_uring.rs	read_uring
tokio/src/fs/read.rs	read	tokio/src/runtime/handle.rs	current
tokio/src/fs/read.rs	read	tokio/src/runtime/io/driver/uring.rs	check_and_init
tokio/src/fs/read.rs	read	tokio/src/signal/unix.rs	io
tokio/src/fs/read.rs	read_spawn_blocking	tokio/src/fs/mod.rs	asyncify
tokio/src/fs/read_dir.rs	closure@10850	tokio/src/fs/read_dir.rs	file_type
tokio/src/fs/read_dir.rs	closure@2438	tokio/src/fs/read_dir.rs	poll_next_entry
tokio/src/fs/read_dir.rs	closure@3987	tokio/src/fs/read_dir.rs	next_chunk
tokio/src/fs/read_dir.rs	closure@4672	tokio/src/fs/read_dir.rs	DirEntry
tokio/src/fs/read_dir.rs	closure@9292	tokio/src/fs/read_dir.rs	metadata
tokio/src/fs/read_dir.rs	closure@931	tokio/src/fs/read_dir.rs	Idle
tokio/src/fs/read_dir.rs	closure@931	tokio/src/fs/read_dir.rs	ReadDir
tokio/src/fs/read_dir.rs	closure@931	tokio/src/fs/read_dir.rs	next_chunk
tokio/src/fs/read_dir.rs	file_type	tokio/src/fs/mod.rs	asyncify
tokio/src/fs/read_dir.rs	file_type	tokio/src/fs/read_dir.rs	file_type
tokio/src/fs/read_dir.rs	metadata	tokio/src/fs/mod.rs	asyncify
tokio/src/fs/read_dir.rs	metadata	tokio/src/fs/read_dir.rs	metadata
tokio/src/fs/read_dir.rs	next_chunk	tokio/src/fs/read_dir.rs	DirEntry
tokio/src/fs/read_dir.rs	next_entry	tokio/src/fs/read_dir.rs	poll_next_entry
tokio/src/fs/read_dir.rs	poll_next_entry	tokio/src/fs/mocks.rs	spawn_blocking
tokio/src/fs/read_dir.rs	poll_next_entry	tokio/src/fs/read_dir.rs	Idle
tokio/src/fs/read_dir.rs	poll_next_entry	tokio/src/fs/read_dir.rs	Pending
tokio/src/fs/read_dir.rs	poll_next_entry	tokio/src/fs/read_dir.rs	next_chunk
tokio/src/fs/read_dir.rs	poll_next_entry	tokio/src/io/ready.rs	Ready
tokio/src/fs/read_dir.rs	read_dir	tokio/src/fs/mod.rs	asyncify
tokio/src/fs/read_dir.rs	read_dir	tokio/src/fs/read_dir.rs	Idle
tokio/src/fs/read_dir.rs	read_dir	tokio/src/fs/read_dir.rs	ReadDir
tokio/src/fs/read_dir.rs	read_dir	tokio/src/fs/read_dir.rs	next_chunk
tokio/src/fs/read_link.rs	read_link	tokio/src/fs/mod.rs	asyncify
tokio/src/fs/read_to_string.rs	read_to_string	tokio/src/fs/mod.rs	asyncify
tokio/src/fs/read_uring.rs	op_read	tokio/src/io/uring/read.rs	read_at
tokio/src/fs/read_uring.rs	read_to_end_uring	tokio/src/fs/read_uring.rs	op_read
tokio/src/fs/read_uring.rs	read_to_end_uring	tokio/src/fs/read_uring.rs	small_probe_read
tokio/src/fs/read_uring.rs	read_uring	tokio/src/fs/file.rs	try_into_std
tokio/src/fs/read_uring.rs	read_uring	tokio/src/fs/read_uring.rs	read_to_end_uring
tokio/src/fs/read_uring.rs	read_uring	tokio/src/io/uring/statx.rs	file_metadata
tokio/src/fs/read_uring.rs	read_uring	tokio/src/sync/mpsc/bounded.rs	try_reserve
tokio/src/fs/read_uring.rs	small_probe_read	tokio/src/fs/read_uring.rs	op_read
tokio/src/fs/read_uring.rs	small_probe_read	tokio/src/sync/mpsc/bounded.rs	try_reserve
tokio/src/fs/remove_dir.rs	remove_dir	tokio/src/fs/mod.rs	asyncify
tokio/src/fs/remove_dir_all.rs	remove_dir_all	tokio/src/fs/mod.rs	asyncify
tokio/src/fs/remove_file.rs	remove_file	tokio/src/fs/mod.rs	asyncify
tokio/src/fs/rename.rs	rename	tokio/src/fs/rename.rs	rename
tokio/src/fs/rename.rs	rename	tokio/src/fs/rename.rs	rename_blocking
tokio/src/fs/rename.rs	rename	tokio/src/runtime/handle.rs	current
tokio/src/fs/rename.rs	rename	tokio/src/runtime/io/driver/uring.rs	check_and_init
tokio/src/fs/rename.rs	rename	tokio/src/signal/unix.rs	io
tokio/src/fs/rename.rs	rename_blocking	tokio/src/fs/mod.rs	asyncify
tokio/src/fs/set_permissions.rs	set_permissions	tokio/src/fs/mod.rs	asyncify
tokio/src/fs/symlink.rs	symlink	tokio/src/fs/mod.rs	asyncify
tokio/src/fs/symlink_dir.rs	symlink_dir	tokio/src/fs/mod.rs	asyncify
tokio/src/fs/symlink_file.rs	symlink_file	tokio/src/fs/mod.rs	asyncify
tokio/src/fs/symlink_metadata.rs	symlink_metadata	tokio/src/fs/mod.rs	asyncify
tokio/src/fs/try_exists.rs	closure@2969	tokio/src/fs/try_exists.rs	try_exists
tokio/src/fs/try_exists.rs	try_exists	tokio/src/fs/try_exists.rs	try_exists_spawn_blocking
tokio/src/fs/try_exists.rs	try_exists	tokio/src/runtime/handle.rs	current
tokio/src/fs/try_exists.rs	try_exists	tokio/src/runtime/io/driver/uring.rs	check_and_init
tokio/src/fs/try_exists.rs	try_exists	tokio/src/signal/unix.rs	io
tokio/src/fs/try_exists.rs	try_exists_spawn_blocking	tokio/src/fs/mod.rs	asyncify
tokio/src/fs/try_exists.rs	try_exists_spawn_blocking	tokio/src/fs/try_exists.rs	try_exists
tokio/src/fs/write.rs	write	tokio/src/fs/write.rs	write_spawn_blocking
tokio/src/fs/write.rs	write	tokio/src/fs/write.rs	write_uring
tokio/src/fs/write.rs	write	tokio/src/runtime/handle.rs	current
tokio/src/fs/write.rs	write	tokio/src/runtime/io/driver/uring.rs	check_and_init
tokio/src/fs/write.rs	write	tokio/src/signal/unix.rs	io
tokio/src/fs/write.rs	write	tokio/src/util/as_ref.rs	upgrade
tokio/src/fs/write.rs	write_spawn_blocking	tokio/src/fs/mod.rs	asyncify
tokio/src/fs/write.rs	write_uring	tokio/src/fs/file.rs	try_into_std
tokio/src/fs/write.rs	write_uring	tokio/src/fs/write.rs	write
tokio/src/fs/write.rs	write_uring	tokio/src/io/uring/write.rs	write_at
tokio/src/fs/write.rs	write_uring	tokio/src/util/as_ref.rs	as_ref
tokio/src/future/maybe_done.rs	maybe_done_miri	tokio/src/future/maybe_done.rs	ThingAdder
tokio/src/future/maybe_done.rs	maybe_done_miri	tokio/src/future/maybe_done.rs	maybe_done
tokio/src/future/maybe_done.rs	poll	tokio/src/io/ready.rs	Ready
tokio/src/future/trace.rs	id	tokio/src/future/trace.rs	id
tokio/src/future/try_join.rs	poll	tokio/src/future/maybe_done.rs	output_mut
tokio/src/future/try_join.rs	poll	tokio/src/future/try_join.rs	poll
tokio/src/future/try_join.rs	poll	tokio/src/io/ready.rs	Ready
tokio/src/future/try_join.rs	poll	tokio/src/runtime/time/entry.rs	is_pending
tokio/src/future/try_join.rs	try_join3	tokio/src/future/maybe_done.rs	maybe_done
tokio/src/io/async_buf_read.rs	consume	tokio-util/src/io/sync_bridge.rs	consume
tokio/src/io/async_buf_read.rs	consume	tokio/src/io/async_buf_read.rs	consume
tokio/src/io/async_buf_read.rs	consume	tokio/src/util/mod.rs	pin_as_deref_mut
tokio/src/io/async_buf_read.rs	poll_fill_buf	tokio-util/src/io/sync_bridge.rs	fill_buf
tokio/src/io/async_buf_read.rs	poll_fill_buf	tokio/src/io/async_buf_read.rs	consume
tokio/src/io/async_buf_read.rs	poll_fill_buf	tokio/src/io/async_buf_read.rs	poll_fill_buf
tokio/src/io/async_buf_read.rs	poll_fill_buf	tokio/src/io/ready.rs	Ready
tokio/src/io/async_buf_read.rs	poll_fill_buf	tokio/src/util/mod.rs	pin_as_deref_mut
tokio/src/io/async_fd.rs	as_fd	tokio/src/io/async_fd.rs	as_raw_fd
tokio/src/io/async_fd.rs	as_raw_fd	tokio/src/io/async_fd.rs	as_raw_fd
tokio/src/io/async_fd.rs	async_io	tokio/src/io/async_fd.rs	get_ref
tokio/src/io/async_fd.rs	async_io	tokio/src/runtime/io/registration.rs	async_io
tokio/src/io/async_fd.rs	async_io_mut	tokio/src/runtime/io/registration.rs	async_io
tokio/src/io/async_fd.rs	closure@36068	tokio/src/io/async_fd.rs	get_ref
tokio/src/io/async_fd.rs	drop	tokio/src/io/async_fd.rs	take_inner
tokio/src/io/async_fd.rs	fmt	tokio/src/io/async_fd.rs	fmt
tokio/src/io/async_fd.rs	get_inner	tokio/src/io/async_fd.rs	get_ref
tokio/src/io/async_fd.rs	get_inner_mut	tokio/src/io/async_fd.rs	get_mut
tokio/src/io/async_fd.rs	into_inner	tokio/src/io/async_fd.rs	take_inner
tokio/src/io/async_fd.rs	new	tokio/src/io/async_fd.rs	with_interest
tokio/src/io/async_fd.rs	new_with_handle_and_interest	tokio/src/io/async_fd.rs	try_new_with_handle_and_interest
tokio/src/io/async_fd.rs	poll_read_ready	tokio/src/io/async_fd.rs	AsyncFdReadyGuard
tokio/src/io/async_fd.rs	poll_read_ready	tokio/src/io/ready.rs	Ready
tokio/src/io/async_fd.rs	poll_read_ready_mut	tokio/src/io/async_fd.rs	AsyncFdReadyMutGuard
tokio/src/io/async_fd.rs	poll_read_ready_mut	tokio/src/io/ready.rs	Ready
tokio/src/io/async_fd.rs	poll_write_ready	tokio/src/io/async_fd.rs	AsyncFdReadyGuard
tokio/src/io/async_fd.rs	poll_write_ready	tokio/src/io/ready.rs	Ready
tokio/src/io/async_fd.rs	poll_write_ready_mut	tokio/src/io/async_fd.rs	AsyncFdReadyMutGuard
tokio/src/io/async_fd.rs	poll_write_ready_mut	tokio/src/io/ready.rs	Ready
tokio/src/io/async_fd.rs	readable	tokio/src/io/async_fd.rs	ready
tokio/src/io/async_fd.rs	readable_mut	tokio/src/io/async_fd.rs	ready_mut
tokio/src/io/async_fd.rs	ready	tokio/src/io/async_fd.rs	AsyncFdReadyGuard
tokio/src/io/async_fd.rs	ready	tokio/src/runtime/io/registration.rs	readiness
tokio/src/io/async_fd.rs	ready_mut	tokio/src/io/async_fd.rs	AsyncFdReadyMutGuard
tokio/src/io/async_fd.rs	ready_mut	tokio/src/runtime/io/registration.rs	readiness
tokio/src/io/async_fd.rs	take_inner	tokio/src/io/async_fd.rs	as_raw_fd
tokio/src/io/async_fd.rs	take_inner	tokio/src/runtime/io/registration.rs	deregister
tokio/src/io/async_fd.rs	try_io	tokio/src/io/async_fd.rs	TryIoError
tokio/src/io/async_fd.rs	try_io	tokio/src/io/async_fd.rs	clear_ready
tokio/src/io/async_fd.rs	try_io	tokio/src/runtime/io/registration.rs	try_io
tokio/src/io/async_fd.rs	try_io_mut	tokio/src/runtime/io/registration.rs	try_io
tokio/src/io/async_fd.rs	try_new	tokio/src/io/async_fd.rs	try_with_interest
tokio/src/io/async_fd.rs	try_new_with_handle_and_interest	tokio/src/io/async_fd.rs	AsyncFd
tokio/src/io/async_fd.rs	try_new_with_handle_and_interest	tokio/src/io/async_fd.rs	AsyncFdTryNewError
tokio/src/io/async_fd.rs	try_new_with_handle_and_interest	tokio/src/runtime/io/registration.rs	new_with_interest_and_handle
tokio/src/io/async_fd.rs	try_with_interest	tokio/src/io/async_fd.rs	try_new_with_handle_and_interest
tokio/src/io/async_fd.rs	try_with_interest	tokio/src/runtime/handle.rs	current
tokio/src/io/async_fd.rs	with_interest	tokio/src/io/async_fd.rs	new_with_handle_and_interest
tokio/src/io/async_fd.rs	with_interest	tokio/src/runtime/handle.rs	current
tokio/src/io/async_fd.rs	writable	tokio/src/io/async_fd.rs	ready
tokio/src/io/async_fd.rs	writable_mut	tokio/src/io/async_fd.rs	ready_mut
tokio/src/io/async_read.rs	poll_read	tokio/src/io/async_read.rs	poll_read
tokio/src/io/async_read.rs	poll_read	tokio/src/io/read_buf.rs	put_slice
tokio/src/io/async_read.rs	poll_read	tokio/src/io/read_buf.rs	remaining
tokio/src/io/async_read.rs	poll_read	tokio/src/io/ready.rs	Ready
tokio/src/io/async_read.rs	poll_read	tokio/src/util/mod.rs	pin_as_deref_mut
tokio/src/io/async_seek.rs	poll_complete	tokio/src/io/async_seek.rs	poll_complete
tokio/src/io/async_seek.rs	poll_complete	tokio/src/io/ready.rs	Ready
tokio/src/io/async_seek.rs	poll_complete	tokio/src/util/mod.rs	pin_as_deref_mut
tokio/src/io/async_seek.rs	start_seek	tokio/src/io/async_seek.rs	poll_complete
tokio/src/io/async_seek.rs	start_seek	tokio/src/io/async_seek.rs	start_seek
tokio/src/io/async_seek.rs	start_seek	tokio/src/util/mod.rs	pin_as_deref_mut
tokio/src/io/async_write.rs	is_write_vectored	tokio/src/io/async_write.rs	is_write_vectored
tokio/src/io/async_write.rs	poll_flush	tokio/src/io/async_write.rs	poll_flush
tokio/src/io/async_write.rs	poll_flush	tokio/src/io/ready.rs	Ready
tokio/src/io/async_write.rs	poll_flush	tokio/src/util/mod.rs	pin_as_deref_mut
tokio/src/io/async_write.rs	poll_shutdown	tokio/src/io/async_write.rs	poll_shutdown
tokio/src/io/async_write.rs	poll_shutdown	tokio/src/io/ready.rs	Ready
tokio/src/io/async_write.rs	poll_shutdown	tokio/src/util/mod.rs	pin_as_deref_mut
tokio/src/io/async_write.rs	poll_write	tokio/src/io/async_write.rs	is_write_vectored
tokio/src/io/async_write.rs	poll_write	tokio/src/io/async_write.rs	poll_flush
tokio/src/io/async_write.rs	poll_write	tokio/src/io/async_write.rs	poll_shutdown
tokio/src/io/async_write.rs	poll_write	tokio/src/io/async_write.rs	poll_write
tokio/src/io/async_write.rs	poll_write	tokio/src/io/async_write.rs	poll_write_vectored
tokio/src/io/async_write.rs	poll_write	tokio/src/io/ready.rs	Ready
tokio/src/io/async_write.rs	poll_write	tokio/src/util/mod.rs	pin_as_deref_mut
tokio/src/io/async_write.rs	poll_write_vectored	tokio/src/io/async_write.rs	poll_write
tokio/src/io/async_write.rs	poll_write_vectored	tokio/src/io/async_write.rs	poll_write_vectored
tokio/src/io/async_write.rs	poll_write_vectored	tokio/src/io/ready.rs	Ready
tokio/src/io/async_write.rs	poll_write_vectored	tokio/src/util/mod.rs	pin_as_deref_mut
tokio/src/io/blocking.rs	closure@2085	tokio/src/io/blocking.rs	read_from
tokio/src/io/blocking.rs	closure@3707	tokio/src/io/blocking.rs	len
tokio/src/io/blocking.rs	closure@3707	tokio/src/io/blocking.rs	write_to
tokio/src/io/blocking.rs	copy_from	tokio/src/io/blocking.rs	len
tokio/src/io/blocking.rs	copy_to	tokio/src/io/blocking.rs	bytes
tokio/src/io/blocking.rs	copy_to	tokio/src/io/blocking.rs	len
tokio/src/io/blocking.rs	copy_to	tokio/src/io/read_buf.rs	put_slice
tokio/src/io/blocking.rs	copy_to	tokio/src/io/read_buf.rs	remaining
tokio/src/io/blocking.rs	is_empty	tokio/src/io/blocking.rs	len
tokio/src/io/blocking.rs	poll_flush	tokio/src/io/blocking.rs	Busy
tokio/src/io/blocking.rs	poll_flush	tokio/src/io/blocking.rs	Idle
tokio/src/io/blocking.rs	poll_flush	tokio/src/io/ready.rs	Ready
tokio/src/io/blocking.rs	poll_read	tokio/src/io/blocking.rs	Busy
tokio/src/io/blocking.rs	poll_read	tokio/src/io/blocking.rs	Idle
tokio/src/io/blocking.rs	poll_read	tokio/src/io/blocking.rs	copy_to
tokio/src/io/blocking.rs	poll_read	tokio/src/io/blocking.rs	is_empty
tokio/src/io/blocking.rs	poll_read	tokio/src/io/blocking.rs	read_from
tokio/src/io/blocking.rs	poll_read	tokio/src/io/read_buf.rs	remaining
tokio/src/io/blocking.rs	poll_read	tokio/src/io/ready.rs	Ready
tokio/src/io/blocking.rs	poll_shutdown	tokio/src/io/ready.rs	Ready
tokio/src/io/blocking.rs	poll_write	tokio/src/io/blocking.rs	Busy
tokio/src/io/blocking.rs	poll_write	tokio/src/io/blocking.rs	Idle
tokio/src/io/blocking.rs	poll_write	tokio/src/io/blocking.rs	copy_from
tokio/src/io/blocking.rs	poll_write	tokio/src/io/blocking.rs	len
tokio/src/io/blocking.rs	poll_write	tokio/src/io/blocking.rs	write_to
tokio/src/io/blocking.rs	poll_write	tokio/src/io/ready.rs	Ready
tokio/src/io/blocking.rs	with_capacity	tokio/src/io/blocking.rs	Buf
tokio/src/io/blocking.rs	with_capacity	tokio/src/io/blocking.rs	with_capacity
tokio/src/io/bsd/poll_aio.rs	clear_ready	tokio/src/runtime/io/registration.rs	clear_readiness
tokio/src/io/bsd/poll_aio.rs	deregister	tokio/src/io/bsd/poll_aio.rs	deregister
tokio/src/io/bsd/poll_aio.rs	new_for_aio	tokio/src/io/bsd/poll_aio.rs	new_with_interest
tokio/src/io/bsd/poll_aio.rs	new_for_lio	tokio/src/io/bsd/poll_aio.rs	new_with_interest
tokio/src/io/bsd/poll_aio.rs	new_with_interest	tokio/src/io/bsd/poll_aio.rs	MioSource
tokio/src/io/bsd/poll_aio.rs	new_with_interest	tokio/src/runtime/handle.rs	current
tokio/src/io/bsd/poll_aio.rs	new_with_interest	tokio/src/runtime/io/registration.rs	new_with_interest_and_handle
tokio/src/io/bsd/poll_aio.rs	poll_ready	tokio/src/io/bsd/poll_aio.rs	AioEvent
tokio/src/io/bsd/poll_aio.rs	poll_ready	tokio/src/io/ready.rs	Ready
tokio/src/io/bsd/poll_aio.rs	register	tokio/src/io/bsd/poll_aio.rs	register_borrowed
tokio/src/io/bsd/poll_aio.rs	register_borrowed	tokio/src/io/bsd/poll_aio.rs	register
tokio/src/io/bsd/poll_aio.rs	reregister	tokio/src/io/bsd/poll_aio.rs	register_borrowed
tokio/src/io/interest.rs	bitor	tokio/src/io/interest.rs	add
tokio/src/io/interest.rs	fmt	tokio/src/io/interest.rs	is_aio
tokio/src/io/interest.rs	fmt	tokio/src/io/interest.rs	is_error
tokio/src/io/interest.rs	fmt	tokio/src/io/interest.rs	is_lio
tokio/src/io/interest.rs	fmt	tokio/src/io/interest.rs	is_priority
tokio/src/io/interest.rs	fmt	tokio/src/io/interest.rs	is_readable
tokio/src/io/interest.rs	fmt	tokio/src/io/interest.rs	is_writable
tokio/src/io/interest.rs	to_mio	tokio/src/io/interest.rs	is_aio
tokio/src/io/interest.rs	to_mio	tokio/src/io/interest.rs	is_error
tokio/src/io/interest.rs	to_mio	tokio/src/io/interest.rs	is_lio
tokio/src/io/interest.rs	to_mio	tokio/src/io/interest.rs	is_priority
tokio/src/io/interest.rs	to_mio	tokio/src/io/interest.rs	is_readable
tokio/src/io/interest.rs	to_mio	tokio/src/io/interest.rs	is_writable
tokio/src/io/interest.rs	to_mio	tokio/src/io/interest.rs	mio_add
tokio/src/io/join.rs	consume	tokio/src/io/join.rs	consume
tokio/src/io/join.rs	is_write_vectored	tokio/src/io/join.rs	is_write_vectored
tokio/src/io/join.rs	poll_fill_buf	tokio/src/io/join.rs	poll_fill_buf
tokio/src/io/join.rs	poll_flush	tokio/src/io/join.rs	poll_flush
tokio/src/io/join.rs	poll_read	tokio/src/io/join.rs	poll_read
tokio/src/io/join.rs	poll_shutdown	tokio/src/io/join.rs	poll_shutdown
tokio/src/io/join.rs	poll_write	tokio/src/io/join.rs	poll_write
tokio/src/io/join.rs	poll_write_vectored	tokio/src/io/join.rs	poll_write_vectored
tokio/src/io/poll_evented.rs	new	tokio/src/io/poll_evented.rs	new_with_interest
tokio/src/io/poll_evented.rs	new_with_interest	tokio/src/io/poll_evented.rs	new_with_interest_and_handle
tokio/src/io/poll_evented.rs	new_with_interest	tokio/src/runtime/handle.rs	current
tokio/src/io/poll_evented.rs	new_with_interest_and_handle	tokio/src/runtime/io/registration.rs	new_with_interest_and_handle
tokio/src/io/poll_evented.rs	reregister	tokio/src/runtime/handle.rs	current
tokio/src/io/poll_evented.rs	reregister	tokio/src/runtime/io/registration.rs	new_with_interest_and_handle
tokio/src/io/read_buf.rs	advance	tokio/src/io/read_buf.rs	set_filled
tokio/src/io/read_buf.rs	advance_mut	tokio/src/io/read_buf.rs	advance
tokio/src/io/read_buf.rs	advance_mut	tokio/src/io/read_buf.rs	assume_init
tokio/src/io/read_buf.rs	chunk_mut	tokio/src/io/read_buf.rs	unfilled_mut
tokio/src/io/read_buf.rs	filled	tokio/src/io/read_buf.rs	slice_assume_init
tokio/src/io/read_buf.rs	filled_mut	tokio/src/io/read_buf.rs	slice_assume_init_mut
tokio/src/io/read_buf.rs	fmt	tokio/src/io/read_buf.rs	capacity
tokio/src/io/read_buf.rs	initialize_unfilled	tokio/src/io/read_buf.rs	initialize_unfilled_to
tokio/src/io/read_buf.rs	initialize_unfilled	tokio/src/io/read_buf.rs	remaining
tokio/src/io/read_buf.rs	initialize_unfilled_to	tokio/src/io/read_buf.rs	slice_assume_init_mut
tokio/src/io/read_buf.rs	initialized	tokio/src/io/read_buf.rs	slice_assume_init
tokio/src/io/read_buf.rs	initialized_mut	tokio/src/io/read_buf.rs	slice_assume_init_mut
tokio/src/io/read_buf.rs	new	tokio/src/io/read_buf.rs	ReadBuf
tokio/src/io/read_buf.rs	new	tokio/src/io/read_buf.rs	slice_to_uninit_mut
tokio/src/io/read_buf.rs	remaining	tokio/src/io/read_buf.rs	capacity
tokio/src/io/read_buf.rs	remaining_mut	tokio/src/io/read_buf.rs	remaining
tokio/src/io/read_buf.rs	take	tokio/src/io/read_buf.rs	remaining
tokio/src/io/read_buf.rs	take	tokio/src/io/read_buf.rs	unfilled_mut
tokio/src/io/read_buf.rs	take	tokio/src/io/read_buf.rs	uninit
tokio/src/io/read_buf.rs	uninit	tokio/src/io/read_buf.rs	ReadBuf
tokio/src/io/ready.rs	bitand	tokio/src/io/ready.rs	Ready
tokio/src/io/ready.rs	bitor	tokio/src/io/ready.rs	Ready
tokio/src/io/ready.rs	fmt	tokio/src/io/ready.rs	is_error
tokio/src/io/ready.rs	fmt	tokio/src/io/ready.rs	is_priority
tokio/src/io/ready.rs	fmt	tokio/src/io/ready.rs	is_read_closed
tokio/src/io/ready.rs	fmt	tokio/src/io/ready.rs	is_readable
tokio/src/io/ready.rs	fmt	tokio/src/io/ready.rs	is_writable
tokio/src/io/ready.rs	fmt	tokio/src/io/ready.rs	is_write_closed
tokio/src/io/ready.rs	from_interest	tokio/src/io/interest.rs	is_error
tokio/src/io/ready.rs	from_interest	tokio/src/io/interest.rs	is_priority
tokio/src/io/ready.rs	from_interest	tokio/src/io/interest.rs	is_readable
tokio/src/io/ready.rs	from_interest	tokio/src/io/interest.rs	is_writable
tokio/src/io/ready.rs	from_usize	tokio/src/io/ready.rs	Ready
tokio/src/io/ready.rs	from_usize	tokio/src/io/ready.rs	as_usize
tokio/src/io/ready.rs	intersection	tokio/src/io/ready.rs	Ready
tokio/src/io/ready.rs	intersection	tokio/src/io/ready.rs	from_interest
tokio/src/io/ready.rs	is_error	tokio/src/io/ready.rs	contains
tokio/src/io/ready.rs	is_priority	tokio/src/io/ready.rs	contains
tokio/src/io/ready.rs	is_read_closed	tokio/src/io/ready.rs	contains
tokio/src/io/ready.rs	is_readable	tokio/src/io/ready.rs	contains
tokio/src/io/ready.rs	is_readable	tokio/src/io/ready.rs	is_read_closed
tokio/src/io/ready.rs	is_writable	tokio/src/io/ready.rs	contains
tokio/src/io/ready.rs	is_writable	tokio/src/io/ready.rs	is_write_closed
tokio/src/io/ready.rs	is_write_closed	tokio/src/io/ready.rs	contains
tokio/src/io/ready.rs	satisfies	tokio/src/io/ready.rs	from_interest
tokio/src/io/ready.rs	sub	tokio/src/io/ready.rs	Ready
tokio/src/io/seek.rs	poll	tokio/src/io/ready.rs	Ready
tokio/src/io/seek.rs	seek	tokio/src/fs/file.rs	Seek
tokio/src/io/split.rs	closure@3168	tokio/src/io/split.rs	poll_read
tokio/src/io/split.rs	closure@3433	tokio/src/io/split.rs	poll_write
tokio/src/io/split.rs	closure@3601	tokio/src/io/split.rs	poll_flush
tokio/src/io/split.rs	closure@3767	tokio/src/io/split.rs	poll_shutdown
tokio/src/io/split.rs	closure@4015	tokio/src/io/split.rs	poll_write_vectored
tokio/src/io/split.rs	is_pair_of	tokio/src/io/split.rs	is_pair_of
tokio/src/io/split.rs	poll_flush	tokio/src/io/split.rs	poll_flush
tokio/src/io/split.rs	poll_flush	tokio/src/io/split.rs	with_lock
tokio/src/io/split.rs	poll_read	tokio/src/io/split.rs	poll_read
tokio/src/io/split.rs	poll_read	tokio/src/io/split.rs	with_lock
tokio/src/io/split.rs	poll_shutdown	tokio/src/io/split.rs	poll_shutdown
tokio/src/io/split.rs	poll_shutdown	tokio/src/io/split.rs	with_lock
tokio/src/io/split.rs	poll_write	tokio/src/io/split.rs	poll_write
tokio/src/io/split.rs	poll_write	tokio/src/io/split.rs	with_lock
tokio/src/io/split.rs	poll_write_vectored	tokio/src/io/split.rs	poll_write_vectored
tokio/src/io/split.rs	poll_write_vectored	tokio/src/io/split.rs	with_lock
tokio/src/io/split.rs	unsplit	tokio/src/io/split.rs	is_pair_of
tokio/src/io/stderr.rs	as_fd	tokio/src/io/stderr.rs	as_raw_fd
tokio/src/io/stderr.rs	as_raw_fd	tokio/src/io/stderr.rs	as_raw_fd
tokio/src/io/stderr.rs	poll_flush	tokio/src/io/stderr.rs	poll_flush
tokio/src/io/stderr.rs	poll_shutdown	tokio/src/io/stderr.rs	poll_shutdown
tokio/src/io/stderr.rs	poll_write	tokio/src/io/stderr.rs	poll_write
tokio/src/io/stdin.rs	as_fd	tokio/src/io/stdin.rs	as_raw_fd
tokio/src/io/stdin.rs	as_raw_fd	tokio/src/io/stdin.rs	as_raw_fd
tokio/src/io/stdin.rs	poll_read	tokio/src/io/stdin.rs	poll_read
tokio/src/io/stdio_common.rs	closure@1162	tokio/src/io/stdio_common.rs	new
tokio/src/io/stdio_common.rs	closure@1162	tokio/src/io/stdio_common.rs	poll_write
tokio/src/io/stdio_common.rs	new	tokio/src/io/stdio_common.rs	LoggingMockWriter
tokio/src/io/stdio_common.rs	new	tokio/src/io/stdio_common.rs	new
tokio/src/io/stdio_common.rs	poll_flush	tokio/src/io/ready.rs	Ready
tokio/src/io/stdio_common.rs	poll_flush	tokio/src/io/stdio_common.rs	new
tokio/src/io/stdio_common.rs	poll_flush	tokio/src/io/stdio_common.rs	poll_flush
tokio/src/io/stdio_common.rs	poll_shutdown	tokio/src/io/ready.rs	Ready
tokio/src/io/stdio_common.rs	poll_shutdown	tokio/src/io/stdio_common.rs	new
tokio/src/io/stdio_common.rs	poll_shutdown	tokio/src/io/stdio_common.rs	poll_shutdown
tokio/src/io/stdio_common.rs	poll_write	tokio/src/io/ready.rs	Ready
tokio/src/io/stdio_common.rs	poll_write	tokio/src/io/stdio_common.rs	new
tokio/src/io/stdio_common.rs	poll_write	tokio/src/io/stdio_common.rs	poll_write
tokio/src/io/stdio_common.rs	test_pseudo_text	tokio-stream/src/stream_ext/collect.rs	extend
tokio/src/io/stdio_common.rs	test_pseudo_text	tokio/src/io/stdio_common.rs	new
tokio/src/io/stdio_common.rs	test_pseudo_text	tokio/src/runtime/builder.rs	new_current_thread
tokio/src/io/stdio_common.rs	test_splitter	tokio/src/io/stdio_common.rs	new
tokio/src/io/stdio_common.rs	test_splitter	tokio/src/runtime/builder.rs	new_current_thread
tokio/src/io/stdout.rs	as_fd	tokio/src/io/stdout.rs	as_raw_fd
tokio/src/io/stdout.rs	as_raw_fd	tokio/src/io/stdout.rs	as_raw_fd
tokio/src/io/stdout.rs	poll_flush	tokio/src/io/stdout.rs	poll_flush
tokio/src/io/stdout.rs	poll_shutdown	tokio/src/io/stdout.rs	poll_shutdown
tokio/src/io/stdout.rs	poll_write	tokio/src/io/stdout.rs	poll_write
tokio/src/io/uring/open.rs	cancel	tokio/src/runtime/driver/op.rs	Open
tokio/src/io/uring/open.rs	closure@684	tokio/src/fs/file.rs	from_raw_fd
tokio/src/io/uring/open.rs	complete	tokio/src/fs/file.rs	from_raw_fd
tokio/src/io/uring/open.rs	open	tokio/src/fs/open_options/uring_open_options.rs	access_mode
tokio/src/io/uring/open.rs	open	tokio/src/fs/open_options/uring_open_options.rs	creation_mode
tokio/src/io/uring/open.rs	open	tokio/src/fs/open_options/uring_open_options.rs	mode
tokio/src/io/uring/open.rs	open	tokio/src/io/uring/open.rs	Open
tokio/src/io/uring/open.rs	open	tokio/src/io/uring/utils.rs	cstr
tokio/src/io/uring/open.rs	open	tokio/src/runtime/driver/op.rs	new
tokio/src/io/uring/read.rs	cancel	tokio/src/runtime/driver/op.rs	ReadBuf
tokio/src/io/uring/read.rs	cancel	tokio/src/runtime/driver/op.rs	ReadVec
tokio/src/io/uring/read.rs	complete	tokio/src/io/uring/read.rs	uring_read_complete
tokio/src/io/uring/read.rs	read_at	tokio/src/io/uring/read.rs	Read
tokio/src/io/uring/read.rs	read_at	tokio/src/io/uring/utils.rs	as_raw_fd
tokio/src/io/uring/read.rs	read_at	tokio/src/runtime/driver/op.rs	new
tokio/src/io/uring/read.rs	read_at	tokio/src/sync/mpsc/block.rs	offset
tokio/src/io/uring/rename.rs	cancel	tokio/src/runtime/driver/op.rs	Rename
tokio/src/io/uring/rename.rs	rename	tokio/src/io/uring/rename.rs	Rename
tokio/src/io/uring/rename.rs	rename	tokio/src/io/uring/utils.rs	cstr
tokio/src/io/uring/rename.rs	rename	tokio/src/runtime/driver/op.rs	new
tokio/src/io/uring/statx.rs	cancel	tokio/src/runtime/driver/op.rs	Statx
tokio/src/io/uring/statx.rs	closure@2171	tokio/src/io/uring/statx.rs	Metadata
tokio/src/io/uring/statx.rs	complete	tokio/src/io/uring/statx.rs	Metadata
tokio/src/io/uring/statx.rs	file_metadata	tokio/src/fs/file.rs	as_raw_fd
tokio/src/io/uring/statx.rs	file_metadata	tokio/src/io/read_buf.rs	uninit
tokio/src/io/uring/statx.rs	file_metadata	tokio/src/io/uring/statx.rs	Statx
tokio/src/io/uring/statx.rs	file_metadata	tokio/src/runtime/driver/op.rs	new
tokio/src/io/uring/statx.rs	fmt	tokio/src/io/uring/statx.rs	len
tokio/src/io/uring/statx.rs	metadata	tokio/src/io/uring/statx.rs	statx
tokio/src/io/uring/statx.rs	statx	tokio/src/io/read_buf.rs	uninit
tokio/src/io/uring/statx.rs	statx	tokio/src/io/uring/statx.rs	Statx
tokio/src/io/uring/statx.rs	statx	tokio/src/io/uring/utils.rs	cstr
tokio/src/io/uring/statx.rs	statx	tokio/src/runtime/driver/op.rs	new
tokio/src/io/uring/statx.rs	symlink_metadata	tokio/src/io/uring/statx.rs	statx
tokio/src/io/uring/utils.rs	as_raw_fd	tokio/src/io/uring/utils.rs	as_raw_fd
tokio/src/io/uring/write.rs	cancel	tokio/src/runtime/driver/op.rs	Write
tokio/src/io/uring/write.rs	write_at	tokio/src/io/uring/utils.rs	as_raw_fd
tokio/src/io/uring/write.rs	write_at	tokio/src/io/uring/write.rs	Write
tokio/src/io/uring/write.rs	write_at	tokio/src/runtime/driver/op.rs	new
tokio/src/io/uring/write.rs	write_at	tokio/src/sync/mpsc/block.rs	offset
tokio/src/io/uring/write.rs	write_at	tokio/src/util/as_ref.rs	as_ref
tokio/src/io/util/buf_reader.rs	assert_unpin	tokio/src/lib.rs	is_unpin
tokio/src/io/util/buf_reader.rs	is_write_vectored	tokio/src/io/util/buf_reader.rs	get_ref
tokio/src/io/util/buf_reader.rs	is_write_vectored	tokio/src/io/util/buf_reader.rs	is_write_vectored
tokio/src/io/util/buf_reader.rs	new	tokio/src/io/util/buf_reader.rs	with_capacity
tokio/src/io/util/buf_reader.rs	poll_complete	tokio/src/io/ready.rs	Ready
tokio/src/io/util/buf_reader.rs	poll_complete	tokio/src/io/util/buf_reader.rs	PendingOverflowed
tokio/src/io/util/buf_reader.rs	poll_complete	tokio/src/io/util/buf_reader.rs	discard_buffer
tokio/src/io/util/buf_reader.rs	poll_complete	tokio/src/io/util/buf_reader.rs	get_pin_mut
tokio/src/io/util/buf_reader.rs	poll_complete	tokio/src/io/util/buf_reader.rs	poll_complete
tokio/src/io/util/buf_reader.rs	poll_complete	tokio/src/io/util/buf_reader.rs	start_seek
tokio/src/io/util/buf_reader.rs	poll_complete	tokio/src/runtime/time/entry.rs	is_pending
tokio/src/io/util/buf_reader.rs	poll_complete	tokio/src/time/instant.rs	checked_sub
tokio/src/io/util/buf_reader.rs	poll_fill_buf	tokio/src/io/read_buf.rs	new
tokio/src/io/util/buf_reader.rs	poll_fill_buf	tokio/src/io/ready.rs	Ready
tokio/src/io/util/buf_reader.rs	poll_flush	tokio/src/io/util/buf_reader.rs	get_pin_mut
tokio/src/io/util/buf_reader.rs	poll_flush	tokio/src/io/util/buf_reader.rs	poll_flush
tokio/src/io/util/buf_reader.rs	poll_read	tokio/src/io/read_buf.rs	put_slice
tokio/src/io/util/buf_reader.rs	poll_read	tokio/src/io/read_buf.rs	remaining
tokio/src/io/util/buf_reader.rs	poll_read	tokio/src/io/ready.rs	Ready
tokio/src/io/util/buf_reader.rs	poll_read	tokio/src/io/util/buf_reader.rs	consume
tokio/src/io/util/buf_reader.rs	poll_read	tokio/src/io/util/buf_reader.rs	discard_buffer
tokio/src/io/util/buf_reader.rs	poll_shutdown	tokio/src/io/util/buf_reader.rs	get_pin_mut
tokio/src/io/util/buf_reader.rs	poll_shutdown	tokio/src/io/util/buf_reader.rs	poll_shutdown
tokio/src/io/util/buf_reader.rs	poll_write	tokio/src/io/util/buf_reader.rs	get_pin_mut
tokio/src/io/util/buf_reader.rs	poll_write	tokio/src/io/util/buf_reader.rs	poll_write
tokio/src/io/util/buf_reader.rs	poll_write_vectored	tokio/src/io/util/buf_reader.rs	get_pin_mut
tokio/src/io/util/buf_reader.rs	poll_write_vectored	tokio/src/io/util/buf_reader.rs	poll_write_vectored
tokio/src/io/util/buf_reader.rs	start_seek	tokio/src/io/util/buf_reader.rs	Start
tokio/src/io/util/buf_stream.rs	assert_unpin	tokio/src/lib.rs	is_unpin
tokio/src/io/util/buf_stream.rs	consume	tokio/src/io/util/buf_stream.rs	consume
tokio/src/io/util/buf_stream.rs	get_mut	tokio/src/io/util/buf_stream.rs	get_mut
tokio/src/io/util/buf_stream.rs	get_pin_mut	tokio/src/io/util/buf_stream.rs	get_pin_mut
tokio/src/io/util/buf_stream.rs	get_ref	tokio/src/io/util/buf_stream.rs	get_ref
tokio/src/io/util/buf_stream.rs	into_inner	tokio/src/io/util/buf_stream.rs	into_inner
tokio/src/io/util/buf_stream.rs	is_write_vectored	tokio/src/io/util/buf_stream.rs	is_write_vectored
tokio/src/io/util/buf_stream.rs	new	tokio/src/io/util/buf_reader.rs	new
tokio/src/io/util/buf_stream.rs	new	tokio/src/io/util/buf_writer.rs	new
tokio/src/io/util/buf_stream.rs	poll_complete	tokio/src/io/util/buf_stream.rs	poll_complete
tokio/src/io/util/buf_stream.rs	poll_fill_buf	tokio/src/io/util/buf_stream.rs	poll_fill_buf
tokio/src/io/util/buf_stream.rs	poll_flush	tokio/src/io/util/buf_stream.rs	poll_flush
tokio/src/io/util/buf_stream.rs	poll_read	tokio/src/io/util/buf_stream.rs	poll_read
tokio/src/io/util/buf_stream.rs	poll_shutdown	tokio/src/io/util/buf_stream.rs	poll_shutdown
tokio/src/io/util/buf_stream.rs	poll_write	tokio/src/io/util/buf_stream.rs	poll_write
tokio/src/io/util/buf_stream.rs	poll_write_vectored	tokio/src/io/util/buf_stream.rs	poll_write_vectored
tokio/src/io/util/buf_stream.rs	start_seek	tokio/src/io/util/buf_stream.rs	start_seek
tokio/src/io/util/buf_stream.rs	with_capacity	tokio/src/io/util/buf_reader.rs	with_capacity
tokio/src/io/util/buf_stream.rs	with_capacity	tokio/src/io/util/buf_writer.rs	with_capacity
tokio/src/io/util/buf_writer.rs	assert_unpin	tokio/src/lib.rs	is_unpin
tokio/src/io/util/buf_writer.rs	consume	tokio/src/io/util/buf_writer.rs	consume
tokio/src/io/util/buf_writer.rs	consume	tokio/src/io/util/buf_writer.rs	get_pin_mut
tokio/src/io/util/buf_writer.rs	flush_buf	tokio/src/io/ready.rs	Ready
tokio/src/io/util/buf_writer.rs	flush_buf	tokio/src/io/util/buf_writer.rs	new
tokio/src/io/util/buf_writer.rs	flush_buf	tokio/src/util/idle_notified_set.rs	drain
tokio/src/io/util/buf_writer.rs	new	tokio/src/io/util/buf_writer.rs	with_capacity
tokio/src/io/util/buf_writer.rs	poll_complete	tokio/src/io/ready.rs	Ready
tokio/src/io/util/buf_writer.rs	poll_complete	tokio/src/io/util/buf_writer.rs	poll_complete
tokio/src/io/util/buf_writer.rs	poll_complete	tokio/src/io/util/buf_writer.rs	start_seek
tokio/src/io/util/buf_writer.rs	poll_fill_buf	tokio/src/io/util/buf_writer.rs	get_pin_mut
tokio/src/io/util/buf_writer.rs	poll_fill_buf	tokio/src/io/util/buf_writer.rs	poll_fill_buf
tokio/src/io/util/buf_writer.rs	poll_flush	tokio/src/io/util/buf_writer.rs	get_pin_mut
tokio/src/io/util/buf_writer.rs	poll_flush	tokio/src/io/util/buf_writer.rs	poll_flush
tokio/src/io/util/buf_writer.rs	poll_read	tokio/src/io/util/buf_writer.rs	get_pin_mut
tokio/src/io/util/buf_writer.rs	poll_read	tokio/src/io/util/buf_writer.rs	poll_read
tokio/src/io/util/buf_writer.rs	poll_shutdown	tokio/src/io/util/buf_writer.rs	get_pin_mut
tokio/src/io/util/buf_writer.rs	poll_shutdown	tokio/src/io/util/buf_writer.rs	poll_shutdown
tokio/src/io/util/buf_writer.rs	poll_write	tokio/src/io/ready.rs	Ready
tokio/src/io/util/buf_writer.rs	poll_write	tokio/src/io/util/buf_writer.rs	poll_write
tokio/src/io/util/buf_writer.rs	poll_write_vectored	tokio-stream/src/stream_ext.rs	fold
tokio/src/io/util/buf_writer.rs	poll_write_vectored	tokio/src/io/ready.rs	Ready
tokio/src/io/util/buf_writer.rs	poll_write_vectored	tokio/src/io/util/buf_writer.rs	is_write_vectored
tokio/src/io/util/buf_writer.rs	poll_write_vectored	tokio/src/io/util/buf_writer.rs	poll_write
tokio/src/io/util/buf_writer.rs	poll_write_vectored	tokio/src/io/util/buf_writer.rs	poll_write_vectored
tokio/src/io/util/buf_writer.rs	start_seek	tokio/src/io/util/buf_writer.rs	Start
tokio/src/io/util/buf_writer.rs	with_capacity	tokio/src/io/util/buf_writer.rs	with_capacity
tokio/src/io/util/chain.rs	assert_unpin	tokio/src/lib.rs	is_unpin
tokio/src/io/util/chain.rs	consume	tokio/src/io/util/chain.rs	consume
tokio/src/io/util/chain.rs	poll_fill_buf	tokio/src/io/ready.rs	Ready
tokio/src/io/util/chain.rs	poll_fill_buf	tokio/src/io/util/chain.rs	poll_fill_buf
tokio/src/io/util/chain.rs	poll_read	tokio/src/io/read_buf.rs	remaining
tokio/src/io/util/chain.rs	poll_read	tokio/src/io/ready.rs	Ready
tokio/src/io/util/chain.rs	poll_read	tokio/src/io/util/chain.rs	poll_read
tokio/src/io/util/copy.rs	poll	tokio/src/io/util/copy.rs	new
tokio/src/io/util/copy.rs	poll	tokio/src/io/util/copy.rs	poll_copy
tokio/src/io/util/copy.rs	poll_copy	tokio/src/io/ready.rs	Ready
tokio/src/io/util/copy.rs	poll_copy	tokio/src/io/util/copy.rs	new
tokio/src/io/util/copy.rs	poll_copy	tokio/src/io/util/copy.rs	poll_fill_buf
tokio/src/io/util/copy.rs	poll_fill_buf	tokio/src/io/async_read.rs	poll_read
tokio/src/io/util/copy.rs	poll_fill_buf	tokio/src/io/read_buf.rs	new
tokio/src/io/util/copy_bidirectional.rs	closure@3951	tokio/src/io/ready.rs	Ready
tokio/src/io/util/copy_bidirectional.rs	closure@3951	tokio/src/io/util/copy_bidirectional.rs	transfer_one_direction
tokio/src/io/util/copy_bidirectional.rs	copy_bidirectional	tokio/src/io/util/copy.rs	new
tokio/src/io/util/copy_bidirectional.rs	copy_bidirectional	tokio/src/io/util/copy_bidirectional.rs	copy_bidirectional_impl
tokio/src/io/util/copy_bidirectional.rs	copy_bidirectional_impl	tokio/src/io/ready.rs	Ready
tokio/src/io/util/copy_bidirectional.rs	copy_bidirectional_impl	tokio/src/io/util/copy_bidirectional.rs	Running
tokio/src/io/util/copy_bidirectional.rs	copy_bidirectional_impl	tokio/src/io/util/copy_bidirectional.rs	transfer_one_direction
tokio/src/io/util/copy_bidirectional.rs	copy_bidirectional_with_sizes	tokio/src/io/util/copy.rs	new
tokio/src/io/util/copy_bidirectional.rs	copy_bidirectional_with_sizes	tokio/src/io/util/copy_bidirectional.rs	copy_bidirectional_impl
tokio/src/io/util/copy_bidirectional.rs	transfer_one_direction	tokio/src/io/ready.rs	Ready
tokio/src/io/util/copy_bidirectional.rs	transfer_one_direction	tokio/src/io/util/copy_bidirectional.rs	Done
tokio/src/io/util/copy_bidirectional.rs	transfer_one_direction	tokio/src/io/util/copy_bidirectional.rs	ShuttingDown
tokio/src/io/util/copy_buf.rs	assert_unpin	tokio/src/lib.rs	is_unpin
tokio/src/io/util/copy_buf.rs	poll	tokio/src/io/ready.rs	Ready
tokio/src/io/util/empty.rs	assert_unpin	tokio/src/lib.rs	is_unpin
tokio/src/io/util/empty.rs	poll_complete	tokio/src/io/ready.rs	Ready
tokio/src/io/util/empty.rs	poll_fill_buf	tokio/src/io/ready.rs	Ready
tokio/src/io/util/empty.rs	poll_flush	tokio/src/io/ready.rs	Ready
tokio/src/io/util/empty.rs	poll_read	tokio/src/io/ready.rs	Ready
tokio/src/io/util/empty.rs	poll_shutdown	tokio/src/io/ready.rs	Ready
tokio/src/io/util/empty.rs	poll_write	tokio/src/io/ready.rs	Ready
tokio/src/io/util/empty.rs	poll_write_vectored	tokio/src/io/ready.rs	Ready
tokio/src/io/util/fill_buf.rs	poll	tokio/src/io/ready.rs	Ready
tokio/src/io/util/lines.rs	assert_unpin	tokio/src/lib.rs	is_unpin
tokio/src/io/util/lines.rs	closure@1806	tokio/src/io/util/lines.rs	poll_next_line
tokio/src/io/util/lines.rs	next_line	tokio/src/io/util/lines.rs	poll_next_line
tokio/src/io/util/lines.rs	poll_next_line	tokio/src/io/ready.rs	Ready
tokio/src/io/util/mem.rs	drop	tokio/src/io/util/mem.rs	close_read
tokio/src/io/util/mem.rs	drop	tokio/src/io/util/mem.rs	close_write
tokio/src/io/util/mem.rs	duplex	tokio/src/io/util/mem.rs	DuplexStream
tokio/src/io/util/mem.rs	duplex	tokio/src/io/util/mem.rs	new_unsplit
tokio/src/io/util/mem.rs	new_unsplit	tokio/src/io/util/mem.rs	SimplexStream
tokio/src/io/util/mem.rs	poll_flush	tokio/src/io/ready.rs	Ready
tokio/src/io/util/mem.rs	poll_flush	tokio/src/io/util/mem.rs	poll_flush
tokio/src/io/util/mem.rs	poll_read	tokio/src/io/util/mem.rs	poll_read
tokio/src/io/util/mem.rs	poll_read_internal	tokio/src/io/read_buf.rs	put_slice
tokio/src/io/util/mem.rs	poll_read_internal	tokio/src/io/read_buf.rs	remaining
tokio/src/io/util/mem.rs	poll_read_internal	tokio/src/io/ready.rs	Ready
tokio/src/io/util/mem.rs	poll_shutdown	tokio/src/io/ready.rs	Ready
tokio/src/io/util/mem.rs	poll_shutdown	tokio/src/io/util/mem.rs	close_write
tokio/src/io/util/mem.rs	poll_shutdown	tokio/src/io/util/mem.rs	poll_shutdown
tokio/src/io/util/mem.rs	poll_write	tokio/src/io/util/mem.rs	poll_write
tokio/src/io/util/mem.rs	poll_write_internal	tokio/src/io/ready.rs	Ready
tokio/src/io/util/mem.rs	poll_write_vectored	tokio/src/io/util/mem.rs	poll_write_vectored
tokio/src/io/util/mem.rs	poll_write_vectored_internal	tokio-stream/src/stream_ext.rs	all
tokio/src/io/util/mem.rs	poll_write_vectored_internal	tokio/src/io/ready.rs	Ready
tokio/src/io/util/mem.rs	simplex	tokio/src/io/util/mem.rs	new_unsplit
tokio/src/io/util/read.rs	poll	tokio/src/io/read_buf.rs	filled
tokio/src/io/util/read.rs	poll	tokio/src/io/read_buf.rs	new
tokio/src/io/util/read.rs	poll	tokio/src/io/ready.rs	Ready
tokio/src/io/util/read_buf.rs	poll	tokio/src/io/read_buf.rs	advance_mut
tokio/src/io/util/read_buf.rs	poll	tokio/src/io/read_buf.rs	chunk_mut
tokio/src/io/util/read_buf.rs	poll	tokio/src/io/read_buf.rs	filled
tokio/src/io/util/read_buf.rs	poll	tokio/src/io/read_buf.rs	uninit
tokio/src/io/util/read_buf.rs	poll	tokio/src/io/ready.rs	Ready
tokio/src/io/util/read_exact.rs	poll	tokio/src/io/read_buf.rs	remaining
tokio/src/io/util/read_exact.rs	poll	tokio/src/io/ready.rs	Ready
tokio/src/io/util/read_exact.rs	poll	tokio/src/io/util/read_exact.rs	eof
tokio/src/io/util/read_exact.rs	read_exact	tokio/src/io/read_buf.rs	new
tokio/src/io/util/read_int.rs	new	tokio/src/io/read_buf.rs	filled
tokio/src/io/util/read_int.rs	new	tokio/src/io/read_buf.rs	new
tokio/src/io/util/read_int.rs	new	tokio/src/io/ready.rs	Ready
tokio/src/io/util/read_line.rs	finish_string_read	tokio/src/io/ready.rs	Ready
tokio/src/io/util/read_line.rs	finish_string_read	tokio/src/io/util/read_line.rs	put_back_original_data
tokio/src/io/util/read_line.rs	poll	tokio/src/io/util/read_line.rs	read_line_internal
tokio/src/io/util/read_line.rs	read_line_internal	tokio/src/io/util/read_line.rs	finish_string_read
tokio/src/io/util/read_to_end.rs	poll	tokio/src/io/util/read_to_end.rs	read_to_end_internal
tokio/src/io/util/read_to_end.rs	poll_read_to_end	tokio/src/io/async_read.rs	poll_read
tokio/src/io/util/read_to_end.rs	poll_read_to_end	tokio/src/io/read_buf.rs	filled
tokio/src/io/util/read_to_end.rs	poll_read_to_end	tokio/src/io/read_buf.rs	put_slice
tokio/src/io/util/read_to_end.rs	poll_read_to_end	tokio/src/io/read_buf.rs	remaining
tokio/src/io/util/read_to_end.rs	poll_read_to_end	tokio/src/io/read_buf.rs	uninit
tokio/src/io/util/read_to_end.rs	poll_read_to_end	tokio/src/io/ready.rs	Ready
tokio/src/io/util/read_to_end.rs	poll_read_to_end	tokio/src/io/util/vec_with_initialized.rs	apply_read_buf
tokio/src/io/util/read_to_end.rs	poll_read_to_end	tokio/src/io/util/vec_with_initialized.rs	get_read_buf
tokio/src/io/util/read_to_end.rs	poll_read_to_end	tokio/src/io/util/vec_with_initialized.rs	into_read_buf_parts
tokio/src/io/util/read_to_end.rs	poll_read_to_end	tokio/src/io/util/vec_with_initialized.rs	reserve
tokio/src/io/util/read_to_end.rs	poll_read_to_end	tokio/src/io/util/vec_with_initialized.rs	try_small_read_first
tokio/src/io/util/read_to_end.rs	read_to_end	tokio/src/io/util/vec_with_initialized.rs	new
tokio/src/io/util/read_to_end.rs	read_to_end_internal	tokio/src/io/ready.rs	Ready
tokio/src/io/util/read_to_string.rs	poll	tokio/src/io/util/read_to_string.rs	read_to_string_internal
tokio/src/io/util/read_to_string.rs	read_to_string	tokio/src/io/util/vec_with_initialized.rs	new
tokio/src/io/util/read_to_string.rs	read_to_string_internal	tokio/src/io/util/read_line.rs	finish_string_read
tokio/src/io/util/read_to_string.rs	read_to_string_internal	tokio/src/io/util/vec_with_initialized.rs	take
tokio/src/io/util/read_until.rs	poll	tokio/src/io/util/read_until.rs	read_until_internal
tokio/src/io/util/read_until.rs	read_until_internal	tokio-util/src/util/memchr.rs	memchr
tokio/src/io/util/read_until.rs	read_until_internal	tokio/src/io/ready.rs	Ready
tokio/src/io/util/repeat.rs	assert_unpin	tokio/src/lib.rs	is_unpin
tokio/src/io/util/repeat.rs	poll_read	tokio/src/io/read_buf.rs	remaining
tokio/src/io/util/repeat.rs	poll_read	tokio/src/io/ready.rs	Ready
tokio/src/io/util/sink.rs	assert_unpin	tokio/src/lib.rs	is_unpin
tokio/src/io/util/sink.rs	poll_flush	tokio/src/io/ready.rs	Ready
tokio/src/io/util/sink.rs	poll_shutdown	tokio/src/io/ready.rs	Ready
tokio/src/io/util/sink.rs	poll_write	tokio/src/io/ready.rs	Ready
tokio/src/io/util/split.rs	assert_unpin	tokio/src/lib.rs	is_unpin
tokio/src/io/util/split.rs	closure@1606	tokio/src/io/util/split.rs	poll_next_segment
tokio/src/io/util/split.rs	next_segment	tokio/src/io/util/split.rs	poll_next_segment
tokio/src/io/util/split.rs	poll_next_segment	tokio/src/io/ready.rs	Ready
tokio/src/io/util/split.rs	poll_next_segment	tokio/src/util/linked_list.rs	last
tokio/src/io/util/take.rs	assert_unpin	tokio/src/lib.rs	is_unpin
tokio/src/io/util/take.rs	consume	tokio/src/io/util/take.rs	consume
tokio/src/io/util/take.rs	poll_fill_buf	tokio/src/io/ready.rs	Ready
tokio/src/io/util/take.rs	poll_read	tokio/src/io/read_buf.rs	advance
tokio/src/io/util/take.rs	poll_read	tokio/src/io/read_buf.rs	assume_init
tokio/src/io/util/take.rs	poll_read	tokio/src/io/read_buf.rs	filled
tokio/src/io/util/take.rs	poll_read	tokio/src/io/read_buf.rs	take
tokio/src/io/util/take.rs	poll_read	tokio/src/io/ready.rs	Ready
tokio/src/io/util/vec_with_initialized.rs	apply_read_buf	tokio/src/fs/file.rs	set_len
tokio/src/io/util/vec_with_initialized.rs	get_read_buf	tokio/src/io/read_buf.rs	assume_init
tokio/src/io/util/vec_with_initialized.rs	get_read_buf	tokio/src/io/read_buf.rs	set_filled
tokio/src/io/util/vec_with_initialized.rs	get_read_buf	tokio/src/io/read_buf.rs	uninit
tokio/src/io/util/vec_with_initialized.rs	into_read_buf_parts	tokio/src/io/read_buf.rs	filled
tokio/src/io/util/vec_with_initialized.rs	into_read_buf_parts	tokio/src/io/read_buf.rs	initialized
tokio/src/io/util/vec_with_initialized.rs	into_read_buf_parts	tokio/src/io/util/vec_with_initialized.rs	ReadBufParts
tokio/src/io/util/vec_with_initialized.rs	is_empty	tokio/src/io/util/vec_with_initialized.rs	is_empty
tokio/src/io/util/vec_with_initialized.rs	reserve	tokio/src/io/util/vec_with_initialized.rs	reserve
tokio/src/io/util/write_all.rs	poll	tokio/src/io/ready.rs	Ready
tokio/src/io/util/write_all_buf.rs	poll	tokio/src/io/read_buf.rs	advance
tokio/src/io/util/write_all_buf.rs	poll	tokio/src/io/ready.rs	Ready
tokio/src/io/util/write_all_buf.rs	poll	tokio/src/task/coop/mod.rs	has_remaining
tokio/src/io/util/write_buf.rs	poll	tokio/src/io/read_buf.rs	advance
tokio/src/io/util/write_buf.rs	poll	tokio/src/io/ready.rs	Ready
tokio/src/io/util/write_buf.rs	poll	tokio/src/task/coop/mod.rs	has_remaining
tokio/src/io/util/write_int.rs	new	tokio/src/io/ready.rs	Ready
tokio/src/loom/mocked.rs	lock	tokio/src/loom/mocked.rs	lock
tokio/src/loom/mocked.rs	new	tokio/src/loom/mocked.rs	Mutex
tokio/src/loom/mocked.rs	new	tokio/src/loom/mocked.rs	new
tokio/src/loom/mocked.rs	read	tokio/src/loom/mocked.rs	read
tokio/src/loom/mocked.rs	try_lock	tokio/src/loom/mocked.rs	try_lock
tokio/src/loom/mocked.rs	try_read	tokio/src/loom/mocked.rs	try_read
tokio/src/loom/mocked.rs	try_write	tokio/src/loom/mocked.rs	try_write
tokio/src/loom/mocked.rs	write	tokio/src/loom/mocked.rs	write
tokio/src/loom/std/atomic_u16.rs	fmt	tokio/src/loom/std/atomic_u16.rs	deref
tokio/src/loom/std/atomic_u16.rs	fmt	tokio/src/loom/std/atomic_u16.rs	fmt
tokio/src/loom/std/atomic_u16.rs	new	tokio/src/loom/std/atomic_u16.rs	AtomicU16
tokio/src/loom/std/atomic_u16.rs	new	tokio/src/loom/std/atomic_u16.rs	new
tokio/src/loom/std/atomic_u16.rs	new	tokio/src/loom/std/unsafe_cell.rs	new
tokio/src/loom/std/atomic_u32.rs	fmt	tokio/src/loom/std/atomic_u16.rs	fmt
tokio/src/loom/std/atomic_u32.rs	fmt	tokio/src/loom/std/atomic_u32.rs	deref
tokio/src/loom/std/atomic_u32.rs	new	tokio/src/loom/std/atomic_u32.rs	AtomicU32
tokio/src/loom/std/atomic_u32.rs	new	tokio/src/loom/std/atomic_u32.rs	new
tokio/src/loom/std/atomic_u32.rs	new	tokio/src/loom/std/unsafe_cell.rs	new
tokio/src/loom/std/atomic_u64_as_mutex.rs	compare_exchange_weak	tokio/src/loom/std/atomic_u64_as_mutex.rs	compare_exchange
tokio/src/loom/std/atomic_u64_static_once_cell.rs	closure@1205	tokio/src/loom/std/atomic_u64_static_once_cell.rs	new
tokio/src/loom/std/atomic_u64_static_once_cell.rs	compare_exchange_weak	tokio/src/loom/std/atomic_u64_static_once_cell.rs	inner
tokio/src/loom/std/atomic_u64_static_once_cell.rs	fetch_add	tokio/src/loom/std/atomic_u64_static_once_cell.rs	inner
tokio/src/loom/std/atomic_u64_static_once_cell.rs	inner	tokio/src/loom/std/atomic_u64_static_once_cell.rs	new
tokio/src/loom/std/atomic_u64_static_once_cell.rs	load	tokio/src/loom/std/atomic_u64_static_once_cell.rs	inner
tokio/src/loom/std/atomic_u64_static_once_cell.rs	new	tokio/src/loom/std/atomic_u64_static_once_cell.rs	StaticAtomicU64
tokio/src/loom/std/atomic_u64_static_once_cell.rs	new	tokio/src/loom/std/atomic_u64_static_once_cell.rs	new
tokio/src/loom/std/atomic_usize.rs	fmt	tokio/src/loom/std/atomic_usize.rs	fmt
tokio/src/loom/std/atomic_usize.rs	new	tokio/src/loom/std/atomic_usize.rs	AtomicUsize
tokio/src/loom/std/atomic_usize.rs	new	tokio/src/loom/std/atomic_usize.rs	new
tokio/src/loom/std/atomic_usize.rs	new	tokio/src/loom/std/unsafe_cell.rs	new
tokio/src/loom/std/barrier.rs	new	tokio/src/loom/std/barrier.rs	Barrier
tokio/src/loom/std/barrier.rs	new	tokio/src/loom/std/barrier.rs	BarrierState
tokio/src/loom/std/barrier.rs	new	tokio/src/loom/std/barrier.rs	new
tokio/src/loom/std/barrier.rs	new	tokio/src/loom/std/parking_lot.rs	new
tokio/src/loom/std/barrier.rs	wait	tokio/src/loom/std/barrier.rs	BarrierWaitResult
tokio/src/loom/std/barrier.rs	wait	tokio/src/loom/std/parking_lot.rs	notify_all
tokio/src/loom/std/barrier.rs	wait	tokio/src/loom/std/parking_lot.rs	wait
tokio/src/loom/std/barrier.rs	wait_timeout	tokio/src/loom/std/barrier.rs	BarrierWaitResult
tokio/src/loom/std/barrier.rs	wait_timeout	tokio/src/loom/std/parking_lot.rs	notify_all
tokio/src/loom/std/barrier.rs	wait_timeout	tokio/src/loom/std/parking_lot.rs	wait_timeout
tokio/src/loom/std/barrier.rs	wait_timeout	tokio/src/time/instant.rs	now
tokio/src/loom/std/barrier.rs	wait_timeout	tokio/src/time/instant.rs	saturating_duration_since
tokio/src/loom/std/mod.rs	COUNTER	tokio/src/loom/std/atomic_u32.rs	new
tokio/src/loom/std/mod.rs	num_cpus	tokio-macros/src/entry.rs	parse
tokio/src/loom/std/mutex.rs	const_new	tokio/src/loom/std/mutex.rs	Mutex
tokio/src/loom/std/mutex.rs	const_new	tokio/src/loom/std/mutex.rs	new
tokio/src/loom/std/mutex.rs	lock	tokio/src/loom/std/mutex.rs	lock
tokio/src/loom/std/mutex.rs	new	tokio/src/loom/std/mutex.rs	Mutex
tokio/src/loom/std/mutex.rs	new	tokio/src/loom/std/mutex.rs	new
tokio/src/loom/std/mutex.rs	try_lock	tokio/src/loom/std/mutex.rs	try_lock
tokio/src/loom/std/parking_lot.rs	closure@2006	tokio/src/loom/std/parking_lot.rs	MutexGuard
tokio/src/loom/std/parking_lot.rs	closure@2884	tokio/src/loom/std/parking_lot.rs	RwLockReadGuard
tokio/src/loom/std/parking_lot.rs	closure@3186	tokio/src/loom/std/parking_lot.rs	RwLockWriteGuard
tokio/src/loom/std/parking_lot.rs	const_new	tokio/src/loom/std/parking_lot.rs	Mutex
tokio/src/loom/std/parking_lot.rs	deref	tokio/src/loom/std/parking_lot.rs	deref
tokio/src/loom/std/parking_lot.rs	deref_mut	tokio/src/loom/std/parking_lot.rs	deref_mut
tokio/src/loom/std/parking_lot.rs	fmt	tokio/src/loom/std/parking_lot.rs	fmt
tokio/src/loom/std/parking_lot.rs	get_mut	tokio/src/loom/std/parking_lot.rs	get_mut
tokio/src/loom/std/parking_lot.rs	lock	tokio/src/loom/std/parking_lot.rs	MutexGuard
tokio/src/loom/std/parking_lot.rs	lock	tokio/src/loom/std/parking_lot.rs	lock
tokio/src/loom/std/parking_lot.rs	new	tokio/src/loom/std/parking_lot.rs	Condvar
tokio/src/loom/std/parking_lot.rs	new	tokio/src/loom/std/parking_lot.rs	Mutex
tokio/src/loom/std/parking_lot.rs	new	tokio/src/loom/std/parking_lot.rs	RwLock
tokio/src/loom/std/parking_lot.rs	new	tokio/src/loom/std/parking_lot.rs	new
tokio/src/loom/std/parking_lot.rs	notify_all	tokio/src/loom/std/parking_lot.rs	notify_all
tokio/src/loom/std/parking_lot.rs	notify_one	tokio/src/loom/std/parking_lot.rs	notify_one
tokio/src/loom/std/parking_lot.rs	read	tokio/src/loom/std/parking_lot.rs	RwLockReadGuard
tokio/src/loom/std/parking_lot.rs	read	tokio/src/loom/std/parking_lot.rs	read
tokio/src/loom/std/parking_lot.rs	try_lock	tokio/src/loom/std/parking_lot.rs	MutexGuard
tokio/src/loom/std/parking_lot.rs	try_lock	tokio/src/loom/std/parking_lot.rs	try_lock
tokio/src/loom/std/parking_lot.rs	try_read	tokio/src/loom/std/parking_lot.rs	RwLockReadGuard
tokio/src/loom/std/parking_lot.rs	try_read	tokio/src/loom/std/parking_lot.rs	try_read
tokio/src/loom/std/parking_lot.rs	try_write	tokio/src/loom/std/parking_lot.rs	RwLockWriteGuard
tokio/src/loom/std/parking_lot.rs	try_write	tokio/src/loom/std/parking_lot.rs	try_write
tokio/src/loom/std/parking_lot.rs	wait	tokio/src/loom/std/parking_lot.rs	wait
tokio/src/loom/std/parking_lot.rs	wait_timeout	tokio/src/sync/watch.rs	wait_for
tokio/src/loom/std/parking_lot.rs	write	tokio/src/loom/std/parking_lot.rs	RwLockWriteGuard
tokio/src/loom/std/parking_lot.rs	write	tokio/src/loom/std/parking_lot.rs	write
tokio/src/loom/std/rwlock.rs	new	tokio/src/loom/std/rwlock.rs	new
tokio/src/loom/std/rwlock.rs	read	tokio/src/loom/std/rwlock.rs	read
tokio/src/loom/std/rwlock.rs	try_read	tokio/src/loom/std/rwlock.rs	try_read
tokio/src/loom/std/rwlock.rs	try_write	tokio/src/loom/std/rwlock.rs	try_write
tokio/src/loom/std/rwlock.rs	write	tokio/src/loom/std/rwlock.rs	write
tokio/src/loom/std/unsafe_cell.rs	new	tokio/src/loom/std/unsafe_cell.rs	UnsafeCell
tokio/src/loom/std/unsafe_cell.rs	new	tokio/src/loom/std/unsafe_cell.rs	new
tokio/src/net/addr.rs	to_socket_addrs	tokio/src/net/addr.rs	slice_to_vec
tokio/src/net/addr.rs	to_socket_addrs	tokio/src/net/addr.rs	to_socket_addrs
tokio/src/net/addr.rs	to_socket_addrs	tokio/src/runtime/time_alt/cancellation_queue.rs	into_iter
tokio/src/net/tcp/listener.rs	accept	tokio/src/io/poll_evented.rs	registration
tokio/src/net/tcp/listener.rs	accept	tokio/src/net/tcp/listener.rs	accept
tokio/src/net/tcp/listener.rs	accept	tokio/src/net/tcp/stream.rs	new
tokio/src/net/tcp/listener.rs	as_fd	tokio/src/net/tcp/listener.rs	as_raw_fd
tokio/src/net/tcp/listener.rs	as_raw_fd	tokio/src/net/tcp/listener.rs	as_raw_fd
tokio/src/net/tcp/listener.rs	closure@10164	tokio/src/doc/os.rs	into_raw_socket
tokio/src/net/tcp/listener.rs	closure@10212	tokio/src/doc/os.rs	from_raw_socket
tokio/src/net/tcp/listener.rs	closure@10468	tokio/src/net/unix/socket.rs	into_raw_fd
tokio/src/net/tcp/listener.rs	closure@5523	tokio/src/net/tcp/listener.rs	accept
tokio/src/net/tcp/listener.rs	fmt	tokio/src/net/tcp/listener.rs	fmt
tokio/src/net/tcp/listener.rs	from_std	tokio/src/io/poll_evented.rs	new
tokio/src/net/tcp/listener.rs	from_std	tokio/src/net/tcp/listener.rs	from_std
tokio/src/net/tcp/listener.rs	from_std	tokio/src/util/blocking_check.rs	check_socket_for_blocking
tokio/src/net/tcp/listener.rs	into_std	tokio/src/doc/os.rs	from_raw_socket
tokio/src/net/tcp/listener.rs	into_std	tokio/src/doc/os.rs	into_raw_socket
tokio/src/net/tcp/listener.rs	into_std	tokio/src/net/unix/socket.rs	into_raw_fd
tokio/src/net/tcp/listener.rs	local_addr	tokio/src/net/tcp/listener.rs	local_addr
tokio/src/net/tcp/listener.rs	poll_accept	tokio/src/io/poll_evented.rs	registration
tokio/src/net/tcp/listener.rs	poll_accept	tokio/src/io/ready.rs	Ready
tokio/src/net/tcp/listener.rs	poll_accept	tokio/src/net/tcp/listener.rs	accept
tokio/src/net/tcp/listener.rs	poll_accept	tokio/src/net/tcp/stream.rs	new
tokio/src/net/tcp/listener.rs	set_ttl	tokio/src/net/tcp/listener.rs	set_ttl
tokio/src/net/tcp/listener.rs	try_from	tokio/src/net/tcp/listener.rs	from_std
tokio/src/net/tcp/listener.rs	ttl	tokio/src/net/tcp/listener.rs	ttl
tokio/src/net/tcp/socket.rs	bind	tokio/src/net/tcp/socket.rs	bind
tokio/src/net/tcp/socket.rs	bind_device	tokio/src/net/tcp/socket.rs	bind_device
tokio/src/net/tcp/socket.rs	connect	tokio/src/doc/os.rs	from_raw_socket
tokio/src/net/tcp/socket.rs	connect	tokio/src/doc/os.rs	into_raw_socket
tokio/src/net/tcp/socket.rs	connect	tokio/src/net/tcp/socket.rs	connect
tokio/src/net/tcp/socket.rs	connect	tokio/src/net/unix/socket.rs	into_raw_fd
tokio/src/net/tcp/socket.rs	connect	tokio/src/net/unix/stream.rs	connect_mio
tokio/src/net/tcp/socket.rs	convert_address	tokio/src/net/tcp/socket.rs	new
tokio/src/net/tcp/socket.rs	device	tokio/src/net/tcp/socket.rs	device
tokio/src/net/tcp/socket.rs	fmt	tokio/src/net/tcp/socket.rs	fmt
tokio/src/net/tcp/socket.rs	from_std_stream	tokio/src/doc/os.rs	from_raw_socket
tokio/src/net/tcp/socket.rs	keepalive	tokio/src/net/tcp/socket.rs	keepalive
tokio/src/net/tcp/socket.rs	linger	tokio/src/net/tcp/socket.rs	linger
tokio/src/net/tcp/socket.rs	listen	tokio/src/doc/os.rs	from_raw_socket
tokio/src/net/tcp/socket.rs	listen	tokio/src/doc/os.rs	into_raw_socket
tokio/src/net/tcp/socket.rs	listen	tokio/src/net/tcp/socket.rs	listen
tokio/src/net/tcp/socket.rs	listen	tokio/src/net/tcp/socket.rs	new
tokio/src/net/tcp/socket.rs	listen	tokio/src/net/unix/socket.rs	into_raw_fd
tokio/src/net/tcp/socket.rs	local_addr	tokio/src/net/tcp/socket.rs	local_addr
tokio/src/net/tcp/socket.rs	new	tokio/src/net/tcp/socket.rs	new
tokio/src/net/tcp/socket.rs	new_v4	tokio/src/net/tcp/socket.rs	new
tokio/src/net/tcp/socket.rs	new_v6	tokio/src/net/tcp/socket.rs	new
tokio/src/net/tcp/socket.rs	recv_buffer_size	tokio/src/net/tcp/socket.rs	recv_buffer_size
tokio/src/net/tcp/socket.rs	send_buffer_size	tokio/src/net/tcp/socket.rs	send_buffer_size
tokio/src/net/tcp/socket.rs	set_keepalive	tokio/src/net/tcp/socket.rs	set_keepalive
tokio/src/net/tcp/socket.rs	set_linger	tokio/src/net/tcp/socket.rs	set_linger
tokio/src/net/tcp/socket.rs	set_recv_buffer_size	tokio/src/net/tcp/socket.rs	set_recv_buffer_size
tokio/src/net/tcp/socket.rs	set_send_buffer_size	tokio/src/net/tcp/socket.rs	set_send_buffer_size
tokio/src/net/tcp/socket.rs	set_tclass_v6	tokio/src/net/tcp/socket.rs	set_tclass_v6
tokio/src/net/tcp/socket.rs	set_tos	tokio/src/net/tcp/socket.rs	set_tos_v4
tokio/src/net/tcp/socket.rs	set_tos_v4	tokio/src/net/tcp/socket.rs	set_tos_v4
tokio/src/net/tcp/socket.rs	set_zero_linger	tokio/src/net/tcp/socket.rs	set_linger
tokio/src/net/tcp/socket.rs	take_error	tokio/src/net/tcp/socket.rs	take_error
tokio/src/net/tcp/socket.rs	tclass_v6	tokio/src/net/tcp/socket.rs	tclass_v6
tokio/src/net/tcp/socket.rs	tos	tokio/src/net/tcp/socket.rs	tos_v4
tokio/src/net/tcp/socket.rs	tos_v4	tokio/src/net/tcp/socket.rs	tos_v4
tokio/src/net/tcp/split.rs	closure@4521	tokio/src/net/tcp/split.rs	poll_peek
tokio/src/net/tcp/split.rs	is_write_vectored	tokio/src/net/tcp/split.rs	is_write_vectored
tokio/src/net/tcp/split.rs	local_addr	tokio/src/net/tcp/split.rs	local_addr
tokio/src/net/tcp/split.rs	peek	tokio/src/io/read_buf.rs	new
tokio/src/net/tcp/split.rs	peek	tokio/src/net/tcp/split.rs	poll_peek
tokio/src/net/tcp/split.rs	peer_addr	tokio/src/net/tcp/split.rs	peer_addr
tokio/src/net/tcp/split.rs	poll_flush	tokio/src/io/ready.rs	Ready
tokio/src/net/tcp/split.rs	poll_peek	tokio/src/net/tcp/split.rs	poll_peek
tokio/src/net/tcp/split.rs	readable	tokio/src/net/tcp/split.rs	readable
tokio/src/net/tcp/split.rs	ready	tokio/src/net/tcp/split.rs	ready
tokio/src/net/tcp/split.rs	split	tokio/src/net/tcp/split.rs	ReadHalf
tokio/src/net/tcp/split.rs	split	tokio/src/net/tcp/split.rs	WriteHalf
tokio/src/net/tcp/split.rs	try_read	tokio/src/net/tcp/split.rs	try_read
tokio/src/net/tcp/split.rs	try_read_vectored	tokio/src/net/tcp/split.rs	try_read_vectored
tokio/src/net/tcp/split.rs	try_write	tokio/src/net/tcp/split.rs	try_write
tokio/src/net/tcp/split.rs	try_write_vectored	tokio/src/net/tcp/split.rs	try_write_vectored
tokio/src/net/tcp/split.rs	writable	tokio/src/net/tcp/split.rs	writable
tokio/src/net/tcp/split_owned.rs	closure@6249	tokio/src/net/tcp/split_owned.rs	poll_peek
tokio/src/net/tcp/split_owned.rs	forget	tokio/src/net/tcp/split_owned.rs	drop
tokio/src/net/tcp/split_owned.rs	peek	tokio/src/io/read_buf.rs	new
tokio/src/net/tcp/split_owned.rs	peek	tokio/src/net/tcp/split_owned.rs	poll_peek
tokio/src/net/tcp/split_owned.rs	poll_flush	tokio/src/io/ready.rs	Ready
tokio/src/net/tcp/split_owned.rs	reunite	tokio/src/net/tcp/split_owned.rs	ReuniteError
tokio/src/net/tcp/split_owned.rs	reunite	tokio/src/net/tcp/split_owned.rs	reunite
tokio/src/net/tcp/split_owned.rs	split_owned	tokio/src/net/tcp/split_owned.rs	OwnedReadHalf
tokio/src/net/tcp/split_owned.rs	split_owned	tokio/src/net/tcp/split_owned.rs	OwnedWriteHalf
tokio/src/net/tcp/stream.rs	as_raw_fd	tokio/src/net/tcp/stream.rs	as_raw_fd
tokio/src/net/tcp/stream.rs	async_io	tokio/src/io/poll_evented.rs	registration
tokio/src/net/tcp/stream.rs	async_io	tokio/src/net/tcp/stream.rs	async_io
tokio/src/net/tcp/stream.rs	async_io	tokio/src/net/tcp/stream.rs	try_io
tokio/src/net/tcp/stream.rs	closure@10171	tokio/src/net/unix/socket.rs	into_raw_fd
tokio/src/net/tcp/stream.rs	closure@37369	tokio/src/net/tcp/stream.rs	try_io
tokio/src/net/tcp/stream.rs	closure@39147	tokio/src/net/tcp/stream.rs	try_io
tokio/src/net/tcp/stream.rs	closure@40895	tokio/src/net/tcp/stream.rs	peek
tokio/src/net/tcp/stream.rs	closure@9869	tokio/src/doc/os.rs	into_raw_socket
tokio/src/net/tcp/stream.rs	closure@9917	tokio/src/doc/os.rs	from_raw_socket
tokio/src/net/tcp/stream.rs	fmt	tokio/src/net/tcp/stream.rs	fmt
tokio/src/net/tcp/stream.rs	from_std	tokio/src/io/poll_evented.rs	new
tokio/src/net/tcp/stream.rs	from_std	tokio/src/net/tcp/stream.rs	from_std
tokio/src/net/tcp/stream.rs	from_std	tokio/src/util/blocking_check.rs	check_socket_for_blocking
tokio/src/net/tcp/stream.rs	into_split	tokio/src/net/tcp/split_owned.rs	split_owned
tokio/src/net/tcp/stream.rs	into_std	tokio/src/doc/os.rs	from_raw_socket
tokio/src/net/tcp/stream.rs	into_std	tokio/src/doc/os.rs	into_raw_socket
tokio/src/net/tcp/stream.rs	into_std	tokio/src/net/unix/socket.rs	into_raw_fd
tokio/src/net/tcp/stream.rs	local_addr	tokio/src/net/tcp/stream.rs	local_addr
tokio/src/net/tcp/stream.rs	new	tokio/src/io/poll_evented.rs	new
tokio/src/net/tcp/stream.rs	nodelay	tokio/src/net/tcp/stream.rs	nodelay
tokio/src/net/tcp/stream.rs	peek	tokio/src/io/poll_evented.rs	registration
tokio/src/net/tcp/stream.rs	peek	tokio/src/net/tcp/stream.rs	async_io
tokio/src/net/tcp/stream.rs	peek	tokio/src/net/tcp/stream.rs	peek
tokio/src/net/tcp/stream.rs	peer_addr	tokio/src/net/tcp/stream.rs	peer_addr
tokio/src/net/tcp/stream.rs	poll_flush	tokio/src/io/ready.rs	Ready
tokio/src/net/tcp/stream.rs	poll_peek	tokio/src/io/poll_evented.rs	registration
tokio/src/net/tcp/stream.rs	poll_peek	tokio/src/io/read_buf.rs	advance
tokio/src/net/tcp/stream.rs	poll_peek	tokio/src/io/read_buf.rs	assume_init
tokio/src/net/tcp/stream.rs	poll_peek	tokio/src/io/read_buf.rs	unfilled_mut
tokio/src/net/tcp/stream.rs	poll_peek	tokio/src/io/ready.rs	Ready
tokio/src/net/tcp/stream.rs	poll_peek	tokio/src/net/tcp/stream.rs	peek
tokio/src/net/tcp/stream.rs	poll_read	tokio/src/net/tcp/stream.rs	poll_read_priv
tokio/src/net/tcp/stream.rs	poll_read_priv	tokio/src/net/tcp/stream.rs	poll_read
tokio/src/net/tcp/stream.rs	poll_read_ready	tokio/src/io/poll_evented.rs	registration
tokio/src/net/tcp/stream.rs	poll_read_ready	tokio/src/net/tcp/stream.rs	poll_read_ready
tokio/src/net/tcp/stream.rs	poll_shutdown	tokio/src/io/ready.rs	Ready
tokio/src/net/tcp/stream.rs	poll_shutdown	tokio/src/net/tcp/stream.rs	shutdown_std
tokio/src/net/tcp/stream.rs	poll_write	tokio/src/net/tcp/stream.rs	poll_write_priv
tokio/src/net/tcp/stream.rs	poll_write_priv	tokio/src/net/tcp/stream.rs	poll_write
tokio/src/net/tcp/stream.rs	poll_write_ready	tokio/src/io/poll_evented.rs	registration
tokio/src/net/tcp/stream.rs	poll_write_ready	tokio/src/net/tcp/stream.rs	poll_write_ready
tokio/src/net/tcp/stream.rs	poll_write_vectored	tokio/src/net/tcp/stream.rs	poll_write_vectored_priv
tokio/src/net/tcp/stream.rs	poll_write_vectored_priv	tokio/src/net/tcp/stream.rs	poll_write_vectored
tokio/src/net/tcp/stream.rs	readable	tokio/src/net/tcp/stream.rs	ready
tokio/src/net/tcp/stream.rs	ready	tokio/src/io/poll_evented.rs	registration
tokio/src/net/tcp/stream.rs	set_nodelay	tokio/src/net/tcp/stream.rs	set_nodelay
tokio/src/net/tcp/stream.rs	set_ttl	tokio/src/net/tcp/stream.rs	set_ttl
tokio/src/net/tcp/stream.rs	split	tokio/src/net/tcp/stream.rs	split
tokio/src/net/tcp/stream.rs	take_error	tokio/src/net/tcp/stream.rs	take_error
tokio/src/net/tcp/stream.rs	try_from	tokio/src/net/tcp/stream.rs	from_std
tokio/src/net/tcp/stream.rs	try_io	tokio/src/io/poll_evented.rs	registration
tokio/src/net/tcp/stream.rs	try_io	tokio/src/net/tcp/stream.rs	try_io
tokio/src/net/tcp/stream.rs	try_read	tokio/src/io/poll_evented.rs	registration
tokio/src/net/tcp/stream.rs	try_read	tokio/src/net/tcp/stream.rs	try_io
tokio/src/net/tcp/stream.rs	try_read_vectored	tokio/src/io/poll_evented.rs	registration
tokio/src/net/tcp/stream.rs	try_read_vectored	tokio/src/net/tcp/stream.rs	try_io
tokio/src/net/tcp/stream.rs	try_write	tokio/src/io/poll_evented.rs	registration
tokio/src/net/tcp/stream.rs	try_write	tokio/src/net/tcp/stream.rs	try_io
tokio/src/net/tcp/stream.rs	try_write_vectored	tokio/src/io/poll_evented.rs	registration
tokio/src/net/tcp/stream.rs	try_write_vectored	tokio/src/net/tcp/stream.rs	try_io
tokio/src/net/tcp/stream.rs	ttl	tokio/src/net/tcp/stream.rs	ttl
tokio/src/net/tcp/stream.rs	writable	tokio/src/net/tcp/stream.rs	ready
tokio/src/net/udp.rs	as_fd	tokio/src/net/udp.rs	as_raw_fd
tokio/src/net/udp.rs	as_raw_fd	tokio/src/net/udp.rs	as_raw_fd
tokio/src/net/udp.rs	async_io	tokio/src/io/poll_evented.rs	registration
tokio/src/net/udp.rs	async_io	tokio/src/net/udp.rs	async_io
tokio/src/net/udp.rs	async_io	tokio/src/net/udp.rs	try_io
tokio/src/net/udp.rs	bind	tokio/src/net/addr.rs	to_socket_addrs
tokio/src/net/udp.rs	bind	tokio/src/net/udp.rs	bind_addr
tokio/src/net/udp.rs	bind	tokio/src/net/udp.rs	new
tokio/src/net/udp.rs	bind_addr	tokio/src/net/udp.rs	bind
tokio/src/net/udp.rs	bind_addr	tokio/src/net/udp.rs	new
tokio/src/net/udp.rs	bind_device	tokio/src/net/udp.rs	as_socket
tokio/src/net/udp.rs	bind_device	tokio/src/net/udp.rs	bind_device
tokio/src/net/udp.rs	broadcast	tokio/src/net/udp.rs	broadcast
tokio/src/net/udp.rs	closure@12642	tokio/src/net/udp.rs	new
tokio/src/net/udp.rs	closure@20576	tokio/src/net/udp.rs	send
tokio/src/net/udp.rs	closure@21690	tokio/src/net/udp.rs	send
tokio/src/net/udp.rs	closure@23425	tokio/src/net/udp.rs	send
tokio/src/net/udp.rs	closure@28470	tokio/src/net/udp.rs	recv
tokio/src/net/udp.rs	closure@32084	tokio/src/net/udp.rs	recv
tokio/src/net/udp.rs	closure@44832	tokio/src/net/udp.rs	send_to
tokio/src/net/udp.rs	closure@46586	tokio/src/net/udp.rs	send_to
tokio/src/net/udp.rs	closure@46800	tokio/src/net/udp.rs	send_to
tokio/src/net/udp.rs	closure@48721	tokio/src/net/udp.rs	recv_from
tokio/src/net/udp.rs	closure@53249	tokio/src/net/udp.rs	recv_from
tokio/src/net/udp.rs	closure@55242	tokio/src/net/udp.rs	try_io
tokio/src/net/udp.rs	closure@57020	tokio/src/net/udp.rs	try_io
tokio/src/net/udp.rs	closure@59078	tokio/src/net/udp.rs	peek
tokio/src/net/udp.rs	closure@5966	tokio/src/net/udp.rs	new
tokio/src/net/udp.rs	closure@63355	tokio/src/net/udp.rs	peek
tokio/src/net/udp.rs	closure@65451	tokio/src/net/udp.rs	peek_from
tokio/src/net/udp.rs	closure@69948	tokio/src/net/udp.rs	peek_from
tokio/src/net/udp.rs	closure@71021	tokio/src/net/udp.rs	peek_sender_inner
tokio/src/net/udp.rs	closure@72415	tokio/src/net/udp.rs	peek_sender_inner
tokio/src/net/udp.rs	closure@73376	tokio/src/net/udp.rs	peek_sender_inner
tokio/src/net/udp.rs	closure@73509	tokio/src/net/udp.rs	as_socket
tokio/src/net/udp.rs	closure@73509	tokio/src/net/udp.rs	peek_sender
tokio/src/net/udp.rs	closure@73900	tokio/src/net/udp.rs	new
tokio/src/net/udp.rs	closure@9828	tokio/src/doc/os.rs	into_raw_socket
tokio/src/net/udp.rs	closure@9876	tokio/src/doc/os.rs	from_raw_socket
tokio/src/net/udp.rs	connect	tokio/src/net/addr.rs	to_socket_addrs
tokio/src/net/udp.rs	connect	tokio/src/net/udp.rs	connect
tokio/src/net/udp.rs	connect	tokio/src/net/udp.rs	new
tokio/src/net/udp.rs	device	tokio/src/net/udp.rs	as_socket
tokio/src/net/udp.rs	device	tokio/src/net/udp.rs	device
tokio/src/net/udp.rs	fmt	tokio/src/net/udp.rs	fmt
tokio/src/net/udp.rs	from_std	tokio/src/net/udp.rs	from_std
tokio/src/net/udp.rs	from_std	tokio/src/net/udp.rs	new
tokio/src/net/udp.rs	from_std	tokio/src/util/blocking_check.rs	check_socket_for_blocking
tokio/src/net/udp.rs	into_std	tokio/src/doc/os.rs	from_raw_socket
tokio/src/net/udp.rs	into_std	tokio/src/doc/os.rs	into_raw_socket
tokio/src/net/udp.rs	join_multicast_v4	tokio/src/net/udp.rs	join_multicast_v4
tokio/src/net/udp.rs	join_multicast_v6	tokio/src/net/udp.rs	join_multicast_v6
tokio/src/net/udp.rs	leave_multicast_v4	tokio/src/net/udp.rs	leave_multicast_v4
tokio/src/net/udp.rs	leave_multicast_v6	tokio/src/net/udp.rs	leave_multicast_v6
tokio/src/net/udp.rs	local_addr	tokio/src/net/udp.rs	local_addr
tokio/src/net/udp.rs	multicast_loop_v4	tokio/src/net/udp.rs	multicast_loop_v4
tokio/src/net/udp.rs	multicast_loop_v6	tokio/src/net/udp.rs	multicast_loop_v6
tokio/src/net/udp.rs	multicast_ttl_v4	tokio/src/net/udp.rs	multicast_ttl_v4
tokio/src/net/udp.rs	new	tokio/src/io/poll_evented.rs	new
tokio/src/net/udp.rs	peek	tokio/src/io/poll_evented.rs	registration
tokio/src/net/udp.rs	peek	tokio/src/net/udp.rs	async_io
tokio/src/net/udp.rs	peek	tokio/src/net/udp.rs	peek
tokio/src/net/udp.rs	peek_from	tokio/src/io/poll_evented.rs	registration
tokio/src/net/udp.rs	peek_from	tokio/src/net/udp.rs	async_io
tokio/src/net/udp.rs	peek_from	tokio/src/net/udp.rs	peek_from
tokio/src/net/udp.rs	peek_sender	tokio/src/io/poll_evented.rs	registration
tokio/src/net/udp.rs	peek_sender	tokio/src/net/udp.rs	async_io
tokio/src/net/udp.rs	peek_sender	tokio/src/net/udp.rs	peek_sender_inner
tokio/src/net/udp.rs	peek_sender_inner	tokio/src/net/udp.rs	as_socket
tokio/src/net/udp.rs	peek_sender_inner	tokio/src/net/udp.rs	new
tokio/src/net/udp.rs	peek_sender_inner	tokio/src/net/udp.rs	peek_sender
tokio/src/net/udp.rs	peek_sender_inner	tokio/src/net/udp.rs	try_io
tokio/src/net/udp.rs	peer_addr	tokio/src/net/udp.rs	peer_addr
tokio/src/net/udp.rs	poll_peek	tokio/src/io/read_buf.rs	advance
tokio/src/net/udp.rs	poll_peek	tokio/src/io/read_buf.rs	assume_init
tokio/src/net/udp.rs	poll_peek	tokio/src/io/ready.rs	Ready
tokio/src/net/udp.rs	poll_peek_from	tokio/src/io/read_buf.rs	advance
tokio/src/net/udp.rs	poll_peek_from	tokio/src/io/read_buf.rs	assume_init
tokio/src/net/udp.rs	poll_peek_from	tokio/src/io/ready.rs	Ready
tokio/src/net/udp.rs	poll_peek_sender	tokio/src/io/poll_evented.rs	registration
tokio/src/net/udp.rs	poll_peek_sender	tokio/src/net/udp.rs	peek_sender_inner
tokio/src/net/udp.rs	poll_peek_sender	tokio/src/runtime/io/registration.rs	poll_read_io
tokio/src/net/udp.rs	poll_recv	tokio/src/io/read_buf.rs	advance
tokio/src/net/udp.rs	poll_recv	tokio/src/io/read_buf.rs	assume_init
tokio/src/net/udp.rs	poll_recv	tokio/src/io/ready.rs	Ready
tokio/src/net/udp.rs	poll_recv_from	tokio/src/io/read_buf.rs	advance
tokio/src/net/udp.rs	poll_recv_from	tokio/src/io/read_buf.rs	assume_init
tokio/src/net/udp.rs	poll_recv_from	tokio/src/io/ready.rs	Ready
tokio/src/net/udp.rs	poll_recv_ready	tokio/src/io/poll_evented.rs	registration
tokio/src/net/udp.rs	poll_send	tokio/src/io/poll_evented.rs	registration
tokio/src/net/udp.rs	poll_send	tokio/src/net/udp.rs	send
tokio/src/net/udp.rs	poll_send	tokio/src/runtime/io/registration.rs	poll_write_io
tokio/src/net/udp.rs	poll_send_ready	tokio/src/io/poll_evented.rs	registration
tokio/src/net/udp.rs	poll_send_to	tokio/src/io/poll_evented.rs	registration
tokio/src/net/udp.rs	poll_send_to	tokio/src/net/udp.rs	send_to
tokio/src/net/udp.rs	poll_send_to	tokio/src/runtime/io/registration.rs	poll_write_io
tokio/src/net/udp.rs	readable	tokio/src/net/udp.rs	ready
tokio/src/net/udp.rs	ready	tokio/src/io/poll_evented.rs	registration
tokio/src/net/udp.rs	recv	tokio/src/io/poll_evented.rs	registration
tokio/src/net/udp.rs	recv	tokio/src/net/udp.rs	async_io
tokio/src/net/udp.rs	recv	tokio/src/net/udp.rs	recv
tokio/src/net/udp.rs	recv_from	tokio/src/io/poll_evented.rs	registration
tokio/src/net/udp.rs	recv_from	tokio/src/net/udp.rs	async_io
tokio/src/net/udp.rs	recv_from	tokio/src/net/udp.rs	recv_from
tokio/src/net/udp.rs	send	tokio/src/io/poll_evented.rs	registration
tokio/src/net/udp.rs	send	tokio/src/net/udp.rs	async_io
tokio/src/net/udp.rs	send	tokio/src/net/udp.rs	send
tokio/src/net/udp.rs	send_to	tokio/src/net/addr.rs	to_socket_addrs
tokio/src/net/udp.rs	send_to	tokio/src/net/udp.rs	new
tokio/src/net/udp.rs	send_to	tokio/src/net/udp.rs	send_to_addr
tokio/src/net/udp.rs	send_to_addr	tokio/src/io/poll_evented.rs	registration
tokio/src/net/udp.rs	send_to_addr	tokio/src/net/udp.rs	async_io
tokio/src/net/udp.rs	send_to_addr	tokio/src/net/udp.rs	send_to
tokio/src/net/udp.rs	set_broadcast	tokio/src/net/udp.rs	set_broadcast
tokio/src/net/udp.rs	set_multicast_loop_v4	tokio/src/net/udp.rs	set_multicast_loop_v4
tokio/src/net/udp.rs	set_multicast_loop_v6	tokio/src/net/udp.rs	set_multicast_loop_v6
tokio/src/net/udp.rs	set_multicast_ttl_v4	tokio/src/net/udp.rs	set_multicast_ttl_v4
tokio/src/net/udp.rs	set_tclass_v6	tokio/src/net/udp.rs	as_socket
tokio/src/net/udp.rs	set_tclass_v6	tokio/src/net/udp.rs	set_tclass_v6
tokio/src/net/udp.rs	set_tos	tokio/src/net/udp.rs	set_tos_v4
tokio/src/net/udp.rs	set_tos_v4	tokio/src/net/udp.rs	as_socket
tokio/src/net/udp.rs	set_tos_v4	tokio/src/net/udp.rs	set_tos_v4
tokio/src/net/udp.rs	set_ttl	tokio/src/net/udp.rs	set_ttl
tokio/src/net/udp.rs	take_error	tokio/src/net/udp.rs	take_error
tokio/src/net/udp.rs	tclass_v6	tokio/src/net/udp.rs	as_socket
tokio/src/net/udp.rs	tclass_v6	tokio/src/net/udp.rs	tclass_v6
tokio/src/net/udp.rs	tos	tokio/src/net/udp.rs	tos_v4
tokio/src/net/udp.rs	tos_v4	tokio/src/net/udp.rs	as_socket
tokio/src/net/udp.rs	tos_v4	tokio/src/net/udp.rs	tos_v4
tokio/src/net/udp.rs	try_from	tokio/src/net/udp.rs	from_std
tokio/src/net/udp.rs	try_io	tokio/src/io/poll_evented.rs	registration
tokio/src/net/udp.rs	try_io	tokio/src/net/udp.rs	try_io
tokio/src/net/udp.rs	try_peek	tokio/src/io/poll_evented.rs	registration
tokio/src/net/udp.rs	try_peek	tokio/src/net/udp.rs	peek
tokio/src/net/udp.rs	try_peek	tokio/src/net/udp.rs	try_io
tokio/src/net/udp.rs	try_peek_from	tokio/src/io/poll_evented.rs	registration
tokio/src/net/udp.rs	try_peek_from	tokio/src/net/udp.rs	peek_from
tokio/src/net/udp.rs	try_peek_from	tokio/src/net/udp.rs	try_io
tokio/src/net/udp.rs	try_peek_sender	tokio/src/io/poll_evented.rs	registration
tokio/src/net/udp.rs	try_peek_sender	tokio/src/net/udp.rs	peek_sender_inner
tokio/src/net/udp.rs	try_peek_sender	tokio/src/net/udp.rs	try_io
tokio/src/net/udp.rs	try_recv	tokio/src/io/poll_evented.rs	registration
tokio/src/net/udp.rs	try_recv	tokio/src/net/udp.rs	recv
tokio/src/net/udp.rs	try_recv	tokio/src/net/udp.rs	try_io
tokio/src/net/udp.rs	try_recv_from	tokio/src/io/poll_evented.rs	registration
tokio/src/net/udp.rs	try_recv_from	tokio/src/net/udp.rs	recv_from
tokio/src/net/udp.rs	try_recv_from	tokio/src/net/udp.rs	try_io
tokio/src/net/udp.rs	try_send	tokio/src/io/poll_evented.rs	registration
tokio/src/net/udp.rs	try_send	tokio/src/net/udp.rs	send
tokio/src/net/udp.rs	try_send	tokio/src/net/udp.rs	try_io
tokio/src/net/udp.rs	try_send_to	tokio/src/io/poll_evented.rs	registration
tokio/src/net/udp.rs	try_send_to	tokio/src/net/udp.rs	send_to
tokio/src/net/udp.rs	try_send_to	tokio/src/net/udp.rs	try_io
tokio/src/net/udp.rs	ttl	tokio/src/net/udp.rs	ttl
tokio/src/net/udp.rs	writable	tokio/src/net/udp.rs	ready
tokio/src/net/unix/datagram/socket.rs	as_fd	tokio/src/net/unix/datagram/socket.rs	as_raw_fd
tokio/src/net/unix/datagram/socket.rs	as_raw_fd	tokio/src/net/unix/datagram/socket.rs	as_raw_fd
tokio/src/net/unix/datagram/socket.rs	async_io	tokio/src/io/poll_evented.rs	registration
tokio/src/net/unix/datagram/socket.rs	async_io	tokio/src/net/unix/datagram/socket.rs	async_io
tokio/src/net/unix/datagram/socket.rs	async_io	tokio/src/net/unix/datagram/socket.rs	try_io
tokio/src/net/unix/datagram/socket.rs	bind	tokio/src/net/unix/datagram/socket.rs	bind
tokio/src/net/unix/datagram/socket.rs	bind	tokio/src/net/unix/datagram/socket.rs	new
tokio/src/net/unix/datagram/socket.rs	closure@22939	tokio/src/net/unix/datagram/socket.rs	send
tokio/src/net/unix/datagram/socket.rs	closure@24377	tokio/src/net/unix/datagram/socket.rs	send
tokio/src/net/unix/datagram/socket.rs	closure@25825	tokio/src/net/unix/datagram/socket.rs	send_to
tokio/src/net/unix/datagram/socket.rs	closure@27096	tokio/src/net/unix/datagram/socket.rs	recv
tokio/src/net/unix/datagram/socket.rs	closure@28797	tokio/src/net/unix/datagram/socket.rs	recv
tokio/src/net/unix/datagram/socket.rs	closure@39051	tokio/src/net/unix/datagram/socket.rs	send_to
tokio/src/net/unix/datagram/socket.rs	closure@40713	tokio/src/net/unix/datagram/socket.rs	recv_from
tokio/src/net/unix/datagram/socket.rs	closure@43124	tokio/src/net/unix/datagram/socket.rs	send_to
tokio/src/net/unix/datagram/socket.rs	closure@44239	tokio/src/net/unix/datagram/socket.rs	send
tokio/src/net/unix/datagram/socket.rs	closure@47529	tokio/src/net/unix/datagram/socket.rs	recv_from
tokio/src/net/unix/datagram/socket.rs	closure@49571	tokio/src/net/unix/datagram/socket.rs	try_io
tokio/src/net/unix/datagram/socket.rs	closure@51352	tokio/src/net/unix/datagram/socket.rs	try_io
tokio/src/net/unix/datagram/socket.rs	connect	tokio/src/net/unix/datagram/socket.rs	connect
tokio/src/net/unix/datagram/socket.rs	fmt	tokio/src/net/unix/datagram/socket.rs	fmt
tokio/src/net/unix/datagram/socket.rs	from_mio	tokio/src/net/unix/datagram/socket.rs	new
tokio/src/net/unix/datagram/socket.rs	from_mio	tokio/src/net/unix/datagram/socket.rs	take_error
tokio/src/net/unix/datagram/socket.rs	from_std	tokio/src/io/poll_evented.rs	new
tokio/src/net/unix/datagram/socket.rs	from_std	tokio/src/net/unix/datagram/socket.rs	from_std
tokio/src/net/unix/datagram/socket.rs	from_std	tokio/src/util/blocking_check.rs	check_socket_for_blocking
tokio/src/net/unix/datagram/socket.rs	local_addr	tokio/src/net/unix/datagram/socket.rs	local_addr
tokio/src/net/unix/datagram/socket.rs	new	tokio/src/io/poll_evented.rs	new
tokio/src/net/unix/datagram/socket.rs	pair	tokio/src/net/unix/datagram/socket.rs	new
tokio/src/net/unix/datagram/socket.rs	pair	tokio/src/net/unix/datagram/socket.rs	pair
tokio/src/net/unix/datagram/socket.rs	peer_addr	tokio/src/net/unix/datagram/socket.rs	peer_addr
tokio/src/net/unix/datagram/socket.rs	poll_recv	tokio/src/io/read_buf.rs	advance
tokio/src/net/unix/datagram/socket.rs	poll_recv	tokio/src/io/read_buf.rs	assume_init
tokio/src/net/unix/datagram/socket.rs	poll_recv	tokio/src/io/ready.rs	Ready
tokio/src/net/unix/datagram/socket.rs	poll_recv_from	tokio/src/io/read_buf.rs	advance
tokio/src/net/unix/datagram/socket.rs	poll_recv_from	tokio/src/io/read_buf.rs	assume_init
tokio/src/net/unix/datagram/socket.rs	poll_recv_from	tokio/src/io/ready.rs	Ready
tokio/src/net/unix/datagram/socket.rs	poll_recv_from	tokio/src/net/unix/socketaddr.rs	SocketAddr
tokio/src/net/unix/datagram/socket.rs	poll_recv_ready	tokio/src/io/poll_evented.rs	registration
tokio/src/net/unix/datagram/socket.rs	poll_send	tokio/src/io/poll_evented.rs	registration
tokio/src/net/unix/datagram/socket.rs	poll_send	tokio/src/net/unix/datagram/socket.rs	send
tokio/src/net/unix/datagram/socket.rs	poll_send	tokio/src/runtime/io/registration.rs	poll_write_io
tokio/src/net/unix/datagram/socket.rs	poll_send_ready	tokio/src/io/poll_evented.rs	registration
tokio/src/net/unix/datagram/socket.rs	poll_send_to	tokio/src/io/poll_evented.rs	registration
tokio/src/net/unix/datagram/socket.rs	poll_send_to	tokio/src/net/unix/datagram/socket.rs	send_to
tokio/src/net/unix/datagram/socket.rs	poll_send_to	tokio/src/runtime/io/registration.rs	poll_write_io
tokio/src/net/unix/datagram/socket.rs	readable	tokio/src/net/unix/datagram/socket.rs	ready
tokio/src/net/unix/datagram/socket.rs	ready	tokio/src/io/poll_evented.rs	registration
tokio/src/net/unix/datagram/socket.rs	recv	tokio/src/io/poll_evented.rs	registration
tokio/src/net/unix/datagram/socket.rs	recv	tokio/src/net/unix/datagram/socket.rs	async_io
tokio/src/net/unix/datagram/socket.rs	recv	tokio/src/net/unix/datagram/socket.rs	recv
tokio/src/net/unix/datagram/socket.rs	recv_from	tokio/src/io/poll_evented.rs	registration
tokio/src/net/unix/datagram/socket.rs	recv_from	tokio/src/net/unix/datagram/socket.rs	async_io
tokio/src/net/unix/datagram/socket.rs	recv_from	tokio/src/net/unix/datagram/socket.rs	recv_from
tokio/src/net/unix/datagram/socket.rs	recv_from	tokio/src/net/unix/socketaddr.rs	SocketAddr
tokio/src/net/unix/datagram/socket.rs	send	tokio/src/io/poll_evented.rs	registration
tokio/src/net/unix/datagram/socket.rs	send	tokio/src/net/unix/datagram/socket.rs	async_io
tokio/src/net/unix/datagram/socket.rs	send	tokio/src/net/unix/datagram/socket.rs	send
tokio/src/net/unix/datagram/socket.rs	send_to	tokio/src/io/poll_evented.rs	registration
tokio/src/net/unix/datagram/socket.rs	send_to	tokio/src/net/unix/datagram/socket.rs	async_io
tokio/src/net/unix/datagram/socket.rs	send_to	tokio/src/net/unix/datagram/socket.rs	send_to
tokio/src/net/unix/datagram/socket.rs	shutdown	tokio/src/net/unix/datagram/socket.rs	shutdown
tokio/src/net/unix/datagram/socket.rs	take_error	tokio/src/net/unix/datagram/socket.rs	take_error
tokio/src/net/unix/datagram/socket.rs	try_from	tokio/src/net/unix/datagram/socket.rs	from_std
tokio/src/net/unix/datagram/socket.rs	try_io	tokio/src/io/poll_evented.rs	registration
tokio/src/net/unix/datagram/socket.rs	try_io	tokio/src/net/unix/datagram/socket.rs	try_io
tokio/src/net/unix/datagram/socket.rs	try_recv	tokio/src/io/poll_evented.rs	registration
tokio/src/net/unix/datagram/socket.rs	try_recv	tokio/src/net/unix/datagram/socket.rs	recv
tokio/src/net/unix/datagram/socket.rs	try_recv	tokio/src/net/unix/datagram/socket.rs	try_io
tokio/src/net/unix/datagram/socket.rs	try_recv_from	tokio/src/io/poll_evented.rs	registration
tokio/src/net/unix/datagram/socket.rs	try_recv_from	tokio/src/net/unix/datagram/socket.rs	recv_from
tokio/src/net/unix/datagram/socket.rs	try_recv_from	tokio/src/net/unix/datagram/socket.rs	try_io
tokio/src/net/unix/datagram/socket.rs	try_recv_from	tokio/src/net/unix/socketaddr.rs	SocketAddr
tokio/src/net/unix/datagram/socket.rs	try_send	tokio/src/io/poll_evented.rs	registration
tokio/src/net/unix/datagram/socket.rs	try_send	tokio/src/net/unix/datagram/socket.rs	send
tokio/src/net/unix/datagram/socket.rs	try_send	tokio/src/net/unix/datagram/socket.rs	try_io
tokio/src/net/unix/datagram/socket.rs	try_send_to	tokio/src/io/poll_evented.rs	registration
tokio/src/net/unix/datagram/socket.rs	try_send_to	tokio/src/net/unix/datagram/socket.rs	send_to
tokio/src/net/unix/datagram/socket.rs	try_send_to	tokio/src/net/unix/datagram/socket.rs	try_io
tokio/src/net/unix/datagram/socket.rs	unbound	tokio/src/net/unix/datagram/socket.rs	new
tokio/src/net/unix/datagram/socket.rs	unbound	tokio/src/net/unix/datagram/socket.rs	unbound
tokio/src/net/unix/datagram/socket.rs	writable	tokio/src/net/unix/datagram/socket.rs	ready
tokio/src/net/unix/listener.rs	accept	tokio/src/io/poll_evented.rs	registration
tokio/src/net/unix/listener.rs	accept	tokio/src/net/unix/listener.rs	accept
tokio/src/net/unix/listener.rs	accept	tokio/src/net/unix/socketaddr.rs	SocketAddr
tokio/src/net/unix/listener.rs	accept	tokio/src/net/unix/stream.rs	new
tokio/src/net/unix/listener.rs	as_fd	tokio/src/net/unix/listener.rs	as_raw_fd
tokio/src/net/unix/listener.rs	as_raw_fd	tokio/src/net/unix/listener.rs	as_raw_fd
tokio/src/net/unix/listener.rs	bind	tokio/src/net/unix/listener.rs	bind_addr
tokio/src/net/unix/listener.rs	bind_addr	tokio/src/io/poll_evented.rs	new
tokio/src/net/unix/listener.rs	bind_addr	tokio/src/net/unix/listener.rs	bind_addr
tokio/src/net/unix/listener.rs	closure@8027	tokio/src/net/unix/listener.rs	accept
tokio/src/net/unix/listener.rs	fmt	tokio/src/net/unix/listener.rs	fmt
tokio/src/net/unix/listener.rs	from_std	tokio/src/io/poll_evented.rs	new
tokio/src/net/unix/listener.rs	from_std	tokio/src/net/unix/listener.rs	from_std
tokio/src/net/unix/listener.rs	from_std	tokio/src/util/blocking_check.rs	check_socket_for_blocking
tokio/src/net/unix/listener.rs	local_addr	tokio/src/net/unix/listener.rs	local_addr
tokio/src/net/unix/listener.rs	new	tokio/src/io/poll_evented.rs	new
tokio/src/net/unix/listener.rs	poll_accept	tokio/src/io/ready.rs	Ready
tokio/src/net/unix/listener.rs	poll_accept	tokio/src/net/unix/socketaddr.rs	SocketAddr
tokio/src/net/unix/listener.rs	poll_accept	tokio/src/net/unix/stream.rs	new
tokio/src/net/unix/listener.rs	take_error	tokio/src/net/unix/listener.rs	take_error
tokio/src/net/unix/listener.rs	try_from	tokio/src/net/unix/listener.rs	from_std
tokio/src/net/unix/pipe.rs	as_fd	tokio/src/net/unix/pipe.rs	as_raw_fd
tokio/src/net/unix/pipe.rs	default	tokio/src/net/unix/pipe.rs	new
tokio/src/net/unix/pipe.rs	from_file	tokio/src/net/unix/pipe.rs	from_owned_fd
tokio/src/net/unix/pipe.rs	from_file_unchecked	tokio/src/net/unix/pipe.rs	from_owned_fd_unchecked
tokio/src/net/unix/pipe.rs	from_mio	tokio/src/io/poll_evented.rs	new_with_interest
tokio/src/net/unix/pipe.rs	from_mio	tokio/src/net/unix/pipe.rs	Receiver
tokio/src/net/unix/pipe.rs	from_mio	tokio/src/net/unix/pipe.rs	Sender
tokio/src/net/unix/pipe.rs	from_owned_fd	tokio/src/net/unix/pipe.rs	from_owned_fd_unchecked
tokio/src/net/unix/pipe.rs	from_owned_fd	tokio/src/net/unix/pipe.rs	get_file_flags
tokio/src/net/unix/pipe.rs	from_owned_fd	tokio/src/net/unix/pipe.rs	has_read_access
tokio/src/net/unix/pipe.rs	from_owned_fd	tokio/src/net/unix/pipe.rs	has_write_access
tokio/src/net/unix/pipe.rs	from_owned_fd	tokio/src/net/unix/pipe.rs	is_pipe
tokio/src/net/unix/pipe.rs	from_owned_fd	tokio/src/net/unix/pipe.rs	new
tokio/src/net/unix/pipe.rs	from_owned_fd	tokio/src/net/unix/pipe.rs	set_nonblocking
tokio/src/net/unix/pipe.rs	from_owned_fd_unchecked	tokio/src/net/unix/pipe.rs	from_mio
tokio/src/net/unix/pipe.rs	into_blocking_fd	tokio/src/net/unix/pipe.rs	into_nonblocking_fd
tokio/src/net/unix/pipe.rs	into_blocking_fd	tokio/src/net/unix/pipe.rs	set_blocking
tokio/src/net/unix/pipe.rs	into_nonblocking_fd	tokio/src/io/poll_evented.rs	into_inner
tokio/src/net/unix/pipe.rs	into_nonblocking_fd	tokio/src/net/unix/socket.rs	into_raw_fd
tokio/src/net/unix/pipe.rs	new	tokio/src/net/unix/pipe.rs	OpenOptions
tokio/src/net/unix/pipe.rs	open	tokio/src/fs/open_options.rs	read
tokio/src/net/unix/pipe.rs	open	tokio/src/fs/open_options/uring_open_options.rs	custom_flags
tokio/src/net/unix/pipe.rs	open	tokio/src/net/unix/pipe.rs	as_fd
tokio/src/net/unix/pipe.rs	open	tokio/src/net/unix/pipe.rs	is_pipe
tokio/src/net/unix/pipe.rs	open	tokio/src/net/unix/pipe.rs	new
tokio/src/net/unix/pipe.rs	open_receiver	tokio/src/net/unix/pipe.rs	from_file_unchecked
tokio/src/net/unix/pipe.rs	open_sender	tokio/src/net/unix/pipe.rs	from_file_unchecked
tokio/src/net/unix/pipe.rs	pipe	tokio/src/net/unix/pipe.rs	from_mio
tokio/src/net/unix/pipe.rs	poll_flush	tokio/src/io/ready.rs	Ready
tokio/src/net/unix/pipe.rs	poll_read_ready	tokio/src/io/poll_evented.rs	registration
tokio/src/net/unix/pipe.rs	poll_read_ready	tokio/src/net/unix/pipe.rs	poll_read_ready
tokio/src/net/unix/pipe.rs	poll_shutdown	tokio/src/io/ready.rs	Ready
tokio/src/net/unix/pipe.rs	poll_write_ready	tokio/src/io/poll_evented.rs	registration
tokio/src/net/unix/pipe.rs	poll_write_ready	tokio/src/net/unix/pipe.rs	poll_write_ready
tokio/src/net/unix/pipe.rs	readable	tokio/src/net/unix/pipe.rs	ready
tokio/src/net/unix/pipe.rs	ready	tokio/src/io/poll_evented.rs	registration
tokio/src/net/unix/pipe.rs	try_io	tokio/src/io/poll_evented.rs	registration
tokio/src/net/unix/pipe.rs	try_io	tokio/src/net/unix/pipe.rs	try_io
tokio/src/net/unix/pipe.rs	try_read	tokio/src/io/poll_evented.rs	registration
tokio/src/net/unix/pipe.rs	try_read	tokio/src/net/unix/pipe.rs	try_io
tokio/src/net/unix/pipe.rs	try_read_vectored	tokio/src/io/poll_evented.rs	registration
tokio/src/net/unix/pipe.rs	try_read_vectored	tokio/src/net/unix/pipe.rs	try_io
tokio/src/net/unix/pipe.rs	try_write	tokio/src/io/poll_evented.rs	registration
tokio/src/net/unix/pipe.rs	try_write	tokio/src/net/unix/pipe.rs	try_io
tokio/src/net/unix/pipe.rs	try_write_vectored	tokio/src/io/poll_evented.rs	registration
tokio/src/net/unix/pipe.rs	try_write_vectored	tokio/src/net/unix/pipe.rs	try_io
tokio/src/net/unix/pipe.rs	writable	tokio/src/net/unix/pipe.rs	ready
tokio/src/net/unix/socket.rs	as_fd	tokio/src/net/unix/socket.rs	as_raw_fd
tokio/src/net/unix/socket.rs	as_raw_fd	tokio/src/net/unix/socket.rs	as_raw_fd
tokio/src/net/unix/socket.rs	bind	tokio/src/net/unix/socket.rs	bind
tokio/src/net/unix/socket.rs	connect	tokio/src/net/unix/socket.rs	connect
tokio/src/net/unix/socket.rs	connect	tokio/src/net/unix/socket.rs	from_raw_fd
tokio/src/net/unix/socket.rs	connect	tokio/src/net/unix/socket.rs	into_raw_fd
tokio/src/net/unix/socket.rs	connect	tokio/src/net/unix/socket.rs	new
tokio/src/net/unix/socket.rs	connect	tokio/src/net/unix/socket.rs	ty
tokio/src/net/unix/socket.rs	connect	tokio/src/net/unix/stream.rs	connect_mio
tokio/src/net/unix/socket.rs	datagram	tokio/src/net/unix/datagram/socket.rs	from_mio
tokio/src/net/unix/socket.rs	datagram	tokio/src/net/unix/socket.rs	from_raw_fd
tokio/src/net/unix/socket.rs	datagram	tokio/src/net/unix/socket.rs	into_raw_fd
tokio/src/net/unix/socket.rs	datagram	tokio/src/net/unix/socket.rs	new
tokio/src/net/unix/socket.rs	datagram	tokio/src/net/unix/socket.rs	ty
tokio/src/net/unix/socket.rs	from_raw_fd	tokio/src/net/unix/socket.rs	from_raw_fd
tokio/src/net/unix/socket.rs	into_raw_fd	tokio/src/net/unix/socket.rs	into_raw_fd
tokio/src/net/unix/socket.rs	listen	tokio/src/net/unix/listener.rs	new
tokio/src/net/unix/socket.rs	listen	tokio/src/net/unix/socket.rs	from_raw_fd
tokio/src/net/unix/socket.rs	listen	tokio/src/net/unix/socket.rs	into_raw_fd
tokio/src/net/unix/socket.rs	listen	tokio/src/net/unix/socket.rs	listen
tokio/src/net/unix/socket.rs	listen	tokio/src/net/unix/socket.rs	new
tokio/src/net/unix/socket.rs	listen	tokio/src/net/unix/socket.rs	ty
tokio/src/net/unix/socket.rs	new	tokio/src/net/unix/socket.rs	new
tokio/src/net/unix/socket.rs	new_datagram	tokio/src/net/unix/socket.rs	new
tokio/src/net/unix/socket.rs	new_stream	tokio/src/net/unix/socket.rs	new
tokio/src/net/unix/socketaddr.rs	as_abstract_name	tokio/src/net/unix/socketaddr.rs	as_abstract_name
tokio/src/net/unix/socketaddr.rs	as_pathname	tokio/src/net/unix/socketaddr.rs	as_pathname
tokio/src/net/unix/socketaddr.rs	fmt	tokio/src/net/unix/socketaddr.rs	fmt
tokio/src/net/unix/socketaddr.rs	from	tokio/src/net/unix/socketaddr.rs	SocketAddr
tokio/src/net/unix/socketaddr.rs	is_unnamed	tokio/src/net/unix/socketaddr.rs	is_unnamed
tokio/src/net/unix/split.rs	is_write_vectored	tokio/src/net/unix/split.rs	is_write_vectored
tokio/src/net/unix/split.rs	local_addr	tokio/src/net/unix/split.rs	local_addr
tokio/src/net/unix/split.rs	peer_addr	tokio/src/net/unix/split.rs	peer_addr
tokio/src/net/unix/split.rs	poll_flush	tokio/src/io/ready.rs	Ready
tokio/src/net/unix/split.rs	readable	tokio/src/net/unix/split.rs	readable
tokio/src/net/unix/split.rs	ready	tokio/src/net/unix/split.rs	ready
tokio/src/net/unix/split.rs	split	tokio/src/net/unix/split.rs	ReadHalf
tokio/src/net/unix/split.rs	split	tokio/src/net/unix/split.rs	WriteHalf
tokio/src/net/unix/split.rs	try_read	tokio/src/net/unix/split.rs	try_read
tokio/src/net/unix/split.rs	try_read_vectored	tokio/src/net/unix/split.rs	try_read_vectored
tokio/src/net/unix/split.rs	try_write	tokio/src/net/unix/split.rs	try_write
tokio/src/net/unix/split.rs	try_write_vectored	tokio/src/net/unix/split.rs	try_write_vectored
tokio/src/net/unix/split.rs	writable	tokio/src/net/unix/split.rs	writable
tokio/src/net/unix/split_owned.rs	forget	tokio/src/net/unix/split_owned.rs	drop
tokio/src/net/unix/split_owned.rs	poll_flush	tokio/src/io/ready.rs	Ready
tokio/src/net/unix/split_owned.rs	reunite	tokio/src/net/unix/split_owned.rs	ReuniteError
tokio/src/net/unix/split_owned.rs	reunite	tokio/src/net/unix/split_owned.rs	reunite
tokio/src/net/unix/split_owned.rs	split_owned	tokio/src/net/unix/split_owned.rs	OwnedReadHalf
tokio/src/net/unix/split_owned.rs	split_owned	tokio/src/net/unix/split_owned.rs	OwnedWriteHalf
tokio/src/net/unix/stream.rs	as_fd	tokio/src/net/unix/stream.rs	as_raw_fd
tokio/src/net/unix/stream.rs	as_raw_fd	tokio/src/net/unix/stream.rs	as_raw_fd
tokio/src/net/unix/stream.rs	async_io	tokio/src/io/poll_evented.rs	registration
tokio/src/net/unix/stream.rs	async_io	tokio/src/net/unix/stream.rs	async_io
tokio/src/net/unix/stream.rs	async_io	tokio/src/net/unix/stream.rs	try_io
tokio/src/net/unix/stream.rs	closure@2297	tokio/src/io/poll_evented.rs	registration
tokio/src/net/unix/stream.rs	closure@2297	tokio/src/net/unix/stream.rs	poll_write_ready
tokio/src/net/unix/stream.rs	closure@29316	tokio/src/net/unix/stream.rs	try_io
tokio/src/net/unix/stream.rs	closure@31095	tokio/src/net/unix/stream.rs	try_io
tokio/src/net/unix/stream.rs	closure@4676	tokio/src/io/poll_evented.rs	registration
tokio/src/net/unix/stream.rs	closure@4676	tokio/src/net/unix/stream.rs	poll_write_ready
tokio/src/net/unix/stream.rs	connect	tokio/src/net/unix/stream.rs	connect_addr
tokio/src/net/unix/stream.rs	connect_addr	tokio/src/io/poll_evented.rs	registration
tokio/src/net/unix/stream.rs	connect_addr	tokio/src/net/unix/stream.rs	connect_addr
tokio/src/net/unix/stream.rs	connect_addr	tokio/src/net/unix/stream.rs	new
tokio/src/net/unix/stream.rs	connect_addr	tokio/src/net/unix/stream.rs	poll_write_ready
tokio/src/net/unix/stream.rs	connect_addr	tokio/src/net/unix/stream.rs	take_error
tokio/src/net/unix/stream.rs	connect_mio	tokio/src/io/poll_evented.rs	registration
tokio/src/net/unix/stream.rs	connect_mio	tokio/src/net/unix/stream.rs	new
tokio/src/net/unix/stream.rs	connect_mio	tokio/src/net/unix/stream.rs	poll_write_ready
tokio/src/net/unix/stream.rs	connect_mio	tokio/src/net/unix/stream.rs	take_error
tokio/src/net/unix/stream.rs	fmt	tokio/src/net/unix/stream.rs	fmt
tokio/src/net/unix/stream.rs	from_std	tokio/src/io/poll_evented.rs	new
tokio/src/net/unix/stream.rs	from_std	tokio/src/net/unix/stream.rs	from_std
tokio/src/net/unix/stream.rs	from_std	tokio/src/util/blocking_check.rs	check_socket_for_blocking
tokio/src/net/unix/stream.rs	into_split	tokio/src/net/unix/split_owned.rs	split_owned
tokio/src/net/unix/stream.rs	local_addr	tokio/src/net/unix/stream.rs	local_addr
tokio/src/net/unix/stream.rs	new	tokio/src/io/poll_evented.rs	new
tokio/src/net/unix/stream.rs	pair	tokio/src/net/unix/stream.rs	new
tokio/src/net/unix/stream.rs	pair	tokio/src/net/unix/stream.rs	pair
tokio/src/net/unix/stream.rs	peer_addr	tokio/src/net/unix/stream.rs	peer_addr
tokio/src/net/unix/stream.rs	peer_cred	tokio/src/net/unix/ucred.rs	get_peer_cred
tokio/src/net/unix/stream.rs	poll_flush	tokio/src/io/ready.rs	Ready
tokio/src/net/unix/stream.rs	poll_read	tokio/src/net/unix/stream.rs	poll_read_priv
tokio/src/net/unix/stream.rs	poll_read_priv	tokio/src/net/unix/stream.rs	poll_read
tokio/src/net/unix/stream.rs	poll_read_ready	tokio/src/io/poll_evented.rs	registration
tokio/src/net/unix/stream.rs	poll_read_ready	tokio/src/net/unix/stream.rs	poll_read_ready
tokio/src/net/unix/stream.rs	poll_shutdown	tokio/src/io/ready.rs	Ready
tokio/src/net/unix/stream.rs	poll_shutdown	tokio/src/net/unix/stream.rs	shutdown_std
tokio/src/net/unix/stream.rs	poll_write	tokio/src/net/unix/stream.rs	poll_write_priv
tokio/src/net/unix/stream.rs	poll_write_priv	tokio/src/net/unix/stream.rs	poll_write
tokio/src/net/unix/stream.rs	poll_write_ready	tokio/src/io/poll_evented.rs	registration
tokio/src/net/unix/stream.rs	poll_write_ready	tokio/src/net/unix/stream.rs	poll_write_ready
tokio/src/net/unix/stream.rs	poll_write_vectored	tokio/src/net/unix/stream.rs	poll_write_vectored_priv
tokio/src/net/unix/stream.rs	poll_write_vectored_priv	tokio/src/net/unix/stream.rs	poll_write_vectored
tokio/src/net/unix/stream.rs	readable	tokio/src/net/unix/stream.rs	ready
tokio/src/net/unix/stream.rs	ready	tokio/src/io/poll_evented.rs	registration
tokio/src/net/unix/stream.rs	split	tokio/src/net/unix/stream.rs	split
tokio/src/net/unix/stream.rs	take_error	tokio/src/net/unix/stream.rs	take_error
tokio/src/net/unix/stream.rs	try_from	tokio/src/net/unix/stream.rs	from_std
tokio/src/net/unix/stream.rs	try_io	tokio/src/io/poll_evented.rs	registration
tokio/src/net/unix/stream.rs	try_io	tokio/src/net/unix/stream.rs	try_io
tokio/src/net/unix/stream.rs	try_read	tokio/src/io/poll_evented.rs	registration
tokio/src/net/unix/stream.rs	try_read	tokio/src/net/unix/stream.rs	try_io
tokio/src/net/unix/stream.rs	try_read_vectored	tokio/src/io/poll_evented.rs	registration
tokio/src/net/unix/stream.rs	try_read_vectored	tokio/src/net/unix/stream.rs	try_io
tokio/src/net/unix/stream.rs	try_write	tokio/src/io/poll_evented.rs	registration
tokio/src/net/unix/stream.rs	try_write	tokio/src/net/unix/stream.rs	try_io
tokio/src/net/unix/stream.rs	try_write_vectored	tokio/src/io/poll_evented.rs	registration
tokio/src/net/unix/stream.rs	try_write_vectored	tokio/src/net/unix/stream.rs	try_io
tokio/src/net/unix/stream.rs	writable	tokio/src/net/unix/stream.rs	ready
tokio/src/net/unix/ucred.rs	get_peer_cred	tokio/src/io/read_buf.rs	assume_init
tokio/src/net/unix/ucred.rs	get_peer_cred	tokio/src/io/read_buf.rs	uninit
tokio/src/net/unix/ucred.rs	get_peer_cred	tokio/src/net/unix/stream.rs	as_raw_fd
tokio/src/net/unix/ucred.rs	get_peer_cred	tokio/src/net/unix/ucred.rs	UCred
tokio/src/net/windows/named_pipe.rs	as_handle	tokio/src/net/windows/named_pipe.rs	as_raw_handle
tokio/src/net/windows/named_pipe.rs	async_io	tokio/src/io/poll_evented.rs	registration
tokio/src/net/windows/named_pipe.rs	async_io	tokio/src/net/windows/named_pipe.rs	async_io
tokio/src/net/windows/named_pipe.rs	connect	tokio/src/io/poll_evented.rs	registration
tokio/src/net/windows/named_pipe.rs	connect	tokio/src/net/windows/named_pipe.rs	async_io
tokio/src/net/windows/named_pipe.rs	create	tokio/src/net/windows/named_pipe.rs	create_with_security_attributes_raw
tokio/src/net/windows/named_pipe.rs	create_with_security_attributes_raw	tokio/src/net/windows/named_pipe.rs	encode_addr
tokio/src/net/windows/named_pipe.rs	create_with_security_attributes_raw	tokio/src/net/windows/named_pipe.rs	from_raw_handle
tokio/src/net/windows/named_pipe.rs	from_raw_handle	tokio/src/io/poll_evented.rs	new
tokio/src/net/windows/named_pipe.rs	from_raw_handle	tokio/src/net/windows/named_pipe.rs	from_raw_handle
tokio/src/net/windows/named_pipe.rs	info	tokio/src/net/windows/named_pipe.rs	named_pipe_info
tokio/src/net/windows/named_pipe.rs	named_pipe_info	tokio/src/net/windows/named_pipe.rs	PipeInfo
tokio/src/net/windows/named_pipe.rs	new	tokio/src/net/windows/named_pipe.rs	ServerOptions
tokio/src/net/windows/named_pipe.rs	open	tokio/src/net/windows/named_pipe.rs	open_with_security_attributes_raw
tokio/src/net/windows/named_pipe.rs	open_with_security_attributes_raw	tokio/src/net/windows/named_pipe.rs	encode_addr
tokio/src/net/windows/named_pipe.rs	open_with_security_attributes_raw	tokio/src/net/windows/named_pipe.rs	from_raw_handle
tokio/src/net/windows/named_pipe.rs	open_with_security_attributes_raw	tokio/src/net/windows/named_pipe.rs	get_flags
tokio/src/net/windows/named_pipe.rs	poll_flush	tokio/src/io/ready.rs	Ready
tokio/src/net/windows/named_pipe.rs	poll_read_ready	tokio/src/io/poll_evented.rs	registration
tokio/src/net/windows/named_pipe.rs	poll_read_ready	tokio/src/net/windows/named_pipe.rs	poll_read_ready
tokio/src/net/windows/named_pipe.rs	poll_shutdown	tokio/src/net/windows/named_pipe.rs	poll_flush
tokio/src/net/windows/named_pipe.rs	poll_write_ready	tokio/src/io/poll_evented.rs	registration
tokio/src/net/windows/named_pipe.rs	poll_write_ready	tokio/src/net/windows/named_pipe.rs	poll_write_ready
tokio/src/net/windows/named_pipe.rs	readable	tokio/src/net/windows/named_pipe.rs	ready
tokio/src/net/windows/named_pipe.rs	ready	tokio/src/io/poll_evented.rs	registration
tokio/src/net/windows/named_pipe.rs	try_io	tokio/src/io/poll_evented.rs	registration
tokio/src/net/windows/named_pipe.rs	try_io	tokio/src/net/windows/named_pipe.rs	try_io
tokio/src/net/windows/named_pipe.rs	try_read	tokio/src/io/poll_evented.rs	registration
tokio/src/net/windows/named_pipe.rs	try_read	tokio/src/net/windows/named_pipe.rs	try_io
tokio/src/net/windows/named_pipe.rs	try_read_vectored	tokio/src/io/poll_evented.rs	registration
tokio/src/net/windows/named_pipe.rs	try_read_vectored	tokio/src/net/windows/named_pipe.rs	try_io
tokio/src/net/windows/named_pipe.rs	try_write	tokio/src/io/poll_evented.rs	registration
tokio/src/net/windows/named_pipe.rs	try_write	tokio/src/net/windows/named_pipe.rs	try_io
tokio/src/net/windows/named_pipe.rs	try_write_vectored	tokio/src/io/poll_evented.rs	registration
tokio/src/net/windows/named_pipe.rs	try_write_vectored	tokio/src/net/windows/named_pipe.rs	try_io
tokio/src/net/windows/named_pipe.rs	writable	tokio/src/net/windows/named_pipe.rs	ready
tokio/src/process/kill.rs	kill	tokio/src/process/kill.rs	kill
tokio/src/process/mod.rs	build_child	tokio/src/process/mod.rs	Child
tokio/src/process/mod.rs	build_child	tokio/src/process/mod.rs	ChildDropGuard
tokio/src/process/mod.rs	build_child	tokio/src/process/mod.rs	ChildStderr
tokio/src/process/mod.rs	build_child	tokio/src/process/mod.rs	ChildStdin
tokio/src/process/mod.rs	build_child	tokio/src/process/mod.rs	ChildStdout
tokio/src/process/mod.rs	closure@32472	tokio/src/process/mod.rs	ChildStdin
tokio/src/process/mod.rs	closure@32548	tokio/src/process/mod.rs	ChildStdout
tokio/src/process/mod.rs	closure@32625	tokio/src/process/mod.rs	ChildStderr
tokio/src/process/mod.rs	drop	tokio/src/process/mod.rs	drop
tokio/src/process/mod.rs	drop	tokio/src/process/mod.rs	kill
tokio/src/process/mod.rs	from	tokio/src/process/mod.rs	Command
tokio/src/process/mod.rs	id	tokio/src/process/mod.rs	id
tokio/src/process/mod.rs	is_write_vectored	tokio/src/process/unix/mod.rs	is_write_vectored
tokio/src/process/mod.rs	kill	tokio/src/process/kill.rs	kill
tokio/src/process/mod.rs	kill	tokio/src/process/mod.rs	start_kill
tokio/src/process/mod.rs	kill	tokio/src/process/mod.rs	wait
tokio/src/process/mod.rs	kills_on_drop_if_specified	tokio/src/process/mod.rs	ChildDropGuard
tokio/src/process/mod.rs	kills_on_drop_if_specified	tokio/src/process/mod.rs	drop
tokio/src/process/mod.rs	kills_on_drop_if_specified	tokio/src/process/mod.rs	new
tokio/src/process/mod.rs	new	tokio/src/process/mod.rs	from
tokio/src/process/mod.rs	new	tokio/src/process/mod.rs	new
tokio/src/process/mod.rs	new	tokio/src/process/mod.rs	with_result
tokio/src/process/mod.rs	no_kill_if_already_killed	tokio/src/process/mod.rs	ChildDropGuard
tokio/src/process/mod.rs	no_kill_if_already_killed	tokio/src/process/mod.rs	drop
tokio/src/process/mod.rs	no_kill_if_already_killed	tokio/src/process/mod.rs	kill
tokio/src/process/mod.rs	no_kill_if_already_killed	tokio/src/process/mod.rs	new
tokio/src/process/mod.rs	no_kill_if_reaped	tokio/src/io/ready.rs	Ready
tokio/src/process/mod.rs	no_kill_if_reaped	tokio/src/process/mod.rs	ChildDropGuard
tokio/src/process/mod.rs	no_kill_if_reaped	tokio/src/process/mod.rs	with_result
tokio/src/process/mod.rs	no_kill_on_drop_by_default	tokio/src/process/mod.rs	ChildDropGuard
tokio/src/process/mod.rs	no_kill_on_drop_by_default	tokio/src/process/mod.rs	drop
tokio/src/process/mod.rs	no_kill_on_drop_by_default	tokio/src/process/mod.rs	new
tokio/src/process/mod.rs	output	tokio/src/process/mod.rs	spawn
tokio/src/process/mod.rs	output	tokio/src/process/mod.rs	wait_with_output
tokio/src/process/mod.rs	poll	tokio/src/process/mod.rs	new
tokio/src/process/mod.rs	poll	tokio/src/process/mod.rs	poll
tokio/src/process/mod.rs	poll	tokio/src/sync/mpsc/block.rs	is_ready
tokio/src/process/mod.rs	poll_flush	tokio/src/process/mod.rs	new
tokio/src/process/mod.rs	poll_flush	tokio/src/process/mod.rs	poll_flush
tokio/src/process/mod.rs	poll_read	tokio/src/process/mod.rs	new
tokio/src/process/mod.rs	poll_read	tokio/src/process/mod.rs	poll_read
tokio/src/process/mod.rs	poll_shutdown	tokio/src/process/mod.rs	new
tokio/src/process/mod.rs	poll_shutdown	tokio/src/process/mod.rs	poll_shutdown
tokio/src/process/mod.rs	poll_write	tokio/src/process/mod.rs	new
tokio/src/process/mod.rs	poll_write	tokio/src/process/mod.rs	poll_write
tokio/src/process/mod.rs	poll_write_vectored	tokio/src/process/mod.rs	new
tokio/src/process/mod.rs	poll_write_vectored	tokio/src/process/mod.rs	poll_write_vectored
tokio/src/process/mod.rs	read_to_end	tokio/src/process/mod.rs	new
tokio/src/process/mod.rs	spawn	tokio/src/process/mod.rs	build_child
tokio/src/process/mod.rs	spawn_with	tokio/src/process/mod.rs	build_child
tokio/src/process/mod.rs	start_kill	tokio/src/process/mod.rs	kill
tokio/src/process/mod.rs	status	tokio/src/process/mod.rs	spawn
tokio/src/process/mod.rs	status	tokio/src/process/mod.rs	wait
tokio/src/process/mod.rs	try_wait	tokio/src/process/mod.rs	Done
tokio/src/process/mod.rs	try_wait	tokio/src/process/mod.rs	try_wait
tokio/src/process/mod.rs	wait	tokio/src/process/mod.rs	Done
tokio/src/process/mod.rs	wait	tokio/src/process/mod.rs	drop
tokio/src/process/mod.rs	wait_with_output	tokio/src/future/try_join.rs	try_join3
tokio/src/process/mod.rs	wait_with_output	tokio/src/process/mod.rs	drop
tokio/src/process/mod.rs	wait_with_output	tokio/src/process/mod.rs	read_to_end
tokio/src/process/mod.rs	wait_with_output	tokio/src/process/mod.rs	wait
tokio/src/process/unix/mod.rs	as_fd	tokio/src/process/unix/mod.rs	as_raw_fd
tokio/src/process/unix/mod.rs	as_raw_fd	tokio/src/fs/file.rs	as_raw_fd
tokio/src/process/unix/mod.rs	build_child	tokio/src/process/mod.rs	SpawnedChild
tokio/src/process/unix/mod.rs	build_child	tokio/src/process/unix/mod.rs	PidfdReaper
tokio/src/process/unix/mod.rs	build_child	tokio/src/process/unix/mod.rs	SignalReaper
tokio/src/process/unix/mod.rs	build_child	tokio/src/process/unix/pidfd_reaper.rs	new
tokio/src/process/unix/mod.rs	build_child	tokio/src/process/unix/reap.rs	new
tokio/src/process/unix/mod.rs	build_child	tokio/src/signal/unix.rs	child
tokio/src/process/unix/mod.rs	build_child	tokio/src/signal/unix.rs	signal
tokio/src/process/unix/mod.rs	closure@10389	tokio/src/process/unix/mod.rs	ChildStdio
tokio/src/process/unix/mod.rs	convert_to_blocking_file	tokio/src/io/poll_evented.rs	into_inner
tokio/src/process/unix/mod.rs	convert_to_blocking_file	tokio/src/process/unix/mod.rs	set_nonblocking
tokio/src/process/unix/mod.rs	convert_to_stdio	tokio/src/process/unix/mod.rs	convert_to_blocking_file
tokio/src/process/unix/mod.rs	deregister	tokio/src/process/unix/mod.rs	as_raw_fd
tokio/src/process/unix/mod.rs	deregister	tokio/src/process/unix/mod.rs	deregister
tokio/src/process/unix/mod.rs	fmt	tokio/src/io/poll_evented.rs	fmt
tokio/src/process/unix/mod.rs	fmt	tokio/src/process/unix/mod.rs	fmt
tokio/src/process/unix/mod.rs	from	tokio/src/fs/file.rs	from_raw_fd
tokio/src/process/unix/mod.rs	id	tokio/src/process/unix/mod.rs	id
tokio/src/process/unix/mod.rs	into_owned_fd	tokio/src/process/unix/mod.rs	convert_to_blocking_file
tokio/src/process/unix/mod.rs	kill	tokio/src/process/unix/mod.rs	kill
tokio/src/process/unix/mod.rs	kill	tokio/src/process/unix/mod.rs	std_child
tokio/src/process/unix/mod.rs	poll	tokio/src/process/unix/mod.rs	poll
tokio/src/process/unix/mod.rs	poll_flush	tokio/src/io/ready.rs	Ready
tokio/src/process/unix/mod.rs	poll_shutdown	tokio/src/io/ready.rs	Ready
tokio/src/process/unix/mod.rs	push_orphan	tokio/src/process/unix/mod.rs	push_orphan
tokio/src/process/unix/mod.rs	reap_orphans	tokio/src/process/unix/mod.rs	reap_orphans
tokio/src/process/unix/mod.rs	register	tokio/src/process/unix/mod.rs	as_raw_fd
tokio/src/process/unix/mod.rs	register	tokio/src/process/unix/mod.rs	register
tokio/src/process/unix/mod.rs	reregister	tokio/src/process/unix/mod.rs	as_raw_fd
tokio/src/process/unix/mod.rs	reregister	tokio/src/process/unix/mod.rs	reregister
tokio/src/process/unix/mod.rs	stdio	tokio/src/io/poll_evented.rs	new
tokio/src/process/unix/mod.rs	stdio	tokio/src/process/unix/mod.rs	ChildStdio
tokio/src/process/unix/mod.rs	stdio	tokio/src/process/unix/mod.rs	from
tokio/src/process/unix/mod.rs	stdio	tokio/src/process/unix/mod.rs	set_nonblocking
tokio/src/process/unix/mod.rs	try_wait	tokio/src/process/unix/mod.rs	std_child
tokio/src/process/unix/mod.rs	try_wait	tokio/src/process/unix/mod.rs	try_wait
tokio/src/process/unix/orphan.rs	does_not_register_signal_if_queue_empty	tokio/src/process/unix/orphan.rs	new
tokio/src/process/unix/orphan.rs	does_not_register_signal_if_queue_empty	tokio/src/process/unix/orphan.rs	push_orphan
tokio/src/process/unix/orphan.rs	does_nothing_if_signal_could_not_be_registered	tokio/src/process/unix/orphan.rs	new
tokio/src/process/unix/orphan.rs	does_nothing_if_signal_could_not_be_registered	tokio/src/process/unix/orphan.rs	push_orphan
tokio/src/process/unix/orphan.rs	drain_attempts_a_single_reap_of_all_queued_orphans	tokio/src/process/unix/orphan.rs	drain_orphan_queue
tokio/src/process/unix/orphan.rs	drain_attempts_a_single_reap_of_all_queued_orphans	tokio/src/process/unix/orphan.rs	new
tokio/src/process/unix/orphan.rs	drain_attempts_a_single_reap_of_all_queued_orphans	tokio/src/process/unix/orphan.rs	push_orphan
tokio/src/process/unix/orphan.rs	drain_attempts_a_single_reap_of_all_queued_orphans	tokio/src/process/unix/orphan.rs	with_err
tokio/src/process/unix/orphan.rs	drain_orphan_queue	tokio/src/process/unix/orphan.rs	try_wait
tokio/src/process/unix/orphan.rs	id	tokio/src/process/unix/orphan.rs	id
tokio/src/process/unix/orphan.rs	len	tokio/src/process/unix/orphan.rs	len
tokio/src/process/unix/orphan.rs	new	tokio/src/process/unix/orphan.rs	new
tokio/src/process/unix/orphan.rs	new	tokio/src/runtime/task/core.rs	new
tokio/src/process/unix/orphan.rs	no_reap_if_no_signal_received	tokio/src/process/unix/orphan.rs	new
tokio/src/process/unix/orphan.rs	no_reap_if_no_signal_received	tokio/src/process/unix/orphan.rs	push_orphan
tokio/src/process/unix/orphan.rs	no_reap_if_no_signal_received	tokio/src/sync/watch.rs	channel
tokio/src/process/unix/orphan.rs	no_reap_if_signal_lock_held	tokio/src/process/unix/orphan.rs	new
tokio/src/process/unix/orphan.rs	no_reap_if_signal_lock_held	tokio/src/process/unix/orphan.rs	push_orphan
tokio/src/process/unix/orphan.rs	push_orphan	tokio/src/process/unix/orphan.rs	push_orphan
tokio/src/process/unix/orphan.rs	reap_orphans	tokio/src/process/unix/orphan.rs	drain_orphan_queue
tokio/src/process/unix/orphan.rs	reap_orphans	tokio/src/signal/unix.rs	child
tokio/src/process/unix/orphan.rs	reap_orphans	tokio/src/signal/unix.rs	signal_with_handle
tokio/src/process/unix/orphan.rs	try_wait	tokio/src/process/unix/orphan.rs	new
tokio/src/process/unix/orphan.rs	try_wait	tokio/src/process/unix/orphan.rs	try_wait
tokio/src/process/unix/orphan.rs	with_err	tokio/src/process/unix/orphan.rs	new
tokio/src/process/unix/orphan.rs	with_err	tokio/src/runtime/task/core.rs	new
tokio/src/process/unix/pidfd_reaper.rs	as_raw_fd	tokio/src/fs/file.rs	as_raw_fd
tokio/src/process/unix/pidfd_reaper.rs	create_runtime	tokio/src/runtime/builder.rs	new_current_thread
tokio/src/process/unix/pidfd_reaper.rs	deregister	tokio/src/process/unix/pidfd_reaper.rs	as_raw_fd
tokio/src/process/unix/pidfd_reaper.rs	deregister	tokio/src/process/unix/pidfd_reaper.rs	deregister
tokio/src/process/unix/pidfd_reaper.rs	drop	tokio/src/process/unix/mod.rs	try_wait
tokio/src/process/unix/pidfd_reaper.rs	is_pidfd_available	tokio-macros/src/entry.rs	parse
tokio/src/process/unix/pidfd_reaper.rs	is_pidfd_available	tokio/src/process/mod.rs	arg
tokio/src/process/unix/pidfd_reaper.rs	is_pidfd_available	tokio/src/process/mod.rs	new
tokio/src/process/unix/pidfd_reaper.rs	is_pidfd_available	tokio/src/process/mod.rs	output
tokio/src/process/unix/pidfd_reaper.rs	kill	tokio/src/process/unix/pidfd_reaper.rs	inner_mut
tokio/src/process/unix/pidfd_reaper.rs	kill	tokio/src/process/unix/pidfd_reaper.rs	kill
tokio/src/process/unix/pidfd_reaper.rs	new	tokio/src/io/poll_evented.rs	new_with_interest
tokio/src/process/unix/pidfd_reaper.rs	new	tokio/src/process/unix/pidfd_reaper.rs	PidfdReaperInner
tokio/src/process/unix/pidfd_reaper.rs	new	tokio/src/process/unix/pidfd_reaper.rs	open
tokio/src/process/unix/pidfd_reaper.rs	open	tokio/src/fs/file.rs	from_raw_fd
tokio/src/process/unix/pidfd_reaper.rs	open	tokio/src/process/unix/pidfd_reaper.rs	Pidfd
tokio/src/process/unix/pidfd_reaper.rs	open	tokio/src/process/unix/pidfd_reaper.rs	new
tokio/src/process/unix/pidfd_reaper.rs	poll	tokio/src/io/poll_evented.rs	registration
tokio/src/process/unix/pidfd_reaper.rs	poll	tokio/src/io/ready.rs	Ready
tokio/src/process/unix/pidfd_reaper.rs	poll	tokio/src/process/unix/mod.rs	try_wait
tokio/src/process/unix/pidfd_reaper.rs	poll	tokio/src/process/unix/pidfd_reaper.rs	new
tokio/src/process/unix/pidfd_reaper.rs	poll	tokio/src/process/unix/pidfd_reaper.rs	poll
tokio/src/process/unix/pidfd_reaper.rs	poll	tokio/src/process/unix/pidfd_reaper.rs	reregister
tokio/src/process/unix/pidfd_reaper.rs	register	tokio/src/process/unix/pidfd_reaper.rs	as_raw_fd
tokio/src/process/unix/pidfd_reaper.rs	register	tokio/src/process/unix/pidfd_reaper.rs	register
tokio/src/process/unix/pidfd_reaper.rs	reregister	tokio/src/process/unix/pidfd_reaper.rs	as_raw_fd
tokio/src/process/unix/pidfd_reaper.rs	reregister	tokio/src/process/unix/pidfd_reaper.rs	reregister
tokio/src/process/unix/pidfd_reaper.rs	run_test	tokio/src/process/unix/pidfd_reaper.rs	create_runtime
tokio/src/process/unix/pidfd_reaper.rs	test_pidfd_reaper_drop	tokio/src/process/mod.rs	arg
tokio/src/process/unix/pidfd_reaper.rs	test_pidfd_reaper_drop	tokio/src/process/mod.rs	new
tokio/src/process/unix/pidfd_reaper.rs	test_pidfd_reaper_drop	tokio/src/process/unix/orphan.rs	new
tokio/src/process/unix/pidfd_reaper.rs	test_pidfd_reaper_drop	tokio/src/process/unix/pidfd_reaper.rs	is_pidfd_available
tokio/src/process/unix/pidfd_reaper.rs	test_pidfd_reaper_drop	tokio/src/process/unix/pidfd_reaper.rs	kill
tokio/src/process/unix/pidfd_reaper.rs	test_pidfd_reaper_drop	tokio/src/process/unix/pidfd_reaper.rs	new
tokio/src/process/unix/pidfd_reaper.rs	test_pidfd_reaper_drop	tokio/src/process/unix/pidfd_reaper.rs	run_test
tokio/src/process/unix/pidfd_reaper.rs	test_pidfd_reaper_kill	tokio/src/process/mod.rs	arg
tokio/src/process/unix/pidfd_reaper.rs	test_pidfd_reaper_kill	tokio/src/process/mod.rs	new
tokio/src/process/unix/pidfd_reaper.rs	test_pidfd_reaper_kill	tokio/src/process/unix/orphan.rs	new
tokio/src/process/unix/pidfd_reaper.rs	test_pidfd_reaper_kill	tokio/src/process/unix/pidfd_reaper.rs	is_pidfd_available
tokio/src/process/unix/pidfd_reaper.rs	test_pidfd_reaper_kill	tokio/src/process/unix/pidfd_reaper.rs	kill
tokio/src/process/unix/pidfd_reaper.rs	test_pidfd_reaper_kill	tokio/src/process/unix/pidfd_reaper.rs	new
tokio/src/process/unix/pidfd_reaper.rs	test_pidfd_reaper_kill	tokio/src/process/unix/pidfd_reaper.rs	run_test
tokio/src/process/unix/pidfd_reaper.rs	test_pidfd_reaper_poll	tokio/src/process/mod.rs	new
tokio/src/process/unix/pidfd_reaper.rs	test_pidfd_reaper_poll	tokio/src/process/unix/orphan.rs	new
tokio/src/process/unix/pidfd_reaper.rs	test_pidfd_reaper_poll	tokio/src/process/unix/pidfd_reaper.rs	is_pidfd_available
tokio/src/process/unix/pidfd_reaper.rs	test_pidfd_reaper_poll	tokio/src/process/unix/pidfd_reaper.rs	new
tokio/src/process/unix/pidfd_reaper.rs	test_pidfd_reaper_poll	tokio/src/process/unix/pidfd_reaper.rs	run_test
tokio/src/process/unix/reap.rs	deref	tokio/src/process/unix/reap.rs	inner
tokio/src/process/unix/reap.rs	drop	tokio/src/process/unix/reap.rs	inner_mut
tokio/src/process/unix/reap.rs	drop	tokio/src/process/unix/reap.rs	try_wait
tokio/src/process/unix/reap.rs	drop_enqueues_orphan_if_wait_fails	tokio/src/process/unix/orphan.rs	new
tokio/src/process/unix/reap.rs	drop_enqueues_orphan_if_wait_fails	tokio/src/process/unix/reap.rs	drop
tokio/src/process/unix/reap.rs	drop_enqueues_orphan_if_wait_fails	tokio/src/process/unix/reap.rs	new
tokio/src/process/unix/reap.rs	drop_reaps_if_possible	tokio/src/process/unix/orphan.rs	new
tokio/src/process/unix/reap.rs	drop_reaps_if_possible	tokio/src/process/unix/reap.rs	drop
tokio/src/process/unix/reap.rs	drop_reaps_if_possible	tokio/src/process/unix/reap.rs	new
tokio/src/process/unix/reap.rs	kill	tokio/src/process/unix/orphan.rs	new
tokio/src/process/unix/reap.rs	kill	tokio/src/process/unix/reap.rs	inner_mut
tokio/src/process/unix/reap.rs	kill	tokio/src/process/unix/reap.rs	kill
tokio/src/process/unix/reap.rs	kill	tokio/src/process/unix/reap.rs	new
tokio/src/process/unix/reap.rs	poll	tokio/src/io/ready.rs	Ready
tokio/src/process/unix/reap.rs	poll	tokio/src/process/unix/reap.rs	inner_mut
tokio/src/process/unix/reap.rs	poll	tokio/src/process/unix/reap.rs	try_wait
tokio/src/process/unix/reap.rs	poll	tokio/src/runtime/time/entry.rs	is_pending
tokio/src/process/unix/reap.rs	poll_recv	tokio/src/io/ready.rs	Ready
tokio/src/process/unix/reap.rs	reaper	tokio/src/process/unix/orphan.rs	new
tokio/src/process/unix/reap.rs	reaper	tokio/src/process/unix/reap.rs	new
tokio/src/process/windows.rs	build_child	tokio/src/process/mod.rs	SpawnedChild
tokio/src/process/windows.rs	build_child	tokio/src/process/windows.rs	Child
tokio/src/process/windows.rs	closure@7572	tokio/src/process/windows.rs	duplicate_handle
tokio/src/process/windows.rs	convert_to_file	tokio/src/process/windows.rs	drop
tokio/src/process/windows.rs	convert_to_file	tokio/src/process/windows.rs	duplicate_handle
tokio/src/process/windows.rs	convert_to_stdio	tokio/src/process/windows.rs	convert_to_file
tokio/src/process/windows.rs	drop	tokio/src/process/windows.rs	drop
tokio/src/process/windows.rs	duplicate_handle	tokio/src/doc/os.rs	as_raw_handle
tokio/src/process/windows.rs	flush	tokio/src/process/windows.rs	flush
tokio/src/process/windows.rs	id	tokio/src/process/unix/mod.rs	id
tokio/src/process/windows.rs	into_owned_handle	tokio/src/process/windows.rs	convert_to_file
tokio/src/process/windows.rs	kill	tokio/src/process/unix/mod.rs	kill
tokio/src/process/windows.rs	poll	tokio/src/io/ready.rs	Ready
tokio/src/process/windows.rs	poll	tokio/src/process/windows.rs	Waiting
tokio/src/process/windows.rs	poll	tokio/src/process/windows.rs	as_raw_handle
tokio/src/process/windows.rs	poll	tokio/src/process/windows.rs	drop
tokio/src/process/windows.rs	poll	tokio/src/process/windows.rs	poll
tokio/src/process/windows.rs	poll	tokio/src/process/windows.rs	try_wait
tokio/src/process/windows.rs	poll	tokio/src/sync/oneshot.rs	channel
tokio/src/process/windows.rs	poll_flush	tokio/src/process/windows.rs	poll_flush
tokio/src/process/windows.rs	poll_read	tokio/src/process/windows.rs	poll_read
tokio/src/process/windows.rs	poll_shutdown	tokio/src/process/windows.rs	poll_shutdown
tokio/src/process/windows.rs	poll_write	tokio/src/process/windows.rs	poll_write
tokio/src/process/windows.rs	read	tokio/src/process/windows.rs	read
tokio/src/process/windows.rs	stdio	tokio/src/process/windows.rs	ArcFile
tokio/src/process/windows.rs	stdio	tokio/src/process/windows.rs	ChildStdio
tokio/src/process/windows.rs	try_wait	tokio/src/process/unix/mod.rs	try_wait
tokio/src/process/windows.rs	write	tokio/src/process/windows.rs	write
tokio/src/runtime/blocking/mod.rs	create_blocking_pool	tokio/src/runtime/blocking/pool.rs	new
tokio/src/runtime/blocking/pool.rs	begin_shutdown	tokio/src/loom/std/parking_lot.rs	notify_all
tokio/src/runtime/blocking/pool.rs	begin_shutdown	tokio/src/runtime/blocking/pool.rs	begin_shutdown
tokio/src/runtime/blocking/pool.rs	closure@14157	tokio/src/runtime/blocking/pool.rs	NoThreads
tokio/src/runtime/blocking/pool.rs	closure@14157	tokio/src/runtime/blocking/pool.rs	inc_num_threads
tokio/src/runtime/blocking/pool.rs	closure@14157	tokio/src/runtime/blocking/pool.rs	is_temporary_os_thread_error
tokio/src/runtime/blocking/pool.rs	closure@14157	tokio/src/runtime/blocking/pool.rs	num_threads
tokio/src/runtime/blocking/pool.rs	closure@14157	tokio/src/runtime/blocking/pool.rs	spawn_thread
tokio/src/runtime/blocking/pool.rs	closure@16282	tokio/src/runtime/blocking/pool.rs	drop
tokio/src/runtime/blocking/pool.rs	closure@16282	tokio/src/runtime/blocking/pool.rs	run
tokio/src/runtime/blocking/pool.rs	dec_num_idle_threads	tokio/src/util/metric_atomics.rs	decrement
tokio/src/runtime/blocking/pool.rs	dec_num_threads	tokio/src/util/metric_atomics.rs	decrement
tokio/src/runtime/blocking/pool.rs	dec_queue_depth	tokio/src/util/metric_atomics.rs	decrement
tokio/src/runtime/blocking/pool.rs	drop	tokio/src/runtime/blocking/pool.rs	shutdown
tokio/src/runtime/blocking/pool.rs	from	tokio/src/runtime/blocking/pool.rs	new
tokio/src/runtime/blocking/pool.rs	inc_num_idle_threads	tokio/src/util/metric_atomics.rs	increment
tokio/src/runtime/blocking/pool.rs	inc_num_threads	tokio/src/util/metric_atomics.rs	increment
tokio/src/runtime/blocking/pool.rs	inc_queue_depth	tokio/src/util/metric_atomics.rs	increment
tokio/src/runtime/blocking/pool.rs	new	tokio/src/loom/std/parking_lot.rs	new
tokio/src/runtime/blocking/pool.rs	new	tokio/src/runtime/blocking/pool.rs	BlockingPool
tokio/src/runtime/blocking/pool.rs	new	tokio/src/runtime/blocking/pool.rs	Inner
tokio/src/runtime/blocking/pool.rs	new	tokio/src/runtime/blocking/pool.rs	Locked
tokio/src/runtime/blocking/pool.rs	new	tokio/src/runtime/blocking/pool.rs	LockedImpl
tokio/src/runtime/blocking/pool.rs	new	tokio/src/runtime/blocking/pool.rs	LockedInner
tokio/src/runtime/blocking/pool.rs	new	tokio/src/runtime/blocking/pool.rs	Sharded
tokio/src/runtime/blocking/pool.rs	new	tokio/src/runtime/blocking/pool.rs	Spawner
tokio/src/runtime/blocking/pool.rs	new	tokio/src/runtime/blocking/pool.rs	Task
tokio/src/runtime/blocking/pool.rs	new	tokio/src/runtime/blocking/pool.rs	ThreadManagementState
tokio/src/runtime/blocking/pool.rs	new	tokio/src/runtime/blocking/pool.rs	new
tokio/src/runtime/blocking/pool.rs	new	tokio/src/runtime/blocking/sharded.rs	new
tokio/src/runtime/blocking/pool.rs	new	tokio/src/runtime/blocking/shutdown.rs	channel
tokio/src/runtime/blocking/pool.rs	num_idle_threads	tokio/src/util/metric_atomics.rs	load
tokio/src/runtime/blocking/pool.rs	num_threads	tokio/src/util/metric_atomics.rs	load
tokio/src/runtime/blocking/pool.rs	run	tokio/src/io/join.rs	join
tokio/src/runtime/blocking/pool.rs	run	tokio/src/runtime/blocking/pool.rs	run_worker
tokio/src/runtime/blocking/pool.rs	run	tokio/src/runtime/task/mod.rs	run
tokio/src/runtime/blocking/pool.rs	run_worker	tokio/src/loom/std/parking_lot.rs	notify_one
tokio/src/runtime/blocking/pool.rs	run_worker	tokio/src/loom/std/parking_lot.rs	wait_timeout
tokio/src/runtime/blocking/pool.rs	run_worker	tokio/src/runtime/blocking/pool.rs	dec_num_idle_threads
tokio/src/runtime/blocking/pool.rs	run_worker	tokio/src/runtime/blocking/pool.rs	dec_num_threads
tokio/src/runtime/blocking/pool.rs	run_worker	tokio/src/runtime/blocking/pool.rs	dec_queue_depth
tokio/src/runtime/blocking/pool.rs	run_worker	tokio/src/runtime/blocking/pool.rs	drop
tokio/src/runtime/blocking/pool.rs	run_worker	tokio/src/runtime/blocking/pool.rs	inc_num_idle_threads
tokio/src/runtime/blocking/pool.rs	run_worker	tokio/src/runtime/blocking/pool.rs	num_threads
tokio/src/runtime/blocking/pool.rs	run_worker	tokio/src/runtime/blocking/pool.rs	run
tokio/src/runtime/blocking/pool.rs	run_worker	tokio/src/runtime/blocking/pool.rs	run_worker
tokio/src/runtime/blocking/pool.rs	run_worker	tokio/src/runtime/blocking/pool.rs	shutdown_or_run_if_mandatory
tokio/src/runtime/blocking/pool.rs	run_worker	tokio/src/runtime/blocking/pool.rs	worker_timed_out
tokio/src/runtime/blocking/pool.rs	shutdown	tokio/src/io/join.rs	join
tokio/src/runtime/blocking/pool.rs	shutdown	tokio/src/runtime/blocking/pool.rs	begin_shutdown
tokio/src/runtime/blocking/pool.rs	shutdown	tokio/src/runtime/blocking/shutdown.rs	wait
tokio/src/runtime/blocking/pool.rs	shutdown	tokio/src/runtime/task/mod.rs	shutdown
tokio/src/runtime/blocking/pool.rs	shutdown	tokio/src/runtime/time_alt/cancellation_queue.rs	into_iter
tokio/src/runtime/blocking/pool.rs	shutdown_or_run_if_mandatory	tokio/src/runtime/task/mod.rs	run
tokio/src/runtime/blocking/pool.rs	shutdown_or_run_if_mandatory	tokio/src/runtime/task/mod.rs	shutdown
tokio/src/runtime/blocking/pool.rs	spawn_blocking	tokio/src/runtime/blocking/pool.rs	new
tokio/src/runtime/blocking/pool.rs	spawn_blocking	tokio/src/runtime/blocking/pool.rs	spawn_blocking
tokio/src/runtime/blocking/pool.rs	spawn_blocking	tokio/src/runtime/blocking/pool.rs	spawn_blocking_inner
tokio/src/runtime/blocking/pool.rs	spawn_blocking	tokio/src/runtime/handle.rs	current
tokio/src/runtime/blocking/pool.rs	spawn_blocking_inner	tokio/src/runtime/blocking/pool.rs	new
tokio/src/runtime/blocking/pool.rs	spawn_blocking_inner	tokio/src/runtime/blocking/pool.rs	spawn_task
tokio/src/runtime/blocking/pool.rs	spawn_blocking_inner	tokio/src/runtime/blocking/schedule.rs	new
tokio/src/runtime/blocking/pool.rs	spawn_blocking_inner	tokio/src/runtime/blocking/task.rs	new
tokio/src/runtime/blocking/pool.rs	spawn_blocking_inner	tokio/src/runtime/task/id.rs	as_u64
tokio/src/runtime/blocking/pool.rs	spawn_blocking_inner	tokio/src/runtime/task/id.rs	next
tokio/src/runtime/blocking/pool.rs	spawn_blocking_inner	tokio/src/runtime/task/mod.rs	capture
tokio/src/runtime/blocking/pool.rs	spawn_task	tokio/src/loom/std/parking_lot.rs	notify_one
tokio/src/runtime/blocking/pool.rs	spawn_task	tokio/src/runtime/blocking/pool.rs	NoThreads
tokio/src/runtime/blocking/pool.rs	spawn_task	tokio/src/runtime/blocking/pool.rs	dec_num_idle_threads
tokio/src/runtime/blocking/pool.rs	spawn_task	tokio/src/runtime/blocking/pool.rs	inc_num_threads
tokio/src/runtime/blocking/pool.rs	spawn_task	tokio/src/runtime/blocking/pool.rs	inc_queue_depth
tokio/src/runtime/blocking/pool.rs	spawn_task	tokio/src/runtime/blocking/pool.rs	is_temporary_os_thread_error
tokio/src/runtime/blocking/pool.rs	spawn_task	tokio/src/runtime/blocking/pool.rs	num_idle_threads
tokio/src/runtime/blocking/pool.rs	spawn_task	tokio/src/runtime/blocking/pool.rs	num_threads
tokio/src/runtime/blocking/pool.rs	spawn_task	tokio/src/runtime/blocking/pool.rs	spawn_task
tokio/src/runtime/blocking/pool.rs	spawn_task	tokio/src/runtime/blocking/pool.rs	spawn_thread
tokio/src/runtime/blocking/pool.rs	spawn_task	tokio/src/runtime/task/mod.rs	shutdown
tokio/src/runtime/blocking/pool.rs	spawn_thread	tokio/src/runtime/blocking/pool.rs	drop
tokio/src/runtime/blocking/pool.rs	spawn_thread	tokio/src/runtime/blocking/pool.rs	new
tokio/src/runtime/blocking/pool.rs	spawn_thread	tokio/src/runtime/blocking/pool.rs	run
tokio/src/runtime/blocking/schedule.rs	hooks	tokio/src/runtime/task/mod.rs	TaskHarnessScheduleHooks
tokio/src/runtime/blocking/schedule.rs	new	tokio/src/runtime/blocking/schedule.rs	BlockingSchedule
tokio/src/runtime/blocking/schedule.rs	new	tokio/src/runtime/blocking/schedule.rs	hooks
tokio/src/runtime/blocking/schedule.rs	new	tokio/src/runtime/task/mod.rs	TaskHarnessScheduleHooks
tokio/src/runtime/blocking/sharded.rs	begin_shutdown	tokio/src/loom/std/parking_lot.rs	notify_all
tokio/src/runtime/blocking/sharded.rs	begin_shutdown	tokio/src/runtime/blocking/pool.rs	num_threads
tokio/src/runtime/blocking/sharded.rs	begin_shutdown	tokio/src/runtime/blocking/sharded.rs	begin_shutdown
tokio/src/runtime/blocking/sharded.rs	begin_shutdown	tokio/src/runtime/blocking/sharded.rs	drain_and_seal
tokio/src/runtime/blocking/sharded.rs	closure@3162	tokio/src/runtime/blocking/sharded.rs	Shard
tokio/src/runtime/blocking/sharded.rs	closure@3162	tokio/src/runtime/blocking/sharded.rs	new
tokio/src/runtime/blocking/sharded.rs	drain_and_seal	tokio/src/runtime/blocking/pool.rs	dec_queue_depth
tokio/src/runtime/blocking/sharded.rs	drain_and_seal	tokio/src/runtime/blocking/pool.rs	shutdown_or_run_if_mandatory
tokio/src/runtime/blocking/sharded.rs	new	tokio/src/loom/std/atomic_usize.rs	new
tokio/src/runtime/blocking/sharded.rs	new	tokio/src/loom/std/parking_lot.rs	new
tokio/src/runtime/blocking/sharded.rs	new	tokio/src/runtime/blocking/sharded.rs	Shard
tokio/src/runtime/blocking/sharded.rs	new	tokio/src/runtime/blocking/sharded.rs	ShardedCoord
tokio/src/runtime/blocking/sharded.rs	new	tokio/src/runtime/blocking/sharded.rs	ShardedImpl
tokio/src/runtime/blocking/sharded.rs	new	tokio/src/runtime/blocking/sharded.rs	new
tokio/src/runtime/blocking/sharded.rs	push	tokio/src/runtime/blocking/pool.rs	inc_queue_depth
tokio/src/runtime/blocking/sharded.rs	push_shard_index	tokio/src/runtime/context.rs	thread_rng_n
tokio/src/runtime/blocking/sharded.rs	run_worker	tokio/src/loom/std/parking_lot.rs	notify_one
tokio/src/runtime/blocking/sharded.rs	run_worker	tokio/src/loom/std/parking_lot.rs	wait_timeout
tokio/src/runtime/blocking/sharded.rs	run_worker	tokio/src/runtime/blocking/pool.rs	dec_num_idle_threads
tokio/src/runtime/blocking/sharded.rs	run_worker	tokio/src/runtime/blocking/pool.rs	dec_num_threads
tokio/src/runtime/blocking/sharded.rs	run_worker	tokio/src/runtime/blocking/pool.rs	dec_queue_depth
tokio/src/runtime/blocking/sharded.rs	run_worker	tokio/src/runtime/blocking/pool.rs	inc_num_idle_threads
tokio/src/runtime/blocking/sharded.rs	run_worker	tokio/src/runtime/blocking/pool.rs	num_threads
tokio/src/runtime/blocking/sharded.rs	run_worker	tokio/src/runtime/blocking/pool.rs	worker_timed_out
tokio/src/runtime/blocking/sharded.rs	run_worker	tokio/src/runtime/blocking/sharded.rs	drain_and_seal
tokio/src/runtime/blocking/sharded.rs	run_worker	tokio/src/runtime/blocking/sharded.rs	pop
tokio/src/runtime/blocking/sharded.rs	spawn_task	tokio/src/loom/std/parking_lot.rs	notify_one
tokio/src/runtime/blocking/sharded.rs	spawn_task	tokio/src/runtime/blocking/pool.rs	dec_num_idle_threads
tokio/src/runtime/blocking/sharded.rs	spawn_task	tokio/src/runtime/blocking/pool.rs	num_idle_threads
tokio/src/runtime/blocking/sharded.rs	spawn_task	tokio/src/runtime/blocking/sharded.rs	push
tokio/src/runtime/blocking/shutdown.rs	channel	tokio/src/runtime/blocking/shutdown.rs	Receiver
tokio/src/runtime/blocking/shutdown.rs	channel	tokio/src/runtime/blocking/shutdown.rs	Sender
tokio/src/runtime/blocking/shutdown.rs	channel	tokio/src/sync/oneshot.rs	channel
tokio/src/runtime/blocking/shutdown.rs	wait	tokio/src/runtime/context/blocking.rs	block_on_timeout
tokio/src/runtime/blocking/shutdown.rs	wait	tokio/src/runtime/context/blocking.rs	try_enter_blocking_region
tokio/src/runtime/blocking/task.rs	new	tokio/src/runtime/blocking/task.rs	BlockingTask
tokio/src/runtime/blocking/task.rs	poll	tokio/src/io/ready.rs	Ready
tokio/src/runtime/builder.rs	build	tokio/src/runtime/builder.rs	build_current_thread_runtime
tokio/src/runtime/builder.rs	build_current_thread_local_runtime	tokio/src/runtime/builder.rs	build_current_thread_runtime_components
tokio/src/runtime/builder.rs	build_current_thread_local_runtime	tokio/src/runtime/local_runtime/runtime.rs	CurrentThread
tokio/src/runtime/builder.rs	build_current_thread_local_runtime	tokio/src/runtime/local_runtime/runtime.rs	from_parts
tokio/src/runtime/builder.rs	build_current_thread_runtime	tokio/src/runtime/builder.rs	build_current_thread_runtime_components
tokio/src/runtime/builder.rs	build_current_thread_runtime	tokio/src/runtime/runtime.rs	CurrentThread
tokio/src/runtime/builder.rs	build_current_thread_runtime	tokio/src/runtime/runtime.rs	from_parts
tokio/src/runtime/builder.rs	build_current_thread_runtime_components	tokio/src/runtime/blocking/mod.rs	create_blocking_pool
tokio/src/runtime/builder.rs	build_current_thread_runtime_components	tokio/src/runtime/blocking/pool.rs	spawner
tokio/src/runtime/builder.rs	build_current_thread_runtime_components	tokio/src/runtime/builder.rs	get_cfg
tokio/src/runtime/builder.rs	build_current_thread_runtime_components	tokio/src/runtime/builder.rs	metrics_poll_count_histogram_builder
tokio/src/runtime/builder.rs	build_current_thread_runtime_components	tokio/src/runtime/builder.rs	metrics_schedule_latency_histogram_builder
tokio/src/runtime/builder.rs	build_current_thread_runtime_components	tokio/src/runtime/builder.rs	new
tokio/src/runtime/builder.rs	build_current_thread_runtime_components	tokio/src/runtime/config.rs	Config
tokio/src/runtime/builder.rs	build_current_thread_runtime_components	tokio/src/runtime/handle.rs	Handle
tokio/src/runtime/builder.rs	build_current_thread_runtime_components	tokio/src/runtime/scheduler/current_thread/mod.rs	new
tokio/src/runtime/builder.rs	build_current_thread_runtime_components	tokio/src/runtime/scheduler/mod.rs	CurrentThread
tokio/src/runtime/builder.rs	build_current_thread_runtime_components	tokio/src/util/rand/rt.rs	next_generator
tokio/src/runtime/builder.rs	build_local	tokio/src/runtime/builder.rs	build_current_thread_local_runtime
tokio/src/runtime/builder.rs	get_cfg	tokio/src/runtime/driver.rs	Cfg
tokio/src/runtime/builder.rs	new	tokio/src/runtime/builder.rs	Builder
tokio/src/runtime/builder.rs	new	tokio/src/runtime/builder.rs	new
tokio/src/runtime/builder.rs	new	tokio/src/runtime/builder.rs	sharded_blocking_queue_default
tokio/src/runtime/builder.rs	new	tokio/src/runtime/metrics/histogram.rs	default
tokio/src/runtime/builder.rs	new	tokio/src/util/rand.rs	new
tokio/src/runtime/builder.rs	new	tokio/src/util/rand/rt.rs	new
tokio/src/runtime/builder.rs	new_current_thread	tokio/src/runtime/builder.rs	new
tokio/src/runtime/builder.rs	new_multi_thread	tokio/src/runtime/builder.rs	new
tokio/src/runtime/builder.rs	on_after_task_poll	tokio/src/runtime/builder.rs	new
tokio/src/runtime/builder.rs	on_before_task_poll	tokio/src/runtime/builder.rs	new
tokio/src/runtime/builder.rs	on_task_spawn	tokio/src/runtime/builder.rs	new
tokio/src/runtime/builder.rs	on_task_terminate	tokio/src/runtime/builder.rs	new
tokio/src/runtime/builder.rs	on_thread_park	tokio/src/runtime/builder.rs	new
tokio/src/runtime/builder.rs	on_thread_start	tokio/src/runtime/builder.rs	new
tokio/src/runtime/builder.rs	on_thread_stop	tokio/src/runtime/builder.rs	new
tokio/src/runtime/builder.rs	on_thread_unpark	tokio/src/runtime/builder.rs	new
tokio/src/runtime/builder.rs	thread_name	tokio/src/runtime/builder.rs	new
tokio/src/runtime/builder.rs	thread_name_fn	tokio/src/runtime/builder.rs	new
tokio/src/runtime/context.rs	budget	tokio/src/task/task_local.rs	try_with
tokio/src/runtime/context/blocking.rs	block_on	tokio/src/runtime/context/blocking.rs	block_on
tokio/src/runtime/context/blocking.rs	block_on	tokio/src/runtime/park.rs	new
tokio/src/runtime/context/blocking.rs	block_on_timeout	tokio/src/runtime/park.rs	new
tokio/src/runtime/context/blocking.rs	block_on_timeout	tokio/src/task/coop/mod.rs	budget
tokio/src/runtime/context/blocking.rs	block_on_timeout	tokio/src/time/instant.rs	now
tokio/src/runtime/context/blocking.rs	closure@1161	tokio/src/runtime/context/runtime.rs	Entered
tokio/src/runtime/context/blocking.rs	closure@3276	tokio/src/runtime/context/runtime.rs	Entered
tokio/src/runtime/context/blocking.rs	closure@485	tokio/src/runtime/context/blocking.rs	new
tokio/src/runtime/context/blocking.rs	closure@485	tokio/src/runtime/context/runtime.rs	is_entered
tokio/src/runtime/context/blocking.rs	closure@934	tokio/src/runtime/context/blocking.rs	new
tokio/src/runtime/context/blocking.rs	disallow_block_in_place	tokio/src/runtime/context/blocking.rs	DisallowBlockInPlaceGuard
tokio/src/runtime/context/blocking.rs	disallow_block_in_place	tokio/src/runtime/context/runtime.rs	Entered
tokio/src/runtime/context/blocking.rs	disallow_block_in_place	tokio/src/task/task_local.rs	try_with
tokio/src/runtime/context/blocking.rs	drop	tokio/src/runtime/context/runtime.rs	Entered
tokio/src/runtime/context/blocking.rs	new	tokio/src/runtime/context/blocking.rs	BlockingRegionGuard
tokio/src/runtime/context/blocking.rs	try_enter_blocking_region	tokio/src/runtime/context/blocking.rs	new
tokio/src/runtime/context/blocking.rs	try_enter_blocking_region	tokio/src/runtime/context/runtime.rs	is_entered
tokio/src/runtime/context/blocking.rs	try_enter_blocking_region	tokio/src/task/task_local.rs	try_with
tokio/src/runtime/context/current.rs	closure@2034	tokio-util/src/codec/framed_impl.rs	borrow_mut
tokio/src/runtime/context/current.rs	closure@865	tokio/src/runtime/context/current.rs	set_current
tokio/src/runtime/context/current.rs	drop	tokio-util/src/codec/framed_impl.rs	borrow_mut
tokio/src/runtime/context/current.rs	new	tokio/src/runtime/context/current.rs	HandleCell
tokio/src/runtime/context/current.rs	new	tokio/src/runtime/context/current.rs	new
tokio/src/runtime/context/current.rs	new	tokio/src/runtime/task/core.rs	new
tokio/src/runtime/context/current.rs	set_current	tokio-util/src/codec/framed_impl.rs	borrow_mut
tokio/src/runtime/context/current.rs	set_current	tokio/src/runtime/context/current.rs	SetCurrentGuard
tokio/src/runtime/context/current.rs	set_current	tokio/src/util/rc_cell.rs	replace
tokio/src/runtime/context/current.rs	try_set_current	tokio/src/runtime/context/current.rs	set_current
tokio/src/runtime/context/current.rs	try_set_current	tokio/src/task/task_local.rs	try_with
tokio/src/runtime/context/current.rs	with_current	tokio/src/runtime/handle.rs	new_no_context
tokio/src/runtime/context/current.rs	with_current	tokio/src/runtime/handle.rs	new_thread_local_destroyed
tokio/src/runtime/context/current.rs	with_current	tokio/src/task/task_local.rs	try_with
tokio/src/runtime/context/runtime.rs	closure@1146	tokio/src/runtime/context/blocking.rs	new
tokio/src/runtime/context/runtime.rs	closure@1146	tokio/src/runtime/context/current.rs	set_current
tokio/src/runtime/context/runtime.rs	closure@1146	tokio/src/runtime/context/runtime.rs	EnterRuntimeGuard
tokio/src/runtime/context/runtime.rs	closure@1146	tokio/src/runtime/context/runtime.rs	Entered
tokio/src/runtime/context/runtime.rs	closure@1146	tokio/src/runtime/context/runtime.rs	is_entered
tokio/src/runtime/context/runtime.rs	closure@1146	tokio/src/util/rand/rt.rs	next_seed
tokio/src/runtime/context/runtime.rs	closure@1146	tokio/src/util/rand/rt.rs	replace_seed
tokio/src/runtime/context/runtime.rs	closure@2449	tokio/src/util/rand/rt.rs	replace_seed
tokio/src/runtime/context/runtime.rs	drop	tokio/src/util/rand/rt.rs	replace_seed
tokio/src/runtime/context/runtime.rs	enter_runtime	tokio/src/runtime/context/blocking.rs	new
tokio/src/runtime/context/runtime.rs	enter_runtime	tokio/src/runtime/context/current.rs	set_current
tokio/src/runtime/context/runtime.rs	enter_runtime	tokio/src/runtime/context/runtime.rs	EnterRuntimeGuard
tokio/src/runtime/context/runtime.rs	enter_runtime	tokio/src/runtime/context/runtime.rs	Entered
tokio/src/runtime/context/runtime.rs	enter_runtime	tokio/src/runtime/context/runtime.rs	is_entered
tokio/src/runtime/context/runtime.rs	enter_runtime	tokio/src/util/rand/rt.rs	next_seed
tokio/src/runtime/context/runtime.rs	enter_runtime	tokio/src/util/rand/rt.rs	replace_seed
tokio/src/runtime/context/scoped.rs	new	tokio/src/runtime/context/scoped.rs	Scoped
tokio/src/runtime/context/scoped.rs	new	tokio/src/runtime/task/core.rs	new
tokio/src/runtime/context/scoped.rs	set	tokio/src/runtime/context/scoped.rs	set
tokio/src/runtime/driver.rs	new	tokio/src/runtime/driver.rs	Handle
tokio/src/runtime/driver.rs	unpark	tokio/src/runtime/driver.rs	unpark
tokio/src/runtime/driver/op.rs	drop	tokio/src/runtime/driver/op.rs	take_data
tokio/src/runtime/driver/op.rs	drop	tokio/src/runtime/io/driver/uring.rs	cancel_op
tokio/src/runtime/driver/op.rs	drop	tokio/src/signal/unix.rs	io
tokio/src/runtime/driver/op.rs	from	tokio/src/runtime/driver/op.rs	CqeResult
tokio/src/runtime/driver/op.rs	new	tokio/src/runtime/driver/op.rs	Initialize
tokio/src/runtime/driver/op.rs	new	tokio/src/runtime/handle.rs	current
tokio/src/runtime/driver/op.rs	poll	tokio/src/io/ready.rs	Ready
tokio/src/runtime/driver/op.rs	poll	tokio/src/runtime/driver/op.rs	Polled
tokio/src/runtime/driver/op.rs	poll	tokio/src/runtime/driver/op.rs	Waiting
tokio/src/runtime/driver/op.rs	poll	tokio/src/runtime/driver/op.rs	complete
tokio/src/runtime/driver/op.rs	poll	tokio/src/runtime/driver/op.rs	complete_with_error
tokio/src/runtime/driver/op.rs	poll	tokio/src/runtime/driver/op.rs	drop
tokio/src/runtime/driver/op.rs	poll	tokio/src/runtime/driver/op.rs	take_data
tokio/src/runtime/driver/op.rs	poll	tokio/src/runtime/io/driver/uring.rs	get_uring
tokio/src/runtime/driver/op.rs	poll	tokio/src/runtime/io/driver/uring.rs	register_op
tokio/src/runtime/driver/op.rs	poll	tokio/src/runtime/io/driver/uring.rs	remove_op
tokio/src/runtime/driver/op.rs	poll	tokio/src/signal/unix.rs	io
tokio/src/runtime/dump.rs	capture	tokio/src/runtime/dump.rs	Trace
tokio/src/runtime/dump.rs	capture	tokio/src/runtime/dump.rs	capture
tokio/src/runtime/dump.rs	closure@6586	tokio/src/runtime/dump.rs	Backtrace
tokio/src/runtime/dump.rs	closure@6586	tokio/src/runtime/dump.rs	frames
tokio/src/runtime/dump.rs	closure@6586	tokio/src/runtime/dump.rs	iter
tokio/src/runtime/dump.rs	from_backtrace_symbol	tokio/src/runtime/dump.rs	addr
tokio/src/runtime/dump.rs	from_backtrace_symbol	tokio/src/runtime/dump.rs	colno
tokio/src/runtime/dump.rs	from_backtrace_symbol	tokio/src/runtime/dump.rs	filename
tokio/src/runtime/dump.rs	from_backtrace_symbol	tokio/src/runtime/dump.rs	lineno
tokio/src/runtime/dump.rs	from_resolved_backtrace_frame	tokio/src/runtime/dump.rs	Address
tokio/src/runtime/dump.rs	from_resolved_backtrace_frame	tokio/src/runtime/dump.rs	ip
tokio/src/runtime/dump.rs	from_resolved_backtrace_frame	tokio/src/runtime/dump.rs	iter
tokio/src/runtime/dump.rs	from_resolved_backtrace_frame	tokio/src/runtime/dump.rs	symbol_address
tokio/src/runtime/dump.rs	from_resolved_backtrace_frame	tokio/src/runtime/dump.rs	symbols
tokio/src/runtime/dump.rs	new	tokio/src/runtime/dump.rs	Tasks
tokio/src/runtime/dump.rs	new	tokio/src/runtime/dump.rs	Trace
tokio/src/runtime/dump.rs	resolve_backtraces	tokio/src/runtime/dump.rs	Backtrace
tokio/src/runtime/dump.rs	resolve_backtraces	tokio/src/runtime/dump.rs	frames
tokio/src/runtime/dump.rs	resolve_backtraces	tokio/src/runtime/dump.rs	iter
tokio/src/runtime/dump.rs	resolve_backtraces	tokio/src/runtime/task/trace/mod.rs	backtraces
tokio/src/runtime/dump.rs	root	tokio/src/runtime/dump.rs	root
tokio/src/runtime/handle.rs	block_on	tokio/src/runtime/handle.rs	block_on_inner
tokio/src/runtime/handle.rs	block_on_inner	tokio/src/runtime/handle.rs	block_on
tokio/src/runtime/handle.rs	block_on_inner	tokio/src/runtime/task/id.rs	as_u64
tokio/src/runtime/handle.rs	block_on_inner	tokio/src/runtime/task/id.rs	next
tokio/src/runtime/handle.rs	closure@12775	tokio/src/runtime/handle.rs	block_on
tokio/src/runtime/handle.rs	closure@5233	tokio/src/runtime/handle.rs	Handle
tokio/src/runtime/handle.rs	current	tokio/src/runtime/handle.rs	Handle
tokio/src/runtime/handle.rs	current	tokio/src/runtime/handle.rs	current
tokio/src/runtime/handle.rs	enter	tokio/src/runtime/handle.rs	EnterGuard
tokio/src/runtime/handle.rs	id	tokio/src/runtime/id.rs	new
tokio/src/runtime/handle.rs	metrics	tokio/src/runtime/metrics/runtime.rs	new
tokio/src/runtime/handle.rs	name	tokio/src/runtime/handle.rs	name
tokio/src/runtime/handle.rs	spawn	tokio/src/runtime/handle.rs	spawn_named
tokio/src/runtime/handle.rs	spawn_blocking	tokio/src/runtime/handle.rs	spawn_blocking
tokio/src/runtime/handle.rs	spawn_local_named	tokio/src/runtime/scheduler/current_thread/mod.rs	spawn_local
tokio/src/runtime/handle.rs	spawn_local_named	tokio/src/runtime/task/id.rs	as_u64
tokio/src/runtime/handle.rs	spawn_local_named	tokio/src/runtime/task/id.rs	next
tokio/src/runtime/handle.rs	spawn_named	tokio/src/runtime/task/id.rs	as_u64
tokio/src/runtime/handle.rs	spawn_named	tokio/src/runtime/task/id.rs	next
tokio/src/runtime/handle.rs	try_current	tokio/src/runtime/handle.rs	Handle
tokio/src/runtime/id.rs	fmt	tokio/src/runtime/id.rs	fmt
tokio/src/runtime/io/driver.rs	_assert_kinds	tokio/src/runtime/io/driver.rs	_assert
tokio/src/runtime/io/driver.rs	add_source	tokio/src/io/interest.rs	to_mio
tokio/src/runtime/io/driver.rs	add_source	tokio/src/runtime/io/registration_set.rs	allocate
tokio/src/runtime/io/driver.rs	add_source	tokio/src/runtime/io/registration_set.rs	remove
tokio/src/runtime/io/driver.rs	add_source	tokio/src/runtime/metrics/io.rs	incr_fd_count
tokio/src/runtime/io/driver.rs	deregister_source	tokio/src/runtime/io/registration_set.rs	deregister
tokio/src/runtime/io/driver.rs	deregister_source	tokio/src/runtime/metrics/io.rs	dec_fd_count
tokio/src/runtime/io/driver.rs	new	tokio/src/fs/file.rs	try_clone
tokio/src/runtime/io/driver.rs	new	tokio/src/runtime/io/driver.rs	Driver
tokio/src/runtime/io/driver.rs	new	tokio/src/runtime/io/driver.rs	Handle
tokio/src/runtime/io/driver.rs	new	tokio/src/runtime/io/driver.rs	new
tokio/src/runtime/io/driver.rs	new	tokio/src/runtime/io/driver/uring.rs	new
tokio/src/runtime/io/driver.rs	new	tokio/src/runtime/io/registration_set.rs	new
tokio/src/runtime/io/driver.rs	new	tokio/src/sync/once_cell.rs	new
tokio/src/runtime/io/driver.rs	park	tokio/src/runtime/io/driver.rs	turn
tokio/src/runtime/io/driver.rs	park_timeout	tokio/src/runtime/io/driver.rs	turn
tokio/src/runtime/io/driver.rs	release_pending_registrations	tokio/src/runtime/io/registration_set.rs	needs_release
tokio/src/runtime/io/driver.rs	release_pending_registrations	tokio/src/runtime/io/registration_set.rs	release
tokio/src/runtime/io/driver.rs	shutdown	tokio/src/runtime/io/driver.rs	shutdown
tokio/src/runtime/io/driver.rs	turn	tokio/src/io/ready.rs	from_mio
tokio/src/runtime/io/driver.rs	turn	tokio/src/runtime/io/driver.rs	release_pending_registrations
tokio/src/runtime/io/driver.rs	turn	tokio/src/runtime/io/driver/uring.rs	dispatch_completions
tokio/src/runtime/io/driver.rs	turn	tokio/src/runtime/io/driver/uring.rs	get_uring
tokio/src/runtime/io/driver.rs	turn	tokio/src/runtime/io/scheduled_io.rs	set_readiness
tokio/src/runtime/io/driver.rs	turn	tokio/src/runtime/io/scheduled_io.rs	wake
tokio/src/runtime/io/driver.rs	turn	tokio/src/runtime/metrics/io.rs	incr_ready_count_by
tokio/src/runtime/io/driver.rs	turn	tokio/src/util/ptr_expose.rs	from_exposed_addr
tokio/src/runtime/io/driver/uring.rs	add_uring_source	tokio/src/io/interest.rs	to_mio
tokio/src/runtime/io/driver/uring.rs	cancel_op	tokio/src/runtime/driver/op.rs	Cancelled
tokio/src/runtime/io/driver/uring.rs	cancel_op	tokio/src/runtime/driver/op.rs	from
tokio/src/runtime/io/driver/uring.rs	cancel_op	tokio/src/runtime/io/driver/uring.rs	get_uring
tokio/src/runtime/io/driver/uring.rs	check_and_init	tokio/src/runtime/io/driver/uring.rs	new
tokio/src/runtime/io/driver/uring.rs	check_and_init	tokio/src/runtime/io/driver/uring.rs	try_init
tokio/src/runtime/io/driver/uring.rs	check_and_init	tokio/src/sync/once_cell.rs	get_or_try_init
tokio/src/runtime/io/driver/uring.rs	closure@10013	tokio/src/runtime/io/driver/uring.rs	remove_op
tokio/src/runtime/io/driver/uring.rs	closure@10013	tokio/src/runtime/io/driver/uring.rs	submit
tokio/src/runtime/io/driver/uring.rs	closure@7773	tokio/src/runtime/io/driver/uring.rs	new
tokio/src/runtime/io/driver/uring.rs	closure@7773	tokio/src/runtime/io/driver/uring.rs	try_init
tokio/src/runtime/io/driver/uring.rs	dispatch_completions	tokio/src/runtime/driver/op.rs	Completed
tokio/src/runtime/io/driver/uring.rs	dispatch_completions	tokio/src/runtime/driver/op.rs	from
tokio/src/runtime/io/driver/uring.rs	drop	tokio/src/runtime/driver/op.rs	from
tokio/src/runtime/io/driver/uring.rs	drop	tokio/src/runtime/io/driver/uring.rs	ring_mut
tokio/src/runtime/io/driver/uring.rs	drop	tokio/src/runtime/io/driver/uring.rs	submit
tokio/src/runtime/io/driver/uring.rs	new	tokio/src/runtime/io/driver/uring.rs	new
tokio/src/runtime/io/driver/uring.rs	register_op	tokio/src/runtime/driver/op.rs	Waiting
tokio/src/runtime/io/driver/uring.rs	register_op	tokio/src/runtime/io/driver/uring.rs	dispatch_completions
tokio/src/runtime/io/driver/uring.rs	register_op	tokio/src/runtime/io/driver/uring.rs	get_uring
tokio/src/runtime/io/driver/uring.rs	register_op	tokio/src/runtime/io/driver/uring.rs	remove_op
tokio/src/runtime/io/driver/uring.rs	register_op	tokio/src/runtime/io/driver/uring.rs	ring_mut
tokio/src/runtime/io/driver/uring.rs	register_op	tokio/src/runtime/io/driver/uring.rs	submit
tokio/src/runtime/io/driver/uring.rs	submit	tokio/src/runtime/io/driver/uring.rs	dispatch_completions
tokio/src/runtime/io/driver/uring.rs	submit	tokio/src/runtime/io/driver/uring.rs	ring
tokio/src/runtime/io/driver/uring.rs	submit	tokio/src/runtime/io/driver/uring.rs	submit
tokio/src/runtime/io/driver/uring.rs	try_init	tokio/src/runtime/io/driver/uring.rs	add_uring_source
tokio/src/runtime/io/driver/uring.rs	try_init	tokio/src/runtime/io/driver/uring.rs	get_uring
tokio/src/runtime/io/driver/uring.rs	try_init	tokio/src/runtime/io/driver/uring.rs	new
tokio/src/runtime/io/driver/uring.rs	try_init	tokio/src/runtime/io/driver/uring.rs	ring
tokio/src/runtime/io/driver/uring.rs	try_init	tokio/src/runtime/io/driver/uring.rs	try_init
tokio/src/runtime/io/mod.rs	EXPOSE_IO	tokio/src/util/ptr_expose.rs	new
tokio/src/runtime/io/registration.rs	async_io	tokio/src/runtime/io/registration.rs	clear_readiness
tokio/src/runtime/io/registration.rs	async_io	tokio/src/runtime/io/registration.rs	readiness
tokio/src/runtime/io/registration.rs	clear_readiness	tokio/src/runtime/io/registration.rs	clear_readiness
tokio/src/runtime/io/registration.rs	deregister	tokio/src/runtime/io/driver.rs	deregister_source
tokio/src/runtime/io/registration.rs	deregister	tokio/src/runtime/io/registration.rs	handle
tokio/src/runtime/io/registration.rs	drop	tokio/src/runtime/io/scheduled_io.rs	clear_wakers
tokio/src/runtime/io/registration.rs	handle	tokio/src/signal/unix.rs	io
tokio/src/runtime/io/registration.rs	new_with_interest_and_handle	tokio/src/runtime/io/driver.rs	add_source
tokio/src/runtime/io/registration.rs	new_with_interest_and_handle	tokio/src/runtime/scheduler/mod.rs	driver
tokio/src/runtime/io/registration.rs	new_with_interest_and_handle	tokio/src/signal/unix.rs	io
tokio/src/runtime/io/registration.rs	poll_io	tokio/src/io/ready.rs	Ready
tokio/src/runtime/io/registration.rs	poll_io	tokio/src/runtime/io/registration.rs	clear_readiness
tokio/src/runtime/io/registration.rs	poll_read_io	tokio/src/runtime/io/registration.rs	poll_io
tokio/src/runtime/io/registration.rs	poll_read_ready	tokio/src/runtime/io/registration.rs	poll_ready
tokio/src/runtime/io/registration.rs	poll_ready	tokio/src/io/ready.rs	Ready
tokio/src/runtime/io/registration.rs	poll_ready	tokio/src/runtime/io/registration.rs	gone
tokio/src/runtime/io/registration.rs	poll_write_io	tokio/src/runtime/io/registration.rs	poll_io
tokio/src/runtime/io/registration.rs	poll_write_ready	tokio/src/runtime/io/registration.rs	poll_ready
tokio/src/runtime/io/registration.rs	readiness	tokio/src/runtime/io/registration.rs	gone
tokio/src/runtime/io/registration.rs	readiness	tokio/src/runtime/io/registration.rs	readiness
tokio/src/runtime/io/registration.rs	try_io	tokio/src/runtime/io/registration.rs	clear_readiness
tokio/src/runtime/io/registration.rs	try_io	tokio/src/runtime/io/scheduled_io.rs	ready_event
tokio/src/runtime/io/registration_set.rs	allocate	tokio/src/runtime/io/registration_set.rs	new
tokio/src/runtime/io/registration_set.rs	allocate	tokio/src/runtime/io/scheduled_io.rs	default
tokio/src/runtime/io/registration_set.rs	allocate	tokio/src/util/linked_list.rs	push_front
tokio/src/runtime/io/registration_set.rs	from_raw	tokio/src/runtime/io/registration_set.rs	from_raw
tokio/src/runtime/io/registration_set.rs	new	tokio/src/loom/std/atomic_usize.rs	new
tokio/src/runtime/io/registration_set.rs	new	tokio/src/runtime/io/registration_set.rs	RegistrationSet
tokio/src/runtime/io/registration_set.rs	new	tokio/src/runtime/io/registration_set.rs	Synced
tokio/src/runtime/io/registration_set.rs	new	tokio/src/util/linked_list.rs	new
tokio/src/runtime/io/registration_set.rs	release	tokio/src/runtime/io/registration_set.rs	remove
tokio/src/runtime/io/registration_set.rs	remove	tokio/src/util/linked_list.rs	remove
tokio/src/runtime/io/registration_set.rs	remove	tokio/src/util/ptr_expose.rs	unexpose_provenance
tokio/src/runtime/io/registration_set.rs	shutdown	tokio/src/util/linked_list.rs	pop_back
tokio/src/runtime/io/scheduled_io.rs	READINESS	tokio/src/util/bit.rs	least_significant
tokio/src/runtime/io/scheduled_io.rs	clear_readiness	tokio/src/runtime/io/driver.rs	Clear
tokio/src/runtime/io/scheduled_io.rs	clear_readiness	tokio/src/runtime/io/scheduled_io.rs	set_readiness
tokio/src/runtime/io/scheduled_io.rs	closure@6981	tokio/src/io/ready.rs	from_usize
tokio/src/runtime/io/scheduled_io.rs	closure@8880	tokio/src/io/ready.rs	satisfies
tokio/src/runtime/io/scheduled_io.rs	default	tokio/src/loom/std/atomic_usize.rs	new
tokio/src/runtime/io/scheduled_io.rs	default	tokio/src/loom/std/unsafe_cell.rs	new
tokio/src/runtime/io/scheduled_io.rs	default	tokio/src/runtime/io/scheduled_io.rs	ScheduledIo
tokio/src/runtime/io/scheduled_io.rs	default	tokio/src/runtime/io/scheduled_io.rs	default
tokio/src/runtime/io/scheduled_io.rs	default	tokio/src/util/linked_list.rs	new
tokio/src/runtime/io/scheduled_io.rs	drop	tokio/src/runtime/io/scheduled_io.rs	wake
tokio/src/runtime/io/scheduled_io.rs	poll	tokio/src/io/ready.rs	Ready
tokio/src/runtime/io/scheduled_io.rs	poll	tokio/src/io/ready.rs	from_usize
tokio/src/runtime/io/scheduled_io.rs	poll	tokio/src/io/ready.rs	intersection
tokio/src/runtime/io/scheduled_io.rs	poll	tokio/src/runtime/io/driver.rs	ReadyEvent
tokio/src/runtime/io/scheduled_io.rs	poll	tokio/src/runtime/io/scheduled_io.rs	drop
tokio/src/runtime/io/scheduled_io.rs	poll	tokio/src/util/rc_cell.rs	replace
tokio/src/runtime/io/scheduled_io.rs	poll_readiness	tokio/src/io/ready.rs	Ready
tokio/src/runtime/io/scheduled_io.rs	poll_readiness	tokio/src/io/ready.rs	from_usize
tokio/src/runtime/io/scheduled_io.rs	poll_readiness	tokio/src/runtime/io/driver.rs	ReadyEvent
tokio/src/runtime/io/scheduled_io.rs	poll_readiness	tokio/src/runtime/io/driver.rs	mask
tokio/src/runtime/io/scheduled_io.rs	readiness	tokio/src/runtime/io/scheduled_io.rs	readiness_fut
tokio/src/runtime/io/scheduled_io.rs	readiness_fut	tokio/src/loom/std/unsafe_cell.rs	new
tokio/src/runtime/io/scheduled_io.rs	readiness_fut	tokio/src/runtime/io/scheduled_io.rs	Readiness
tokio/src/runtime/io/scheduled_io.rs	readiness_fut	tokio/src/runtime/io/scheduled_io.rs	Waiter
tokio/src/runtime/io/scheduled_io.rs	readiness_fut	tokio/src/util/linked_list.rs	new
tokio/src/runtime/io/scheduled_io.rs	ready_event	tokio/src/io/interest.rs	mask
tokio/src/runtime/io/scheduled_io.rs	ready_event	tokio/src/io/ready.rs	from_usize
tokio/src/runtime/io/scheduled_io.rs	ready_event	tokio/src/runtime/io/driver.rs	ReadyEvent
tokio/src/runtime/io/scheduled_io.rs	set_readiness	tokio/src/io/ready.rs	from_usize
tokio/src/runtime/io/scheduled_io.rs	shutdown	tokio/src/runtime/io/scheduled_io.rs	wake
tokio/src/runtime/io/scheduled_io.rs	token	tokio/src/util/ptr_expose.rs	expose_provenance
tokio/src/runtime/io/scheduled_io.rs	wake	tokio/src/io/ready.rs	is_readable
tokio/src/runtime/io/scheduled_io.rs	wake	tokio/src/io/ready.rs	is_writable
tokio/src/runtime/io/scheduled_io.rs	wake	tokio/src/io/ready.rs	satisfies
tokio/src/runtime/io/scheduled_io.rs	wake	tokio/src/runtime/io/scheduled_io.rs	drop
tokio/src/runtime/io/scheduled_io.rs	wake	tokio/src/util/wake_list.rs	can_push
tokio/src/runtime/io/scheduled_io.rs	wake	tokio/src/util/wake_list.rs	new
tokio/src/runtime/local_runtime/runtime.rs	block_on	tokio/src/runtime/local_runtime/runtime.rs	block_on_inner
tokio/src/runtime/local_runtime/runtime.rs	block_on_inner	tokio/src/runtime/local_runtime/runtime.rs	block_on
tokio/src/runtime/local_runtime/runtime.rs	block_on_inner	tokio/src/runtime/local_runtime/runtime.rs	enter
tokio/src/runtime/local_runtime/runtime.rs	block_on_inner	tokio/src/runtime/task/id.rs	as_u64
tokio/src/runtime/local_runtime/runtime.rs	block_on_inner	tokio/src/runtime/task/id.rs	next
tokio/src/runtime/local_runtime/runtime.rs	enter	tokio/src/runtime/handle.rs	enter
tokio/src/runtime/local_runtime/runtime.rs	from_parts	tokio/src/runtime/local_runtime/runtime.rs	LocalRuntime
tokio/src/runtime/local_runtime/runtime.rs	metrics	tokio/src/runtime/handle.rs	metrics
tokio/src/runtime/local_runtime/runtime.rs	new	tokio/src/runtime/builder.rs	build_local
tokio/src/runtime/local_runtime/runtime.rs	new	tokio/src/runtime/builder.rs	enable_all
tokio/src/runtime/local_runtime/runtime.rs	new	tokio/src/runtime/builder.rs	new_current_thread
tokio/src/runtime/local_runtime/runtime.rs	shutdown_background	tokio/src/runtime/local_runtime/runtime.rs	shutdown_timeout
tokio/src/runtime/local_runtime/runtime.rs	shutdown_timeout	tokio/src/runtime/blocking/pool.rs	shutdown
tokio/src/runtime/local_runtime/runtime.rs	spawn_blocking	tokio/src/runtime/handle.rs	spawn_blocking
tokio/src/runtime/local_runtime/runtime.rs	spawn_local	tokio/src/runtime/handle.rs	spawn_local_named
tokio/src/runtime/metrics/batch.rs	closure@10802	tokio/src/runtime/metrics/schedule_latency.rs	elapsed_nanos
tokio/src/runtime/metrics/batch.rs	end_processing_scheduled_tasks	tokio/src/runtime/metrics/batch.rs	duration_as_u64
tokio/src/runtime/metrics/batch.rs	new	tokio/src/runtime/metrics/batch.rs	now
tokio/src/runtime/metrics/batch.rs	now	tokio/src/time/instant.rs	now
tokio/src/runtime/metrics/batch.rs	record_schedule_latency_at	tokio/src/runtime/metrics/batch.rs	duration_as_u64
tokio/src/runtime/metrics/batch.rs	record_schedule_latency_at	tokio/src/runtime/metrics/histogram.rs	measure
tokio/src/runtime/metrics/batch.rs	record_schedule_latency_at	tokio/src/runtime/metrics/schedule_latency.rs	elapsed_nanos
tokio/src/runtime/metrics/batch.rs	start_processing_scheduled_tasks	tokio/src/runtime/metrics/batch.rs	now
tokio/src/runtime/metrics/histogram.rs	bucket_range	tokio/src/runtime/metrics/histogram.rs	bucket_range
tokio/src/runtime/metrics/histogram.rs	build	tokio/src/runtime/metrics/histogram.rs	Histogram
tokio/src/runtime/metrics/histogram.rs	build	tokio/src/runtime/metrics/histogram.rs	LegacyLogHistogram
tokio/src/runtime/metrics/histogram.rs	build	tokio/src/runtime/metrics/histogram.rs	Linear
tokio/src/runtime/metrics/histogram.rs	build	tokio/src/runtime/metrics/histogram.rs	LinearHistogram
tokio/src/runtime/metrics/histogram.rs	build	tokio/src/runtime/metrics/histogram.rs	LogLegacy
tokio/src/runtime/metrics/histogram.rs	build	tokio/src/runtime/metrics/histogram.rs	new
tokio/src/runtime/metrics/histogram.rs	build	tokio/src/runtime/metrics/histogram.rs	num_buckets
tokio/src/runtime/metrics/histogram.rs	closure@8125	tokio/src/runtime/metrics/histogram.rs	new
tokio/src/runtime/metrics/histogram.rs	default	tokio/src/runtime/metrics/histogram.rs	new
tokio/src/runtime/metrics/histogram.rs	from_histogram	tokio/src/runtime/metrics/histogram.rs	HistogramBatch
tokio/src/runtime/metrics/histogram.rs	inc_by_more_than_one	tokio/src/runtime/metrics/histogram.rs	from_histogram
tokio/src/runtime/metrics/histogram.rs	inc_by_more_than_one	tokio/src/runtime/metrics/histogram.rs	linear
tokio/src/runtime/metrics/histogram.rs	inc_by_more_than_one	tokio/src/runtime/metrics/histogram.rs	measure
tokio/src/runtime/metrics/histogram.rs	inc_by_more_than_one	tokio/src/runtime/metrics/histogram.rs	submit
tokio/src/runtime/metrics/histogram.rs	linear	tokio/src/runtime/metrics/histogram.rs	HistogramBuilder
tokio/src/runtime/metrics/histogram.rs	linear	tokio/src/runtime/metrics/histogram.rs	Linear
tokio/src/runtime/metrics/histogram.rs	linear	tokio/src/runtime/metrics/histogram.rs	LinearHistogram
tokio/src/runtime/metrics/histogram.rs	linear	tokio/src/runtime/metrics/histogram.rs	build
tokio/src/runtime/metrics/histogram.rs	linear_scale_resolution_1	tokio/src/runtime/metrics/histogram.rs	from_histogram
tokio/src/runtime/metrics/histogram.rs	linear_scale_resolution_1	tokio/src/runtime/metrics/histogram.rs	linear
tokio/src/runtime/metrics/histogram.rs	linear_scale_resolution_1	tokio/src/runtime/metrics/histogram.rs	measure
tokio/src/runtime/metrics/histogram.rs	linear_scale_resolution_1	tokio/src/runtime/metrics/histogram.rs	submit
tokio/src/runtime/metrics/histogram.rs	linear_scale_resolution_100	tokio/src/runtime/metrics/histogram.rs	from_histogram
tokio/src/runtime/metrics/histogram.rs	linear_scale_resolution_100	tokio/src/runtime/metrics/histogram.rs	linear
tokio/src/runtime/metrics/histogram.rs	linear_scale_resolution_100	tokio/src/runtime/metrics/histogram.rs	measure
tokio/src/runtime/metrics/histogram.rs	linear_scale_resolution_100	tokio/src/runtime/metrics/histogram.rs	submit
tokio/src/runtime/metrics/histogram.rs	log_scale_resolution_1	tokio/src/runtime/metrics/histogram.rs	HistogramBuilder
tokio/src/runtime/metrics/histogram.rs	log_scale_resolution_1	tokio/src/runtime/metrics/histogram.rs	LegacyLogHistogram
tokio/src/runtime/metrics/histogram.rs	log_scale_resolution_1	tokio/src/runtime/metrics/histogram.rs	LogLegacy
tokio/src/runtime/metrics/histogram.rs	log_scale_resolution_1	tokio/src/runtime/metrics/histogram.rs	build
tokio/src/runtime/metrics/histogram.rs	log_scale_resolution_1	tokio/src/runtime/metrics/histogram.rs	from_histogram
tokio/src/runtime/metrics/histogram.rs	log_scale_resolution_1	tokio/src/runtime/metrics/histogram.rs	measure
tokio/src/runtime/metrics/histogram.rs	log_scale_resolution_2	tokio/src/runtime/metrics/histogram.rs	HistogramBuilder
tokio/src/runtime/metrics/histogram.rs	log_scale_resolution_2	tokio/src/runtime/metrics/histogram.rs	LegacyLogHistogram
tokio/src/runtime/metrics/histogram.rs	log_scale_resolution_2	tokio/src/runtime/metrics/histogram.rs	LogLegacy
tokio/src/runtime/metrics/histogram.rs	log_scale_resolution_2	tokio/src/runtime/metrics/histogram.rs	build
tokio/src/runtime/metrics/histogram.rs	log_scale_resolution_2	tokio/src/runtime/metrics/histogram.rs	from_histogram
tokio/src/runtime/metrics/histogram.rs	log_scale_resolution_2	tokio/src/runtime/metrics/histogram.rs	measure
tokio/src/runtime/metrics/histogram.rs	log_scale_resolution_2	tokio/src/runtime/metrics/histogram.rs	submit
tokio/src/runtime/metrics/histogram.rs	measure	tokio/src/runtime/metrics/histogram.rs	value_to_bucket
tokio/src/runtime/metrics/histogram.rs	new	tokio/src/runtime/metrics/histogram.rs	HistogramBuilder
tokio/src/runtime/metrics/histogram.rs	new	tokio/src/runtime/metrics/histogram.rs	Linear
tokio/src/runtime/metrics/histogram.rs	new	tokio/src/runtime/metrics/histogram.rs	LinearHistogram
tokio/src/runtime/metrics/histogram.rs	test_legacy_builder	tokio/src/runtime/metrics/histogram.rs	legacy_mut
tokio/src/runtime/metrics/histogram.rs	test_legacy_builder	tokio/src/runtime/metrics/histogram.rs	new
tokio/src/runtime/metrics/histogram.rs	value_to_bucket	tokio/src/runtime/metrics/histogram.rs	value_to_bucket
tokio/src/runtime/metrics/histogram/h2_histogram.rs	bucket_computation_spot_check	tokio/src/runtime/metrics/histogram.rs	H2
tokio/src/runtime/metrics/histogram/h2_histogram.rs	bucket_computation_spot_check	tokio/src/runtime/metrics/histogram/h2_histogram.rs	LogHistogram
tokio/src/runtime/metrics/histogram/h2_histogram.rs	bucket_offset	tokio/src/runtime/metrics/histogram.rs	H2
tokio/src/runtime/metrics/histogram/h2_histogram.rs	bucket_offset	tokio/src/runtime/metrics/histogram/h2_histogram.rs	from_n_p
tokio/src/runtime/metrics/histogram/h2_histogram.rs	bucket_ranges_are_correct	tokio/src/runtime/metrics/histogram.rs	H2
tokio/src/runtime/metrics/histogram/h2_histogram.rs	bucket_ranges_are_correct	tokio/src/runtime/metrics/histogram/h2_histogram.rs	LogHistogram
tokio/src/runtime/metrics/histogram/h2_histogram.rs	build	tokio/src/runtime/metrics/batch.rs	duration_as_u64
tokio/src/runtime/metrics/histogram/h2_histogram.rs	build	tokio/src/runtime/metrics/histogram/h2_histogram.rs	bucket_index
tokio/src/runtime/metrics/histogram/h2_histogram.rs	build	tokio/src/runtime/metrics/histogram/h2_histogram.rs	from_n_p
tokio/src/runtime/metrics/histogram/h2_histogram.rs	build	tokio/src/runtime/metrics/histogram/h2_histogram.rs	truncate_to_max_value
tokio/src/runtime/metrics/histogram/h2_histogram.rs	builder	tokio/src/runtime/metrics/histogram/h2_histogram.rs	default
tokio/src/runtime/metrics/histogram/h2_histogram.rs	closure@11888	tokio/src/runtime/metrics/histogram/h2_histogram.rs	from_n_p
tokio/src/runtime/metrics/histogram/h2_histogram.rs	default	tokio/src/runtime/metrics/histogram/h2_histogram.rs	build
tokio/src/runtime/metrics/histogram/h2_histogram.rs	default	tokio/src/runtime/metrics/histogram/h2_histogram.rs	default
tokio/src/runtime/metrics/histogram/h2_histogram.rs	default_configuration_size	tokio/src/runtime/metrics/histogram/h2_histogram.rs	build
tokio/src/runtime/metrics/histogram/h2_histogram.rs	default_configuration_size	tokio/src/runtime/metrics/histogram/h2_histogram.rs	builder
tokio/src/runtime/metrics/histogram/h2_histogram.rs	from	tokio/src/runtime/metrics/histogram/h2_histogram.rs	build
tokio/src/runtime/metrics/histogram/h2_histogram.rs	last_bucket_goes_to_infinity	tokio/src/runtime/metrics/histogram.rs	H2
tokio/src/runtime/metrics/histogram/h2_histogram.rs	last_bucket_goes_to_infinity	tokio/src/runtime/metrics/histogram/h2_histogram.rs	from_n_p
tokio/src/runtime/metrics/histogram/h2_histogram.rs	log_histogram_settings	tokio/src/runtime/metrics/batch.rs	duration_as_u64
tokio/src/runtime/metrics/histogram/h2_histogram.rs	max_buckets	tokio/src/runtime/metrics/histogram/h2_histogram.rs	TooManyBuckets
tokio/src/runtime/metrics/histogram/h2_histogram.rs	max_buckets	tokio/src/runtime/metrics/histogram/h2_histogram.rs	build
tokio/src/runtime/metrics/histogram/h2_histogram.rs	max_buckets_enforcement	tokio/src/runtime/metrics/histogram/h2_histogram.rs	builder
tokio/src/runtime/metrics/histogram/h2_histogram.rs	max_buckets_enforcement	tokio/src/runtime/metrics/histogram/h2_histogram.rs	max_buckets
tokio/src/runtime/metrics/histogram/h2_histogram.rs	max_buckets_enforcement	tokio/src/runtime/metrics/histogram/h2_histogram.rs	max_error
tokio/src/runtime/metrics/histogram/h2_histogram.rs	max_value	tokio/src/runtime/metrics/histogram/h2_histogram.rs	bucket_range
tokio/src/runtime/metrics/histogram/h2_histogram.rs	truncate_to_max_value	tokio/src/runtime/metrics/histogram/h2_histogram.rs	max_value
tokio/src/runtime/metrics/histogram/h2_histogram.rs	valid_log_histogram_strategy	tokio/src/runtime/metrics/histogram/h2_histogram.rs	from_n_p
tokio/src/runtime/metrics/histogram/h2_histogram.rs	value_to_bucket	tokio/src/runtime/metrics/histogram/h2_histogram.rs	bucket_index
tokio/src/runtime/metrics/runtime.rs	new	tokio/src/runtime/metrics/runtime.rs	RuntimeMetrics
tokio/src/runtime/metrics/runtime.rs	num_alive_tasks	tokio/src/runtime/metrics/runtime.rs	num_alive_tasks
tokio/src/runtime/metrics/runtime.rs	num_workers	tokio/src/runtime/metrics/runtime.rs	num_workers
tokio/src/runtime/metrics/schedule_latency.rs	closure@775	tokio/src/runtime/metrics/schedule_latency.rs	new
tokio/src/runtime/metrics/schedule_latency.rs	closure@775	tokio/src/time/instant.rs	elapsed
tokio/src/runtime/metrics/schedule_latency.rs	elapsed_nanos	tokio/src/time/instant.rs	saturating_duration_since
tokio/src/runtime/metrics/schedule_latency.rs	new	tokio/src/runtime/metrics/schedule_latency.rs	new
tokio/src/runtime/metrics/schedule_latency.rs	new	tokio/src/time/instant.rs	elapsed
tokio/src/runtime/metrics/schedule_latency.rs	prepare	tokio/src/runtime/metrics/schedule_latency.rs	ScheduleLatencyContext
tokio/src/runtime/metrics/scheduler.rs	new	tokio/src/runtime/metrics/scheduler.rs	SchedulerMetrics
tokio/src/runtime/metrics/scheduler.rs	new	tokio/src/runtime/metrics/scheduler.rs	new
tokio/src/runtime/metrics/worker.rs	set_queue_depth	tokio/src/util/metric_atomics.rs	store
tokio/src/runtime/park.rs	block_on	tokio/src/runtime/park.rs	park
tokio/src/runtime/park.rs	block_on	tokio/src/runtime/park.rs	waker
tokio/src/runtime/park.rs	block_on	tokio/src/task/coop/mod.rs	budget
tokio/src/runtime/park.rs	clone	tokio/src/runtime/park.rs	from_raw
tokio/src/runtime/park.rs	clone	tokio/src/runtime/park.rs	unparker_to_raw_waker
tokio/src/runtime/park.rs	closure@7995	tokio/src/runtime/park.rs	park
tokio/src/runtime/park.rs	closure@8155	tokio/src/runtime/park.rs	park_timeout
tokio/src/runtime/park.rs	default	tokio/src/runtime/park.rs	new
tokio/src/runtime/park.rs	drop_waker	tokio/src/runtime/park.rs	from_raw
tokio/src/runtime/park.rs	from_raw	tokio/src/runtime/io/registration_set.rs	from_raw
tokio/src/runtime/park.rs	into_raw	tokio/src/runtime/park.rs	into_raw
tokio/src/runtime/park.rs	into_waker	tokio/src/runtime/park.rs	from_raw
tokio/src/runtime/park.rs	into_waker	tokio/src/runtime/park.rs	unparker_to_raw_waker
tokio/src/runtime/park.rs	new	tokio/src/loom/std/atomic_usize.rs	new
tokio/src/runtime/park.rs	new	tokio/src/loom/std/parking_lot.rs	new
tokio/src/runtime/park.rs	new	tokio/src/runtime/park.rs	CachedParkThread
tokio/src/runtime/park.rs	new	tokio/src/runtime/park.rs	Inner
tokio/src/runtime/park.rs	new	tokio/src/runtime/park.rs	new
tokio/src/runtime/park.rs	park	tokio/src/loom/std/parking_lot.rs	wait
tokio/src/runtime/park.rs	park	tokio/src/runtime/park.rs	park
tokio/src/runtime/park.rs	park	tokio/src/runtime/park.rs	with_current
tokio/src/runtime/park.rs	park_timeout	tokio/src/loom/std/parking_lot.rs	wait_timeout
tokio/src/runtime/park.rs	park_timeout	tokio/src/runtime/park.rs	park_timeout
tokio/src/runtime/park.rs	park_timeout	tokio/src/runtime/park.rs	with_current
tokio/src/runtime/park.rs	shutdown	tokio/src/loom/std/parking_lot.rs	notify_all
tokio/src/runtime/park.rs	unpark	tokio/src/loom/std/parking_lot.rs	notify_one
tokio/src/runtime/park.rs	unpark	tokio/src/runtime/park.rs	UnparkThread
tokio/src/runtime/park.rs	unpark	tokio/src/runtime/park.rs	with_current
tokio/src/runtime/park.rs	unparker_to_raw_waker	tokio/src/runtime/park.rs	into_raw
tokio/src/runtime/park.rs	unparker_to_raw_waker	tokio/src/runtime/park.rs	new
tokio/src/runtime/park.rs	wake	tokio/src/runtime/park.rs	from_raw
tokio/src/runtime/park.rs	wake	tokio/src/runtime/park.rs	unpark
tokio/src/runtime/park.rs	wake_by_ref	tokio/src/runtime/park.rs	unpark
tokio/src/runtime/park.rs	waker	tokio/src/runtime/park.rs	unpark
tokio/src/runtime/park.rs	with_current	tokio/src/task/task_local.rs	try_with
tokio/src/runtime/process.rs	park	tokio/src/process/unix/mod.rs	reap_orphans
tokio/src/runtime/process.rs	park_timeout	tokio/src/process/unix/mod.rs	reap_orphans
tokio/src/runtime/runtime.rs	block_on	tokio/src/runtime/runtime.rs	block_on_inner
tokio/src/runtime/runtime.rs	block_on_inner	tokio/src/runtime/runtime.rs	block_on
tokio/src/runtime/runtime.rs	block_on_inner	tokio/src/runtime/runtime.rs	enter
tokio/src/runtime/runtime.rs	block_on_inner	tokio/src/runtime/task/id.rs	as_u64
tokio/src/runtime/runtime.rs	block_on_inner	tokio/src/runtime/task/id.rs	next
tokio/src/runtime/runtime.rs	enter	tokio/src/runtime/handle.rs	enter
tokio/src/runtime/runtime.rs	from_parts	tokio/src/runtime/runtime.rs	Runtime
tokio/src/runtime/runtime.rs	is_rt_shutdown_err	tokio/src/io/async_fd.rs	source
tokio/src/runtime/runtime.rs	is_rt_shutdown_err	tokio/src/runtime/runtime.rs	display_eq
tokio/src/runtime/runtime.rs	metrics	tokio/src/runtime/handle.rs	metrics
tokio/src/runtime/runtime.rs	new	tokio/src/runtime/builder.rs	enable_all
tokio/src/runtime/runtime.rs	new	tokio/src/runtime/builder.rs	new_multi_thread
tokio/src/runtime/runtime.rs	shutdown_background	tokio/src/runtime/runtime.rs	shutdown_timeout
tokio/src/runtime/runtime.rs	shutdown_timeout	tokio/src/runtime/blocking/pool.rs	shutdown
tokio/src/runtime/runtime.rs	spawn	tokio/src/runtime/handle.rs	spawn_named
tokio/src/runtime/runtime.rs	spawn_blocking	tokio/src/runtime/handle.rs	spawn_blocking
tokio/src/runtime/scheduler/block_in_place.rs	block_in_place	tokio/src/runtime/scheduler/multi_thread/worker.rs	block_in_place
tokio/src/runtime/scheduler/current_thread/mod.rs	block_on	tokio/src/io/ready.rs	Ready
tokio/src/runtime/scheduler/current_thread/mod.rs	block_on	tokio/src/runtime/metrics/worker.rs	set_thread_id
tokio/src/runtime/scheduler/current_thread/mod.rs	block_on	tokio/src/runtime/scheduler/current_thread/mod.rs	block_on
tokio/src/runtime/scheduler/current_thread/mod.rs	block_on	tokio/src/runtime/scheduler/current_thread/mod.rs	enter
tokio/src/runtime/scheduler/current_thread/mod.rs	block_on	tokio/src/runtime/scheduler/current_thread/mod.rs	has_pending_work
tokio/src/runtime/scheduler/current_thread/mod.rs	block_on	tokio/src/runtime/scheduler/current_thread/mod.rs	next_task
tokio/src/runtime/scheduler/current_thread/mod.rs	block_on	tokio/src/runtime/scheduler/current_thread/mod.rs	park
tokio/src/runtime/scheduler/current_thread/mod.rs	block_on	tokio/src/runtime/scheduler/current_thread/mod.rs	park_yield
tokio/src/runtime/scheduler/current_thread/mod.rs	block_on	tokio/src/runtime/scheduler/current_thread/mod.rs	reset_woken
tokio/src/runtime/scheduler/current_thread/mod.rs	block_on	tokio/src/runtime/scheduler/current_thread/mod.rs	run_task
tokio/src/runtime/scheduler/current_thread/mod.rs	block_on	tokio/src/runtime/scheduler/current_thread/mod.rs	take_core
tokio/src/runtime/scheduler/current_thread/mod.rs	block_on	tokio/src/runtime/scheduler/current_thread/mod.rs	tick
tokio/src/runtime/scheduler/current_thread/mod.rs	block_on	tokio/src/runtime/scheduler/current_thread/mod.rs	waker_ref
tokio/src/runtime/scheduler/current_thread/mod.rs	block_on	tokio/src/sync/mpsc/block.rs	is_ready
tokio/src/runtime/scheduler/current_thread/mod.rs	block_on	tokio/src/sync/notify.rs	notified
tokio/src/runtime/scheduler/current_thread/mod.rs	block_on	tokio/src/task/coop/mod.rs	budget
tokio/src/runtime/scheduler/current_thread/mod.rs	closure@12235	tokio/src/task/coop/mod.rs	budget
tokio/src/runtime/scheduler/current_thread/mod.rs	closure@12278	tokio/src/runtime/task/mod.rs	run
tokio/src/runtime/scheduler/current_thread/mod.rs	closure@12278	tokio/src/runtime/task_hooks.rs	poll_start_callback
tokio/src/runtime/scheduler/current_thread/mod.rs	closure@12278	tokio/src/runtime/task_hooks.rs	poll_stop_callback
tokio/src/runtime/scheduler/current_thread/mod.rs	closure@14891	tokio/src/runtime/scheduler/defer.rs	wake
tokio/src/runtime/scheduler/current_thread/mod.rs	closure@18342	tokio-util/src/codec/framed_impl.rs	borrow_mut
tokio/src/runtime/scheduler/current_thread/mod.rs	closure@18342	tokio/src/runtime/scheduler/current_thread/mod.rs	drop
tokio/src/runtime/scheduler/current_thread/mod.rs	closure@18342	tokio/src/runtime/scheduler/current_thread/mod.rs	wake_deferred_tasks_and_free
tokio/src/runtime/scheduler/current_thread/mod.rs	closure@18342	tokio/src/runtime/task/trace/mod.rs	trace_current_thread
tokio/src/runtime/scheduler/current_thread/mod.rs	closure@18342	tokio/src/runtime/time_alt/cancellation_queue.rs	into_iter
tokio/src/runtime/scheduler/current_thread/mod.rs	closure@19045	tokio/src/runtime/scheduler/current_thread/mod.rs	new
tokio/src/runtime/scheduler/current_thread/mod.rs	closure@22161	tokio-util/src/codec/framed_impl.rs	borrow_mut
tokio/src/runtime/scheduler/current_thread/mod.rs	closure@22161	tokio/src/runtime/scheduler/current_thread/mod.rs	push_task
tokio/src/runtime/scheduler/current_thread/mod.rs	closure@25565	tokio/src/runtime/scheduler/current_thread/mod.rs	enter
tokio/src/runtime/scheduler/current_thread/mod.rs	closure@25565	tokio/src/runtime/scheduler/current_thread/mod.rs	has_pending_work
tokio/src/runtime/scheduler/current_thread/mod.rs	closure@25565	tokio/src/runtime/scheduler/current_thread/mod.rs	next_task
tokio/src/runtime/scheduler/current_thread/mod.rs	closure@25565	tokio/src/runtime/scheduler/current_thread/mod.rs	park
tokio/src/runtime/scheduler/current_thread/mod.rs	closure@25565	tokio/src/runtime/scheduler/current_thread/mod.rs	park_yield
tokio/src/runtime/scheduler/current_thread/mod.rs	closure@25565	tokio/src/runtime/scheduler/current_thread/mod.rs	reset_woken
tokio/src/runtime/scheduler/current_thread/mod.rs	closure@25565	tokio/src/runtime/scheduler/current_thread/mod.rs	run_task
tokio/src/runtime/scheduler/current_thread/mod.rs	closure@25565	tokio/src/runtime/scheduler/current_thread/mod.rs	tick
tokio/src/runtime/scheduler/current_thread/mod.rs	closure@25565	tokio/src/runtime/scheduler/current_thread/mod.rs	waker_ref
tokio/src/runtime/scheduler/current_thread/mod.rs	closure@25973	tokio/src/task/coop/mod.rs	budget
tokio/src/runtime/scheduler/current_thread/mod.rs	closure@6260	tokio/src/runtime/metrics/worker.rs	set_thread_id
tokio/src/runtime/scheduler/current_thread/mod.rs	closure@6260	tokio/src/runtime/scheduler/current_thread/mod.rs	block_on
tokio/src/runtime/scheduler/current_thread/mod.rs	closure@6260	tokio/src/runtime/scheduler/current_thread/mod.rs	take_core
tokio/src/runtime/scheduler/current_thread/mod.rs	closure@6260	tokio/src/sync/notify.rs	notified
tokio/src/runtime/scheduler/current_thread/mod.rs	closure@7048	tokio/src/io/ready.rs	Ready
tokio/src/runtime/scheduler/current_thread/mod.rs	closure@7048	tokio/src/sync/mpsc/block.rs	is_ready
tokio/src/runtime/scheduler/current_thread/mod.rs	closure@8655	tokio/src/runtime/scheduler/current_thread/mod.rs	shutdown2
tokio/src/runtime/scheduler/current_thread/mod.rs	defer	tokio/src/runtime/scheduler/defer.rs	defer
tokio/src/runtime/scheduler/current_thread/mod.rs	drop	tokio-util/src/codec/framed_impl.rs	borrow_mut
tokio/src/runtime/scheduler/current_thread/mod.rs	dump	tokio-util/src/codec/framed_impl.rs	borrow_mut
tokio/src/runtime/scheduler/current_thread/mod.rs	dump	tokio/src/runtime/dump.rs	new
tokio/src/runtime/scheduler/current_thread/mod.rs	dump	tokio/src/runtime/scheduler/current_thread/mod.rs	drop
tokio/src/runtime/scheduler/current_thread/mod.rs	dump	tokio/src/runtime/scheduler/current_thread/mod.rs	new
tokio/src/runtime/scheduler/current_thread/mod.rs	dump	tokio/src/runtime/scheduler/current_thread/mod.rs	wake_deferred_tasks_and_free
tokio/src/runtime/scheduler/current_thread/mod.rs	dump	tokio/src/runtime/task/trace/mod.rs	trace_current_thread
tokio/src/runtime/scheduler/current_thread/mod.rs	dump	tokio/src/runtime/time_alt/cancellation_queue.rs	into_iter
tokio/src/runtime/scheduler/current_thread/mod.rs	enter	tokio-util/src/codec/framed_impl.rs	borrow_mut
tokio/src/runtime/scheduler/current_thread/mod.rs	has_pending_work	tokio/src/runtime/scheduler/defer.rs	is_empty
tokio/src/runtime/scheduler/current_thread/mod.rs	hooks	tokio/src/runtime/task/mod.rs	TaskHarnessScheduleHooks
tokio/src/runtime/scheduler/current_thread/mod.rs	new	tokio/src/runtime/metrics/batch.rs	new
tokio/src/runtime/scheduler/current_thread/mod.rs	new	tokio/src/runtime/metrics/worker.rs	set_thread_id
tokio/src/runtime/scheduler/current_thread/mod.rs	new	tokio/src/runtime/scheduler/current_thread/mod.rs	Core
tokio/src/runtime/scheduler/current_thread/mod.rs	new	tokio/src/runtime/scheduler/current_thread/mod.rs	CurrentThread
tokio/src/runtime/scheduler/current_thread/mod.rs	new	tokio/src/runtime/scheduler/current_thread/mod.rs	Handle
tokio/src/runtime/scheduler/current_thread/mod.rs	new	tokio/src/runtime/scheduler/current_thread/mod.rs	Shared
tokio/src/runtime/scheduler/current_thread/mod.rs	new	tokio/src/runtime/scheduler/current_thread/mod.rs	new
tokio/src/runtime/scheduler/current_thread/mod.rs	new	tokio/src/runtime/scheduler/inject.rs	new
tokio/src/runtime/scheduler/current_thread/mod.rs	new	tokio/src/runtime/task/list.rs	new
tokio/src/runtime/scheduler/current_thread/mod.rs	new	tokio/src/runtime/task_hooks.rs	TaskHooks
tokio/src/runtime/scheduler/current_thread/mod.rs	new	tokio/src/runtime/task_hooks.rs	from_config
tokio/src/runtime/scheduler/current_thread/mod.rs	new	tokio/src/sync/notify.rs	new
tokio/src/runtime/scheduler/current_thread/mod.rs	new	tokio/src/util/atomic_cell.rs	new
tokio/src/runtime/scheduler/current_thread/mod.rs	next_local_task	tokio/src/runtime/metrics/worker.rs	set_queue_depth
tokio/src/runtime/scheduler/current_thread/mod.rs	num_alive_tasks	tokio/src/runtime/scheduler/current_thread/mod.rs	num_alive_tasks
tokio/src/runtime/scheduler/current_thread/mod.rs	park	tokio/src/runtime/scheduler/current_thread/mod.rs	enter
tokio/src/runtime/scheduler/current_thread/mod.rs	park	tokio/src/runtime/scheduler/current_thread/mod.rs	has_pending_work
tokio/src/runtime/scheduler/current_thread/mod.rs	park	tokio/src/runtime/scheduler/multi_thread/stats.rs	about_to_park
tokio/src/runtime/scheduler/current_thread/mod.rs	park_internal	tokio/src/runtime/scheduler/current_thread/mod.rs	enter
tokio/src/runtime/scheduler/current_thread/mod.rs	park_internal	tokio/src/runtime/scheduler/defer.rs	wake
tokio/src/runtime/scheduler/current_thread/mod.rs	push_task	tokio/src/runtime/metrics/worker.rs	set_queue_depth
tokio/src/runtime/scheduler/current_thread/mod.rs	reset_woken	tokio/src/util/atomic_cell.rs	swap
tokio/src/runtime/scheduler/current_thread/mod.rs	run_task	tokio/src/runtime/scheduler/current_thread/mod.rs	enter
tokio/src/runtime/scheduler/current_thread/mod.rs	run_task	tokio/src/runtime/scheduler/multi_thread/stats.rs	end_poll
tokio/src/runtime/scheduler/current_thread/mod.rs	run_task	tokio/src/runtime/scheduler/multi_thread/stats.rs	start_poll
tokio/src/runtime/scheduler/current_thread/mod.rs	run_task	tokio/src/runtime/task/mod.rs	get_scheduled_at
tokio/src/runtime/scheduler/current_thread/mod.rs	run_task	tokio/src/runtime/task/mod.rs	run
tokio/src/runtime/scheduler/current_thread/mod.rs	run_task	tokio/src/runtime/task/mod.rs	task_meta
tokio/src/runtime/scheduler/current_thread/mod.rs	run_task	tokio/src/runtime/task_hooks.rs	poll_start_callback
tokio/src/runtime/scheduler/current_thread/mod.rs	run_task	tokio/src/runtime/task_hooks.rs	poll_stop_callback
tokio/src/runtime/scheduler/current_thread/mod.rs	run_task	tokio/src/task/coop/mod.rs	budget
tokio/src/runtime/scheduler/current_thread/mod.rs	schedule	tokio-util/src/codec/framed_impl.rs	borrow_mut
tokio/src/runtime/scheduler/current_thread/mod.rs	schedule	tokio/src/runtime/scheduler/current_thread/mod.rs	new
tokio/src/runtime/scheduler/current_thread/mod.rs	schedule	tokio/src/runtime/scheduler/current_thread/mod.rs	push_task
tokio/src/runtime/scheduler/current_thread/mod.rs	schedule	tokio/src/runtime/task/mod.rs	set_scheduled_at
tokio/src/runtime/scheduler/current_thread/mod.rs	shutdown	tokio-util/src/codec/framed_impl.rs	borrow_mut
tokio/src/runtime/scheduler/current_thread/mod.rs	shutdown	tokio/src/runtime/scheduler/current_thread/mod.rs	enter
tokio/src/runtime/scheduler/current_thread/mod.rs	shutdown	tokio/src/runtime/scheduler/current_thread/mod.rs	shutdown2
tokio/src/runtime/scheduler/current_thread/mod.rs	shutdown	tokio/src/runtime/scheduler/current_thread/mod.rs	take_core
tokio/src/runtime/scheduler/current_thread/mod.rs	shutdown2	tokio/src/runtime/scheduler/current_thread/mod.rs	drop
tokio/src/runtime/scheduler/current_thread/mod.rs	shutdown2	tokio/src/runtime/scheduler/current_thread/mod.rs	shutdown
tokio/src/runtime/scheduler/current_thread/mod.rs	spawn	tokio/src/runtime/scheduler/current_thread/mod.rs	spawn
tokio/src/runtime/scheduler/current_thread/mod.rs	spawn	tokio/src/runtime/task_hooks.rs	TaskMeta
tokio/src/runtime/scheduler/current_thread/mod.rs	spawn_local	tokio/src/runtime/scheduler/current_thread/mod.rs	spawn
tokio/src/runtime/scheduler/current_thread/mod.rs	spawn_local	tokio/src/runtime/task/list.rs	bind_local
tokio/src/runtime/scheduler/current_thread/mod.rs	spawn_local	tokio/src/runtime/task_hooks.rs	TaskMeta
tokio/src/runtime/scheduler/current_thread/mod.rs	submit_metrics	tokio/src/runtime/metrics/batch.rs	submit
tokio/src/runtime/scheduler/current_thread/mod.rs	take_core	tokio/src/runtime/scheduler/current_thread/mod.rs	Context
tokio/src/runtime/scheduler/current_thread/mod.rs	take_core	tokio/src/runtime/scheduler/current_thread/mod.rs	CoreGuard
tokio/src/runtime/scheduler/current_thread/mod.rs	take_core	tokio/src/runtime/scheduler/current_thread/mod.rs	new
tokio/src/runtime/scheduler/current_thread/mod.rs	take_core	tokio/src/runtime/scheduler/defer.rs	new
tokio/src/runtime/scheduler/current_thread/mod.rs	take_core	tokio/src/runtime/scheduler/mod.rs	CurrentThread
tokio/src/runtime/scheduler/current_thread/mod.rs	take_core	tokio/src/util/atomic_cell.rs	take
tokio/src/runtime/scheduler/current_thread/mod.rs	wake	tokio/src/runtime/scheduler/current_thread/mod.rs	wake_by_ref
tokio/src/runtime/scheduler/current_thread/mod.rs	wake_by_ref	tokio/src/util/atomic_cell.rs	swap
tokio/src/runtime/scheduler/current_thread/mod.rs	wake_deferred_tasks_and_free	tokio/src/runtime/scheduler/current_thread/mod.rs	wake
tokio/src/runtime/scheduler/current_thread/mod.rs	wake_deferred_tasks_and_free	tokio/src/runtime/scheduler/defer.rs	take_deferred
tokio/src/runtime/scheduler/current_thread/mod.rs	waker_ref	tokio/src/runtime/scheduler/current_thread/mod.rs	waker_ref
tokio/src/runtime/scheduler/defer.rs	defer	tokio/src/util/linked_list.rs	last
tokio/src/runtime/scheduler/defer.rs	is_empty	tokio/src/runtime/scheduler/defer.rs	is_empty
tokio/src/runtime/scheduler/defer.rs	new	tokio/src/runtime/scheduler/defer.rs	Defer
tokio/src/runtime/scheduler/defer.rs	wake	tokio/src/runtime/scheduler/defer.rs	wake
tokio/src/runtime/scheduler/inject.rs	close	tokio/src/runtime/scheduler/inject/shared.rs	close
tokio/src/runtime/scheduler/inject.rs	is_closed	tokio/src/runtime/scheduler/inject/shared.rs	is_closed
tokio/src/runtime/scheduler/inject.rs	new	tokio/src/runtime/scheduler/inject.rs	Inject
tokio/src/runtime/scheduler/inject.rs	new	tokio/src/runtime/scheduler/inject.rs	new
tokio/src/runtime/scheduler/inject.rs	new	tokio/src/runtime/scheduler/inject/shared.rs	new
tokio/src/runtime/scheduler/inject.rs	pop	tokio/src/runtime/scheduler/inject/shared.rs	is_empty
tokio/src/runtime/scheduler/inject.rs	pop	tokio/src/runtime/scheduler/inject/shared.rs	pop
tokio/src/runtime/scheduler/inject.rs	push	tokio/src/runtime/scheduler/inject/shared.rs	push
tokio/src/runtime/scheduler/inject/metrics.rs	len	tokio/src/runtime/scheduler/inject/metrics.rs	len
tokio/src/runtime/scheduler/inject/pop.rs	new	tokio/src/runtime/scheduler/inject/pop.rs	Pop
tokio/src/runtime/scheduler/inject/pop.rs	next	tokio/src/runtime/scheduler/inject/synced.rs	pop
tokio/src/runtime/scheduler/inject/rt_multi_thread.rs	closure@1170	tokio/src/runtime/task/raw.rs	set_queue_next
tokio/src/runtime/scheduler/inject/rt_multi_thread.rs	push_batch	tokio/src/runtime/scheduler/inject/rt_multi_thread.rs	push_batch_inner
tokio/src/runtime/scheduler/inject/rt_multi_thread.rs	push_batch	tokio/src/runtime/task/raw.rs	set_queue_next
tokio/src/runtime/scheduler/inject/rt_multi_thread.rs	push_batch_inner	tokio/src/runtime/scheduler/inject/rt_multi_thread.rs	as_mut
tokio/src/runtime/scheduler/inject/rt_multi_thread.rs	push_batch_inner	tokio/src/runtime/scheduler/lock.rs	lock
tokio/src/runtime/scheduler/inject/rt_multi_thread.rs	push_batch_inner	tokio/src/runtime/task/mod.rs	from_raw
tokio/src/runtime/scheduler/inject/rt_multi_thread.rs	push_batch_inner	tokio/src/runtime/task/raw.rs	get_queue_next
tokio/src/runtime/scheduler/inject/rt_multi_thread.rs	push_batch_inner	tokio/src/runtime/task/raw.rs	set_queue_next
tokio/src/runtime/scheduler/inject/shared.rs	is_empty	tokio/src/runtime/scheduler/inject/shared.rs	len
tokio/src/runtime/scheduler/inject/shared.rs	new	tokio/src/loom/std/atomic_usize.rs	new
tokio/src/runtime/scheduler/inject/shared.rs	new	tokio/src/runtime/scheduler/inject/shared.rs	Shared
tokio/src/runtime/scheduler/inject/shared.rs	new	tokio/src/runtime/scheduler/inject/synced.rs	Synced
tokio/src/runtime/scheduler/inject/shared.rs	pop	tokio/src/runtime/scheduler/inject/shared.rs	pop_n
tokio/src/runtime/scheduler/inject/shared.rs	pop_n	tokio/src/loom/std/atomic_usize.rs	unsync_load
tokio/src/runtime/scheduler/inject/shared.rs	pop_n	tokio/src/runtime/scheduler/inject/pop.rs	new
tokio/src/runtime/scheduler/inject/shared.rs	push	tokio/src/loom/std/atomic_usize.rs	unsync_load
tokio/src/runtime/scheduler/inject/shared.rs	push	tokio/src/runtime/task/mod.rs	into_raw
tokio/src/runtime/scheduler/inject/shared.rs	push	tokio/src/runtime/task/raw.rs	set_queue_next
tokio/src/runtime/scheduler/inject/synced.rs	pop	tokio/src/runtime/task/mod.rs	from_raw
tokio/src/runtime/scheduler/inject/synced.rs	pop	tokio/src/runtime/task/raw.rs	get_queue_next
tokio/src/runtime/scheduler/inject/synced.rs	pop	tokio/src/runtime/task/raw.rs	set_queue_next
tokio/src/runtime/scheduler/multi_thread/counters.rs	NUM_LIFO_CAPPED	tokio/src/loom/std/atomic_usize.rs	new
tokio/src/runtime/scheduler/multi_thread/counters.rs	NUM_LIFO_SCHEDULES	tokio/src/loom/std/atomic_usize.rs	new
tokio/src/runtime/scheduler/multi_thread/counters.rs	NUM_MAINTENANCE	tokio/src/loom/std/atomic_usize.rs	new
tokio/src/runtime/scheduler/multi_thread/counters.rs	NUM_NOTIFY_LOCAL	tokio/src/loom/std/atomic_usize.rs	new
tokio/src/runtime/scheduler/multi_thread/counters.rs	NUM_UNPARKS_LOCAL	tokio/src/loom/std/atomic_usize.rs	new
tokio/src/runtime/scheduler/multi_thread/handle.rs	bind_new_task	tokio/src/runtime/scheduler/multi_thread/handle.rs	spawn
tokio/src/runtime/scheduler/multi_thread/handle.rs	bind_new_task	tokio/src/runtime/task_hooks.rs	TaskMeta
tokio/src/runtime/scheduler/multi_thread/handle.rs	hooks	tokio/src/runtime/task/mod.rs	TaskHarnessScheduleHooks
tokio/src/runtime/scheduler/multi_thread/handle.rs	shutdown	tokio/src/runtime/scheduler/multi_thread/worker.rs	close
tokio/src/runtime/scheduler/multi_thread/handle.rs	spawn	tokio/src/runtime/scheduler/multi_thread/handle.rs	bind_new_task
tokio/src/runtime/scheduler/multi_thread/handle/metrics.rs	injection_queue_depth	tokio/src/runtime/scheduler/multi_thread/handle/metrics.rs	injection_queue_depth
tokio/src/runtime/scheduler/multi_thread/handle/metrics.rs	num_alive_tasks	tokio/src/runtime/scheduler/multi_thread/handle/metrics.rs	num_alive_tasks
tokio/src/runtime/scheduler/multi_thread/handle/taskdump.rs	dump	tokio/src/runtime/scheduler/multi_thread/trace.rs	end_trace_request
tokio/src/runtime/scheduler/multi_thread/handle/taskdump.rs	dump	tokio/src/runtime/scheduler/multi_thread/trace.rs	start_trace_request
tokio/src/runtime/scheduler/multi_thread/handle/taskdump.rs	dump	tokio/src/runtime/scheduler/multi_thread/trace.rs	take_result
tokio/src/runtime/scheduler/multi_thread/handle/taskdump.rs	dump	tokio/src/runtime/scheduler/multi_thread/worker.rs	notify_all
tokio/src/runtime/scheduler/multi_thread/idle.rs	dec_num_searching	tokio/src/runtime/scheduler/multi_thread/idle.rs	State
tokio/src/runtime/scheduler/multi_thread/idle.rs	dec_num_searching	tokio/src/runtime/scheduler/multi_thread/idle.rs	num_searching
tokio/src/runtime/scheduler/multi_thread/idle.rs	dec_num_unparked	tokio/src/runtime/scheduler/multi_thread/idle.rs	State
tokio/src/runtime/scheduler/multi_thread/idle.rs	dec_num_unparked	tokio/src/runtime/scheduler/multi_thread/idle.rs	num_searching
tokio/src/runtime/scheduler/multi_thread/idle.rs	fmt	tokio/src/runtime/scheduler/multi_thread/idle.rs	num_searching
tokio/src/runtime/scheduler/multi_thread/idle.rs	fmt	tokio/src/runtime/scheduler/multi_thread/idle.rs	num_unparked
tokio/src/runtime/scheduler/multi_thread/idle.rs	from	tokio/src/runtime/scheduler/multi_thread/idle.rs	State
tokio/src/runtime/scheduler/multi_thread/idle.rs	load	tokio/src/runtime/scheduler/multi_thread/idle.rs	State
tokio/src/runtime/scheduler/multi_thread/idle.rs	new	tokio/src/loom/std/atomic_usize.rs	new
tokio/src/runtime/scheduler/multi_thread/idle.rs	new	tokio/src/runtime/scheduler/multi_thread/idle.rs	Idle
tokio/src/runtime/scheduler/multi_thread/idle.rs	new	tokio/src/runtime/scheduler/multi_thread/idle.rs	State
tokio/src/runtime/scheduler/multi_thread/idle.rs	new	tokio/src/runtime/scheduler/multi_thread/idle.rs	Synced
tokio/src/runtime/scheduler/multi_thread/idle.rs	new	tokio/src/runtime/scheduler/multi_thread/idle.rs	new
tokio/src/runtime/scheduler/multi_thread/idle.rs	notify_should_wakeup	tokio/src/runtime/scheduler/multi_thread/idle.rs	State
tokio/src/runtime/scheduler/multi_thread/idle.rs	notify_should_wakeup	tokio/src/runtime/scheduler/multi_thread/idle.rs	num_searching
tokio/src/runtime/scheduler/multi_thread/idle.rs	notify_should_wakeup	tokio/src/runtime/scheduler/multi_thread/idle.rs	num_unparked
tokio/src/runtime/scheduler/multi_thread/idle.rs	test_state	tokio/src/runtime/scheduler/multi_thread/idle.rs	new
tokio/src/runtime/scheduler/multi_thread/idle.rs	transition_worker_from_searching	tokio/src/runtime/scheduler/multi_thread/idle.rs	dec_num_searching
tokio/src/runtime/scheduler/multi_thread/idle.rs	transition_worker_to_parked	tokio/src/runtime/scheduler/multi_thread/idle.rs	dec_num_unparked
tokio/src/runtime/scheduler/multi_thread/idle.rs	transition_worker_to_searching	tokio/src/runtime/scheduler/multi_thread/idle.rs	inc_num_searching
tokio/src/runtime/scheduler/multi_thread/idle.rs	transition_worker_to_searching	tokio/src/runtime/scheduler/multi_thread/idle.rs	load
tokio/src/runtime/scheduler/multi_thread/idle.rs	transition_worker_to_searching	tokio/src/runtime/scheduler/multi_thread/idle.rs	num_searching
tokio/src/runtime/scheduler/multi_thread/idle.rs	unpark_worker_by_id	tokio/src/runtime/scheduler/multi_thread/idle.rs	unpark_one
tokio/src/runtime/scheduler/multi_thread/idle.rs	worker_to_notify	tokio/src/runtime/scheduler/multi_thread/idle.rs	notify_should_wakeup
tokio/src/runtime/scheduler/multi_thread/idle.rs	worker_to_notify	tokio/src/runtime/scheduler/multi_thread/idle.rs	unpark_one
tokio/src/runtime/scheduler/multi_thread/mod.rs	block_on	tokio/src/runtime/scheduler/multi_thread/mod.rs	block_on
tokio/src/runtime/scheduler/multi_thread/mod.rs	closure@2025	tokio/src/runtime/scheduler/multi_thread/mod.rs	block_on
tokio/src/runtime/scheduler/multi_thread/mod.rs	new	tokio/src/runtime/scheduler/multi_thread/park.rs	new
tokio/src/runtime/scheduler/multi_thread/mod.rs	new	tokio/src/runtime/scheduler/multi_thread/worker.rs	create
tokio/src/runtime/scheduler/multi_thread/mod.rs	shutdown	tokio/src/runtime/scheduler/multi_thread/handle.rs	shutdown
tokio/src/runtime/scheduler/multi_thread/overflow.rs	push	tokio/src/runtime/scheduler/multi_thread/overflow.rs	push
tokio/src/runtime/scheduler/multi_thread/park.rs	clone	tokio/src/loom/std/atomic_usize.rs	new
tokio/src/runtime/scheduler/multi_thread/park.rs	clone	tokio/src/loom/std/parking_lot.rs	new
tokio/src/runtime/scheduler/multi_thread/park.rs	clone	tokio/src/runtime/scheduler/multi_thread/park.rs	Inner
tokio/src/runtime/scheduler/multi_thread/park.rs	clone	tokio/src/runtime/scheduler/multi_thread/park.rs	Parker
tokio/src/runtime/scheduler/multi_thread/park.rs	clone	tokio/src/runtime/scheduler/multi_thread/park.rs	clone
tokio/src/runtime/scheduler/multi_thread/park.rs	clone	tokio/src/runtime/scheduler/multi_thread/park.rs	new
tokio/src/runtime/scheduler/multi_thread/park.rs	closure@5505	tokio/src/time/instant.rs	checked_add
tokio/src/runtime/scheduler/multi_thread/park.rs	closure@5505	tokio/src/time/instant.rs	now
tokio/src/runtime/scheduler/multi_thread/park.rs	new	tokio/src/loom/std/atomic_usize.rs	new
tokio/src/runtime/scheduler/multi_thread/park.rs	new	tokio/src/loom/std/parking_lot.rs	new
tokio/src/runtime/scheduler/multi_thread/park.rs	new	tokio/src/runtime/scheduler/multi_thread/park.rs	Inner
tokio/src/runtime/scheduler/multi_thread/park.rs	new	tokio/src/runtime/scheduler/multi_thread/park.rs	Parker
tokio/src/runtime/scheduler/multi_thread/park.rs	new	tokio/src/runtime/scheduler/multi_thread/park.rs	Shared
tokio/src/runtime/scheduler/multi_thread/park.rs	new	tokio/src/runtime/scheduler/multi_thread/park.rs	new
tokio/src/runtime/scheduler/multi_thread/park.rs	park	tokio/src/runtime/scheduler/multi_thread/park.rs	park_condvar
tokio/src/runtime/scheduler/multi_thread/park.rs	park	tokio/src/runtime/scheduler/multi_thread/park.rs	park_driver
tokio/src/runtime/scheduler/multi_thread/park.rs	park_condvar	tokio-stream/src/stream_ext/throttle.rs	is_zero
tokio/src/runtime/scheduler/multi_thread/park.rs	park_condvar	tokio/src/loom/std/parking_lot.rs	wait
tokio/src/runtime/scheduler/multi_thread/park.rs	park_condvar	tokio/src/loom/std/parking_lot.rs	wait_timeout
tokio/src/runtime/scheduler/multi_thread/park.rs	park_condvar	tokio/src/time/instant.rs	checked_add
tokio/src/runtime/scheduler/multi_thread/park.rs	park_condvar	tokio/src/time/instant.rs	now
tokio/src/runtime/scheduler/multi_thread/park.rs	park_condvar	tokio/src/time/instant.rs	saturating_duration_since
tokio/src/runtime/scheduler/multi_thread/park.rs	shutdown	tokio/src/loom/std/parking_lot.rs	notify_all
tokio/src/runtime/scheduler/multi_thread/park.rs	shutdown	tokio/src/runtime/scheduler/multi_thread/park.rs	shutdown
tokio/src/runtime/scheduler/multi_thread/park.rs	unpark	tokio/src/runtime/scheduler/multi_thread/park.rs	Unparker
tokio/src/runtime/scheduler/multi_thread/park.rs	unpark	tokio/src/runtime/scheduler/multi_thread/park.rs	unpark_condvar
tokio/src/runtime/scheduler/multi_thread/park.rs	unpark_condvar	tokio/src/loom/std/parking_lot.rs	notify_one
tokio/src/runtime/scheduler/multi_thread/queue.rs	clone	tokio/src/runtime/scheduler/multi_thread/queue.rs	Steal
tokio/src/runtime/scheduler/multi_thread/queue.rs	clone	tokio/src/runtime/scheduler/multi_thread/queue.rs	clone
tokio/src/runtime/scheduler/multi_thread/queue.rs	closure@14934	tokio/src/io/read_buf.rs	assume_init
tokio/src/runtime/scheduler/multi_thread/queue.rs	closure@3150	tokio/src/io/read_buf.rs	uninit
tokio/src/runtime/scheduler/multi_thread/queue.rs	closure@3150	tokio/src/loom/std/unsafe_cell.rs	new
tokio/src/runtime/scheduler/multi_thread/queue.rs	has_tasks	tokio/src/runtime/scheduler/multi_thread/queue.rs	len
tokio/src/runtime/scheduler/multi_thread/queue.rs	is_empty	tokio/src/runtime/scheduler/multi_thread/queue.rs	len
tokio/src/runtime/scheduler/multi_thread/queue.rs	len	tokio/src/runtime/scheduler/multi_thread/queue.rs	len
tokio/src/runtime/scheduler/multi_thread/queue.rs	len	tokio/src/runtime/scheduler/multi_thread/queue.rs	unpack
tokio/src/runtime/scheduler/multi_thread/queue.rs	local	tokio/src/io/read_buf.rs	uninit
tokio/src/runtime/scheduler/multi_thread/queue.rs	local	tokio/src/loom/std/unsafe_cell.rs	new
tokio/src/runtime/scheduler/multi_thread/queue.rs	local	tokio/src/runtime/scheduler/multi_thread/queue.rs	Inner
tokio/src/runtime/scheduler/multi_thread/queue.rs	local	tokio/src/runtime/scheduler/multi_thread/queue.rs	Local
tokio/src/runtime/scheduler/multi_thread/queue.rs	local	tokio/src/runtime/scheduler/multi_thread/queue.rs	Steal
tokio/src/runtime/scheduler/multi_thread/queue.rs	local	tokio/src/runtime/scheduler/multi_thread/queue.rs	clone
tokio/src/runtime/scheduler/multi_thread/queue.rs	local	tokio/src/runtime/scheduler/multi_thread/queue.rs	make_fixed_size
tokio/src/runtime/scheduler/multi_thread/queue.rs	pop	tokio/src/io/read_buf.rs	assume_init
tokio/src/runtime/scheduler/multi_thread/queue.rs	pop	tokio/src/runtime/scheduler/multi_thread/queue.rs	pack
tokio/src/runtime/scheduler/multi_thread/queue.rs	pop	tokio/src/runtime/scheduler/multi_thread/queue.rs	unpack
tokio/src/runtime/scheduler/multi_thread/queue.rs	push_back	tokio/src/runtime/scheduler/multi_thread/queue.rs	unpack
tokio/src/runtime/scheduler/multi_thread/queue.rs	push_back_or_overflow	tokio/src/runtime/scheduler/multi_thread/overflow.rs	push
tokio/src/runtime/scheduler/multi_thread/queue.rs	push_back_or_overflow	tokio/src/runtime/scheduler/multi_thread/queue.rs	push_back_finish
tokio/src/runtime/scheduler/multi_thread/queue.rs	push_back_or_overflow	tokio/src/runtime/scheduler/multi_thread/queue.rs	push_overflow
tokio/src/runtime/scheduler/multi_thread/queue.rs	push_back_or_overflow	tokio/src/runtime/scheduler/multi_thread/queue.rs	unpack
tokio/src/runtime/scheduler/multi_thread/queue.rs	push_overflow	tokio/src/runtime/scheduler/multi_thread/overflow.rs	push_batch
tokio/src/runtime/scheduler/multi_thread/queue.rs	push_overflow	tokio/src/runtime/scheduler/multi_thread/queue.rs	pack
tokio/src/runtime/scheduler/multi_thread/queue.rs	push_overflow	tokio/src/runtime/scheduler/multi_thread/stats.rs	incr_overflow_count
tokio/src/runtime/scheduler/multi_thread/queue.rs	remaining_slots	tokio/src/runtime/scheduler/multi_thread/queue.rs	len
tokio/src/runtime/scheduler/multi_thread/queue.rs	remaining_slots	tokio/src/runtime/scheduler/multi_thread/queue.rs	unpack
tokio/src/runtime/scheduler/multi_thread/queue.rs	steal_into	tokio/src/runtime/scheduler/multi_thread/queue.rs	steal_into2
tokio/src/runtime/scheduler/multi_thread/queue.rs	steal_into	tokio/src/runtime/scheduler/multi_thread/queue.rs	unpack
tokio/src/runtime/scheduler/multi_thread/queue.rs	steal_into	tokio/src/runtime/scheduler/multi_thread/stats.rs	incr_steal_count
tokio/src/runtime/scheduler/multi_thread/queue.rs	steal_into	tokio/src/runtime/scheduler/multi_thread/stats.rs	incr_steal_operations
tokio/src/runtime/scheduler/multi_thread/queue.rs	steal_into2	tokio/src/runtime/scheduler/multi_thread/queue.rs	pack
tokio/src/runtime/scheduler/multi_thread/queue.rs	steal_into2	tokio/src/runtime/scheduler/multi_thread/queue.rs	unpack
tokio/src/runtime/scheduler/multi_thread/stats.rs	end_processing_scheduled_tasks	tokio/src/runtime/metrics/batch.rs	end_processing_scheduled_tasks
tokio/src/runtime/scheduler/multi_thread/stats.rs	end_processing_scheduled_tasks	tokio/src/time/instant.rs	now
tokio/src/runtime/scheduler/multi_thread/stats.rs	new	tokio/src/runtime/metrics/batch.rs	new
tokio/src/runtime/scheduler/multi_thread/stats.rs	new	tokio/src/runtime/scheduler/multi_thread/stats.rs	Stats
tokio/src/runtime/scheduler/multi_thread/stats.rs	new	tokio/src/time/instant.rs	now
tokio/src/runtime/scheduler/multi_thread/stats.rs	start_processing_scheduled_tasks	tokio/src/runtime/metrics/batch.rs	start_processing_scheduled_tasks
tokio/src/runtime/scheduler/multi_thread/stats.rs	start_processing_scheduled_tasks	tokio/src/time/instant.rs	now
tokio/src/runtime/scheduler/multi_thread/stats.rs	submit	tokio/src/runtime/metrics/batch.rs	submit
tokio/src/runtime/scheduler/multi_thread/stats.rs	unparked	tokio/src/runtime/metrics/batch.rs	unparked
tokio/src/runtime/scheduler/multi_thread/trace.rs	end_trace_request	tokio/src/runtime/scheduler/multi_thread/worker.rs	notify_all
tokio/src/runtime/scheduler/multi_thread/trace.rs	new	tokio/src/runtime/scheduler/multi_thread/trace.rs	new
tokio/src/runtime/scheduler/multi_thread/trace.rs	new	tokio/src/sync/notify.rs	new
tokio/src/runtime/scheduler/multi_thread/trace.rs	start_trace_request	tokio/src/runtime/scheduler/multi_thread/worker.rs	notify_all
tokio/src/runtime/scheduler/multi_thread/trace.rs	stash_result	tokio/src/sync/notify.rs	notify_one
tokio/src/runtime/scheduler/multi_thread/worker.rs	block_in_place	tokio-util/src/codec/framed_impl.rs	borrow_mut
tokio/src/runtime/scheduler/multi_thread/worker.rs	block_in_place	tokio/src/runtime/metrics/worker.rs	set_thread_id
tokio/src/runtime/scheduler/multi_thread/worker.rs	block_in_place	tokio/src/runtime/scheduler/multi_thread/worker.rs	maybe_move_runtime
tokio/src/runtime/scheduler/multi_thread/worker.rs	block_in_place	tokio/src/runtime/scheduler/multi_thread/worker.rs	with_current
tokio/src/runtime/scheduler/multi_thread/worker.rs	close	tokio/src/runtime/scheduler/multi_thread/worker.rs	close
tokio/src/runtime/scheduler/multi_thread/worker.rs	close	tokio/src/runtime/scheduler/multi_thread/worker.rs	lock
tokio/src/runtime/scheduler/multi_thread/worker.rs	close	tokio/src/runtime/scheduler/multi_thread/worker.rs	notify_all
tokio/src/runtime/scheduler/multi_thread/worker.rs	closure@12861	tokio-util/src/codec/framed_impl.rs	borrow_mut
tokio/src/runtime/scheduler/multi_thread/worker.rs	closure@12861	tokio/src/runtime/metrics/worker.rs	set_thread_id
tokio/src/runtime/scheduler/multi_thread/worker.rs	closure@14376	tokio-util/src/codec/framed_impl.rs	borrow_mut
tokio/src/runtime/scheduler/multi_thread/worker.rs	closure@14376	tokio/src/runtime/scheduler/multi_thread/queue.rs	push_back_or_overflow
tokio/src/runtime/scheduler/multi_thread/worker.rs	closure@17638	tokio/src/runtime/scheduler/multi_thread/worker.rs	run
tokio/src/runtime/scheduler/multi_thread/worker.rs	closure@17848	tokio/src/runtime/scheduler/multi_thread/worker.rs	run
tokio/src/runtime/scheduler/multi_thread/worker.rs	closure@18881	tokio/src/runtime/scheduler/defer.rs	new
tokio/src/runtime/scheduler/multi_thread/worker.rs	closure@18881	tokio/src/runtime/scheduler/mod.rs	MultiThread
tokio/src/runtime/scheduler/multi_thread/worker.rs	closure@18881	tokio/src/runtime/scheduler/multi_thread/worker.rs	Context
tokio/src/runtime/scheduler/multi_thread/worker.rs	closure@24440	tokio/src/runtime/scheduler/multi_thread/counters.rs	inc_lifo_capped
tokio/src/runtime/scheduler/multi_thread/worker.rs	closure@24440	tokio/src/runtime/scheduler/multi_thread/counters.rs	inc_lifo_schedules
tokio/src/runtime/scheduler/multi_thread/worker.rs	closure@24440	tokio/src/runtime/scheduler/multi_thread/queue.rs	push_back_or_overflow
tokio/src/runtime/scheduler/multi_thread/worker.rs	closure@24440	tokio/src/runtime/scheduler/multi_thread/stats.rs	end_poll
tokio/src/runtime/scheduler/multi_thread/worker.rs	closure@24440	tokio/src/runtime/scheduler/multi_thread/stats.rs	record_schedule_latency
tokio/src/runtime/scheduler/multi_thread/worker.rs	closure@24440	tokio/src/runtime/scheduler/multi_thread/worker.rs	reset_lifo_enabled
tokio/src/runtime/scheduler/multi_thread/worker.rs	closure@24440	tokio/src/runtime/scheduler/multi_thread/worker.rs	run
tokio/src/runtime/scheduler/multi_thread/worker.rs	closure@24440	tokio/src/runtime/task/mod.rs	task_meta
tokio/src/runtime/scheduler/multi_thread/worker.rs	closure@24440	tokio/src/runtime/task_hooks.rs	poll_start_callback
tokio/src/runtime/scheduler/multi_thread/worker.rs	closure@24440	tokio/src/runtime/task_hooks.rs	poll_stop_callback
tokio/src/runtime/scheduler/multi_thread/worker.rs	closure@24440	tokio/src/task/coop/mod.rs	has_budget_remaining
tokio/src/runtime/scheduler/multi_thread/worker.rs	closure@35003	tokio-util/src/codec/framed_impl.rs	borrow_mut
tokio/src/runtime/scheduler/multi_thread/worker.rs	closure@35003	tokio/src/runtime/scheduler/multi_thread/worker.rs	as_mut
tokio/src/runtime/scheduler/multi_thread/worker.rs	closure@35003	tokio/src/runtime/scheduler/multi_thread/worker.rs	take_remote_timers
tokio/src/runtime/scheduler/multi_thread/worker.rs	closure@35003	tokio/src/runtime/scheduler/util/time_alt.rs	insert_inject_timers
tokio/src/runtime/scheduler/multi_thread/worker.rs	closure@35003	tokio/src/runtime/scheduler/util/time_alt.rs	next_expiration_time
tokio/src/runtime/scheduler/multi_thread/worker.rs	closure@35003	tokio/src/runtime/scheduler/util/time_alt.rs	process_registration_queue
tokio/src/runtime/scheduler/multi_thread/worker.rs	closure@35003	tokio/src/runtime/scheduler/util/time_alt.rs	remove_cancelled_timers
tokio/src/runtime/scheduler/multi_thread/worker.rs	closure@37438	tokio-util/src/codec/framed_impl.rs	borrow_mut
tokio/src/runtime/scheduler/multi_thread/worker.rs	closure@37438	tokio/src/runtime/scheduler/multi_thread/worker.rs	as_mut
tokio/src/runtime/scheduler/multi_thread/worker.rs	closure@37438	tokio/src/runtime/scheduler/util/time_alt.rs	post_auto_advance
tokio/src/runtime/scheduler/multi_thread/worker.rs	closure@37438	tokio/src/runtime/scheduler/util/time_alt.rs	process_expired_timers
tokio/src/runtime/scheduler/multi_thread/worker.rs	closure@38733	tokio/src/runtime/time_alt/context.rs	new_running
tokio/src/runtime/scheduler/multi_thread/worker.rs	closure@38733	tokio/src/runtime/time_alt/context.rs	new_shutdown
tokio/src/runtime/scheduler/multi_thread/worker.rs	closure@42443	tokio/src/runtime/scheduler/multi_thread/queue.rs	pop
tokio/src/runtime/scheduler/multi_thread/worker.rs	closure@49045	tokio-util/src/codec/framed_impl.rs	borrow_mut
tokio/src/runtime/scheduler/multi_thread/worker.rs	closure@49045	tokio/src/runtime/scheduler/multi_thread/worker.rs	as_mut
tokio/src/runtime/scheduler/multi_thread/worker.rs	closure@49045	tokio/src/runtime/scheduler/multi_thread/worker.rs	notify_parked_remote
tokio/src/runtime/scheduler/multi_thread/worker.rs	closure@49045	tokio/src/runtime/scheduler/multi_thread/worker.rs	ptr_eq
tokio/src/runtime/scheduler/multi_thread/worker.rs	closure@49045	tokio/src/runtime/scheduler/multi_thread/worker.rs	push_remote_task
tokio/src/runtime/scheduler/multi_thread/worker.rs	closure@49045	tokio/src/runtime/scheduler/multi_thread/worker.rs	schedule_local
tokio/src/runtime/scheduler/multi_thread/worker.rs	create	tokio/src/runtime/scheduler/inject/shared.rs	new
tokio/src/runtime/scheduler/multi_thread/worker.rs	create	tokio/src/runtime/scheduler/multi_thread/handle.rs	Handle
tokio/src/runtime/scheduler/multi_thread/worker.rs	create	tokio/src/runtime/scheduler/multi_thread/idle.rs	new
tokio/src/runtime/scheduler/multi_thread/worker.rs	create	tokio/src/runtime/scheduler/multi_thread/park.rs	clone
tokio/src/runtime/scheduler/multi_thread/worker.rs	create	tokio/src/runtime/scheduler/multi_thread/queue.rs	local
tokio/src/runtime/scheduler/multi_thread/worker.rs	create	tokio/src/runtime/scheduler/multi_thread/stats.rs	new
tokio/src/runtime/scheduler/multi_thread/worker.rs	create	tokio/src/runtime/scheduler/multi_thread/stats.rs	tuned_global_queue_interval
tokio/src/runtime/scheduler/multi_thread/worker.rs	create	tokio/src/runtime/scheduler/multi_thread/worker.rs	Core
tokio/src/runtime/scheduler/multi_thread/worker.rs	create	tokio/src/runtime/scheduler/multi_thread/worker.rs	Launch
tokio/src/runtime/scheduler/multi_thread/worker.rs	create	tokio/src/runtime/scheduler/multi_thread/worker.rs	Remote
tokio/src/runtime/scheduler/multi_thread/worker.rs	create	tokio/src/runtime/scheduler/multi_thread/worker.rs	Shared
tokio/src/runtime/scheduler/multi_thread/worker.rs	create	tokio/src/runtime/scheduler/multi_thread/worker.rs	Synced
tokio/src/runtime/scheduler/multi_thread/worker.rs	create	tokio/src/runtime/scheduler/multi_thread/worker.rs	Worker
tokio/src/runtime/scheduler/multi_thread/worker.rs	create	tokio/src/runtime/scheduler/multi_thread/worker.rs	push
tokio/src/runtime/scheduler/multi_thread/worker.rs	create	tokio/src/runtime/task/list.rs	new
tokio/src/runtime/scheduler/multi_thread/worker.rs	create	tokio/src/runtime/task_hooks.rs	from_config
tokio/src/runtime/scheduler/multi_thread/worker.rs	create	tokio/src/runtime/time_alt/context.rs	new
tokio/src/runtime/scheduler/multi_thread/worker.rs	create	tokio/src/util/atomic_cell.rs	new
tokio/src/runtime/scheduler/multi_thread/worker.rs	create	tokio/src/util/idle_notified_set.rs	drain
tokio/src/runtime/scheduler/multi_thread/worker.rs	create	tokio/src/util/rand.rs	from_seed
tokio/src/runtime/scheduler/multi_thread/worker.rs	create	tokio/src/util/rand/rt.rs	next_seed
tokio/src/runtime/scheduler/multi_thread/worker.rs	defer	tokio/src/runtime/scheduler/defer.rs	defer
tokio/src/runtime/scheduler/multi_thread/worker.rs	has_tasks	tokio/src/runtime/scheduler/multi_thread/queue.rs	has_tasks
tokio/src/runtime/scheduler/multi_thread/worker.rs	launch	tokio/src/runtime/scheduler/multi_thread/worker.rs	run
tokio/src/runtime/scheduler/multi_thread/worker.rs	launch	tokio/src/util/idle_notified_set.rs	drain
tokio/src/runtime/scheduler/multi_thread/worker.rs	lock	tokio/src/runtime/scheduler/multi_thread/worker.rs	InjectGuard
tokio/src/runtime/scheduler/multi_thread/worker.rs	lock	tokio/src/runtime/scheduler/multi_thread/worker.rs	lock
tokio/src/runtime/scheduler/multi_thread/worker.rs	maintain_local_timers_after_parking	tokio-util/src/codec/framed_impl.rs	borrow_mut
tokio/src/runtime/scheduler/multi_thread/worker.rs	maintain_local_timers_after_parking	tokio/src/runtime/scheduler/multi_thread/worker.rs	as_mut
tokio/src/runtime/scheduler/multi_thread/worker.rs	maintain_local_timers_after_parking	tokio/src/runtime/scheduler/multi_thread/worker.rs	with_current
tokio/src/runtime/scheduler/multi_thread/worker.rs	maintain_local_timers_after_parking	tokio/src/runtime/scheduler/util/time_alt.rs	post_auto_advance
tokio/src/runtime/scheduler/multi_thread/worker.rs	maintain_local_timers_after_parking	tokio/src/runtime/scheduler/util/time_alt.rs	process_expired_timers
tokio/src/runtime/scheduler/multi_thread/worker.rs	maintain_local_timers_after_parking	tokio/src/runtime/time_alt/wake_queue.rs	new
tokio/src/runtime/scheduler/multi_thread/worker.rs	maintain_local_timers_before_parking	tokio-util/src/codec/framed_impl.rs	borrow_mut
tokio/src/runtime/scheduler/multi_thread/worker.rs	maintain_local_timers_before_parking	tokio/src/runtime/scheduler/multi_thread/worker.rs	MaintainLocalTimer
tokio/src/runtime/scheduler/multi_thread/worker.rs	maintain_local_timers_before_parking	tokio/src/runtime/scheduler/multi_thread/worker.rs	as_mut
tokio/src/runtime/scheduler/multi_thread/worker.rs	maintain_local_timers_before_parking	tokio/src/runtime/scheduler/multi_thread/worker.rs	take_remote_timers
tokio/src/runtime/scheduler/multi_thread/worker.rs	maintain_local_timers_before_parking	tokio/src/runtime/scheduler/multi_thread/worker.rs	with_current
tokio/src/runtime/scheduler/multi_thread/worker.rs	maintain_local_timers_before_parking	tokio/src/runtime/scheduler/util/time_alt.rs	insert_inject_timers
tokio/src/runtime/scheduler/multi_thread/worker.rs	maintain_local_timers_before_parking	tokio/src/runtime/scheduler/util/time_alt.rs	min_duration
tokio/src/runtime/scheduler/multi_thread/worker.rs	maintain_local_timers_before_parking	tokio/src/runtime/scheduler/util/time_alt.rs	next_expiration_time
tokio/src/runtime/scheduler/multi_thread/worker.rs	maintain_local_timers_before_parking	tokio/src/runtime/scheduler/util/time_alt.rs	pre_auto_advance
tokio/src/runtime/scheduler/multi_thread/worker.rs	maintain_local_timers_before_parking	tokio/src/runtime/scheduler/util/time_alt.rs	process_registration_queue
tokio/src/runtime/scheduler/multi_thread/worker.rs	maintain_local_timers_before_parking	tokio/src/runtime/scheduler/util/time_alt.rs	remove_cancelled_timers
tokio/src/runtime/scheduler/multi_thread/worker.rs	maintain_local_timers_before_parking	tokio/src/runtime/time_alt/wake_queue.rs	new
tokio/src/runtime/scheduler/multi_thread/worker.rs	maintenance	tokio/src/runtime/scheduler/multi_thread/counters.rs	inc_num_maintenance
tokio/src/runtime/scheduler/multi_thread/worker.rs	maintenance	tokio/src/runtime/scheduler/multi_thread/stats.rs	submit
tokio/src/runtime/scheduler/multi_thread/worker.rs	maintenance	tokio/src/runtime/scheduler/multi_thread/worker.rs	inject
tokio/src/runtime/scheduler/multi_thread/worker.rs	maintenance	tokio/src/runtime/scheduler/multi_thread/worker.rs	lock
tokio/src/runtime/scheduler/multi_thread/worker.rs	maybe_move_runtime	tokio-util/src/codec/framed_impl.rs	borrow_mut
tokio/src/runtime/scheduler/multi_thread/worker.rs	maybe_move_runtime	tokio/src/runtime/scheduler/multi_thread/queue.rs	push_back_or_overflow
tokio/src/runtime/scheduler/multi_thread/worker.rs	maybe_move_runtime	tokio/src/runtime/scheduler/multi_thread/worker.rs	run
tokio/src/runtime/scheduler/multi_thread/worker.rs	maybe_move_runtime	tokio/src/runtime/scheduler/multi_thread/worker.rs	with_current
tokio/src/runtime/scheduler/multi_thread/worker.rs	next_local_task	tokio/src/runtime/scheduler/multi_thread/queue.rs	pop
tokio/src/runtime/scheduler/multi_thread/worker.rs	next_remote_task	tokio/src/runtime/scheduler/multi_thread/worker.rs	lock
tokio/src/runtime/scheduler/multi_thread/worker.rs	next_task	tokio/src/runtime/scheduler/inject/shared.rs	pop_n
tokio/src/runtime/scheduler/multi_thread/worker.rs	next_task	tokio/src/runtime/scheduler/multi_thread/queue.rs	max_capacity
tokio/src/runtime/scheduler/multi_thread/worker.rs	next_task	tokio/src/runtime/scheduler/multi_thread/queue.rs	push_back
tokio/src/runtime/scheduler/multi_thread/worker.rs	next_task	tokio/src/runtime/scheduler/multi_thread/queue.rs	remaining_slots
tokio/src/runtime/scheduler/multi_thread/worker.rs	next_task	tokio/src/runtime/scheduler/multi_thread/worker.rs	inject
tokio/src/runtime/scheduler/multi_thread/worker.rs	next_task	tokio/src/runtime/scheduler/multi_thread/worker.rs	lock
tokio/src/runtime/scheduler/multi_thread/worker.rs	next_task	tokio/src/runtime/scheduler/multi_thread/worker.rs	tune_global_queue_interval
tokio/src/runtime/scheduler/multi_thread/worker.rs	notify_if_work_pending	tokio/src/runtime/scheduler/multi_thread/worker.rs	notify_parked_local
tokio/src/runtime/scheduler/multi_thread/worker.rs	notify_parked_local	tokio/src/runtime/scheduler/multi_thread/counters.rs	inc_num_inc_notify_local
tokio/src/runtime/scheduler/multi_thread/worker.rs	notify_parked_local	tokio/src/runtime/scheduler/multi_thread/counters.rs	inc_num_unparks_local
tokio/src/runtime/scheduler/multi_thread/worker.rs	notify_parked_local	tokio/src/runtime/scheduler/multi_thread/idle.rs	worker_to_notify
tokio/src/runtime/scheduler/multi_thread/worker.rs	notify_parked_remote	tokio/src/runtime/scheduler/multi_thread/idle.rs	worker_to_notify
tokio/src/runtime/scheduler/multi_thread/worker.rs	park	tokio/src/runtime/scheduler/multi_thread/stats.rs	about_to_park
tokio/src/runtime/scheduler/multi_thread/worker.rs	park_internal	tokio/src/runtime/scheduler/defer.rs	wake
tokio/src/runtime/scheduler/multi_thread/worker.rs	park_internal	tokio/src/runtime/scheduler/multi_thread/worker.rs	assert_lifo_enabled_is_correct
tokio/src/runtime/scheduler/multi_thread/worker.rs	park_internal	tokio/src/runtime/scheduler/multi_thread/worker.rs	maintain_local_timers_after_parking
tokio/src/runtime/scheduler/multi_thread/worker.rs	park_internal	tokio/src/runtime/scheduler/multi_thread/worker.rs	maintain_local_timers_before_parking
tokio/src/runtime/scheduler/multi_thread/worker.rs	park_internal	tokio/src/runtime/scheduler/multi_thread/worker.rs	notify_parked_local
tokio/src/runtime/scheduler/multi_thread/worker.rs	park_internal	tokio/src/runtime/scheduler/multi_thread/worker.rs	park
tokio/src/runtime/scheduler/multi_thread/worker.rs	pre_shutdown	tokio/src/runtime/scheduler/multi_thread/stats.rs	submit
tokio/src/runtime/scheduler/multi_thread/worker.rs	pre_shutdown	tokio/src/runtime/task/list.rs	get_shard_size
tokio/src/runtime/scheduler/multi_thread/worker.rs	push	tokio/src/runtime/scheduler/multi_thread/worker.rs	push_remote_task
tokio/src/runtime/scheduler/multi_thread/worker.rs	push_batch	tokio/src/runtime/scheduler/multi_thread/worker.rs	push_batch
tokio/src/runtime/scheduler/multi_thread/worker.rs	push_remote_task	tokio/src/runtime/scheduler/multi_thread/worker.rs	lock
tokio/src/runtime/scheduler/multi_thread/worker.rs	push_remote_task	tokio/src/runtime/scheduler/multi_thread/worker.rs	push
tokio/src/runtime/scheduler/multi_thread/worker.rs	push_remote_timer	tokio/src/runtime/scheduler/multi_thread/worker.rs	lock
tokio/src/runtime/scheduler/multi_thread/worker.rs	push_remote_timer	tokio/src/runtime/scheduler/multi_thread/worker.rs	notify_parked_remote
tokio/src/runtime/scheduler/multi_thread/worker.rs	push_remote_timer	tokio/src/runtime/scheduler/multi_thread/worker.rs	push
tokio/src/runtime/scheduler/multi_thread/worker.rs	run	tokio/src/runtime/metrics/worker.rs	set_thread_id
tokio/src/runtime/scheduler/multi_thread/worker.rs	run	tokio/src/runtime/scheduler/defer.rs	is_empty
tokio/src/runtime/scheduler/multi_thread/worker.rs	run	tokio/src/runtime/scheduler/defer.rs	new
tokio/src/runtime/scheduler/multi_thread/worker.rs	run	tokio/src/runtime/scheduler/mod.rs	MultiThread
tokio/src/runtime/scheduler/multi_thread/worker.rs	run	tokio/src/runtime/scheduler/multi_thread/worker.rs	Context
tokio/src/runtime/scheduler/multi_thread/worker.rs	run	tokio/src/runtime/scheduler/multi_thread/worker.rs	assert_lifo_enabled_is_correct
tokio/src/runtime/scheduler/multi_thread/worker.rs	run	tokio/src/runtime/scheduler/multi_thread/worker.rs	maintenance
tokio/src/runtime/scheduler/multi_thread/worker.rs	run	tokio/src/runtime/scheduler/multi_thread/worker.rs	reset_lifo_enabled
tokio/src/runtime/scheduler/multi_thread/worker.rs	run	tokio/src/runtime/scheduler/multi_thread/worker.rs	shutdown_core
tokio/src/runtime/scheduler/multi_thread/worker.rs	run	tokio/src/runtime/scheduler/multi_thread/worker.rs	take_remote_timers
tokio/src/runtime/scheduler/multi_thread/worker.rs	run	tokio/src/runtime/scheduler/util/time_alt.rs	shutdown_local_timers
tokio/src/runtime/scheduler/multi_thread/worker.rs	run_task	tokio/src/runtime/scheduler/multi_thread/counters.rs	inc_lifo_capped
tokio/src/runtime/scheduler/multi_thread/worker.rs	run_task	tokio/src/runtime/scheduler/multi_thread/counters.rs	inc_lifo_schedules
tokio/src/runtime/scheduler/multi_thread/worker.rs	run_task	tokio/src/runtime/scheduler/multi_thread/queue.rs	push_back_or_overflow
tokio/src/runtime/scheduler/multi_thread/worker.rs	run_task	tokio/src/runtime/scheduler/multi_thread/stats.rs	end_poll
tokio/src/runtime/scheduler/multi_thread/worker.rs	run_task	tokio/src/runtime/scheduler/multi_thread/stats.rs	record_schedule_latency
tokio/src/runtime/scheduler/multi_thread/worker.rs	run_task	tokio/src/runtime/scheduler/multi_thread/stats.rs	start_poll
tokio/src/runtime/scheduler/multi_thread/worker.rs	run_task	tokio/src/runtime/scheduler/multi_thread/worker.rs	assert_lifo_enabled_is_correct
tokio/src/runtime/scheduler/multi_thread/worker.rs	run_task	tokio/src/runtime/scheduler/multi_thread/worker.rs	notify_parked_local
tokio/src/runtime/scheduler/multi_thread/worker.rs	run_task	tokio/src/runtime/scheduler/multi_thread/worker.rs	reset_lifo_enabled
tokio/src/runtime/scheduler/multi_thread/worker.rs	run_task	tokio/src/runtime/scheduler/multi_thread/worker.rs	run
tokio/src/runtime/scheduler/multi_thread/worker.rs	run_task	tokio/src/runtime/task/mod.rs	task_meta
tokio/src/runtime/scheduler/multi_thread/worker.rs	run_task	tokio/src/runtime/task_hooks.rs	poll_start_callback
tokio/src/runtime/scheduler/multi_thread/worker.rs	run_task	tokio/src/runtime/task_hooks.rs	poll_stop_callback
tokio/src/runtime/scheduler/multi_thread/worker.rs	run_task	tokio/src/task/coop/mod.rs	budget
tokio/src/runtime/scheduler/multi_thread/worker.rs	run_task	tokio/src/task/coop/mod.rs	has_budget_remaining
tokio/src/runtime/scheduler/multi_thread/worker.rs	schedule_local	tokio/src/runtime/scheduler/multi_thread/queue.rs	push_back_or_overflow
tokio/src/runtime/scheduler/multi_thread/worker.rs	schedule_local	tokio/src/runtime/scheduler/multi_thread/stats.rs	inc_local_schedule_count
tokio/src/runtime/scheduler/multi_thread/worker.rs	schedule_local	tokio/src/runtime/scheduler/multi_thread/worker.rs	notify_parked_local
tokio/src/runtime/scheduler/multi_thread/worker.rs	schedule_option_task_without_yield	tokio/src/runtime/scheduler/multi_thread/worker.rs	schedule_task
tokio/src/runtime/scheduler/multi_thread/worker.rs	schedule_task	tokio-util/src/codec/framed_impl.rs	borrow_mut
tokio/src/runtime/scheduler/multi_thread/worker.rs	schedule_task	tokio/src/runtime/scheduler/multi_thread/worker.rs	as_mut
tokio/src/runtime/scheduler/multi_thread/worker.rs	schedule_task	tokio/src/runtime/scheduler/multi_thread/worker.rs	notify_parked_remote
tokio/src/runtime/scheduler/multi_thread/worker.rs	schedule_task	tokio/src/runtime/scheduler/multi_thread/worker.rs	ptr_eq
tokio/src/runtime/scheduler/multi_thread/worker.rs	schedule_task	tokio/src/runtime/scheduler/multi_thread/worker.rs	push_remote_task
tokio/src/runtime/scheduler/multi_thread/worker.rs	schedule_task	tokio/src/runtime/scheduler/multi_thread/worker.rs	schedule_local
tokio/src/runtime/scheduler/multi_thread/worker.rs	schedule_task	tokio/src/runtime/scheduler/multi_thread/worker.rs	with_current
tokio/src/runtime/scheduler/multi_thread/worker.rs	schedule_task	tokio/src/runtime/task/mod.rs	set_scheduled_at
tokio/src/runtime/scheduler/multi_thread/worker.rs	should_notify_others	tokio/src/runtime/scheduler/multi_thread/queue.rs	len
tokio/src/runtime/scheduler/multi_thread/worker.rs	shutdown	tokio/src/runtime/scheduler/multi_thread/worker.rs	shutdown
tokio/src/runtime/scheduler/multi_thread/worker.rs	shutdown_core	tokio/src/runtime/scheduler/multi_thread/worker.rs	lock
tokio/src/runtime/scheduler/multi_thread/worker.rs	shutdown_core	tokio/src/runtime/scheduler/multi_thread/worker.rs	push
tokio/src/runtime/scheduler/multi_thread/worker.rs	shutdown_core	tokio/src/util/idle_notified_set.rs	drain
tokio/src/runtime/scheduler/multi_thread/worker.rs	steal_work	tokio/src/runtime/scheduler/multi_thread/queue.rs	steal_into
tokio/src/runtime/scheduler/multi_thread/worker.rs	steal_work	tokio/src/runtime/scheduler/multi_thread/worker.rs	transition_to_searching
tokio/src/runtime/scheduler/multi_thread/worker.rs	transition_from_parked	tokio/src/runtime/scheduler/multi_thread/idle.rs	is_parked
tokio/src/runtime/scheduler/multi_thread/worker.rs	transition_from_parked	tokio/src/runtime/scheduler/multi_thread/idle.rs	unpark_worker_by_id
tokio/src/runtime/scheduler/multi_thread/worker.rs	transition_from_parked	tokio/src/runtime/scheduler/multi_thread/worker.rs	has_tasks
tokio/src/runtime/scheduler/multi_thread/worker.rs	transition_to_parked	tokio/src/runtime/scheduler/multi_thread/idle.rs	transition_worker_to_parked
tokio/src/runtime/scheduler/multi_thread/worker.rs	transition_to_parked	tokio/src/runtime/scheduler/multi_thread/worker.rs	has_tasks
tokio/src/runtime/scheduler/multi_thread/worker.rs	transition_to_searching	tokio/src/runtime/scheduler/multi_thread/idle.rs	transition_worker_to_searching
tokio/src/runtime/scheduler/multi_thread/worker.rs	transition_worker_from_searching	tokio/src/runtime/scheduler/multi_thread/worker.rs	notify_parked_local
tokio/src/runtime/scheduler/multi_thread/worker.rs	transition_worker_from_searching	tokio/src/runtime/scheduler/multi_thread/worker.rs	transition_worker_from_searching
tokio/src/runtime/scheduler/multi_thread/worker.rs	tune_global_queue_interval	tokio/src/runtime/scheduler/multi_thread/stats.rs	tuned_global_queue_interval
tokio/src/runtime/scheduler/multi_thread/worker.rs	with_core	tokio/src/runtime/scheduler/multi_thread/worker.rs	as_mut
tokio/src/runtime/scheduler/multi_thread/worker.rs	with_time_temp_local_context	tokio/src/runtime/scheduler/multi_thread/worker.rs	with_core
tokio/src/runtime/scheduler/multi_thread/worker.rs	with_time_temp_local_context	tokio/src/runtime/time_alt/context.rs	new_running
tokio/src/runtime/scheduler/multi_thread/worker.rs	with_time_temp_local_context	tokio/src/runtime/time_alt/context.rs	new_shutdown
tokio/src/runtime/scheduler/multi_thread/worker/taskdump.rs	steal_all	tokio/src/runtime/metrics/worker.rs	new
tokio/src/runtime/scheduler/multi_thread/worker/taskdump.rs	steal_all	tokio/src/runtime/scheduler/multi_thread/queue.rs	steal_into
tokio/src/runtime/scheduler/multi_thread/worker/taskdump.rs	steal_all	tokio/src/runtime/scheduler/multi_thread/stats.rs	new
tokio/src/runtime/scheduler/multi_thread/worker/taskdump.rs	steal_all	tokio/src/runtime/time_alt/cancellation_queue.rs	into_iter
tokio/src/runtime/scheduler/multi_thread/worker/taskdump.rs	trace_core	tokio/src/runtime/dump.rs	new
tokio/src/runtime/scheduler/multi_thread/worker/taskdump.rs	trace_core	tokio/src/runtime/scheduler/multi_thread/trace.rs	stash_result
tokio/src/runtime/scheduler/multi_thread/worker/taskdump.rs	trace_core	tokio/src/runtime/scheduler/multi_thread/worker/taskdump.rs	steal_all
tokio/src/runtime/scheduler/multi_thread/worker/taskdump.rs	trace_core	tokio/src/runtime/time_alt/cancellation_queue.rs	into_iter
tokio/src/runtime/scheduler/util/time_alt.rs	closure@1985	tokio/src/runtime/time/handle.rs	time_source
tokio/src/runtime/scheduler/util/time_alt.rs	closure@2279	tokio/src/runtime/time/source.rs	tick_to_duration
tokio/src/runtime/scheduler/util/time_alt.rs	closure@3102	tokio/src/runtime/time/handle.rs	time_source
tokio/src/runtime/scheduler/util/time_alt.rs	closure@3102	tokio/src/runtime/time/mod.rs	process_at_time_alt
tokio/src/runtime/scheduler/util/time_alt.rs	closure@3634	tokio-stream/src/stream_ext.rs	filter
tokio/src/runtime/scheduler/util/time_alt.rs	closure@3634	tokio/src/runtime/scheduler/util/time_alt.rs	remove_cancelled_timers
tokio/src/runtime/scheduler/util/time_alt.rs	closure@3634	tokio/src/runtime/time/mod.rs	shutdown_alt
tokio/src/runtime/scheduler/util/time_alt.rs	closure@3634	tokio/src/runtime/time_alt/wake_queue.rs	new
tokio/src/runtime/scheduler/util/time_alt.rs	closure@4317	tokio/src/io/read_buf.rs	advance
tokio/src/runtime/scheduler/util/time_alt.rs	insert_inject_timers	tokio/src/runtime/time_alt/wake_queue.rs	push_front
tokio/src/runtime/scheduler/util/time_alt.rs	next_expiration_time	tokio/src/runtime/time/handle.rs	time_source
tokio/src/runtime/scheduler/util/time_alt.rs	next_expiration_time	tokio/src/runtime/time/source.rs	tick_to_duration
tokio/src/runtime/scheduler/util/time_alt.rs	post_auto_advance	tokio/src/io/read_buf.rs	advance
tokio/src/runtime/scheduler/util/time_alt.rs	process_expired_timers	tokio/src/runtime/time/handle.rs	time_source
tokio/src/runtime/scheduler/util/time_alt.rs	process_expired_timers	tokio/src/runtime/time/mod.rs	process_at_time_alt
tokio/src/runtime/scheduler/util/time_alt.rs	process_registration_queue	tokio/src/runtime/time_alt/registration_queue.rs	pop_front
tokio/src/runtime/scheduler/util/time_alt.rs	process_registration_queue	tokio/src/runtime/time_alt/wake_queue.rs	push_front
tokio/src/runtime/scheduler/util/time_alt.rs	remove_cancelled_timers	tokio/src/runtime/time_alt/cancellation_queue.rs	recv_all
tokio/src/runtime/scheduler/util/time_alt.rs	shutdown_local_timers	tokio-stream/src/stream_ext.rs	filter
tokio/src/runtime/scheduler/util/time_alt.rs	shutdown_local_timers	tokio/src/runtime/scheduler/util/time_alt.rs	remove_cancelled_timers
tokio/src/runtime/scheduler/util/time_alt.rs	shutdown_local_timers	tokio/src/runtime/time/mod.rs	shutdown_alt
tokio/src/runtime/scheduler/util/time_alt.rs	shutdown_local_timers	tokio/src/runtime/time_alt/wake_queue.rs	new
tokio/src/runtime/signal/mod.rs	check_inner	tokio/src/runtime/signal/mod.rs	new
tokio/src/runtime/signal/mod.rs	handle	tokio/src/runtime/signal/mod.rs	Handle
tokio/src/runtime/signal/mod.rs	new	tokio/src/net/unix/stream.rs	from_std
tokio/src/runtime/signal/mod.rs	new	tokio/src/runtime/io/driver/signal.rs	register_signal_receiver
tokio/src/runtime/signal/mod.rs	new	tokio/src/runtime/signal/mod.rs	new
tokio/src/runtime/signal/mod.rs	new	tokio/src/signal/registry.rs	globals
tokio/src/runtime/signal/mod.rs	park	tokio/src/runtime/signal/mod.rs	process
tokio/src/runtime/signal/mod.rs	park_timeout	tokio/src/runtime/signal/mod.rs	process
tokio/src/runtime/signal/mod.rs	process	tokio/src/runtime/io/driver/signal.rs	consume_signal_ready
tokio/src/runtime/signal/mod.rs	process	tokio/src/signal/registry.rs	globals
tokio/src/runtime/task/abort.rs	abort	tokio/src/runtime/task/harness.rs	remote_abort
tokio/src/runtime/task/abort.rs	clone	tokio/src/runtime/task/abort.rs	new
tokio/src/runtime/task/abort.rs	clone	tokio/src/runtime/task/raw.rs	ref_inc
tokio/src/runtime/task/abort.rs	drop	tokio/src/runtime/task/raw.rs	drop_abort_handle
tokio/src/runtime/task/abort.rs	fmt	tokio/src/runtime/task/core.rs	get_id_ptr
tokio/src/runtime/task/abort.rs	fmt	tokio/src/runtime/task/raw.rs	header_ptr
tokio/src/runtime/task/abort.rs	id	tokio/src/runtime/task/core.rs	get_id
tokio/src/runtime/task/abort.rs	id	tokio/src/runtime/task/raw.rs	header_ptr
tokio/src/runtime/task/abort.rs	is_finished	tokio/src/runtime/task/raw.rs	state
tokio/src/runtime/task/core.rs	check	tokio/src/runtime/task/core.rs	get_id_ptr
tokio/src/runtime/task/core.rs	check	tokio/src/runtime/task/core.rs	get_scheduler
tokio/src/runtime/task/core.rs	check	tokio/src/runtime/task/core.rs	get_spawn_location_ptr
tokio/src/runtime/task/core.rs	check	tokio/src/runtime/task/core.rs	get_trailer
tokio/src/runtime/task/core.rs	check	tokio/src/runtime/time_alt/entry.rs	from
tokio/src/runtime/task/core.rs	closure@13463	tokio/src/runtime/task/core.rs	enter
tokio/src/runtime/task/core.rs	closure@13463	tokio/src/runtime/task/core.rs	poll
tokio/src/runtime/task/core.rs	closure@20498	tokio/src/runtime/task/core.rs	will_wake
tokio/src/runtime/task/core.rs	drop_future_or_output	tokio/src/runtime/task/core.rs	set_stage
tokio/src/runtime/task/core.rs	enter	tokio/src/runtime/task/core.rs	TaskIdGuard
tokio/src/runtime/task/core.rs	get_id	tokio/src/runtime/task/core.rs	get_id_ptr
tokio/src/runtime/task/core.rs	get_owner_id	tokio/src/loom/std/unsafe_cell.rs	with
tokio/src/runtime/task/core.rs	get_scheduled_at	tokio/src/loom/std/unsafe_cell.rs	with
tokio/src/runtime/task/core.rs	get_spawn_location	tokio/src/runtime/task/core.rs	get_spawn_location_ptr
tokio/src/runtime/task/core.rs	new	tokio/src/loom/std/unsafe_cell.rs	new
tokio/src/runtime/task/core.rs	new	tokio/src/process/unix/orphan.rs	id
tokio/src/runtime/task/core.rs	new	tokio/src/runtime/task/core.rs	Cell
tokio/src/runtime/task/core.rs	new	tokio/src/runtime/task/core.rs	Core
tokio/src/runtime/task/core.rs	new	tokio/src/runtime/task/core.rs	CoreStage
tokio/src/runtime/task/core.rs	new	tokio/src/runtime/task/core.rs	Running
tokio/src/runtime/task/core.rs	new	tokio/src/runtime/task/core.rs	Trailer
tokio/src/runtime/task/core.rs	new	tokio/src/runtime/task/core.rs	check
tokio/src/runtime/task/core.rs	new	tokio/src/runtime/task/core.rs	new
tokio/src/runtime/task/core.rs	new	tokio/src/runtime/task/core.rs	new_header
tokio/src/runtime/task/core.rs	new	tokio/src/runtime/task/raw.rs	vtable
tokio/src/runtime/task/core.rs	new	tokio/src/util/linked_list.rs	new
tokio/src/runtime/task/core.rs	new_header	tokio/src/loom/std/unsafe_cell.rs	new
tokio/src/runtime/task/core.rs	new_header	tokio/src/runtime/task/core.rs	Header
tokio/src/runtime/task/core.rs	new_header	tokio/src/runtime/task/core.rs	new
tokio/src/runtime/task/core.rs	poll	tokio/src/runtime/task/core.rs	drop_future_or_output
tokio/src/runtime/task/core.rs	poll	tokio/src/runtime/task/core.rs	enter
tokio/src/runtime/task/core.rs	poll	tokio/src/runtime/task/core.rs	poll
tokio/src/runtime/task/core.rs	poll	tokio/src/runtime/task/core.rs	with_mut
tokio/src/runtime/task/core.rs	poll	tokio/src/sync/mpsc/block.rs	is_ready
tokio/src/runtime/task/core.rs	set_next	tokio/src/loom/std/unsafe_cell.rs	with_mut
tokio/src/runtime/task/core.rs	set_owner_id	tokio/src/loom/std/unsafe_cell.rs	with_mut
tokio/src/runtime/task/core.rs	set_scheduled_at	tokio/src/loom/std/unsafe_cell.rs	with_mut
tokio/src/runtime/task/core.rs	set_stage	tokio/src/runtime/task/core.rs	enter
tokio/src/runtime/task/core.rs	set_stage	tokio/src/runtime/task/core.rs	with_mut
tokio/src/runtime/task/core.rs	set_waker	tokio/src/loom/std/unsafe_cell.rs	with_mut
tokio/src/runtime/task/core.rs	store_output	tokio/src/runtime/task/core.rs	Finished
tokio/src/runtime/task/core.rs	store_output	tokio/src/runtime/task/core.rs	set_stage
tokio/src/runtime/task/core.rs	take_output	tokio/src/runtime/task/core.rs	with_mut
tokio/src/runtime/task/core.rs	wake_join	tokio/src/loom/std/unsafe_cell.rs	with
tokio/src/runtime/task/core.rs	will_wake	tokio/src/loom/std/unsafe_cell.rs	with
tokio/src/runtime/task/core.rs	will_wake	tokio/src/runtime/task/core.rs	will_wake
tokio/src/runtime/task/core.rs	with_mut	tokio/src/loom/std/unsafe_cell.rs	with_mut
tokio/src/runtime/task/error.rs	fmt	tokio/src/runtime/task/error.rs	panic_payload_as_str
tokio/src/runtime/task/error.rs	into_panic	tokio/src/runtime/task/error.rs	try_into_panic
tokio/src/runtime/task/error.rs	panic	tokio/src/runtime/task/error.rs	Panic
tokio/src/runtime/task/error.rs	panic	tokio/src/util/sync_wrapper.rs	new
tokio/src/runtime/task/error.rs	panic_payload_as_str	tokio/src/util/sync_wrapper.rs	downcast_ref_sync
tokio/src/runtime/task/harness.rs	can_read_output	tokio/src/runtime/task/core.rs	will_wake
tokio/src/runtime/task/harness.rs	can_read_output	tokio/src/runtime/task/harness.rs	set_join_waker
tokio/src/runtime/task/harness.rs	can_read_output	tokio/src/runtime/task/state.rs	is_join_waker_set
tokio/src/runtime/task/harness.rs	can_read_output	tokio/src/runtime/task/state.rs	unset_waker
tokio/src/runtime/task/harness.rs	cancel_task	tokio/src/runtime/task/core.rs	drop_future_or_output
tokio/src/runtime/task/harness.rs	cancel_task	tokio/src/runtime/task/core.rs	store_output
tokio/src/runtime/task/harness.rs	cancel_task	tokio/src/runtime/task/harness.rs	panic_result_to_join_error
tokio/src/runtime/task/harness.rs	closure@11792	tokio/src/runtime/task/core.rs	drop_future_or_output
tokio/src/runtime/task/harness.rs	closure@11792	tokio/src/runtime/task/harness.rs	core
tokio/src/runtime/task/harness.rs	closure@13501	tokio/src/runtime/task/core.rs	drop_future_or_output
tokio/src/runtime/task/harness.rs	closure@13501	tokio/src/runtime/task/core.rs	set_waker
tokio/src/runtime/task/harness.rs	closure@13501	tokio/src/runtime/task/core.rs	wake_join
tokio/src/runtime/task/harness.rs	closure@13501	tokio/src/runtime/task/harness.rs	core
tokio/src/runtime/task/harness.rs	closure@13501	tokio/src/runtime/task/harness.rs	state
tokio/src/runtime/task/harness.rs	closure@13501	tokio/src/runtime/task/harness.rs	trailer
tokio/src/runtime/task/harness.rs	closure@13501	tokio/src/runtime/task/state.rs	is_join_interested
tokio/src/runtime/task/harness.rs	closure@13501	tokio/src/runtime/task/state.rs	is_join_waker_set
tokio/src/runtime/task/harness.rs	closure@13501	tokio/src/runtime/task/state.rs	unset_waker_after_complete
tokio/src/runtime/task/harness.rs	closure@15287	tokio/src/runtime/task/harness.rs	core
tokio/src/runtime/task/harness.rs	closure@15287	tokio/src/runtime/task_hooks.rs	TaskMeta
tokio/src/runtime/task/harness.rs	closure@18055	tokio/src/runtime/task/harness.rs	set_join_waker
tokio/src/runtime/task/harness.rs	closure@19643	tokio/src/runtime/task/core.rs	drop_future_or_output
tokio/src/runtime/task/harness.rs	closure@20288	tokio/src/runtime/task/core.rs	drop_future_or_output
tokio/src/runtime/task/harness.rs	closure@20288	tokio/src/runtime/task/harness.rs	poll
tokio/src/runtime/task/harness.rs	closure@21188	tokio/src/runtime/task/core.rs	store_output
tokio/src/runtime/task/harness.rs	complete	tokio/src/runtime/task/core.rs	drop_future_or_output
tokio/src/runtime/task/harness.rs	complete	tokio/src/runtime/task/core.rs	set_waker
tokio/src/runtime/task/harness.rs	complete	tokio/src/runtime/task/core.rs	wake_join
tokio/src/runtime/task/harness.rs	complete	tokio/src/runtime/task/harness.rs	core
tokio/src/runtime/task/harness.rs	complete	tokio/src/runtime/task/harness.rs	dealloc
tokio/src/runtime/task/harness.rs	complete	tokio/src/runtime/task/harness.rs	release
tokio/src/runtime/task/harness.rs	complete	tokio/src/runtime/task/harness.rs	state
tokio/src/runtime/task/harness.rs	complete	tokio/src/runtime/task/harness.rs	trailer
tokio/src/runtime/task/harness.rs	complete	tokio/src/runtime/task/state.rs	is_join_interested
tokio/src/runtime/task/harness.rs	complete	tokio/src/runtime/task/state.rs	is_join_waker_set
tokio/src/runtime/task/harness.rs	complete	tokio/src/runtime/task/state.rs	transition_to_complete
tokio/src/runtime/task/harness.rs	complete	tokio/src/runtime/task/state.rs	transition_to_terminal
tokio/src/runtime/task/harness.rs	complete	tokio/src/runtime/task/state.rs	unset_waker_after_complete
tokio/src/runtime/task/harness.rs	complete	tokio/src/runtime/task_hooks.rs	TaskMeta
tokio/src/runtime/task/harness.rs	dealloc	tokio/src/runtime/task/harness.rs	core
tokio/src/runtime/task/harness.rs	dealloc	tokio/src/runtime/task/harness.rs	from_raw
tokio/src/runtime/task/harness.rs	dealloc	tokio/src/runtime/task/harness.rs	trailer
tokio/src/runtime/task/harness.rs	drop_join_handle_slow	tokio/src/runtime/task/core.rs	drop_future_or_output
tokio/src/runtime/task/harness.rs	drop_join_handle_slow	tokio/src/runtime/task/core.rs	set_waker
tokio/src/runtime/task/harness.rs	drop_join_handle_slow	tokio/src/runtime/task/harness.rs	core
tokio/src/runtime/task/harness.rs	drop_join_handle_slow	tokio/src/runtime/task/harness.rs	drop_reference
tokio/src/runtime/task/harness.rs	drop_join_handle_slow	tokio/src/runtime/task/harness.rs	state
tokio/src/runtime/task/harness.rs	drop_join_handle_slow	tokio/src/runtime/task/harness.rs	trailer
tokio/src/runtime/task/harness.rs	drop_join_handle_slow	tokio/src/runtime/task/state.rs	transition_to_join_handle_dropped
tokio/src/runtime/task/harness.rs	drop_reference	tokio/src/runtime/task/harness.rs	dealloc
tokio/src/runtime/task/harness.rs	drop_reference	tokio/src/runtime/task/harness.rs	state
tokio/src/runtime/task/harness.rs	drop_reference	tokio/src/runtime/task/raw.rs	dealloc
tokio/src/runtime/task/harness.rs	drop_reference	tokio/src/runtime/task/raw.rs	state
tokio/src/runtime/task/harness.rs	drop_reference	tokio/src/runtime/task/state.rs	ref_dec
tokio/src/runtime/task/harness.rs	from_raw	tokio/src/runtime/task/harness.rs	Harness
tokio/src/runtime/task/harness.rs	get_new_task	tokio/src/runtime/task/mod.rs	from_raw
tokio/src/runtime/task/harness.rs	header	tokio/src/runtime/task/harness.rs	header_ptr
tokio/src/runtime/task/harness.rs	panic_result_to_join_error	tokio/src/runtime/task/error.rs	cancelled
tokio/src/runtime/task/harness.rs	panic_result_to_join_error	tokio/src/runtime/task/error.rs	panic
tokio/src/runtime/task/harness.rs	panic_to_error	tokio/src/runtime/task/error.rs	panic
tokio/src/runtime/task/harness.rs	panic_to_error	tokio/src/runtime/task/mod.rs	unhandled_panic
tokio/src/runtime/task/harness.rs	poll	tokio/src/runtime/task/harness.rs	Notified
tokio/src/runtime/task/harness.rs	poll	tokio/src/runtime/task/harness.rs	complete
tokio/src/runtime/task/harness.rs	poll	tokio/src/runtime/task/harness.rs	core
tokio/src/runtime/task/harness.rs	poll	tokio/src/runtime/task/harness.rs	dealloc
tokio/src/runtime/task/harness.rs	poll	tokio/src/runtime/task/harness.rs	drop_reference
tokio/src/runtime/task/harness.rs	poll	tokio/src/runtime/task/harness.rs	get_new_task
tokio/src/runtime/task/harness.rs	poll	tokio/src/runtime/task/harness.rs	poll_inner
tokio/src/runtime/task/harness.rs	poll_future	tokio/src/io/ready.rs	Ready
tokio/src/runtime/task/harness.rs	poll_future	tokio/src/runtime/task/core.rs	drop_future_or_output
tokio/src/runtime/task/harness.rs	poll_future	tokio/src/runtime/task/core.rs	store_output
tokio/src/runtime/task/harness.rs	poll_future	tokio/src/runtime/task/harness.rs	panic_to_error
tokio/src/runtime/task/harness.rs	poll_future	tokio/src/runtime/task/harness.rs	poll
tokio/src/runtime/task/harness.rs	poll_future	tokio/src/runtime/task/mod.rs	unhandled_panic
tokio/src/runtime/task/harness.rs	poll_inner	tokio/src/io/ready.rs	Ready
tokio/src/runtime/task/harness.rs	poll_inner	tokio/src/runtime/task/harness.rs	cancel_task
tokio/src/runtime/task/harness.rs	poll_inner	tokio/src/runtime/task/harness.rs	core
tokio/src/runtime/task/harness.rs	poll_inner	tokio/src/runtime/task/harness.rs	header_ptr
tokio/src/runtime/task/harness.rs	poll_inner	tokio/src/runtime/task/harness.rs	poll_future
tokio/src/runtime/task/harness.rs	poll_inner	tokio/src/runtime/task/harness.rs	state
tokio/src/runtime/task/harness.rs	poll_inner	tokio/src/runtime/task/harness.rs	transition_result_to_poll_future
tokio/src/runtime/task/harness.rs	poll_inner	tokio/src/runtime/task/state.rs	transition_to_idle
tokio/src/runtime/task/harness.rs	poll_inner	tokio/src/runtime/task/state.rs	transition_to_running
tokio/src/runtime/task/harness.rs	poll_inner	tokio/src/runtime/task/waker.rs	waker_ref
tokio/src/runtime/task/harness.rs	release	tokio/src/runtime/task/harness.rs	core
tokio/src/runtime/task/harness.rs	release	tokio/src/runtime/task/harness.rs	get_new_task
tokio/src/runtime/task/harness.rs	release	tokio/src/runtime/task/harness.rs	release
tokio/src/runtime/task/harness.rs	remote_abort	tokio/src/runtime/task/raw.rs	schedule
tokio/src/runtime/task/harness.rs	remote_abort	tokio/src/runtime/task/raw.rs	state
tokio/src/runtime/task/harness.rs	remote_abort	tokio/src/runtime/task/state.rs	transition_to_notified_and_cancel
tokio/src/runtime/task/harness.rs	set_join_waker	tokio/src/runtime/task/core.rs	set_waker
tokio/src/runtime/task/harness.rs	set_join_waker	tokio/src/runtime/task/harness.rs	set_join_waker
tokio/src/runtime/task/harness.rs	shutdown	tokio/src/runtime/task/harness.rs	cancel_task
tokio/src/runtime/task/harness.rs	shutdown	tokio/src/runtime/task/harness.rs	complete
tokio/src/runtime/task/harness.rs	shutdown	tokio/src/runtime/task/harness.rs	core
tokio/src/runtime/task/harness.rs	shutdown	tokio/src/runtime/task/harness.rs	drop_reference
tokio/src/runtime/task/harness.rs	shutdown	tokio/src/runtime/task/harness.rs	state
tokio/src/runtime/task/harness.rs	shutdown	tokio/src/runtime/task/state.rs	transition_to_shutdown
tokio/src/runtime/task/harness.rs	state	tokio/src/runtime/task/harness.rs	header
tokio/src/runtime/task/harness.rs	try_read_output	tokio/src/io/ready.rs	Ready
tokio/src/runtime/task/harness.rs	try_read_output	tokio/src/runtime/task/harness.rs	can_read_output
tokio/src/runtime/task/harness.rs	try_read_output	tokio/src/runtime/task/harness.rs	core
tokio/src/runtime/task/harness.rs	try_read_output	tokio/src/runtime/task/harness.rs	header
tokio/src/runtime/task/harness.rs	try_read_output	tokio/src/runtime/task/harness.rs	trailer
tokio/src/runtime/task/harness.rs	try_set_join_waker	tokio/src/runtime/task/harness.rs	can_read_output
tokio/src/runtime/task/harness.rs	try_set_join_waker	tokio/src/runtime/task/raw.rs	header
tokio/src/runtime/task/harness.rs	try_set_join_waker	tokio/src/runtime/task/raw.rs	trailer
tokio/src/runtime/task/harness.rs	wake_by_ref	tokio/src/runtime/task/raw.rs	schedule
tokio/src/runtime/task/harness.rs	wake_by_ref	tokio/src/runtime/task/raw.rs	state
tokio/src/runtime/task/harness.rs	wake_by_ref	tokio/src/runtime/task/state.rs	transition_to_notified_by_ref
tokio/src/runtime/task/harness.rs	wake_by_val	tokio/src/runtime/task/harness.rs	drop_reference
tokio/src/runtime/task/harness.rs	wake_by_val	tokio/src/runtime/task/raw.rs	dealloc
tokio/src/runtime/task/harness.rs	wake_by_val	tokio/src/runtime/task/raw.rs	schedule
tokio/src/runtime/task/harness.rs	wake_by_val	tokio/src/runtime/task/raw.rs	state
tokio/src/runtime/task/harness.rs	wake_by_val	tokio/src/runtime/task/state.rs	transition_to_notified_by_val
tokio/src/runtime/task/id.rs	fmt	tokio/src/runtime/task/id.rs	fmt
tokio/src/runtime/task/join.rs	abort	tokio/src/runtime/task/harness.rs	remote_abort
tokio/src/runtime/task/join.rs	abort_handle	tokio/src/runtime/task/abort.rs	new
tokio/src/runtime/task/join.rs	drop	tokio/src/runtime/task/state.rs	drop_join_handle_fast
tokio/src/runtime/task/join.rs	fmt	tokio/src/runtime/task/core.rs	get_id_ptr
tokio/src/runtime/task/join.rs	id	tokio/src/runtime/task/core.rs	get_id
tokio/src/runtime/task/join.rs	poll	tokio/src/sync/mpsc/block.rs	is_ready
tokio/src/runtime/task/join.rs	set_join_waker	tokio/src/runtime/task/harness.rs	try_set_join_waker
tokio/src/runtime/task/list.rs	assert_owner	tokio/src/runtime/task/mod.rs	LocalNotified
tokio/src/runtime/task/list.rs	bind	tokio/src/runtime/task/core.rs	set_owner_id
tokio/src/runtime/task/list.rs	bind	tokio/src/runtime/task/list.rs	bind_inner
tokio/src/runtime/task/list.rs	bind	tokio/src/runtime/task/list.rs	is_closed
tokio/src/runtime/task/list.rs	bind	tokio/src/runtime/task/list.rs	with_inner
tokio/src/runtime/task/list.rs	bind	tokio/src/runtime/task/mod.rs	drop
tokio/src/runtime/task/list.rs	bind_inner	tokio/src/runtime/task/core.rs	set_owner_id
tokio/src/runtime/task/list.rs	bind_inner	tokio/src/runtime/task/mod.rs	drop
tokio/src/runtime/task/list.rs	bind_inner	tokio/src/runtime/task/mod.rs	header
tokio/src/runtime/task/list.rs	bind_inner	tokio/src/util/sharded_list.rs	lock_shard
tokio/src/runtime/task/list.rs	bind_local	tokio/src/runtime/task/list.rs	bind_inner
tokio/src/runtime/task/list.rs	close_and_shutdown_all	tokio/src/runtime/task/list.rs	get_shard_size
tokio/src/runtime/task/list.rs	close_and_shutdown_all	tokio/src/runtime/task/list.rs	with_inner
tokio/src/runtime/task/list.rs	close_and_shutdown_all	tokio/src/runtime/task/mod.rs	shutdown
tokio/src/runtime/task/list.rs	close_and_shutdown_all	tokio/src/util/sharded_list.rs	pop_back
tokio/src/runtime/task/list.rs	closure@11280	tokio/src/runtime/task/list.rs	is_empty
tokio/src/runtime/task/list.rs	closure@9910	tokio/src/runtime/task/list.rs	remove
tokio/src/runtime/task/list.rs	closure@9910	tokio/src/runtime/task/mod.rs	header_ptr
tokio/src/runtime/task/list.rs	get_shard_size	tokio/src/util/sharded_list.rs	shard_size
tokio/src/runtime/task/list.rs	is_closed	tokio/src/runtime/task/list.rs	with_inner
tokio/src/runtime/task/list.rs	is_empty	tokio/src/runtime/task/list.rs	is_empty
tokio/src/runtime/task/list.rs	is_empty	tokio/src/runtime/task/list.rs	with_inner
tokio/src/runtime/task/list.rs	is_empty	tokio/src/util/sharded_list.rs	is_empty
tokio/src/runtime/task/list.rs	new	tokio/src/loom/std/unsafe_cell.rs	new
tokio/src/runtime/task/list.rs	new	tokio/src/runtime/task/list.rs	OwnedTasksInner
tokio/src/runtime/task/list.rs	new	tokio/src/runtime/task/list.rs	gen_sharded_list_size
tokio/src/runtime/task/list.rs	new	tokio/src/runtime/task/list.rs	new
tokio/src/runtime/task/list.rs	new	tokio/src/util/linked_list.rs	new
tokio/src/runtime/task/list.rs	new	tokio/src/util/sharded_list.rs	new
tokio/src/runtime/task/list.rs	num_alive_tasks	tokio/src/util/sharded_list.rs	len
tokio/src/runtime/task/list.rs	remove	tokio/src/runtime/task/core.rs	get_owner_id
tokio/src/runtime/task/list.rs	remove	tokio/src/runtime/task/list.rs	remove
tokio/src/runtime/task/list.rs	remove	tokio/src/runtime/task/list.rs	with_inner
tokio/src/runtime/task/list.rs	remove	tokio/src/runtime/task/mod.rs	header
tokio/src/runtime/task/list.rs	remove	tokio/src/runtime/task/mod.rs	header_ptr
tokio/src/runtime/task/list.rs	remove	tokio/src/util/sharded_list.rs	remove
tokio/src/runtime/task/list.rs	with_inner	tokio/src/loom/std/unsafe_cell.rs	with_mut
tokio/src/runtime/task/mod.rs	as_raw	tokio/src/runtime/task/raw.rs	header_ptr
tokio/src/runtime/task/mod.rs	capture	tokio/src/runtime/task/mod.rs	from
tokio/src/runtime/task/mod.rs	drop	tokio/src/runtime/task/mod.rs	header
tokio/src/runtime/task/mod.rs	drop	tokio/src/runtime/task/raw.rs	dealloc
tokio/src/runtime/task/mod.rs	drop	tokio/src/runtime/task/raw.rs	header
tokio/src/runtime/task/mod.rs	drop	tokio/src/runtime/task/state.rs	ref_dec
tokio/src/runtime/task/mod.rs	drop	tokio/src/runtime/task/state.rs	ref_dec_twice
tokio/src/runtime/task/mod.rs	from_raw	tokio/src/runtime/task/mod.rs	Notified
tokio/src/runtime/task/mod.rs	from_raw	tokio/src/runtime/task/mod.rs	from_raw
tokio/src/runtime/task/mod.rs	from_raw	tokio/src/runtime/task/mod.rs	new
tokio/src/runtime/task/mod.rs	from_raw	tokio/src/runtime/task/raw.rs	from_raw
tokio/src/runtime/task/mod.rs	get_scheduled_at	tokio/src/runtime/task/mod.rs	get_scheduled_at
tokio/src/runtime/task/mod.rs	get_scheduled_at	tokio/src/runtime/task/mod.rs	header
tokio/src/runtime/task/mod.rs	get_shard_id	tokio/src/runtime/task/core.rs	get_id
tokio/src/runtime/task/mod.rs	header	tokio/src/runtime/task/mod.rs	header
tokio/src/runtime/task/mod.rs	header	tokio/src/runtime/task/raw.rs	header
tokio/src/runtime/task/mod.rs	header_ptr	tokio/src/runtime/task/raw.rs	header_ptr
tokio/src/runtime/task/mod.rs	id	tokio/src/runtime/task/core.rs	get_id
tokio/src/runtime/task/mod.rs	id	tokio/src/runtime/task/raw.rs	header_ptr
tokio/src/runtime/task/mod.rs	into_notified	tokio/src/runtime/task/mod.rs	Notified
tokio/src/runtime/task/mod.rs	into_notified	tokio/src/runtime/task/mod.rs	into_task
tokio/src/runtime/task/mod.rs	into_task	tokio/src/runtime/task/mod.rs	Task
tokio/src/runtime/task/mod.rs	into_task	tokio/src/runtime/task/mod.rs	header
tokio/src/runtime/task/mod.rs	into_task	tokio/src/runtime/task/state.rs	ref_dec
tokio/src/runtime/task/mod.rs	new	tokio/src/runtime/task/mod.rs	Task
tokio/src/runtime/task/mod.rs	pointers	tokio/src/runtime/task/core.rs	get_trailer
tokio/src/runtime/task/mod.rs	run	tokio/src/runtime/task/mod.rs	Task
tokio/src/runtime/task/mod.rs	run	tokio/src/runtime/task/mod.rs	drop
tokio/src/runtime/task/mod.rs	set_scheduled_at	tokio/src/runtime/task/mod.rs	header
tokio/src/runtime/task/mod.rs	set_scheduled_at	tokio/src/runtime/task/mod.rs	set_scheduled_at
tokio/src/runtime/task/mod.rs	shutdown	tokio/src/runtime/task/mod.rs	into_task
tokio/src/runtime/task/mod.rs	shutdown	tokio/src/runtime/task/mod.rs	shutdown
tokio/src/runtime/task/mod.rs	spawned_at	tokio/src/runtime/task/core.rs	get_spawn_location
tokio/src/runtime/task/mod.rs	spawned_at	tokio/src/runtime/task/raw.rs	header_ptr
tokio/src/runtime/task/mod.rs	task_id	tokio/src/runtime/task/mod.rs	id
tokio/src/runtime/task/mod.rs	task_meta	tokio/src/runtime/task/mod.rs	spawned_at
tokio/src/runtime/task/mod.rs	task_meta	tokio/src/runtime/task/mod.rs	task_meta
tokio/src/runtime/task/mod.rs	yield_now	tokio/src/runtime/task/mod.rs	schedule
tokio/src/runtime/task/raw.rs	closure@10095	tokio/src/runtime/task/raw.rs	from_raw
tokio/src/runtime/task/raw.rs	dealloc	tokio/src/runtime/task/harness.rs	from_raw
tokio/src/runtime/task/raw.rs	dealloc	tokio/src/runtime/task/raw.rs	dealloc
tokio/src/runtime/task/raw.rs	dealloc	tokio/src/runtime/task/raw.rs	header
tokio/src/runtime/task/raw.rs	drop_abort_handle	tokio/src/runtime/task/harness.rs	drop_reference
tokio/src/runtime/task/raw.rs	drop_abort_handle	tokio/src/runtime/task/harness.rs	from_raw
tokio/src/runtime/task/raw.rs	drop_abort_handle	tokio/src/runtime/task/raw.rs	header
tokio/src/runtime/task/raw.rs	drop_join_handle_slow	tokio/src/runtime/task/harness.rs	from_raw
tokio/src/runtime/task/raw.rs	drop_join_handle_slow	tokio/src/runtime/task/raw.rs	drop_join_handle_slow
tokio/src/runtime/task/raw.rs	drop_join_handle_slow	tokio/src/runtime/task/raw.rs	header
tokio/src/runtime/task/raw.rs	from_raw	tokio/src/runtime/task/raw.rs	RawTask
tokio/src/runtime/task/raw.rs	get_id_offset	tokio/src/runtime/task/raw.rs	get_core_offset
tokio/src/runtime/task/raw.rs	get_queue_next	tokio/src/runtime/task/raw.rs	from_raw
tokio/src/runtime/task/raw.rs	get_queue_next	tokio/src/runtime/task/raw.rs	header
tokio/src/runtime/task/raw.rs	get_spawn_location_offset	tokio/src/runtime/task/raw.rs	get_id_offset
tokio/src/runtime/task/raw.rs	new	tokio/src/runtime/task/core.rs	new
tokio/src/runtime/task/raw.rs	new	tokio/src/runtime/task/raw.rs	RawTask
tokio/src/runtime/task/raw.rs	new	tokio/src/runtime/task/raw.rs	new
tokio/src/runtime/task/raw.rs	poll	tokio/src/runtime/task/harness.rs	from_raw
tokio/src/runtime/task/raw.rs	poll	tokio/src/runtime/task/raw.rs	header
tokio/src/runtime/task/raw.rs	poll	tokio/src/runtime/task/raw.rs	poll
tokio/src/runtime/task/raw.rs	ref_inc	tokio/src/runtime/task/raw.rs	header
tokio/src/runtime/task/raw.rs	ref_inc	tokio/src/runtime/task/raw.rs	ref_inc
tokio/src/runtime/task/raw.rs	schedule	tokio/src/runtime/task/core.rs	get_scheduler
tokio/src/runtime/task/raw.rs	schedule	tokio/src/runtime/task/mod.rs	from_raw
tokio/src/runtime/task/raw.rs	schedule	tokio/src/runtime/task/raw.rs	header
tokio/src/runtime/task/raw.rs	schedule	tokio/src/runtime/task/raw.rs	schedule
tokio/src/runtime/task/raw.rs	set_queue_next	tokio/src/runtime/task/raw.rs	header
tokio/src/runtime/task/raw.rs	shutdown	tokio/src/runtime/task/harness.rs	from_raw
tokio/src/runtime/task/raw.rs	shutdown	tokio/src/runtime/task/raw.rs	header
tokio/src/runtime/task/raw.rs	shutdown	tokio/src/runtime/task/raw.rs	shutdown
tokio/src/runtime/task/raw.rs	state	tokio/src/runtime/task/raw.rs	header
tokio/src/runtime/task/raw.rs	trailer	tokio/src/runtime/task/raw.rs	trailer_ptr
tokio/src/runtime/task/raw.rs	trailer_ptr	tokio/src/runtime/task/core.rs	get_trailer
tokio/src/runtime/task/raw.rs	try_read_output	tokio/src/runtime/task/harness.rs	from_raw
tokio/src/runtime/task/raw.rs	try_read_output	tokio/src/runtime/task/raw.rs	header
tokio/src/runtime/task/raw.rs	try_read_output	tokio/src/runtime/task/raw.rs	try_read_output
tokio/src/runtime/task/raw.rs	vtable	tokio/src/runtime/task/raw.rs	Vtable
tokio/src/runtime/task/state.rs	closure@10339	tokio/src/runtime/task/state.rs	is_cancelled
tokio/src/runtime/task/state.rs	closure@10339	tokio/src/runtime/task/state.rs	is_complete
tokio/src/runtime/task/state.rs	closure@10339	tokio/src/runtime/task/state.rs	is_notified
tokio/src/runtime/task/state.rs	closure@10339	tokio/src/runtime/task/state.rs	is_running
tokio/src/runtime/task/state.rs	closure@10339	tokio/src/runtime/task/state.rs	ref_inc
tokio/src/runtime/task/state.rs	closure@10339	tokio/src/runtime/task/state.rs	set_cancelled
tokio/src/runtime/task/state.rs	closure@10339	tokio/src/runtime/task/state.rs	set_notified
tokio/src/runtime/task/state.rs	closure@11945	tokio/src/runtime/task/state.rs	is_idle
tokio/src/runtime/task/state.rs	closure@11945	tokio/src/runtime/task/state.rs	set_cancelled
tokio/src/runtime/task/state.rs	closure@11945	tokio/src/runtime/task/state.rs	set_running
tokio/src/runtime/task/state.rs	closure@13639	tokio/src/runtime/task/state.rs	TransitionToJoinHandleDrop
tokio/src/runtime/task/state.rs	closure@13639	tokio/src/runtime/task/state.rs	is_complete
tokio/src/runtime/task/state.rs	closure@13639	tokio/src/runtime/task/state.rs	is_join_waker_set
tokio/src/runtime/task/state.rs	closure@13639	tokio/src/runtime/task/state.rs	unset_join_interested
tokio/src/runtime/task/state.rs	closure@13639	tokio/src/runtime/task/state.rs	unset_join_waker
tokio/src/runtime/task/state.rs	closure@15432	tokio/src/runtime/task/state.rs	is_complete
tokio/src/runtime/task/state.rs	closure@15432	tokio/src/runtime/task/state.rs	set_join_waker
tokio/src/runtime/task/state.rs	closure@15964	tokio/src/runtime/task/state.rs	is_complete
tokio/src/runtime/task/state.rs	closure@15964	tokio/src/runtime/task/state.rs	unset_join_waker
tokio/src/runtime/task/state.rs	closure@3143	tokio/src/runtime/task/state.rs	is_cancelled
tokio/src/runtime/task/state.rs	closure@3143	tokio/src/runtime/task/state.rs	is_idle
tokio/src/runtime/task/state.rs	closure@3143	tokio/src/runtime/task/state.rs	ref_count
tokio/src/runtime/task/state.rs	closure@3143	tokio/src/runtime/task/state.rs	ref_dec
tokio/src/runtime/task/state.rs	closure@3143	tokio/src/runtime/task/state.rs	set_running
tokio/src/runtime/task/state.rs	closure@3143	tokio/src/runtime/task/state.rs	unset_notified
tokio/src/runtime/task/state.rs	closure@4385	tokio/src/runtime/task/state.rs	is_cancelled
tokio/src/runtime/task/state.rs	closure@4385	tokio/src/runtime/task/state.rs	is_notified
tokio/src/runtime/task/state.rs	closure@4385	tokio/src/runtime/task/state.rs	ref_count
tokio/src/runtime/task/state.rs	closure@4385	tokio/src/runtime/task/state.rs	ref_dec
tokio/src/runtime/task/state.rs	closure@4385	tokio/src/runtime/task/state.rs	ref_inc
tokio/src/runtime/task/state.rs	closure@4385	tokio/src/runtime/task/state.rs	unset_running
tokio/src/runtime/task/state.rs	closure@6602	tokio/src/runtime/task/state.rs	is_complete
tokio/src/runtime/task/state.rs	closure@6602	tokio/src/runtime/task/state.rs	is_notified
tokio/src/runtime/task/state.rs	closure@6602	tokio/src/runtime/task/state.rs	is_running
tokio/src/runtime/task/state.rs	closure@6602	tokio/src/runtime/task/state.rs	ref_count
tokio/src/runtime/task/state.rs	closure@6602	tokio/src/runtime/task/state.rs	ref_dec
tokio/src/runtime/task/state.rs	closure@6602	tokio/src/runtime/task/state.rs	ref_inc
tokio/src/runtime/task/state.rs	closure@6602	tokio/src/runtime/task/state.rs	set_notified
tokio/src/runtime/task/state.rs	closure@8153	tokio/src/runtime/task/state.rs	is_complete
tokio/src/runtime/task/state.rs	closure@8153	tokio/src/runtime/task/state.rs	is_notified
tokio/src/runtime/task/state.rs	closure@8153	tokio/src/runtime/task/state.rs	is_running
tokio/src/runtime/task/state.rs	closure@8153	tokio/src/runtime/task/state.rs	ref_inc
tokio/src/runtime/task/state.rs	closure@8153	tokio/src/runtime/task/state.rs	set_notified
tokio/src/runtime/task/state.rs	fetch_update	tokio/src/runtime/task/state.rs	Ok
tokio/src/runtime/task/state.rs	fetch_update	tokio/src/runtime/task/state.rs	Snapshot
tokio/src/runtime/task/state.rs	fetch_update_action	tokio/src/runtime/task/state.rs	Snapshot
tokio/src/runtime/task/state.rs	fmt	tokio/src/runtime/task/state.rs	fmt
tokio/src/runtime/task/state.rs	fmt	tokio/src/runtime/task/state.rs	is_cancelled
tokio/src/runtime/task/state.rs	fmt	tokio/src/runtime/task/state.rs	is_complete
tokio/src/runtime/task/state.rs	fmt	tokio/src/runtime/task/state.rs	is_join_interested
tokio/src/runtime/task/state.rs	fmt	tokio/src/runtime/task/state.rs	is_join_waker_set
tokio/src/runtime/task/state.rs	fmt	tokio/src/runtime/task/state.rs	is_notified
tokio/src/runtime/task/state.rs	fmt	tokio/src/runtime/task/state.rs	is_running
tokio/src/runtime/task/state.rs	fmt	tokio/src/runtime/task/state.rs	ref_count
tokio/src/runtime/task/state.rs	load	tokio/src/runtime/task/state.rs	Snapshot
tokio/src/runtime/task/state.rs	new	tokio/src/loom/std/atomic_usize.rs	new
tokio/src/runtime/task/state.rs	new	tokio/src/runtime/task/state.rs	State
tokio/src/runtime/task/state.rs	ref_dec	tokio/src/runtime/task/state.rs	Snapshot
tokio/src/runtime/task/state.rs	ref_dec	tokio/src/runtime/task/state.rs	ref_count
tokio/src/runtime/task/state.rs	ref_dec_twice	tokio/src/runtime/task/state.rs	Snapshot
tokio/src/runtime/task/state.rs	ref_dec_twice	tokio/src/runtime/task/state.rs	ref_count
tokio/src/runtime/task/state.rs	set_join_waker	tokio/src/runtime/task/state.rs	fetch_update
tokio/src/runtime/task/state.rs	set_join_waker	tokio/src/runtime/task/state.rs	is_complete
tokio/src/runtime/task/state.rs	set_join_waker	tokio/src/runtime/task/state.rs	set_join_waker
tokio/src/runtime/task/state.rs	transition_to_complete	tokio/src/runtime/task/state.rs	Snapshot
tokio/src/runtime/task/state.rs	transition_to_idle	tokio/src/runtime/task/state.rs	fetch_update_action
tokio/src/runtime/task/state.rs	transition_to_idle	tokio/src/runtime/task/state.rs	is_cancelled
tokio/src/runtime/task/state.rs	transition_to_idle	tokio/src/runtime/task/state.rs	is_notified
tokio/src/runtime/task/state.rs	transition_to_idle	tokio/src/runtime/task/state.rs	ref_count
tokio/src/runtime/task/state.rs	transition_to_idle	tokio/src/runtime/task/state.rs	ref_dec
tokio/src/runtime/task/state.rs	transition_to_idle	tokio/src/runtime/task/state.rs	ref_inc
tokio/src/runtime/task/state.rs	transition_to_idle	tokio/src/runtime/task/state.rs	unset_running
tokio/src/runtime/task/state.rs	transition_to_join_handle_dropped	tokio/src/runtime/task/state.rs	TransitionToJoinHandleDrop
tokio/src/runtime/task/state.rs	transition_to_join_handle_dropped	tokio/src/runtime/task/state.rs	fetch_update_action
tokio/src/runtime/task/state.rs	transition_to_join_handle_dropped	tokio/src/runtime/task/state.rs	is_complete
tokio/src/runtime/task/state.rs	transition_to_join_handle_dropped	tokio/src/runtime/task/state.rs	is_join_waker_set
tokio/src/runtime/task/state.rs	transition_to_join_handle_dropped	tokio/src/runtime/task/state.rs	unset_join_interested
tokio/src/runtime/task/state.rs	transition_to_join_handle_dropped	tokio/src/runtime/task/state.rs	unset_join_waker
tokio/src/runtime/task/state.rs	transition_to_notified_and_cancel	tokio/src/runtime/task/state.rs	fetch_update_action
tokio/src/runtime/task/state.rs	transition_to_notified_and_cancel	tokio/src/runtime/task/state.rs	is_cancelled
tokio/src/runtime/task/state.rs	transition_to_notified_and_cancel	tokio/src/runtime/task/state.rs	is_complete
tokio/src/runtime/task/state.rs	transition_to_notified_and_cancel	tokio/src/runtime/task/state.rs	is_notified
tokio/src/runtime/task/state.rs	transition_to_notified_and_cancel	tokio/src/runtime/task/state.rs	is_running
tokio/src/runtime/task/state.rs	transition_to_notified_and_cancel	tokio/src/runtime/task/state.rs	ref_inc
tokio/src/runtime/task/state.rs	transition_to_notified_and_cancel	tokio/src/runtime/task/state.rs	set_cancelled
tokio/src/runtime/task/state.rs	transition_to_notified_and_cancel	tokio/src/runtime/task/state.rs	set_notified
tokio/src/runtime/task/state.rs	transition_to_notified_by_ref	tokio/src/runtime/task/state.rs	fetch_update_action
tokio/src/runtime/task/state.rs	transition_to_notified_by_ref	tokio/src/runtime/task/state.rs	is_complete
tokio/src/runtime/task/state.rs	transition_to_notified_by_ref	tokio/src/runtime/task/state.rs	is_notified
tokio/src/runtime/task/state.rs	transition_to_notified_by_ref	tokio/src/runtime/task/state.rs	is_running
tokio/src/runtime/task/state.rs	transition_to_notified_by_ref	tokio/src/runtime/task/state.rs	ref_inc
tokio/src/runtime/task/state.rs	transition_to_notified_by_ref	tokio/src/runtime/task/state.rs	set_notified
tokio/src/runtime/task/state.rs	transition_to_notified_by_val	tokio/src/runtime/task/state.rs	fetch_update_action
tokio/src/runtime/task/state.rs	transition_to_notified_by_val	tokio/src/runtime/task/state.rs	is_complete
tokio/src/runtime/task/state.rs	transition_to_notified_by_val	tokio/src/runtime/task/state.rs	is_notified
tokio/src/runtime/task/state.rs	transition_to_notified_by_val	tokio/src/runtime/task/state.rs	is_running
tokio/src/runtime/task/state.rs	transition_to_notified_by_val	tokio/src/runtime/task/state.rs	ref_count
tokio/src/runtime/task/state.rs	transition_to_notified_by_val	tokio/src/runtime/task/state.rs	ref_dec
tokio/src/runtime/task/state.rs	transition_to_notified_by_val	tokio/src/runtime/task/state.rs	ref_inc
tokio/src/runtime/task/state.rs	transition_to_notified_by_val	tokio/src/runtime/task/state.rs	set_notified
tokio/src/runtime/task/state.rs	transition_to_running	tokio/src/runtime/task/state.rs	fetch_update_action
tokio/src/runtime/task/state.rs	transition_to_running	tokio/src/runtime/task/state.rs	is_cancelled
tokio/src/runtime/task/state.rs	transition_to_running	tokio/src/runtime/task/state.rs	is_idle
tokio/src/runtime/task/state.rs	transition_to_running	tokio/src/runtime/task/state.rs	ref_count
tokio/src/runtime/task/state.rs	transition_to_running	tokio/src/runtime/task/state.rs	ref_dec
tokio/src/runtime/task/state.rs	transition_to_running	tokio/src/runtime/task/state.rs	set_running
tokio/src/runtime/task/state.rs	transition_to_running	tokio/src/runtime/task/state.rs	unset_notified
tokio/src/runtime/task/state.rs	transition_to_shutdown	tokio/src/runtime/task/state.rs	Snapshot
tokio/src/runtime/task/state.rs	transition_to_shutdown	tokio/src/runtime/task/state.rs	fetch_update
tokio/src/runtime/task/state.rs	transition_to_shutdown	tokio/src/runtime/task/state.rs	is_idle
tokio/src/runtime/task/state.rs	transition_to_shutdown	tokio/src/runtime/task/state.rs	set_cancelled
tokio/src/runtime/task/state.rs	transition_to_shutdown	tokio/src/runtime/task/state.rs	set_running
tokio/src/runtime/task/state.rs	transition_to_terminal	tokio/src/runtime/task/state.rs	Snapshot
tokio/src/runtime/task/state.rs	transition_to_terminal	tokio/src/runtime/task/state.rs	ref_count
tokio/src/runtime/task/state.rs	unset_waker	tokio/src/runtime/task/state.rs	fetch_update
tokio/src/runtime/task/state.rs	unset_waker	tokio/src/runtime/task/state.rs	is_complete
tokio/src/runtime/task/state.rs	unset_waker	tokio/src/runtime/task/state.rs	unset_join_waker
tokio/src/runtime/task/state.rs	unset_waker_after_complete	tokio/src/runtime/task/state.rs	Snapshot
tokio/src/runtime/task/trace/mod.rs	capture	tokio/src/runtime/task/trace/mod.rs	empty
tokio/src/runtime/task/trace/mod.rs	capture	tokio/src/runtime/task/trace/mod.rs	trace_with
tokio/src/runtime/task/trace/mod.rs	capture	tokio/src/runtime/task/trace/trace_impl.rs	trace_leaf
tokio/src/runtime/task/trace/mod.rs	closure@11082	tokio/src/runtime/time_alt/entry.rs	from
tokio/src/runtime/task/trace/mod.rs	closure@11249	tokio/src/runtime/task/trace/mod.rs	with_current_frame
tokio/src/runtime/task/trace/mod.rs	closure@14474	tokio/src/runtime/task/list.rs	assert_owner
tokio/src/runtime/task/trace/mod.rs	closure@14474	tokio/src/runtime/task/trace/mod.rs	capture
tokio/src/runtime/task/trace/mod.rs	closure@15268	tokio/src/runtime/task/trace/mod.rs	defer
tokio/src/runtime/task/trace/mod.rs	closure@3706	tokio/src/runtime/task/trace/mod.rs	defer
tokio/src/runtime/task/trace/mod.rs	closure@3706	tokio/src/util/rc_cell.rs	replace
tokio/src/runtime/task/trace/mod.rs	closure@7794	tokio/src/util/rc_cell.rs	replace
tokio/src/runtime/task/trace/mod.rs	closure@7927	tokio/src/runtime/task/trace/mod.rs	try_with_current
tokio/src/runtime/task/trace/mod.rs	closure@8675	tokio/src/runtime/task/trace/trace_impl.rs	trace_leaf
tokio/src/runtime/task/trace/mod.rs	closure@9797	tokio/src/runtime/task/trace/mod.rs	TraceMeta
tokio/src/runtime/task/trace/mod.rs	current_frame_addr	tokio/src/runtime/task/trace/mod.rs	try_with_current
tokio/src/runtime/task/trace/mod.rs	defer	tokio/src/runtime/scheduler/defer.rs	Defer
tokio/src/runtime/task/trace/mod.rs	defer	tokio/src/runtime/task/trace/mod.rs	new
tokio/src/runtime/task/trace/mod.rs	fmt	tokio/src/runtime/task/trace/mod.rs	fmt
tokio/src/runtime/task/trace/mod.rs	fmt	tokio/src/runtime/task/trace/tree.rs	from_trace
tokio/src/runtime/task/trace/mod.rs	is_tracing	tokio/src/runtime/task/trace/mod.rs	try_with_current
tokio/src/runtime/task/trace/mod.rs	new	tokio/src/runtime/task/core.rs	new
tokio/src/runtime/task/trace/mod.rs	new	tokio/src/runtime/task/trace/mod.rs	Context
tokio/src/runtime/task/trace/mod.rs	poll	tokio/src/runtime/task/trace/mod.rs	Frame
tokio/src/runtime/task/trace/mod.rs	poll	tokio/src/runtime/task/trace/mod.rs	defer
tokio/src/runtime/task/trace/mod.rs	poll	tokio/src/runtime/task/trace/mod.rs	poll
tokio/src/runtime/task/trace/mod.rs	poll	tokio/src/runtime/task/trace/mod.rs	with_current_frame
tokio/src/runtime/task/trace/mod.rs	poll	tokio/src/runtime/time_alt/entry.rs	from
tokio/src/runtime/task/trace/mod.rs	trace_current_thread	tokio/src/runtime/scheduler/inject.rs	pop
tokio/src/runtime/task/trace/mod.rs	trace_current_thread	tokio/src/runtime/task/trace/mod.rs	new
tokio/src/runtime/task/trace/mod.rs	trace_current_thread	tokio/src/runtime/task/trace/mod.rs	trace_owned
tokio/src/runtime/task/trace/mod.rs	trace_leaf	tokio/src/io/ready.rs	Ready
tokio/src/runtime/task/trace/mod.rs	trace_leaf	tokio/src/runtime/task/trace/mod.rs	TraceMeta
tokio/src/runtime/task/trace/mod.rs	trace_leaf	tokio/src/runtime/task/trace/mod.rs	current_frame_addr
tokio/src/runtime/task/trace/mod.rs	trace_leaf	tokio/src/runtime/task/trace/mod.rs	try_with_current_trace_leaf_fn
tokio/src/runtime/task/trace/mod.rs	trace_owned	tokio/src/runtime/task/list.rs	assert_owner
tokio/src/runtime/task/trace/mod.rs	trace_owned	tokio/src/runtime/task/trace/mod.rs	capture
tokio/src/runtime/task/trace/mod.rs	trace_owned	tokio/src/runtime/task/trace/mod.rs	defer
tokio/src/runtime/task/trace/mod.rs	trace_owned	tokio/src/runtime/time_alt/cancellation_queue.rs	into_iter
tokio/src/runtime/task/trace/mod.rs	trace_with	tokio/src/runtime/task/trace/mod.rs	defer
tokio/src/runtime/task/trace/mod.rs	trace_with	tokio/src/runtime/task/trace/mod.rs	try_with_current
tokio/src/runtime/task/trace/mod.rs	trace_with	tokio/src/util/rc_cell.rs	replace
tokio/src/runtime/task/trace/mod.rs	try_with_current_trace_leaf_fn	tokio/src/runtime/task/trace/mod.rs	defer
tokio/src/runtime/task/trace/mod.rs	try_with_current_trace_leaf_fn	tokio/src/runtime/task/trace/mod.rs	try_with_current
tokio/src/runtime/task/trace/mod.rs	try_with_current_trace_leaf_fn	tokio/src/util/rc_cell.rs	replace
tokio/src/runtime/task/trace/mod.rs	with_current_frame	tokio/src/runtime/task/trace/mod.rs	try_with_current
tokio/src/runtime/task/trace/symbol.rs	eq	tokio/src/runtime/dump.rs	addr
tokio/src/runtime/task/trace/symbol.rs	eq	tokio/src/runtime/dump.rs	colno
tokio/src/runtime/task/trace/symbol.rs	eq	tokio/src/runtime/dump.rs	filename
tokio/src/runtime/task/trace/symbol.rs	eq	tokio/src/runtime/dump.rs	lineno
tokio/src/runtime/task/trace/symbol.rs	fmt	tokio/src/runtime/dump.rs	colno
tokio/src/runtime/task/trace/symbol.rs	fmt	tokio/src/runtime/dump.rs	filename
tokio/src/runtime/task/trace/symbol.rs	fmt	tokio/src/runtime/dump.rs	lineno
tokio/src/runtime/task/trace/symbol.rs	fmt	tokio/src/runtime/task/trace/symbol.rs	fmt
tokio/src/runtime/task/trace/symbol.rs	hash	tokio/src/runtime/dump.rs	addr
tokio/src/runtime/task/trace/symbol.rs	hash	tokio/src/runtime/dump.rs	colno
tokio/src/runtime/task/trace/symbol.rs	hash	tokio/src/runtime/dump.rs	filename
tokio/src/runtime/task/trace/symbol.rs	hash	tokio/src/runtime/dump.rs	lineno
tokio/src/runtime/task/trace/symbol.rs	hash	tokio/src/runtime/task/trace/symbol.rs	hash
tokio/src/runtime/task/trace/trace_impl.rs	closure@545	tokio/src/runtime/dump.rs	symbol_address
tokio/src/runtime/task/trace/trace_impl.rs	trace_leaf	tokio/src/runtime/dump.rs	symbol_address
tokio/src/runtime/task/trace/trace_impl.rs	trace_leaf	tokio/src/runtime/task/trace/mod.rs	push_backtrace
tokio/src/runtime/task/trace/tree.rs	display	tokio/src/runtime/task/trace/tree.rs	consequences
tokio/src/runtime/task/trace/tree.rs	display	tokio/src/runtime/task/trace/tree.rs	display
tokio/src/runtime/task/trace/tree.rs	fmt	tokio/src/runtime/task/trace/tree.rs	display
tokio/src/runtime/task/trace/tree.rs	from_trace	tokio-stream/src/stream_ext.rs	peekable
tokio/src/runtime/task/trace/tree.rs	from_trace	tokio/src/runtime/task/trace/tree.rs	Tree
tokio/src/runtime/task/trace/tree.rs	from_trace	tokio/src/runtime/task/trace/tree.rs	to_symboltrace
tokio/src/runtime/task/trace/tree.rs	from_trace	tokio/src/runtime/time_alt/cancellation_queue.rs	into_iter
tokio/src/runtime/task/trace/tree.rs	to_symboltrace	tokio/src/runtime/dump.rs	symbols
tokio/src/runtime/task/trace/tree.rs	to_symboltrace	tokio/src/runtime/task/trace/symbol.rs	Symbol
tokio/src/runtime/task/trace/tree.rs	to_symboltrace	tokio/src/runtime/time_alt/cancellation_queue.rs	into_iter
tokio/src/runtime/task/waker.rs	clone_waker	tokio/src/runtime/task/waker.rs	raw_waker
tokio/src/runtime/task/waker.rs	drop_waker	tokio/src/runtime/task/harness.rs	drop_reference
tokio/src/runtime/task/waker.rs	drop_waker	tokio/src/runtime/task/raw.rs	from_raw
tokio/src/runtime/task/waker.rs	wake_by_ref	tokio/src/runtime/task/raw.rs	from_raw
tokio/src/runtime/task/waker.rs	wake_by_ref	tokio/src/runtime/task/waker.rs	wake_by_ref
tokio/src/runtime/task/waker.rs	wake_by_val	tokio/src/runtime/task/raw.rs	from_raw
tokio/src/runtime/task/waker.rs	wake_by_val	tokio/src/runtime/task/waker.rs	wake_by_val
tokio/src/runtime/task/waker.rs	waker_ref	tokio/src/runtime/task/waker.rs	WakerRef
tokio/src/runtime/task/waker.rs	waker_ref	tokio/src/runtime/task/waker.rs	raw_waker
tokio/src/runtime/tests/inject.rs	closure@1183	tokio/src/runtime/tests/mod.rs	unowned
tokio/src/runtime/tests/inject.rs	closure@731	tokio/src/runtime/tests/mod.rs	unowned
tokio/src/runtime/tests/inject.rs	pop_n_drains_on_drop	tokio/src/runtime/scheduler/inject/shared.rs	new
tokio/src/runtime/tests/inject.rs	pop_n_drains_on_drop	tokio/src/runtime/scheduler/inject/shared.rs	pop_n
tokio/src/runtime/tests/inject.rs	pop_n_drains_on_drop	tokio/src/runtime/tests/mod.rs	unowned
tokio/src/runtime/tests/inject.rs	push_and_pop	tokio/src/runtime/scheduler/inject/shared.rs	new
tokio/src/runtime/tests/inject.rs	push_and_pop	tokio/src/runtime/tests/mod.rs	unowned
tokio/src/runtime/tests/inject.rs	push_batch_and_pop	tokio/src/runtime/scheduler/inject/shared.rs	new
tokio/src/runtime/tests/inject.rs	push_batch_and_pop	tokio/src/runtime/tests/mod.rs	unowned
tokio/src/runtime/tests/loom_blocking.rs	blocking_shutdown	tokio/src/runtime/runtime.rs	enter
tokio/src/runtime/tests/loom_blocking.rs	blocking_shutdown	tokio/src/runtime/tests/loom_blocking.rs	mk_runtime
tokio/src/runtime/tests/loom_blocking.rs	closure@1267	tokio/src/runtime/builder.rs	new_current_thread
tokio/src/runtime/tests/loom_blocking.rs	closure@1267	tokio/src/runtime/tests/loom_oneshot.rs	channel
tokio/src/runtime/tests/loom_blocking.rs	closure@133	tokio/src/runtime/runtime.rs	enter
tokio/src/runtime/tests/loom_blocking.rs	closure@133	tokio/src/runtime/tests/loom_blocking.rs	mk_runtime
tokio/src/runtime/tests/loom_blocking.rs	closure@2077	tokio/src/runtime/builder.rs	new_current_thread
tokio/src/runtime/tests/loom_blocking.rs	closure@2077	tokio/src/time/timeout.rs	timeout
tokio/src/runtime/tests/loom_blocking.rs	closure@2805	tokio/src/runtime/builder.rs	max_blocking_threads
tokio/src/runtime/tests/loom_blocking.rs	closure@2805	tokio/src/runtime/builder.rs	new_current_thread
tokio/src/runtime/tests/loom_blocking.rs	closure@2805	tokio/src/runtime/builder.rs	thread_keep_alive
tokio/src/runtime/tests/loom_blocking.rs	closure@4538	tokio/src/runtime/builder.rs	max_blocking_threads
tokio/src/runtime/tests/loom_blocking.rs	closure@4538	tokio/src/runtime/builder.rs	new_current_thread
tokio/src/runtime/tests/loom_blocking.rs	closure@4538	tokio/src/runtime/builder.rs	thread_keep_alive
tokio/src/runtime/tests/loom_blocking.rs	closure@5635	tokio/src/io/join.rs	join
tokio/src/runtime/tests/loom_blocking.rs	closure@5635	tokio/src/runtime/builder.rs	new_current_thread
tokio/src/runtime/tests/loom_blocking.rs	closure@660	tokio/src/runtime/builder.rs	new_current_thread
tokio/src/runtime/tests/loom_blocking.rs	closure@660	tokio/src/runtime/tests/loom_oneshot.rs	channel
tokio/src/runtime/tests/loom_blocking.rs	mk_runtime	tokio/src/runtime/builder.rs	new_multi_thread
tokio/src/runtime/tests/loom_blocking.rs	mk_runtime	tokio/src/runtime/builder.rs	worker_threads
tokio/src/runtime/tests/loom_blocking.rs	spawn_blocking_at_thread_cap_runs	tokio/src/runtime/builder.rs	max_blocking_threads
tokio/src/runtime/tests/loom_blocking.rs	spawn_blocking_at_thread_cap_runs	tokio/src/runtime/builder.rs	new_current_thread
tokio/src/runtime/tests/loom_blocking.rs	spawn_blocking_at_thread_cap_runs	tokio/src/runtime/builder.rs	thread_keep_alive
tokio/src/runtime/tests/loom_blocking.rs	spawn_blocking_racing_shutdown_resolves	tokio/src/io/join.rs	join
tokio/src/runtime/tests/loom_blocking.rs	spawn_blocking_racing_shutdown_resolves	tokio/src/runtime/builder.rs	new_current_thread
tokio/src/runtime/tests/loom_blocking.rs	spawn_blocking_then_shutdown	tokio/src/runtime/builder.rs	max_blocking_threads
tokio/src/runtime/tests/loom_blocking.rs	spawn_blocking_then_shutdown	tokio/src/runtime/builder.rs	new_current_thread
tokio/src/runtime/tests/loom_blocking.rs	spawn_blocking_then_shutdown	tokio/src/runtime/builder.rs	thread_keep_alive
tokio/src/runtime/tests/loom_blocking.rs	spawn_blocking_when_paused	tokio/src/runtime/builder.rs	new_current_thread
tokio/src/runtime/tests/loom_blocking.rs	spawn_blocking_when_paused	tokio/src/time/timeout.rs	timeout
tokio/src/runtime/tests/loom_blocking.rs	spawn_mandatory_blocking_should_always_run	tokio/src/runtime/builder.rs	new_current_thread
tokio/src/runtime/tests/loom_blocking.rs	spawn_mandatory_blocking_should_always_run	tokio/src/runtime/tests/loom_oneshot.rs	channel
tokio/src/runtime/tests/loom_blocking.rs	spawn_mandatory_blocking_should_run_even_when_shutting_down_from_other_thread	tokio/src/runtime/builder.rs	new_current_thread
tokio/src/runtime/tests/loom_blocking.rs	spawn_mandatory_blocking_should_run_even_when_shutting_down_from_other_thread	tokio/src/runtime/tests/loom_oneshot.rs	channel
tokio/src/runtime/tests/loom_current_thread.rs	assert_at_most_num_polls	tokio/src/loom/std/atomic_usize.rs	new
tokio/src/runtime/tests/loom_current_thread.rs	assert_at_most_num_polls	tokio/src/runtime/task/mod.rs	yield_now
tokio/src/runtime/tests/loom_current_thread.rs	assert_at_most_num_polls	tokio/src/runtime/tests/loom_current_thread.rs	BlockedFuture
tokio/src/runtime/tests/loom_current_thread.rs	assert_at_most_num_polls	tokio/src/sync/oneshot.rs	channel
tokio/src/runtime/tests/loom_current_thread.rs	assert_no_unnecessary_polls	tokio/src/loom/std/atomic_usize.rs	new
tokio/src/runtime/tests/loom_current_thread.rs	assert_no_unnecessary_polls	tokio/src/runtime/builder.rs	new_current_thread
tokio/src/runtime/tests/loom_current_thread.rs	assert_no_unnecessary_polls	tokio/src/runtime/task/mod.rs	yield_now
tokio/src/runtime/tests/loom_current_thread.rs	assert_no_unnecessary_polls	tokio/src/runtime/tests/loom_current_thread.rs	ResetFuture
tokio/src/runtime/tests/loom_current_thread.rs	assert_no_unnecessary_polls	tokio/src/sync/oneshot.rs	channel
tokio/src/runtime/tests/loom_current_thread.rs	block_on_num_polls	tokio/src/io/join.rs	join
tokio/src/runtime/tests/loom_current_thread.rs	block_on_num_polls	tokio/src/runtime/builder.rs	new_current_thread
tokio/src/runtime/tests/loom_current_thread.rs	block_on_num_polls	tokio/src/runtime/tests/loom_current_thread.rs	assert_at_most_num_polls
tokio/src/runtime/tests/loom_current_thread.rs	closure@1891	tokio/src/runtime/tests/loom_current_thread.rs	assert_at_most_num_polls
tokio/src/runtime/tests/loom_current_thread.rs	closure@1972	tokio/src/runtime/tests/loom_current_thread.rs	assert_at_most_num_polls
tokio/src/runtime/tests/loom_current_thread.rs	closure@2053	tokio/src/runtime/tests/loom_current_thread.rs	assert_at_most_num_polls
tokio/src/runtime/tests/loom_current_thread.rs	closure@2260	tokio/src/loom/std/atomic_usize.rs	new
tokio/src/runtime/tests/loom_current_thread.rs	closure@2260	tokio/src/runtime/builder.rs	new_current_thread
tokio/src/runtime/tests/loom_current_thread.rs	closure@2260	tokio/src/runtime/task/mod.rs	yield_now
tokio/src/runtime/tests/loom_current_thread.rs	closure@2260	tokio/src/runtime/tests/loom_current_thread.rs	ResetFuture
tokio/src/runtime/tests/loom_current_thread.rs	closure@2260	tokio/src/sync/oneshot.rs	channel
tokio/src/runtime/tests/loom_current_thread.rs	closure@4185	tokio/src/io/join.rs	join
tokio/src/runtime/tests/loom_current_thread.rs	closure@4185	tokio/src/loom/std/atomic_usize.rs	new
tokio/src/runtime/tests/loom_current_thread.rs	closure@4185	tokio/src/runtime/builder.rs	new_current_thread
tokio/src/runtime/tests/loom_current_thread.rs	closure@958	tokio/src/io/join.rs	join
tokio/src/runtime/tests/loom_current_thread.rs	closure@958	tokio/src/runtime/builder.rs	new_current_thread
tokio/src/runtime/tests/loom_current_thread.rs	drop_jh_during_schedule	tokio/src/io/join.rs	join
tokio/src/runtime/tests/loom_current_thread.rs	drop_jh_during_schedule	tokio/src/loom/std/atomic_usize.rs	new
tokio/src/runtime/tests/loom_current_thread.rs	drop_jh_during_schedule	tokio/src/runtime/builder.rs	new_current_thread
tokio/src/runtime/tests/loom_current_thread.rs	poll	tokio/src/io/ready.rs	Ready
tokio/src/runtime/tests/loom_current_thread.rs	poll	tokio/src/runtime/tests/loom_current_thread.rs	poll
tokio/src/runtime/tests/loom_current_thread/yield_now.rs	closure@268	tokio/src/runtime/park.rs	current_thread_park_count
tokio/src/runtime/tests/loom_current_thread/yield_now.rs	closure@268	tokio/src/runtime/runtime.rs	block_on
tokio/src/runtime/tests/loom_current_thread/yield_now.rs	closure@268	tokio/src/runtime/tests/loom_current_thread/yield_now.rs	mk_runtime
tokio/src/runtime/tests/loom_current_thread/yield_now.rs	mk_runtime	tokio/src/runtime/builder.rs	new_current_thread
tokio/src/runtime/tests/loom_current_thread/yield_now.rs	yield_calls_park_before_scheduling_again	tokio-util/src/codec/length_delimited.rs	default
tokio/src/runtime/tests/loom_current_thread/yield_now.rs	yield_calls_park_before_scheduling_again	tokio/src/runtime/park.rs	current_thread_park_count
tokio/src/runtime/tests/loom_current_thread/yield_now.rs	yield_calls_park_before_scheduling_again	tokio/src/runtime/runtime.rs	block_on
tokio/src/runtime/tests/loom_current_thread/yield_now.rs	yield_calls_park_before_scheduling_again	tokio/src/runtime/task/core.rs	check
tokio/src/runtime/tests/loom_current_thread/yield_now.rs	yield_calls_park_before_scheduling_again	tokio/src/runtime/tests/loom_current_thread/yield_now.rs	mk_runtime
tokio/src/runtime/tests/loom_join_set.rs	abort_all_during_completion	tokio/src/runtime/builder.rs	new_multi_thread
tokio/src/runtime/tests/loom_join_set.rs	abort_all_during_completion	tokio/src/runtime/builder.rs	worker_threads
tokio/src/runtime/tests/loom_join_set.rs	abort_all_during_completion	tokio/src/task/join_set.rs	new
tokio/src/runtime/tests/loom_join_set.rs	closure@101	tokio/src/runtime/builder.rs	new_multi_thread
tokio/src/runtime/tests/loom_join_set.rs	closure@101	tokio/src/runtime/builder.rs	worker_threads
tokio/src/runtime/tests/loom_join_set.rs	closure@101	tokio/src/task/join_set.rs	new
tokio/src/runtime/tests/loom_join_set.rs	closure@1560	tokio/src/runtime/builder.rs	new_multi_thread
tokio/src/runtime/tests/loom_join_set.rs	closure@1560	tokio/src/runtime/builder.rs	worker_threads
tokio/src/runtime/tests/loom_join_set.rs	closure@1560	tokio/src/task/join_set.rs	new
tokio/src/runtime/tests/loom_join_set.rs	test_join_set	tokio/src/runtime/builder.rs	new_multi_thread
tokio/src/runtime/tests/loom_join_set.rs	test_join_set	tokio/src/runtime/builder.rs	worker_threads
tokio/src/runtime/tests/loom_join_set.rs	test_join_set	tokio/src/task/join_set.rs	new
tokio/src/runtime/tests/loom_local.rs	closure@680	tokio/src/io/join.rs	join
tokio/src/runtime/tests/loom_local.rs	closure@680	tokio/src/runtime/builder.rs	new_current_thread
tokio/src/runtime/tests/loom_local.rs	closure@680	tokio/src/runtime/tests/loom_oneshot.rs	channel
tokio/src/runtime/tests/loom_local.rs	closure@680	tokio/src/task/local.rs	new
tokio/src/runtime/tests/loom_local.rs	wake_during_shutdown	tokio/src/io/join.rs	join
tokio/src/runtime/tests/loom_local.rs	wake_during_shutdown	tokio/src/runtime/builder.rs	new_current_thread
tokio/src/runtime/tests/loom_local.rs	wake_during_shutdown	tokio/src/runtime/tests/loom_oneshot.rs	channel
tokio/src/runtime/tests/loom_local.rs	wake_during_shutdown	tokio/src/task/local.rs	new
tokio/src/runtime/tests/loom_multi_thread.rs	blocking_and_regular	tokio/src/runtime/tests/loom_multi_thread.rs	blocking_and_regular_inner
tokio/src/runtime/tests/loom_multi_thread.rs	blocking_and_regular_inner	tokio/src/loom/std/atomic_usize.rs	new
tokio/src/runtime/tests/loom_multi_thread.rs	blocking_and_regular_inner	tokio/src/runtime/task/mod.rs	yield_now
tokio/src/runtime/tests/loom_multi_thread.rs	blocking_and_regular_inner	tokio/src/runtime/tests/loom_multi_thread.rs	assert_send
tokio/src/runtime/tests/loom_multi_thread.rs	blocking_and_regular_inner	tokio/src/runtime/tests/loom_multi_thread.rs	drop
tokio/src/runtime/tests/loom_multi_thread.rs	blocking_and_regular_inner	tokio/src/runtime/tests/loom_multi_thread.rs	mk_pool
tokio/src/runtime/tests/loom_multi_thread.rs	blocking_and_regular_inner	tokio/src/runtime/tests/loom_multi_thread.rs	new
tokio/src/runtime/tests/loom_multi_thread.rs	blocking_and_regular_inner	tokio/src/runtime/tests/loom_multi_thread.rs	track
tokio/src/runtime/tests/loom_multi_thread.rs	blocking_and_regular_inner	tokio/src/runtime/tests/loom_oneshot.rs	channel
tokio/src/runtime/tests/loom_multi_thread.rs	blocking_and_regular_with_pending	tokio/src/runtime/tests/loom_multi_thread.rs	blocking_and_regular_inner
tokio/src/runtime/tests/loom_multi_thread.rs	closure@10490	tokio/src/io/ready.rs	Ready
tokio/src/runtime/tests/loom_multi_thread.rs	closure@10490	tokio/src/sync/task/atomic_waker.rs	register_by_ref
tokio/src/runtime/tests/loom_multi_thread.rs	closure@2150	tokio/src/runtime/tests/loom_multi_thread.rs	drop
tokio/src/runtime/tests/loom_multi_thread.rs	closure@2150	tokio/src/runtime/tests/loom_multi_thread.rs	mk_pool
tokio/src/runtime/tests/loom_multi_thread.rs	closure@2150	tokio/src/runtime/tests/loom_multi_thread.rs	track
tokio/src/runtime/tests/loom_multi_thread.rs	closure@2926	tokio/src/loom/std/atomic_usize.rs	new
tokio/src/runtime/tests/loom_multi_thread.rs	closure@2926	tokio/src/runtime/tests/loom_multi_thread.rs	assert_send
tokio/src/runtime/tests/loom_multi_thread.rs	closure@2926	tokio/src/runtime/tests/loom_multi_thread.rs	mk_pool
tokio/src/runtime/tests/loom_multi_thread.rs	closure@2926	tokio/src/runtime/tests/loom_multi_thread.rs	new
tokio/src/runtime/tests/loom_multi_thread.rs	closure@2926	tokio/src/runtime/tests/loom_multi_thread.rs	track
tokio/src/runtime/tests/loom_multi_thread.rs	closure@2926	tokio/src/runtime/tests/loom_oneshot.rs	channel
tokio/src/runtime/tests/loom_multi_thread.rs	closure@3844	tokio/src/runtime/task/mod.rs	yield_now
tokio/src/runtime/tests/loom_multi_thread.rs	closure@3844	tokio/src/runtime/tests/loom_multi_thread.rs	drop
tokio/src/runtime/tests/loom_multi_thread.rs	closure@3844	tokio/src/runtime/tests/loom_multi_thread.rs	mk_pool
tokio/src/runtime/tests/loom_multi_thread.rs	closure@3844	tokio/src/runtime/tests/loom_multi_thread.rs	track
tokio/src/runtime/tests/loom_multi_thread.rs	closure@3844	tokio/src/runtime/tests/loom_oneshot.rs	channel
tokio/src/runtime/tests/loom_multi_thread.rs	closure@4619	tokio/src/loom/std/atomic_usize.rs	new
tokio/src/runtime/tests/loom_multi_thread.rs	closure@4619	tokio/src/runtime/task/mod.rs	yield_now
tokio/src/runtime/tests/loom_multi_thread.rs	closure@4619	tokio/src/runtime/tests/loom_multi_thread.rs	assert_send
tokio/src/runtime/tests/loom_multi_thread.rs	closure@4619	tokio/src/runtime/tests/loom_multi_thread.rs	drop
tokio/src/runtime/tests/loom_multi_thread.rs	closure@4619	tokio/src/runtime/tests/loom_multi_thread.rs	mk_pool
tokio/src/runtime/tests/loom_multi_thread.rs	closure@4619	tokio/src/runtime/tests/loom_multi_thread.rs	new
tokio/src/runtime/tests/loom_multi_thread.rs	closure@4619	tokio/src/runtime/tests/loom_multi_thread.rs	track
tokio/src/runtime/tests/loom_multi_thread.rs	closure@4619	tokio/src/runtime/tests/loom_oneshot.rs	channel
tokio/src/runtime/tests/loom_multi_thread.rs	closure@5848	tokio/src/runtime/runtime.rs	block_on
tokio/src/runtime/tests/loom_multi_thread.rs	closure@5848	tokio/src/runtime/tests/loom_multi_thread.rs	mk_pool
tokio/src/runtime/tests/loom_multi_thread.rs	closure@5848	tokio/src/runtime/tests/loom_multi_thread.rs	track
tokio/src/runtime/tests/loom_multi_thread.rs	closure@6191	tokio/src/runtime/runtime.rs	block_on
tokio/src/runtime/tests/loom_multi_thread.rs	closure@6191	tokio/src/runtime/tests/loom_multi_thread.rs	mk_pool
tokio/src/runtime/tests/loom_multi_thread.rs	closure@6191	tokio/src/runtime/tests/loom_multi_thread.rs	track
tokio/src/runtime/tests/loom_multi_thread.rs	closure@6360	tokio/src/io/ready.rs	Ready
tokio/src/runtime/tests/loom_multi_thread.rs	closure@6360	tokio/src/runtime/tests/loom_multi_thread.rs	new
tokio/src/runtime/tests/loom_multi_thread.rs	closure@6360	tokio/src/runtime/tests/loom_multi_thread.rs	poll
tokio/src/runtime/tests/loom_multi_thread.rs	closure@6607	tokio/src/runtime/runtime.rs	block_on
tokio/src/runtime/tests/loom_multi_thread.rs	closure@6607	tokio/src/runtime/task/mod.rs	yield_now
tokio/src/runtime/tests/loom_multi_thread.rs	closure@6607	tokio/src/runtime/tests/loom_multi_thread.rs	gated2
tokio/src/runtime/tests/loom_multi_thread.rs	closure@6607	tokio/src/runtime/tests/loom_multi_thread.rs	mk_pool
tokio/src/runtime/tests/loom_multi_thread.rs	closure@6607	tokio/src/runtime/tests/loom_multi_thread.rs	track
tokio/src/runtime/tests/loom_multi_thread.rs	closure@7070	tokio/src/runtime/tests/loom_multi_thread.rs	mk_pool
tokio/src/runtime/tests/loom_multi_thread.rs	closure@7070	tokio/src/runtime/tests/loom_multi_thread.rs	track
tokio/src/runtime/tests/loom_multi_thread.rs	closure@7070	tokio/src/runtime/tests/loom_oneshot.rs	channel
tokio/src/runtime/tests/loom_multi_thread.rs	closure@7709	tokio/src/runtime/tests/loom_multi_thread.rs	drop
tokio/src/runtime/tests/loom_multi_thread.rs	closure@7709	tokio/src/runtime/tests/loom_multi_thread.rs	gated2
tokio/src/runtime/tests/loom_multi_thread.rs	closure@7709	tokio/src/runtime/tests/loom_multi_thread.rs	mk_pool
tokio/src/runtime/tests/loom_multi_thread.rs	closure@7709	tokio/src/runtime/tests/loom_multi_thread.rs	track
tokio/src/runtime/tests/loom_multi_thread.rs	closure@8082	tokio/src/loom/std/atomic_usize.rs	new
tokio/src/runtime/tests/loom_multi_thread.rs	closure@8082	tokio/src/runtime/tests/loom_multi_thread.rs	assert_send
tokio/src/runtime/tests/loom_multi_thread.rs	closure@8082	tokio/src/runtime/tests/loom_multi_thread.rs	mk_pool
tokio/src/runtime/tests/loom_multi_thread.rs	closure@8082	tokio/src/runtime/tests/loom_multi_thread.rs	multi_gated
tokio/src/runtime/tests/loom_multi_thread.rs	closure@8082	tokio/src/runtime/tests/loom_multi_thread.rs	new
tokio/src/runtime/tests/loom_multi_thread.rs	closure@8082	tokio/src/runtime/tests/loom_multi_thread.rs	track
tokio/src/runtime/tests/loom_multi_thread.rs	closure@8082	tokio/src/runtime/tests/loom_oneshot.rs	channel
tokio/src/runtime/tests/loom_multi_thread.rs	closure@9344	tokio/src/io/ready.rs	Ready
tokio/src/runtime/tests/loom_multi_thread.rs	closure@9344	tokio/src/runtime/tests/loom_multi_thread.rs	track
tokio/src/runtime/tests/loom_multi_thread.rs	complete_block_on_under_load	tokio/src/runtime/runtime.rs	block_on
tokio/src/runtime/tests/loom_multi_thread.rs	complete_block_on_under_load	tokio/src/runtime/task/mod.rs	yield_now
tokio/src/runtime/tests/loom_multi_thread.rs	complete_block_on_under_load	tokio/src/runtime/tests/loom_multi_thread.rs	gated2
tokio/src/runtime/tests/loom_multi_thread.rs	complete_block_on_under_load	tokio/src/runtime/tests/loom_multi_thread.rs	mk_pool
tokio/src/runtime/tests/loom_multi_thread.rs	complete_block_on_under_load	tokio/src/runtime/tests/loom_multi_thread.rs	track
tokio/src/runtime/tests/loom_multi_thread.rs	drop	tokio/src/runtime/tests/loom_multi_thread.rs	drop
tokio/src/runtime/tests/loom_multi_thread.rs	drop	tokio/src/runtime/tests/loom_multi_thread.rs	take
tokio/src/runtime/tests/loom_multi_thread.rs	gated2	tokio/src/io/ready.rs	Ready
tokio/src/runtime/tests/loom_multi_thread.rs	gated2	tokio/src/runtime/tests/loom_multi_thread.rs	new
tokio/src/runtime/tests/loom_multi_thread.rs	gated2	tokio/src/runtime/tests/loom_multi_thread.rs	track
tokio/src/runtime/tests/loom_multi_thread.rs	join_output	tokio/src/runtime/runtime.rs	block_on
tokio/src/runtime/tests/loom_multi_thread.rs	join_output	tokio/src/runtime/tests/loom_multi_thread.rs	mk_pool
tokio/src/runtime/tests/loom_multi_thread.rs	join_output	tokio/src/runtime/tests/loom_multi_thread.rs	track
tokio/src/runtime/tests/loom_multi_thread.rs	mk_pool	tokio/src/runtime/builder.rs	event_interval
tokio/src/runtime/tests/loom_multi_thread.rs	mk_pool	tokio/src/runtime/builder.rs	new_multi_thread
tokio/src/runtime/tests/loom_multi_thread.rs	mk_pool	tokio/src/runtime/builder.rs	worker_threads
tokio/src/runtime/tests/loom_multi_thread.rs	multi_gated	tokio/src/io/ready.rs	Ready
tokio/src/runtime/tests/loom_multi_thread.rs	multi_gated	tokio/src/loom/std/atomic_usize.rs	new
tokio/src/runtime/tests/loom_multi_thread.rs	multi_gated	tokio/src/runtime/tests/loom_multi_thread.rs	new
tokio/src/runtime/tests/loom_multi_thread.rs	multi_gated	tokio/src/runtime/tests/loom_multi_thread.rs	track
tokio/src/runtime/tests/loom_multi_thread.rs	multi_gated	tokio/src/sync/task/atomic_waker.rs	new
tokio/src/runtime/tests/loom_multi_thread.rs	multi_gated	tokio/src/sync/task/atomic_waker.rs	register_by_ref
tokio/src/runtime/tests/loom_multi_thread.rs	new	tokio/src/runtime/tests/loom_multi_thread.rs	new
tokio/src/runtime/tests/loom_multi_thread.rs	only_blocking_inner	tokio/src/runtime/task/mod.rs	yield_now
tokio/src/runtime/tests/loom_multi_thread.rs	only_blocking_inner	tokio/src/runtime/tests/loom_multi_thread.rs	drop
tokio/src/runtime/tests/loom_multi_thread.rs	only_blocking_inner	tokio/src/runtime/tests/loom_multi_thread.rs	mk_pool
tokio/src/runtime/tests/loom_multi_thread.rs	only_blocking_inner	tokio/src/runtime/tests/loom_multi_thread.rs	track
tokio/src/runtime/tests/loom_multi_thread.rs	only_blocking_inner	tokio/src/runtime/tests/loom_oneshot.rs	channel
tokio/src/runtime/tests/loom_multi_thread.rs	only_blocking_with_pending	tokio/src/runtime/tests/loom_multi_thread.rs	only_blocking_inner
tokio/src/runtime/tests/loom_multi_thread.rs	only_blocking_without_pending	tokio/src/runtime/tests/loom_multi_thread.rs	only_blocking_inner
tokio/src/runtime/tests/loom_multi_thread.rs	poll	tokio/src/io/ready.rs	Ready
tokio/src/runtime/tests/loom_multi_thread.rs	poll_drop_handle_then_drop	tokio/src/io/ready.rs	Ready
tokio/src/runtime/tests/loom_multi_thread.rs	poll_drop_handle_then_drop	tokio/src/runtime/runtime.rs	block_on
tokio/src/runtime/tests/loom_multi_thread.rs	poll_drop_handle_then_drop	tokio/src/runtime/tests/loom_multi_thread.rs	mk_pool
tokio/src/runtime/tests/loom_multi_thread.rs	poll_drop_handle_then_drop	tokio/src/runtime/tests/loom_multi_thread.rs	new
tokio/src/runtime/tests/loom_multi_thread.rs	poll_drop_handle_then_drop	tokio/src/runtime/tests/loom_multi_thread.rs	poll
tokio/src/runtime/tests/loom_multi_thread.rs	poll_drop_handle_then_drop	tokio/src/runtime/tests/loom_multi_thread.rs	track
tokio/src/runtime/tests/loom_multi_thread.rs	pool_multi_notify	tokio/src/loom/std/atomic_usize.rs	new
tokio/src/runtime/tests/loom_multi_thread.rs	pool_multi_notify	tokio/src/runtime/tests/loom_multi_thread.rs	assert_send
tokio/src/runtime/tests/loom_multi_thread.rs	pool_multi_notify	tokio/src/runtime/tests/loom_multi_thread.rs	mk_pool
tokio/src/runtime/tests/loom_multi_thread.rs	pool_multi_notify	tokio/src/runtime/tests/loom_multi_thread.rs	multi_gated
tokio/src/runtime/tests/loom_multi_thread.rs	pool_multi_notify	tokio/src/runtime/tests/loom_multi_thread.rs	new
tokio/src/runtime/tests/loom_multi_thread.rs	pool_multi_notify	tokio/src/runtime/tests/loom_multi_thread.rs	track
tokio/src/runtime/tests/loom_multi_thread.rs	pool_multi_notify	tokio/src/runtime/tests/loom_oneshot.rs	channel
tokio/src/runtime/tests/loom_multi_thread.rs	pool_multi_spawn	tokio/src/loom/std/atomic_usize.rs	new
tokio/src/runtime/tests/loom_multi_thread.rs	pool_multi_spawn	tokio/src/runtime/tests/loom_multi_thread.rs	assert_send
tokio/src/runtime/tests/loom_multi_thread.rs	pool_multi_spawn	tokio/src/runtime/tests/loom_multi_thread.rs	mk_pool
tokio/src/runtime/tests/loom_multi_thread.rs	pool_multi_spawn	tokio/src/runtime/tests/loom_multi_thread.rs	new
tokio/src/runtime/tests/loom_multi_thread.rs	pool_multi_spawn	tokio/src/runtime/tests/loom_multi_thread.rs	track
tokio/src/runtime/tests/loom_multi_thread.rs	pool_multi_spawn	tokio/src/runtime/tests/loom_oneshot.rs	channel
tokio/src/runtime/tests/loom_multi_thread.rs	pool_shutdown	tokio/src/runtime/tests/loom_multi_thread.rs	drop
tokio/src/runtime/tests/loom_multi_thread.rs	pool_shutdown	tokio/src/runtime/tests/loom_multi_thread.rs	gated2
tokio/src/runtime/tests/loom_multi_thread.rs	pool_shutdown	tokio/src/runtime/tests/loom_multi_thread.rs	mk_pool
tokio/src/runtime/tests/loom_multi_thread.rs	pool_shutdown	tokio/src/runtime/tests/loom_multi_thread.rs	track
tokio/src/runtime/tests/loom_multi_thread.rs	racy_shutdown	tokio/src/runtime/tests/loom_multi_thread.rs	drop
tokio/src/runtime/tests/loom_multi_thread.rs	racy_shutdown	tokio/src/runtime/tests/loom_multi_thread.rs	mk_pool
tokio/src/runtime/tests/loom_multi_thread.rs	racy_shutdown	tokio/src/runtime/tests/loom_multi_thread.rs	track
tokio/src/runtime/tests/loom_multi_thread.rs	shutdown_with_notification	tokio/src/runtime/tests/loom_multi_thread.rs	mk_pool
tokio/src/runtime/tests/loom_multi_thread.rs	shutdown_with_notification	tokio/src/runtime/tests/loom_multi_thread.rs	track
tokio/src/runtime/tests/loom_multi_thread.rs	shutdown_with_notification	tokio/src/runtime/tests/loom_oneshot.rs	channel
tokio/src/runtime/tests/loom_multi_thread.rs	track	tokio/src/runtime/tests/loom_multi_thread.rs	new
tokio/src/runtime/tests/loom_multi_thread/queue.rs	basic	tokio-util/src/codec/framed_impl.rs	borrow_mut
tokio/src/runtime/tests/loom_multi_thread/queue.rs	basic	tokio/src/io/join.rs	join
tokio/src/runtime/tests/loom_multi_thread/queue.rs	basic	tokio/src/runtime/scheduler/multi_thread/queue.rs	local
tokio/src/runtime/tests/loom_multi_thread/queue.rs	basic	tokio/src/runtime/scheduler/multi_thread/queue.rs	push_back_or_overflow
tokio/src/runtime/tests/loom_multi_thread/queue.rs	basic	tokio/src/runtime/scheduler/multi_thread/queue.rs	steal_into
tokio/src/runtime/tests/loom_multi_thread/queue.rs	basic	tokio/src/runtime/tests/loom_multi_thread/queue.rs	new_stats
tokio/src/runtime/tests/loom_multi_thread/queue.rs	basic	tokio/src/runtime/tests/mod.rs	unowned
tokio/src/runtime/tests/loom_multi_thread/queue.rs	basic	tokio/src/util/idle_notified_set.rs	drain
tokio/src/runtime/tests/loom_multi_thread/queue.rs	chained_steal	tokio/src/io/join.rs	join
tokio/src/runtime/tests/loom_multi_thread/queue.rs	chained_steal	tokio/src/runtime/scheduler/multi_thread/queue.rs	local
tokio/src/runtime/tests/loom_multi_thread/queue.rs	chained_steal	tokio/src/runtime/scheduler/multi_thread/queue.rs	push_back_or_overflow
tokio/src/runtime/tests/loom_multi_thread/queue.rs	chained_steal	tokio/src/runtime/scheduler/multi_thread/queue.rs	steal_into
tokio/src/runtime/tests/loom_multi_thread/queue.rs	chained_steal	tokio/src/runtime/tests/loom_multi_thread/queue.rs	new_stats
tokio/src/runtime/tests/loom_multi_thread/queue.rs	chained_steal	tokio/src/runtime/tests/mod.rs	unowned
tokio/src/runtime/tests/loom_multi_thread/queue.rs	closure@1554	tokio-util/src/codec/framed_impl.rs	borrow_mut
tokio/src/runtime/tests/loom_multi_thread/queue.rs	closure@1554	tokio/src/io/join.rs	join
tokio/src/runtime/tests/loom_multi_thread/queue.rs	closure@1554	tokio/src/runtime/scheduler/multi_thread/queue.rs	local
tokio/src/runtime/tests/loom_multi_thread/queue.rs	closure@1554	tokio/src/runtime/scheduler/multi_thread/queue.rs	push_back_or_overflow
tokio/src/runtime/tests/loom_multi_thread/queue.rs	closure@1554	tokio/src/runtime/tests/loom_multi_thread/queue.rs	new_stats
tokio/src/runtime/tests/loom_multi_thread/queue.rs	closure@1554	tokio/src/runtime/tests/mod.rs	unowned
tokio/src/runtime/tests/loom_multi_thread/queue.rs	closure@1554	tokio/src/util/idle_notified_set.rs	drain
tokio/src/runtime/tests/loom_multi_thread/queue.rs	closure@1720	tokio/src/runtime/scheduler/multi_thread/queue.rs	local
tokio/src/runtime/tests/loom_multi_thread/queue.rs	closure@1720	tokio/src/runtime/scheduler/multi_thread/queue.rs	steal_into
tokio/src/runtime/tests/loom_multi_thread/queue.rs	closure@1720	tokio/src/runtime/tests/loom_multi_thread/queue.rs	new_stats
tokio/src/runtime/tests/loom_multi_thread/queue.rs	closure@277	tokio-util/src/codec/framed_impl.rs	borrow_mut
tokio/src/runtime/tests/loom_multi_thread/queue.rs	closure@277	tokio/src/io/join.rs	join
tokio/src/runtime/tests/loom_multi_thread/queue.rs	closure@277	tokio/src/runtime/scheduler/multi_thread/queue.rs	local
tokio/src/runtime/tests/loom_multi_thread/queue.rs	closure@277	tokio/src/runtime/scheduler/multi_thread/queue.rs	push_back_or_overflow
tokio/src/runtime/tests/loom_multi_thread/queue.rs	closure@277	tokio/src/runtime/tests/loom_multi_thread/queue.rs	new_stats
tokio/src/runtime/tests/loom_multi_thread/queue.rs	closure@277	tokio/src/runtime/tests/mod.rs	unowned
tokio/src/runtime/tests/loom_multi_thread/queue.rs	closure@277	tokio/src/util/idle_notified_set.rs	drain
tokio/src/runtime/tests/loom_multi_thread/queue.rs	closure@3072	tokio-util/src/codec/framed_impl.rs	borrow_mut
tokio/src/runtime/tests/loom_multi_thread/queue.rs	closure@3072	tokio/src/io/join.rs	join
tokio/src/runtime/tests/loom_multi_thread/queue.rs	closure@3072	tokio/src/runtime/scheduler/multi_thread/queue.rs	local
tokio/src/runtime/tests/loom_multi_thread/queue.rs	closure@3072	tokio/src/runtime/scheduler/multi_thread/queue.rs	push_back_or_overflow
tokio/src/runtime/tests/loom_multi_thread/queue.rs	closure@3072	tokio/src/runtime/tests/loom_multi_thread/queue.rs	new_stats
tokio/src/runtime/tests/loom_multi_thread/queue.rs	closure@3072	tokio/src/runtime/tests/mod.rs	unowned
tokio/src/runtime/tests/loom_multi_thread/queue.rs	closure@3072	tokio/src/util/idle_notified_set.rs	drain
tokio/src/runtime/tests/loom_multi_thread/queue.rs	closure@3471	tokio/src/runtime/tests/loom_multi_thread/queue.rs	steal_tasks
tokio/src/runtime/tests/loom_multi_thread/queue.rs	closure@3543	tokio/src/runtime/tests/loom_multi_thread/queue.rs	steal_tasks
tokio/src/runtime/tests/loom_multi_thread/queue.rs	closure@3878	tokio/src/io/join.rs	join
tokio/src/runtime/tests/loom_multi_thread/queue.rs	closure@3878	tokio/src/runtime/scheduler/multi_thread/queue.rs	local
tokio/src/runtime/tests/loom_multi_thread/queue.rs	closure@3878	tokio/src/runtime/scheduler/multi_thread/queue.rs	push_back_or_overflow
tokio/src/runtime/tests/loom_multi_thread/queue.rs	closure@3878	tokio/src/runtime/scheduler/multi_thread/queue.rs	steal_into
tokio/src/runtime/tests/loom_multi_thread/queue.rs	closure@3878	tokio/src/runtime/tests/loom_multi_thread/queue.rs	new_stats
tokio/src/runtime/tests/loom_multi_thread/queue.rs	closure@3878	tokio/src/runtime/tests/mod.rs	unowned
tokio/src/runtime/tests/loom_multi_thread/queue.rs	closure@4423	tokio/src/runtime/scheduler/multi_thread/queue.rs	local
tokio/src/runtime/tests/loom_multi_thread/queue.rs	closure@4423	tokio/src/runtime/scheduler/multi_thread/queue.rs	steal_into
tokio/src/runtime/tests/loom_multi_thread/queue.rs	closure@4423	tokio/src/runtime/tests/loom_multi_thread/queue.rs	new_stats
tokio/src/runtime/tests/loom_multi_thread/queue.rs	closure@443	tokio/src/runtime/scheduler/multi_thread/queue.rs	local
tokio/src/runtime/tests/loom_multi_thread/queue.rs	closure@443	tokio/src/runtime/scheduler/multi_thread/queue.rs	steal_into
tokio/src/runtime/tests/loom_multi_thread/queue.rs	closure@443	tokio/src/runtime/tests/loom_multi_thread/queue.rs	new_stats
tokio/src/runtime/tests/loom_multi_thread/queue.rs	multi_stealer	tokio-util/src/codec/framed_impl.rs	borrow_mut
tokio/src/runtime/tests/loom_multi_thread/queue.rs	multi_stealer	tokio/src/io/join.rs	join
tokio/src/runtime/tests/loom_multi_thread/queue.rs	multi_stealer	tokio/src/runtime/scheduler/multi_thread/queue.rs	local
tokio/src/runtime/tests/loom_multi_thread/queue.rs	multi_stealer	tokio/src/runtime/scheduler/multi_thread/queue.rs	push_back_or_overflow
tokio/src/runtime/tests/loom_multi_thread/queue.rs	multi_stealer	tokio/src/runtime/tests/loom_multi_thread/queue.rs	new_stats
tokio/src/runtime/tests/loom_multi_thread/queue.rs	multi_stealer	tokio/src/runtime/tests/loom_multi_thread/queue.rs	steal_tasks
tokio/src/runtime/tests/loom_multi_thread/queue.rs	multi_stealer	tokio/src/runtime/tests/mod.rs	unowned
tokio/src/runtime/tests/loom_multi_thread/queue.rs	multi_stealer	tokio/src/util/idle_notified_set.rs	drain
tokio/src/runtime/tests/loom_multi_thread/queue.rs	new_stats	tokio/src/runtime/metrics/worker.rs	new
tokio/src/runtime/tests/loom_multi_thread/queue.rs	new_stats	tokio/src/runtime/scheduler/multi_thread/stats.rs	new
tokio/src/runtime/tests/loom_multi_thread/queue.rs	steal_overflow	tokio-util/src/codec/framed_impl.rs	borrow_mut
tokio/src/runtime/tests/loom_multi_thread/queue.rs	steal_overflow	tokio/src/io/join.rs	join
tokio/src/runtime/tests/loom_multi_thread/queue.rs	steal_overflow	tokio/src/runtime/scheduler/multi_thread/queue.rs	local
tokio/src/runtime/tests/loom_multi_thread/queue.rs	steal_overflow	tokio/src/runtime/scheduler/multi_thread/queue.rs	push_back_or_overflow
tokio/src/runtime/tests/loom_multi_thread/queue.rs	steal_overflow	tokio/src/runtime/scheduler/multi_thread/queue.rs	steal_into
tokio/src/runtime/tests/loom_multi_thread/queue.rs	steal_overflow	tokio/src/runtime/tests/loom_multi_thread/queue.rs	new_stats
tokio/src/runtime/tests/loom_multi_thread/queue.rs	steal_overflow	tokio/src/runtime/tests/mod.rs	unowned
tokio/src/runtime/tests/loom_multi_thread/queue.rs	steal_overflow	tokio/src/util/idle_notified_set.rs	drain
tokio/src/runtime/tests/loom_multi_thread/queue.rs	steal_tasks	tokio/src/runtime/scheduler/multi_thread/queue.rs	local
tokio/src/runtime/tests/loom_multi_thread/queue.rs	steal_tasks	tokio/src/runtime/scheduler/multi_thread/queue.rs	steal_into
tokio/src/runtime/tests/loom_multi_thread/queue.rs	steal_tasks	tokio/src/runtime/tests/loom_multi_thread/queue.rs	new_stats
tokio/src/runtime/tests/loom_multi_thread/shutdown.rs	closure@195	tokio/src/runtime/builder.rs	new_multi_thread
tokio/src/runtime/tests/loom_multi_thread/shutdown.rs	closure@195	tokio/src/runtime/builder.rs	worker_threads
tokio/src/runtime/tests/loom_multi_thread/shutdown.rs	closure@195	tokio/src/runtime/handle.rs	current
tokio/src/runtime/tests/loom_multi_thread/shutdown.rs	join_handle_cancel_on_shutdown	tokio/src/runtime/builder.rs	new_multi_thread
tokio/src/runtime/tests/loom_multi_thread/shutdown.rs	join_handle_cancel_on_shutdown	tokio/src/runtime/builder.rs	worker_threads
tokio/src/runtime/tests/loom_multi_thread/shutdown.rs	join_handle_cancel_on_shutdown	tokio/src/runtime/handle.rs	current
tokio/src/runtime/tests/loom_multi_thread/shutdown.rs	join_handle_cancel_on_shutdown	tokio/src/runtime/task/core.rs	check
tokio/src/runtime/tests/loom_multi_thread/yield_now.rs	closure@320	tokio/src/runtime/park.rs	current_thread_park_count
tokio/src/runtime/tests/loom_multi_thread/yield_now.rs	closure@320	tokio/src/runtime/tests/loom_multi_thread/yield_now.rs	mk_runtime
tokio/src/runtime/tests/loom_multi_thread/yield_now.rs	closure@320	tokio/src/runtime/tests/loom_oneshot.rs	channel
tokio/src/runtime/tests/loom_multi_thread/yield_now.rs	mk_runtime	tokio/src/runtime/builder.rs	new_multi_thread
tokio/src/runtime/tests/loom_multi_thread/yield_now.rs	mk_runtime	tokio/src/runtime/builder.rs	worker_threads
tokio/src/runtime/tests/loom_multi_thread/yield_now.rs	yield_calls_park_before_scheduling_again	tokio-util/src/codec/length_delimited.rs	default
tokio/src/runtime/tests/loom_multi_thread/yield_now.rs	yield_calls_park_before_scheduling_again	tokio/src/runtime/park.rs	current_thread_park_count
tokio/src/runtime/tests/loom_multi_thread/yield_now.rs	yield_calls_park_before_scheduling_again	tokio/src/runtime/task/core.rs	check
tokio/src/runtime/tests/loom_multi_thread/yield_now.rs	yield_calls_park_before_scheduling_again	tokio/src/runtime/tests/loom_multi_thread/yield_now.rs	mk_runtime
tokio/src/runtime/tests/loom_multi_thread/yield_now.rs	yield_calls_park_before_scheduling_again	tokio/src/runtime/tests/loom_oneshot.rs	channel
tokio/src/runtime/tests/loom_oneshot.rs	channel	tokio/src/runtime/tests/loom_oneshot.rs	Inner
tokio/src/runtime/tests/loom_oneshot.rs	channel	tokio/src/runtime/tests/loom_oneshot.rs	Receiver
tokio/src/runtime/tests/loom_oneshot.rs	channel	tokio/src/runtime/tests/loom_oneshot.rs	Sender
tokio/src/runtime/tests/loom_oneshot.rs	channel	tokio/src/sync/notify.rs	new
tokio/src/runtime/tests/mod.rs	hooks	tokio/src/runtime/task/mod.rs	TaskHarnessScheduleHooks
tokio/src/runtime/tests/mod.rs	unowned	tokio/src/runtime/task/id.rs	next
tokio/src/runtime/tests/mod.rs	unowned	tokio/src/runtime/task/mod.rs	capture
tokio/src/runtime/tests/mod.rs	unowned	tokio/src/runtime/task/mod.rs	into_notified
tokio/src/runtime/tests/queue.rs	closure@1346	tokio/src/runtime/tests/mod.rs	unowned
tokio/src/runtime/tests/queue.rs	closure@1672	tokio/src/runtime/tests/mod.rs	unowned
tokio/src/runtime/tests/queue.rs	closure@3812	tokio/src/runtime/scheduler/multi_thread/queue.rs	local
tokio/src/runtime/tests/queue.rs	closure@3812	tokio/src/runtime/scheduler/multi_thread/queue.rs	steal_into
tokio/src/runtime/tests/queue.rs	closure@3812	tokio/src/runtime/tests/queue.rs	new_stats
tokio/src/runtime/tests/queue.rs	closure@5314	tokio/src/runtime/scheduler/multi_thread/queue.rs	local
tokio/src/runtime/tests/queue.rs	closure@5314	tokio/src/runtime/scheduler/multi_thread/queue.rs	steal_into
tokio/src/runtime/tests/queue.rs	closure@5314	tokio/src/runtime/tests/queue.rs	new_stats
tokio/src/runtime/tests/queue.rs	fits_256_all_at_once	tokio/src/runtime/scheduler/multi_thread/queue.rs	local
tokio/src/runtime/tests/queue.rs	fits_256_all_at_once	tokio/src/runtime/tests/mod.rs	unowned
tokio/src/runtime/tests/queue.rs	fits_256_all_at_once	tokio/src/util/idle_notified_set.rs	drain
tokio/src/runtime/tests/queue.rs	fits_256_all_in_chunks	tokio/src/runtime/scheduler/multi_thread/queue.rs	local
tokio/src/runtime/tests/queue.rs	fits_256_all_in_chunks	tokio/src/runtime/tests/mod.rs	unowned
tokio/src/runtime/tests/queue.rs	fits_256_all_in_chunks	tokio/src/util/idle_notified_set.rs	drain
tokio/src/runtime/tests/queue.rs	fits_256_one_at_a_time	tokio/src/runtime/scheduler/multi_thread/queue.rs	local
tokio/src/runtime/tests/queue.rs	fits_256_one_at_a_time	tokio/src/runtime/scheduler/multi_thread/queue.rs	push_back_or_overflow
tokio/src/runtime/tests/queue.rs	fits_256_one_at_a_time	tokio/src/runtime/tests/mod.rs	unowned
tokio/src/runtime/tests/queue.rs	fits_256_one_at_a_time	tokio/src/runtime/tests/queue.rs	new_stats
tokio/src/runtime/tests/queue.rs	new_stats	tokio/src/runtime/metrics/worker.rs	new
tokio/src/runtime/tests/queue.rs	new_stats	tokio/src/runtime/scheduler/multi_thread/stats.rs	new
tokio/src/runtime/tests/queue.rs	overflow	tokio-util/src/codec/framed_impl.rs	borrow_mut
tokio/src/runtime/tests/queue.rs	overflow	tokio/src/runtime/scheduler/multi_thread/queue.rs	local
tokio/src/runtime/tests/queue.rs	overflow	tokio/src/runtime/scheduler/multi_thread/queue.rs	push_back_or_overflow
tokio/src/runtime/tests/queue.rs	overflow	tokio/src/runtime/tests/mod.rs	unowned
tokio/src/runtime/tests/queue.rs	overflow	tokio/src/runtime/tests/queue.rs	new_stats
tokio/src/runtime/tests/queue.rs	overflow	tokio/src/util/idle_notified_set.rs	drain
tokio/src/runtime/tests/queue.rs	steal_batch	tokio/src/runtime/scheduler/multi_thread/queue.rs	local
tokio/src/runtime/tests/queue.rs	steal_batch	tokio/src/runtime/scheduler/multi_thread/queue.rs	push_back_or_overflow
tokio/src/runtime/tests/queue.rs	steal_batch	tokio/src/runtime/tests/mod.rs	unowned
tokio/src/runtime/tests/queue.rs	steal_batch	tokio/src/runtime/tests/queue.rs	new_stats
tokio/src/runtime/tests/queue.rs	stress1	tokio-util/src/codec/framed_impl.rs	borrow_mut
tokio/src/runtime/tests/queue.rs	stress1	tokio/src/io/join.rs	join
tokio/src/runtime/tests/queue.rs	stress1	tokio/src/runtime/scheduler/multi_thread/queue.rs	local
tokio/src/runtime/tests/queue.rs	stress1	tokio/src/runtime/scheduler/multi_thread/queue.rs	push_back_or_overflow
tokio/src/runtime/tests/queue.rs	stress1	tokio/src/runtime/scheduler/multi_thread/queue.rs	steal_into
tokio/src/runtime/tests/queue.rs	stress1	tokio/src/runtime/tests/mod.rs	unowned
tokio/src/runtime/tests/queue.rs	stress1	tokio/src/runtime/tests/queue.rs	new_stats
tokio/src/runtime/tests/queue.rs	stress1	tokio/src/runtime/tests/queue.rs	normal_or_miri
tokio/src/runtime/tests/queue.rs	stress1	tokio/src/util/idle_notified_set.rs	drain
tokio/src/runtime/tests/queue.rs	stress2	tokio-util/src/codec/framed_impl.rs	borrow_mut
tokio/src/runtime/tests/queue.rs	stress2	tokio/src/io/join.rs	join
tokio/src/runtime/tests/queue.rs	stress2	tokio/src/runtime/scheduler/multi_thread/queue.rs	local
tokio/src/runtime/tests/queue.rs	stress2	tokio/src/runtime/scheduler/multi_thread/queue.rs	push_back_or_overflow
tokio/src/runtime/tests/queue.rs	stress2	tokio/src/runtime/scheduler/multi_thread/queue.rs	steal_into
tokio/src/runtime/tests/queue.rs	stress2	tokio/src/runtime/tests/mod.rs	unowned
tokio/src/runtime/tests/queue.rs	stress2	tokio/src/runtime/tests/queue.rs	new_stats
tokio/src/runtime/tests/queue.rs	stress2	tokio/src/runtime/tests/queue.rs	normal_or_miri
tokio/src/runtime/tests/queue.rs	stress2	tokio/src/util/idle_notified_set.rs	drain
tokio/src/runtime/tests/task.rs	CURRENT	tokio/src/runtime/tests/task.rs	new
tokio/src/runtime/tests/task.rs	closure@4436	tokio/src/runtime/tests/task.rs	shutdown
tokio/src/runtime/tests/task.rs	closure@4436	tokio/src/runtime/tests/task.rs	spawn
tokio/src/runtime/tests/task.rs	closure@4625	tokio/src/runtime/tests/task.rs	shutdown
tokio/src/runtime/tests/task.rs	closure@4625	tokio/src/runtime/tests/task.rs	spawn
tokio/src/runtime/tests/task.rs	closure@4625	tokio/src/runtime/tests/task.rs	tick_max
tokio/src/runtime/tests/task.rs	closure@4854	tokio/src/runtime/tests/task.rs	shutdown
tokio/src/runtime/tests/task.rs	closure@4854	tokio/src/runtime/tests/task.rs	spawn
tokio/src/runtime/tests/task.rs	closure@5189	tokio/src/runtime/tests/task.rs	new
tokio/src/runtime/tests/task.rs	closure@5189	tokio/src/runtime/tests/task.rs	shutdown
tokio/src/runtime/tests/task.rs	closure@5189	tokio/src/runtime/tests/task.rs	spawn
tokio/src/runtime/tests/task.rs	closure@5189	tokio/src/runtime/tests/task.rs	tick_max
tokio/src/runtime/tests/task.rs	closure@7807	tokio/src/runtime/tests/task.rs	shutdown
tokio/src/runtime/tests/task.rs	closure@7807	tokio/src/runtime/tests/task.rs	spawn
tokio/src/runtime/tests/task.rs	closure@7807	tokio/src/runtime/tests/task.rs	tick_max
tokio/src/runtime/tests/task.rs	create_drop1	tokio/src/runtime/task/id.rs	next
tokio/src/runtime/tests/task.rs	create_drop1	tokio/src/runtime/task/mod.rs	capture
tokio/src/runtime/tests/task.rs	create_drop1	tokio/src/runtime/tests/mod.rs	unowned
tokio/src/runtime/tests/task.rs	create_drop1	tokio/src/runtime/tests/task.rs	assert_dropped
tokio/src/runtime/tests/task.rs	create_drop1	tokio/src/runtime/tests/task.rs	assert_not_dropped
tokio/src/runtime/tests/task.rs	create_drop1	tokio/src/runtime/tests/task.rs	drop
tokio/src/runtime/tests/task.rs	create_drop1	tokio/src/runtime/tests/task.rs	new
tokio/src/runtime/tests/task.rs	create_drop2	tokio/src/runtime/task/id.rs	next
tokio/src/runtime/tests/task.rs	create_drop2	tokio/src/runtime/task/mod.rs	capture
tokio/src/runtime/tests/task.rs	create_drop2	tokio/src/runtime/tests/mod.rs	unowned
tokio/src/runtime/tests/task.rs	create_drop2	tokio/src/runtime/tests/task.rs	assert_dropped
tokio/src/runtime/tests/task.rs	create_drop2	tokio/src/runtime/tests/task.rs	assert_not_dropped
tokio/src/runtime/tests/task.rs	create_drop2	tokio/src/runtime/tests/task.rs	drop
tokio/src/runtime/tests/task.rs	create_drop2	tokio/src/runtime/tests/task.rs	new
tokio/src/runtime/tests/task.rs	create_shutdown1	tokio/src/runtime/task/id.rs	next
tokio/src/runtime/tests/task.rs	create_shutdown1	tokio/src/runtime/task/mod.rs	capture
tokio/src/runtime/tests/task.rs	create_shutdown1	tokio/src/runtime/tests/mod.rs	unowned
tokio/src/runtime/tests/task.rs	create_shutdown1	tokio/src/runtime/tests/task.rs	assert_dropped
tokio/src/runtime/tests/task.rs	create_shutdown1	tokio/src/runtime/tests/task.rs	assert_not_dropped
tokio/src/runtime/tests/task.rs	create_shutdown1	tokio/src/runtime/tests/task.rs	drop
tokio/src/runtime/tests/task.rs	create_shutdown1	tokio/src/runtime/tests/task.rs	new
tokio/src/runtime/tests/task.rs	create_shutdown1	tokio/src/runtime/tests/task.rs	shutdown
tokio/src/runtime/tests/task.rs	create_shutdown2	tokio/src/runtime/task/id.rs	next
tokio/src/runtime/tests/task.rs	create_shutdown2	tokio/src/runtime/task/mod.rs	capture
tokio/src/runtime/tests/task.rs	create_shutdown2	tokio/src/runtime/tests/mod.rs	unowned
tokio/src/runtime/tests/task.rs	create_shutdown2	tokio/src/runtime/tests/task.rs	assert_dropped
tokio/src/runtime/tests/task.rs	create_shutdown2	tokio/src/runtime/tests/task.rs	assert_not_dropped
tokio/src/runtime/tests/task.rs	create_shutdown2	tokio/src/runtime/tests/task.rs	drop
tokio/src/runtime/tests/task.rs	create_shutdown2	tokio/src/runtime/tests/task.rs	new
tokio/src/runtime/tests/task.rs	create_shutdown2	tokio/src/runtime/tests/task.rs	shutdown
tokio/src/runtime/tests/task.rs	drop_abort_handle1	tokio/src/runtime/task/id.rs	next
tokio/src/runtime/tests/task.rs	drop_abort_handle1	tokio/src/runtime/task/mod.rs	capture
tokio/src/runtime/tests/task.rs	drop_abort_handle1	tokio/src/runtime/tests/mod.rs	unowned
tokio/src/runtime/tests/task.rs	drop_abort_handle1	tokio/src/runtime/tests/task.rs	assert_dropped
tokio/src/runtime/tests/task.rs	drop_abort_handle1	tokio/src/runtime/tests/task.rs	assert_not_dropped
tokio/src/runtime/tests/task.rs	drop_abort_handle1	tokio/src/runtime/tests/task.rs	drop
tokio/src/runtime/tests/task.rs	drop_abort_handle1	tokio/src/runtime/tests/task.rs	new
tokio/src/runtime/tests/task.rs	drop_abort_handle2	tokio/src/runtime/task/id.rs	next
tokio/src/runtime/tests/task.rs	drop_abort_handle2	tokio/src/runtime/task/mod.rs	capture
tokio/src/runtime/tests/task.rs	drop_abort_handle2	tokio/src/runtime/tests/mod.rs	unowned
tokio/src/runtime/tests/task.rs	drop_abort_handle2	tokio/src/runtime/tests/task.rs	assert_dropped
tokio/src/runtime/tests/task.rs	drop_abort_handle2	tokio/src/runtime/tests/task.rs	assert_not_dropped
tokio/src/runtime/tests/task.rs	drop_abort_handle2	tokio/src/runtime/tests/task.rs	drop
tokio/src/runtime/tests/task.rs	drop_abort_handle2	tokio/src/runtime/tests/task.rs	new
tokio/src/runtime/tests/task.rs	drop_abort_handle_clone	tokio/src/runtime/task/id.rs	next
tokio/src/runtime/tests/task.rs	drop_abort_handle_clone	tokio/src/runtime/task/mod.rs	capture
tokio/src/runtime/tests/task.rs	drop_abort_handle_clone	tokio/src/runtime/tests/mod.rs	unowned
tokio/src/runtime/tests/task.rs	drop_abort_handle_clone	tokio/src/runtime/tests/task.rs	assert_dropped
tokio/src/runtime/tests/task.rs	drop_abort_handle_clone	tokio/src/runtime/tests/task.rs	assert_not_dropped
tokio/src/runtime/tests/task.rs	drop_abort_handle_clone	tokio/src/runtime/tests/task.rs	drop
tokio/src/runtime/tests/task.rs	drop_abort_handle_clone	tokio/src/runtime/tests/task.rs	new
tokio/src/runtime/tests/task.rs	hooks	tokio/src/runtime/task/mod.rs	TaskHarnessScheduleHooks
tokio/src/runtime/tests/task.rs	is_empty	tokio/src/runtime/tests/task.rs	is_empty
tokio/src/runtime/tests/task.rs	new	tokio/src/runtime/tests/task.rs	AssertDrop
tokio/src/runtime/tests/task.rs	new	tokio/src/runtime/tests/task.rs	AssertDropHandle
tokio/src/runtime/tests/task.rs	new	tokio/src/runtime/tests/task.rs	new
tokio/src/runtime/tests/task.rs	schedule	tokio/src/runtime/tests/task.rs	shutdown
tokio/src/runtime/tests/task.rs	schedule	tokio/src/runtime/tests/task.rs	spawn
tokio/src/runtime/tests/task.rs	schedule	tokio/src/runtime/tests/task.rs	with
tokio/src/runtime/tests/task.rs	shutdown	tokio/src/runtime/tests/task.rs	drop
tokio/src/runtime/tests/task.rs	shutdown	tokio/src/runtime/tests/task.rs	shutdown
tokio/src/runtime/tests/task.rs	shutdown	tokio/src/runtime/tests/task.rs	spawn
tokio/src/runtime/tests/task.rs	shutdown	tokio/src/runtime/tests/task.rs	tick_max
tokio/src/runtime/tests/task.rs	shutdown	tokio/src/runtime/tests/task.rs	with
tokio/src/runtime/tests/task.rs	shutdown_immediately	tokio/src/runtime/tests/task.rs	shutdown
tokio/src/runtime/tests/task.rs	shutdown_immediately	tokio/src/runtime/tests/task.rs	spawn
tokio/src/runtime/tests/task.rs	shutdown_immediately	tokio/src/runtime/tests/task.rs	with
tokio/src/runtime/tests/task.rs	spawn	tokio/src/runtime/task/id.rs	next
tokio/src/runtime/tests/task.rs	spawn	tokio/src/runtime/task/mod.rs	capture
tokio/src/runtime/tests/task.rs	spawn	tokio/src/runtime/tests/task.rs	schedule
tokio/src/runtime/tests/task.rs	spawn_during_shutdown	tokio/src/runtime/tests/task.rs	new
tokio/src/runtime/tests/task.rs	spawn_during_shutdown	tokio/src/runtime/tests/task.rs	shutdown
tokio/src/runtime/tests/task.rs	spawn_during_shutdown	tokio/src/runtime/tests/task.rs	spawn
tokio/src/runtime/tests/task.rs	spawn_during_shutdown	tokio/src/runtime/tests/task.rs	tick_max
tokio/src/runtime/tests/task.rs	spawn_during_shutdown	tokio/src/runtime/tests/task.rs	with
tokio/src/runtime/tests/task.rs	spawn_niche_in_task	tokio/src/io/ready.rs	Ready
tokio/src/runtime/tests/task.rs	spawn_niche_in_task	tokio/src/runtime/tests/task.rs	new
tokio/src/runtime/tests/task.rs	spawn_niche_in_task	tokio/src/runtime/tests/task.rs	shutdown
tokio/src/runtime/tests/task.rs	spawn_niche_in_task	tokio/src/runtime/tests/task.rs	spawn
tokio/src/runtime/tests/task.rs	spawn_niche_in_task	tokio/src/runtime/tests/task.rs	tick_max
tokio/src/runtime/tests/task.rs	spawn_niche_in_task	tokio/src/runtime/tests/task.rs	with
tokio/src/runtime/tests/task.rs	spawn_niche_in_task	tokio/src/util/idle_notified_set.rs	drain
tokio/src/runtime/tests/task.rs	tick	tokio/src/runtime/tests/task.rs	tick_max
tokio/src/runtime/tests/task.rs	tick_max	tokio/src/runtime/tests/task.rs	is_empty
tokio/src/runtime/tests/task.rs	tick_max	tokio/src/runtime/tests/task.rs	next_task
tokio/src/runtime/tests/task.rs	unowned_poll	tokio/src/runtime/task/id.rs	next
tokio/src/runtime/tests/task.rs	unowned_poll	tokio/src/runtime/task/mod.rs	capture
tokio/src/runtime/tests/task.rs	unowned_poll	tokio/src/runtime/tests/mod.rs	unowned
tokio/src/runtime/tests/task.rs	with	tokio/src/runtime/task/list.rs	new
tokio/src/runtime/tests/task.rs	with	tokio/src/runtime/tests/task.rs	Core
tokio/src/runtime/tests/task.rs	with	tokio/src/runtime/tests/task.rs	Inner
tokio/src/runtime/tests/task.rs	with	tokio/src/runtime/tests/task.rs	Runtime
tokio/src/runtime/tests/task.rs	with	tokio/src/runtime/tests/task.rs	new
tokio/src/runtime/tests/task_combinations.rs	test_combination	tokio/src/runtime/builder.rs	new_current_thread
tokio/src/runtime/tests/task_combinations.rs	test_combination	tokio/src/runtime/builder.rs	new_multi_thread
tokio/src/runtime/tests/task_combinations.rs	test_combination	tokio/src/runtime/builder.rs	worker_threads
tokio/src/runtime/tests/task_combinations.rs	test_combination	tokio/src/runtime/task/error.rs	is_panic
tokio/src/runtime/tests/task_combinations.rs	test_combination	tokio/src/runtime/tests/task_combinations.rs	is_debug
tokio/src/runtime/tests/task_combinations.rs	test_combination	tokio/src/runtime/tests/task_combinations.rs	my_task
tokio/src/runtime/tests/task_combinations.rs	test_combination	tokio/src/sync/oneshot.rs	channel
tokio/src/runtime/tests/task_combinations.rs	test_combination	tokio/src/task/local.rs	new
tokio/src/runtime/tests/task_combinations.rs	test_combinations	tokio/src/runtime/tests/task_combinations.rs	test_combination
tokio/src/runtime/thread_id.rs	next	tokio/src/runtime/thread_id.rs	ThreadId
tokio/src/runtime/thread_id.rs	next	tokio/src/runtime/thread_id.rs	exhausted
tokio/src/runtime/thread_id.rs	next	tokio/src/time/instant.rs	checked_add
tokio/src/runtime/time/entry.rs	cancel	tokio/src/runtime/time/entry.rs	driver
tokio/src/runtime/time/entry.rs	cancel	tokio/src/runtime/time/mod.rs	clear_entry
tokio/src/runtime/time/entry.rs	cancel	tokio/src/runtime/time_alt/entry.rs	from
tokio/src/runtime/time/entry.rs	default	tokio/src/runtime/time/entry.rs	new
tokio/src/runtime/time/entry.rs	driver	tokio/src/runtime/time/entry.rs	driver
tokio/src/runtime/time/entry.rs	extend_expiration	tokio/src/loom/std/atomic_u64_as_mutex.rs	compare_exchange_weak
tokio/src/runtime/time/entry.rs	extend_expiration	tokio/src/loom/std/atomic_u64_as_mutex.rs	load
tokio/src/runtime/time/entry.rs	extend_expiration	tokio/src/runtime/time/entry.rs	extend_expiration
tokio/src/runtime/time/entry.rs	fire	tokio/src/loom/std/atomic_u64_as_mutex.rs	load
tokio/src/runtime/time/entry.rs	fire	tokio/src/loom/std/atomic_u64_as_mutex.rs	store
tokio/src/runtime/time/entry.rs	fire	tokio/src/loom/std/unsafe_cell.rs	with_mut
tokio/src/runtime/time/entry.rs	fire	tokio/src/runtime/time/entry.rs	fire
tokio/src/runtime/time/entry.rs	fire	tokio/src/sync/task/atomic_waker.rs	take_waker
tokio/src/runtime/time/entry.rs	fmt	tokio/src/loom/std/atomic_u64_as_mutex.rs	load
tokio/src/runtime/time/entry.rs	from_raw	tokio/src/runtime/time/entry.rs	TimerHandle
tokio/src/runtime/time/entry.rs	handle	tokio/src/runtime/time/entry.rs	TimerHandle
tokio/src/runtime/time/entry.rs	handle	tokio/src/runtime/time_alt/entry.rs	from
tokio/src/runtime/time/entry.rs	init	tokio/src/runtime/time/entry.rs	driver
tokio/src/runtime/time/entry.rs	init	tokio/src/runtime/time/handle.rs	time_source
tokio/src/runtime/time/entry.rs	is_elapsed	tokio/src/runtime/time/entry.rs	might_be_registered
tokio/src/runtime/time/entry.rs	is_pending	tokio/src/loom/std/atomic_u64_as_mutex.rs	load
tokio/src/runtime/time/entry.rs	is_pending	tokio/src/runtime/time/entry.rs	is_pending
tokio/src/runtime/time/entry.rs	mark_pending	tokio/src/loom/std/atomic_u64_as_mutex.rs	compare_exchange_weak
tokio/src/runtime/time/entry.rs	mark_pending	tokio/src/loom/std/atomic_u64_as_mutex.rs	load
tokio/src/runtime/time/entry.rs	mark_pending	tokio/src/runtime/time/entry.rs	mark_pending
tokio/src/runtime/time/entry.rs	mark_pending	tokio/src/runtime/time/entry.rs	set_registered_when
tokio/src/runtime/time/entry.rs	might_be_registered	tokio/src/loom/std/atomic_u64_as_mutex.rs	load
tokio/src/runtime/time/entry.rs	might_be_registered	tokio/src/runtime/time/entry.rs	might_be_registered
tokio/src/runtime/time/entry.rs	new	tokio/src/loom/std/unsafe_cell.rs	new
tokio/src/runtime/time/entry.rs	new	tokio/src/runtime/time/entry.rs	default
tokio/src/runtime/time/entry.rs	new	tokio/src/runtime/time/entry.rs	new
tokio/src/runtime/time/entry.rs	new	tokio/src/sync/task/atomic_waker.rs	new
tokio/src/runtime/time/entry.rs	new	tokio/src/util/linked_list.rs	new
tokio/src/runtime/time/entry.rs	poll	tokio/src/runtime/time/entry.rs	read_state
tokio/src/runtime/time/entry.rs	poll	tokio/src/sync/task/atomic_waker.rs	register_by_ref
tokio/src/runtime/time/entry.rs	poll_elapsed	tokio/src/runtime/time/entry.rs	poll
tokio/src/runtime/time/entry.rs	read_state	tokio/src/io/ready.rs	Ready
tokio/src/runtime/time/entry.rs	read_state	tokio/src/loom/std/atomic_u64_as_mutex.rs	load
tokio/src/runtime/time/entry.rs	read_state	tokio/src/loom/std/unsafe_cell.rs	with
tokio/src/runtime/time/entry.rs	registered_when	tokio/src/loom/std/atomic_u64_as_mutex.rs	load
tokio/src/runtime/time/entry.rs	registered_when	tokio/src/runtime/time/entry.rs	registered_when
tokio/src/runtime/time/entry.rs	reset	tokio/src/runtime/time/entry.rs	driver
tokio/src/runtime/time/entry.rs	reset	tokio/src/runtime/time/entry.rs	extend_expiration
tokio/src/runtime/time/entry.rs	reset	tokio/src/runtime/time/handle.rs	time_source
tokio/src/runtime/time/entry.rs	set_expiration	tokio/src/loom/std/atomic_u64_as_mutex.rs	store
tokio/src/runtime/time/entry.rs	set_expiration	tokio/src/runtime/time/entry.rs	set_expiration
tokio/src/runtime/time/entry.rs	set_registered_when	tokio/src/loom/std/atomic_u64_as_mutex.rs	store
tokio/src/runtime/time/entry.rs	sync_when	tokio/src/loom/std/atomic_u64_as_mutex.rs	store
tokio/src/runtime/time/entry.rs	sync_when	tokio/src/runtime/time/entry.rs	sync_when
tokio/src/runtime/time/entry.rs	sync_when	tokio/src/runtime/time/entry.rs	true_when
tokio/src/runtime/time/entry.rs	true_when	tokio/src/runtime/time/entry.rs	when
tokio/src/runtime/time/entry.rs	when	tokio/src/loom/std/atomic_u64_as_mutex.rs	load
tokio/src/runtime/time/handle.rs	is_shutdown	tokio/src/runtime/time/mod.rs	is_shutdown
tokio/src/runtime/time/mod.rs	clear_entry	tokio/src/runtime/time/entry.rs	fire
tokio/src/runtime/time/mod.rs	clear_entry	tokio/src/runtime/time/entry.rs	might_be_registered
tokio/src/runtime/time/mod.rs	clear_entry	tokio/src/runtime/time/mod.rs	lock
tokio/src/runtime/time/mod.rs	closure@11840	tokio/src/runtime/time/mod.rs	new
tokio/src/runtime/time/mod.rs	closure@11878	tokio/src/runtime/time/mod.rs	new
tokio/src/runtime/time/mod.rs	closure@7880	tokio/src/runtime/time/mod.rs	new
tokio/src/runtime/time/mod.rs	closure@7918	tokio/src/runtime/time/mod.rs	new
tokio/src/runtime/time/mod.rs	lock	tokio/src/runtime/time/mod.rs	lock
tokio/src/runtime/time/mod.rs	new	tokio/src/runtime/time/handle.rs	Handle
tokio/src/runtime/time/mod.rs	new	tokio/src/runtime/time/mod.rs	Driver
tokio/src/runtime/time/mod.rs	new	tokio/src/runtime/time/mod.rs	InnerState
tokio/src/runtime/time/mod.rs	new	tokio/src/runtime/time/mod.rs	Traditional
tokio/src/runtime/time/mod.rs	new	tokio/src/runtime/time/mod.rs	new
tokio/src/runtime/time/mod.rs	new	tokio/src/runtime/time/source.rs	new
tokio/src/runtime/time/mod.rs	new_alt	tokio/src/runtime/time/handle.rs	Handle
tokio/src/runtime/time/mod.rs	new_alt	tokio/src/runtime/time/mod.rs	Alternative
tokio/src/runtime/time/mod.rs	new_alt	tokio/src/runtime/time/mod.rs	new
tokio/src/runtime/time/mod.rs	new_alt	tokio/src/runtime/time/source.rs	new
tokio/src/runtime/time/mod.rs	park	tokio/src/runtime/time/mod.rs	park_internal
tokio/src/runtime/time/mod.rs	park_internal	tokio/src/runtime/time/mod.rs	lock
tokio/src/runtime/time/mod.rs	park_internal	tokio/src/runtime/time/mod.rs	new
tokio/src/runtime/time/mod.rs	park_internal	tokio/src/runtime/time/mod.rs	process
tokio/src/runtime/time/mod.rs	park_internal	tokio/src/runtime/time/source.rs	tick_to_duration
tokio/src/runtime/time/mod.rs	park_timeout	tokio/src/runtime/time/mod.rs	park_internal
tokio/src/runtime/time/mod.rs	process	tokio/src/runtime/time/handle.rs	time_source
tokio/src/runtime/time/mod.rs	process	tokio/src/runtime/time/mod.rs	process_at_time
tokio/src/runtime/time/mod.rs	process_at_time	tokio/src/runtime/time/entry.rs	fire
tokio/src/runtime/time/mod.rs	process_at_time	tokio/src/runtime/time/mod.rs	lock
tokio/src/runtime/time/mod.rs	process_at_time	tokio/src/runtime/time/mod.rs	new
tokio/src/runtime/time/mod.rs	process_at_time	tokio/src/util/wake_list.rs	can_push
tokio/src/runtime/time/mod.rs	process_at_time	tokio/src/util/wake_list.rs	new
tokio/src/runtime/time/mod.rs	process_at_time_alt	tokio/src/runtime/time_alt/wheel/mod.rs	take_expired
tokio/src/runtime/time/mod.rs	reregister	tokio/src/runtime/time/entry.rs	fire
tokio/src/runtime/time/mod.rs	reregister	tokio/src/runtime/time/entry.rs	might_be_registered
tokio/src/runtime/time/mod.rs	reregister	tokio/src/runtime/time/entry.rs	set_expiration
tokio/src/runtime/time/mod.rs	reregister	tokio/src/runtime/time/mod.rs	lock
tokio/src/runtime/time/mod.rs	reregister	tokio/src/time/error.rs	shutdown
tokio/src/runtime/time/mod.rs	shutdown	tokio/src/runtime/time/mod.rs	is_shutdown
tokio/src/runtime/time/mod.rs	shutdown	tokio/src/runtime/time/mod.rs	process_at_time
tokio/src/runtime/time/mod.rs	shutdown_alt	tokio/src/runtime/time/mod.rs	process_at_time_alt
tokio/src/runtime/time/mod.rs	shutdown_alt	tokio/src/runtime/time_alt/wake_queue.rs	new
tokio/src/runtime/time/source.rs	deadline_to_tick	tokio/src/runtime/time/source.rs	instant_to_tick
tokio/src/runtime/time/source.rs	instant_to_tick	tokio/src/process/mod.rs	try_into
tokio/src/runtime/time/source.rs	instant_to_tick	tokio/src/time/instant.rs	saturating_duration_since
tokio/src/runtime/time/source.rs	now	tokio/src/runtime/time/source.rs	instant_to_tick
tokio/src/runtime/time/tests/mod.rs	block_on	tokio/src/runtime/builder.rs	new_current_thread
tokio/src/runtime/time/tests/mod.rs	block_on	tokio/src/runtime/time/tests/mod.rs	block_on
tokio/src/runtime/time/tests/mod.rs	change_waker	tokio/src/io/join.rs	join
tokio/src/runtime/time/tests/mod.rs	change_waker	tokio/src/runtime/runtime.rs	handle
tokio/src/runtime/time/tests/mod.rs	change_waker	tokio/src/runtime/time/entry.rs	init
tokio/src/runtime/time/tests/mod.rs	change_waker	tokio/src/runtime/time/entry.rs	new
tokio/src/runtime/time/tests/mod.rs	change_waker	tokio/src/runtime/time/handle.rs	time_source
tokio/src/runtime/time/tests/mod.rs	change_waker	tokio/src/runtime/time/mod.rs	process_at_time
tokio/src/runtime/time/tests/mod.rs	change_waker	tokio/src/runtime/time/tests/mod.rs	block_on
tokio/src/runtime/time/tests/mod.rs	change_waker	tokio/src/runtime/time/tests/mod.rs	model
tokio/src/runtime/time/tests/mod.rs	change_waker	tokio/src/runtime/time/tests/mod.rs	rt
tokio/src/runtime/time/tests/mod.rs	closure@1048	tokio/src/runtime/time/entry.rs	init
tokio/src/runtime/time/tests/mod.rs	closure@1048	tokio/src/runtime/time/entry.rs	new
tokio/src/runtime/time/tests/mod.rs	closure@1048	tokio/src/runtime/time/tests/mod.rs	block_on
tokio/src/runtime/time/tests/mod.rs	closure@1687	tokio/src/io/join.rs	join
tokio/src/runtime/time/tests/mod.rs	closure@1687	tokio/src/runtime/runtime.rs	handle
tokio/src/runtime/time/tests/mod.rs	closure@1687	tokio/src/runtime/time/handle.rs	time_source
tokio/src/runtime/time/tests/mod.rs	closure@1687	tokio/src/runtime/time/mod.rs	process_at_time
tokio/src/runtime/time/tests/mod.rs	closure@1687	tokio/src/runtime/time/tests/mod.rs	rt
tokio/src/runtime/time/tests/mod.rs	closure@1824	tokio/src/runtime/time/entry.rs	init
tokio/src/runtime/time/tests/mod.rs	closure@1824	tokio/src/runtime/time/entry.rs	new
tokio/src/runtime/time/tests/mod.rs	closure@2673	tokio/src/io/join.rs	join
tokio/src/runtime/time/tests/mod.rs	closure@2673	tokio/src/runtime/runtime.rs	handle
tokio/src/runtime/time/tests/mod.rs	closure@2673	tokio/src/runtime/time/handle.rs	time_source
tokio/src/runtime/time/tests/mod.rs	closure@2673	tokio/src/runtime/time/mod.rs	process_at_time
tokio/src/runtime/time/tests/mod.rs	closure@2673	tokio/src/runtime/time/tests/mod.rs	rt
tokio/src/runtime/time/tests/mod.rs	closure@2810	tokio/src/runtime/time/entry.rs	init
tokio/src/runtime/time/tests/mod.rs	closure@2810	tokio/src/runtime/time/entry.rs	new
tokio/src/runtime/time/tests/mod.rs	closure@2810	tokio/src/runtime/time/tests/mod.rs	block_on
tokio/src/runtime/time/tests/mod.rs	closure@3594	tokio/src/io/join.rs	join
tokio/src/runtime/time/tests/mod.rs	closure@3594	tokio/src/runtime/runtime.rs	handle
tokio/src/runtime/time/tests/mod.rs	closure@3594	tokio/src/runtime/time/handle.rs	time_source
tokio/src/runtime/time/tests/mod.rs	closure@3594	tokio/src/runtime/time/mod.rs	process_at_time
tokio/src/runtime/time/tests/mod.rs	closure@3594	tokio/src/runtime/time/source.rs	instant_to_tick
tokio/src/runtime/time/tests/mod.rs	closure@3594	tokio/src/runtime/time/tests/mod.rs	rt
tokio/src/runtime/time/tests/mod.rs	closure@3907	tokio/src/runtime/time/entry.rs	init
tokio/src/runtime/time/tests/mod.rs	closure@3907	tokio/src/runtime/time/entry.rs	new
tokio/src/runtime/time/tests/mod.rs	closure@3907	tokio/src/runtime/time/tests/mod.rs	block_on
tokio/src/runtime/time/tests/mod.rs	closure@911	tokio/src/io/join.rs	join
tokio/src/runtime/time/tests/mod.rs	closure@911	tokio/src/runtime/runtime.rs	handle
tokio/src/runtime/time/tests/mod.rs	closure@911	tokio/src/runtime/time/handle.rs	time_source
tokio/src/runtime/time/tests/mod.rs	closure@911	tokio/src/runtime/time/mod.rs	process_at_time
tokio/src/runtime/time/tests/mod.rs	closure@911	tokio/src/runtime/time/tests/mod.rs	rt
tokio/src/runtime/time/tests/mod.rs	drop_timer	tokio/src/io/join.rs	join
tokio/src/runtime/time/tests/mod.rs	drop_timer	tokio/src/runtime/runtime.rs	handle
tokio/src/runtime/time/tests/mod.rs	drop_timer	tokio/src/runtime/time/entry.rs	init
tokio/src/runtime/time/tests/mod.rs	drop_timer	tokio/src/runtime/time/entry.rs	new
tokio/src/runtime/time/tests/mod.rs	drop_timer	tokio/src/runtime/time/handle.rs	time_source
tokio/src/runtime/time/tests/mod.rs	drop_timer	tokio/src/runtime/time/mod.rs	process_at_time
tokio/src/runtime/time/tests/mod.rs	drop_timer	tokio/src/runtime/time/tests/mod.rs	model
tokio/src/runtime/time/tests/mod.rs	drop_timer	tokio/src/runtime/time/tests/mod.rs	rt
tokio/src/runtime/time/tests/mod.rs	instant_to_tick_max	tokio/src/runtime/runtime.rs	handle
tokio/src/runtime/time/tests/mod.rs	instant_to_tick_max	tokio/src/runtime/time/source.rs	start_time
tokio/src/runtime/time/tests/mod.rs	instant_to_tick_max	tokio/src/runtime/time/tests/mod.rs	rt
tokio/src/runtime/time/tests/mod.rs	poll_process_levels	tokio-stream/src/stream_map.rs	iter_mut
tokio/src/runtime/time/tests/mod.rs	poll_process_levels	tokio/src/runtime/runtime.rs	handle
tokio/src/runtime/time/tests/mod.rs	poll_process_levels	tokio/src/runtime/time/entry.rs	init
tokio/src/runtime/time/tests/mod.rs	poll_process_levels	tokio/src/runtime/time/entry.rs	new
tokio/src/runtime/time/tests/mod.rs	poll_process_levels	tokio/src/runtime/time/mod.rs	process_at_time
tokio/src/runtime/time/tests/mod.rs	poll_process_levels	tokio/src/runtime/time/tests/mod.rs	normal_or_miri
tokio/src/runtime/time/tests/mod.rs	poll_process_levels	tokio/src/runtime/time/tests/mod.rs	rt
tokio/src/runtime/time/tests/mod.rs	poll_process_levels_targeted	tokio/src/runtime/runtime.rs	handle
tokio/src/runtime/time/tests/mod.rs	poll_process_levels_targeted	tokio/src/runtime/time/entry.rs	init
tokio/src/runtime/time/tests/mod.rs	poll_process_levels_targeted	tokio/src/runtime/time/entry.rs	new
tokio/src/runtime/time/tests/mod.rs	poll_process_levels_targeted	tokio/src/runtime/time/mod.rs	process_at_time
tokio/src/runtime/time/tests/mod.rs	poll_process_levels_targeted	tokio/src/runtime/time/tests/mod.rs	rt
tokio/src/runtime/time/tests/mod.rs	reset_future	tokio/src/io/join.rs	join
tokio/src/runtime/time/tests/mod.rs	reset_future	tokio/src/runtime/runtime.rs	handle
tokio/src/runtime/time/tests/mod.rs	reset_future	tokio/src/runtime/time/entry.rs	init
tokio/src/runtime/time/tests/mod.rs	reset_future	tokio/src/runtime/time/entry.rs	new
tokio/src/runtime/time/tests/mod.rs	reset_future	tokio/src/runtime/time/handle.rs	time_source
tokio/src/runtime/time/tests/mod.rs	reset_future	tokio/src/runtime/time/mod.rs	process_at_time
tokio/src/runtime/time/tests/mod.rs	reset_future	tokio/src/runtime/time/source.rs	instant_to_tick
tokio/src/runtime/time/tests/mod.rs	reset_future	tokio/src/runtime/time/tests/mod.rs	block_on
tokio/src/runtime/time/tests/mod.rs	reset_future	tokio/src/runtime/time/tests/mod.rs	model
tokio/src/runtime/time/tests/mod.rs	reset_future	tokio/src/runtime/time/tests/mod.rs	rt
tokio/src/runtime/time/tests/mod.rs	rt	tokio/src/runtime/builder.rs	new_current_thread
tokio/src/runtime/time/tests/mod.rs	single_timer	tokio/src/io/join.rs	join
tokio/src/runtime/time/tests/mod.rs	single_timer	tokio/src/runtime/runtime.rs	handle
tokio/src/runtime/time/tests/mod.rs	single_timer	tokio/src/runtime/time/entry.rs	init
tokio/src/runtime/time/tests/mod.rs	single_timer	tokio/src/runtime/time/entry.rs	new
tokio/src/runtime/time/tests/mod.rs	single_timer	tokio/src/runtime/time/handle.rs	time_source
tokio/src/runtime/time/tests/mod.rs	single_timer	tokio/src/runtime/time/mod.rs	process_at_time
tokio/src/runtime/time/tests/mod.rs	single_timer	tokio/src/runtime/time/tests/mod.rs	block_on
tokio/src/runtime/time/tests/mod.rs	single_timer	tokio/src/runtime/time/tests/mod.rs	model
tokio/src/runtime/time/tests/mod.rs	single_timer	tokio/src/runtime/time/tests/mod.rs	rt
tokio/src/runtime/time/wheel/level.rs	add_entry	tokio/src/runtime/time/entry.rs	registered_when
tokio/src/runtime/time/wheel/level.rs	add_entry	tokio/src/runtime/time/wheel/level.rs	occupied_bit
tokio/src/runtime/time/wheel/level.rs	add_entry	tokio/src/runtime/time/wheel/level.rs	slot_for
tokio/src/runtime/time/wheel/level.rs	closure@1351	tokio/src/util/linked_list.rs	default
tokio/src/runtime/time/wheel/level.rs	new	tokio/src/runtime/time/wheel/level.rs	Level
tokio/src/runtime/time/wheel/level.rs	new	tokio/src/util/linked_list.rs	default
tokio/src/runtime/time/wheel/level.rs	next_expiration	tokio/src/runtime/time/wheel/level.rs	Expiration
tokio/src/runtime/time/wheel/level.rs	next_expiration	tokio/src/runtime/time/wheel/level.rs	level_range
tokio/src/runtime/time/wheel/level.rs	next_expiration	tokio/src/runtime/time/wheel/level.rs	slot_range
tokio/src/runtime/time/wheel/level.rs	next_occupied_slot	tokio/src/runtime/time/wheel/level.rs	slot_range
tokio/src/runtime/time/wheel/level.rs	remove_entry	tokio/src/runtime/time/entry.rs	registered_when
tokio/src/runtime/time/wheel/level.rs	remove_entry	tokio/src/runtime/time/wheel/level.rs	occupied_bit
tokio/src/runtime/time/wheel/level.rs	remove_entry	tokio/src/runtime/time/wheel/level.rs	slot_for
tokio/src/runtime/time/wheel/level.rs	remove_entry	tokio/src/runtime/time/wheel/mod.rs	remove
tokio/src/runtime/time/wheel/level.rs	take_slot	tokio/src/runtime/time/wheel/level.rs	occupied_bit
tokio/src/runtime/time/wheel/mod.rs	insert	tokio/src/runtime/time/entry.rs	sync_when
tokio/src/runtime/time/wheel/mod.rs	level_for	tokio/src/runtime/time/wheel/mod.rs	level_for
tokio/src/runtime/time/wheel/mod.rs	new	tokio/src/process/mod.rs	try_into
tokio/src/runtime/time/wheel/mod.rs	new	tokio/src/runtime/time/wheel/mod.rs	Wheel
tokio/src/runtime/time/wheel/mod.rs	new	tokio/src/util/linked_list.rs	new
tokio/src/runtime/time/wheel/mod.rs	next_expiration	tokio/src/runtime/time/wheel/level.rs	Expiration
tokio/src/runtime/time/wheel/mod.rs	next_expiration	tokio/src/runtime/time/wheel/mod.rs	next_expiration
tokio/src/runtime/time/wheel/mod.rs	next_expiration	tokio/src/util/linked_list.rs	is_empty
tokio/src/runtime/time/wheel/mod.rs	no_expirations_before	tokio/src/runtime/time/wheel/mod.rs	next_expiration
tokio/src/runtime/time/wheel/mod.rs	poll	tokio/src/util/linked_list.rs	pop_back
tokio/src/runtime/time/wheel/mod.rs	process_expiration	tokio/src/runtime/time/entry.rs	mark_pending
tokio/src/runtime/time/wheel/mod.rs	process_expiration	tokio/src/runtime/time/wheel/mod.rs	level_for
tokio/src/runtime/time/wheel/mod.rs	process_expiration	tokio/src/util/linked_list.rs	push_front
tokio/src/runtime/time/wheel/mod.rs	remove	tokio/src/runtime/time/entry.rs	registered_when
tokio/src/runtime/time/wheel/mod.rs	remove	tokio/src/util/linked_list.rs	remove
tokio/src/runtime/time_alt/cancellation_queue.rs	drop	tokio/src/runtime/time_alt/cancellation_queue.rs	drop
tokio/src/runtime/time_alt/cancellation_queue.rs	drop	tokio/src/util/linked_list.rs	pop_front
tokio/src/runtime/time_alt/cancellation_queue.rs	into_iter	tokio-stream/src/iter.rs	Iter
tokio/src/runtime/time_alt/cancellation_queue.rs	new	tokio/src/runtime/time_alt/cancellation_queue.rs	Receiver
tokio/src/runtime/time_alt/cancellation_queue.rs	new	tokio/src/runtime/time_alt/cancellation_queue.rs	Sender
tokio/src/runtime/time_alt/cancellation_queue.rs	new	tokio/src/runtime/time_alt/cancellation_queue.rs	new
tokio/src/runtime/time_alt/cancellation_queue.rs	new	tokio/src/util/linked_list.rs	new
tokio/src/runtime/time_alt/cancellation_queue.rs	push_front	tokio/src/util/linked_list.rs	push_front
tokio/src/runtime/time_alt/cancellation_queue.rs	recv_all	tokio/src/runtime/time_alt/cancellation_queue.rs	into_iter
tokio/src/runtime/time_alt/cancellation_queue.rs	send	tokio/src/runtime/time_alt/cancellation_queue.rs	push_front
tokio/src/runtime/time_alt/cancellation_queue/tests.rs	closure@1160	tokio/src/runtime/time_alt/cancellation_queue.rs	send
tokio/src/runtime/time_alt/cancellation_queue/tests.rs	closure@1160	tokio/src/runtime/time_alt/cancellation_queue/tests.rs	new_handle
tokio/src/runtime/time_alt/cancellation_queue/tests.rs	closure@1554	tokio/src/io/join.rs	join
tokio/src/runtime/time_alt/cancellation_queue/tests.rs	closure@1870	tokio/src/runtime/time_alt/cancellation_queue.rs	drop
tokio/src/runtime/time_alt/cancellation_queue/tests.rs	closure@1870	tokio/src/runtime/time_alt/cancellation_queue.rs	new
tokio/src/runtime/time_alt/cancellation_queue/tests.rs	closure@1870	tokio/src/runtime/time_alt/cancellation_queue.rs	recv_all
tokio/src/runtime/time_alt/cancellation_queue/tests.rs	closure@1870	tokio/src/runtime/time_alt/cancellation_queue.rs	send
tokio/src/runtime/time_alt/cancellation_queue/tests.rs	closure@1948	tokio/src/runtime/time_alt/cancellation_queue/tests.rs	new_handle
tokio/src/runtime/time_alt/cancellation_queue/tests.rs	closure@327	tokio/src/runtime/time_alt/cancellation_queue.rs	new
tokio/src/runtime/time_alt/cancellation_queue/tests.rs	closure@327	tokio/src/runtime/time_alt/cancellation_queue.rs	send
tokio/src/runtime/time_alt/cancellation_queue/tests.rs	closure@327	tokio/src/runtime/time_alt/cancellation_queue/tests.rs	new_handle
tokio/src/runtime/time_alt/cancellation_queue/tests.rs	closure@897	tokio/src/loom/std/atomic_usize.rs	new
tokio/src/runtime/time_alt/cancellation_queue/tests.rs	closure@897	tokio/src/runtime/time_alt/cancellation_queue.rs	into_iter
tokio/src/runtime/time_alt/cancellation_queue/tests.rs	closure@897	tokio/src/runtime/time_alt/cancellation_queue.rs	new
tokio/src/runtime/time_alt/cancellation_queue/tests.rs	closure@897	tokio/src/runtime/time_alt/cancellation_queue.rs	recv_all
tokio/src/runtime/time_alt/cancellation_queue/tests.rs	drop_iter_should_not_leak_memory	tokio/src/runtime/time_alt/cancellation_queue.rs	drop
tokio/src/runtime/time_alt/cancellation_queue/tests.rs	drop_iter_should_not_leak_memory	tokio/src/runtime/time_alt/cancellation_queue.rs	new
tokio/src/runtime/time_alt/cancellation_queue/tests.rs	drop_iter_should_not_leak_memory	tokio/src/runtime/time_alt/cancellation_queue.rs	recv_all
tokio/src/runtime/time_alt/cancellation_queue/tests.rs	drop_iter_should_not_leak_memory	tokio/src/runtime/time_alt/cancellation_queue.rs	send
tokio/src/runtime/time_alt/cancellation_queue/tests.rs	drop_iter_should_not_leak_memory	tokio/src/runtime/time_alt/cancellation_queue/tests.rs	model
tokio/src/runtime/time_alt/cancellation_queue/tests.rs	drop_iter_should_not_leak_memory	tokio/src/runtime/time_alt/cancellation_queue/tests.rs	new_handle
tokio/src/runtime/time_alt/cancellation_queue/tests.rs	multi_thread	tokio/src/io/join.rs	join
tokio/src/runtime/time_alt/cancellation_queue/tests.rs	multi_thread	tokio/src/loom/std/atomic_usize.rs	new
tokio/src/runtime/time_alt/cancellation_queue/tests.rs	multi_thread	tokio/src/runtime/time_alt/cancellation_queue.rs	into_iter
tokio/src/runtime/time_alt/cancellation_queue/tests.rs	multi_thread	tokio/src/runtime/time_alt/cancellation_queue.rs	new
tokio/src/runtime/time_alt/cancellation_queue/tests.rs	multi_thread	tokio/src/runtime/time_alt/cancellation_queue.rs	recv_all
tokio/src/runtime/time_alt/cancellation_queue/tests.rs	multi_thread	tokio/src/runtime/time_alt/cancellation_queue.rs	send
tokio/src/runtime/time_alt/cancellation_queue/tests.rs	multi_thread	tokio/src/runtime/time_alt/cancellation_queue/tests.rs	model
tokio/src/runtime/time_alt/cancellation_queue/tests.rs	multi_thread	tokio/src/runtime/time_alt/cancellation_queue/tests.rs	new_handle
tokio/src/runtime/time_alt/cancellation_queue/tests.rs	new_handle	tokio/src/runtime/time_alt/cancellation_queue.rs	new
tokio/src/runtime/time_alt/cancellation_queue/tests.rs	single_thread	tokio/src/runtime/time_alt/cancellation_queue.rs	new
tokio/src/runtime/time_alt/cancellation_queue/tests.rs	single_thread	tokio/src/runtime/time_alt/cancellation_queue.rs	send
tokio/src/runtime/time_alt/cancellation_queue/tests.rs	single_thread	tokio/src/runtime/time_alt/cancellation_queue/tests.rs	model
tokio/src/runtime/time_alt/cancellation_queue/tests.rs	single_thread	tokio/src/runtime/time_alt/cancellation_queue/tests.rs	new_handle
tokio/src/runtime/time_alt/context.rs	new	tokio/src/runtime/time_alt/cancellation_queue.rs	new
tokio/src/runtime/time_alt/context.rs	new	tokio/src/runtime/time_alt/context.rs	new
tokio/src/runtime/time_alt/context.rs	new	tokio/src/runtime/time_alt/registration_queue.rs	new
tokio/src/runtime/time_alt/context.rs	new_running	tokio/src/runtime/time_alt/context.rs	Running
tokio/src/runtime/time_alt/entry.rs	from_raw	tokio/src/runtime/io/registration_set.rs	from_raw
tokio/src/runtime/time_alt/entry.rs	from_raw	tokio/src/runtime/time_alt/entry.rs	Handle
tokio/src/runtime/time_alt/entry.rs	new	tokio/src/runtime/time_alt/entry.rs	Entry
tokio/src/runtime/time_alt/entry.rs	new	tokio/src/runtime/time_alt/entry.rs	Handle
tokio/src/runtime/time_alt/entry.rs	new	tokio/src/runtime/time_alt/entry.rs	new
tokio/src/runtime/time_alt/entry.rs	new	tokio/src/util/linked_list.rs	new
tokio/src/runtime/time_alt/entry.rs	poll	tokio/src/io/ready.rs	Ready
tokio/src/runtime/time_alt/entry.rs	poll	tokio/src/util/rc_cell.rs	replace
tokio/src/runtime/time_alt/entry.rs	register_cancel_tx	tokio/src/util/rc_cell.rs	replace
tokio/src/runtime/time_alt/entry.rs	wake	tokio/src/runtime/time_alt/entry.rs	wake
tokio/src/runtime/time_alt/registration_queue.rs	drop	tokio/src/runtime/time_alt/registration_queue.rs	drop
tokio/src/runtime/time_alt/registration_queue.rs	drop	tokio/src/util/linked_list.rs	pop_front
tokio/src/runtime/time_alt/registration_queue.rs	new	tokio/src/util/linked_list.rs	new
tokio/src/runtime/time_alt/registration_queue.rs	pop_front	tokio/src/util/linked_list.rs	pop_front
tokio/src/runtime/time_alt/registration_queue.rs	push_front	tokio/src/util/linked_list.rs	push_front
tokio/src/runtime/time_alt/registration_queue/tests.rs	closure@320	tokio/src/runtime/time_alt/registration_queue.rs	new
tokio/src/runtime/time_alt/registration_queue/tests.rs	closure@320	tokio/src/runtime/time_alt/registration_queue.rs	push_front
tokio/src/runtime/time_alt/registration_queue/tests.rs	closure@320	tokio/src/runtime/time_alt/registration_queue/tests.rs	new_handle
tokio/src/runtime/time_alt/registration_queue/tests.rs	closure@702	tokio/src/runtime/time_alt/registration_queue.rs	drop
tokio/src/runtime/time_alt/registration_queue/tests.rs	closure@702	tokio/src/runtime/time_alt/registration_queue.rs	new
tokio/src/runtime/time_alt/registration_queue/tests.rs	closure@702	tokio/src/runtime/time_alt/registration_queue.rs	push_front
tokio/src/runtime/time_alt/registration_queue/tests.rs	closure@796	tokio/src/runtime/time_alt/registration_queue/tests.rs	new_handle
tokio/src/runtime/time_alt/registration_queue/tests.rs	drop_should_not_leak_memory	tokio/src/runtime/time_alt/registration_queue.rs	drop
tokio/src/runtime/time_alt/registration_queue/tests.rs	drop_should_not_leak_memory	tokio/src/runtime/time_alt/registration_queue.rs	new
tokio/src/runtime/time_alt/registration_queue/tests.rs	drop_should_not_leak_memory	tokio/src/runtime/time_alt/registration_queue.rs	push_front
tokio/src/runtime/time_alt/registration_queue/tests.rs	drop_should_not_leak_memory	tokio/src/runtime/time_alt/registration_queue/tests.rs	model
tokio/src/runtime/time_alt/registration_queue/tests.rs	drop_should_not_leak_memory	tokio/src/runtime/time_alt/registration_queue/tests.rs	new_handle
tokio/src/runtime/time_alt/registration_queue/tests.rs	new_handle	tokio/src/runtime/time_alt/registration_queue.rs	new
tokio/src/runtime/time_alt/registration_queue/tests.rs	sanity	tokio/src/runtime/time_alt/registration_queue.rs	new
tokio/src/runtime/time_alt/registration_queue/tests.rs	sanity	tokio/src/runtime/time_alt/registration_queue.rs	push_front
tokio/src/runtime/time_alt/registration_queue/tests.rs	sanity	tokio/src/runtime/time_alt/registration_queue/tests.rs	model
tokio/src/runtime/time_alt/registration_queue/tests.rs	sanity	tokio/src/runtime/time_alt/registration_queue/tests.rs	new_handle
tokio/src/runtime/time_alt/tests.rs	cancel_in_the_different_thread	tokio/src/io/join.rs	join
tokio/src/runtime/time_alt/tests.rs	cancel_in_the_different_thread	tokio/src/runtime/time_alt/cancellation_queue.rs	new
tokio/src/runtime/time_alt/tests.rs	cancel_in_the_different_thread	tokio/src/runtime/time_alt/cancellation_queue.rs	recv_all
tokio/src/runtime/time_alt/tests.rs	cancel_in_the_different_thread	tokio/src/runtime/time_alt/registration_queue.rs	new
tokio/src/runtime/time_alt/tests.rs	cancel_in_the_different_thread	tokio/src/runtime/time_alt/tests.rs	model
tokio/src/runtime/time_alt/tests.rs	cancel_in_the_different_thread	tokio/src/runtime/time_alt/tests.rs	new_handle
tokio/src/runtime/time_alt/tests.rs	cancel_in_the_different_thread	tokio/src/runtime/time_alt/wake_queue.rs	new
tokio/src/runtime/time_alt/tests.rs	cancel_in_the_same_thread	tokio/src/runtime/time_alt/cancellation_queue.rs	new
tokio/src/runtime/time_alt/tests.rs	cancel_in_the_same_thread	tokio/src/runtime/time_alt/cancellation_queue.rs	recv_all
tokio/src/runtime/time_alt/tests.rs	cancel_in_the_same_thread	tokio/src/runtime/time_alt/registration_queue.rs	new
tokio/src/runtime/time_alt/tests.rs	cancel_in_the_same_thread	tokio/src/runtime/time_alt/tests.rs	model
tokio/src/runtime/time_alt/tests.rs	cancel_in_the_same_thread	tokio/src/runtime/time_alt/tests.rs	new_handle
tokio/src/runtime/time_alt/tests.rs	cancel_in_the_same_thread	tokio/src/runtime/time_alt/wake_queue.rs	new
tokio/src/runtime/time_alt/tests.rs	cancel_races_with_insert	tokio/src/io/join.rs	join
tokio/src/runtime/time_alt/tests.rs	cancel_races_with_insert	tokio/src/runtime/time_alt/cancellation_queue.rs	new
tokio/src/runtime/time_alt/tests.rs	cancel_races_with_insert	tokio/src/runtime/time_alt/cancellation_queue.rs	recv_all
tokio/src/runtime/time_alt/tests.rs	cancel_races_with_insert	tokio/src/runtime/time_alt/tests.rs	model
tokio/src/runtime/time_alt/tests.rs	cancel_races_with_insert	tokio/src/runtime/time_alt/tests.rs	new_handle_with_deadline
tokio/src/runtime/time_alt/tests.rs	cancel_races_with_insert	tokio/src/runtime/time_alt/wake_queue.rs	new
tokio/src/runtime/time_alt/tests.rs	cancel_races_with_insert	tokio/src/runtime/time_alt/wheel/mod.rs	take_expired
tokio/src/runtime/time_alt/tests.rs	closure@1457	tokio/src/runtime/time_alt/cancellation_queue.rs	new
tokio/src/runtime/time_alt/tests.rs	closure@1457	tokio/src/runtime/time_alt/cancellation_queue.rs	recv_all
tokio/src/runtime/time_alt/tests.rs	closure@1457	tokio/src/runtime/time_alt/registration_queue.rs	new
tokio/src/runtime/time_alt/tests.rs	closure@1457	tokio/src/runtime/time_alt/tests.rs	new_handle
tokio/src/runtime/time_alt/tests.rs	closure@1457	tokio/src/runtime/time_alt/wake_queue.rs	new
tokio/src/runtime/time_alt/tests.rs	closure@2407	tokio/src/runtime/time_alt/cancellation_queue.rs	new
tokio/src/runtime/time_alt/tests.rs	closure@2407	tokio/src/runtime/time_alt/tests.rs	new_handle_with_deadline
tokio/src/runtime/time_alt/tests.rs	closure@2407	tokio/src/runtime/time_alt/wake_queue.rs	new
tokio/src/runtime/time_alt/tests.rs	closure@2407	tokio/src/runtime/time_alt/wheel/mod.rs	take_expired
tokio/src/runtime/time_alt/tests.rs	closure@3779	tokio/src/io/join.rs	join
tokio/src/runtime/time_alt/tests.rs	closure@3779	tokio/src/runtime/time_alt/cancellation_queue.rs	new
tokio/src/runtime/time_alt/tests.rs	closure@3779	tokio/src/runtime/time_alt/cancellation_queue.rs	recv_all
tokio/src/runtime/time_alt/tests.rs	closure@3779	tokio/src/runtime/time_alt/tests.rs	new_handle_with_deadline
tokio/src/runtime/time_alt/tests.rs	closure@3779	tokio/src/runtime/time_alt/wake_queue.rs	new
tokio/src/runtime/time_alt/tests.rs	closure@3779	tokio/src/runtime/time_alt/wheel/mod.rs	take_expired
tokio/src/runtime/time_alt/tests.rs	closure@5922	tokio/src/io/join.rs	join
tokio/src/runtime/time_alt/tests.rs	closure@5922	tokio/src/runtime/time_alt/registration_queue.rs	new
tokio/src/runtime/time_alt/tests.rs	closure@5922	tokio/src/runtime/time_alt/tests.rs	new_handle
tokio/src/runtime/time_alt/tests.rs	closure@6364	tokio/src/runtime/time_alt/wake_queue.rs	new
tokio/src/runtime/time_alt/tests.rs	closure@6920	tokio/src/io/join.rs	join
tokio/src/runtime/time_alt/tests.rs	closure@6920	tokio/src/runtime/time_alt/cancellation_queue.rs	new
tokio/src/runtime/time_alt/tests.rs	closure@6920	tokio/src/runtime/time_alt/cancellation_queue.rs	recv_all
tokio/src/runtime/time_alt/tests.rs	closure@6920	tokio/src/runtime/time_alt/registration_queue.rs	new
tokio/src/runtime/time_alt/tests.rs	closure@6920	tokio/src/runtime/time_alt/tests.rs	new_handle
tokio/src/runtime/time_alt/tests.rs	closure@6920	tokio/src/runtime/time_alt/wake_queue.rs	new
tokio/src/runtime/time_alt/tests.rs	closure@709	tokio/src/runtime/time_alt/registration_queue.rs	new
tokio/src/runtime/time_alt/tests.rs	closure@709	tokio/src/runtime/time_alt/tests.rs	new_handle
tokio/src/runtime/time_alt/tests.rs	closure@709	tokio/src/runtime/time_alt/wake_queue.rs	new
tokio/src/runtime/time_alt/tests.rs	insert_of_already_cancelled_entry_does_not_enter_wheel	tokio/src/runtime/time_alt/cancellation_queue.rs	new
tokio/src/runtime/time_alt/tests.rs	insert_of_already_cancelled_entry_does_not_enter_wheel	tokio/src/runtime/time_alt/tests.rs	model
tokio/src/runtime/time_alt/tests.rs	insert_of_already_cancelled_entry_does_not_enter_wheel	tokio/src/runtime/time_alt/tests.rs	new_handle_with_deadline
tokio/src/runtime/time_alt/tests.rs	insert_of_already_cancelled_entry_does_not_enter_wheel	tokio/src/runtime/time_alt/wake_queue.rs	new
tokio/src/runtime/time_alt/tests.rs	insert_of_already_cancelled_entry_does_not_enter_wheel	tokio/src/runtime/time_alt/wheel/mod.rs	take_expired
tokio/src/runtime/time_alt/tests.rs	new_handle	tokio/src/runtime/time_alt/tests.rs	new_handle_with_deadline
tokio/src/runtime/time_alt/tests.rs	wake_up_in_the_different_thread	tokio/src/io/join.rs	join
tokio/src/runtime/time_alt/tests.rs	wake_up_in_the_different_thread	tokio/src/runtime/time_alt/registration_queue.rs	new
tokio/src/runtime/time_alt/tests.rs	wake_up_in_the_different_thread	tokio/src/runtime/time_alt/tests.rs	model
tokio/src/runtime/time_alt/tests.rs	wake_up_in_the_different_thread	tokio/src/runtime/time_alt/tests.rs	new_handle
tokio/src/runtime/time_alt/tests.rs	wake_up_in_the_different_thread	tokio/src/runtime/time_alt/wake_queue.rs	new
tokio/src/runtime/time_alt/tests.rs	wake_up_in_the_same_thread	tokio/src/runtime/time_alt/registration_queue.rs	new
tokio/src/runtime/time_alt/tests.rs	wake_up_in_the_same_thread	tokio/src/runtime/time_alt/tests.rs	model
tokio/src/runtime/time_alt/tests.rs	wake_up_in_the_same_thread	tokio/src/runtime/time_alt/tests.rs	new_handle
tokio/src/runtime/time_alt/tests.rs	wake_up_in_the_same_thread	tokio/src/runtime/time_alt/wake_queue.rs	new
tokio/src/runtime/time_alt/timer.rs	closure@3548	tokio/src/runtime/scheduler/multi_thread/worker.rs	with_time_temp_local_context
tokio/src/runtime/time_alt/timer.rs	closure@826	tokio/src/runtime/time_alt/timer.rs	new
tokio/src/runtime/time_alt/timer.rs	closure@826	tokio/src/runtime/time_alt/timer.rs	push_from_remote
tokio/src/runtime/time_alt/timer.rs	deadline_to_tick	tokio/src/runtime/scheduler/mod.rs	driver
tokio/src/runtime/time_alt/timer.rs	deadline_to_tick	tokio/src/runtime/time/handle.rs	time_source
tokio/src/runtime/time_alt/timer.rs	deadline_to_tick	tokio/src/runtime/time_alt/timer.rs	deadline_to_tick
tokio/src/runtime/time_alt/timer.rs	new	tokio/src/runtime/time_alt/timer.rs	Timer
tokio/src/runtime/time_alt/timer.rs	new	tokio/src/runtime/time_alt/timer.rs	deadline_to_tick
tokio/src/runtime/time_alt/timer.rs	new	tokio/src/runtime/time_alt/timer.rs	new
tokio/src/runtime/time_alt/timer.rs	new	tokio/src/runtime/time_alt/timer.rs	push_from_remote
tokio/src/runtime/time_alt/timer.rs	new	tokio/src/runtime/time_alt/timer.rs	with_current_temp_local_context
tokio/src/runtime/time_alt/timer.rs	push_from_remote	tokio/src/runtime/scheduler/multi_thread/worker.rs	push_remote_timer
tokio/src/runtime/time_alt/timer.rs	with_current_temp_local_context	tokio/src/runtime/scheduler/multi_thread/worker.rs	with_time_temp_local_context
tokio/src/runtime/time_alt/wake_queue.rs	drop	tokio/src/runtime/time_alt/wake_queue.rs	drop
tokio/src/runtime/time_alt/wake_queue.rs	drop	tokio/src/util/linked_list.rs	pop_front
tokio/src/runtime/time_alt/wake_queue.rs	is_empty	tokio/src/util/linked_list.rs	is_empty
tokio/src/runtime/time_alt/wake_queue.rs	new	tokio/src/util/linked_list.rs	new
tokio/src/runtime/time_alt/wake_queue.rs	push_front	tokio/src/util/linked_list.rs	push_front
tokio/src/runtime/time_alt/wake_queue.rs	wake_all	tokio/src/util/linked_list.rs	pop_front
tokio/src/runtime/time_alt/wake_queue/tests.rs	closure@1010	tokio/src/runtime/time_alt/wake_queue.rs	drop
tokio/src/runtime/time_alt/wake_queue/tests.rs	closure@1010	tokio/src/runtime/time_alt/wake_queue.rs	new
tokio/src/runtime/time_alt/wake_queue/tests.rs	closure@1010	tokio/src/runtime/time_alt/wake_queue.rs	push_front
tokio/src/runtime/time_alt/wake_queue/tests.rs	closure@1010	tokio/src/runtime/time_alt/wake_queue/tests.rs	new_handle
tokio/src/runtime/time_alt/wake_queue/tests.rs	closure@547	tokio/src/runtime/time_alt/wake_queue.rs	new
tokio/src/runtime/time_alt/wake_queue/tests.rs	closure@547	tokio/src/runtime/time_alt/wake_queue.rs	push_front
tokio/src/runtime/time_alt/wake_queue/tests.rs	closure@547	tokio/src/runtime/time_alt/wake_queue.rs	wake_all
tokio/src/runtime/time_alt/wake_queue/tests.rs	closure@547	tokio/src/runtime/time_alt/wake_queue/tests.rs	new_handle
tokio/src/runtime/time_alt/wake_queue/tests.rs	drop_should_not_leak_memory	tokio/src/runtime/time_alt/wake_queue.rs	drop
tokio/src/runtime/time_alt/wake_queue/tests.rs	drop_should_not_leak_memory	tokio/src/runtime/time_alt/wake_queue.rs	new
tokio/src/runtime/time_alt/wake_queue/tests.rs	drop_should_not_leak_memory	tokio/src/runtime/time_alt/wake_queue.rs	push_front
tokio/src/runtime/time_alt/wake_queue/tests.rs	drop_should_not_leak_memory	tokio/src/runtime/time_alt/wake_queue/tests.rs	model
tokio/src/runtime/time_alt/wake_queue/tests.rs	drop_should_not_leak_memory	tokio/src/runtime/time_alt/wake_queue/tests.rs	new_handle
tokio/src/runtime/time_alt/wake_queue/tests.rs	new_handle	tokio/src/runtime/time_alt/wake_queue.rs	new
tokio/src/runtime/time_alt/wake_queue/tests.rs	sanity	tokio/src/runtime/time_alt/wake_queue.rs	new
tokio/src/runtime/time_alt/wake_queue/tests.rs	sanity	tokio/src/runtime/time_alt/wake_queue.rs	push_front
tokio/src/runtime/time_alt/wake_queue/tests.rs	sanity	tokio/src/runtime/time_alt/wake_queue.rs	wake_all
tokio/src/runtime/time_alt/wake_queue/tests.rs	sanity	tokio/src/runtime/time_alt/wake_queue/tests.rs	model
tokio/src/runtime/time_alt/wake_queue/tests.rs	sanity	tokio/src/runtime/time_alt/wake_queue/tests.rs	new_handle
tokio/src/runtime/time_alt/wheel/level.rs	add_entry	tokio/src/runtime/time_alt/wheel/level.rs	occupied_bit
tokio/src/runtime/time_alt/wheel/level.rs	add_entry	tokio/src/runtime/time_alt/wheel/level.rs	slot_for
tokio/src/runtime/time_alt/wheel/level.rs	closure@1333	tokio/src/util/linked_list.rs	default
tokio/src/runtime/time_alt/wheel/level.rs	new	tokio/src/runtime/time_alt/wheel/level.rs	Level
tokio/src/runtime/time_alt/wheel/level.rs	new	tokio/src/util/linked_list.rs	default
tokio/src/runtime/time_alt/wheel/level.rs	next_expiration	tokio/src/runtime/time_alt/wheel/level.rs	Expiration
tokio/src/runtime/time_alt/wheel/level.rs	next_expiration	tokio/src/runtime/time_alt/wheel/level.rs	level_range
tokio/src/runtime/time_alt/wheel/level.rs	next_expiration	tokio/src/runtime/time_alt/wheel/level.rs	slot_range
tokio/src/runtime/time_alt/wheel/level.rs	next_occupied_slot	tokio/src/runtime/time_alt/wheel/level.rs	slot_range
tokio/src/runtime/time_alt/wheel/level.rs	remove_entry	tokio/src/runtime/time_alt/entry.rs	from
tokio/src/runtime/time_alt/wheel/level.rs	remove_entry	tokio/src/runtime/time_alt/wheel/level.rs	occupied_bit
tokio/src/runtime/time_alt/wheel/level.rs	remove_entry	tokio/src/runtime/time_alt/wheel/level.rs	slot_for
tokio/src/runtime/time_alt/wheel/level.rs	remove_entry	tokio/src/runtime/time_alt/wheel/mod.rs	remove
tokio/src/runtime/time_alt/wheel/level.rs	take_slot	tokio/src/runtime/time_alt/wheel/level.rs	occupied_bit
tokio/src/runtime/time_alt/wheel/mod.rs	closure@3801	tokio/src/runtime/time_alt/wheel/mod.rs	next_expiration
tokio/src/runtime/time_alt/wheel/mod.rs	closure@4617	tokio/src/runtime/time_alt/wheel/mod.rs	next_expiration
tokio/src/runtime/time_alt/wheel/mod.rs	level_for	tokio/src/runtime/time_alt/wheel/mod.rs	level_for
tokio/src/runtime/time_alt/wheel/mod.rs	new	tokio/src/process/mod.rs	try_into
tokio/src/runtime/time_alt/wheel/mod.rs	new	tokio/src/runtime/time_alt/wheel/mod.rs	Wheel
tokio/src/runtime/time_alt/wheel/mod.rs	next_expiration	tokio/src/runtime/time_alt/wheel/mod.rs	next_expiration
tokio/src/runtime/time_alt/wheel/mod.rs	no_expirations_before	tokio-stream/src/stream_ext.rs	all
tokio/src/runtime/time_alt/wheel/mod.rs	no_expirations_before	tokio/src/runtime/time_alt/wheel/mod.rs	next_expiration
tokio/src/runtime/time_alt/wheel/mod.rs	process_expiration	tokio/src/runtime/time_alt/wake_queue.rs	push_front
tokio/src/runtime/time_alt/wheel/mod.rs	process_expiration	tokio/src/runtime/time_alt/wheel/mod.rs	level_for
tokio/src/runtime/time_alt/wheel/mod.rs	take_expired	tokio-stream/src/stream_ext.rs	filter
tokio/src/signal/ctrl_c.rs	ctrl_c	tokio/src/signal/unix.rs	ctrl_c
tokio/src/signal/mod.rs	closure@1949	tokio/src/signal/mod.rs	poll_recv
tokio/src/signal/mod.rs	closure@2109	tokio/src/signal/mod.rs	make_future
tokio/src/signal/mod.rs	make_future	tokio/src/sync/watch.rs	changed
tokio/src/signal/mod.rs	new	tokio/src/signal/mod.rs	make_future
tokio/src/signal/mod.rs	new	tokio/src/signal/mod.rs	new
tokio/src/signal/mod.rs	poll_recv	tokio/src/signal/mod.rs	make_future
tokio/src/signal/mod.rs	recv	tokio/src/signal/mod.rs	poll_recv
tokio/src/signal/registry.rs	broadcast	tokio/src/signal/registry.rs	broadcast
tokio/src/signal/registry.rs	broadcast	tokio/src/util/atomic_cell.rs	swap
tokio/src/signal/registry.rs	broadcast_returns_if_at_least_one_event_fired	tokio/src/signal/registry.rs	new
tokio/src/signal/registry.rs	broadcast_returns_if_at_least_one_event_fired	tokio/src/signal/registry.rs	record_event
tokio/src/signal/registry.rs	broadcast_returns_if_at_least_one_event_fired	tokio/src/signal/registry.rs	register_listener
tokio/src/signal/registry.rs	closure@2502	tokio/src/util/atomic_cell.rs	swap
tokio/src/signal/registry.rs	collect	tokio/src/sync/watch.rs	changed
tokio/src/signal/registry.rs	default	tokio/src/signal/registry.rs	new
tokio/src/signal/registry.rs	default	tokio/src/sync/watch.rs	channel
tokio/src/signal/registry.rs	for_each	tokio/src/signal/registry.rs	for_each
tokio/src/signal/registry.rs	globals	tokio/src/signal/registry.rs	new
tokio/src/signal/registry.rs	globals	tokio/src/sync/once_cell.rs	get_or_init
tokio/src/signal/registry.rs	globals_init	tokio/src/signal/registry.rs	Globals
tokio/src/signal/registry.rs	globals_init	tokio/src/signal/registry.rs	new
tokio/src/signal/registry.rs	globals_init	tokio/src/signal/unix.rs	default
tokio/src/signal/registry.rs	record_event	tokio/src/signal/registry.rs	record_event
tokio/src/signal/registry.rs	record_invalid_event_does_nothing	tokio/src/signal/registry.rs	new
tokio/src/signal/registry.rs	record_invalid_event_does_nothing	tokio/src/signal/registry.rs	record_event
tokio/src/signal/registry.rs	register_listener	tokio/src/signal/registry.rs	register_listener
tokio/src/signal/registry.rs	register_panics_on_invalid_input	tokio/src/signal/registry.rs	new
tokio/src/signal/registry.rs	register_panics_on_invalid_input	tokio/src/signal/registry.rs	register_listener
tokio/src/signal/registry.rs	rt	tokio/src/runtime/builder.rs	new_current_thread
tokio/src/signal/registry.rs	smoke	tokio/src/runtime/runtime.rs	block_on
tokio/src/signal/registry.rs	smoke	tokio/src/signal/registry.rs	broadcast
tokio/src/signal/registry.rs	smoke	tokio/src/signal/registry.rs	collect
tokio/src/signal/registry.rs	smoke	tokio/src/signal/registry.rs	new
tokio/src/signal/registry.rs	smoke	tokio/src/signal/registry.rs	record_event
tokio/src/signal/registry.rs	smoke	tokio/src/signal/registry.rs	register_listener
tokio/src/signal/registry.rs	smoke	tokio/src/signal/registry.rs	rt
tokio/src/signal/registry.rs	smoke	tokio/src/sync/oneshot.rs	channel
tokio/src/signal/reusable_box.rs	drop	tokio/src/signal/reusable_box.rs	drop
tokio/src/signal/reusable_box.rs	new	tokio/src/signal/reusable_box.rs	new
tokio/src/signal/reusable_box.rs	poll	tokio/src/io/ready.rs	Ready
tokio/src/signal/reusable_box.rs	poll	tokio/src/signal/reusable_box.rs	get_pin
tokio/src/signal/reusable_box.rs	poll	tokio/src/signal/reusable_box.rs	poll
tokio/src/signal/reusable_box.rs	set	tokio/src/signal/reusable_box.rs	new
tokio/src/signal/reusable_box.rs	test_different_futures	tokio/src/signal/reusable_box.rs	new
tokio/src/signal/reusable_box.rs	test_different_sizes	tokio/src/signal/reusable_box.rs	ZeroSizedFuture
tokio/src/signal/reusable_box.rs	test_different_sizes	tokio/src/signal/reusable_box.rs	new
tokio/src/signal/reusable_box.rs	test_zero_sized	tokio/src/signal/reusable_box.rs	ZeroSizedFuture
tokio/src/signal/reusable_box.rs	test_zero_sized	tokio/src/signal/reusable_box.rs	new
tokio/src/signal/reusable_box.rs	try_set	tokio/src/signal/reusable_box.rs	new
tokio/src/signal/reusable_box.rs	try_set	tokio/src/signal/reusable_box.rs	set_same_layout
tokio/src/signal/unix.rs	action	tokio/src/signal/registry.rs	record_event
tokio/src/signal/unix.rs	closure@1170	tokio/src/signal/unix.rs	default
tokio/src/signal/unix.rs	closure@9219	tokio/src/signal/unix.rs	action
tokio/src/signal/unix.rs	closure@9407	tokio/src/signal/mod.rs	new
tokio/src/signal/unix.rs	ctrl_c	tokio/src/signal/unix.rs	interrupt
tokio/src/signal/unix.rs	ctrl_c	tokio/src/signal/unix.rs	signal
tokio/src/signal/unix.rs	default	tokio/src/net/unix/stream.rs	pair
tokio/src/signal/unix.rs	default	tokio/src/signal/unix.rs	default
tokio/src/signal/unix.rs	event_info	tokio/src/signal/unix.rs	get
tokio/src/signal/unix.rs	for_each	tokio/src/signal/unix.rs	for_each
tokio/src/signal/unix.rs	from	tokio/src/signal/unix.rs	as_raw_value
tokio/src/signal/unix.rs	from	tokio/src/signal/unix.rs	from_raw
tokio/src/signal/unix.rs	get	tokio/src/signal/unix.rs	get
tokio/src/signal/unix.rs	into_c_int	tokio/src/signal/unix.rs	interrupt
tokio/src/signal/unix.rs	poll_recv	tokio/src/signal/mod.rs	poll_recv
tokio/src/signal/unix.rs	poll_recv	tokio/src/signal/unix.rs	poll_recv
tokio/src/signal/unix.rs	recv	tokio/src/signal/mod.rs	recv
tokio/src/signal/unix.rs	signal	tokio/src/runtime/handle.rs	current
tokio/src/signal/unix.rs	signal	tokio/src/signal/mod.rs	new
tokio/src/signal/unix.rs	signal	tokio/src/signal/unix.rs	Signal
tokio/src/signal/unix.rs	signal	tokio/src/signal/unix.rs	signal
tokio/src/signal/unix.rs	signal	tokio/src/signal/unix.rs	signal_with_handle
tokio/src/signal/unix.rs	signal_enable	tokio/src/runtime/signal/mod.rs	check_inner
tokio/src/signal/unix.rs	signal_enable	tokio/src/signal/mod.rs	new
tokio/src/signal/unix.rs	signal_enable	tokio/src/signal/registry.rs	globals
tokio/src/signal/unix.rs	signal_enable	tokio/src/signal/registry.rs	storage
tokio/src/signal/unix.rs	signal_enable	tokio/src/signal/unix.rs	action
tokio/src/signal/unix.rs	signal_enable	tokio/src/signal/unix.rs	get
tokio/src/signal/unix.rs	signal_enable	tokio/src/sync/once_cell.rs	get_or_init
tokio/src/signal/unix.rs	signal_with_handle	tokio/src/signal/registry.rs	globals
tokio/src/signal/unix.rs	signal_with_handle	tokio/src/signal/registry.rs	register_listener
tokio/src/signal/unix.rs	signal_with_handle	tokio/src/signal/unix.rs	signal_enable
tokio/src/signal/windows.rs	ctrl_break	tokio/src/signal/windows.rs	CtrlBreak
tokio/src/signal/windows.rs	ctrl_c	tokio/src/signal/windows.rs	CtrlC
tokio/src/signal/windows.rs	ctrl_close	tokio/src/signal/windows.rs	CtrlClose
tokio/src/signal/windows.rs	ctrl_logoff	tokio/src/signal/windows.rs	CtrlLogoff
tokio/src/signal/windows.rs	ctrl_shutdown	tokio/src/signal/windows.rs	CtrlShutdown
tokio/src/signal/windows.rs	poll_recv	tokio/src/signal/mod.rs	poll_recv
tokio/src/signal/windows.rs	recv	tokio/src/signal/mod.rs	recv
tokio/src/signal/windows/sys.rs	HANDLER_RESULT	tokio/src/signal/windows/sys.rs	new
tokio/src/signal/windows/sys.rs	REGISTRY	tokio/src/signal/windows/sys.rs	new
tokio/src/signal/windows/sys.rs	ctrl_break	tokio/src/runtime/runtime.rs	block_on
tokio/src/signal/windows/sys.rs	ctrl_break	tokio/src/signal/windows.rs	recv
tokio/src/signal/windows/sys.rs	ctrl_break	tokio/src/signal/windows/sys.rs	new
tokio/src/signal/windows/sys.rs	ctrl_break	tokio/src/signal/windows/sys.rs	raise_event
tokio/src/signal/windows/sys.rs	ctrl_break	tokio/src/signal/windows/sys.rs	rt
tokio/src/signal/windows/sys.rs	ctrl_c	tokio-test/src/task.rs	spawn
tokio/src/signal/windows/sys.rs	ctrl_c	tokio/src/runtime/runtime.rs	enter
tokio/src/signal/windows/sys.rs	ctrl_c	tokio/src/signal/ctrl_c.rs	ctrl_c
tokio/src/signal/windows/sys.rs	ctrl_c	tokio/src/signal/windows/sys.rs	new
tokio/src/signal/windows/sys.rs	ctrl_c	tokio/src/signal/windows/sys.rs	raise_event
tokio/src/signal/windows/sys.rs	ctrl_c	tokio/src/signal/windows/sys.rs	rt
tokio/src/signal/windows/sys.rs	ctrl_close	tokio/src/runtime/runtime.rs	block_on
tokio/src/signal/windows/sys.rs	ctrl_close	tokio/src/signal/windows.rs	recv
tokio/src/signal/windows/sys.rs	ctrl_close	tokio/src/signal/windows/sys.rs	new
tokio/src/signal/windows/sys.rs	ctrl_close	tokio/src/signal/windows/sys.rs	raise_event
tokio/src/signal/windows/sys.rs	ctrl_close	tokio/src/signal/windows/sys.rs	rt
tokio/src/signal/windows/sys.rs	ctrl_logoff	tokio/src/runtime/runtime.rs	block_on
tokio/src/signal/windows/sys.rs	ctrl_logoff	tokio/src/signal/windows.rs	recv
tokio/src/signal/windows/sys.rs	ctrl_logoff	tokio/src/signal/windows/sys.rs	new
tokio/src/signal/windows/sys.rs	ctrl_logoff	tokio/src/signal/windows/sys.rs	raise_event
tokio/src/signal/windows/sys.rs	ctrl_logoff	tokio/src/signal/windows/sys.rs	rt
tokio/src/signal/windows/sys.rs	ctrl_shutdown	tokio/src/runtime/runtime.rs	block_on
tokio/src/signal/windows/sys.rs	ctrl_shutdown	tokio/src/signal/windows.rs	recv
tokio/src/signal/windows/sys.rs	ctrl_shutdown	tokio/src/signal/windows/sys.rs	new
tokio/src/signal/windows/sys.rs	ctrl_shutdown	tokio/src/signal/windows/sys.rs	raise_event
tokio/src/signal/windows/sys.rs	ctrl_shutdown	tokio/src/signal/windows/sys.rs	rt
tokio/src/signal/windows/sys.rs	handler	tokio/src/signal/windows/sys.rs	terminates
tokio/src/signal/windows/sys.rs	new	tokio/src/signal/mod.rs	new
tokio/src/signal/windows/sys.rs	new	tokio/src/sync/once_cell.rs	get_or_init
tokio/src/signal/windows/sys.rs	raise_event	tokio/src/signal/windows/sys.rs	terminates
tokio/src/signal/windows/sys.rs	rt	tokio/src/runtime/builder.rs	new_current_thread
tokio/src/sync/barrier.rs	closure@4037	tokio/src/sync/barrier.rs	wait_internal
tokio/src/sync/barrier.rs	new	tokio/src/sync/barrier.rs	Barrier
tokio/src/sync/barrier.rs	new	tokio/src/sync/barrier.rs	BarrierState
tokio/src/sync/barrier.rs	new	tokio/src/sync/barrier.rs	new
tokio/src/sync/barrier.rs	new	tokio/src/sync/watch.rs	channel
tokio/src/sync/barrier.rs	wait	tokio/src/sync/barrier.rs	wait_internal
tokio/src/sync/barrier.rs	wait_internal	tokio/src/sync/barrier.rs	BarrierWaitResult
tokio/src/sync/barrier.rs	wait_internal	tokio/src/sync/watch.rs	changed
tokio/src/sync/barrier.rs	wait_internal	tokio/src/sync/watch.rs	clone
tokio/src/sync/batch_semaphore.rs	acquire	tokio/src/sync/batch_semaphore.rs	new
tokio/src/sync/batch_semaphore.rs	add_permits_locked	tokio/src/sync/batch_semaphore.rs	assign_permits
tokio/src/sync/batch_semaphore.rs	add_permits_locked	tokio/src/sync/batch_semaphore.rs	drop
tokio/src/sync/batch_semaphore.rs	add_permits_locked	tokio/src/util/linked_list.rs	last
tokio/src/sync/batch_semaphore.rs	add_permits_locked	tokio/src/util/wake_list.rs	new
tokio/src/sync/batch_semaphore.rs	closed	tokio/src/sync/batch_semaphore.rs	AcquireError
tokio/src/sync/batch_semaphore.rs	closure@18157	tokio/src/util/rc_cell.rs	replace
tokio/src/sync/batch_semaphore.rs	closure@22668	tokio/src/sync/batch_semaphore.rs	new
tokio/src/sync/batch_semaphore.rs	const_new	tokio/src/loom/std/atomic_usize.rs	new
tokio/src/sync/batch_semaphore.rs	const_new	tokio/src/sync/batch_semaphore.rs	Waitlist
tokio/src/sync/batch_semaphore.rs	const_new	tokio/src/sync/batch_semaphore.rs	const_new
tokio/src/sync/batch_semaphore.rs	const_new	tokio/src/sync/notify.rs	none
tokio/src/sync/batch_semaphore.rs	const_new	tokio/src/util/linked_list.rs	new
tokio/src/sync/batch_semaphore.rs	const_new_closed	tokio/src/loom/std/atomic_usize.rs	new
tokio/src/sync/batch_semaphore.rs	const_new_closed	tokio/src/sync/batch_semaphore.rs	Waitlist
tokio/src/sync/batch_semaphore.rs	const_new_closed	tokio/src/sync/batch_semaphore.rs	const_new
tokio/src/sync/batch_semaphore.rs	const_new_closed	tokio/src/sync/notify.rs	none
tokio/src/sync/batch_semaphore.rs	const_new_closed	tokio/src/util/linked_list.rs	new
tokio/src/sync/batch_semaphore.rs	drop	tokio/src/runtime/time_alt/entry.rs	from
tokio/src/sync/batch_semaphore.rs	drop	tokio/src/sync/batch_semaphore.rs	add_permits_locked
tokio/src/sync/batch_semaphore.rs	new	tokio/src/loom/std/atomic_usize.rs	new
tokio/src/sync/batch_semaphore.rs	new	tokio/src/loom/std/unsafe_cell.rs	new
tokio/src/sync/batch_semaphore.rs	new	tokio/src/sync/batch_semaphore.rs	Waiter
tokio/src/sync/batch_semaphore.rs	new	tokio/src/sync/batch_semaphore.rs	Waitlist
tokio/src/sync/batch_semaphore.rs	new	tokio/src/sync/batch_semaphore.rs	new
tokio/src/sync/batch_semaphore.rs	new	tokio/src/util/linked_list.rs	new
tokio/src/sync/batch_semaphore.rs	new_closed	tokio/src/loom/std/atomic_usize.rs	new
tokio/src/sync/batch_semaphore.rs	new_closed	tokio/src/sync/batch_semaphore.rs	Waitlist
tokio/src/sync/batch_semaphore.rs	new_closed	tokio/src/sync/batch_semaphore.rs	new
tokio/src/sync/batch_semaphore.rs	new_closed	tokio/src/sync/notify.rs	none
tokio/src/sync/batch_semaphore.rs	new_closed	tokio/src/util/linked_list.rs	new
tokio/src/sync/batch_semaphore.rs	poll	tokio/src/io/ready.rs	Ready
tokio/src/sync/batch_semaphore.rs	poll	tokio/src/sync/batch_semaphore.rs	poll_acquire
tokio/src/sync/batch_semaphore.rs	poll	tokio/src/sync/batch_semaphore.rs	project
tokio/src/sync/batch_semaphore.rs	poll_acquire	tokio/src/io/ready.rs	Ready
tokio/src/sync/batch_semaphore.rs	poll_acquire	tokio/src/sync/batch_semaphore.rs	add_permits_locked
tokio/src/sync/batch_semaphore.rs	poll_acquire	tokio/src/sync/batch_semaphore.rs	closed
tokio/src/sync/batch_semaphore.rs	poll_acquire	tokio/src/sync/batch_semaphore.rs	drop
tokio/src/sync/batch_semaphore.rs	poll_acquire	tokio/src/time/instant.rs	checked_add
tokio/src/sync/batch_semaphore.rs	poll_acquire	tokio/src/util/rc_cell.rs	replace
tokio/src/sync/batch_semaphore.rs	project	tokio/src/sync/batch_semaphore.rs	is_unpin
tokio/src/sync/batch_semaphore.rs	release	tokio/src/sync/batch_semaphore.rs	add_permits_locked
tokio/src/sync/broadcast.rs	channel	tokio/src/sync/broadcast.rs	Receiver
tokio/src/sync/broadcast.rs	channel	tokio/src/sync/broadcast.rs	clone
tokio/src/sync/broadcast.rs	channel	tokio/src/sync/broadcast.rs	new_with_receiver_count
tokio/src/sync/broadcast.rs	clone	tokio/src/sync/broadcast.rs	Sender
tokio/src/sync/broadcast.rs	clone_value	tokio/src/sync/broadcast.rs	clone
tokio/src/sync/broadcast.rs	closure@19722	tokio/src/loom/std/atomic_usize.rs	new
tokio/src/sync/broadcast.rs	closure@19722	tokio/src/sync/broadcast.rs	Slot
tokio/src/sync/broadcast.rs	closure@19722	tokio/src/sync/broadcast.rs	new
tokio/src/sync/broadcast.rs	closure@42826	tokio/src/sync/broadcast.rs	clone
tokio/src/sync/broadcast.rs	closure@42826	tokio/src/util/rc_cell.rs	replace
tokio/src/sync/broadcast.rs	downgrade	tokio/src/sync/broadcast.rs	WeakSender
tokio/src/sync/broadcast.rs	drop	tokio/src/sync/broadcast.rs	close_channel
tokio/src/sync/broadcast.rs	drop	tokio/src/sync/broadcast.rs	drop
tokio/src/sync/broadcast.rs	drop	tokio/src/sync/broadcast.rs	recv_ref
tokio/src/sync/broadcast.rs	len	tokio/src/sync/broadcast.rs	len
tokio/src/sync/broadcast.rs	new	tokio/src/loom/std/unsafe_cell.rs	new
tokio/src/sync/broadcast.rs	new	tokio/src/runtime/time_alt/entry.rs	from
tokio/src/sync/broadcast.rs	new	tokio/src/sync/broadcast.rs	Recv
tokio/src/sync/broadcast.rs	new	tokio/src/sync/broadcast.rs	Waiter
tokio/src/sync/broadcast.rs	new	tokio/src/sync/broadcast.rs	WaiterCell
tokio/src/sync/broadcast.rs	new	tokio/src/sync/broadcast.rs	WaitersList
tokio/src/sync/broadcast.rs	new	tokio/src/sync/broadcast.rs	new
tokio/src/sync/broadcast.rs	new	tokio/src/sync/broadcast.rs	new_with_receiver_count
tokio/src/sync/broadcast.rs	new	tokio/src/util/linked_list.rs	new
tokio/src/sync/broadcast.rs	new_receiver	tokio/src/sync/broadcast.rs	Receiver
tokio/src/sync/broadcast.rs	new_receiver	tokio/src/sync/broadcast.rs	drop
tokio/src/sync/broadcast.rs	new_receiver	tokio/src/time/instant.rs	checked_add
tokio/src/sync/broadcast.rs	new_with_receiver_count	tokio/src/loom/std/atomic_usize.rs	new
tokio/src/sync/broadcast.rs	new_with_receiver_count	tokio/src/sync/broadcast.rs	Sender
tokio/src/sync/broadcast.rs	new_with_receiver_count	tokio/src/sync/broadcast.rs	Shared
tokio/src/sync/broadcast.rs	new_with_receiver_count	tokio/src/sync/broadcast.rs	Slot
tokio/src/sync/broadcast.rs	new_with_receiver_count	tokio/src/sync/broadcast.rs	Tail
tokio/src/sync/broadcast.rs	new_with_receiver_count	tokio/src/sync/broadcast.rs	new
tokio/src/sync/broadcast.rs	new_with_receiver_count	tokio/src/sync/notify.rs	new
tokio/src/sync/broadcast.rs	new_with_receiver_count	tokio/src/util/linked_list.rs	new
tokio/src/sync/broadcast.rs	notify_rx	tokio/src/sync/broadcast.rs	drop
tokio/src/sync/broadcast.rs	notify_rx	tokio/src/sync/broadcast.rs	new
tokio/src/sync/broadcast.rs	notify_rx	tokio/src/util/wake_list.rs	new
tokio/src/sync/broadcast.rs	poll	tokio/src/io/ready.rs	Ready
tokio/src/sync/broadcast.rs	poll	tokio/src/sync/broadcast.rs	Lagged
tokio/src/sync/broadcast.rs	poll	tokio/src/sync/broadcast.rs	clone_value
tokio/src/sync/broadcast.rs	poll	tokio/src/sync/broadcast.rs	project
tokio/src/sync/broadcast.rs	poll	tokio/src/sync/broadcast.rs	recv_ref
tokio/src/sync/broadcast.rs	project	tokio/src/sync/broadcast.rs	is_unpin
tokio/src/sync/broadcast.rs	receiver_count_on_channel_constructor	tokio/src/sync/broadcast.rs	channel
tokio/src/sync/broadcast.rs	receiver_count_on_channel_constructor	tokio/src/sync/broadcast.rs	resubscribe
tokio/src/sync/broadcast.rs	receiver_count_on_sender_constructor	tokio/src/sync/broadcast.rs	drop
tokio/src/sync/broadcast.rs	receiver_count_on_sender_constructor	tokio/src/sync/broadcast.rs	new
tokio/src/sync/broadcast.rs	receiver_count_on_sender_constructor	tokio/src/sync/broadcast.rs	resubscribe
tokio/src/sync/broadcast.rs	recv	tokio/src/sync/broadcast.rs	new
tokio/src/sync/broadcast.rs	recv_ref	tokio/src/sync/broadcast.rs	Lagged
tokio/src/sync/broadcast.rs	recv_ref	tokio/src/sync/broadcast.rs	RecvGuard
tokio/src/sync/broadcast.rs	recv_ref	tokio/src/sync/broadcast.rs	clone
tokio/src/sync/broadcast.rs	recv_ref	tokio/src/sync/broadcast.rs	drop
tokio/src/sync/broadcast.rs	recv_ref	tokio/src/sync/broadcast.rs	len
tokio/src/sync/broadcast.rs	recv_ref	tokio/src/util/rc_cell.rs	replace
tokio/src/sync/broadcast.rs	resubscribe	tokio/src/sync/broadcast.rs	new_receiver
tokio/src/sync/broadcast.rs	send	tokio/src/sync/broadcast.rs	SendError
tokio/src/sync/broadcast.rs	send	tokio/src/sync/broadcast.rs	drop
tokio/src/sync/broadcast.rs	subscribe	tokio/src/sync/broadcast.rs	new_receiver
tokio/src/sync/broadcast.rs	try_recv	tokio/src/sync/broadcast.rs	clone_value
tokio/src/sync/broadcast.rs	try_recv	tokio/src/sync/broadcast.rs	recv_ref
tokio/src/sync/broadcast.rs	upgrade	tokio/src/sync/broadcast.rs	Sender
tokio/src/sync/mpsc/block.rs	assert_no_stack_overflow	tokio/src/sync/mpsc/block.rs	new
tokio/src/sync/mpsc/block.rs	closure@6634	tokio/src/sync/mpsc/block.rs	new
tokio/src/sync/mpsc/block.rs	grow	tokio/src/loom/std/atomic_u64_as_mutex.rs	compare_exchange
tokio/src/sync/mpsc/block.rs	grow	tokio/src/sync/mpsc/block.rs	new
tokio/src/sync/mpsc/block.rs	grow	tokio/src/sync/mpsc/block.rs	try_push
tokio/src/sync/mpsc/block.rs	has_value	tokio/src/sync/mpsc/block.rs	is_ready
tokio/src/sync/mpsc/block.rs	has_value	tokio/src/sync/mpsc/block.rs	offset
tokio/src/sync/mpsc/block.rs	index	tokio/src/sync/mpsc/block.rs	index
tokio/src/sync/mpsc/block.rs	load_next	tokio/src/sync/mpsc/block.rs	new
tokio/src/sync/mpsc/block.rs	new	tokio/src/loom/std/atomic_usize.rs	new
tokio/src/sync/mpsc/block.rs	new	tokio/src/loom/std/unsafe_cell.rs	new
tokio/src/sync/mpsc/block.rs	new	tokio/src/sync/mpsc/block.rs	BlockHeader
tokio/src/sync/mpsc/block.rs	new	tokio/src/sync/mpsc/block.rs	initialize
tokio/src/sync/mpsc/block.rs	new	tokio/src/sync/mpsc/block.rs	new
tokio/src/sync/mpsc/block.rs	new	tokio/src/sync/mpsc/block.rs	write
tokio/src/sync/mpsc/block.rs	read	tokio/src/io/read_buf.rs	assume_init
tokio/src/sync/mpsc/block.rs	read	tokio/src/sync/mpsc/block.rs	Value
tokio/src/sync/mpsc/block.rs	read	tokio/src/sync/mpsc/block.rs	is_ready
tokio/src/sync/mpsc/block.rs	read	tokio/src/sync/mpsc/block.rs	is_tx_closed
tokio/src/sync/mpsc/block.rs	read	tokio/src/sync/mpsc/block.rs	offset
tokio/src/sync/mpsc/block.rs	reclaim	tokio/src/loom/std/atomic_usize.rs	new
tokio/src/sync/mpsc/block.rs	reclaim	tokio/src/sync/mpsc/block.rs	new
tokio/src/sync/mpsc/block.rs	set_ready	tokio/src/loom/std/atomic_u64_as_mutex.rs	fetch_or
tokio/src/sync/mpsc/block.rs	try_push	tokio/src/loom/std/atomic_u64_as_mutex.rs	compare_exchange
tokio/src/sync/mpsc/block.rs	try_push	tokio/src/sync/mpsc/block.rs	new
tokio/src/sync/mpsc/block.rs	tx_close	tokio/src/loom/std/atomic_u64_as_mutex.rs	fetch_or
tokio/src/sync/mpsc/block.rs	tx_release	tokio/src/loom/std/atomic_u64_as_mutex.rs	fetch_or
tokio/src/sync/mpsc/block.rs	write	tokio/src/sync/mpsc/block.rs	new
tokio/src/sync/mpsc/block.rs	write	tokio/src/sync/mpsc/block.rs	offset
tokio/src/sync/mpsc/block.rs	write	tokio/src/sync/mpsc/block.rs	set_ready
tokio/src/sync/mpsc/bounded.rs	blocking_recv_many	tokio/src/sync/mpsc/bounded.rs	recv_many
tokio/src/sync/mpsc/bounded.rs	capacity	tokio/src/sync/mpsc/chan.rs	semaphore
tokio/src/sync/mpsc/bounded.rs	channel	tokio/src/sync/mpsc/bounded.rs	Semaphore
tokio/src/sync/mpsc/bounded.rs	channel	tokio/src/sync/mpsc/bounded.rs	new
tokio/src/sync/mpsc/bounded.rs	channel	tokio/src/sync/mpsc/chan.rs	channel
tokio/src/sync/mpsc/bounded.rs	clone	tokio/src/sync/mpsc/bounded.rs	Sender
tokio/src/sync/mpsc/bounded.rs	clone	tokio/src/sync/mpsc/bounded.rs	WeakSender
tokio/src/sync/mpsc/bounded.rs	clone	tokio/src/sync/mpsc/chan.rs	clone
tokio/src/sync/mpsc/bounded.rs	close	tokio/src/sync/mpsc/chan.rs	close
tokio/src/sync/mpsc/bounded.rs	closed	tokio/src/sync/mpsc/chan.rs	closed
tokio/src/sync/mpsc/bounded.rs	closure@11201	tokio/src/sync/mpsc/chan.rs	recv_many
tokio/src/sync/mpsc/bounded.rs	closure@65729	tokio/src/sync/mpsc/bounded.rs	same_channel
tokio/src/sync/mpsc/bounded.rs	closure@66465	tokio/src/sync/mpsc/bounded.rs	same_channel
tokio/src/sync/mpsc/bounded.rs	closure@7987	tokio/src/sync/mpsc/chan.rs	recv
tokio/src/sync/mpsc/bounded.rs	downgrade	tokio/src/sync/mpsc/bounded.rs	WeakSender
tokio/src/sync/mpsc/bounded.rs	downgrade	tokio/src/sync/mpsc/chan.rs	downgrade
tokio/src/sync/mpsc/bounded.rs	drop	tokio/src/sync/mpsc/bounded.rs	Permit
tokio/src/sync/mpsc/bounded.rs	drop	tokio/src/sync/mpsc/bounded.rs	drop
tokio/src/sync/mpsc/bounded.rs	drop	tokio/src/sync/mpsc/bounded.rs	is_closed
tokio/src/sync/mpsc/bounded.rs	drop	tokio/src/sync/mpsc/chan.rs	add_permit
tokio/src/sync/mpsc/bounded.rs	drop	tokio/src/sync/mpsc/chan.rs	semaphore
tokio/src/sync/mpsc/bounded.rs	drop	tokio/src/sync/mpsc/chan.rs	wake_rx
tokio/src/sync/mpsc/bounded.rs	is_closed	tokio/src/sync/mpsc/chan.rs	is_closed
tokio/src/sync/mpsc/bounded.rs	max_capacity	tokio/src/sync/mpsc/chan.rs	semaphore
tokio/src/sync/mpsc/bounded.rs	new	tokio/src/sync/mpsc/bounded.rs	Receiver
tokio/src/sync/mpsc/bounded.rs	new	tokio/src/sync/mpsc/bounded.rs	Sender
tokio/src/sync/mpsc/bounded.rs	next	tokio/src/sync/mpsc/bounded.rs	Permit
tokio/src/sync/mpsc/bounded.rs	poll_recv	tokio/src/sync/mpsc/chan.rs	recv
tokio/src/sync/mpsc/bounded.rs	poll_recv_many	tokio/src/sync/mpsc/chan.rs	recv_many
tokio/src/sync/mpsc/bounded.rs	recv	tokio/src/sync/mpsc/chan.rs	recv
tokio/src/sync/mpsc/bounded.rs	recv_many	tokio/src/sync/mpsc/chan.rs	recv_many
tokio/src/sync/mpsc/bounded.rs	release	tokio/src/sync/mpsc/bounded.rs	Permit
tokio/src/sync/mpsc/bounded.rs	release	tokio/src/sync/mpsc/bounded.rs	Sender
tokio/src/sync/mpsc/bounded.rs	release	tokio/src/sync/mpsc/bounded.rs	drop
tokio/src/sync/mpsc/bounded.rs	reserve	tokio/src/sync/mpsc/bounded.rs	Permit
tokio/src/sync/mpsc/bounded.rs	reserve	tokio/src/sync/mpsc/bounded.rs	reserve_inner
tokio/src/sync/mpsc/bounded.rs	reserve_inner	tokio/src/sync/mpsc/bounded.rs	is_closed
tokio/src/sync/mpsc/bounded.rs	reserve_inner	tokio/src/sync/mpsc/bounded.rs	max_capacity
tokio/src/sync/mpsc/bounded.rs	reserve_inner	tokio/src/sync/mpsc/chan.rs	semaphore
tokio/src/sync/mpsc/bounded.rs	reserve_inner	tokio/src/sync/mpsc/chan.rs	wake_rx
tokio/src/sync/mpsc/bounded.rs	reserve_inner	tokio/src/sync/mpsc/error.rs	SendError
tokio/src/sync/mpsc/bounded.rs	reserve_many	tokio/src/sync/mpsc/bounded.rs	PermitIterator
tokio/src/sync/mpsc/bounded.rs	reserve_many	tokio/src/sync/mpsc/bounded.rs	reserve_inner
tokio/src/sync/mpsc/bounded.rs	reserve_owned	tokio/src/sync/mpsc/bounded.rs	OwnedPermit
tokio/src/sync/mpsc/bounded.rs	reserve_owned	tokio/src/sync/mpsc/bounded.rs	reserve_inner
tokio/src/sync/mpsc/bounded.rs	same_channel	tokio/src/sync/mpsc/bounded.rs	same_channel
tokio/src/sync/mpsc/bounded.rs	same_channel	tokio/src/sync/mpsc/chan.rs	same_channel
tokio/src/sync/mpsc/bounded.rs	same_channel_as_sender	tokio/src/sync/mpsc/bounded.rs	same_channel
tokio/src/sync/mpsc/bounded.rs	send	tokio/src/sync/mpsc/bounded.rs	Sender
tokio/src/sync/mpsc/bounded.rs	send	tokio/src/sync/mpsc/bounded.rs	reserve
tokio/src/sync/mpsc/bounded.rs	send	tokio/src/sync/mpsc/bounded.rs	send
tokio/src/sync/mpsc/bounded.rs	send	tokio/src/sync/mpsc/chan.rs	send
tokio/src/sync/mpsc/bounded.rs	send	tokio/src/sync/mpsc/error.rs	SendError
tokio/src/sync/mpsc/bounded.rs	send_timeout	tokio/src/sync/mpsc/bounded.rs	reserve
tokio/src/sync/mpsc/bounded.rs	send_timeout	tokio/src/sync/mpsc/bounded.rs	send
tokio/src/sync/mpsc/bounded.rs	send_timeout	tokio/src/time/timeout.rs	timeout
tokio/src/sync/mpsc/bounded.rs	sender_strong_count	tokio/src/sync/mpsc/chan.rs	sender_strong_count
tokio/src/sync/mpsc/bounded.rs	sender_weak_count	tokio/src/sync/mpsc/chan.rs	sender_weak_count
tokio/src/sync/mpsc/bounded.rs	strong_count	tokio/src/sync/mpsc/chan.rs	strong_count
tokio/src/sync/mpsc/bounded.rs	try_recv	tokio/src/sync/mpsc/chan.rs	try_recv
tokio/src/sync/mpsc/bounded.rs	try_reserve	tokio/src/sync/mpsc/bounded.rs	Permit
tokio/src/sync/mpsc/bounded.rs	try_reserve	tokio/src/sync/mpsc/chan.rs	semaphore
tokio/src/sync/mpsc/bounded.rs	try_reserve	tokio/src/sync/mpsc/error.rs	Closed
tokio/src/sync/mpsc/bounded.rs	try_reserve	tokio/src/sync/mpsc/error.rs	Full
tokio/src/sync/mpsc/bounded.rs	try_reserve_many	tokio/src/sync/mpsc/bounded.rs	PermitIterator
tokio/src/sync/mpsc/bounded.rs	try_reserve_many	tokio/src/sync/mpsc/bounded.rs	max_capacity
tokio/src/sync/mpsc/bounded.rs	try_reserve_many	tokio/src/sync/mpsc/chan.rs	semaphore
tokio/src/sync/mpsc/bounded.rs	try_reserve_many	tokio/src/sync/mpsc/error.rs	Closed
tokio/src/sync/mpsc/bounded.rs	try_reserve_many	tokio/src/sync/mpsc/error.rs	Full
tokio/src/sync/mpsc/bounded.rs	try_reserve_owned	tokio/src/sync/mpsc/bounded.rs	OwnedPermit
tokio/src/sync/mpsc/bounded.rs	try_reserve_owned	tokio/src/sync/mpsc/chan.rs	semaphore
tokio/src/sync/mpsc/bounded.rs	try_reserve_owned	tokio/src/sync/mpsc/error.rs	Closed
tokio/src/sync/mpsc/bounded.rs	try_reserve_owned	tokio/src/sync/mpsc/error.rs	Full
tokio/src/sync/mpsc/bounded.rs	try_send	tokio/src/sync/mpsc/chan.rs	semaphore
tokio/src/sync/mpsc/bounded.rs	try_send	tokio/src/sync/mpsc/chan.rs	send
tokio/src/sync/mpsc/bounded.rs	try_send	tokio/src/sync/mpsc/error.rs	Closed
tokio/src/sync/mpsc/bounded.rs	try_send	tokio/src/sync/mpsc/error.rs	Full
tokio/src/sync/mpsc/bounded.rs	upgrade	tokio/src/sync/mpsc/chan.rs	upgrade
tokio/src/sync/mpsc/bounded.rs	weak_count	tokio/src/sync/mpsc/chan.rs	weak_count
tokio/src/sync/mpsc/chan.rs	channel	tokio/src/loom/std/atomic_usize.rs	new
tokio/src/sync/mpsc/chan.rs	channel	tokio/src/loom/std/unsafe_cell.rs	new
tokio/src/sync/mpsc/chan.rs	channel	tokio/src/sync/mpsc/chan.rs	Chan
tokio/src/sync/mpsc/chan.rs	channel	tokio/src/sync/mpsc/chan.rs	RxFields
tokio/src/sync/mpsc/chan.rs	channel	tokio/src/sync/mpsc/chan.rs	clone
tokio/src/sync/mpsc/chan.rs	channel	tokio/src/sync/mpsc/chan.rs	new
tokio/src/sync/mpsc/chan.rs	channel	tokio/src/sync/mpsc/list.rs	channel
tokio/src/sync/mpsc/chan.rs	channel	tokio/src/sync/notify.rs	new
tokio/src/sync/mpsc/chan.rs	channel	tokio/src/sync/task/atomic_waker.rs	new
tokio/src/sync/mpsc/chan.rs	channel	tokio/src/util/cacheline.rs	new
tokio/src/sync/mpsc/chan.rs	clone	tokio/src/sync/mpsc/chan.rs	Tx
tokio/src/sync/mpsc/chan.rs	close	tokio/src/loom/std/atomic_u64_as_mutex.rs	fetch_or
tokio/src/sync/mpsc/chan.rs	close	tokio/src/sync/mpsc/chan.rs	close
tokio/src/sync/mpsc/chan.rs	closed	tokio/src/sync/mpsc/chan.rs	is_closed
tokio/src/sync/mpsc/chan.rs	closure@10697	tokio/src/io/ready.rs	Ready
tokio/src/sync/mpsc/chan.rs	closure@10697	tokio/src/sync/mpsc/chan.rs	is_idle
tokio/src/sync/mpsc/chan.rs	closure@10697	tokio/src/sync/task/atomic_waker.rs	register_by_ref
tokio/src/sync/mpsc/chan.rs	closure@13268	tokio/src/runtime/park.rs	new
tokio/src/sync/mpsc/chan.rs	closure@13268	tokio/src/sync/task/atomic_waker.rs	register_by_ref
tokio/src/sync/mpsc/chan.rs	closure@15702	tokio/src/sync/mpsc/chan.rs	add_permit
tokio/src/sync/mpsc/chan.rs	closure@15702	tokio/src/sync/task/atomic_waker.rs	take_waker
tokio/src/sync/mpsc/chan.rs	closure@15702	tokio/src/util/idle_notified_set.rs	drain
tokio/src/sync/mpsc/chan.rs	closure@17810	tokio/src/sync/mpsc/list.rs	free_blocks
tokio/src/sync/mpsc/chan.rs	closure@7644	tokio/src/sync/mpsc/chan.rs	is_empty
tokio/src/sync/mpsc/chan.rs	closure@7862	tokio/src/sync/mpsc/chan.rs	len
tokio/src/sync/mpsc/chan.rs	closure@8327	tokio/src/io/ready.rs	Ready
tokio/src/sync/mpsc/chan.rs	closure@8327	tokio/src/sync/mpsc/chan.rs	is_idle
tokio/src/sync/mpsc/chan.rs	closure@8327	tokio/src/sync/task/atomic_waker.rs	register_by_ref
tokio/src/sync/mpsc/chan.rs	drop	tokio/src/loom/std/unsafe_cell.rs	with_mut
tokio/src/sync/mpsc/chan.rs	drop	tokio/src/sync/mpsc/chan.rs	add_permit
tokio/src/sync/mpsc/chan.rs	drop	tokio/src/sync/mpsc/chan.rs	close
tokio/src/sync/mpsc/chan.rs	drop	tokio/src/sync/mpsc/chan.rs	wake_rx
tokio/src/sync/mpsc/chan.rs	drop	tokio/src/sync/mpsc/list.rs	free_blocks
tokio/src/sync/mpsc/chan.rs	drop	tokio/src/sync/task/atomic_waker.rs	take_waker
tokio/src/sync/mpsc/chan.rs	drop	tokio/src/util/idle_notified_set.rs	drain
tokio/src/sync/mpsc/chan.rs	is_closed	tokio/src/sync/mpsc/chan.rs	is_closed
tokio/src/sync/mpsc/chan.rs	is_empty	tokio/src/sync/mpsc/chan.rs	is_empty
tokio/src/sync/mpsc/chan.rs	len	tokio/src/sync/mpsc/chan.rs	len
tokio/src/sync/mpsc/chan.rs	new	tokio/src/sync/mpsc/chan.rs	Rx
tokio/src/sync/mpsc/chan.rs	new	tokio/src/sync/mpsc/chan.rs	Tx
tokio/src/sync/mpsc/chan.rs	recv	tokio/src/io/ready.rs	Ready
tokio/src/sync/mpsc/chan.rs	recv	tokio/src/sync/mpsc/chan.rs	is_idle
tokio/src/sync/mpsc/chan.rs	recv	tokio/src/sync/task/atomic_waker.rs	register_by_ref
tokio/src/sync/mpsc/chan.rs	recv_many	tokio/src/io/ready.rs	Ready
tokio/src/sync/mpsc/chan.rs	recv_many	tokio/src/sync/mpsc/chan.rs	is_idle
tokio/src/sync/mpsc/chan.rs	recv_many	tokio/src/sync/task/atomic_waker.rs	register_by_ref
tokio/src/sync/mpsc/chan.rs	try_recv	tokio/src/runtime/park.rs	new
tokio/src/sync/mpsc/chan.rs	try_recv	tokio/src/sync/task/atomic_waker.rs	register_by_ref
tokio/src/sync/mpsc/chan.rs	upgrade	tokio/src/sync/mpsc/chan.rs	Tx
tokio/src/sync/mpsc/error.rs	fmt	tokio/src/sync/mpsc/error.rs	fmt
tokio/src/sync/mpsc/error.rs	from	tokio/src/sync/mpsc/error.rs	Closed
tokio/src/sync/mpsc/list.rs	channel	tokio/src/loom/std/atomic_usize.rs	new
tokio/src/sync/mpsc/list.rs	channel	tokio/src/sync/mpsc/block.rs	new
tokio/src/sync/mpsc/list.rs	channel	tokio/src/sync/mpsc/list.rs	Rx
tokio/src/sync/mpsc/list.rs	channel	tokio/src/sync/mpsc/list.rs	Tx
tokio/src/sync/mpsc/list.rs	close	tokio/src/sync/mpsc/block.rs	tx_close
tokio/src/sync/mpsc/list.rs	close	tokio/src/sync/mpsc/list.rs	find_block
tokio/src/sync/mpsc/list.rs	closure@4478	tokio/src/sync/mpsc/block.rs	grow
tokio/src/sync/mpsc/list.rs	find_block	tokio/src/sync/mpsc/block.rs	distance
tokio/src/sync/mpsc/list.rs	find_block	tokio/src/sync/mpsc/block.rs	grow
tokio/src/sync/mpsc/list.rs	find_block	tokio/src/sync/mpsc/block.rs	is_at_index
tokio/src/sync/mpsc/list.rs	find_block	tokio/src/sync/mpsc/block.rs	is_final
tokio/src/sync/mpsc/list.rs	find_block	tokio/src/sync/mpsc/block.rs	load_next
tokio/src/sync/mpsc/list.rs	find_block	tokio/src/sync/mpsc/block.rs	offset
tokio/src/sync/mpsc/list.rs	find_block	tokio/src/sync/mpsc/block.rs	start_index
tokio/src/sync/mpsc/list.rs	find_block	tokio/src/sync/mpsc/block.rs	tx_release
tokio/src/sync/mpsc/list.rs	free_blocks	tokio/src/sync/mpsc/block.rs	load_next
tokio/src/sync/mpsc/list.rs	is_maybe_closed	tokio/src/sync/mpsc/block.rs	is_at_index
tokio/src/sync/mpsc/list.rs	is_maybe_closed	tokio/src/sync/mpsc/block.rs	load_next
tokio/src/sync/mpsc/list.rs	is_maybe_closed	tokio/src/sync/mpsc/block.rs	start_index
tokio/src/sync/mpsc/list.rs	len	tokio/src/sync/mpsc/list.rs	is_maybe_closed
tokio/src/sync/mpsc/list.rs	pop	tokio/src/sync/mpsc/list.rs	reclaim_blocks
tokio/src/sync/mpsc/list.rs	pop	tokio/src/sync/mpsc/list.rs	try_advancing_head
tokio/src/sync/mpsc/list.rs	push	tokio/src/sync/mpsc/list.rs	find_block
tokio/src/sync/mpsc/list.rs	reclaim_block	tokio/src/sync/mpsc/block.rs	reclaim
tokio/src/sync/mpsc/list.rs	reclaim_block	tokio/src/sync/mpsc/block.rs	try_push
tokio/src/sync/mpsc/list.rs	reclaim_blocks	tokio/src/sync/mpsc/block.rs	load_next
tokio/src/sync/mpsc/list.rs	reclaim_blocks	tokio/src/sync/mpsc/block.rs	observed_tail_position
tokio/src/sync/mpsc/list.rs	reclaim_blocks	tokio/src/sync/mpsc/list.rs	reclaim_block
tokio/src/sync/mpsc/list.rs	try_advancing_head	tokio/src/sync/mpsc/block.rs	is_at_index
tokio/src/sync/mpsc/list.rs	try_advancing_head	tokio/src/sync/mpsc/block.rs	load_next
tokio/src/sync/mpsc/list.rs	try_advancing_head	tokio/src/sync/mpsc/block.rs	start_index
tokio/src/sync/mpsc/list.rs	try_pop	tokio/src/sync/mpsc/list.rs	Ok
tokio/src/sync/mpsc/list.rs	try_pop	tokio/src/sync/mpsc/list.rs	pop
tokio/src/sync/mpsc/unbounded.rs	blocking_recv	tokio/src/sync/mpsc/unbounded.rs	recv
tokio/src/sync/mpsc/unbounded.rs	blocking_recv_many	tokio/src/sync/mpsc/unbounded.rs	recv_many
tokio/src/sync/mpsc/unbounded.rs	clone	tokio/src/sync/mpsc/chan.rs	clone
tokio/src/sync/mpsc/unbounded.rs	clone	tokio/src/sync/mpsc/unbounded.rs	UnboundedSender
tokio/src/sync/mpsc/unbounded.rs	clone	tokio/src/sync/mpsc/unbounded.rs	WeakUnboundedSender
tokio/src/sync/mpsc/unbounded.rs	close	tokio/src/sync/mpsc/chan.rs	close
tokio/src/sync/mpsc/unbounded.rs	closed	tokio/src/sync/mpsc/chan.rs	closed
tokio/src/sync/mpsc/unbounded.rs	closure@5453	tokio/src/sync/mpsc/unbounded.rs	poll_recv
tokio/src/sync/mpsc/unbounded.rs	closure@8404	tokio/src/sync/mpsc/chan.rs	recv_many
tokio/src/sync/mpsc/unbounded.rs	downgrade	tokio/src/sync/mpsc/chan.rs	downgrade
tokio/src/sync/mpsc/unbounded.rs	downgrade	tokio/src/sync/mpsc/unbounded.rs	WeakUnboundedSender
tokio/src/sync/mpsc/unbounded.rs	inc_num_messages	tokio/src/loom/std/atomic_u64_as_mutex.rs	compare_exchange
tokio/src/sync/mpsc/unbounded.rs	inc_num_messages	tokio/src/sync/mpsc/chan.rs	semaphore
tokio/src/sync/mpsc/unbounded.rs	is_closed	tokio/src/sync/mpsc/chan.rs	is_closed
tokio/src/sync/mpsc/unbounded.rs	new	tokio/src/sync/mpsc/unbounded.rs	UnboundedReceiver
tokio/src/sync/mpsc/unbounded.rs	new	tokio/src/sync/mpsc/unbounded.rs	UnboundedSender
tokio/src/sync/mpsc/unbounded.rs	poll_recv	tokio/src/sync/mpsc/chan.rs	recv
tokio/src/sync/mpsc/unbounded.rs	poll_recv_many	tokio/src/sync/mpsc/chan.rs	recv_many
tokio/src/sync/mpsc/unbounded.rs	recv	tokio/src/sync/mpsc/unbounded.rs	poll_recv
tokio/src/sync/mpsc/unbounded.rs	recv_many	tokio/src/sync/mpsc/chan.rs	recv_many
tokio/src/sync/mpsc/unbounded.rs	same_channel	tokio/src/sync/mpsc/chan.rs	same_channel
tokio/src/sync/mpsc/unbounded.rs	send	tokio/src/sync/mpsc/chan.rs	send
tokio/src/sync/mpsc/unbounded.rs	send	tokio/src/sync/mpsc/error.rs	SendError
tokio/src/sync/mpsc/unbounded.rs	send	tokio/src/sync/mpsc/unbounded.rs	inc_num_messages
tokio/src/sync/mpsc/unbounded.rs	sender_strong_count	tokio/src/sync/mpsc/chan.rs	sender_strong_count
tokio/src/sync/mpsc/unbounded.rs	sender_weak_count	tokio/src/sync/mpsc/chan.rs	sender_weak_count
tokio/src/sync/mpsc/unbounded.rs	strong_count	tokio/src/sync/mpsc/chan.rs	strong_count
tokio/src/sync/mpsc/unbounded.rs	try_recv	tokio/src/sync/mpsc/chan.rs	try_recv
tokio/src/sync/mpsc/unbounded.rs	unbounded_channel	tokio/src/loom/std/atomic_usize.rs	new
tokio/src/sync/mpsc/unbounded.rs	unbounded_channel	tokio/src/sync/mpsc/chan.rs	channel
tokio/src/sync/mpsc/unbounded.rs	unbounded_channel	tokio/src/sync/mpsc/unbounded.rs	Semaphore
tokio/src/sync/mpsc/unbounded.rs	unbounded_channel	tokio/src/sync/mpsc/unbounded.rs	new
tokio/src/sync/mpsc/unbounded.rs	upgrade	tokio/src/sync/mpsc/chan.rs	upgrade
tokio/src/sync/mpsc/unbounded.rs	weak_count	tokio/src/sync/mpsc/chan.rs	weak_count
tokio/src/sync/mutex.rs	blocking_lock_owned	tokio/src/sync/mutex.rs	lock_owned
tokio/src/sync/mutex.rs	bounds	tokio/src/sync/mutex.rs	check_send
tokio/src/sync/mutex.rs	bounds	tokio/src/sync/mutex.rs	check_send_sync
tokio/src/sync/mutex.rs	bounds	tokio/src/sync/mutex.rs	check_send_sync_val
tokio/src/sync/mutex.rs	bounds	tokio/src/sync/mutex.rs	check_static
tokio/src/sync/mutex.rs	bounds	tokio/src/sync/mutex.rs	check_static_val
tokio/src/sync/mutex.rs	bounds	tokio/src/sync/mutex.rs	check_unpin
tokio/src/sync/mutex.rs	bounds	tokio/src/sync/mutex.rs	lock_owned
tokio/src/sync/mutex.rs	bounds	tokio/src/sync/mutex.rs	new
tokio/src/sync/mutex.rs	closure@13087	tokio/src/sync/mutex.rs	new
tokio/src/sync/mutex.rs	const_new	tokio/src/loom/std/unsafe_cell.rs	new
tokio/src/sync/mutex.rs	const_new	tokio/src/sync/mutex.rs	const_new
tokio/src/sync/mutex.rs	const_new	tokio/src/sync/notify.rs	none
tokio/src/sync/mutex.rs	default	tokio/src/sync/mutex.rs	default
tokio/src/sync/mutex.rs	default	tokio/src/sync/mutex.rs	new
tokio/src/sync/mutex.rs	drop	tokio/src/sync/batch_semaphore.rs	release
tokio/src/sync/mutex.rs	fmt	tokio/src/sync/mutex.rs	fmt
tokio/src/sync/mutex.rs	from	tokio/src/sync/mutex.rs	new
tokio/src/sync/mutex.rs	lock	tokio/src/sync/mutex.rs	MutexGuard
tokio/src/sync/mutex.rs	lock	tokio/src/sync/mutex.rs	acquire
tokio/src/sync/mutex.rs	lock_owned	tokio/src/sync/mutex.rs	OwnedMutexGuard
tokio/src/sync/mutex.rs	lock_owned	tokio/src/sync/mutex.rs	acquire
tokio/src/sync/mutex.rs	map	tokio/src/sync/mutex.rs	MappedMutexGuard
tokio/src/sync/mutex.rs	map	tokio/src/sync/mutex.rs	OwnedMappedMutexGuard
tokio/src/sync/mutex.rs	map	tokio/src/sync/mutex.rs	skip_drop
tokio/src/sync/mutex.rs	new	tokio/src/loom/std/unsafe_cell.rs	new
tokio/src/sync/mutex.rs	new	tokio/src/sync/mutex.rs	new
tokio/src/sync/mutex.rs	skip_drop	tokio/src/sync/mutex.rs	MappedMutexGuardInner
tokio/src/sync/mutex.rs	skip_drop	tokio/src/sync/mutex.rs	MutexGuardInner
tokio/src/sync/mutex.rs	skip_drop	tokio/src/sync/mutex.rs	OwnedMappedMutexGuardInner
tokio/src/sync/mutex.rs	skip_drop	tokio/src/sync/mutex.rs	OwnedMutexGuardInner
tokio/src/sync/mutex.rs	skip_drop	tokio/src/sync/mutex.rs	new
tokio/src/sync/mutex.rs	try_lock	tokio/src/sync/mutex.rs	MutexGuard
tokio/src/sync/mutex.rs	try_lock	tokio/src/sync/mutex.rs	TryLockError
tokio/src/sync/mutex.rs	try_lock_owned	tokio/src/sync/mutex.rs	OwnedMutexGuard
tokio/src/sync/mutex.rs	try_lock_owned	tokio/src/sync/mutex.rs	TryLockError
tokio/src/sync/mutex.rs	try_map	tokio/src/sync/mutex.rs	MappedMutexGuard
tokio/src/sync/mutex.rs	try_map	tokio/src/sync/mutex.rs	OwnedMappedMutexGuard
tokio/src/sync/mutex.rs	try_map	tokio/src/sync/mutex.rs	skip_drop
tokio/src/sync/notify.rs	closure@45677	tokio/src/util/rc_cell.rs	replace
tokio/src/sync/notify.rs	const_new	tokio/src/loom/std/atomic_usize.rs	new
tokio/src/sync/notify.rs	const_new	tokio/src/sync/notify.rs	Notify
tokio/src/sync/notify.rs	const_new	tokio/src/sync/notify.rs	const_new
tokio/src/sync/notify.rs	const_new	tokio/src/util/linked_list.rs	new
tokio/src/sync/notify.rs	default	tokio/src/sync/notify.rs	new
tokio/src/sync/notify.rs	drop	tokio/src/sync/notify.rs	drop_notified
tokio/src/sync/notify.rs	drop	tokio/src/sync/notify.rs	project
tokio/src/sync/notify.rs	drop	tokio/src/sync/notify.rs	store_release
tokio/src/sync/notify.rs	drop_notified	tokio/src/runtime/time_alt/entry.rs	from
tokio/src/sync/notify.rs	drop_notified	tokio/src/sync/notify.rs	drop
tokio/src/sync/notify.rs	drop_notified	tokio/src/sync/notify.rs	get_state
tokio/src/sync/notify.rs	drop_notified	tokio/src/sync/notify.rs	load
tokio/src/sync/notify.rs	drop_notified	tokio/src/sync/notify.rs	notify_locked
tokio/src/sync/notify.rs	drop_notified	tokio/src/sync/notify.rs	set_state
tokio/src/sync/notify.rs	enable	tokio/src/sync/mpsc/block.rs	is_ready
tokio/src/sync/notify.rs	enable	tokio/src/sync/notify.rs	poll_notified
tokio/src/sync/notify.rs	inner_notify_waiters	tokio/src/sync/notify.rs	atomic_inc_num_notify_waiters_calls
tokio/src/sync/notify.rs	inner_notify_waiters	tokio/src/sync/notify.rs	drop
tokio/src/sync/notify.rs	inner_notify_waiters	tokio/src/sync/notify.rs	inc_num_notify_waiters_calls
tokio/src/sync/notify.rs	inner_notify_waiters	tokio/src/sync/notify.rs	new
tokio/src/sync/notify.rs	inner_notify_waiters	tokio/src/sync/notify.rs	set_state
tokio/src/sync/notify.rs	inner_notify_waiters	tokio/src/sync/notify.rs	store_release
tokio/src/sync/notify.rs	inner_notify_waiters	tokio/src/util/wake_list.rs	new
tokio/src/sync/notify.rs	load	tokio/src/sync/notify.rs	One
tokio/src/sync/notify.rs	load	tokio/src/sync/notify.rs	load
tokio/src/sync/notify.rs	lock_waiter_list	tokio/src/sync/notify.rs	NotifyGuard
tokio/src/sync/notify.rs	new	tokio/src/loom/std/atomic_usize.rs	new
tokio/src/sync/notify.rs	new	tokio/src/loom/std/unsafe_cell.rs	new
tokio/src/sync/notify.rs	new	tokio/src/runtime/time_alt/entry.rs	from
tokio/src/sync/notify.rs	new	tokio/src/sync/notify.rs	Notify
tokio/src/sync/notify.rs	new	tokio/src/sync/notify.rs	NotifyWaitersList
tokio/src/sync/notify.rs	new	tokio/src/sync/notify.rs	Waiter
tokio/src/sync/notify.rs	new	tokio/src/sync/notify.rs	new
tokio/src/sync/notify.rs	new	tokio/src/sync/notify.rs	none
tokio/src/sync/notify.rs	new	tokio/src/util/linked_list.rs	new
tokio/src/sync/notify.rs	none	tokio/src/loom/std/atomic_usize.rs	new
tokio/src/sync/notify.rs	none	tokio/src/sync/notify.rs	AtomicNotification
tokio/src/sync/notify.rs	notified	tokio/src/sync/notify.rs	Notified
tokio/src/sync/notify.rs	notified	tokio/src/sync/notify.rs	get_num_notify_waiters_calls
tokio/src/sync/notify.rs	notified	tokio/src/sync/notify.rs	new
tokio/src/sync/notify.rs	notified_owned	tokio/src/sync/notify.rs	OwnedNotified
tokio/src/sync/notify.rs	notified_owned	tokio/src/sync/notify.rs	get_num_notify_waiters_calls
tokio/src/sync/notify.rs	notified_owned	tokio/src/sync/notify.rs	new
tokio/src/sync/notify.rs	notify_last	tokio/src/sync/notify.rs	notify_with_strategy
tokio/src/sync/notify.rs	notify_locked	tokio/src/sync/notify.rs	One
tokio/src/sync/notify.rs	notify_locked	tokio/src/sync/notify.rs	get_state
tokio/src/sync/notify.rs	notify_locked	tokio/src/sync/notify.rs	set_state
tokio/src/sync/notify.rs	notify_locked	tokio/src/sync/notify.rs	store_release
tokio/src/sync/notify.rs	notify_locked	tokio/src/util/linked_list.rs	is_empty
tokio/src/sync/notify.rs	notify_locked	tokio/src/util/linked_list.rs	pop_back
tokio/src/sync/notify.rs	notify_locked	tokio/src/util/linked_list.rs	pop_front
tokio/src/sync/notify.rs	notify_one	tokio/src/sync/notify.rs	notify_with_strategy
tokio/src/sync/notify.rs	notify_waiters	tokio/src/sync/notify.rs	inner_notify_waiters
tokio/src/sync/notify.rs	notify_waiters	tokio/src/sync/notify.rs	lock_waiter_list
tokio/src/sync/notify.rs	notify_waiters	tokio/src/sync/notify.rs	notify_waiters
tokio/src/sync/notify.rs	notify_with_strategy	tokio/src/sync/notify.rs	drop
tokio/src/sync/notify.rs	notify_with_strategy	tokio/src/sync/notify.rs	get_state
tokio/src/sync/notify.rs	notify_with_strategy	tokio/src/sync/notify.rs	notify_locked
tokio/src/sync/notify.rs	notify_with_strategy	tokio/src/sync/notify.rs	set_state
tokio/src/sync/notify.rs	poll	tokio/src/sync/notify.rs	poll_notified
tokio/src/sync/notify.rs	poll_notified	tokio/src/io/ready.rs	Ready
tokio/src/sync/notify.rs	poll_notified	tokio/src/loom/std/atomic_u64_as_mutex.rs	compare_exchange
tokio/src/sync/notify.rs	poll_notified	tokio/src/runtime/time_alt/entry.rs	from
tokio/src/sync/notify.rs	poll_notified	tokio/src/sync/notify.rs	clear
tokio/src/sync/notify.rs	poll_notified	tokio/src/sync/notify.rs	drop
tokio/src/sync/notify.rs	poll_notified	tokio/src/sync/notify.rs	get_num_notify_waiters_calls
tokio/src/sync/notify.rs	poll_notified	tokio/src/sync/notify.rs	get_state
tokio/src/sync/notify.rs	poll_notified	tokio/src/sync/notify.rs	load
tokio/src/sync/notify.rs	poll_notified	tokio/src/sync/notify.rs	poll_notified
tokio/src/sync/notify.rs	poll_notified	tokio/src/sync/notify.rs	project
tokio/src/sync/notify.rs	poll_notified	tokio/src/sync/notify.rs	set_state
tokio/src/sync/notify.rs	poll_notified	tokio/src/util/rc_cell.rs	replace
tokio/src/sync/notify.rs	project	tokio/src/sync/notify.rs	NotifiedProject
tokio/src/sync/notify.rs	project	tokio/src/sync/notify.rs	is_unpin
tokio/src/sync/once_cell.rs	clone	tokio/src/sync/once_cell.rs	get
tokio/src/sync/once_cell.rs	clone	tokio/src/sync/once_cell.rs	new_with
tokio/src/sync/once_cell.rs	closure@15622	tokio/src/io/read_buf.rs	assume_init
tokio/src/sync/once_cell.rs	const_new	tokio/src/io/read_buf.rs	uninit
tokio/src/sync/once_cell.rs	const_new	tokio/src/loom/std/unsafe_cell.rs	new
tokio/src/sync/once_cell.rs	const_new	tokio/src/sync/once_cell.rs	OnceCell
tokio/src/sync/once_cell.rs	const_new	tokio/src/sync/once_cell.rs	const_new
tokio/src/sync/once_cell.rs	const_new	tokio/src/sync/once_cell.rs	new
tokio/src/sync/once_cell.rs	const_new_with	tokio/src/loom/std/unsafe_cell.rs	new
tokio/src/sync/once_cell.rs	const_new_with	tokio/src/sync/once_cell.rs	OnceCell
tokio/src/sync/once_cell.rs	const_new_with	tokio/src/sync/once_cell.rs	new
tokio/src/sync/once_cell.rs	default	tokio/src/sync/once_cell.rs	new
tokio/src/sync/once_cell.rs	drop	tokio/src/loom/std/unsafe_cell.rs	with_mut
tokio/src/sync/once_cell.rs	drop	tokio/src/sync/once_cell.rs	initialized_mut
tokio/src/sync/once_cell.rs	eq	tokio/src/sync/once_cell.rs	get
tokio/src/sync/once_cell.rs	fmt	tokio/src/sync/once_cell.rs	get
tokio/src/sync/once_cell.rs	from	tokio/src/loom/std/unsafe_cell.rs	new
tokio/src/sync/once_cell.rs	from	tokio/src/sync/once_cell.rs	OnceCell
tokio/src/sync/once_cell.rs	from	tokio/src/sync/once_cell.rs	new
tokio/src/sync/once_cell.rs	get	tokio/src/sync/once_cell.rs	get_unchecked
tokio/src/sync/once_cell.rs	get	tokio/src/sync/once_cell.rs	initialized
tokio/src/sync/once_cell.rs	get_mut	tokio/src/sync/once_cell.rs	get_unchecked_mut
tokio/src/sync/once_cell.rs	get_mut	tokio/src/sync/once_cell.rs	initialized_mut
tokio/src/sync/once_cell.rs	get_or_init	tokio/src/sync/once_cell.rs	get_unchecked
tokio/src/sync/once_cell.rs	get_or_init	tokio/src/sync/once_cell.rs	initialized
tokio/src/sync/once_cell.rs	get_or_init	tokio/src/sync/once_cell.rs	set_value
tokio/src/sync/once_cell.rs	get_or_try_init	tokio/src/sync/once_cell.rs	get_unchecked
tokio/src/sync/once_cell.rs	get_or_try_init	tokio/src/sync/once_cell.rs	initialized
tokio/src/sync/once_cell.rs	get_or_try_init	tokio/src/sync/once_cell.rs	set_value
tokio/src/sync/once_cell.rs	get_unchecked	tokio/src/loom/std/unsafe_cell.rs	with
tokio/src/sync/once_cell.rs	get_unchecked_mut	tokio/src/loom/std/unsafe_cell.rs	with_mut
tokio/src/sync/once_cell.rs	into_inner	tokio/src/io/read_buf.rs	assume_init
tokio/src/sync/once_cell.rs	into_inner	tokio/src/loom/std/unsafe_cell.rs	with
tokio/src/sync/once_cell.rs	into_inner	tokio/src/sync/once_cell.rs	initialized_mut
tokio/src/sync/once_cell.rs	new	tokio/src/io/read_buf.rs	uninit
tokio/src/sync/once_cell.rs	new	tokio/src/loom/std/unsafe_cell.rs	new
tokio/src/sync/once_cell.rs	new	tokio/src/sync/once_cell.rs	OnceCell
tokio/src/sync/once_cell.rs	new	tokio/src/sync/once_cell.rs	new
tokio/src/sync/once_cell.rs	new_with	tokio/src/sync/once_cell.rs	from
tokio/src/sync/once_cell.rs	new_with	tokio/src/sync/once_cell.rs	new
tokio/src/sync/once_cell.rs	set	tokio/src/sync/once_cell.rs	AlreadyInitializedError
tokio/src/sync/once_cell.rs	set	tokio/src/sync/once_cell.rs	InitializingError
tokio/src/sync/once_cell.rs	set	tokio/src/sync/once_cell.rs	initialized
tokio/src/sync/once_cell.rs	set	tokio/src/sync/once_cell.rs	set_value
tokio/src/sync/once_cell.rs	set_value	tokio/src/loom/std/unsafe_cell.rs	with_mut
tokio/src/sync/once_cell.rs	set_value	tokio/src/sync/mpsc/chan.rs	close
tokio/src/sync/once_cell.rs	set_value	tokio/src/sync/once_cell.rs	get_unchecked
tokio/src/sync/once_cell.rs	set_value	tokio/src/sync/semaphore.rs	forget
tokio/src/sync/once_cell.rs	take	tokio/src/sync/once_cell.rs	into_inner
tokio/src/sync/oneshot.rs	channel	tokio/src/io/read_buf.rs	uninit
tokio/src/sync/oneshot.rs	channel	tokio/src/loom/std/atomic_usize.rs	new
tokio/src/sync/oneshot.rs	channel	tokio/src/loom/std/unsafe_cell.rs	new
tokio/src/sync/oneshot.rs	channel	tokio/src/sync/oneshot.rs	Inner
tokio/src/sync/oneshot.rs	channel	tokio/src/sync/oneshot.rs	Receiver
tokio/src/sync/oneshot.rs	channel	tokio/src/sync/oneshot.rs	Sender
tokio/src/sync/oneshot.rs	channel	tokio/src/sync/oneshot.rs	Task
tokio/src/sync/oneshot.rs	channel	tokio/src/sync/oneshot.rs	as_usize
tokio/src/sync/oneshot.rs	channel	tokio/src/sync/oneshot.rs	new
tokio/src/sync/oneshot.rs	close	tokio/src/sync/oneshot.rs	close
tokio/src/sync/oneshot.rs	close	tokio/src/sync/oneshot.rs	drop_task
tokio/src/sync/oneshot.rs	close	tokio/src/sync/oneshot.rs	is_complete
tokio/src/sync/oneshot.rs	close	tokio/src/sync/oneshot.rs	is_rx_task_set
tokio/src/sync/oneshot.rs	close	tokio/src/sync/oneshot.rs	is_tx_task_set
tokio/src/sync/oneshot.rs	close	tokio/src/sync/oneshot.rs	set_closed
tokio/src/sync/oneshot.rs	close	tokio/src/sync/oneshot.rs	unset_rx_task
tokio/src/sync/oneshot.rs	close	tokio/src/sync/oneshot.rs	with_task
tokio/src/sync/oneshot.rs	closed	tokio/src/sync/oneshot.rs	poll_closed
tokio/src/sync/oneshot.rs	closure@11899	tokio/src/sync/oneshot.rs	will_wake
tokio/src/sync/oneshot.rs	closure@21964	tokio/src/sync/oneshot.rs	poll_closed
tokio/src/sync/oneshot.rs	closure@22197	tokio/src/sync/oneshot.rs	poll_closed
tokio/src/sync/oneshot.rs	complete	tokio/src/sync/oneshot.rs	is_closed
tokio/src/sync/oneshot.rs	complete	tokio/src/sync/oneshot.rs	is_rx_task_set
tokio/src/sync/oneshot.rs	complete	tokio/src/sync/oneshot.rs	set_complete
tokio/src/sync/oneshot.rs	complete	tokio/src/sync/oneshot.rs	with_task
tokio/src/sync/oneshot.rs	consume_value	tokio/src/loom/std/unsafe_cell.rs	with_mut
tokio/src/sync/oneshot.rs	drop	tokio/src/sync/oneshot.rs	State
tokio/src/sync/oneshot.rs	drop	tokio/src/sync/oneshot.rs	close
tokio/src/sync/oneshot.rs	drop	tokio/src/sync/oneshot.rs	complete
tokio/src/sync/oneshot.rs	drop	tokio/src/sync/oneshot.rs	consume_value
tokio/src/sync/oneshot.rs	drop	tokio/src/sync/oneshot.rs	drop
tokio/src/sync/oneshot.rs	drop	tokio/src/sync/oneshot.rs	drop_task
tokio/src/sync/oneshot.rs	drop	tokio/src/sync/oneshot.rs	is_complete
tokio/src/sync/oneshot.rs	drop	tokio/src/sync/oneshot.rs	is_rx_task_set
tokio/src/sync/oneshot.rs	drop	tokio/src/sync/oneshot.rs	is_tx_task_set
tokio/src/sync/oneshot.rs	drop	tokio/src/sync/oneshot.rs	mut_load
tokio/src/sync/oneshot.rs	fmt	tokio/src/sync/oneshot.rs	is_closed
tokio/src/sync/oneshot.rs	fmt	tokio/src/sync/oneshot.rs	is_complete
tokio/src/sync/oneshot.rs	fmt	tokio/src/sync/oneshot.rs	is_rx_task_set
tokio/src/sync/oneshot.rs	fmt	tokio/src/sync/oneshot.rs	is_tx_task_set
tokio/src/sync/oneshot.rs	fmt	tokio/src/sync/oneshot.rs	load
tokio/src/sync/oneshot.rs	has_value	tokio/src/loom/std/unsafe_cell.rs	with
tokio/src/sync/oneshot.rs	is_closed	tokio/src/sync/oneshot.rs	is_closed
tokio/src/sync/oneshot.rs	is_closed	tokio/src/sync/oneshot.rs	load
tokio/src/sync/oneshot.rs	is_empty	tokio/src/sync/oneshot.rs	has_value
tokio/src/sync/oneshot.rs	is_empty	tokio/src/sync/oneshot.rs	is_complete
tokio/src/sync/oneshot.rs	is_empty	tokio/src/sync/oneshot.rs	load
tokio/src/sync/oneshot.rs	load	tokio/src/sync/oneshot.rs	State
tokio/src/sync/oneshot.rs	mut_load	tokio/src/loom/std/atomic_usize.rs	with_mut
tokio/src/sync/oneshot.rs	new	tokio/src/sync/oneshot.rs	State
tokio/src/sync/oneshot.rs	poll	tokio/src/io/ready.rs	Ready
tokio/src/sync/oneshot.rs	poll_closed	tokio/src/io/ready.rs	Ready
tokio/src/sync/oneshot.rs	poll_closed	tokio/src/sync/oneshot.rs	drop_task
tokio/src/sync/oneshot.rs	poll_closed	tokio/src/sync/oneshot.rs	is_closed
tokio/src/sync/oneshot.rs	poll_closed	tokio/src/sync/oneshot.rs	is_tx_task_set
tokio/src/sync/oneshot.rs	poll_closed	tokio/src/sync/oneshot.rs	load
tokio/src/sync/oneshot.rs	poll_closed	tokio/src/sync/oneshot.rs	set_task
tokio/src/sync/oneshot.rs	poll_closed	tokio/src/sync/oneshot.rs	set_tx_task
tokio/src/sync/oneshot.rs	poll_closed	tokio/src/sync/oneshot.rs	unset_tx_task
tokio/src/sync/oneshot.rs	poll_closed	tokio/src/sync/oneshot.rs	will_wake
tokio/src/sync/oneshot.rs	poll_recv	tokio/src/io/ready.rs	Ready
tokio/src/sync/oneshot.rs	poll_recv	tokio/src/sync/oneshot.rs	RecvError
tokio/src/sync/oneshot.rs	poll_recv	tokio/src/sync/oneshot.rs	consume_value
tokio/src/sync/oneshot.rs	poll_recv	tokio/src/sync/oneshot.rs	drop_task
tokio/src/sync/oneshot.rs	poll_recv	tokio/src/sync/oneshot.rs	is_closed
tokio/src/sync/oneshot.rs	poll_recv	tokio/src/sync/oneshot.rs	is_complete
tokio/src/sync/oneshot.rs	poll_recv	tokio/src/sync/oneshot.rs	is_rx_task_set
tokio/src/sync/oneshot.rs	poll_recv	tokio/src/sync/oneshot.rs	load
tokio/src/sync/oneshot.rs	poll_recv	tokio/src/sync/oneshot.rs	set_rx_task
tokio/src/sync/oneshot.rs	poll_recv	tokio/src/sync/oneshot.rs	set_task
tokio/src/sync/oneshot.rs	poll_recv	tokio/src/sync/oneshot.rs	unset_rx_task
tokio/src/sync/oneshot.rs	poll_recv	tokio/src/sync/oneshot.rs	will_wake
tokio/src/sync/oneshot.rs	send	tokio/src/sync/oneshot.rs	complete
tokio/src/sync/oneshot.rs	send	tokio/src/sync/oneshot.rs	consume_value
tokio/src/sync/oneshot.rs	set_closed	tokio/src/sync/oneshot.rs	State
tokio/src/sync/oneshot.rs	set_complete	tokio/src/sync/oneshot.rs	State
tokio/src/sync/oneshot.rs	set_complete	tokio/src/sync/oneshot.rs	is_closed
tokio/src/sync/oneshot.rs	set_rx_task	tokio/src/sync/oneshot.rs	State
tokio/src/sync/oneshot.rs	set_tx_task	tokio/src/sync/oneshot.rs	State
tokio/src/sync/oneshot.rs	try_recv	tokio/src/sync/oneshot.rs	consume_value
tokio/src/sync/oneshot.rs	try_recv	tokio/src/sync/oneshot.rs	is_closed
tokio/src/sync/oneshot.rs	try_recv	tokio/src/sync/oneshot.rs	is_complete
tokio/src/sync/oneshot.rs	try_recv	tokio/src/sync/oneshot.rs	load
tokio/src/sync/oneshot.rs	unset_rx_task	tokio/src/sync/oneshot.rs	State
tokio/src/sync/oneshot.rs	unset_tx_task	tokio/src/sync/oneshot.rs	State
tokio/src/sync/oneshot.rs	will_wake	tokio/src/sync/oneshot.rs	will_wake
tokio/src/sync/oneshot.rs	will_wake	tokio/src/sync/oneshot.rs	with_task
tokio/src/sync/rwlock.rs	bounds	tokio/src/sync/rwlock.rs	check_send
tokio/src/sync/rwlock.rs	bounds	tokio/src/sync/rwlock.rs	check_send_sync_val
tokio/src/sync/rwlock.rs	bounds	tokio/src/sync/rwlock.rs	check_sync
tokio/src/sync/rwlock.rs	bounds	tokio/src/sync/rwlock.rs	check_unpin
tokio/src/sync/rwlock.rs	bounds	tokio/src/sync/rwlock.rs	new
tokio/src/sync/rwlock.rs	bounds	tokio/src/sync/rwlock.rs	read_owned
tokio/src/sync/rwlock.rs	bounds	tokio/src/sync/rwlock.rs	write_owned
tokio/src/sync/rwlock.rs	closure@10956	tokio/src/sync/rwlock.rs	new
tokio/src/sync/rwlock.rs	closure@8704	tokio/src/sync/rwlock.rs	new
tokio/src/sync/rwlock.rs	const_new	tokio/src/loom/std/unsafe_cell.rs	new
tokio/src/sync/rwlock.rs	const_new	tokio/src/sync/notify.rs	none
tokio/src/sync/rwlock.rs	const_new	tokio/src/sync/rwlock.rs	RwLock
tokio/src/sync/rwlock.rs	const_new	tokio/src/sync/rwlock.rs	const_new
tokio/src/sync/rwlock.rs	const_with_max_readers	tokio/src/loom/std/unsafe_cell.rs	new
tokio/src/sync/rwlock.rs	const_with_max_readers	tokio/src/sync/notify.rs	none
tokio/src/sync/rwlock.rs	const_with_max_readers	tokio/src/sync/rwlock.rs	RwLock
tokio/src/sync/rwlock.rs	const_with_max_readers	tokio/src/sync/rwlock.rs	const_new
tokio/src/sync/rwlock.rs	default	tokio/src/sync/rwlock.rs	default
tokio/src/sync/rwlock.rs	default	tokio/src/sync/rwlock.rs	new
tokio/src/sync/rwlock.rs	from	tokio/src/sync/rwlock.rs	new
tokio/src/sync/rwlock.rs	new	tokio/src/loom/std/unsafe_cell.rs	new
tokio/src/sync/rwlock.rs	new	tokio/src/sync/rwlock.rs	RwLock
tokio/src/sync/rwlock.rs	new	tokio/src/sync/rwlock.rs	new
tokio/src/sync/rwlock.rs	read	tokio/src/sync/rwlock/read_guard.rs	RwLockReadGuard
tokio/src/sync/rwlock.rs	read_owned	tokio/src/sync/rwlock/owned_read_guard.rs	OwnedRwLockReadGuard
tokio/src/sync/rwlock.rs	try_read	tokio/src/sync/mutex.rs	TryLockError
tokio/src/sync/rwlock.rs	try_read	tokio/src/sync/rwlock/read_guard.rs	RwLockReadGuard
tokio/src/sync/rwlock.rs	try_read_owned	tokio/src/sync/mutex.rs	TryLockError
tokio/src/sync/rwlock.rs	try_read_owned	tokio/src/sync/rwlock/owned_read_guard.rs	OwnedRwLockReadGuard
tokio/src/sync/rwlock.rs	try_write	tokio/src/sync/mutex.rs	TryLockError
tokio/src/sync/rwlock.rs	try_write	tokio/src/sync/rwlock/write_guard.rs	RwLockWriteGuard
tokio/src/sync/rwlock.rs	try_write_owned	tokio/src/sync/mutex.rs	TryLockError
tokio/src/sync/rwlock.rs	try_write_owned	tokio/src/sync/rwlock/owned_write_guard.rs	OwnedRwLockWriteGuard
tokio/src/sync/rwlock.rs	with_max_readers	tokio/src/loom/std/unsafe_cell.rs	new
tokio/src/sync/rwlock.rs	with_max_readers	tokio/src/sync/rwlock.rs	RwLock
tokio/src/sync/rwlock.rs	with_max_readers	tokio/src/sync/rwlock.rs	new
tokio/src/sync/rwlock.rs	write	tokio/src/sync/rwlock/write_guard.rs	RwLockWriteGuard
tokio/src/sync/rwlock.rs	write_owned	tokio/src/sync/rwlock/owned_write_guard.rs	OwnedRwLockWriteGuard
tokio/src/sync/rwlock/owned_read_guard.rs	fmt	tokio/src/sync/rwlock/owned_read_guard.rs	fmt
tokio/src/sync/rwlock/owned_read_guard.rs	map	tokio/src/sync/rwlock/owned_read_guard.rs	OwnedRwLockReadGuard
tokio/src/sync/rwlock/owned_read_guard.rs	map	tokio/src/sync/rwlock/owned_read_guard.rs	skip_drop
tokio/src/sync/rwlock/owned_read_guard.rs	skip_drop	tokio/src/sync/rwlock/owned_read_guard.rs	Inner
tokio/src/sync/rwlock/owned_read_guard.rs	try_map	tokio/src/sync/rwlock/owned_read_guard.rs	OwnedRwLockReadGuard
tokio/src/sync/rwlock/owned_read_guard.rs	try_map	tokio/src/sync/rwlock/owned_read_guard.rs	skip_drop
tokio/src/sync/rwlock/owned_write_guard.rs	downgrade	tokio/src/sync/rwlock/owned_read_guard.rs	OwnedRwLockReadGuard
tokio/src/sync/rwlock/owned_write_guard.rs	downgrade	tokio/src/sync/rwlock/owned_write_guard.rs	skip_drop
tokio/src/sync/rwlock/owned_write_guard.rs	downgrade_map	tokio/src/sync/rwlock/owned_read_guard.rs	OwnedRwLockReadGuard
tokio/src/sync/rwlock/owned_write_guard.rs	downgrade_map	tokio/src/sync/rwlock/owned_write_guard.rs	skip_drop
tokio/src/sync/rwlock/owned_write_guard.rs	fmt	tokio/src/sync/rwlock/owned_write_guard.rs	fmt
tokio/src/sync/rwlock/owned_write_guard.rs	into_mapped	tokio/src/sync/rwlock/owned_write_guard.rs	map
tokio/src/sync/rwlock/owned_write_guard.rs	map	tokio/src/sync/rwlock/owned_write_guard.rs	skip_drop
tokio/src/sync/rwlock/owned_write_guard.rs	map	tokio/src/sync/rwlock/owned_write_guard_mapped.rs	OwnedRwLockMappedWriteGuard
tokio/src/sync/rwlock/owned_write_guard.rs	skip_drop	tokio/src/sync/rwlock/owned_write_guard.rs	Inner
tokio/src/sync/rwlock/owned_write_guard.rs	try_downgrade_map	tokio/src/sync/rwlock/owned_read_guard.rs	OwnedRwLockReadGuard
tokio/src/sync/rwlock/owned_write_guard.rs	try_downgrade_map	tokio/src/sync/rwlock/owned_write_guard.rs	skip_drop
tokio/src/sync/rwlock/owned_write_guard.rs	try_map	tokio/src/sync/rwlock/owned_write_guard.rs	skip_drop
tokio/src/sync/rwlock/owned_write_guard.rs	try_map	tokio/src/sync/rwlock/owned_write_guard_mapped.rs	OwnedRwLockMappedWriteGuard
tokio/src/sync/rwlock/owned_write_guard_mapped.rs	fmt	tokio/src/sync/rwlock/owned_write_guard_mapped.rs	fmt
tokio/src/sync/rwlock/owned_write_guard_mapped.rs	map	tokio/src/sync/rwlock/owned_write_guard_mapped.rs	OwnedRwLockMappedWriteGuard
tokio/src/sync/rwlock/owned_write_guard_mapped.rs	map	tokio/src/sync/rwlock/owned_write_guard_mapped.rs	skip_drop
tokio/src/sync/rwlock/owned_write_guard_mapped.rs	skip_drop	tokio/src/sync/rwlock/owned_write_guard_mapped.rs	Inner
tokio/src/sync/rwlock/owned_write_guard_mapped.rs	try_map	tokio/src/sync/rwlock/owned_write_guard_mapped.rs	OwnedRwLockMappedWriteGuard
tokio/src/sync/rwlock/owned_write_guard_mapped.rs	try_map	tokio/src/sync/rwlock/owned_write_guard_mapped.rs	skip_drop
tokio/src/sync/rwlock/read_guard.rs	drop	tokio/src/sync/batch_semaphore.rs	release
tokio/src/sync/rwlock/read_guard.rs	fmt	tokio/src/sync/rwlock/read_guard.rs	fmt
tokio/src/sync/rwlock/read_guard.rs	map	tokio/src/sync/rwlock/read_guard.rs	RwLockReadGuard
tokio/src/sync/rwlock/read_guard.rs	map	tokio/src/sync/rwlock/read_guard.rs	skip_drop
tokio/src/sync/rwlock/read_guard.rs	skip_drop	tokio/src/sync/rwlock/read_guard.rs	Inner
tokio/src/sync/rwlock/read_guard.rs	try_map	tokio/src/sync/rwlock/read_guard.rs	RwLockReadGuard
tokio/src/sync/rwlock/read_guard.rs	try_map	tokio/src/sync/rwlock/read_guard.rs	skip_drop
tokio/src/sync/rwlock/write_guard.rs	downgrade	tokio/src/sync/rwlock/read_guard.rs	RwLockReadGuard
tokio/src/sync/rwlock/write_guard.rs	downgrade	tokio/src/sync/rwlock/write_guard.rs	skip_drop
tokio/src/sync/rwlock/write_guard.rs	downgrade_map	tokio/src/sync/rwlock/read_guard.rs	RwLockReadGuard
tokio/src/sync/rwlock/write_guard.rs	downgrade_map	tokio/src/sync/rwlock/write_guard.rs	skip_drop
tokio/src/sync/rwlock/write_guard.rs	drop	tokio/src/sync/batch_semaphore.rs	release
tokio/src/sync/rwlock/write_guard.rs	fmt	tokio/src/sync/rwlock/write_guard.rs	fmt
tokio/src/sync/rwlock/write_guard.rs	into_mapped	tokio/src/sync/rwlock/write_guard.rs	map
tokio/src/sync/rwlock/write_guard.rs	map	tokio/src/sync/rwlock/write_guard.rs	skip_drop
tokio/src/sync/rwlock/write_guard.rs	map	tokio/src/sync/rwlock/write_guard_mapped.rs	RwLockMappedWriteGuard
tokio/src/sync/rwlock/write_guard.rs	skip_drop	tokio/src/sync/rwlock/write_guard.rs	Inner
tokio/src/sync/rwlock/write_guard.rs	try_downgrade_map	tokio/src/sync/rwlock/read_guard.rs	RwLockReadGuard
tokio/src/sync/rwlock/write_guard.rs	try_downgrade_map	tokio/src/sync/rwlock/write_guard.rs	skip_drop
tokio/src/sync/rwlock/write_guard.rs	try_map	tokio/src/sync/rwlock/write_guard.rs	skip_drop
tokio/src/sync/rwlock/write_guard.rs	try_map	tokio/src/sync/rwlock/write_guard_mapped.rs	RwLockMappedWriteGuard
tokio/src/sync/rwlock/write_guard_mapped.rs	drop	tokio/src/sync/batch_semaphore.rs	release
tokio/src/sync/rwlock/write_guard_mapped.rs	fmt	tokio/src/sync/rwlock/write_guard_mapped.rs	fmt
tokio/src/sync/rwlock/write_guard_mapped.rs	map	tokio/src/sync/rwlock/write_guard_mapped.rs	RwLockMappedWriteGuard
tokio/src/sync/rwlock/write_guard_mapped.rs	map	tokio/src/sync/rwlock/write_guard_mapped.rs	skip_drop
tokio/src/sync/rwlock/write_guard_mapped.rs	skip_drop	tokio/src/sync/rwlock/write_guard_mapped.rs	Inner
tokio/src/sync/rwlock/write_guard_mapped.rs	try_map	tokio/src/sync/rwlock/write_guard_mapped.rs	RwLockMappedWriteGuard
tokio/src/sync/rwlock/write_guard_mapped.rs	try_map	tokio/src/sync/rwlock/write_guard_mapped.rs	skip_drop
tokio/src/sync/semaphore.rs	acquire	tokio/src/sync/semaphore.rs	SemaphorePermit
tokio/src/sync/semaphore.rs	acquire_many	tokio/src/sync/semaphore.rs	SemaphorePermit
tokio/src/sync/semaphore.rs	acquire_many_owned	tokio/src/sync/semaphore.rs	OwnedSemaphorePermit
tokio/src/sync/semaphore.rs	acquire_owned	tokio/src/sync/semaphore.rs	OwnedSemaphorePermit
tokio/src/sync/semaphore.rs	add_permits	tokio/src/sync/batch_semaphore.rs	release
tokio/src/sync/semaphore.rs	blocking_acquire_many	tokio/src/sync/semaphore.rs	acquire_many
tokio/src/sync/semaphore.rs	blocking_acquire_many_owned	tokio/src/sync/semaphore.rs	acquire_many_owned
tokio/src/sync/semaphore.rs	blocking_acquire_owned	tokio/src/sync/semaphore.rs	acquire_owned
tokio/src/sync/semaphore.rs	bounds	tokio/src/sync/semaphore.rs	check_send_sync
tokio/src/sync/semaphore.rs	bounds	tokio/src/sync/semaphore.rs	check_send_sync_val
tokio/src/sync/semaphore.rs	bounds	tokio/src/sync/semaphore.rs	check_unpin
tokio/src/sync/semaphore.rs	bounds	tokio/src/sync/semaphore.rs	new
tokio/src/sync/semaphore.rs	close	tokio/src/sync/mpsc/chan.rs	close
tokio/src/sync/semaphore.rs	closure@18822	tokio/src/sync/semaphore.rs	new
tokio/src/sync/semaphore.rs	const_new	tokio/src/sync/notify.rs	none
tokio/src/sync/semaphore.rs	const_new	tokio/src/sync/semaphore.rs	const_new
tokio/src/sync/semaphore.rs	const_new_closed	tokio/src/sync/notify.rs	none
tokio/src/sync/semaphore.rs	const_new_closed	tokio/src/sync/semaphore.rs	const_new_closed
tokio/src/sync/semaphore.rs	drop	tokio/src/sync/semaphore.rs	add_permits
tokio/src/sync/semaphore.rs	is_closed	tokio/src/sync/mpsc/chan.rs	is_closed
tokio/src/sync/semaphore.rs	new	tokio/src/sync/semaphore.rs	new
tokio/src/sync/semaphore.rs	new_closed	tokio/src/sync/notify.rs	none
tokio/src/sync/semaphore.rs	new_closed	tokio/src/sync/semaphore.rs	new_closed
tokio/src/sync/semaphore.rs	try_acquire	tokio/src/sync/semaphore.rs	SemaphorePermit
tokio/src/sync/semaphore.rs	try_acquire_many	tokio/src/sync/semaphore.rs	SemaphorePermit
tokio/src/sync/semaphore.rs	try_acquire_many_owned	tokio/src/sync/semaphore.rs	OwnedSemaphorePermit
tokio/src/sync/semaphore.rs	try_acquire_owned	tokio/src/sync/semaphore.rs	OwnedSemaphorePermit
tokio/src/sync/set_once.rs	clone	tokio/src/sync/set_once.rs	get
tokio/src/sync/set_once.rs	clone	tokio/src/sync/set_once.rs	new_with
tokio/src/sync/set_once.rs	closure@10267	tokio/src/io/read_buf.rs	assume_init
tokio/src/sync/set_once.rs	closure@10817	tokio/src/io/ready.rs	Ready
tokio/src/sync/set_once.rs	const_new	tokio/src/io/read_buf.rs	uninit
tokio/src/sync/set_once.rs	const_new	tokio/src/loom/std/unsafe_cell.rs	new
tokio/src/sync/set_once.rs	const_new	tokio/src/sync/notify.rs	const_new
tokio/src/sync/set_once.rs	const_new	tokio/src/sync/set_once.rs	new
tokio/src/sync/set_once.rs	const_new_with	tokio/src/loom/std/unsafe_cell.rs	new
tokio/src/sync/set_once.rs	const_new_with	tokio/src/sync/notify.rs	const_new
tokio/src/sync/set_once.rs	const_new_with	tokio/src/sync/set_once.rs	new
tokio/src/sync/set_once.rs	default	tokio/src/sync/set_once.rs	new
tokio/src/sync/set_once.rs	drop	tokio/src/loom/std/unsafe_cell.rs	with_mut
tokio/src/sync/set_once.rs	eq	tokio/src/sync/set_once.rs	get
tokio/src/sync/set_once.rs	fmt	tokio/src/sync/set_once.rs	get
tokio/src/sync/set_once.rs	from	tokio/src/loom/std/unsafe_cell.rs	new
tokio/src/sync/set_once.rs	from	tokio/src/sync/notify.rs	new
tokio/src/sync/set_once.rs	from	tokio/src/sync/set_once.rs	SetOnce
tokio/src/sync/set_once.rs	from	tokio/src/sync/set_once.rs	new
tokio/src/sync/set_once.rs	get	tokio/src/sync/set_once.rs	get_unchecked
tokio/src/sync/set_once.rs	get	tokio/src/sync/set_once.rs	initialized
tokio/src/sync/set_once.rs	get_unchecked	tokio/src/loom/std/unsafe_cell.rs	with
tokio/src/sync/set_once.rs	into_inner	tokio/src/io/read_buf.rs	assume_init
tokio/src/sync/set_once.rs	into_inner	tokio/src/loom/std/unsafe_cell.rs	with_mut
tokio/src/sync/set_once.rs	new	tokio/src/io/read_buf.rs	uninit
tokio/src/sync/set_once.rs	new	tokio/src/loom/std/unsafe_cell.rs	new
tokio/src/sync/set_once.rs	new	tokio/src/sync/notify.rs	new
tokio/src/sync/set_once.rs	new	tokio/src/sync/set_once.rs	new
tokio/src/sync/set_once.rs	new_with	tokio/src/sync/set_once.rs	from
tokio/src/sync/set_once.rs	new_with	tokio/src/sync/set_once.rs	new
tokio/src/sync/set_once.rs	set	tokio/src/loom/std/unsafe_cell.rs	with_mut
tokio/src/sync/set_once.rs	set	tokio/src/sync/notify.rs	lock_waiter_list
tokio/src/sync/set_once.rs	set	tokio/src/sync/set_once.rs	SetOnceError
tokio/src/sync/set_once.rs	set	tokio/src/sync/set_once.rs	initialized
tokio/src/sync/set_once.rs	wait	tokio/src/io/ready.rs	Ready
tokio/src/sync/set_once.rs	wait	tokio/src/sync/notify.rs	notified
tokio/src/sync/set_once.rs	wait	tokio/src/sync/set_once.rs	get
tokio/src/sync/task/atomic_waker.rs	closure@11377	tokio/src/sync/task/atomic_waker.rs	wake
tokio/src/sync/task/atomic_waker.rs	closure@8461	tokio/src/sync/task/atomic_waker.rs	into_waker
tokio/src/sync/task/atomic_waker.rs	default	tokio/src/sync/task/atomic_waker.rs	new
tokio/src/sync/task/atomic_waker.rs	do_register	tokio/src/loom/std/unsafe_cell.rs	with_mut
tokio/src/sync/task/atomic_waker.rs	do_register	tokio/src/sync/task/atomic_waker.rs	catch_unwind
tokio/src/sync/task/atomic_waker.rs	do_register	tokio/src/sync/task/atomic_waker.rs	into_waker
tokio/src/sync/task/atomic_waker.rs	do_register	tokio/src/sync/task/atomic_waker.rs	wake
tokio/src/sync/task/atomic_waker.rs	new	tokio/src/loom/std/atomic_usize.rs	new
tokio/src/sync/task/atomic_waker.rs	new	tokio/src/loom/std/unsafe_cell.rs	new
tokio/src/sync/task/atomic_waker.rs	new	tokio/src/sync/task/atomic_waker.rs	AtomicWaker
tokio/src/sync/task/atomic_waker.rs	register_by_ref	tokio/src/sync/task/atomic_waker.rs	do_register
tokio/src/sync/task/atomic_waker.rs	take_waker	tokio/src/loom/std/unsafe_cell.rs	with_mut
tokio/src/sync/task/atomic_waker.rs	wake	tokio/src/sync/task/atomic_waker.rs	take_waker
tokio/src/sync/task/atomic_waker.rs	wake	tokio/src/sync/task/atomic_waker.rs	wake
tokio/src/sync/tests/atomic_waker.rs	atomic_waker_panic_safe	tokio/src/sync/task/atomic_waker.rs	new
tokio/src/sync/tests/atomic_waker.rs	atomic_waker_panic_safe	tokio/src/sync/task/atomic_waker.rs	register_by_ref
tokio/src/sync/tests/atomic_waker.rs	basic_usage	tokio-test/src/task.rs	spawn
tokio/src/sync/tests/atomic_waker.rs	basic_usage	tokio/src/sync/task/atomic_waker.rs	new
tokio/src/sync/tests/atomic_waker.rs	basic_usage	tokio/src/sync/task/atomic_waker.rs	register_by_ref
tokio/src/sync/tests/atomic_waker.rs	closure@1403	tokio/src/io/join.rs	join
tokio/src/sync/tests/atomic_waker.rs	closure@1403	tokio/src/sync/task/atomic_waker.rs	register_by_ref
tokio/src/sync/tests/atomic_waker.rs	closure@1403	tokio/src/sync/task/atomic_waker.rs	take_waker
tokio/src/sync/tests/atomic_waker.rs	closure@1434	tokio/src/sync/task/atomic_waker.rs	take_waker
tokio/src/sync/tests/atomic_waker.rs	closure@2809	tokio/src/sync/task/atomic_waker.rs	register_by_ref
tokio/src/sync/tests/atomic_waker.rs	closure@503	tokio/src/sync/task/atomic_waker.rs	register_by_ref
tokio/src/sync/tests/atomic_waker.rs	closure@784	tokio/src/sync/task/atomic_waker.rs	register_by_ref
tokio/src/sync/tests/atomic_waker.rs	failed_wake_synchronizes	tokio/src/sync/tests/atomic_waker.rs	failed_wake_synchronizes_inner
tokio/src/sync/tests/atomic_waker.rs	failed_wake_synchronizes_inner	tokio/src/io/join.rs	join
tokio/src/sync/tests/atomic_waker.rs	failed_wake_synchronizes_inner	tokio/src/sync/task/atomic_waker.rs	new
tokio/src/sync/tests/atomic_waker.rs	failed_wake_synchronizes_inner	tokio/src/sync/task/atomic_waker.rs	register_by_ref
tokio/src/sync/tests/atomic_waker.rs	failed_wake_synchronizes_inner	tokio/src/sync/task/atomic_waker.rs	take_waker
tokio/src/sync/tests/atomic_waker.rs	wake_without_register	tokio-test/src/task.rs	spawn
tokio/src/sync/tests/atomic_waker.rs	wake_without_register	tokio/src/sync/task/atomic_waker.rs	new
tokio/src/sync/tests/atomic_waker.rs	wake_without_register	tokio/src/sync/task/atomic_waker.rs	register_by_ref
tokio/src/sync/tests/loom_atomic_waker.rs	basic_notification	tokio/src/io/ready.rs	Ready
tokio/src/sync/tests/loom_atomic_waker.rs	basic_notification	tokio/src/loom/std/atomic_usize.rs	new
tokio/src/sync/tests/loom_atomic_waker.rs	basic_notification	tokio/src/sync/task/atomic_waker.rs	new
tokio/src/sync/tests/loom_atomic_waker.rs	basic_notification	tokio/src/sync/task/atomic_waker.rs	register_by_ref
tokio/src/sync/tests/loom_atomic_waker.rs	basic_notification	tokio/src/sync/tests/loom_atomic_waker.rs	Chan
tokio/src/sync/tests/loom_atomic_waker.rs	closure@1676	tokio/src/loom/std/atomic_usize.rs	new
tokio/src/sync/tests/loom_atomic_waker.rs	closure@1676	tokio/src/sync/task/atomic_waker.rs	new
tokio/src/sync/tests/loom_atomic_waker.rs	closure@1676	tokio/src/sync/tests/loom_atomic_waker.rs	Chan
tokio/src/sync/tests/loom_atomic_waker.rs	closure@2422	tokio/src/sync/task/atomic_waker.rs	register_by_ref
tokio/src/sync/tests/loom_atomic_waker.rs	closure@2491	tokio/src/io/ready.rs	Ready
tokio/src/sync/tests/loom_atomic_waker.rs	closure@2491	tokio/src/sync/task/atomic_waker.rs	register_by_ref
tokio/src/sync/tests/loom_atomic_waker.rs	closure@394	tokio/src/loom/std/atomic_usize.rs	new
tokio/src/sync/tests/loom_atomic_waker.rs	closure@394	tokio/src/sync/task/atomic_waker.rs	new
tokio/src/sync/tests/loom_atomic_waker.rs	closure@394	tokio/src/sync/tests/loom_atomic_waker.rs	Chan
tokio/src/sync/tests/loom_atomic_waker.rs	closure@764	tokio/src/io/ready.rs	Ready
tokio/src/sync/tests/loom_atomic_waker.rs	closure@764	tokio/src/sync/task/atomic_waker.rs	register_by_ref
tokio/src/sync/tests/loom_atomic_waker.rs	test_panicky_waker	tokio/src/io/ready.rs	Ready
tokio/src/sync/tests/loom_atomic_waker.rs	test_panicky_waker	tokio/src/loom/std/atomic_usize.rs	new
tokio/src/sync/tests/loom_atomic_waker.rs	test_panicky_waker	tokio/src/sync/task/atomic_waker.rs	new
tokio/src/sync/tests/loom_atomic_waker.rs	test_panicky_waker	tokio/src/sync/task/atomic_waker.rs	register_by_ref
tokio/src/sync/tests/loom_atomic_waker.rs	test_panicky_waker	tokio/src/sync/tests/loom_atomic_waker.rs	Chan
tokio/src/sync/tests/loom_broadcast.rs	broadcast_send	tokio/src/sync/broadcast.rs	channel
tokio/src/sync/tests/loom_broadcast.rs	broadcast_two	tokio/src/sync/broadcast.rs	channel
tokio/src/sync/tests/loom_broadcast.rs	broadcast_wrap	tokio/src/sync/broadcast.rs	channel
tokio/src/sync/tests/loom_broadcast.rs	closure@1358	tokio/src/sync/broadcast.rs	channel
tokio/src/sync/tests/loom_broadcast.rs	closure@248	tokio/src/sync/broadcast.rs	channel
tokio/src/sync/tests/loom_broadcast.rs	closure@2575	tokio/src/sync/broadcast.rs	channel
tokio/src/sync/tests/loom_broadcast.rs	closure@3772	tokio/src/sync/broadcast.rs	channel
tokio/src/sync/tests/loom_broadcast.rs	closure@4729	tokio/src/sync/broadcast.rs	channel
tokio/src/sync/tests/loom_broadcast.rs	drop_multiple_rx_with_overflow	tokio/src/sync/broadcast.rs	channel
tokio/src/sync/tests/loom_broadcast.rs	drop_rx	tokio/src/sync/broadcast.rs	channel
tokio/src/sync/tests/loom_list.rs	closure@207	tokio-stream/src/stream_ext.rs	all
tokio/src/sync/tests/loom_list.rs	closure@207	tokio/src/sync/mpsc/list.rs	channel
tokio/src/sync/tests/loom_list.rs	smoke	tokio-stream/src/stream_ext.rs	all
tokio/src/sync/tests/loom_list.rs	smoke	tokio/src/sync/mpsc/list.rs	channel
tokio/src/sync/tests/loom_mpsc.rs	closing_and_sending	tokio/src/sync/mpsc/bounded.rs	channel
tokio/src/sync/tests/loom_mpsc.rs	closing_bounded_rx	tokio/src/sync/mpsc/bounded.rs	channel
tokio/src/sync/tests/loom_mpsc.rs	closing_tx	tokio/src/sync/mpsc/bounded.rs	channel
tokio/src/sync/tests/loom_mpsc.rs	closing_unbounded_rx	tokio/src/sync/mpsc/unbounded.rs	unbounded_channel
tokio/src/sync/tests/loom_mpsc.rs	closing_unbounded_tx	tokio/src/sync/mpsc/unbounded.rs	unbounded_channel
tokio/src/sync/tests/loom_mpsc.rs	closure@1196	tokio/src/sync/mpsc/bounded.rs	channel
tokio/src/sync/tests/loom_mpsc.rs	closure@1815	tokio/src/sync/mpsc/unbounded.rs	unbounded_channel
tokio/src/sync/tests/loom_mpsc.rs	closure@206	tokio/src/sync/mpsc/bounded.rs	channel
tokio/src/sync/tests/loom_mpsc.rs	closure@2093	tokio/src/sync/mpsc/bounded.rs	channel
tokio/src/sync/tests/loom_mpsc.rs	closure@2446	tokio/src/sync/mpsc/unbounded.rs	unbounded_channel
tokio/src/sync/tests/loom_mpsc.rs	closure@2794	tokio/src/io/join.rs	join
tokio/src/sync/tests/loom_mpsc.rs	closure@2794	tokio/src/sync/mpsc/bounded.rs	channel
tokio/src/sync/tests/loom_mpsc.rs	closure@2794	tokio/src/sync/tests/loom_mpsc.rs	run
tokio/src/sync/tests/loom_mpsc.rs	closure@3919	tokio/src/sync/tests/loom_mpsc.rs	run
tokio/src/sync/tests/loom_mpsc.rs	closure@4147	tokio/src/io/join.rs	join
tokio/src/sync/tests/loom_mpsc.rs	closure@4147	tokio/src/sync/mpsc/bounded.rs	channel
tokio/src/sync/tests/loom_mpsc.rs	closure@4521	tokio/src/io/join.rs	join
tokio/src/sync/tests/loom_mpsc.rs	closure@4521	tokio/src/sync/mpsc/bounded.rs	channel
tokio/src/sync/tests/loom_mpsc.rs	closure@4898	tokio/src/io/join.rs	join
tokio/src/sync/tests/loom_mpsc.rs	closure@4898	tokio/src/sync/mpsc/bounded.rs	channel
tokio/src/sync/tests/loom_mpsc.rs	closure@5156	tokio/src/io/join.rs	join
tokio/src/sync/tests/loom_mpsc.rs	closure@5156	tokio/src/sync/mpsc/bounded.rs	channel
tokio/src/sync/tests/loom_mpsc.rs	closure@561	tokio/src/sync/mpsc/unbounded.rs	unbounded_channel
tokio/src/sync/tests/loom_mpsc.rs	closure@918	tokio/src/sync/mpsc/bounded.rs	channel
tokio/src/sync/tests/loom_mpsc.rs	dropping_tx	tokio/src/sync/mpsc/bounded.rs	channel
tokio/src/sync/tests/loom_mpsc.rs	dropping_unbounded_tx	tokio/src/sync/mpsc/unbounded.rs	unbounded_channel
tokio/src/sync/tests/loom_mpsc.rs	is_empty_during_close	tokio/src/io/join.rs	join
tokio/src/sync/tests/loom_mpsc.rs	is_empty_during_close	tokio/src/sync/mpsc/bounded.rs	channel
tokio/src/sync/tests/loom_mpsc.rs	len_during_close_0	tokio/src/sync/tests/loom_mpsc.rs	len_during_close_helper
tokio/src/sync/tests/loom_mpsc.rs	len_during_close_1	tokio/src/sync/tests/loom_mpsc.rs	len_during_close_helper
tokio/src/sync/tests/loom_mpsc.rs	len_during_close_block_cap	tokio/src/sync/tests/loom_mpsc.rs	len_during_close_helper
tokio/src/sync/tests/loom_mpsc.rs	len_during_close_block_cap_plus_1	tokio/src/sync/tests/loom_mpsc.rs	len_during_close_helper
tokio/src/sync/tests/loom_mpsc.rs	len_during_close_helper	tokio/src/io/join.rs	join
tokio/src/sync/tests/loom_mpsc.rs	len_during_close_helper	tokio/src/sync/mpsc/bounded.rs	channel
tokio/src/sync/tests/loom_mpsc.rs	len_nonzero_after_send	tokio/src/io/join.rs	join
tokio/src/sync/tests/loom_mpsc.rs	len_nonzero_after_send	tokio/src/sync/mpsc/bounded.rs	channel
tokio/src/sync/tests/loom_mpsc.rs	nonempty_after_send	tokio/src/io/join.rs	join
tokio/src/sync/tests/loom_mpsc.rs	nonempty_after_send	tokio/src/sync/mpsc/bounded.rs	channel
tokio/src/sync/tests/loom_mpsc.rs	try_recv	tokio/src/io/join.rs	join
tokio/src/sync/tests/loom_mpsc.rs	try_recv	tokio/src/sync/mpsc/bounded.rs	channel
tokio/src/sync/tests/loom_mpsc.rs	try_recv	tokio/src/sync/tests/loom_mpsc.rs	run
tokio/src/sync/tests/loom_notify.rs	closure@1024	tokio/src/io/join.rs	join
tokio/src/sync/tests/loom_notify.rs	closure@1024	tokio/src/sync/notify.rs	new
tokio/src/sync/tests/loom_notify.rs	closure@1176	tokio/src/sync/tests/loom_notify.rs	notify_waiters
tokio/src/sync/tests/loom_notify.rs	closure@1265	tokio/src/sync/tests/loom_notify.rs	notify_one
tokio/src/sync/tests/loom_notify.rs	closure@1639	tokio/src/io/join.rs	join
tokio/src/sync/tests/loom_notify.rs	closure@1639	tokio/src/sync/notify.rs	new
tokio/src/sync/tests/loom_notify.rs	closure@1639	tokio/src/sync/tests/loom_notify.rs	notify_one
tokio/src/sync/tests/loom_notify.rs	closure@1639	tokio/src/util/idle_notified_set.rs	drain
tokio/src/sync/tests/loom_notify.rs	closure@1831	tokio/src/sync/tests/loom_notify.rs	notify_one
tokio/src/sync/tests/loom_notify.rs	closure@2320	tokio/src/io/join.rs	join
tokio/src/sync/tests/loom_notify.rs	closure@2320	tokio/src/sync/notify.rs	new
tokio/src/sync/tests/loom_notify.rs	closure@2320	tokio/src/sync/tests/loom_notify.rs	notify_one
tokio/src/sync/tests/loom_notify.rs	closure@254	tokio/src/io/join.rs	join
tokio/src/sync/tests/loom_notify.rs	closure@254	tokio/src/sync/notify.rs	new
tokio/src/sync/tests/loom_notify.rs	closure@254	tokio/src/sync/tests/loom_notify.rs	notify_one
tokio/src/sync/tests/loom_notify.rs	closure@2565	tokio/src/io/ready.rs	Ready
tokio/src/sync/tests/loom_notify.rs	closure@2565	tokio/src/sync/mpsc/block.rs	is_ready
tokio/src/sync/tests/loom_notify.rs	closure@2565	tokio/src/sync/tests/loom_notify.rs	notify_one
tokio/src/sync/tests/loom_notify.rs	closure@2777	tokio/src/sync/tests/loom_notify.rs	notify_one
tokio/src/sync/tests/loom_notify.rs	closure@3825	tokio/src/sync/tests/loom_notify.rs	notify_waiters
tokio/src/sync/tests/loom_notify.rs	closure@4257	tokio/src/sync/tests/loom_notify.rs	notify_waiters_poll_consistency_variant
tokio/src/sync/tests/loom_notify.rs	closure@4334	tokio/src/sync/tests/loom_notify.rs	notify_waiters_poll_consistency_variant
tokio/src/sync/tests/loom_notify.rs	closure@4410	tokio/src/sync/tests/loom_notify.rs	notify_waiters_poll_consistency_variant
tokio/src/sync/tests/loom_notify.rs	closure@4486	tokio/src/sync/tests/loom_notify.rs	notify_waiters_poll_consistency_variant
tokio/src/sync/tests/loom_notify.rs	closure@5118	tokio-test/src/task.rs	spawn
tokio/src/sync/tests/loom_notify.rs	closure@5450	tokio/src/sync/tests/loom_notify.rs	notify_waiters
tokio/src/sync/tests/loom_notify.rs	closure@577	tokio/src/io/join.rs	join
tokio/src/sync/tests/loom_notify.rs	closure@577	tokio/src/sync/notify.rs	new
tokio/src/sync/tests/loom_notify.rs	closure@5826	tokio/src/sync/tests/loom_notify.rs	notify_waiters_poll_consistency_many_variant
tokio/src/sync/tests/loom_notify.rs	closure@5900	tokio/src/sync/tests/loom_notify.rs	notify_waiters_poll_consistency_many_variant
tokio/src/sync/tests/loom_notify.rs	closure@6300	tokio-test/src/task.rs	spawn
tokio/src/sync/tests/loom_notify.rs	closure@6530	tokio/src/sync/tests/loom_notify.rs	notify_waiters
tokio/src/sync/tests/loom_notify.rs	closure@7414	tokio/src/sync/tests/loom_notify.rs	notify_waiters_is_atomic_variant
tokio/src/sync/tests/loom_notify.rs	closure@7471	tokio/src/sync/tests/loom_notify.rs	notify_waiters_is_atomic_variant
tokio/src/sync/tests/loom_notify.rs	closure@779	tokio/src/sync/tests/loom_notify.rs	notify_waiters
tokio/src/sync/tests/loom_notify.rs	closure@7839	tokio/src/io/join.rs	join
tokio/src/sync/tests/loom_notify.rs	closure@7839	tokio/src/sync/notify.rs	new
tokio/src/sync/tests/loom_notify.rs	closure@7839	tokio/src/sync/oneshot.rs	channel
tokio/src/sync/tests/loom_notify.rs	closure@7839	tokio/src/sync/tests/loom_notify.rs	notify_waiters
tokio/src/sync/tests/loom_notify.rs	closure@8086	tokio-test/src/task.rs	spawn
tokio/src/sync/tests/loom_notify.rs	closure@8618	tokio-test/src/task.rs	spawn
tokio/src/sync/tests/loom_notify.rs	notify_drop	tokio/src/io/join.rs	join
tokio/src/sync/tests/loom_notify.rs	notify_drop	tokio/src/io/ready.rs	Ready
tokio/src/sync/tests/loom_notify.rs	notify_drop	tokio/src/sync/mpsc/block.rs	is_ready
tokio/src/sync/tests/loom_notify.rs	notify_drop	tokio/src/sync/notify.rs	new
tokio/src/sync/tests/loom_notify.rs	notify_drop	tokio/src/sync/tests/loom_notify.rs	notify_one
tokio/src/sync/tests/loom_notify.rs	notify_multi	tokio/src/io/join.rs	join
tokio/src/sync/tests/loom_notify.rs	notify_multi	tokio/src/sync/notify.rs	new
tokio/src/sync/tests/loom_notify.rs	notify_multi	tokio/src/sync/tests/loom_notify.rs	notify_one
tokio/src/sync/tests/loom_notify.rs	notify_multi	tokio/src/util/idle_notified_set.rs	drain
tokio/src/sync/tests/loom_notify.rs	notify_one	tokio/src/io/join.rs	join
tokio/src/sync/tests/loom_notify.rs	notify_one	tokio/src/sync/notify.rs	new
tokio/src/sync/tests/loom_notify.rs	notify_one	tokio/src/sync/tests/loom_notify.rs	notify_one
tokio/src/sync/tests/loom_notify.rs	notify_waiters	tokio/src/io/join.rs	join
tokio/src/sync/tests/loom_notify.rs	notify_waiters	tokio/src/sync/notify.rs	new
tokio/src/sync/tests/loom_notify.rs	notify_waiters	tokio/src/sync/tests/loom_notify.rs	notify_waiters
tokio/src/sync/tests/loom_notify.rs	notify_waiters_and_one	tokio/src/io/join.rs	join
tokio/src/sync/tests/loom_notify.rs	notify_waiters_and_one	tokio/src/sync/notify.rs	new
tokio/src/sync/tests/loom_notify.rs	notify_waiters_and_one	tokio/src/sync/tests/loom_notify.rs	notify_one
tokio/src/sync/tests/loom_notify.rs	notify_waiters_and_one	tokio/src/sync/tests/loom_notify.rs	notify_waiters
tokio/src/sync/tests/loom_notify.rs	notify_waiters_is_atomic	tokio/src/sync/tests/loom_notify.rs	notify_waiters_is_atomic_variant
tokio/src/sync/tests/loom_notify.rs	notify_waiters_is_atomic_variant	tokio-test/src/task.rs	spawn
tokio/src/sync/tests/loom_notify.rs	notify_waiters_is_atomic_variant	tokio/src/io/join.rs	join
tokio/src/sync/tests/loom_notify.rs	notify_waiters_is_atomic_variant	tokio/src/sync/notify.rs	new
tokio/src/sync/tests/loom_notify.rs	notify_waiters_is_atomic_variant	tokio/src/sync/tests/loom_notify.rs	notify_one
tokio/src/sync/tests/loom_notify.rs	notify_waiters_is_atomic_variant	tokio/src/sync/tests/loom_notify.rs	notify_waiters
tokio/src/sync/tests/loom_notify.rs	notify_waiters_poll_consistency	tokio/src/sync/tests/loom_notify.rs	notify_waiters_poll_consistency_variant
tokio/src/sync/tests/loom_notify.rs	notify_waiters_poll_consistency_many	tokio/src/sync/tests/loom_notify.rs	notify_waiters_poll_consistency_many_variant
tokio/src/sync/tests/loom_notify.rs	notify_waiters_poll_consistency_many_variant	tokio-test/src/task.rs	spawn
tokio/src/sync/tests/loom_notify.rs	notify_waiters_poll_consistency_many_variant	tokio/src/io/join.rs	join
tokio/src/sync/tests/loom_notify.rs	notify_waiters_poll_consistency_many_variant	tokio/src/sync/notify.rs	new
tokio/src/sync/tests/loom_notify.rs	notify_waiters_poll_consistency_many_variant	tokio/src/sync/tests/loom_notify.rs	notify_waiters
tokio/src/sync/tests/loom_notify.rs	notify_waiters_poll_consistency_variant	tokio-test/src/task.rs	spawn
tokio/src/sync/tests/loom_notify.rs	notify_waiters_poll_consistency_variant	tokio/src/io/join.rs	join
tokio/src/sync/tests/loom_notify.rs	notify_waiters_poll_consistency_variant	tokio/src/sync/notify.rs	new
tokio/src/sync/tests/loom_notify.rs	notify_waiters_poll_consistency_variant	tokio/src/sync/tests/loom_notify.rs	notify_waiters
tokio/src/sync/tests/loom_notify.rs	notify_waiters_sequential_notified_await	tokio-test/src/task.rs	spawn
tokio/src/sync/tests/loom_notify.rs	notify_waiters_sequential_notified_await	tokio/src/io/join.rs	join
tokio/src/sync/tests/loom_notify.rs	notify_waiters_sequential_notified_await	tokio/src/sync/notify.rs	new
tokio/src/sync/tests/loom_notify.rs	notify_waiters_sequential_notified_await	tokio/src/sync/oneshot.rs	channel
tokio/src/sync/tests/loom_notify.rs	notify_waiters_sequential_notified_await	tokio/src/sync/tests/loom_notify.rs	notify_waiters
tokio/src/sync/tests/loom_oneshot.rs	changing_rx_task	tokio/src/io/join.rs	join
tokio/src/sync/tests/loom_oneshot.rs	changing_rx_task	tokio/src/io/ready.rs	Ready
tokio/src/sync/tests/loom_oneshot.rs	changing_rx_task	tokio/src/sync/oneshot.rs	channel
tokio/src/sync/tests/loom_oneshot.rs	changing_rx_task	tokio/src/sync/tests/loom_oneshot.rs	new
tokio/src/sync/tests/loom_oneshot.rs	changing_rx_task	tokio/src/sync/tests/loom_oneshot.rs	poll
tokio/src/sync/tests/loom_oneshot.rs	changing_tx_task	tokio/src/io/join.rs	join
tokio/src/sync/tests/loom_oneshot.rs	changing_tx_task	tokio/src/sync/oneshot.rs	channel
tokio/src/sync/tests/loom_oneshot.rs	changing_tx_task	tokio/src/sync/tests/loom_oneshot.rs	new
tokio/src/sync/tests/loom_oneshot.rs	checking_tx_send_ok_not_drop	tokio/src/io/join.rs	join
tokio/src/sync/tests/loom_oneshot.rs	checking_tx_send_ok_not_drop	tokio/src/sync/oneshot.rs	channel
tokio/src/sync/tests/loom_oneshot.rs	checking_tx_send_ok_not_drop	tokio/src/sync/tests/loom_oneshot.rs	new
tokio/src/sync/tests/loom_oneshot.rs	closure@1396	tokio/src/sync/oneshot.rs	channel
tokio/src/sync/tests/loom_oneshot.rs	closure@1694	tokio/src/sync/oneshot.rs	channel
tokio/src/sync/tests/loom_oneshot.rs	closure@195	tokio/src/sync/oneshot.rs	channel
tokio/src/sync/tests/loom_oneshot.rs	closure@2454	tokio/src/io/join.rs	join
tokio/src/sync/tests/loom_oneshot.rs	closure@2454	tokio/src/sync/oneshot.rs	channel
tokio/src/sync/tests/loom_oneshot.rs	closure@2454	tokio/src/sync/tests/loom_oneshot.rs	new
tokio/src/sync/tests/loom_oneshot.rs	closure@2612	tokio/src/sync/tests/loom_oneshot.rs	new
tokio/src/sync/tests/loom_oneshot.rs	closure@3670	tokio/src/io/join.rs	join
tokio/src/sync/tests/loom_oneshot.rs	closure@3670	tokio/src/sync/oneshot.rs	channel
tokio/src/sync/tests/loom_oneshot.rs	closure@4431	tokio/src/io/join.rs	join
tokio/src/sync/tests/loom_oneshot.rs	closure@4431	tokio/src/sync/oneshot.rs	channel
tokio/src/sync/tests/loom_oneshot.rs	closure@454	tokio/src/io/join.rs	join
tokio/src/sync/tests/loom_oneshot.rs	closure@454	tokio/src/sync/oneshot.rs	channel
tokio/src/sync/tests/loom_oneshot.rs	closure@4618	tokio/src/io/ready.rs	Ready
tokio/src/sync/tests/loom_oneshot.rs	closure@4618	tokio/src/sync/tests/loom_oneshot.rs	new
tokio/src/sync/tests/loom_oneshot.rs	closure@4618	tokio/src/sync/tests/loom_oneshot.rs	poll
tokio/src/sync/tests/loom_oneshot.rs	closure@667	tokio/src/io/ready.rs	Ready
tokio/src/sync/tests/loom_oneshot.rs	closure@667	tokio/src/sync/tests/loom_oneshot.rs	new
tokio/src/sync/tests/loom_oneshot.rs	closure@667	tokio/src/sync/tests/loom_oneshot.rs	poll
tokio/src/sync/tests/loom_oneshot.rs	drop_rx_after_poll	tokio/src/io/join.rs	join
tokio/src/sync/tests/loom_oneshot.rs	drop_rx_after_poll	tokio/src/io/ready.rs	Ready
tokio/src/sync/tests/loom_oneshot.rs	drop_rx_after_poll	tokio/src/sync/oneshot.rs	channel
tokio/src/sync/tests/loom_oneshot.rs	drop_rx_after_poll	tokio/src/sync/tests/loom_oneshot.rs	new
tokio/src/sync/tests/loom_oneshot.rs	drop_rx_after_poll	tokio/src/sync/tests/loom_oneshot.rs	poll
tokio/src/sync/tests/loom_oneshot.rs	new	tokio/src/sync/tests/loom_oneshot.rs	OnClose
tokio/src/sync/tests/loom_oneshot.rs	poll	tokio/src/io/ready.rs	Ready
tokio/src/sync/tests/loom_oneshot.rs	poll	tokio/src/sync/mpsc/block.rs	is_ready
tokio/src/sync/tests/loom_oneshot.rs	poll	tokio/src/sync/tests/loom_oneshot.rs	poll
tokio/src/sync/tests/loom_oneshot.rs	recv_closed	tokio/src/sync/oneshot.rs	channel
tokio/src/sync/tests/loom_oneshot.rs	smoke	tokio/src/sync/oneshot.rs	channel
tokio/src/sync/tests/loom_oneshot.rs	try_recv_close	tokio/src/sync/oneshot.rs	channel
tokio/src/sync/tests/loom_rwlock.rs	closure@1067	tokio/src/io/join.rs	join
tokio/src/sync/tests/loom_rwlock.rs	closure@1067	tokio/src/sync/rwlock.rs	new
tokio/src/sync/tests/loom_rwlock.rs	closure@1067	tokio/src/sync/rwlock.rs	read
tokio/src/sync/tests/loom_rwlock.rs	closure@1067	tokio/src/sync/rwlock.rs	read_owned
tokio/src/sync/tests/loom_rwlock.rs	closure@1196	tokio/src/sync/rwlock.rs	write
tokio/src/sync/tests/loom_rwlock.rs	closure@1417	tokio/src/sync/rwlock.rs	write_owned
tokio/src/sync/tests/loom_rwlock.rs	closure@1644	tokio/src/sync/rwlock.rs	read
tokio/src/sync/tests/loom_rwlock.rs	closure@182	tokio/src/io/join.rs	join
tokio/src/sync/tests/loom_rwlock.rs	closure@182	tokio/src/sync/rwlock.rs	new
tokio/src/sync/tests/loom_rwlock.rs	closure@182	tokio/src/sync/rwlock.rs	read
tokio/src/sync/tests/loom_rwlock.rs	closure@2523	tokio/src/io/join.rs	join
tokio/src/sync/tests/loom_rwlock.rs	closure@2523	tokio/src/sync/rwlock.rs	new
tokio/src/sync/tests/loom_rwlock.rs	closure@2523	tokio/src/sync/rwlock.rs	write
tokio/src/sync/tests/loom_rwlock.rs	closure@2523	tokio/src/sync/tests/loom_rwlock.rs	downgrade
tokio/src/sync/tests/loom_rwlock.rs	closure@2690	tokio/src/sync/rwlock.rs	write
tokio/src/sync/tests/loom_rwlock.rs	closure@311	tokio/src/sync/rwlock.rs	write
tokio/src/sync/tests/loom_rwlock.rs	closure@532	tokio/src/sync/rwlock.rs	write_owned
tokio/src/sync/tests/loom_rwlock.rs	concurrent_read_write	tokio/src/io/join.rs	join
tokio/src/sync/tests/loom_rwlock.rs	concurrent_read_write	tokio/src/runtime/task/core.rs	check
tokio/src/sync/tests/loom_rwlock.rs	concurrent_read_write	tokio/src/sync/rwlock.rs	new
tokio/src/sync/tests/loom_rwlock.rs	concurrent_read_write	tokio/src/sync/rwlock.rs	read
tokio/src/sync/tests/loom_rwlock.rs	concurrent_read_write	tokio/src/sync/rwlock.rs	read_owned
tokio/src/sync/tests/loom_rwlock.rs	concurrent_read_write	tokio/src/sync/rwlock.rs	write
tokio/src/sync/tests/loom_rwlock.rs	concurrent_read_write	tokio/src/sync/rwlock.rs	write_owned
tokio/src/sync/tests/loom_rwlock.rs	concurrent_write	tokio/src/io/join.rs	join
tokio/src/sync/tests/loom_rwlock.rs	concurrent_write	tokio/src/runtime/task/core.rs	check
tokio/src/sync/tests/loom_rwlock.rs	concurrent_write	tokio/src/sync/rwlock.rs	new
tokio/src/sync/tests/loom_rwlock.rs	concurrent_write	tokio/src/sync/rwlock.rs	read
tokio/src/sync/tests/loom_rwlock.rs	concurrent_write	tokio/src/sync/rwlock.rs	write
tokio/src/sync/tests/loom_rwlock.rs	concurrent_write	tokio/src/sync/rwlock.rs	write_owned
tokio/src/sync/tests/loom_rwlock.rs	downgrade	tokio/src/io/join.rs	join
tokio/src/sync/tests/loom_rwlock.rs	downgrade	tokio/src/sync/rwlock.rs	new
tokio/src/sync/tests/loom_rwlock.rs	downgrade	tokio/src/sync/rwlock.rs	write
tokio/src/sync/tests/loom_rwlock.rs	downgrade	tokio/src/sync/tests/loom_rwlock.rs	downgrade
tokio/src/sync/tests/loom_semaphore_batch.rs	actor	tokio/src/sync/batch_semaphore.rs	acquire
tokio/src/sync/tests/loom_semaphore_batch.rs	actor	tokio/src/sync/tests/loom_semaphore_batch.rs	release
tokio/src/sync/tests/loom_semaphore_batch.rs	basic_closing	tokio/src/sync/batch_semaphore.rs	acquire
tokio/src/sync/tests/loom_semaphore_batch.rs	basic_closing	tokio/src/sync/batch_semaphore.rs	close
tokio/src/sync/tests/loom_semaphore_batch.rs	basic_closing	tokio/src/sync/batch_semaphore.rs	new
tokio/src/sync/tests/loom_semaphore_batch.rs	basic_closing	tokio/src/sync/tests/loom_semaphore_batch.rs	release
tokio/src/sync/tests/loom_semaphore_batch.rs	basic_usage	tokio/src/loom/std/atomic_usize.rs	new
tokio/src/sync/tests/loom_semaphore_batch.rs	basic_usage	tokio/src/sync/batch_semaphore.rs	new
tokio/src/sync/tests/loom_semaphore_batch.rs	basic_usage	tokio/src/sync/tests/loom_semaphore_batch.rs	actor
tokio/src/sync/tests/loom_semaphore_batch.rs	batch	tokio/src/io/join.rs	join
tokio/src/sync/tests/loom_semaphore_batch.rs	batch	tokio/src/loom/std/atomic_usize.rs	new
tokio/src/sync/tests/loom_semaphore_batch.rs	batch	tokio/src/runtime/task/core.rs	check
tokio/src/sync/tests/loom_semaphore_batch.rs	batch	tokio/src/runtime/time_alt/cancellation_queue.rs	into_iter
tokio/src/sync/tests/loom_semaphore_batch.rs	batch	tokio/src/sync/batch_semaphore.rs	acquire
tokio/src/sync/tests/loom_semaphore_batch.rs	batch	tokio/src/sync/batch_semaphore.rs	new
tokio/src/sync/tests/loom_semaphore_batch.rs	batch	tokio/src/sync/tests/loom_semaphore_batch.rs	release
tokio/src/sync/tests/loom_semaphore_batch.rs	closure@1011	tokio/src/sync/tests/loom_semaphore_batch.rs	actor
tokio/src/sync/tests/loom_semaphore_batch.rs	closure@1172	tokio/src/sync/batch_semaphore.rs	acquire
tokio/src/sync/tests/loom_semaphore_batch.rs	closure@1172	tokio/src/sync/batch_semaphore.rs	new
tokio/src/sync/tests/loom_semaphore_batch.rs	closure@1172	tokio/src/sync/tests/loom_semaphore_batch.rs	release
tokio/src/sync/tests/loom_semaphore_batch.rs	closure@1314	tokio/src/sync/batch_semaphore.rs	acquire
tokio/src/sync/tests/loom_semaphore_batch.rs	closure@1314	tokio/src/sync/tests/loom_semaphore_batch.rs	release
tokio/src/sync/tests/loom_semaphore_batch.rs	closure@1609	tokio/src/sync/batch_semaphore.rs	close
tokio/src/sync/tests/loom_semaphore_batch.rs	closure@1609	tokio/src/sync/batch_semaphore.rs	new
tokio/src/sync/tests/loom_semaphore_batch.rs	closure@1768	tokio/src/sync/batch_semaphore.rs	acquire
tokio/src/sync/tests/loom_semaphore_batch.rs	closure@1768	tokio/src/sync/tests/loom_semaphore_batch.rs	release
tokio/src/sync/tests/loom_semaphore_batch.rs	closure@2114	tokio/src/sync/batch_semaphore.rs	new
tokio/src/sync/tests/loom_semaphore_batch.rs	closure@2273	tokio/src/sync/batch_semaphore.rs	acquire
tokio/src/sync/tests/loom_semaphore_batch.rs	closure@2273	tokio/src/sync/batch_semaphore.rs	close
tokio/src/sync/tests/loom_semaphore_batch.rs	closure@2273	tokio/src/sync/tests/loom_semaphore_batch.rs	release
tokio/src/sync/tests/loom_semaphore_batch.rs	closure@2709	tokio/src/io/ready.rs	Ready
tokio/src/sync/tests/loom_semaphore_batch.rs	closure@2709	tokio/src/sync/batch_semaphore.rs	poll
tokio/src/sync/tests/loom_semaphore_batch.rs	closure@3278	tokio/src/io/join.rs	join
tokio/src/sync/tests/loom_semaphore_batch.rs	closure@3278	tokio/src/sync/batch_semaphore.rs	new
tokio/src/sync/tests/loom_semaphore_batch.rs	closure@3278	tokio/src/sync/tests/loom_semaphore_batch.rs	release
tokio/src/sync/tests/loom_semaphore_batch.rs	closure@3428	tokio/src/sync/tests/loom_semaphore_batch.rs	poll_and_cancel
tokio/src/sync/tests/loom_semaphore_batch.rs	closure@3577	tokio/src/sync/tests/loom_semaphore_batch.rs	poll_and_cancel
tokio/src/sync/tests/loom_semaphore_batch.rs	closure@3726	tokio/src/sync/tests/loom_semaphore_batch.rs	poll_and_cancel
tokio/src/sync/tests/loom_semaphore_batch.rs	closure@4023	tokio/src/io/join.rs	join
tokio/src/sync/tests/loom_semaphore_batch.rs	closure@4023	tokio/src/loom/std/atomic_usize.rs	new
tokio/src/sync/tests/loom_semaphore_batch.rs	closure@4023	tokio/src/runtime/time_alt/cancellation_queue.rs	into_iter
tokio/src/sync/tests/loom_semaphore_batch.rs	closure@4023	tokio/src/sync/batch_semaphore.rs	new
tokio/src/sync/tests/loom_semaphore_batch.rs	closure@4321	tokio/src/sync/batch_semaphore.rs	acquire
tokio/src/sync/tests/loom_semaphore_batch.rs	closure@4321	tokio/src/sync/tests/loom_semaphore_batch.rs	release
tokio/src/sync/tests/loom_semaphore_batch.rs	closure@5010	tokio/src/io/join.rs	join
tokio/src/sync/tests/loom_semaphore_batch.rs	closure@5010	tokio/src/sync/batch_semaphore.rs	new
tokio/src/sync/tests/loom_semaphore_batch.rs	closure@5010	tokio/src/sync/batch_semaphore.rs	try_acquire
tokio/src/sync/tests/loom_semaphore_batch.rs	closure@5010	tokio/src/sync/tests/loom_semaphore_batch.rs	release
tokio/src/sync/tests/loom_semaphore_batch.rs	closure@5268	tokio/src/sync/batch_semaphore.rs	acquire
tokio/src/sync/tests/loom_semaphore_batch.rs	closure@5534	tokio/src/io/join.rs	join
tokio/src/sync/tests/loom_semaphore_batch.rs	closure@5534	tokio/src/sync/batch_semaphore.rs	new
tokio/src/sync/tests/loom_semaphore_batch.rs	closure@5689	tokio/src/sync/tests/loom_semaphore_batch.rs	release
tokio/src/sync/tests/loom_semaphore_batch.rs	closure@5822	tokio/src/sync/batch_semaphore.rs	try_acquire
tokio/src/sync/tests/loom_semaphore_batch.rs	closure@6070	tokio/src/sync/batch_semaphore.rs	forget_permits
tokio/src/sync/tests/loom_semaphore_batch.rs	closure@775	tokio/src/loom/std/atomic_usize.rs	new
tokio/src/sync/tests/loom_semaphore_batch.rs	closure@775	tokio/src/sync/batch_semaphore.rs	new
tokio/src/sync/tests/loom_semaphore_batch.rs	closure@775	tokio/src/sync/tests/loom_semaphore_batch.rs	actor
tokio/src/sync/tests/loom_semaphore_batch.rs	concurrent_cancel	tokio/src/io/join.rs	join
tokio/src/sync/tests/loom_semaphore_batch.rs	concurrent_cancel	tokio/src/sync/batch_semaphore.rs	new
tokio/src/sync/tests/loom_semaphore_batch.rs	concurrent_cancel	tokio/src/sync/tests/loom_semaphore_batch.rs	poll_and_cancel
tokio/src/sync/tests/loom_semaphore_batch.rs	concurrent_cancel	tokio/src/sync/tests/loom_semaphore_batch.rs	release
tokio/src/sync/tests/loom_semaphore_batch.rs	concurrent_close	tokio/src/sync/batch_semaphore.rs	acquire
tokio/src/sync/tests/loom_semaphore_batch.rs	concurrent_close	tokio/src/sync/batch_semaphore.rs	close
tokio/src/sync/tests/loom_semaphore_batch.rs	concurrent_close	tokio/src/sync/batch_semaphore.rs	new
tokio/src/sync/tests/loom_semaphore_batch.rs	concurrent_close	tokio/src/sync/tests/loom_semaphore_batch.rs	release
tokio/src/sync/tests/loom_semaphore_batch.rs	concurrent_permit_updates	tokio/src/io/join.rs	join
tokio/src/sync/tests/loom_semaphore_batch.rs	concurrent_permit_updates	tokio/src/sync/batch_semaphore.rs	forget_permits
tokio/src/sync/tests/loom_semaphore_batch.rs	concurrent_permit_updates	tokio/src/sync/batch_semaphore.rs	new
tokio/src/sync/tests/loom_semaphore_batch.rs	concurrent_permit_updates	tokio/src/sync/batch_semaphore.rs	try_acquire
tokio/src/sync/tests/loom_semaphore_batch.rs	concurrent_permit_updates	tokio/src/sync/tests/loom_semaphore_batch.rs	release
tokio/src/sync/tests/loom_semaphore_batch.rs	poll_and_cancel	tokio/src/io/ready.rs	Ready
tokio/src/sync/tests/loom_semaphore_batch.rs	poll_and_cancel	tokio/src/sync/batch_semaphore.rs	poll
tokio/src/sync/tests/loom_semaphore_batch.rs	release	tokio/src/sync/batch_semaphore.rs	acquire
tokio/src/sync/tests/loom_semaphore_batch.rs	release	tokio/src/sync/batch_semaphore.rs	new
tokio/src/sync/tests/loom_semaphore_batch.rs	release	tokio/src/sync/tests/loom_semaphore_batch.rs	release
tokio/src/sync/tests/loom_semaphore_batch.rs	release_during_acquire	tokio/src/io/join.rs	join
tokio/src/sync/tests/loom_semaphore_batch.rs	release_during_acquire	tokio/src/sync/batch_semaphore.rs	acquire
tokio/src/sync/tests/loom_semaphore_batch.rs	release_during_acquire	tokio/src/sync/batch_semaphore.rs	new
tokio/src/sync/tests/loom_semaphore_batch.rs	release_during_acquire	tokio/src/sync/batch_semaphore.rs	try_acquire
tokio/src/sync/tests/loom_semaphore_batch.rs	release_during_acquire	tokio/src/sync/tests/loom_semaphore_batch.rs	release
tokio/src/sync/tests/loom_set_once.rs	closure@1214	tokio/src/io/join.rs	join
tokio/src/sync/tests/loom_set_once.rs	closure@1214	tokio/src/sync/set_once.rs	new
tokio/src/sync/tests/loom_set_once.rs	closure@1214	tokio/src/sync/tests/loom_set_once.rs	new
tokio/src/sync/tests/loom_set_once.rs	closure@641	tokio/src/io/join.rs	join
tokio/src/sync/tests/loom_set_once.rs	closure@641	tokio/src/sync/set_once.rs	new
tokio/src/sync/tests/loom_set_once.rs	closure@641	tokio/src/sync/tests/loom_set_once.rs	assert_num_drops
tokio/src/sync/tests/loom_set_once.rs	closure@641	tokio/src/sync/tests/loom_set_once.rs	drop
tokio/src/sync/tests/loom_set_once.rs	closure@641	tokio/src/sync/tests/loom_set_once.rs	new
tokio/src/sync/tests/loom_set_once.rs	new	tokio/src/loom/std/atomic_u32.rs	new
tokio/src/sync/tests/loom_set_once.rs	new	tokio/src/sync/tests/loom_set_once.rs	new
tokio/src/sync/tests/loom_set_once.rs	set_once_drop_test	tokio/src/io/join.rs	join
tokio/src/sync/tests/loom_set_once.rs	set_once_drop_test	tokio/src/sync/set_once.rs	new
tokio/src/sync/tests/loom_set_once.rs	set_once_drop_test	tokio/src/sync/tests/loom_set_once.rs	assert_num_drops
tokio/src/sync/tests/loom_set_once.rs	set_once_drop_test	tokio/src/sync/tests/loom_set_once.rs	drop
tokio/src/sync/tests/loom_set_once.rs	set_once_drop_test	tokio/src/sync/tests/loom_set_once.rs	new
tokio/src/sync/tests/loom_set_once.rs	set_once_wait_test	tokio/src/io/join.rs	join
tokio/src/sync/tests/loom_set_once.rs	set_once_wait_test	tokio/src/sync/set_once.rs	new
tokio/src/sync/tests/loom_set_once.rs	set_once_wait_test	tokio/src/sync/tests/loom_set_once.rs	new
tokio/src/sync/tests/loom_watch.rs	closure@1094	tokio/src/sync/watch.rs	send_modify
tokio/src/sync/tests/loom_watch.rs	closure@129	tokio/src/io/join.rs	join
tokio/src/sync/tests/loom_watch.rs	closure@129	tokio/src/sync/watch.rs	changed
tokio/src/sync/tests/loom_watch.rs	closure@129	tokio/src/sync/watch.rs	channel
tokio/src/sync/tests/loom_watch.rs	closure@1492	tokio/src/io/join.rs	join
tokio/src/sync/tests/loom_watch.rs	closure@1492	tokio/src/sync/watch.rs	channel
tokio/src/sync/tests/loom_watch.rs	closure@1492	tokio/src/sync/watch.rs	wait_for
tokio/src/sync/tests/loom_watch.rs	closure@2167	tokio/src/io/join.rs	join
tokio/src/sync/tests/loom_watch.rs	closure@2167	tokio/src/sync/watch.rs	channel
tokio/src/sync/tests/loom_watch.rs	closure@897	tokio/src/io/join.rs	join
tokio/src/sync/tests/loom_watch.rs	closure@897	tokio/src/sync/watch.rs	channel
tokio/src/sync/tests/loom_watch.rs	multiple_sender_drop_concurrently	tokio/src/io/join.rs	join
tokio/src/sync/tests/loom_watch.rs	multiple_sender_drop_concurrently	tokio/src/sync/watch.rs	channel
tokio/src/sync/tests/loom_watch.rs	smoke	tokio/src/io/join.rs	join
tokio/src/sync/tests/loom_watch.rs	smoke	tokio/src/sync/watch.rs	changed
tokio/src/sync/tests/loom_watch.rs	smoke	tokio/src/sync/watch.rs	channel
tokio/src/sync/tests/loom_watch.rs	wait_for_returns_correct_value	tokio/src/io/join.rs	join
tokio/src/sync/tests/loom_watch.rs	wait_for_returns_correct_value	tokio/src/sync/watch.rs	channel
tokio/src/sync/tests/loom_watch.rs	wait_for_returns_correct_value	tokio/src/sync/watch.rs	wait_for
tokio/src/sync/tests/loom_watch.rs	wait_for_test	tokio/src/io/join.rs	join
tokio/src/sync/tests/loom_watch.rs	wait_for_test	tokio/src/sync/watch.rs	channel
tokio/src/sync/tests/loom_watch.rs	wait_for_test	tokio/src/sync/watch.rs	send_modify
tokio/src/sync/tests/notify.rs	drop_w	tokio/src/runtime/io/registration_set.rs	from_raw
tokio/src/sync/tests/notify.rs	notify_clones_waker_before_lock	tokio/src/sync/notify.rs	new
tokio/src/sync/tests/notify.rs	notify_simple	tokio-test/src/task.rs	spawn
tokio/src/sync/tests/notify.rs	notify_simple	tokio/src/sync/notify.rs	new
tokio/src/sync/tests/notify.rs	notify_waiters_handles_panicking_waker	tokio-test/src/task.rs	spawn
tokio/src/sync/tests/notify.rs	notify_waiters_handles_panicking_waker	tokio/src/sync/notify.rs	new
tokio/src/sync/tests/notify.rs	watch_test	tokio/src/runtime/builder.rs	new_current_thread
tokio/src/sync/tests/notify.rs	watch_test	tokio/src/sync/watch.rs	changed
tokio/src/sync/tests/notify.rs	watch_test	tokio/src/sync/watch.rs	channel
tokio/src/sync/tests/semaphore_batch.rs	release_permits_at_drop	tokio/src/sync/semaphore.rs	try_acquire_owned
tokio/src/sync/watch.rs	borrow	tokio/src/sync/watch.rs	Ref
tokio/src/sync/watch.rs	borrow	tokio/src/sync/watch.rs	load
tokio/src/sync/watch.rs	borrow	tokio/src/sync/watch.rs	version
tokio/src/sync/watch.rs	borrow_and_update	tokio/src/sync/watch.rs	Ref
tokio/src/sync/watch.rs	borrow_and_update	tokio/src/sync/watch.rs	load
tokio/src/sync/watch.rs	borrow_and_update	tokio/src/sync/watch.rs	version
tokio/src/sync/watch.rs	changed	tokio/src/sync/watch.rs	changed_impl
tokio/src/sync/watch.rs	changed_impl	tokio/src/sync/watch.rs	maybe_changed
tokio/src/sync/watch.rs	channel	tokio/src/loom/std/atomic_usize.rs	new
tokio/src/sync/watch.rs	channel	tokio/src/sync/notify.rs	new
tokio/src/sync/watch.rs	channel	tokio/src/sync/watch.rs	Receiver
tokio/src/sync/watch.rs	channel	tokio/src/sync/watch.rs	Sender
tokio/src/sync/watch.rs	channel	tokio/src/sync/watch.rs	Shared
tokio/src/sync/watch.rs	channel	tokio/src/sync/watch.rs	new
tokio/src/sync/watch.rs	clone	tokio/src/sync/watch.rs	from_shared
tokio/src/sync/watch.rs	closed	tokio/src/sync/watch.rs	notified
tokio/src/sync/watch.rs	closure@51239	tokio/src/io/join.rs	join
tokio/src/sync/watch.rs	closure@51239	tokio/src/sync/watch.rs	changed
tokio/src/sync/watch.rs	closure@51239	tokio/src/sync/watch.rs	channel
tokio/src/sync/watch.rs	closure@51239	tokio/src/sync/watch.rs	send
tokio/src/sync/watch.rs	closure@51395	tokio/src/sync/watch.rs	send
tokio/src/sync/watch.rs	closure@51622	tokio/src/sync/watch.rs	changed
tokio/src/sync/watch.rs	closure@51900	tokio/src/sync/watch.rs	send
tokio/src/sync/watch.rs	closure@52126	tokio/src/io/join.rs	join
tokio/src/sync/watch.rs	closure@52126	tokio/src/sync/watch.rs	changed
tokio/src/sync/watch.rs	closure@52126	tokio/src/sync/watch.rs	channel
tokio/src/sync/watch.rs	closure@52126	tokio/src/sync/watch.rs	send
tokio/src/sync/watch.rs	closure@52412	tokio/src/sync/watch.rs	send
tokio/src/sync/watch.rs	closure@52639	tokio/src/sync/watch.rs	changed
tokio/src/sync/watch.rs	default	tokio/src/sync/watch.rs	default
tokio/src/sync/watch.rs	default	tokio/src/sync/watch.rs	new
tokio/src/sync/watch.rs	drop	tokio/src/sync/watch.rs	notify_waiters
tokio/src/sync/watch.rs	drop	tokio/src/sync/watch.rs	set_closed
tokio/src/sync/watch.rs	fmt	tokio/src/sync/watch.rs	is_closed
tokio/src/sync/watch.rs	fmt	tokio/src/sync/watch.rs	load
tokio/src/sync/watch.rs	fmt	tokio/src/sync/watch.rs	version
tokio/src/sync/watch.rs	has_changed	tokio/src/sync/watch.rs	RecvError
tokio/src/sync/watch.rs	has_changed	tokio/src/sync/watch.rs	is_closed
tokio/src/sync/watch.rs	has_changed	tokio/src/sync/watch.rs	load
tokio/src/sync/watch.rs	has_changed	tokio/src/sync/watch.rs	version
tokio/src/sync/watch.rs	load	tokio/src/sync/watch.rs	StateSnapshot
tokio/src/sync/watch.rs	load	tokio/src/sync/watch.rs	load
tokio/src/sync/watch.rs	mark_changed	tokio/src/sync/watch.rs	decrement
tokio/src/sync/watch.rs	mark_unchanged	tokio/src/sync/watch.rs	load
tokio/src/sync/watch.rs	mark_unchanged	tokio/src/sync/watch.rs	version
tokio/src/sync/watch.rs	maybe_changed	tokio/src/sync/watch.rs	RecvError
tokio/src/sync/watch.rs	maybe_changed	tokio/src/sync/watch.rs	is_closed
tokio/src/sync/watch.rs	maybe_changed	tokio/src/sync/watch.rs	load
tokio/src/sync/watch.rs	maybe_changed	tokio/src/sync/watch.rs	version
tokio/src/sync/watch.rs	new	tokio/src/loom/std/atomic_usize.rs	new
tokio/src/sync/watch.rs	new	tokio/src/sync/watch.rs	AtomicState
tokio/src/sync/watch.rs	new	tokio/src/sync/watch.rs	channel
tokio/src/sync/watch.rs	new	tokio/src/sync/watch.rs	default
tokio/src/sync/watch.rs	notified	tokio/src/runtime/context.rs	thread_rng_n
tokio/src/sync/watch.rs	notified	tokio/src/sync/watch.rs	notified
tokio/src/sync/watch.rs	notify_waiters	tokio/src/sync/watch.rs	notify_waiters
tokio/src/sync/watch.rs	receiver_count	tokio/src/sync/watch.rs	load
tokio/src/sync/watch.rs	send	tokio/src/sync/watch.rs	SendError
tokio/src/sync/watch.rs	send	tokio/src/sync/watch.rs	send_replace
tokio/src/sync/watch.rs	send_if_modified	tokio/src/sync/watch.rs	drop
tokio/src/sync/watch.rs	send_if_modified	tokio/src/sync/watch.rs	increment_version_while_locked
tokio/src/sync/watch.rs	send_if_modified	tokio/src/sync/watch.rs	notify_waiters
tokio/src/sync/watch.rs	send_modify	tokio/src/sync/watch.rs	send_if_modified
tokio/src/sync/watch.rs	send_replace	tokio/src/sync/watch.rs	send_modify
tokio/src/sync/watch.rs	sender_count	tokio/src/sync/watch.rs	load
tokio/src/sync/watch.rs	set_closed	tokio/src/loom/std/atomic_u64_as_mutex.rs	fetch_or
tokio/src/sync/watch.rs	subscribe	tokio/src/sync/watch.rs	from_shared
tokio/src/sync/watch.rs	subscribe	tokio/src/sync/watch.rs	load
tokio/src/sync/watch.rs	subscribe	tokio/src/sync/watch.rs	version
tokio/src/sync/watch.rs	version	tokio/src/sync/watch.rs	Version
tokio/src/sync/watch.rs	wait_for	tokio/src/sync/watch.rs	wait_for_inner
tokio/src/sync/watch.rs	wait_for_inner	tokio/src/sync/watch.rs	RecvError
tokio/src/sync/watch.rs	wait_for_inner	tokio/src/sync/watch.rs	Ref
tokio/src/sync/watch.rs	wait_for_inner	tokio/src/sync/watch.rs	changed_impl
tokio/src/sync/watch.rs	wait_for_inner	tokio/src/sync/watch.rs	drop
tokio/src/sync/watch.rs	wait_for_inner	tokio/src/sync/watch.rs	load
tokio/src/sync/watch.rs	wait_for_inner	tokio/src/sync/watch.rs	version
tokio/src/sync/watch.rs	watch_borrow	tokio/src/io/join.rs	join
tokio/src/sync/watch.rs	watch_borrow	tokio/src/sync/watch.rs	changed
tokio/src/sync/watch.rs	watch_borrow	tokio/src/sync/watch.rs	channel
tokio/src/sync/watch.rs	watch_borrow	tokio/src/sync/watch.rs	send
tokio/src/sync/watch.rs	watch_spurious_wakeup	tokio/src/io/join.rs	join
tokio/src/sync/watch.rs	watch_spurious_wakeup	tokio/src/sync/watch.rs	changed
tokio/src/sync/watch.rs	watch_spurious_wakeup	tokio/src/sync/watch.rs	channel
tokio/src/sync/watch.rs	watch_spurious_wakeup	tokio/src/sync/watch.rs	send
tokio/src/task/builder.rs	new	tokio-util/src/codec/length_delimited.rs	default
tokio/src/task/builder.rs	spawn	tokio/src/task/builder.rs	new
tokio/src/task/builder.rs	spawn_blocking	tokio/src/runtime/handle.rs	current
tokio/src/task/builder.rs	spawn_blocking_on	tokio/src/runtime/blocking/pool.rs	spawn_blocking_inner
tokio/src/task/builder.rs	spawn_blocking_on	tokio/src/task/builder.rs	new
tokio/src/task/builder.rs	spawn_local	tokio/src/task/builder.rs	new
tokio/src/task/builder.rs	spawn_local_on	tokio/src/task/builder.rs	new
tokio/src/task/builder.rs	spawn_local_on	tokio/src/task/local.rs	spawn_named
tokio/src/task/builder.rs	spawn_on	tokio/src/runtime/handle.rs	spawn_named
tokio/src/task/builder.rs	spawn_on	tokio/src/task/builder.rs	new
tokio/src/task/coop/consume_budget.rs	closure@984	tokio/src/sync/mpsc/block.rs	is_ready
tokio/src/task/coop/consume_budget.rs	consume_budget	tokio/src/sync/mpsc/block.rs	is_ready
tokio/src/task/coop/mod.rs	budget	tokio/src/task/coop/mod.rs	initial
tokio/src/task/coop/mod.rs	budget	tokio/src/task/coop/mod.rs	with_budget
tokio/src/task/coop/mod.rs	budgeting	tokio/src/io/ready.rs	Ready
tokio/src/task/coop/mod.rs	budgeting	tokio/src/task/coop/mod.rs	budget
tokio/src/task/coop/mod.rs	budgeting	tokio/src/task/coop/mod.rs	get
tokio/src/task/coop/mod.rs	closure@17390	tokio/src/task/coop/mod.rs	get
tokio/src/task/coop/mod.rs	closure@17775	tokio/src/task/coop/mod.rs	budget
tokio/src/task/coop/mod.rs	closure@19308	tokio/src/task/coop/mod.rs	get
tokio/src/task/coop/mod.rs	closure@19571	tokio/src/io/ready.rs	Ready
tokio/src/task/coop/mod.rs	closure@5444	tokio/src/task/coop/mod.rs	get
tokio/src/task/coop/mod.rs	closure@7765	tokio/src/task/coop/mod.rs	get
tokio/src/task/coop/mod.rs	closure@7765	tokio/src/task/coop/mod.rs	has_remaining
tokio/src/task/coop/mod.rs	get	tokio/src/runtime/context.rs	budget
tokio/src/task/coop/mod.rs	get	tokio/src/task/coop/mod.rs	get
tokio/src/task/coop/mod.rs	get	tokio/src/task/coop/mod.rs	unconstrained
tokio/src/task/coop/mod.rs	has_budget_remaining	tokio/src/runtime/context.rs	budget
tokio/src/task/coop/mod.rs	has_budget_remaining	tokio/src/task/coop/mod.rs	get
tokio/src/task/coop/mod.rs	has_budget_remaining	tokio/src/task/coop/mod.rs	has_remaining
tokio/src/task/coop/mod.rs	initial	tokio/src/task/coop/mod.rs	Budget
tokio/src/task/coop/mod.rs	unconstrained	tokio/src/task/coop/mod.rs	Budget
tokio/src/task/coop/mod.rs	with_budget	tokio/src/runtime/context.rs	budget
tokio/src/task/coop/mod.rs	with_budget	tokio/src/task/coop/mod.rs	get
tokio/src/task/coop/mod.rs	with_unconstrained	tokio/src/task/coop/mod.rs	unconstrained
tokio/src/task/coop/mod.rs	with_unconstrained	tokio/src/task/coop/mod.rs	with_budget
tokio/src/task/join_set.rs	abort_all	tokio/src/util/idle_notified_set.rs	for_each
tokio/src/task/join_set.rs	build_task	tokio/src/task/join_set.rs	Builder
tokio/src/task/join_set.rs	build_task	tokio/src/task/join_set.rs	new
tokio/src/task/join_set.rs	closure@10150	tokio/src/task/join_set.rs	poll_join_next_with_id
tokio/src/task/join_set.rs	closure@10676	tokio/src/task/join_set.rs	new
tokio/src/task/join_set.rs	closure@11895	tokio/src/task/join_set.rs	new
tokio/src/task/join_set.rs	closure@17978	tokio/src/task/join_set.rs	new
tokio/src/task/join_set.rs	closure@20601	tokio/src/task/join_set.rs	new
tokio/src/task/join_set.rs	closure@22603	tokio/src/task/join_set.rs	spawn
tokio/src/task/join_set.rs	closure@23624	tokio/src/task/join_set.rs	spawn
tokio/src/task/join_set.rs	closure@8752	tokio/src/runtime/task/join.rs	set_join_waker
tokio/src/task/join_set.rs	closure@9299	tokio/src/task/join_set.rs	poll_join_next
tokio/src/task/join_set.rs	default	tokio/src/task/join_set.rs	new
tokio/src/task/join_set.rs	detach_all	tokio/src/util/idle_notified_set.rs	drain
tokio/src/task/join_set.rs	drop	tokio/src/util/idle_notified_set.rs	drain
tokio/src/task/join_set.rs	extend	tokio/src/task/join_set.rs	spawn
tokio/src/task/join_set.rs	fmt	tokio/src/task/join_set.rs	len
tokio/src/task/join_set.rs	from_iter	tokio/src/task/join_set.rs	new
tokio/src/task/join_set.rs	from_iter	tokio/src/task/join_set.rs	spawn
tokio/src/task/join_set.rs	insert	tokio/src/runtime/task/join.rs	abort_handle
tokio/src/task/join_set.rs	insert	tokio/src/runtime/task/join.rs	set_join_waker
tokio/src/task/join_set.rs	insert	tokio/src/util/idle_notified_set.rs	insert_idle
tokio/src/task/join_set.rs	insert	tokio/src/util/idle_notified_set.rs	with_value_and_context
tokio/src/task/join_set.rs	is_empty	tokio/src/util/idle_notified_set.rs	is_empty
tokio/src/task/join_set.rs	join_all	tokio/src/runtime/task/error.rs	into_panic
tokio/src/task/join_set.rs	join_all	tokio/src/runtime/task/error.rs	is_panic
tokio/src/task/join_set.rs	join_all	tokio/src/task/join_set.rs	join_next
tokio/src/task/join_set.rs	join_all	tokio/src/task/join_set.rs	len
tokio/src/task/join_set.rs	join_next	tokio/src/task/join_set.rs	poll_join_next
tokio/src/task/join_set.rs	join_next_with_id	tokio/src/task/join_set.rs	poll_join_next_with_id
tokio/src/task/join_set.rs	len	tokio/src/util/idle_notified_set.rs	len
tokio/src/task/join_set.rs	new	tokio/src/util/idle_notified_set.rs	new
tokio/src/task/join_set.rs	poll_join_next	tokio/src/io/ready.rs	Ready
tokio/src/task/join_set.rs	poll_join_next	tokio/src/task/join_set.rs	is_empty
tokio/src/task/join_set.rs	poll_join_next	tokio/src/task/join_set.rs	new
tokio/src/task/join_set.rs	poll_join_next	tokio/src/util/idle_notified_set.rs	pop_notified
tokio/src/task/join_set.rs	poll_join_next	tokio/src/util/idle_notified_set.rs	with_value_and_context
tokio/src/task/join_set.rs	poll_join_next_with_id	tokio/src/io/ready.rs	Ready
tokio/src/task/join_set.rs	poll_join_next_with_id	tokio/src/task/join_set.rs	is_empty
tokio/src/task/join_set.rs	poll_join_next_with_id	tokio/src/task/join_set.rs	new
tokio/src/task/join_set.rs	poll_join_next_with_id	tokio/src/util/idle_notified_set.rs	pop_notified
tokio/src/task/join_set.rs	poll_join_next_with_id	tokio/src/util/idle_notified_set.rs	with_value_and_context
tokio/src/task/join_set.rs	shutdown	tokio/src/task/join_set.rs	abort_all
tokio/src/task/join_set.rs	shutdown	tokio/src/task/join_set.rs	join_next
tokio/src/task/join_set.rs	spawn	tokio/src/task/join_set.rs	insert
tokio/src/task/join_set.rs	spawn_blocking	tokio/src/task/join_set.rs	insert
tokio/src/task/join_set.rs	spawn_blocking_on	tokio/src/runtime/handle.rs	spawn_blocking
tokio/src/task/join_set.rs	spawn_blocking_on	tokio/src/task/join_set.rs	insert
tokio/src/task/join_set.rs	spawn_local	tokio/src/task/join_set.rs	insert
tokio/src/task/join_set.rs	spawn_local_on	tokio/src/task/join_set.rs	insert
tokio/src/task/join_set.rs	spawn_local_on	tokio/src/task/local.rs	spawn_local
tokio/src/task/join_set.rs	spawn_on	tokio/src/task/join_set.rs	insert
tokio/src/task/join_set.rs	try_join_next	tokio/src/task/join_set.rs	new
tokio/src/task/join_set.rs	try_join_next	tokio/src/util/idle_notified_set.rs	try_pop_notified
tokio/src/task/join_set.rs	try_join_next	tokio/src/util/idle_notified_set.rs	with_value_and_context
tokio/src/task/join_set.rs	try_join_next_with_id	tokio/src/task/join_set.rs	new
tokio/src/task/join_set.rs	try_join_next_with_id	tokio/src/util/idle_notified_set.rs	try_pop_notified
tokio/src/task/join_set.rs	try_join_next_with_id	tokio/src/util/idle_notified_set.rs	with_value_and_context
tokio/src/task/local.rs	assert_owner	tokio/src/runtime/task/list.rs	assert_owner
tokio/src/task/local.rs	assert_owner	tokio/src/task/local.rs	assert_called_from_owner_thread
tokio/src/task/local.rs	block_on	tokio/src/runtime/runtime.rs	block_on
tokio/src/task/local.rs	block_on	tokio/src/task/local.rs	run_until
tokio/src/task/local.rs	close_and_shutdown_all	tokio/src/runtime/task/list.rs	close_and_shutdown_all
tokio/src/task/local.rs	close_and_shutdown_all	tokio/src/task/local.rs	assert_called_from_owner_thread
tokio/src/task/local.rs	closure@17623	tokio/src/task/local.rs	LocalEnterGuard
tokio/src/task/local.rs	closure@17623	tokio/src/util/rc_cell.rs	replace
tokio/src/task/local.rs	closure@26564	tokio/src/task/local.rs	pop_local
tokio/src/task/local.rs	closure@26881	tokio/src/task/local.rs	assert_owner
tokio/src/task/local.rs	closure@27635	tokio/src/task/local.rs	enter
tokio/src/task/local.rs	closure@27992	tokio/src/task/local.rs	enter
tokio/src/task/local.rs	closure@32362	tokio/src/task/local.rs	tick
tokio/src/task/local.rs	closure@33362	tokio/src/task/local.rs	close_and_shutdown_all
tokio/src/task/local.rs	closure@33362	tokio/src/task/local.rs	drop
tokio/src/task/local.rs	closure@33362	tokio/src/task/local.rs	take_local_queue
tokio/src/task/local.rs	closure@36479	tokio/src/io/ready.rs	Ready
tokio/src/task/local.rs	closure@36479	tokio/src/sync/task/atomic_waker.rs	register_by_ref
tokio/src/task/local.rs	closure@36479	tokio/src/task/local.rs	poll
tokio/src/task/local.rs	closure@36479	tokio/src/task/local.rs	tick
tokio/src/task/local.rs	closure@37298	tokio/src/sync/task/atomic_waker.rs	wake
tokio/src/task/local.rs	closure@37298	tokio/src/task/local.rs	drop
tokio/src/task/local.rs	closure@37298	tokio/src/task/local.rs	ptr_eq
tokio/src/task/local.rs	closure@37298	tokio/src/task/local.rs	task_push_back
tokio/src/task/local.rs	closure@46442	tokio/src/io/ready.rs	Ready
tokio/src/task/local.rs	closure@46442	tokio/src/task/local.rs	poll
tokio/src/task/local.rs	default	tokio/src/task/local.rs	new
tokio/src/task/local.rs	drop	tokio/src/task/local.rs	close_and_shutdown_all
tokio/src/task/local.rs	drop	tokio/src/task/local.rs	drop
tokio/src/task/local.rs	drop	tokio/src/task/local.rs	take_local_queue
tokio/src/task/local.rs	drop	tokio/src/task/local.rs	with
tokio/src/task/local.rs	drop	tokio/src/task/local.rs	with_if_possible
tokio/src/task/local.rs	enter	tokio/src/task/local.rs	LocalDataEnterGuard
tokio/src/task/local.rs	enter	tokio/src/task/local.rs	LocalEnterGuard
tokio/src/task/local.rs	enter	tokio/src/task/local.rs	with
tokio/src/task/local.rs	enter	tokio/src/util/rc_cell.rs	replace
tokio/src/task/local.rs	hooks	tokio/src/runtime/task/mod.rs	TaskHarnessScheduleHooks
tokio/src/task/local.rs	id	tokio/src/runtime/id.rs	new
tokio/src/task/local.rs	local_current_thread_scheduler	tokio/src/runtime/builder.rs	new_current_thread
tokio/src/task/local.rs	local_current_thread_scheduler	tokio/src/task/local.rs	block_on
tokio/src/task/local.rs	local_current_thread_scheduler	tokio/src/task/local.rs	new
tokio/src/task/local.rs	local_current_thread_scheduler	tokio/src/task/local.rs	run_until
tokio/src/task/local.rs	local_current_thread_scheduler	tokio/src/task/local.rs	spawn_local
tokio/src/task/local.rs	new	tokio/src/loom/std/unsafe_cell.rs	new
tokio/src/task/local.rs	new	tokio/src/runtime/task/core.rs	new
tokio/src/task/local.rs	new	tokio/src/runtime/task/list.rs	new
tokio/src/task/local.rs	new	tokio/src/sync/task/atomic_waker.rs	new
tokio/src/task/local.rs	new	tokio/src/task/local.rs	Context
tokio/src/task/local.rs	new	tokio/src/task/local.rs	LocalState
tokio/src/task/local.rs	new	tokio/src/task/local.rs	Shared
tokio/src/task/local.rs	new	tokio/src/task/local.rs	new
tokio/src/task/local.rs	next_task	tokio/src/task/local.rs	assert_owner
tokio/src/task/local.rs	next_task	tokio/src/task/local.rs	pop_local
tokio/src/task/local.rs	owned_is_empty	tokio/src/runtime/task/list.rs	is_empty
tokio/src/task/local.rs	owned_is_empty	tokio/src/task/local.rs	assert_called_from_owner_thread
tokio/src/task/local.rs	poll	tokio/src/io/ready.rs	Ready
tokio/src/task/local.rs	poll	tokio/src/sync/task/atomic_waker.rs	register_by_ref
tokio/src/task/local.rs	poll	tokio/src/task/local.rs	owned_is_empty
tokio/src/task/local.rs	poll	tokio/src/task/local.rs	poll
tokio/src/task/local.rs	poll	tokio/src/task/local.rs	tick
tokio/src/task/local.rs	poll	tokio/src/task/local.rs	with
tokio/src/task/local.rs	pop_local	tokio/src/task/local.rs	task_pop_front
tokio/src/task/local.rs	release	tokio/src/task/local.rs	task_remove
tokio/src/task/local.rs	schedule	tokio/src/sync/task/atomic_waker.rs	wake
tokio/src/task/local.rs	schedule	tokio/src/task/local.rs	drop
tokio/src/task/local.rs	schedule	tokio/src/task/local.rs	ptr_eq
tokio/src/task/local.rs	schedule	tokio/src/task/local.rs	schedule
tokio/src/task/local.rs	schedule	tokio/src/task/local.rs	task_push_back
tokio/src/task/local.rs	schedule	tokio/src/task/local.rs	with
tokio/src/task/local.rs	spawn	tokio/src/runtime/task/id.rs	as_u64
tokio/src/task/local.rs	spawn	tokio/src/runtime/task/id.rs	next
tokio/src/task/local.rs	spawn	tokio/src/runtime/task/mod.rs	capture
tokio/src/task/local.rs	spawn	tokio/src/task/local.rs	assert_called_from_owner_thread
tokio/src/task/local.rs	spawn_local	tokio/src/task/local.rs	spawn_named
tokio/src/task/local.rs	spawn_named	tokio/src/task/local.rs	spawn_named_inner
tokio/src/task/local.rs	spawn_named_inner	tokio/src/task/local.rs	spawn
tokio/src/task/local.rs	take_local_queue	tokio/src/loom/std/unsafe_cell.rs	with_mut
tokio/src/task/local.rs	take_local_queue	tokio/src/task/local.rs	assert_called_from_owner_thread
tokio/src/task/local.rs	task_pop_front	tokio/src/loom/std/unsafe_cell.rs	with_mut
tokio/src/task/local.rs	task_pop_front	tokio/src/task/local.rs	assert_called_from_owner_thread
tokio/src/task/local.rs	task_push_back	tokio/src/loom/std/unsafe_cell.rs	with_mut
tokio/src/task/local.rs	task_push_back	tokio/src/task/local.rs	assert_called_from_owner_thread
tokio/src/task/local.rs	task_remove	tokio/src/runtime/task/list.rs	remove
tokio/src/task/local.rs	task_remove	tokio/src/task/local.rs	assert_called_from_owner_thread
tokio/src/task/local.rs	tick	tokio/src/task/coop/mod.rs	budget
tokio/src/task/local.rs	tick	tokio/src/task/local.rs	next_task
tokio/src/task/local.rs	wakes_to_local_queue	tokio/src/io/ready.rs	Ready
tokio/src/task/local.rs	wakes_to_local_queue	tokio/src/runtime/builder.rs	new_current_thread
tokio/src/task/local.rs	wakes_to_local_queue	tokio/src/sync/notify.rs	new
tokio/src/task/local.rs	wakes_to_local_queue	tokio/src/task/local.rs	block_on
tokio/src/task/local.rs	wakes_to_local_queue	tokio/src/task/local.rs	new
tokio/src/task/local.rs	wakes_to_local_queue	tokio/src/task/local.rs	poll
tokio/src/task/local.rs	wakes_to_local_queue	tokio/src/task/local.rs	run_until
tokio/src/task/local.rs	wakes_to_local_queue	tokio/src/task/local.rs	spawn_local
tokio/src/task/local.rs	wakes_to_local_queue	tokio/src/task/local.rs	task_pop_front
tokio/src/task/local.rs	with	tokio/src/task/local.rs	enter
tokio/src/task/local.rs	with	tokio/src/task/local.rs	with
tokio/src/task/local.rs	with_if_possible	tokio/src/task/local.rs	enter
tokio/src/task/local.rs	with_if_possible	tokio/src/task/task_local.rs	try_with
tokio/src/task/task_local.rs	closure@11636	tokio/src/sync/mpsc/block.rs	is_ready
tokio/src/task/task_local.rs	closure@11636	tokio/src/task/task_local.rs	poll
tokio/src/task/task_local.rs	closure@5822	tokio-util/src/codec/framed_impl.rs	borrow_mut
tokio/src/task/task_local.rs	fmt	tokio/src/task/task_local.rs	fmt
tokio/src/task/task_local.rs	get	tokio/src/task/task_local.rs	with
tokio/src/task/task_local.rs	poll	tokio/src/sync/mpsc/block.rs	is_ready
tokio/src/task/task_local.rs	poll	tokio/src/task/task_local.rs	panic
tokio/src/task/task_local.rs	poll	tokio/src/task/task_local.rs	poll
tokio/src/task/task_local.rs	poll	tokio/src/task/task_local.rs	scope_inner
tokio/src/task/task_local.rs	scope_inner	tokio-util/src/codec/framed_impl.rs	borrow_mut
tokio/src/task/task_local.rs	scope_inner	tokio/src/task/task_local.rs	try_with
tokio/src/task/task_local.rs	scope_inner	tokio/src/task/task_local.rs	with
tokio/src/task/task_local.rs	sync_scope	tokio/src/task/task_local.rs	panic
tokio/src/task/task_local.rs	sync_scope	tokio/src/task/task_local.rs	scope_inner
tokio/src/task/task_local.rs	try_get	tokio/src/task/task_local.rs	try_with
tokio/src/task/task_local.rs	try_with	tokio/src/task/task_local.rs	AccessError
tokio/src/task/task_local.rs	try_with	tokio/src/task/task_local.rs	try_with
tokio/src/task/task_local.rs	with	tokio/src/task/task_local.rs	try_with
tokio/src/task/yield_now.rs	closure@1855	tokio/src/io/ready.rs	Ready
tokio/src/task/yield_now.rs	yield_now	tokio/src/io/ready.rs	Ready
tokio/src/time/error.rs	at_capacity	tokio/src/time/error.rs	Error
tokio/src/time/error.rs	fmt	tokio/src/time/error.rs	fmt
tokio/src/time/error.rs	from	tokio/src/time/error.rs	Error
tokio/src/time/error.rs	invalid	tokio/src/time/error.rs	Error
tokio/src/time/error.rs	new	tokio/src/time/error.rs	Elapsed
tokio/src/time/error.rs	shutdown	tokio/src/time/error.rs	Error
tokio/src/time/instant.rs	add	tokio/src/time/instant.rs	from_std
tokio/src/time/instant.rs	checked_add	tokio/src/time/instant.rs	checked_add
tokio/src/time/instant.rs	checked_duration_since	tokio/src/time/instant.rs	checked_duration_since
tokio/src/time/instant.rs	checked_sub	tokio/src/time/instant.rs	checked_sub
tokio/src/time/instant.rs	duration_since	tokio/src/time/instant.rs	saturating_duration_since
tokio/src/time/instant.rs	elapsed	tokio/src/time/instant.rs	now
tokio/src/time/instant.rs	elapsed	tokio/src/time/instant.rs	saturating_duration_since
tokio/src/time/instant.rs	far_future	tokio/src/time/instant.rs	now
tokio/src/time/instant.rs	fmt	tokio/src/time/instant.rs	fmt
tokio/src/time/instant.rs	from	tokio/src/time/instant.rs	from_std
tokio/src/time/instant.rs	from	tokio/src/time/instant.rs	into_std
tokio/src/time/instant.rs	from_std	tokio/src/time/instant.rs	Instant
tokio/src/time/instant.rs	now	tokio/src/time/instant.rs	from_std
tokio/src/time/instant.rs	now	tokio/src/time/instant.rs	now
tokio/src/time/instant.rs	saturating_duration_since	tokio/src/time/instant.rs	saturating_duration_since
tokio/src/time/instant.rs	sub	tokio/src/time/instant.rs	from_std
tokio/src/time/instant.rs	sub	tokio/src/time/instant.rs	saturating_duration_since
tokio/src/time/instant.rs	sub	tokio/src/time/instant.rs	sub
tokio/src/time/interval.rs	closure@16121	tokio/src/time/interval.rs	poll_tick
tokio/src/time/interval.rs	closure@16351	tokio/src/time/interval.rs	poll_tick
tokio/src/time/interval.rs	internal_interval_at	tokio/src/time/interval.rs	Interval
tokio/src/time/interval.rs	internal_interval_at	tokio/src/time/interval.rs	default
tokio/src/time/interval.rs	internal_interval_at	tokio/src/time/sleep.rs	sleep_until
tokio/src/time/interval.rs	interval	tokio/src/time/instant.rs	now
tokio/src/time/interval.rs	interval	tokio/src/time/interval.rs	internal_interval_at
tokio/src/time/interval.rs	interval_at	tokio/src/time/interval.rs	internal_interval_at
tokio/src/time/interval.rs	next_timeout	tokio/src/process/mod.rs	try_into
tokio/src/time/interval.rs	poll_tick	tokio/src/io/ready.rs	Ready
tokio/src/time/interval.rs	poll_tick	tokio/src/time/instant.rs	checked_add
tokio/src/time/interval.rs	poll_tick	tokio/src/time/instant.rs	now
tokio/src/time/interval.rs	poll_tick	tokio/src/time/interval.rs	next_timeout
tokio/src/time/interval.rs	poll_tick	tokio/src/time/sleep.rs	reset_without_timer
tokio/src/time/interval.rs	reset	tokio/src/time/instant.rs	now
tokio/src/time/interval.rs	reset	tokio/src/time/interval.rs	reset
tokio/src/time/interval.rs	reset_after	tokio/src/time/instant.rs	now
tokio/src/time/interval.rs	reset_after	tokio/src/time/interval.rs	reset
tokio/src/time/interval.rs	reset_at	tokio/src/time/interval.rs	reset
tokio/src/time/interval.rs	reset_immediately	tokio/src/time/instant.rs	now
tokio/src/time/interval.rs	reset_immediately	tokio/src/time/interval.rs	reset
tokio/src/time/interval.rs	tick	tokio/src/time/interval.rs	poll_tick
tokio/src/time/sleep.rs	far_future	tokio/src/time/instant.rs	far_future
tokio/src/time/sleep.rs	far_future	tokio/src/time/sleep.rs	new_timeout
tokio/src/time/sleep.rs	new_timeout	tokio/src/runtime/handle.rs	current
tokio/src/time/sleep.rs	poll	tokio/src/io/ready.rs	Ready
tokio/src/time/sleep.rs	poll_elapsed	tokio/src/runtime/time/entry.rs	init
tokio/src/time/sleep.rs	poll_elapsed	tokio/src/runtime/time/handle.rs	time_source
tokio/src/time/sleep.rs	poll_elapsed	tokio/src/runtime/time_alt/timer.rs	new
tokio/src/time/sleep.rs	poll_elapsed	tokio/src/time/sleep.rs	poll_elapsed
tokio/src/time/sleep.rs	reset	tokio/src/runtime/time/entry.rs	init
tokio/src/time/sleep.rs	reset	tokio/src/runtime/time/handle.rs	time_source
tokio/src/time/sleep.rs	reset	tokio/src/runtime/time_alt/timer.rs	new
tokio/src/time/sleep.rs	reset	tokio/src/time/sleep.rs	reset
tokio/src/time/sleep.rs	sleep	tokio/src/time/instant.rs	checked_add
tokio/src/time/sleep.rs	sleep	tokio/src/time/instant.rs	far_future
tokio/src/time/sleep.rs	sleep	tokio/src/time/instant.rs	now
tokio/src/time/sleep.rs	sleep	tokio/src/time/sleep.rs	new_timeout
tokio/src/time/sleep.rs	sleep_until	tokio/src/time/sleep.rs	new_timeout
tokio/src/time/timeout.rs	closure@7366	tokio/src/io/ready.rs	Ready
tokio/src/time/timeout.rs	poll	tokio/src/io/ready.rs	Ready
tokio/src/time/timeout.rs	poll	tokio/src/task/coop/mod.rs	has_budget_remaining
tokio/src/time/timeout.rs	poll	tokio/src/time/timeout.rs	poll
tokio/src/time/timeout.rs	poll	tokio/src/time/timeout.rs	poll_delay
tokio/src/time/timeout.rs	poll_delay	tokio/src/io/ready.rs	Ready
tokio/src/time/timeout.rs	poll_delay	tokio/src/task/coop/mod.rs	has_budget_remaining
tokio/src/time/timeout.rs	poll_delay	tokio/src/task/coop/mod.rs	with_unconstrained
tokio/src/time/timeout.rs	timeout	tokio/src/time/instant.rs	checked_add
tokio/src/time/timeout.rs	timeout	tokio/src/time/instant.rs	now
tokio/src/time/timeout.rs	timeout	tokio/src/time/sleep.rs	far_future
tokio/src/time/timeout.rs	timeout	tokio/src/time/sleep.rs	new_timeout
tokio/src/time/timeout.rs	timeout	tokio/src/time/timeout.rs	new_with_delay
tokio/src/time/timeout.rs	timeout_at	tokio/src/time/sleep.rs	sleep_until
tokio/src/time/timeout.rs	timeout_at	tokio/src/time/timeout.rs	new_with_delay
tokio/src/util/as_ref.rs	upgrade	tokio/src/util/as_ref.rs	Bytes
tokio/src/util/as_ref.rs	upgrade	tokio/src/util/as_ref.rs	Vec
tokio/src/util/as_ref.rs	upgrade	tokio/src/util/as_ref.rs	as_ref
tokio/src/util/as_ref.rs	upgrade	tokio/src/util/typeid.rs	try_transmute
tokio/src/util/atomic_cell.rs	drop	tokio/src/util/atomic_cell.rs	take
tokio/src/util/atomic_cell.rs	from_raw	tokio/src/util/atomic_cell.rs	from_raw
tokio/src/util/atomic_cell.rs	new	tokio/src/util/atomic_cell.rs	AtomicCell
tokio/src/util/atomic_cell.rs	new	tokio/src/util/atomic_cell.rs	new
tokio/src/util/atomic_cell.rs	new	tokio/src/util/atomic_cell.rs	to_raw
tokio/src/util/atomic_cell.rs	set	tokio/src/util/atomic_cell.rs	swap
tokio/src/util/atomic_cell.rs	swap	tokio/src/util/atomic_cell.rs	from_raw
tokio/src/util/atomic_cell.rs	swap	tokio/src/util/atomic_cell.rs	to_raw
tokio/src/util/atomic_cell.rs	take	tokio/src/util/atomic_cell.rs	swap
tokio/src/util/bit.rs	least_significant	tokio/src/util/bit.rs	Pack
tokio/src/util/bit.rs	least_significant	tokio/src/util/bit.rs	mask_for
tokio/src/util/bit.rs	max_value	tokio/src/util/bit.rs	width
tokio/src/util/bit.rs	then	tokio/src/util/bit.rs	Pack
tokio/src/util/bit.rs	then	tokio/src/util/bit.rs	mask_for
tokio/src/util/bit.rs	unpack	tokio/src/util/bit.rs	unpack
tokio/src/util/cacheline.rs	new	tokio/src/util/cacheline.rs	CachePadded
tokio/src/util/idle_notified_set.rs	drain	tokio/src/util/idle_notified_set.rs	move_to_new_list
tokio/src/util/idle_notified_set.rs	drain	tokio/src/util/linked_list.rs	new
tokio/src/util/idle_notified_set.rs	drop	tokio/src/util/idle_notified_set.rs	drain
tokio/src/util/idle_notified_set.rs	for_each	tokio/src/util/idle_notified_set.rs	get_ptrs
tokio/src/util/idle_notified_set.rs	for_each	tokio/src/util/idle_notified_set.rs	len
tokio/src/util/idle_notified_set.rs	from_raw	tokio/src/runtime/io/registration_set.rs	from_raw
tokio/src/util/idle_notified_set.rs	get_ptrs	tokio/src/util/linked_list.rs	get_prev
tokio/src/util/idle_notified_set.rs	get_ptrs	tokio/src/util/linked_list.rs	last
tokio/src/util/idle_notified_set.rs	insert_idle	tokio/src/loom/std/unsafe_cell.rs	new
tokio/src/util/idle_notified_set.rs	insert_idle	tokio/src/util/idle_notified_set.rs	EntryInOneOfTheLists
tokio/src/util/idle_notified_set.rs	insert_idle	tokio/src/util/idle_notified_set.rs	ListEntry
tokio/src/util/idle_notified_set.rs	insert_idle	tokio/src/util/idle_notified_set.rs	new
tokio/src/util/idle_notified_set.rs	insert_idle	tokio/src/util/linked_list.rs	new
tokio/src/util/idle_notified_set.rs	join_set_test	tokio/src/runtime/builder.rs	new_current_thread
tokio/src/util/idle_notified_set.rs	join_set_test	tokio/src/task/join_set.rs	new
tokio/src/util/idle_notified_set.rs	move_to_new_list	tokio/src/util/linked_list.rs	pop_back
tokio/src/util/idle_notified_set.rs	move_to_new_list	tokio/src/util/linked_list.rs	push_front
tokio/src/util/idle_notified_set.rs	new	tokio/src/util/idle_notified_set.rs	IdleNotifiedSet
tokio/src/util/idle_notified_set.rs	new	tokio/src/util/idle_notified_set.rs	ListsInner
tokio/src/util/idle_notified_set.rs	new	tokio/src/util/idle_notified_set.rs	new
tokio/src/util/idle_notified_set.rs	new	tokio/src/util/linked_list.rs	new
tokio/src/util/idle_notified_set.rs	pop_notified	tokio/src/util/idle_notified_set.rs	EntryInOneOfTheLists
tokio/src/util/idle_notified_set.rs	pop_notified	tokio/src/util/idle_notified_set.rs	drop
tokio/src/util/idle_notified_set.rs	remove	tokio/src/util/idle_notified_set.rs	as_raw
tokio/src/util/idle_notified_set.rs	remove	tokio/src/util/idle_notified_set.rs	remove
tokio/src/util/idle_notified_set.rs	try_pop_notified	tokio/src/util/idle_notified_set.rs	EntryInOneOfTheLists
tokio/src/util/idle_notified_set.rs	try_pop_notified	tokio/src/util/idle_notified_set.rs	drop
tokio/src/util/idle_notified_set.rs	wake	tokio/src/util/idle_notified_set.rs	wake_by_ref
tokio/src/util/idle_notified_set.rs	wake_by_ref	tokio/src/util/idle_notified_set.rs	as_raw
tokio/src/util/idle_notified_set.rs	wake_by_ref	tokio/src/util/idle_notified_set.rs	drop
tokio/src/util/idle_notified_set.rs	wake_by_ref	tokio/src/util/idle_notified_set.rs	remove
tokio/src/util/idle_notified_set.rs	wake_by_ref	tokio/src/util/idle_notified_set.rs	wake
tokio/src/util/linked_list.rs	as_raw	tokio/src/runtime/time_alt/entry.rs	from
tokio/src/util/linked_list.rs	closure@23309	tokio/src/util/linked_list.rs	entry
tokio/src/util/linked_list.rs	collect_list	tokio/src/util/linked_list.rs	pop_back
tokio/src/util/linked_list.rs	const_new	tokio/src/util/linked_list.rs	new
tokio/src/util/linked_list.rs	default	tokio/src/util/linked_list.rs	new
tokio/src/util/linked_list.rs	entry	tokio/src/util/linked_list.rs	Entry
tokio/src/util/linked_list.rs	entry	tokio/src/util/linked_list.rs	new
tokio/src/util/linked_list.rs	fmt	tokio/src/util/linked_list.rs	get_next
tokio/src/util/linked_list.rs	fmt	tokio/src/util/linked_list.rs	get_prev
tokio/src/util/linked_list.rs	fuzz_linked_list	tokio/src/util/linked_list.rs	entry
tokio/src/util/linked_list.rs	fuzz_linked_list	tokio/src/util/linked_list.rs	is_empty
tokio/src/util/linked_list.rs	fuzz_linked_list	tokio/src/util/linked_list.rs	new
tokio/src/util/linked_list.rs	fuzz_linked_list	tokio/src/util/linked_list.rs	pop_back
tokio/src/util/linked_list.rs	fuzz_linked_list	tokio/src/util/linked_list.rs	ptr
tokio/src/util/linked_list.rs	fuzz_linked_list	tokio/src/util/linked_list.rs	push_front
tokio/src/util/linked_list.rs	fuzz_linked_list	tokio/src/util/linked_list.rs	remove
tokio/src/util/linked_list.rs	new	tokio/src/loom/std/unsafe_cell.rs	new
tokio/src/util/linked_list.rs	new	tokio/src/util/linked_list.rs	LinkedList
tokio/src/util/linked_list.rs	new	tokio/src/util/linked_list.rs	Pointers
tokio/src/util/linked_list.rs	new	tokio/src/util/linked_list.rs	PointersInner
tokio/src/util/linked_list.rs	pop_back	tokio/src/util/linked_list.rs	from_raw
tokio/src/util/linked_list.rs	pop_back	tokio/src/util/linked_list.rs	get_prev
tokio/src/util/linked_list.rs	pop_back	tokio/src/util/linked_list.rs	pointers
tokio/src/util/linked_list.rs	pop_back	tokio/src/util/linked_list.rs	set_next
tokio/src/util/linked_list.rs	pop_back	tokio/src/util/linked_list.rs	set_prev
tokio/src/util/linked_list.rs	pop_front	tokio/src/util/linked_list.rs	from_raw
tokio/src/util/linked_list.rs	pop_front	tokio/src/util/linked_list.rs	get_next
tokio/src/util/linked_list.rs	pop_front	tokio/src/util/linked_list.rs	pointers
tokio/src/util/linked_list.rs	pop_front	tokio/src/util/linked_list.rs	set_next
tokio/src/util/linked_list.rs	pop_front	tokio/src/util/linked_list.rs	set_prev
tokio/src/util/linked_list.rs	push_all	tokio/src/util/linked_list.rs	push_front
tokio/src/util/linked_list.rs	push_and_drain	tokio/src/util/linked_list.rs	collect_list
tokio/src/util/linked_list.rs	push_and_drain	tokio/src/util/linked_list.rs	entry
tokio/src/util/linked_list.rs	push_and_drain	tokio/src/util/linked_list.rs	new
tokio/src/util/linked_list.rs	push_and_drain	tokio/src/util/linked_list.rs	push_front
tokio/src/util/linked_list.rs	push_front	tokio/src/util/linked_list.rs	as_raw
tokio/src/util/linked_list.rs	push_front	tokio/src/util/linked_list.rs	new
tokio/src/util/linked_list.rs	push_front	tokio/src/util/linked_list.rs	pointers
tokio/src/util/linked_list.rs	push_front	tokio/src/util/linked_list.rs	set_next
tokio/src/util/linked_list.rs	push_front	tokio/src/util/linked_list.rs	set_prev
tokio/src/util/linked_list.rs	push_pop_push_pop	tokio/src/util/linked_list.rs	entry
tokio/src/util/linked_list.rs	push_pop_push_pop	tokio/src/util/linked_list.rs	new
tokio/src/util/linked_list.rs	push_pop_push_pop	tokio/src/util/linked_list.rs	pop_back
tokio/src/util/linked_list.rs	push_pop_push_pop	tokio/src/util/linked_list.rs	push_front
tokio/src/util/linked_list.rs	remove	tokio/src/util/linked_list.rs	from_raw
tokio/src/util/linked_list.rs	remove	tokio/src/util/linked_list.rs	get_next
tokio/src/util/linked_list.rs	remove	tokio/src/util/linked_list.rs	get_prev
tokio/src/util/linked_list.rs	remove	tokio/src/util/linked_list.rs	pointers
tokio/src/util/linked_list.rs	remove	tokio/src/util/linked_list.rs	set_next
tokio/src/util/linked_list.rs	remove	tokio/src/util/linked_list.rs	set_prev
tokio/src/util/linked_list.rs	remove_by_address	tokio/src/util/linked_list.rs	collect_list
tokio/src/util/linked_list.rs	remove_by_address	tokio/src/util/linked_list.rs	entry
tokio/src/util/linked_list.rs	remove_by_address	tokio/src/util/linked_list.rs	new
tokio/src/util/linked_list.rs	remove_by_address	tokio/src/util/linked_list.rs	push_all
tokio/src/util/linked_list.rs	remove_by_address	tokio/src/util/linked_list.rs	push_front
tokio/src/util/memchr.rs	memchr	tokio-util/src/util/memchr.rs	memchr_inner
tokio/src/util/metric_atomics.rs	new	tokio/src/loom/std/atomic_usize.rs	new
tokio/src/util/ptr_expose.rs	new	tokio/src/util/ptr_expose.rs	new
tokio/src/util/rand.rs	from_seed	tokio/src/util/rand.rs	FastRand
tokio/src/util/rand.rs	from_u64	tokio/src/util/rand.rs	from_pair
tokio/src/util/rand.rs	new	tokio/src/util/rand.rs	from_seed
tokio/src/util/rand.rs	new	tokio/src/util/rand.rs	from_u64
tokio/src/util/rand.rs	new	tokio/src/util/rand.rs	new
tokio/src/util/rand.rs	non_zero_seed_from_pair	tokio/src/util/rand.rs	from_pair
tokio/src/util/rand.rs	non_zero_seed_from_u64	tokio/src/util/rand.rs	from_u64
tokio/src/util/rand/rt.rs	new	tokio/src/util/rand.rs	from_seed
tokio/src/util/rand/rt.rs	new	tokio/src/util/rand/rt.rs	new
tokio/src/util/rand/rt.rs	next_generator	tokio/src/util/rand/rt.rs	new
tokio/src/util/rand/rt.rs	next_generator	tokio/src/util/rand/rt.rs	next_seed
tokio/src/util/rand/rt.rs	next_seed	tokio/src/util/rand.rs	from_pair
tokio/src/util/rand/rt.rs	replace_seed	tokio/src/util/rand.rs	from_pair
tokio/src/util/rand/rt_unstable.rs	from_bytes	tokio/src/util/rand.rs	from_u64
tokio/src/util/rc_cell.rs	get	tokio/src/util/rc_cell.rs	with_inner
tokio/src/util/rc_cell.rs	new	tokio/src/loom/std/unsafe_cell.rs	new
tokio/src/util/rc_cell.rs	replace	tokio/src/util/rc_cell.rs	with_inner
tokio/src/util/rc_cell.rs	set	tokio/src/util/rc_cell.rs	replace
tokio/src/util/rc_cell.rs	with_inner	tokio/src/loom/std/unsafe_cell.rs	with_mut
tokio/src/util/sharded_list.rs	closure@1581	tokio/src/util/linked_list.rs	new
tokio/src/util/sharded_list.rs	closure@1581	tokio/src/util/sharded_list.rs	new
tokio/src/util/sharded_list.rs	is_empty	tokio/src/util/sharded_list.rs	len
tokio/src/util/sharded_list.rs	len	tokio/src/util/metric_atomics.rs	load
tokio/src/util/sharded_list.rs	lock_shard	tokio/src/util/sharded_list.rs	ShardGuard
tokio/src/util/sharded_list.rs	lock_shard	tokio/src/util/sharded_list.rs	get_shard_id
tokio/src/util/sharded_list.rs	lock_shard	tokio/src/util/sharded_list.rs	shard_inner
tokio/src/util/sharded_list.rs	new	tokio/src/util/linked_list.rs	new
tokio/src/util/sharded_list.rs	new	tokio/src/util/metric_atomics.rs	new
tokio/src/util/sharded_list.rs	new	tokio/src/util/sharded_list.rs	new
tokio/src/util/sharded_list.rs	pop_back	tokio/src/util/metric_atomics.rs	decrement
tokio/src/util/sharded_list.rs	pop_back	tokio/src/util/sharded_list.rs	pop_back
tokio/src/util/sharded_list.rs	pop_back	tokio/src/util/sharded_list.rs	shard_inner
tokio/src/util/sharded_list.rs	push	tokio/src/util/metric_atomics.rs	increment
tokio/src/util/sharded_list.rs	push	tokio/src/util/sharded_list.rs	get_shard_id
tokio/src/util/sharded_list.rs	remove	tokio/src/util/metric_atomics.rs	decrement
tokio/src/util/sharded_list.rs	remove	tokio/src/util/sharded_list.rs	get_shard_id
tokio/src/util/sharded_list.rs	remove	tokio/src/util/sharded_list.rs	remove
tokio/src/util/sharded_list.rs	remove	tokio/src/util/sharded_list.rs	shard_inner
tokio/src/util/try_lock.rs	new	tokio/src/loom/std/unsafe_cell.rs	new
tokio/src/util/try_lock.rs	new	tokio/src/util/try_lock.rs	TryLock
tokio/src/util/try_lock.rs	new	tokio/src/util/try_lock.rs	new
tokio/src/util/try_lock.rs	try_lock	tokio/src/util/try_lock.rs	LockGuard
tokio/src/util/typeid.rs	try_transmute	tokio/src/util/typeid.rs	nonstatic_typeid
tokio/src/util/wake.rs	clone_arc_raw	tokio/src/util/wake.rs	waker_vtable
tokio/src/util/wake.rs	drop_arc_raw	tokio/src/runtime/io/registration_set.rs	from_raw
tokio/src/util/wake.rs	wake_arc_raw	tokio/src/runtime/io/registration_set.rs	from_raw
tokio/src/util/wake.rs	wake_arc_raw	tokio/src/util/wake.rs	wake
tokio/src/util/wake.rs	wake_by_ref_arc_raw	tokio/src/runtime/io/registration_set.rs	from_raw
tokio/src/util/wake.rs	wake_by_ref_arc_raw	tokio/src/util/wake.rs	wake_by_ref
tokio/src/util/wake.rs	waker_ref	tokio/src/util/wake.rs	WakerRef
tokio/src/util/wake.rs	waker_ref	tokio/src/util/wake.rs	waker_vtable
tokio/src/util/wake_list.rs	new	tokio/src/io/read_buf.rs	uninit
tokio/src/util/wake_list.rs	push	tokio/src/util/wake_list.rs	new
tokio/src/util/wake_list.rs	wake_all	tokio-util/src/sync/cancellation_token/guard.rs	DropGuard
