budget	fanout	rows	batch_size	maintenance	state	repetitions	affected_rows	join_affected_rows	output_rows	output_bytes	update_transaction_median_ms	update_transaction_min_ms	update_transaction_max_ms	query_compute_median_ms	query_compute_min_ms	query_compute_max_ms	update_plus_query_median_ms	update_plus_query_min_ms	update_plus_query_max_ms	client_transfer_median_ms	checksum_median_ms
constrained	4	24	3	dd	batch_key_value_move	3	3		12	72	0.021542	0.021083	0.022375	0.000291	0.000250	0.000292	0.021833	0.021375	0.022625		
constrained	4	24	3	dd	batch_key_value_move	3	3		24	149	0.017958	0.017416	0.018125	0.000458	0.000417	0.000500	0.018458	0.017833	0.018583		
constrained	4	24	3	dd	batch_key_value_move	3	3		23	149	0.026416	0.025375	0.026708	0.000542	0.000500	0.000542	0.026958	0.025917	0.027208		
constrained	4	24	3	dd	batch_key_value_move	3	3		16	100	0.022500	0.022375	0.025625	0.000333	0.000333	0.000333	0.022833	0.022708	0.025958		
constrained	4	24	3	dd	batch_key_value_move	3	3		48	316	0.031000	0.030916	0.031042	0.001042	0.001000	0.001083	0.032000	0.031958	0.032125		
constrained	4	24	3	dd	batch_key_value_move	3	3		24	144	0.028333	0.027417	0.049375	0.000625	0.000583	0.000667	0.028958	0.028000	0.050042		
constrained	4	24	3	dd	batch_key_value_move	3	3		48	295	0.026833	0.025875	0.028083	0.000958	0.000875	0.001000	0.027708	0.026833	0.029083		
constrained	4	24	3	dd	batch_key_value_move	3	3		16	105	0.028500	0.027916	0.031166	0.000333	0.000333	0.000375	0.028833	0.028249	0.031541		
constrained	4	24	3	dd	batch_key_value_move	3	3		8	51	0.029333	0.028750	0.029959	0.000166	0.000166	0.000167	0.029500	0.028916	0.030125		
constrained	4	24	3	dd	batch_key_value_move	3	3		4	33	0.026334	0.026291	0.026500	0.000083	0.000083	0.000125	0.026417	0.026416	0.026583		
constrained	4	24	3	dd	batch_key_value_move	3	3		7	31	0.056416	0.056375	0.058042	0.000167	0.000125	0.000167	0.056583	0.056542	0.058167		
constrained	4	24	3	dd	batch_key_value_move	3	3		6	65	0.027250	0.027250	0.027708	0.000167	0.000167	0.002167	0.027417	0.027417	0.029875		
constrained	4	24	3	dd	batch_key_value_move	3	3		6	36	0.034583	0.033708	0.035625	0.000167	0.000125	0.000167	0.034750	0.033875	0.035750		
constrained	4	24	3	dd	batch_key_value_move	3	3		28	183	0.026417	0.025958	0.027375	0.000583	0.000583	0.000583	0.027000	0.026541	0.027958		
constrained	4	24	3	dd	batch_key_value_move	3	3		21	136	0.042375	0.042250	0.042750	0.000583	0.000541	0.000584	0.042959	0.042791	0.043333		
constrained	4	24	3	dd	batch_key_value_move	3	3		2	13	0.034292	0.032709	0.039291	0.000042	0.000041	0.000083	0.034333	0.032792	0.039333		
constrained	4	24	3	dd	batch_key_value_move	3	3		3	18	0.024416	0.024125	0.025958	0.000083	0.000042	0.000084	0.024499	0.024167	0.026042		
constrained	4	24	3	dd	batch_key_value_move	3	3		24	204	0.032250	0.031750	0.032375	0.000583	0.000541	0.000584	0.032791	0.032333	0.032959		
constrained	4	24	3	dd	batch_key_value_move	3	3		12	72	0.020875	0.020083	0.021375	0.000292	0.000292	0.000292	0.021167	0.020375	0.021667		
constrained	4	24	3	dd	batch_key_value_move	3	3		12	72	0.021417	0.019917	0.026250	0.000334	0.000292	0.000334	0.021709	0.020251	0.026584		
constrained	4	24	3	dd	clear_edges	3	24		0	0	0.022667	0.022167	0.023667	0.000041	0.000041	0.000042	0.022709	0.022208	0.023708		
constrained	4	24	3	dd	clear_edges	3	24		0	0	0.026125	0.024708	0.026375	0.000000	0.000000	0.000042	0.026167	0.024708	0.026375		
constrained	4	24	3	dd	clear_edges	3	24		0	0	0.041166	0.039708	0.041750	0.000042	0.000000	0.000042	0.041208	0.039750	0.041750		
constrained	4	24	3	dd	clear_edges	3	24		0	0	0.026292	0.026250	0.026833	0.000000	0.000000	0.000042	0.026292	0.026250	0.026875		
constrained	4	24	3	dd	clear_edges	3	24		0	0	0.048333	0.047292	0.118375	0.000042	0.000000	0.000042	0.048375	0.047292	0.118417		
constrained	4	24	3	dd	clear_edges	3	24		0	0	0.037375	0.032708	0.038792	0.000042	0.000000	0.000042	0.037375	0.032750	0.038834		
constrained	4	24	3	dd	clear_edges	3	24		0	0	0.039000	0.037917	0.067625	0.000000	0.000000	0.000042	0.039000	0.037959	0.067625		
constrained	4	24	3	dd	clear_edges	3	24		0	0	0.032417	0.030916	0.037125	0.000042	0.000041	0.000042	0.032458	0.030958	0.037167		
constrained	4	24	3	dd	clear_edges	3	24		0	0	0.040500	0.039209	0.072375	0.000041	0.000000	0.000042	0.040500	0.039250	0.072417		
constrained	4	24	3	dd	clear_edges	3	24		0	0	0.029708	0.029500	0.032417	0.000000	0.000000	0.000042	0.029750	0.029500	0.032417		
constrained	4	24	3	dd	clear_edges	3	24		0	0	0.052542	0.051875	0.110584	0.000042	0.000041	0.000083	0.052583	0.051917	0.110667		
constrained	4	24	3	dd	clear_edges	3	24		0	0	0.042791	0.038166	0.043667	0.000042	0.000042	0.000083	0.042833	0.038208	0.043750		
constrained	4	24	3	dd	clear_edges	3	24		0	0	0.045209	0.044750	0.046542	0.000042	0.000000	0.000084	0.045251	0.044834	0.046542		
constrained	4	24	3	dd	clear_edges	3	24		0	0	0.040334	0.038083	0.043416	0.000042	0.000041	0.000042	0.040375	0.038125	0.043458		
constrained	4	24	3	dd	clear_edges	3	24		0	0	0.053958	0.052625	0.054375	0.000042	0.000042	0.000042	0.054000	0.052667	0.054417		
constrained	4	24	3	dd	clear_edges	3	24		0	0	0.043917	0.041958	0.046250	0.000041	0.000000	0.000042	0.043958	0.042000	0.046250		
constrained	4	24	3	dd	clear_edges	3	24		0	0	0.038625	0.037917	0.040291	0.000041	0.000041	0.000042	0.038666	0.037958	0.040333		
constrained	4	24	3	dd	clear_edges	3	24		0	0	0.045000	0.043542	0.045291	0.000042	0.000000	0.000042	0.045000	0.043584	0.045333		
constrained	4	24	3	dd	clear_edges	3	24		0	0	0.020375	0.020250	0.021667	0.000000	0.000000	0.000042	0.020417	0.020250	0.021667		
constrained	4	24	3	dd	clear_edges	3	24		0	0	0.021208	0.020417	0.021750	0.000042	0.000041	0.000042	0.021250	0.020458	0.021792		
constrained	4	24	3	dd	clear_roots	3	7		12	72	0.010958	0.010875	0.011666	0.000250	0.000250	0.000292	0.011208	0.011167	0.011916		
constrained	4	24	3	dd	clear_roots	3	7		24	149	0.012458	0.012083	0.012583	0.000583	0.000542	0.000584	0.013042	0.012625	0.013166		
constrained	4	24	3	dd	clear_roots	3	7		23	149	0.013958	0.013458	0.014125	0.000500	0.000458	0.000541	0.014458	0.013916	0.014666		
constrained	4	24	3	dd	clear_roots	3	7		0	0	0.026459	0.026041	0.026834	0.000041	0.000000	0.000042	0.026459	0.026083	0.026875		
constrained	4	24	3	dd	clear_roots	3	7		48	316	0.015292	0.015292	0.015333	0.000833	0.000791	0.000833	0.016125	0.016083	0.016166		
constrained	4	24	3	dd	clear_roots	3	7		0	0	0.047750	0.042958	0.048584	0.000041	0.000041	0.000042	0.047791	0.043000	0.048625		
constrained	4	24	3	dd	clear_roots	3	7		25	154	0.029000	0.027334	0.109958	0.000583	0.000542	0.002250	0.029583	0.027876	0.112208		
constrained	4	24	3	dd	clear_roots	3	7		0	0	0.042375	0.040667	0.044000	0.000000	0.000000	0.000041	0.042375	0.040708	0.044000		
constrained	4	24	3	dd	clear_roots	3	7		24	156	0.045291	0.043042	0.160958	0.000542	0.000541	0.002125	0.045833	0.043583	0.163083		
constrained	4	24	3	dd	clear_roots	3	7		0	0	0.030917	0.030375	0.030959	0.000041	0.000000	0.000041	0.030958	0.030375	0.031000		
constrained	4	24	3	dd	clear_roots	3	7		0	0	0.111458	0.107167	0.112875	0.000042	0.000041	0.000042	0.111500	0.107208	0.112917		
constrained	4	24	3	dd	clear_roots	3	7		6	65	0.014500	0.014416	0.016333	0.000167	0.000167	0.000167	0.014667	0.014583	0.016500		
constrained	4	24	3	dd	clear_roots	3	7		6	36	0.016334	0.016000	0.016750	0.000125	0.000125	0.000166	0.016459	0.016166	0.016875		
constrained	4	24	3	dd	clear_roots	3	7		23	149	0.024875	0.024458	0.025791	0.000542	0.000500	0.000542	0.025417	0.025000	0.026291		
constrained	4	24	3	dd	clear_roots	3	7		23	149	0.041584	0.039833	0.041709	0.000542	0.000541	0.000542	0.042126	0.040375	0.042250		
constrained	4	24	3	dd	clear_roots	3	7		0	0	0.037791	0.037208	0.038375	0.000041	0.000000	0.000042	0.037833	0.037249	0.038375		
constrained	4	24	3	dd	clear_roots	3	7		3	18	0.014291	0.013625	0.014667	0.000083	0.000042	0.000084	0.014375	0.013667	0.014750		
constrained	4	24	3	dd	clear_roots	3	7		24	204	0.014625	0.014125	0.015250	0.000500	0.000375	0.000500	0.015125	0.014500	0.015750		
constrained	4	24	3	dd	clear_roots	3	7		12	72	0.010458	0.009875	0.011125	0.000250	0.000250	0.000250	0.010708	0.010125	0.011375		
constrained	4	24	3	dd	clear_roots	3	7		12	72	0.010125	0.009917	0.010166	0.000292	0.000292	0.000292	0.010417	0.010209	0.010458		
constrained	4	24	3	dd	cycle_break	3	1		3	18	0.012667	0.012292	0.012833	0.000083	0.000041	0.000083	0.012750	0.012375	0.012874		
constrained	4	24	3	dd	cycle_break	3	1		5	30	0.014250	0.013875	0.014291	0.000084	0.000083	0.000125	0.014333	0.013959	0.014416		
constrained	4	24	3	dd	cycle_break	3	1		3	18	0.018042	0.017959	0.018375	0.000041	0.000041	0.000084	0.018083	0.018000	0.018459		
constrained	4	24	3	dd	cycle_break	3	1		2	12	0.014000	0.013792	0.014042	0.000041	0.000041	0.000083	0.014083	0.013833	0.014083		
constrained	4	24	3	dd	cycle_break	3	1		1	6	0.020958	0.020500	0.023375	0.000042	0.000041	0.000042	0.020999	0.020542	0.023417		
constrained	4	24	3	dd	cycle_break	3	1		0	0	0.019000	0.019000	0.022792	0.000000	0.000000	0.000042	0.019042	0.019000	0.022792		
constrained	4	24	3	dd	cycle_break	3	1		2	12	0.018750	0.018542	0.021083	0.000042	0.000041	0.000042	0.018792	0.018583	0.021125		
constrained	4	24	3	dd	cycle_break	3	1		2	12	0.018292	0.017917	0.018667	0.000042	0.000042	0.000042	0.018334	0.017959	0.018709		
constrained	4	24	3	dd	cycle_break	3	1		1	6	0.023375	0.022125	0.032333	0.000042	0.000042	0.000042	0.023417	0.022167	0.032375		
constrained	4	24	3	dd	cycle_break	3	1		1	8	0.016458	0.016417	0.016625	0.000041	0.000041	0.000042	0.016499	0.016458	0.016667		
constrained	4	24	3	dd	cycle_break	3	1		4	16	0.062584	0.060458	0.068000	0.000083	0.000041	0.000083	0.062667	0.060499	0.068083		
constrained	4	24	3	dd	cycle_break	3	1		2	20	0.018167	0.017792	0.018250	0.000042	0.000041	0.000083	0.018209	0.017833	0.018333		
constrained	4	24	3	dd	cycle_break	3	1		2	12	0.024334	0.023542	0.024375	0.000042	0.000041	0.000042	0.024376	0.023584	0.024416		
constrained	4	24	3	dd	cycle_break	3	1		4	24	0.017667	0.017458	0.017917	0.000083	0.000083	0.000083	0.017750	0.017541	0.018000		
constrained	4	24	3	dd	cycle_break	3	1		3	18	0.030666	0.029667	0.030875	0.000083	0.000083	0.000084	0.030750	0.029750	0.030958		
constrained	4	24	3	dd	cycle_break	3	1		0	0	0.025250	0.024458	0.025542	0.000000	0.000000	0.000000	0.025250	0.024458	0.025542		
constrained	4	24	3	dd	cycle_break	3	1		3	18	0.016583	0.016500	0.017083	0.000083	0.000041	0.000084	0.016667	0.016583	0.017124		
constrained	4	24	3	dd	cycle_break	3	1		3	24	0.019000	0.018250	0.019209	0.000083	0.000041	0.000084	0.019084	0.018291	0.019292		
constrained	4	24	3	dd	cycle_break	3	1		3	18	0.012333	0.011958	0.012583	0.000083	0.000042	0.000084	0.012375	0.012042	0.012666		
constrained	4	24	3	dd	cycle_break	3	1		3	18	0.012125	0.011791	0.012667	0.000083	0.000042	0.000083	0.012208	0.011833	0.012750		
constrained	4	24	3	dd	cycle_seed	3	6		5	30	0.016750	0.016750	0.017333	0.000125	0.000125	0.000250	0.016875	0.016875	0.017583		
constrained	4	24	3	dd	cycle_seed	3	6		8	48	0.018500	0.017750	0.018791	0.000167	0.000125	0.000208	0.018708	0.017875	0.018958		
constrained	4	24	3	dd	cycle_seed	3	6		5	30	0.026958	0.026792	0.028166	0.000125	0.000125	0.000167	0.027083	0.026917	0.028333		
constrained	4	24	3	dd	cycle_seed	3	6		2	12	0.028250	0.028167	0.028625	0.000083	0.000042	0.000083	0.028292	0.028250	0.028708		
constrained	4	24	3	dd	cycle_seed	3	6		5	30	0.031375	0.030458	0.059583	0.000125	0.000125	0.000209	0.031500	0.030583	0.059792		
constrained	4	24	3	dd	cycle_seed	3	6		0	0	0.033458	0.032583	0.033625	0.000000	0.000000	0.000041	0.033458	0.032583	0.033666		
constrained	4	24	3	dd	cycle_seed	3	6		4	24	0.031125	0.029958	0.040000	0.000083	0.000042	0.000084	0.031208	0.030000	0.040084		
constrained	4	24	3	dd	cycle_seed	3	6		2	12	0.040625	0.038333	0.042833	0.000084	0.000042	0.000084	0.040667	0.038417	0.042917		
constrained	4	24	3	dd	cycle_seed	3	6		3	18	0.042125	0.041042	0.078959	0.000042	0.000042	0.000084	0.042167	0.041084	0.079043		
constrained	4	24	3	dd	cycle_seed	3	6		1	8	0.033583	0.033125	0.033708	0.000042	0.000000	0.000083	0.033625	0.033125	0.033791		
constrained	4	24	3	dd	cycle_seed	3	6		4	16	0.134542	0.132584	0.183291	0.000084	0.000042	0.000167	0.134584	0.132668	0.183458		
constrained	4	24	3	dd	cycle_seed	3	6		4	40	0.028042	0.027292	0.029334	0.000083	0.000042	0.000083	0.028125	0.027375	0.029376		
constrained	4	24	3	dd	cycle_seed	3	6		4	24	0.034750	0.034417	0.034792	0.000083	0.000083	0.000083	0.034833	0.034500	0.034875		
constrained	4	24	3	dd	cycle_seed	3	6		6	36	0.027750	0.027125	0.030667	0.000125	0.000125	0.000166	0.027875	0.027291	0.030792		
constrained	4	24	3	dd	cycle_seed	3	6		5	30	0.051500	0.049666	0.051625	0.000167	0.000166	0.000167	0.051667	0.049833	0.051791		
constrained	4	24	3	dd	cycle_seed	3	6		0	0	0.045458	0.043750	0.046208	0.000042	0.000000	0.000042	0.045458	0.043792	0.046250		
constrained	4	24	3	dd	cycle_seed	3	6		3	18	0.026833	0.026209	0.027875	0.000083	0.000041	0.000083	0.026916	0.026250	0.027958		
constrained	4	24	3	dd	cycle_seed	3	6		5	40	0.029875	0.028334	0.029875	0.000166	0.000125	0.000167	0.030000	0.028500	0.030042		
constrained	4	24	3	dd	cycle_seed	3	6		5	30	0.015917	0.015834	0.017042	0.000167	0.000125	0.000167	0.016084	0.015959	0.017209		
constrained	4	24	3	dd	cycle_seed	3	6		5	30	0.016750	0.016208	0.017042	0.000166	0.000125	0.000167	0.016916	0.016333	0.017209		
constrained	4	24	3	dd	diamond_path_retract	3	1		4	24	0.012417	0.012291	0.012625	0.000084	0.000042	0.000125	0.012459	0.012416	0.012709		
constrained	4	24	3	dd	diamond_path_retract	3	1		7	42	0.013541	0.013000	0.013583	0.000125	0.000125	0.000166	0.013666	0.013125	0.013749		
constrained	4	24	3	dd	diamond_path_retract	3	1		4	24	0.018375	0.018375	0.018583	0.000083	0.000083	0.000084	0.018459	0.018458	0.018666		
constrained	4	24	3	dd	diamond_path_retract	3	1		2	12	0.015250	0.014917	0.015250	0.000042	0.000041	0.000042	0.015291	0.014959	0.015292		
constrained	4	24	3	dd	diamond_path_retract	3	1		2	12	0.022084	0.021916	0.028917	0.000042	0.000042	0.000042	0.022126	0.021958	0.028959		
constrained	4	24	3	dd	diamond_path_retract	3	1		0	0	0.021542	0.020917	0.022000	0.000000	0.000000	0.000041	0.021542	0.020958	0.022000		
constrained	4	24	3	dd	diamond_path_retract	3	1		3	18	0.019750	0.019083	0.024000	0.000042	0.000042	0.000083	0.019792	0.019125	0.024083		
constrained	4	24	3	dd	diamond_path_retract	3	1		2	12	0.019875	0.019416	0.020375	0.000042	0.000041	0.000083	0.019958	0.019458	0.020416		
constrained	4	24	3	dd	diamond_path_retract	3	1		2	12	0.023750	0.022917	0.033417	0.000041	0.000041	0.000083	0.023791	0.022958	0.033500		
constrained	4	24	3	dd	diamond_path_retract	3	1		1	8	0.018208	0.018042	0.018208	0.000042	0.000042	0.000042	0.018250	0.018084	0.018250		
constrained	4	24	3	dd	diamond_path_retract	3	1		4	16	0.072334	0.066750	0.086667	0.000084	0.000083	0.000125	0.072417	0.066834	0.086792		
constrained	4	24	3	dd	diamond_path_retract	3	1		3	30	0.019125	0.018917	0.019208	0.000083	0.000083	0.000084	0.019208	0.019001	0.019291		
constrained	4	24	3	dd	diamond_path_retract	3	1		3	18	0.025083	0.024959	0.025875	0.000042	0.000041	0.000084	0.025124	0.025043	0.025917		
constrained	4	24	3	dd	diamond_path_retract	3	1		5	30	0.018917	0.018625	0.019083	0.000125	0.000125	0.000125	0.019042	0.018750	0.019208		
constrained	4	24	3	dd	diamond_path_retract	3	1		4	24	0.033125	0.032083	0.033542	0.000083	0.000042	0.000084	0.033208	0.032167	0.033584		
constrained	4	24	3	dd	diamond_path_retract	3	1		0	0	0.027542	0.026708	0.027792	0.000000	0.000000	0.000000	0.027542	0.026708	0.027792		
constrained	4	24	3	dd	diamond_path_retract	3	1		3	18	0.020791	0.020334	0.020792	0.000042	0.000041	0.000042	0.020833	0.020376	0.020833		
constrained	4	24	3	dd	diamond_path_retract	3	1		4	32	0.020000	0.019334	0.020541	0.000083	0.000083	0.000125	0.020125	0.019417	0.020624		
constrained	4	24	3	dd	diamond_path_retract	3	1		4	24	0.011958	0.011833	0.012708	0.000083	0.000083	0.000083	0.012041	0.011916	0.012791		
constrained	4	24	3	dd	diamond_path_retract	3	1		4	24	0.012250	0.011584	0.012500	0.000083	0.000042	0.000084	0.012292	0.011668	0.012583		
constrained	4	24	3	dd	duplicate_support	3	1		13	78	0.017042	0.016792	0.018000	0.000375	0.000334	0.000458	0.017417	0.017126	0.018458		
constrained	4	24	3	dd	duplicate_support	3	1		25	155	0.020500	0.020209	0.020750	0.000625	0.000541	0.000625	0.021125	0.020750	0.021375		
constrained	4	24	3	dd	duplicate_support	3	1		24	155	0.022167	0.021584	0.023625	0.000542	0.000500	0.000542	0.022709	0.022084	0.024167		
constrained	4	24	3	dd	duplicate_support	3	1		17	106	0.030708	0.030167	0.035125	0.000583	0.000541	0.000584	0.031249	0.030750	0.035709		
constrained	4	24	3	dd	duplicate_support	3	1		56	366	0.035375	0.035000	0.036000	0.001125	0.001125	0.001167	0.036500	0.036125	0.037167		
constrained	4	24	3	dd	duplicate_support	3	1		25	150	0.038625	0.038542	0.239625	0.000584	0.000541	0.000958	0.039209	0.039083	0.240583		
constrained	4	24	3	dd	duplicate_support	3	1		50	307	0.032875	0.031167	0.066167	0.001083	0.000959	0.001084	0.033959	0.032126	0.067250		
constrained	4	24	3	dd	duplicate_support	3	1		17	111	0.037333	0.033834	0.085208	0.000584	0.000500	0.000791	0.037917	0.034334	0.085999		
constrained	4	24	3	dd	duplicate_support	3	1		8	51	0.037042	0.035083	0.042542	0.000250	0.000250	0.000250	0.037292	0.035333	0.042792		
constrained	4	24	3	dd	duplicate_support	3	1		4	33	0.036959	0.036542	0.038916	0.000084	0.000042	0.000084	0.037043	0.036584	0.039000		
constrained	4	24	3	dd	duplicate_support	3	1		7	31	0.073416	0.071333	0.073917	0.000209	0.000166	0.000292	0.073625	0.071499	0.074209		
constrained	4	24	3	dd	duplicate_support	3	1		6	65	0.030250	0.029667	0.030292	0.000208	0.000167	0.000208	0.030458	0.029834	0.030500		
constrained	4	24	3	dd	duplicate_support	3	1		6	36	0.026875	0.026625	0.027541	0.000208	0.000167	0.000250	0.027042	0.026875	0.027749		
constrained	4	24	3	dd	duplicate_support	3	1		29	189	0.022792	0.022750	0.025084	0.000584	0.000583	0.000625	0.023417	0.023333	0.025668		
constrained	4	24	3	dd	duplicate_support	3	1		22	142	0.037208	0.037041	0.037583	0.000583	0.000583	0.000584	0.037791	0.037624	0.038167		
constrained	4	24	3	dd	duplicate_support	3	1		2	13	0.037875	0.035667	0.044000	0.000125	0.000041	0.000125	0.038000	0.035792	0.044041		
constrained	4	24	3	dd	duplicate_support	3	1		3	18	0.029250	0.027875	0.029875	0.000125	0.000125	0.000167	0.029375	0.028000	0.030042		
constrained	4	24	3	dd	duplicate_support	3	1		25	212	0.034125	0.033375	0.034375	0.000500	0.000500	0.000584	0.034709	0.033875	0.034875		
constrained	4	24	3	dd	duplicate_support	3	1		13	78	0.014792	0.014583	0.015292	0.000375	0.000375	0.000417	0.015167	0.014958	0.015709		
constrained	4	24	3	dd	duplicate_support	3	1		13	78	0.014916	0.014375	0.015334	0.000375	0.000333	0.000416	0.015249	0.014750	0.015750		
constrained	4	24	3	dd	initial	3	38		13	78	0.058250	0.056125	0.060375	0.000500	0.000500	0.000542	0.058792	0.056625	0.060875		
constrained	4	24	3	dd	initial	3	38		24	148	0.064083	0.060833	0.064708	0.000750	0.000708	0.000875	0.064958	0.061583	0.065416		
constrained	4	24	3	dd	initial	3	38		24	155	0.084792	0.081584	0.087125	0.000708	0.000667	0.000708	0.085459	0.082292	0.087833		
constrained	4	24	3	dd	initial	3	38		16	100	0.087000	0.082584	0.088500	0.000542	0.000458	0.000625	0.087625	0.083126	0.088958		
constrained	4	24	3	dd	initial	3	38		52	338	0.097417	0.095834	0.133167	0.001292	0.001250	0.001334	0.098751	0.097084	0.134459		
constrained	4	24	3	dd	initial	3	38		24	144	0.104708	0.101125	0.352459	0.000750	0.000708	0.002000	0.105416	0.101875	0.354459		
constrained	4	24	3	dd	initial	3	38		48	295	0.094458	0.092583	0.095125	0.001333	0.001208	0.001375	0.095833	0.093791	0.096458		
constrained	4	24	3	dd	initial	3	38		16	104	0.114125	0.103417	0.216625	0.000541	0.000459	0.000584	0.114666	0.103876	0.217209		
constrained	4	24	3	dd	initial	3	38		8	51	0.118000	0.113250	0.125292	0.000334	0.000250	0.000417	0.118250	0.113667	0.125626		
constrained	4	24	3	dd	initial	3	38		4	33	0.095834	0.092542	0.098625	0.000250	0.000125	0.000292	0.096126	0.092792	0.098750		
constrained	4	24	3	dd	initial	3	38		7	31	0.199042	0.196041	0.204291	0.000292	0.000250	0.000292	0.199334	0.196291	0.204583		
constrained	4	24	3	dd	initial	3	38		6	65	0.081542	0.079708	0.082833	0.000292	0.000250	0.000292	0.081834	0.080000	0.083083		
constrained	4	24	3	dd	initial	3	38		6	36	0.092583	0.092333	0.093875	0.000333	0.000291	0.000417	0.093000	0.092666	0.094166		
constrained	4	24	3	dd	initial	3	38		29	189	0.088708	0.086667	0.091708	0.000792	0.000750	0.000833	0.089458	0.087459	0.092541		
constrained	4	24	3	dd	initial	3	38		22	142	0.121917	0.121000	0.125000	0.000708	0.000708	0.000709	0.122626	0.121708	0.125708		
constrained	4	24	3	dd	initial	3	38		2	13	0.112667	0.106792	0.115875	0.000209	0.000125	0.000291	0.112958	0.107001	0.116000		
constrained	4	24	3	dd	initial	3	38		3	18	0.083333	0.079000	0.085750	0.000250	0.000208	0.000250	0.083583	0.079208	0.086000		
constrained	4	24	3	dd	initial	3	38		24	203	0.088209	0.086792	0.092500	0.000750	0.000667	0.000791	0.088959	0.087459	0.093291		
constrained	4	24	3	dd	initial	3	38		13	78	0.056334	0.055458	0.057666	0.000500	0.000417	0.000542	0.056751	0.056000	0.058166		
constrained	4	24	3	dd	initial	3	38		13	78	0.057750	0.055208	0.059708	0.000542	0.000542	0.000584	0.058292	0.055792	0.060250		
constrained	4	24	3	dd	retract_one_support	3	1		13	78	0.012458	0.012042	0.012667	0.000333	0.000292	0.000334	0.012792	0.012375	0.012959		
constrained	4	24	3	dd	retract_one_support	3	1		24	148	0.015833	0.015250	0.015833	0.000500	0.000459	0.000542	0.016333	0.015709	0.016375		
constrained	4	24	3	dd	retract_one_support	3	1		24	155	0.019666	0.019250	0.019959	0.000500	0.000458	0.000500	0.020166	0.019708	0.020459		
constrained	4	24	3	dd	retract_one_support	3	1		16	100	0.023667	0.023250	0.025917	0.000333	0.000292	0.000375	0.024042	0.023542	0.026250		
constrained	4	24	3	dd	retract_one_support	3	1		52	338	0.025333	0.024708	0.025375	0.000917	0.000917	0.000959	0.026250	0.025625	0.026334		
constrained	4	24	3	dd	retract_one_support	3	1		24	144	0.032333	0.030375	0.128625	0.000625	0.000500	0.002542	0.032958	0.030875	0.131167		
constrained	4	24	3	dd	retract_one_support	3	1		48	295	0.023000	0.022750	0.027125	0.000958	0.000917	0.000958	0.023958	0.023667	0.028083		
constrained	4	24	3	dd	retract_one_support	3	1		16	104	0.027875	0.026167	0.035041	0.000375	0.000375	0.000459	0.028250	0.026542	0.035500		
constrained	4	24	3	dd	retract_one_support	3	1		8	51	0.028541	0.026583	0.028667	0.000208	0.000167	0.000209	0.028708	0.026792	0.028875		
constrained	4	24	3	dd	retract_one_support	3	1		4	33	0.027917	0.027625	0.027917	0.000083	0.000083	0.000083	0.028000	0.027708	0.028000		
constrained	4	24	3	dd	retract_one_support	3	1		7	31	0.057084	0.056667	0.059166	0.000208	0.000167	0.000208	0.057292	0.056875	0.059333		
constrained	4	24	3	dd	retract_one_support	3	1		6	65	0.022958	0.022833	0.027875	0.000167	0.000125	0.000167	0.023083	0.023000	0.028042		
constrained	4	24	3	dd	retract_one_support	3	1		6	36	0.022166	0.021833	0.022708	0.000166	0.000125	0.000167	0.022333	0.021999	0.022833		
constrained	4	24	3	dd	retract_one_support	3	1		29	189	0.018750	0.018625	0.019291	0.000542	0.000500	0.000542	0.019292	0.019125	0.019833		
constrained	4	24	3	dd	retract_one_support	3	1		22	142	0.029500	0.029417	0.030625	0.000583	0.000541	0.000625	0.030083	0.029958	0.031250		
constrained	4	24	3	dd	retract_one_support	3	1		2	13	0.027625	0.027083	0.028209	0.000084	0.000083	0.000084	0.027708	0.027167	0.028293		
constrained	4	24	3	dd	retract_one_support	3	1		3	18	0.023584	0.022875	0.024500	0.000083	0.000042	0.000083	0.023626	0.022958	0.024583		
constrained	4	24	3	dd	retract_one_support	3	1		24	203	0.029125	0.028959	0.029542	0.000541	0.000500	0.000541	0.029625	0.029500	0.030083		
constrained	4	24	3	dd	retract_one_support	3	1		13	78	0.011125	0.011083	0.011625	0.000375	0.000333	0.000375	0.011500	0.011458	0.011958		
constrained	4	24	3	dd	retract_one_support	3	1		13	78	0.011292	0.010625	0.011417	0.000333	0.000291	0.000334	0.011583	0.010958	0.011751		
constrained	4	24	3	dd	right_support_move	3	2		12	72	0.011834	0.011750	0.012250	0.000250	0.000250	0.000291	0.012084	0.012041	0.012500		
constrained	4	24	3	dd	right_support_move	3	2		24	149	0.015750	0.014834	0.016041	0.000417	0.000416	0.000458	0.016167	0.015250	0.016499		
constrained	4	24	3	dd	right_support_move	3	2		23	149	0.017250	0.016625	0.017583	0.000542	0.000500	0.000583	0.017792	0.017208	0.018083		
constrained	4	24	3	dd	right_support_move	3	2		24	148	0.023584	0.023500	0.027458	0.000542	0.000500	0.000583	0.024126	0.024000	0.028041		
constrained	4	24	3	dd	right_support_move	3	2		48	316	0.019541	0.019375	0.020333	0.000916	0.000875	0.000917	0.020416	0.020292	0.021249		
constrained	4	24	3	dd	right_support_move	3	2		24	144	0.045916	0.037583	0.119000	0.000584	0.000583	0.002333	0.046500	0.038166	0.121333		
constrained	4	24	3	dd	right_support_move	3	2		48	299	0.029416	0.027875	0.030833	0.000917	0.000875	0.001000	0.030416	0.028792	0.031708		
constrained	4	24	3	dd	right_support_move	3	2		16	105	0.034458	0.032958	0.039708	0.000375	0.000333	0.000375	0.034833	0.033333	0.040041		
constrained	4	24	3	dd	right_support_move	3	2		8	51	0.034958	0.034042	0.038375	0.000166	0.000166	0.000208	0.035124	0.034250	0.038541		
constrained	4	24	3	dd	right_support_move	3	2		4	35	0.029625	0.028459	0.029708	0.000083	0.000083	0.000084	0.029709	0.028542	0.029791		
constrained	4	24	3	dd	right_support_move	3	2		7	31	0.084250	0.083375	0.084584	0.000166	0.000166	0.000167	0.084416	0.083542	0.084750		
constrained	4	24	3	dd	right_support_move	3	2		6	65	0.020125	0.017875	0.029833	0.000166	0.000166	0.000166	0.020291	0.018041	0.029999		
constrained	4	24	3	dd	right_support_move	3	2		6	36	0.020083	0.019666	0.020084	0.000167	0.000167	0.000167	0.020250	0.019833	0.020251		
constrained	4	24	3	dd	right_support_move	3	2		26	169	0.025625	0.025042	0.026792	0.000541	0.000541	0.000583	0.026166	0.025583	0.027375		
constrained	4	24	3	dd	right_support_move	3	2		20	129	0.041209	0.040417	0.041834	0.000500	0.000458	0.000500	0.041709	0.040875	0.042334		
constrained	4	24	3	dd	right_support_move	3	2		3	20	0.037458	0.037000	0.037917	0.000083	0.000042	0.000083	0.037500	0.037083	0.038000		
constrained	4	24	3	dd	right_support_move	3	2		3	18	0.017584	0.017291	0.018375	0.000083	0.000041	0.000084	0.017667	0.017375	0.018416		
constrained	4	24	3	dd	right_support_move	3	2		24	204	0.017833	0.016916	0.018083	0.000542	0.000500	0.000583	0.018375	0.017416	0.018666		
constrained	4	24	3	dd	right_support_move	3	2		12	72	0.010375	0.010333	0.011042	0.000250	0.000250	0.000333	0.010625	0.010583	0.011375		
constrained	4	24	3	dd	right_support_move	3	2		12	72	0.010958	0.010291	0.011000	0.000292	0.000250	0.000292	0.011250	0.010541	0.011292		
constrained	4	24	3	dd	root_restore	3	1		4	24	0.009084	0.009000	0.009417	0.000041	0.000041	0.000042	0.009126	0.009041	0.009458		
constrained	4	24	3	dd	root_restore	3	1		7	42	0.009916	0.009833	0.010167	0.000125	0.000125	0.000125	0.010041	0.009958	0.010292		
constrained	4	24	3	dd	root_restore	3	1		4	24	0.011875	0.011500	0.014625	0.000083	0.000083	0.000084	0.011958	0.011584	0.014708		
constrained	4	24	3	dd	root_restore	3	1		2	12	0.017625	0.017583	0.017708	0.000042	0.000042	0.000083	0.017708	0.017625	0.017750		
constrained	4	24	3	dd	root_restore	3	1		2	12	0.012916	0.012833	0.014833	0.000042	0.000041	0.000042	0.012958	0.012874	0.014875		
constrained	4	24	3	dd	root_restore	3	1		0	0	0.018500	0.018334	0.018583	0.000000	0.000000	0.000042	0.018500	0.018334	0.018625		
constrained	4	24	3	dd	root_restore	3	1		3	18	0.016167	0.015583	0.017750	0.000042	0.000041	0.000083	0.016208	0.015625	0.017833		
constrained	4	24	3	dd	root_restore	3	1		2	12	0.027375	0.027042	0.027708	0.000042	0.000041	0.000083	0.027416	0.027125	0.027750		
constrained	4	24	3	dd	root_restore	3	1		2	12	0.029167	0.027875	0.053542	0.000042	0.000042	0.000125	0.029209	0.027917	0.053667		
constrained	4	24	3	dd	root_restore	3	1		1	8	0.022625	0.022375	0.023083	0.000042	0.000042	0.000084	0.022709	0.022417	0.023125		
constrained	4	24	3	dd	root_restore	3	1		4	16	0.110792	0.107042	0.122500	0.000083	0.000042	0.000083	0.110875	0.107125	0.122542		
constrained	4	24	3	dd	root_restore	3	1		3	30	0.012084	0.011958	0.012333	0.000083	0.000041	0.000084	0.012168	0.011999	0.012416		
constrained	4	24	3	dd	root_restore	3	1		3	18	0.014167	0.014042	0.014417	0.000083	0.000042	0.000083	0.014250	0.014084	0.014500		
constrained	4	24	3	dd	root_restore	3	1		5	30	0.017875	0.017833	0.018875	0.000125	0.000125	0.000167	0.018000	0.017958	0.019042		
constrained	4	24	3	dd	root_restore	3	1		4	24	0.027917	0.026875	0.028125	0.000083	0.000083	0.000084	0.028000	0.026959	0.028208		
constrained	4	24	3	dd	root_restore	3	1		0	0	0.025584	0.024666	0.025709	0.000000	0.000000	0.000042	0.025584	0.024708	0.025709		
constrained	4	24	3	dd	root_restore	3	1		3	18	0.012125	0.011958	0.012208	0.000083	0.000042	0.000084	0.012208	0.012042	0.012250		
constrained	4	24	3	dd	root_restore	3	1		4	32	0.012500	0.011833	0.012708	0.000084	0.000083	0.000125	0.012583	0.011917	0.012833		
constrained	4	24	3	dd	root_restore	3	1		4	24	0.008125	0.008083	0.008666	0.000042	0.000041	0.000042	0.008167	0.008124	0.008708		
constrained	4	24	3	dd	root_restore	3	1		4	24	0.008250	0.008042	0.008250	0.000083	0.000042	0.000083	0.008292	0.008125	0.008333		
constrained	4	24	3	dd	root_retract	3	1		4	24	0.009875	0.009708	0.009875	0.000041	0.000041	0.000083	0.009916	0.009749	0.009958		
constrained	4	24	3	dd	root_retract	3	1		7	42	0.010834	0.010625	0.011208	0.000125	0.000125	0.000166	0.011000	0.010750	0.011333		
constrained	4	24	3	dd	root_retract	3	1		4	24	0.012334	0.012333	0.012583	0.000083	0.000083	0.000084	0.012417	0.012416	0.012667		
constrained	4	24	3	dd	root_retract	3	1		0	0	0.018458	0.018334	0.018583	0.000000	0.000000	0.000042	0.018458	0.018334	0.018625		
constrained	4	24	3	dd	root_retract	3	1		2	12	0.014084	0.014000	0.018334	0.000041	0.000041	0.000042	0.014125	0.014042	0.018375		
constrained	4	24	3	dd	root_retract	3	1		0	0	0.019333	0.019041	0.019375	0.000000	0.000000	0.000042	0.019375	0.019041	0.019375		
constrained	4	24	3	dd	root_retract	3	1		3	18	0.016334	0.016000	0.019250	0.000041	0.000041	0.000042	0.016376	0.016041	0.019291		
constrained	4	24	3	dd	root_retract	3	1		0	0	0.029417	0.029250	0.029667	0.000000	0.000000	0.000042	0.029417	0.029250	0.029709		
constrained	4	24	3	dd	root_retract	3	1		4	24	0.035167	0.029792	0.037583	0.000083	0.000083	0.000084	0.035250	0.029876	0.037666		
constrained	4	24	3	dd	root_retract	3	1		0	0	0.023792	0.023625	0.023917	0.000000	0.000000	0.000041	0.023833	0.023625	0.023917		
constrained	4	24	3	dd	root_retract	3	1		0	0	0.121209	0.118250	0.130667	0.000000	0.000000	0.000042	0.121209	0.118292	0.130667		
constrained	4	24	3	dd	root_retract	3	1		3	30	0.012583	0.012417	0.012792	0.000042	0.000041	0.000083	0.012624	0.012459	0.012875		
constrained	4	24	3	dd	root_retract	3	1		3	18	0.014875	0.014791	0.014875	0.000042	0.000042	0.000083	0.014917	0.014833	0.014958		
constrained	4	24	3	dd	root_retract	3	1		4	24	0.018417	0.017708	0.019042	0.000042	0.000041	0.000042	0.018459	0.017750	0.019083		
constrained	4	24	3	dd	root_retract	3	1		4	24	0.028625	0.028458	0.029625	0.000083	0.000083	0.000084	0.028708	0.028541	0.029709		
constrained	4	24	3	dd	root_retract	3	1		0	0	0.026375	0.025708	0.026583	0.000042	0.000000	0.000042	0.026375	0.025750	0.026625		
constrained	4	24	3	dd	root_retract	3	1		3	18	0.012458	0.012125	0.012500	0.000084	0.000041	0.000084	0.012542	0.012166	0.012584		
constrained	4	24	3	dd	root_retract	3	1		4	32	0.012958	0.012375	0.018292	0.000084	0.000083	0.000125	0.013041	0.012459	0.018417		
constrained	4	24	3	dd	root_retract	3	1		4	24	0.008542	0.008250	0.009125	0.000083	0.000042	0.000084	0.008625	0.008334	0.009167		
constrained	4	24	3	dd	root_retract	3	1		4	24	0.008833	0.008416	0.008917	0.000084	0.000042	0.000084	0.008875	0.008500	0.009001		
constrained	4	24	3	dd	third_side_move	3	1		12	72	0.010166	0.009917	0.010750	0.000250	0.000250	0.000250	0.010416	0.010167	0.011000		
constrained	4	24	3	dd	third_side_move	3	1		24	149	0.012209	0.011750	0.012292	0.000416	0.000416	0.000417	0.012626	0.012166	0.012708		
constrained	4	24	3	dd	third_side_move	3	1		23	149	0.013917	0.013917	0.014166	0.000458	0.000458	0.000500	0.014417	0.014375	0.014624		
constrained	4	24	3	dd	third_side_move	3	1		24	148	0.018917	0.018625	0.019750	0.000542	0.000541	0.000583	0.019500	0.019166	0.020292		
constrained	4	24	3	dd	third_side_move	3	1		48	316	0.015333	0.015166	0.015792	0.000875	0.000875	0.001042	0.016375	0.016041	0.016667		
constrained	4	24	3	dd	third_side_move	3	1		35	221	0.036125	0.034250	0.049750	0.000834	0.000791	0.000875	0.037000	0.035084	0.050541		
constrained	4	24	3	dd	third_side_move	3	1		49	309	0.023000	0.022500	0.023334	0.000917	0.000875	0.000958	0.023958	0.023375	0.024251		
constrained	4	24	3	dd	third_side_move	3	1		16	105	0.022666	0.021625	0.025250	0.000333	0.000292	0.000333	0.022999	0.021917	0.025583		
constrained	4	24	3	dd	third_side_move	3	1		8	51	0.022875	0.022834	0.023458	0.000208	0.000167	0.000292	0.023083	0.023001	0.023750		
constrained	4	24	3	dd	third_side_move	3	1		4	35	0.021833	0.021667	0.021959	0.000084	0.000083	0.000084	0.021917	0.021750	0.022043		
constrained	4	24	3	dd	third_side_move	3	1		7	31	0.039375	0.039208	0.039583	0.000167	0.000167	0.000167	0.039542	0.039375	0.039750		
constrained	4	24	3	dd	third_side_move	3	1		6	65	0.014208	0.014000	0.016375	0.000167	0.000166	0.000208	0.014375	0.014166	0.016583		
constrained	4	24	3	dd	third_side_move	3	1		6	36	0.016125	0.015875	0.016542	0.000167	0.000125	0.000167	0.016250	0.016042	0.016709		
constrained	4	24	3	dd	third_side_move	3	1		26	169	0.016167	0.015958	0.017125	0.000541	0.000500	0.000542	0.016708	0.016500	0.017625		
constrained	4	24	3	dd	third_side_move	3	1		20	129	0.025583	0.024416	0.026042	0.000458	0.000458	0.000500	0.026041	0.024916	0.026500		
constrained	4	24	3	dd	third_side_move	3	1		3	20	0.024166	0.023791	0.024541	0.000083	0.000083	0.000084	0.024249	0.023874	0.024625		
constrained	4	24	3	dd	third_side_move	3	1		3	18	0.013542	0.013291	0.013583	0.000084	0.000083	0.000084	0.013625	0.013375	0.013667		
constrained	4	24	3	dd	third_side_move	3	1		24	204	0.014167	0.013292	0.014417	0.000541	0.000500	0.000542	0.014708	0.013792	0.014959		
constrained	4	24	3	dd	third_side_move	3	1		12	72	0.008667	0.008458	0.008834	0.000250	0.000250	0.000250	0.008917	0.008708	0.009084		
constrained	4	24	3	dd	third_side_move	3	1		12	72	0.008792	0.008416	0.009000	0.000250	0.000250	0.000291	0.009083	0.008666	0.009250		
constrained	4	24	3	pg_ivm	batch_key_value_move	3	3		12	72	0.826083	0.804500	0.999042	0.061500	0.059416	0.090750	0.885499	0.866000	1.089792		
constrained	4	24	3	pg_ivm	batch_key_value_move	3	3		23	149	1.030542	0.911292	1.058334	0.080208	0.074250	0.082041	1.112583	0.991500	1.132584		
constrained	4	24	3	pg_ivm	batch_key_value_move	3	3		16	100	2.256667	1.186625	2.301708	0.127000	0.126375	0.167333	2.424000	1.313000	2.428708		
constrained	4	24	3	pg_ivm	batch_key_value_move	3	3		48	316	1.881208	1.486167	5.508750	0.145959	0.138625	0.292041	2.019833	1.632126	5.800791		
constrained	4	24	3	pg_ivm	batch_key_value_move	3	3		24	144	1.232000	1.200083	1.302875	0.090292	0.090125	0.143250	1.375250	1.290375	1.393000		
constrained	4	24	3	pg_ivm	batch_key_value_move	3	3		16	105	1.048584	1.005417	1.213333	0.109375	0.082625	0.125250	1.173834	1.088042	1.322708		
constrained	4	24	3	pg_ivm	batch_key_value_move	3	3		4	33	1.339000	1.284583	1.607292	0.118750	0.063291	0.121250	1.460250	1.347874	1.726042		
constrained	4	24	3	pg_ivm	batch_key_value_move	3	3		6	65	1.247500	1.225375	1.257666	0.080417	0.069083	0.112375	1.327917	1.294458	1.370041		
constrained	4	24	3	pg_ivm	batch_key_value_move	3	3		12	72	0.840417	0.800000	0.868542	0.070958	0.064000	0.075166	0.904417	0.870958	0.943708		
constrained	4	24	3	pg_ivm	batch_key_value_move	3	3		12	72	0.848708	0.796791	0.931792	0.100125	0.084792	0.167167	0.963958	0.933500	1.031917		
constrained	4	24	3	pg_ivm	clear_edges	3	24		0	0	2.078167	1.932750	2.224375	0.076250	0.053792	0.080084	2.131959	2.009000	2.304459		
constrained	4	24	3	pg_ivm	clear_edges	3	24		0	0	2.812083	2.764958	3.173000	0.061167	0.048834	0.062709	2.860917	2.827667	3.234167		
constrained	4	24	3	pg_ivm	clear_edges	3	24		0	0	3.053917	1.773750	4.386750	0.086000	0.042208	0.224125	3.278042	1.815958	4.472750		
constrained	4	24	3	pg_ivm	clear_edges	3	24		0	0	5.152250	4.053042	7.678542	0.078375	0.053334	0.098125	5.250375	4.106376	7.756917		
constrained	4	24	3	pg_ivm	clear_edges	3	24		0	0	2.300042	2.185041	2.451250	0.067750	0.045333	0.068917	2.367792	2.230374	2.520167		
constrained	4	24	3	pg_ivm	clear_edges	3	24		0	0	1.801417	1.697875	1.822000	0.044750	0.042792	0.046583	1.844209	1.744458	1.866750		
constrained	4	24	3	pg_ivm	clear_edges	3	24		0	0	2.102125	1.902208	2.228584	0.062625	0.046041	0.102708	2.204833	1.948249	2.291209		
constrained	4	24	3	pg_ivm	clear_edges	3	24		0	0	4.460500	4.445375	4.531834	0.053042	0.045833	0.073333	4.506333	4.498417	4.605167		
constrained	4	24	3	pg_ivm	clear_edges	3	24		0	0	2.095291	2.031667	2.425958	0.054583	0.049166	0.067291	2.162582	2.086250	2.475124		
constrained	4	24	3	pg_ivm	clear_edges	3	24		0	0	2.213042	2.066125	2.219958	0.062583	0.049042	0.099000	2.269000	2.128708	2.312042		
constrained	4	24	3	pg_ivm	clear_roots	3	7		12	72	0.153792	0.131708	0.159750	0.048625	0.046334	0.070417	0.202417	0.178042	0.230167		
constrained	4	24	3	pg_ivm	clear_roots	3	7		23	149	0.192875	0.184750	0.203458	0.075875	0.061250	0.084708	0.264708	0.260625	0.277583		
constrained	4	24	3	pg_ivm	clear_roots	3	7		0	0	1.135959	1.067292	1.280375	0.055584	0.051500	0.081541	1.187459	1.148833	1.335959		
constrained	4	24	3	pg_ivm	clear_roots	3	7		48	316	0.165500	0.156958	0.241459	0.078083	0.062041	0.094084	0.251042	0.227541	0.319542		
constrained	4	24	3	pg_ivm	clear_roots	3	7		0	0	1.384667	1.356250	1.512709	0.074958	0.048750	0.238208	1.459625	1.405000	1.750917		
constrained	4	24	3	pg_ivm	clear_roots	3	7		0	0	1.299750	1.257750	1.400958	0.055542	0.046417	0.061917	1.361667	1.304167	1.456500		
constrained	4	24	3	pg_ivm	clear_roots	3	7		0	0	1.357625	1.277000	1.472667	0.057667	0.053666	0.090250	1.415292	1.367250	1.526333		
constrained	4	24	3	pg_ivm	clear_roots	3	7		6	65	0.169709	0.151666	0.173208	0.044375	0.040625	0.047750	0.217459	0.192291	0.217583		
constrained	4	24	3	pg_ivm	clear_roots	3	7		12	72	0.148542	0.137916	0.157041	0.049333	0.044708	0.057667	0.197875	0.182624	0.214708		
constrained	4	24	3	pg_ivm	clear_roots	3	7		12	72	0.162250	0.129292	0.165541	0.055875	0.038916	0.073083	0.218125	0.168208	0.238624		
constrained	4	24	3	pg_ivm	cycle_break	3	1		3	18	0.220000	0.210291	0.254333	0.033416	0.028083	0.038208	0.248083	0.243707	0.292541		
constrained	4	24	3	pg_ivm	cycle_break	3	1		3	18	0.226792	0.219000	0.244875	0.030583	0.028833	0.036375	0.263167	0.249583	0.273708		
constrained	4	24	3	pg_ivm	cycle_break	3	1		2	12	0.169917	0.134500	0.205417	0.032666	0.028083	0.050375	0.202583	0.162583	0.255792		
constrained	4	24	3	pg_ivm	cycle_break	3	1		1	6	0.457625	0.286459	0.485709	0.068625	0.041750	0.081833	0.539458	0.328209	0.554334		
constrained	4	24	3	pg_ivm	cycle_break	3	1		0	0	0.218125	0.189250	0.234167	0.059875	0.028042	0.065750	0.283875	0.217292	0.294042		
constrained	4	24	3	pg_ivm	cycle_break	3	1		2	12	0.193416	0.184916	0.295083	0.040625	0.040084	0.063459	0.233500	0.225541	0.358542		
constrained	4	24	3	pg_ivm	cycle_break	3	1		1	8	0.166750	0.151209	0.231750	0.033750	0.030250	0.037084	0.203834	0.181459	0.265500		
constrained	4	24	3	pg_ivm	cycle_break	3	1		2	20	0.312083	0.260792	0.349334	0.036958	0.032041	0.038417	0.349041	0.292833	0.387751		
constrained	4	24	3	pg_ivm	cycle_break	3	1		3	18	0.222333	0.215250	0.241542	0.032792	0.031625	0.033625	0.255125	0.246875	0.275167		
constrained	4	24	3	pg_ivm	cycle_break	3	1		3	18	0.196834	0.196167	0.228833	0.033167	0.028542	0.033500	0.230001	0.224709	0.262333		
constrained	4	24	3	pg_ivm	cycle_seed	3	6		5	30	0.681375	0.641875	0.864791	0.054208	0.048833	0.243084	0.884959	0.730208	0.918999		
constrained	4	24	3	pg_ivm	cycle_seed	3	6		5	30	0.961542	0.882000	1.013042	0.046042	0.044333	0.056500	1.005875	0.938500	1.059084		
constrained	4	24	3	pg_ivm	cycle_seed	3	6		2	12	1.191166	1.020083	1.200958	0.070917	0.042709	0.073375	1.262083	1.062792	1.274333		
constrained	4	24	3	pg_ivm	cycle_seed	3	6		5	30	1.725209	1.570083	1.766750	0.083083	0.059459	0.088625	1.813834	1.629542	1.849833		
constrained	4	24	3	pg_ivm	cycle_seed	3	6		0	0	1.432917	1.321709	1.783834	0.056542	0.054292	0.059084	1.489459	1.376001	1.842918		
constrained	4	24	3	pg_ivm	cycle_seed	3	6		2	12	1.030583	1.000667	1.334250	0.050292	0.042041	0.057125	1.072624	1.057792	1.384542		
constrained	4	24	3	pg_ivm	cycle_seed	3	6		1	8	1.194750	1.174875	1.333125	0.053083	0.044209	0.061500	1.256250	1.227958	1.377334		
constrained	4	24	3	pg_ivm	cycle_seed	3	6		4	40	1.225208	1.141167	1.249666	0.043375	0.041000	0.059916	1.285124	1.182167	1.293041		
constrained	4	24	3	pg_ivm	cycle_seed	3	6		5	30	0.782209	0.744917	0.817833	0.039792	0.036167	0.043750	0.825959	0.781084	0.857625		
constrained	4	24	3	pg_ivm	cycle_seed	3	6		5	30	0.897042	0.812833	0.925458	0.049125	0.045375	0.228166	0.942417	0.861958	1.153624		
constrained	4	24	3	pg_ivm	diamond_path_retract	3	1		4	24	0.291458	0.276500	0.311416	0.041125	0.032667	0.046333	0.337791	0.317625	0.344083		
constrained	4	24	3	pg_ivm	diamond_path_retract	3	1		4	24	0.301958	0.293625	0.403875	0.036250	0.031084	0.036792	0.338750	0.324709	0.440125		
constrained	4	24	3	pg_ivm	diamond_path_retract	3	1		2	12	0.198625	0.197291	0.214917	0.054208	0.041833	0.058083	0.255374	0.240458	0.269125		
constrained	4	24	3	pg_ivm	diamond_path_retract	3	1		2	12	0.437583	0.345458	0.458375	0.050208	0.048250	0.068292	0.485833	0.395666	0.526667		
constrained	4	24	3	pg_ivm	diamond_path_retract	3	1		0	0	0.304250	0.196833	0.341750	0.066167	0.028500	0.073875	0.378125	0.225333	0.407917		
constrained	4	24	3	pg_ivm	diamond_path_retract	3	1		2	12	0.177625	0.170834	0.179625	0.037083	0.033292	0.049166	0.216708	0.204126	0.226791		
constrained	4	24	3	pg_ivm	diamond_path_retract	3	1		1	8	0.214791	0.202375	0.239291	0.036708	0.032917	0.059791	0.247708	0.239083	0.299082		
constrained	4	24	3	pg_ivm	diamond_path_retract	3	1		3	30	0.390208	0.255541	0.413292	0.053500	0.036000	0.061375	0.443708	0.291541	0.474667		
constrained	4	24	3	pg_ivm	diamond_path_retract	3	1		4	24	0.270375	0.211209	0.309292	0.036750	0.036375	0.039792	0.307125	0.247584	0.349084		
constrained	4	24	3	pg_ivm	diamond_path_retract	3	1		4	24	0.217917	0.203125	0.219541	0.031416	0.030125	0.044625	0.248042	0.234541	0.264166		
constrained	4	24	3	pg_ivm	duplicate_support	3	1		13	78	0.326542	0.295083	0.397708	0.078125	0.074208	0.144917	0.404667	0.369291	0.542625		
constrained	4	24	3	pg_ivm	duplicate_support	3	1		24	155	0.525083	0.432291	0.538541	0.141208	0.120584	0.166625	0.679749	0.552875	0.691708		
constrained	4	24	3	pg_ivm	duplicate_support	3	1		17	106	0.483917	0.334375	0.494291	0.109250	0.093417	0.135250	0.603541	0.427792	0.619167		
constrained	4	24	3	pg_ivm	duplicate_support	3	1		56	366	0.640750	0.496833	7.136625	0.276292	0.261417	0.795041	0.902167	0.773125	7.931666		
constrained	4	24	3	pg_ivm	duplicate_support	3	1		25	150	0.491125	0.478166	0.624333	0.166000	0.119625	0.183000	0.674125	0.597791	0.790333		
constrained	4	24	3	pg_ivm	duplicate_support	3	1		17	111	0.500375	0.348958	0.555292	0.143959	0.081875	0.529208	0.644334	0.430833	1.084500		
constrained	4	24	3	pg_ivm	duplicate_support	3	1		4	33	0.463792	0.424916	0.561667	0.088125	0.081375	0.100458	0.564250	0.513041	0.643042		
constrained	4	24	3	pg_ivm	duplicate_support	3	1		6	65	0.489291	0.469417	0.555000	0.087875	0.085041	0.097917	0.587208	0.554458	0.642875		
constrained	4	24	3	pg_ivm	duplicate_support	3	1		13	78	0.286250	0.262833	0.302791	0.077625	0.072500	0.097292	0.360125	0.358750	0.380416		
constrained	4	24	3	pg_ivm	duplicate_support	3	1		13	78	0.304458	0.239584	0.443250	0.077792	0.077709	0.119042	0.382250	0.317293	0.562292		
constrained	4	24	3	pg_ivm	initial	3	38		13	78	3.940166	3.895083	4.315500	0.305875	0.295750	0.306958	4.235916	4.202041	4.621375		
constrained	4	24	3	pg_ivm	initial	3	38		24	155	5.428833	5.174000	5.553625	0.399459	0.391625	0.459958	5.828292	5.565625	6.013583		
constrained	4	24	3	pg_ivm	initial	3	38		16	100	6.869709	5.094042	7.689917	0.378834	0.364250	0.415250	7.284959	5.458292	8.068751		
constrained	4	24	3	pg_ivm	initial	3	38		52	338	7.533791	6.954625	9.543875	0.512334	0.496083	0.601042	8.029874	7.555667	10.056209		
constrained	4	24	3	pg_ivm	initial	3	38		24	144	7.802958	7.657584	8.451250	0.452083	0.428500	0.627833	8.430791	8.109667	8.879750		
constrained	4	24	3	pg_ivm	initial	3	38		16	104	5.582958	5.145792	6.966875	0.366000	0.243500	0.546333	5.948958	5.389292	7.513208		
constrained	4	24	3	pg_ivm	initial	3	38		4	33	6.060708	5.664292	6.243500	0.293291	0.254083	0.358042	6.314791	5.957583	6.601542		
constrained	4	24	3	pg_ivm	initial	3	38		6	65	5.901583	5.705958	6.408667	0.295750	0.283292	0.424792	6.326375	6.001708	6.691959		
constrained	4	24	3	pg_ivm	initial	3	38		13	78	3.906666	3.758792	4.144334	0.337750	0.237834	0.394000	4.244416	3.996626	4.538334		
constrained	4	24	3	pg_ivm	initial	3	38		13	78	3.803084	3.796208	4.160959	0.261500	0.244708	0.283334	4.064584	4.040916	4.444293		
constrained	4	24	3	pg_ivm	retract_one_support	3	1		13	78	0.189791	0.173458	0.194958	0.066167	0.063709	0.068000	0.257791	0.237167	0.261125		
constrained	4	24	3	pg_ivm	retract_one_support	3	1		24	155	0.483541	0.481375	0.517709	0.129333	0.103875	0.141417	0.612874	0.585250	0.659126		
constrained	4	24	3	pg_ivm	retract_one_support	3	1		16	100	0.424209	0.416167	0.522917	0.138750	0.116333	0.152041	0.554917	0.540542	0.674958		
constrained	4	24	3	pg_ivm	retract_one_support	3	1		52	338	0.690208	0.531625	2.374459	0.145834	0.126083	0.290041	0.816291	0.677459	2.664500		
constrained	4	24	3	pg_ivm	retract_one_support	3	1		24	144	0.583709	0.539000	0.658500	0.173458	0.153750	0.186125	0.757167	0.692750	0.844625		
constrained	4	24	3	pg_ivm	retract_one_support	3	1		16	104	0.606417	0.365333	1.037125	0.150208	0.109250	0.202584	0.809001	0.474583	1.187333		
constrained	4	24	3	pg_ivm	retract_one_support	3	1		4	33	0.562542	0.524542	0.630292	0.064709	0.049333	0.085500	0.627251	0.573875	0.715792		
constrained	4	24	3	pg_ivm	retract_one_support	3	1		6	65	0.623583	0.541167	0.704584	0.069375	0.069292	0.082625	0.692958	0.610459	0.787209		
constrained	4	24	3	pg_ivm	retract_one_support	3	1		13	78	0.195416	0.192458	0.204125	0.062917	0.061292	0.069916	0.262374	0.256708	0.267042		
constrained	4	24	3	pg_ivm	retract_one_support	3	1		13	78	0.178333	0.129958	0.189708	0.069916	0.059958	0.083959	0.248249	0.189916	0.273667		
constrained	4	24	3	pg_ivm	right_support_move	3	2		12	72	0.139875	0.134375	0.158208	0.059875	0.051958	0.060667	0.194250	0.191833	0.218875		
constrained	4	24	3	pg_ivm	right_support_move	3	2		23	149	0.129500	0.128209	0.136750	0.057625	0.056209	0.073500	0.187125	0.184418	0.210250		
constrained	4	24	3	pg_ivm	right_support_move	3	2		24	148	0.590708	0.568583	0.695917	0.098083	0.084250	0.104083	0.674958	0.672666	0.794000		
constrained	4	24	3	pg_ivm	right_support_move	3	2		48	316	0.202250	0.179916	0.249208	0.138208	0.106541	0.209875	0.387416	0.308791	0.389791		
constrained	4	24	3	pg_ivm	right_support_move	3	2		24	144	0.863292	0.682500	0.997791	0.073917	0.063667	0.132375	0.926959	0.756417	1.130166		
constrained	4	24	3	pg_ivm	right_support_move	3	2		16	105	0.773208	0.632500	0.891292	0.082208	0.071959	0.099042	0.872250	0.714708	0.963251		
constrained	4	24	3	pg_ivm	right_support_move	3	2		4	35	0.702167	0.604583	0.879833	0.083959	0.061334	0.114542	0.816709	0.665917	0.963792		
constrained	4	24	3	pg_ivm	right_support_move	3	2		6	65	0.152625	0.152084	0.164958	0.064542	0.056959	0.065416	0.217167	0.209043	0.230374		
constrained	4	24	3	pg_ivm	right_support_move	3	2		12	72	0.130584	0.121834	0.134958	0.051459	0.044750	0.061667	0.179708	0.173293	0.192251		
constrained	4	24	3	pg_ivm	right_support_move	3	2		12	72	0.143584	0.129542	0.155167	0.061709	0.047875	0.100417	0.205293	0.177417	0.255584		
constrained	4	24	3	pg_ivm	root_restore	3	1		4	24	0.102625	0.095875	0.106625	0.030709	0.029291	0.033959	0.136584	0.125166	0.137334		
constrained	4	24	3	pg_ivm	root_restore	3	1		4	24	0.082292	0.078875	0.098000	0.028959	0.027750	0.029416	0.111251	0.106625	0.127416		
constrained	4	24	3	pg_ivm	root_restore	3	1		2	12	0.331208	0.231917	0.358333	0.055708	0.030416	0.056042	0.386916	0.262333	0.414375		
constrained	4	24	3	pg_ivm	root_restore	3	1		2	12	0.131542	0.122125	0.137416	0.043750	0.027250	0.060875	0.165875	0.158792	0.198291		
constrained	4	24	3	pg_ivm	root_restore	3	1		0	0	0.379792	0.320625	0.416417	0.047334	0.026958	0.070958	0.427126	0.347583	0.487375		
constrained	4	24	3	pg_ivm	root_restore	3	1		2	12	0.352917	0.352000	0.390500	0.030959	0.030875	0.052250	0.383876	0.382875	0.442750		
constrained	4	24	3	pg_ivm	root_restore	3	1		1	8	0.391625	0.377334	0.464125	0.039792	0.038958	0.040375	0.431417	0.416292	0.504500		
constrained	4	24	3	pg_ivm	root_restore	3	1		3	30	0.093208	0.082000	0.095209	0.035292	0.033416	0.039167	0.130501	0.115416	0.132375		
constrained	4	24	3	pg_ivm	root_restore	3	1		4	24	0.105250	0.081750	0.113167	0.030375	0.029459	0.030625	0.135875	0.111209	0.143542		
constrained	4	24	3	pg_ivm	root_restore	3	1		4	24	0.094792	0.086958	0.132958	0.029791	0.028292	0.031750	0.124583	0.115250	0.164708		
constrained	4	24	3	pg_ivm	root_retract	3	1		4	24	0.068583	0.068209	0.072208	0.030125	0.029375	0.030250	0.098708	0.097584	0.102458		
constrained	4	24	3	pg_ivm	root_retract	3	1		4	24	0.079167	0.078459	0.092042	0.034167	0.028708	0.036667	0.112626	0.107875	0.128709		
constrained	4	24	3	pg_ivm	root_retract	3	1		0	0	0.298750	0.263083	0.475125	0.040625	0.033583	0.049125	0.339375	0.296666	0.524250		
constrained	4	24	3	pg_ivm	root_retract	3	1		2	12	0.113166	0.094084	0.171292	0.049625	0.044667	0.053292	0.166458	0.138751	0.220917		
constrained	4	24	3	pg_ivm	root_retract	3	1		0	0	0.309333	0.263375	0.379917	0.043875	0.027166	0.066334	0.336499	0.307250	0.446251		
constrained	4	24	3	pg_ivm	root_retract	3	1		0	0	0.249000	0.232667	0.372375	0.031167	0.028959	0.035625	0.277959	0.263834	0.408000		
constrained	4	24	3	pg_ivm	root_retract	3	1		0	0	0.311500	0.276417	0.362709	0.038875	0.033875	0.042084	0.350375	0.318501	0.396584		
constrained	4	24	3	pg_ivm	root_retract	3	1		3	30	0.086458	0.071791	0.097625	0.040250	0.033417	0.049709	0.131042	0.112041	0.136167		
constrained	4	24	3	pg_ivm	root_retract	3	1		4	24	0.075208	0.074666	0.076583	0.028958	0.028250	0.033125	0.104166	0.102916	0.109708		
constrained	4	24	3	pg_ivm	root_retract	3	1		4	24	0.072958	0.063375	0.076750	0.030042	0.029333	0.030917	0.102291	0.093417	0.107667		
constrained	4	24	3	pg_ivm	third_side_move	3	1		12	72	0.138750	0.123417	0.161458	0.068542	0.042833	0.085791	0.224541	0.166250	0.230000		
constrained	4	24	3	pg_ivm	third_side_move	3	1		23	149	0.135333	0.088208	0.166084	0.086750	0.065000	0.101791	0.222083	0.153208	0.267875		
constrained	4	24	3	pg_ivm	third_side_move	3	1		24	148	0.131209	0.118458	0.140042	0.061083	0.057959	0.062334	0.193543	0.179541	0.198001		
constrained	4	24	3	pg_ivm	third_side_move	3	1		48	316	0.138042	0.126209	0.181708	0.087667	0.068666	0.090584	0.225709	0.194875	0.272292		
constrained	4	24	3	pg_ivm	third_side_move	3	1		35	221	0.364458	0.323958	0.438000	0.097416	0.075750	0.126750	0.491208	0.421374	0.513750		
constrained	4	24	3	pg_ivm	third_side_move	3	1		16	105	0.133791	0.095750	0.157500	0.063625	0.046708	0.085500	0.219291	0.142458	0.221125		
constrained	4	24	3	pg_ivm	third_side_move	3	1		4	35	0.130208	0.109209	0.309208	0.053459	0.050625	0.059500	0.189708	0.159834	0.362667		
constrained	4	24	3	pg_ivm	third_side_move	3	1		6	65	0.127250	0.108417	0.142084	0.059875	0.059167	0.066125	0.187125	0.174542	0.201251		
constrained	4	24	3	pg_ivm	third_side_move	3	1		12	72	0.134416	0.117917	0.146459	0.044167	0.043041	0.047583	0.177457	0.162084	0.194042		
constrained	4	24	3	pg_ivm	third_side_move	3	1		12	72	0.126875	0.121792	0.141917	0.057500	0.047542	0.099333	0.199417	0.169334	0.226208		
constrained	4	24	3	query	batch_key_value_move	3	3		12	72	0.200250	0.173208	0.217083	0.076958	0.076792	0.081375	0.277042	0.250166	0.298458		
constrained	4	24	3	query	batch_key_value_move	3	3		24	149	0.168750	0.162917	0.179250	0.102750	0.102375	0.120625	0.282000	0.265292	0.289375		
constrained	4	24	3	query	batch_key_value_move	3	3		23	149	0.195666	0.187583	0.195916	0.136084	0.113625	0.144625	0.323667	0.309541	0.340291		
constrained	4	24	3	query	batch_key_value_move	3	3		16	100	0.211375	0.147791	0.242042	0.179208	0.097125	0.742500	0.390583	0.244916	0.984542		
constrained	4	24	3	query	batch_key_value_move	3	3		48	316	0.172625	0.172208	0.193417	0.126416	0.118167	0.127917	0.298624	0.290792	0.321334		
constrained	4	24	3	query	batch_key_value_move	3	3		24	144	0.176375	0.163834	0.395375	0.128167	0.119292	0.187625	0.304542	0.283126	0.583000		
constrained	4	24	3	query	batch_key_value_move	3	3		48	295	0.184541	0.170875	0.235333	0.194167	0.175792	0.194458	0.378708	0.346667	0.429791		
constrained	4	24	3	query	batch_key_value_move	3	3		16	105	0.174083	0.152000	0.215500	0.156417	0.137958	0.176917	0.330500	0.289958	0.392417		
constrained	4	24	3	query	batch_key_value_move	3	3		8	51	0.181875	0.139833	0.182458	0.125167	0.092000	0.125666	0.307042	0.231833	0.308124		
constrained	4	24	3	query	batch_key_value_move	3	3		4	33	0.144875	0.118500	0.219500	0.094625	0.089250	0.199042	0.239500	0.207750	0.418542		
constrained	4	24	3	query	batch_key_value_move	3	3		7	31	0.140916	0.136250	0.243167	0.444750	0.328375	0.596291	0.581000	0.469291	0.839458		
constrained	4	24	3	query	batch_key_value_move	3	3		6	65	0.141666	0.128209	0.246583	0.086542	0.077041	0.135167	0.228208	0.205250	0.381750		
constrained	4	24	3	query	batch_key_value_move	3	3		6	36	0.139541	0.135375	0.153709	0.069542	0.066125	0.084583	0.219834	0.204917	0.224124		
constrained	4	24	3	query	batch_key_value_move	3	3		28	183	0.139666	0.132417	0.158334	0.110416	0.099292	0.135416	0.267833	0.238958	0.268750		
constrained	4	24	3	query	batch_key_value_move	3	3		21	136	0.208791	0.139709	0.220458	0.103542	0.096042	0.143208	0.312333	0.235751	0.363666		
constrained	4	24	3	query	batch_key_value_move	3	3		2	13	0.130583	0.123792	0.135708	0.057750	0.053875	0.058291	0.188333	0.177667	0.193999		
constrained	4	24	3	query	batch_key_value_move	3	3		3	18	0.147709	0.119416	0.225292	0.049375	0.047417	0.095542	0.197084	0.166833	0.320834		
constrained	4	24	3	query	batch_key_value_move	3	3		24	204	0.185125	0.147500	0.185625	0.099459	0.093666	0.104666	0.279291	0.246959	0.289791		
constrained	4	24	3	query	batch_key_value_move	3	3		12	72	0.148542	0.129792	0.209458	0.070083	0.062875	0.114375	0.218625	0.192667	0.323833		
constrained	4	24	3	query	batch_key_value_move	3	3		12	72	0.152167	0.141333	0.180708	0.068917	0.068625	0.071458	0.220792	0.210250	0.252166		
constrained	4	24	3	query	clear_edges	3	24		0	0	0.297167	0.278417	0.305291	0.035333	0.033625	0.035708	0.330792	0.313750	0.340999		
constrained	4	24	3	query	clear_edges	3	24		0	0	0.364500	0.302875	0.382417	0.088709	0.072375	0.095667	0.436875	0.391584	0.478084		
constrained	4	24	3	query	clear_edges	3	24		0	0	0.327458	0.318417	0.395291	0.057375	0.055000	0.086875	0.384833	0.373417	0.482166		
constrained	4	24	3	query	clear_edges	3	24		0	0	0.374042	0.291042	0.412833	0.061833	0.055458	0.102416	0.435875	0.346500	0.515249		
constrained	4	24	3	query	clear_edges	3	24		0	0	0.323708	0.308250	0.363708	0.070459	0.057958	0.077959	0.401667	0.366208	0.434167		
constrained	4	24	3	query	clear_edges	3	24		0	0	0.350625	0.332459	0.351583	0.096875	0.091916	0.120541	0.447500	0.424375	0.472124		
constrained	4	24	3	query	clear_edges	3	24		0	0	0.357042	0.283625	0.399334	0.110125	0.108958	0.132958	0.466000	0.393750	0.532292		
constrained	4	24	3	query	clear_edges	3	24		0	0	0.323167	0.297125	0.353708	0.100500	0.077125	0.105834	0.423667	0.374250	0.459542		
constrained	4	24	3	query	clear_edges	3	24		0	0	0.363916	0.314458	0.398417	0.096542	0.090167	0.107375	0.460458	0.421833	0.488584		
constrained	4	24	3	query	clear_edges	3	24		0	0	0.321625	0.320167	0.356542	0.083167	0.067083	0.106333	0.403334	0.388708	0.462875		
constrained	4	24	3	query	clear_edges	3	24		0	0	0.352750	0.336042	0.458834	0.337125	0.312417	0.523000	0.689875	0.648459	0.981834		
constrained	4	24	3	query	clear_edges	3	24		0	0	0.323875	0.272125	0.336917	0.056250	0.039916	0.075375	0.393167	0.312041	0.399250		
constrained	4	24	3	query	clear_edges	3	24		0	0	0.286833	0.277291	0.300875	0.037167	0.036791	0.054667	0.331958	0.323624	0.338042		
constrained	4	24	3	query	clear_edges	3	24		0	0	0.272625	0.268875	0.320583	0.068000	0.056042	0.069042	0.337917	0.328667	0.388583		
constrained	4	24	3	query	clear_edges	3	24		0	0	0.314084	0.301417	0.316792	0.059958	0.051584	0.068000	0.376750	0.353001	0.382084		
constrained	4	24	3	query	clear_edges	3	24		0	0	0.288375	0.284417	0.324125	0.055959	0.046917	0.057125	0.344334	0.331334	0.381250		
constrained	4	24	3	query	clear_edges	3	24		0	0	0.283959	0.271500	0.289791	0.049459	0.041292	0.055459	0.333418	0.312792	0.345250		
constrained	4	24	3	query	clear_edges	3	24		0	0	0.310292	0.303459	0.333542	0.055291	0.048583	0.074458	0.382125	0.358750	0.384750		
constrained	4	24	3	query	clear_edges	3	24		0	0	0.295500	0.273834	0.325916	0.034209	0.034125	0.069042	0.329625	0.308043	0.394958		
constrained	4	24	3	query	clear_edges	3	24		0	0	0.288375	0.276292	0.312917	0.034417	0.034000	0.042000	0.322792	0.310292	0.354917		
constrained	4	24	3	query	clear_roots	3	7		12	72	0.145500	0.144083	0.154083	0.056583	0.043500	0.061958	0.200666	0.197583	0.207458		
constrained	4	24	3	query	clear_roots	3	7		24	149	0.177708	0.152542	0.220833	0.097584	0.073458	0.143291	0.318417	0.226000	0.320999		
constrained	4	24	3	query	clear_roots	3	7		23	149	0.175625	0.164834	0.889834	0.097000	0.096667	0.135125	0.310750	0.261501	0.986834		
constrained	4	24	3	query	clear_roots	3	7		0	0	0.219209	0.168708	0.236417	0.087792	0.081750	0.148666	0.324209	0.250458	0.367875		
constrained	4	24	3	query	clear_roots	3	7		48	316	0.271542	0.154541	0.288042	0.131834	0.111750	0.147000	0.403376	0.266291	0.435042		
constrained	4	24	3	query	clear_roots	3	7		0	0	0.224542	0.198000	0.351250	0.126375	0.120375	0.210500	0.350917	0.318375	0.561750		
constrained	4	24	3	query	clear_roots	3	7		25	154	0.188125	0.139834	0.209334	0.132625	0.095459	0.152875	0.341000	0.235293	0.341959		
constrained	4	24	3	query	clear_roots	3	7		0	0	0.143875	0.129208	0.168208	0.085917	0.073583	0.155791	0.241791	0.229792	0.284999		
constrained	4	24	3	query	clear_roots	3	7		24	156	0.172917	0.151875	0.193416	0.118958	0.098416	0.159250	0.312374	0.250291	0.332167		
constrained	4	24	3	query	clear_roots	3	7		0	0	0.155000	0.141000	0.196583	0.108209	0.088583	0.116291	0.249209	0.243583	0.312874		
constrained	4	24	3	query	clear_roots	3	7		0	0	0.198458	0.136875	0.219709	0.388583	0.124292	0.478792	0.525458	0.322750	0.698501		
constrained	4	24	3	query	clear_roots	3	7		6	65	0.175042	0.144791	0.207209	0.095625	0.068333	0.103708	0.278750	0.213124	0.302834		
constrained	4	24	3	query	clear_roots	3	7		6	36	0.145083	0.135833	0.170500	0.050166	0.050000	0.063041	0.195249	0.185833	0.233541		
constrained	4	24	3	query	clear_roots	3	7		23	149	0.203208	0.159583	0.257083	0.090916	0.082625	0.105375	0.285833	0.264958	0.347999		
constrained	4	24	3	query	clear_roots	3	7		23	149	0.156583	0.130542	0.168667	0.081292	0.077750	0.100500	0.237875	0.208292	0.269167		
constrained	4	24	3	query	clear_roots	3	7		0	0	0.153083	0.143583	0.158000	0.053333	0.053167	0.072958	0.206250	0.196916	0.230958		
constrained	4	24	3	query	clear_roots	3	7		3	18	0.131333	0.129334	0.133959	0.044334	0.039084	0.049167	0.175667	0.173043	0.178501		
constrained	4	24	3	query	clear_roots	3	7		24	204	0.217625	0.140750	0.282250	0.071125	0.069166	0.099000	0.288750	0.209916	0.381250		
constrained	4	24	3	query	clear_roots	3	7		12	72	0.147375	0.132125	0.153500	0.047041	0.046208	0.053042	0.193583	0.179166	0.206542		
constrained	4	24	3	query	clear_roots	3	7		12	72	0.136667	0.131000	0.179584	0.047917	0.045791	0.060292	0.182458	0.178917	0.239876		
constrained	4	24	3	query	cycle_break	3	1		3	18	0.068584	0.063084	0.069333	0.036125	0.035459	0.037791	0.105458	0.098543	0.106375		
constrained	4	24	3	query	cycle_break	3	1		5	30	0.068416	0.067167	0.077542	0.050709	0.046459	0.057041	0.117876	0.114875	0.134583		
constrained	4	24	3	query	cycle_break	3	1		3	18	0.069750	0.063667	0.076041	0.036334	0.034875	0.042375	0.104625	0.100001	0.118416		
constrained	4	24	3	query	cycle_break	3	1		2	12	0.091042	0.070750	0.112791	0.072083	0.047334	0.126625	0.163125	0.118084	0.239416		
constrained	4	24	3	query	cycle_break	3	1		1	6	0.196916	0.093292	0.246417	0.183958	0.079333	0.663375	0.380874	0.172625	0.909792		
constrained	4	24	3	query	cycle_break	3	1		0	0	0.126959	0.101583	0.151208	0.071583	0.066625	0.107500	0.217833	0.173166	0.234459		
constrained	4	24	3	query	cycle_break	3	1		2	12	0.063875	0.060459	0.080042	0.072667	0.071250	0.086791	0.135125	0.133126	0.166833		
constrained	4	24	3	query	cycle_break	3	1		2	12	0.085750	0.066583	0.377709	0.074625	0.051708	0.162042	0.160375	0.118291	0.539751		
constrained	4	24	3	query	cycle_break	3	1		1	6	0.074709	0.072500	0.095375	0.059375	0.057792	0.060000	0.134709	0.131875	0.153167		
constrained	4	24	3	query	cycle_break	3	1		1	8	0.070167	0.066875	0.099000	0.060208	0.056917	0.124667	0.130375	0.123792	0.223667		
constrained	4	24	3	query	cycle_break	3	1		4	16	0.072875	0.066125	0.078125	0.290167	0.096084	0.327459	0.356292	0.174209	0.400334		
constrained	4	24	3	query	cycle_break	3	1		2	20	0.070583	0.066750	0.075667	0.046666	0.044834	0.053292	0.120042	0.115417	0.122333		
constrained	4	24	3	query	cycle_break	3	1		2	12	0.077792	0.074000	0.088875	0.054250	0.046583	0.090500	0.132042	0.120583	0.179375		
constrained	4	24	3	query	cycle_break	3	1		4	24	0.066417	0.064416	0.144375	0.063708	0.057583	0.116209	0.128124	0.124000	0.260584		
constrained	4	24	3	query	cycle_break	3	1		3	18	0.059875	0.056250	0.061083	0.045292	0.044750	0.060875	0.106375	0.104625	0.117125		
constrained	4	24	3	query	cycle_break	3	1		0	0	0.085125	0.063000	0.092209	0.054209	0.046250	0.063791	0.139334	0.109250	0.156000		
constrained	4	24	3	query	cycle_break	3	1		3	18	0.055875	0.055625	0.069666	0.040084	0.036333	0.040417	0.095709	0.092208	0.110083		
constrained	4	24	3	query	cycle_break	3	1		3	24	0.056541	0.054208	0.163625	0.040709	0.037959	0.110166	0.097250	0.092167	0.273791		
constrained	4	24	3	query	cycle_break	3	1		3	18	0.070500	0.063625	0.073292	0.036792	0.033959	0.038458	0.107292	0.097584	0.111750		
constrained	4	24	3	query	cycle_break	3	1		3	18	0.083750	0.076292	0.096791	0.045417	0.039750	0.049166	0.132916	0.116042	0.142208		
constrained	4	24	3	query	cycle_seed	3	6		5	30	0.224291	0.190584	0.231250	0.044125	0.043750	0.058208	0.268041	0.234709	0.289458		
constrained	4	24	3	query	cycle_seed	3	6		8	48	0.212542	0.211250	0.213666	0.061542	0.058333	0.092333	0.274084	0.271999	0.303583		
constrained	4	24	3	query	cycle_seed	3	6		5	30	0.240833	0.210292	0.272208	0.057542	0.042959	0.081833	0.322666	0.253251	0.329750		
constrained	4	24	3	query	cycle_seed	3	6		2	12	0.208750	0.198833	0.608666	0.097375	0.073166	0.305625	0.306125	0.271999	0.914291		
constrained	4	24	3	query	cycle_seed	3	6		5	30	0.230666	0.226583	0.241417	0.086834	0.066250	0.290000	0.328251	0.296916	0.516583		
constrained	4	24	3	query	cycle_seed	3	6		0	0	0.434042	0.282375	0.550333	0.116500	0.103417	0.231125	0.550542	0.513500	0.653750		
constrained	4	24	3	query	cycle_seed	3	6		4	24	0.208583	0.207208	0.252167	0.096167	0.095875	0.162042	0.348334	0.304458	0.369250		
constrained	4	24	3	query	cycle_seed	3	6		2	12	0.211209	0.202292	0.220000	0.088625	0.084666	0.100958	0.303250	0.299834	0.304666		
constrained	4	24	3	query	cycle_seed	3	6		3	18	0.223375	0.204792	0.240208	0.079459	0.077125	0.084333	0.300500	0.284251	0.324541		
constrained	4	24	3	query	cycle_seed	3	6		1	8	0.199584	0.174083	0.213709	0.088292	0.060500	0.093500	0.287876	0.234583	0.307209		
constrained	4	24	3	query	cycle_seed	3	6		4	16	0.191834	0.187542	0.208208	0.358209	0.105000	0.429459	0.550043	0.313208	0.617001		
constrained	4	24	3	query	cycle_seed	3	6		4	40	0.233750	0.186208	0.245208	0.073458	0.049542	0.091167	0.318666	0.235750	0.324917		
constrained	4	24	3	query	cycle_seed	3	6		4	24	0.173333	0.169000	0.177959	0.045291	0.041791	0.056042	0.218624	0.210791	0.234001		
constrained	4	24	3	query	cycle_seed	3	6		6	36	0.198250	0.190250	0.358542	0.129667	0.059334	0.144416	0.334666	0.257584	0.488209		
constrained	4	24	3	query	cycle_seed	3	6		5	30	0.217791	0.213958	0.242500	0.058833	0.053292	0.061083	0.276624	0.267250	0.303583		
constrained	4	24	3	query	cycle_seed	3	6		0	0	0.193708	0.191791	0.240916	0.047625	0.043708	0.064833	0.239416	0.237416	0.305749		
constrained	4	24	3	query	cycle_seed	3	6		3	18	0.192042	0.171667	0.239917	0.043834	0.037833	0.045125	0.235876	0.209500	0.285042		
constrained	4	24	3	query	cycle_seed	3	6		5	40	0.207375	0.180334	0.264209	0.051750	0.045125	0.115167	0.259125	0.225459	0.379376		
constrained	4	24	3	query	cycle_seed	3	6		5	30	0.185334	0.179334	0.190250	0.041417	0.040250	0.047583	0.226751	0.219584	0.237833		
constrained	4	24	3	query	cycle_seed	3	6		5	30	0.200917	0.188209	0.217625	0.040500	0.039084	0.050625	0.241417	0.227293	0.268250		
constrained	4	24	3	query	diamond_path_retract	3	1		4	24	0.075791	0.064125	0.086125	0.041042	0.040000	0.060834	0.124959	0.116833	0.126125		
constrained	4	24	3	query	diamond_path_retract	3	1		7	42	0.090416	0.075208	0.110458	0.070458	0.051584	0.073958	0.160874	0.126792	0.184416		
constrained	4	24	3	query	diamond_path_retract	3	1		4	24	0.082834	0.076291	0.092792	0.055000	0.038583	0.063958	0.146792	0.114874	0.147792		
constrained	4	24	3	query	diamond_path_retract	3	1		2	12	0.128750	0.103541	0.239583	0.087584	0.068250	0.487417	0.216334	0.171791	0.727000		
constrained	4	24	3	query	diamond_path_retract	3	1		2	12	0.113125	0.110291	0.162416	0.070625	0.061792	0.102166	0.180916	0.174917	0.264582		
constrained	4	24	3	query	diamond_path_retract	3	1		0	0	0.138958	0.080125	0.149042	0.097125	0.078208	0.175750	0.236083	0.158333	0.324792		
constrained	4	24	3	query	diamond_path_retract	3	1		3	18	0.082250	0.077584	0.100916	0.078417	0.074834	0.108917	0.160667	0.152418	0.209833		
constrained	4	24	3	query	diamond_path_retract	3	1		2	12	0.078416	0.072334	0.088083	0.067292	0.055125	0.077959	0.145708	0.127459	0.166042		
constrained	4	24	3	query	diamond_path_retract	3	1		2	12	0.100833	0.084208	0.114625	0.076750	0.061541	0.124125	0.177583	0.145749	0.238750		
constrained	4	24	3	query	diamond_path_retract	3	1		1	8	0.076917	0.061458	0.091167	0.102959	0.086708	0.154042	0.177875	0.164417	0.230959		
constrained	4	24	3	query	diamond_path_retract	3	1		4	16	0.081959	0.067334	0.088125	0.306375	0.099000	0.418042	0.388334	0.166334	0.506167		
constrained	4	24	3	query	diamond_path_retract	3	1		3	30	0.075708	0.052708	0.114166	0.060625	0.051916	0.084583	0.136333	0.104624	0.198749		
constrained	4	24	3	query	diamond_path_retract	3	1		3	18	0.064791	0.061875	0.106875	0.047292	0.045542	0.059334	0.112083	0.107417	0.166209		
constrained	4	24	3	query	diamond_path_retract	3	1		5	30	0.080042	0.059458	0.086000	0.069708	0.062166	0.084083	0.142208	0.129166	0.170083		
constrained	4	24	3	query	diamond_path_retract	3	1		4	24	0.071042	0.064500	0.103667	0.048750	0.047459	0.082625	0.118501	0.113250	0.186292		
constrained	4	24	3	query	diamond_path_retract	3	1		0	0	0.067625	0.062208	0.084084	0.043667	0.043584	0.045417	0.111292	0.105792	0.129501		
constrained	4	24	3	query	diamond_path_retract	3	1		3	18	0.069250	0.057709	0.072417	0.064959	0.055500	0.067625	0.134209	0.113209	0.140042		
constrained	4	24	3	query	diamond_path_retract	3	1		4	32	0.084375	0.053042	0.105958	0.046125	0.039833	0.100750	0.152083	0.092875	0.185125		
constrained	4	24	3	query	diamond_path_retract	3	1		4	24	0.083834	0.068791	0.088042	0.037500	0.036042	0.041334	0.125168	0.104833	0.125542		
constrained	4	24	3	query	diamond_path_retract	3	1		4	24	0.068084	0.065583	0.069916	0.043792	0.040416	0.045041	0.109375	0.108500	0.114957		
constrained	4	24	3	query	duplicate_support	3	1		13	78	0.159458	0.148375	0.160458	0.120959	0.096583	0.161541	0.280417	0.257041	0.309916		
constrained	4	24	3	query	duplicate_support	3	1		25	155	0.154917	0.151167	0.169125	0.155375	0.154500	0.158500	0.309667	0.309417	0.324500		
constrained	4	24	3	query	duplicate_support	3	1		24	155	0.229542	0.103125	0.231417	0.155708	0.121500	0.174500	0.387125	0.224625	0.404042		
constrained	4	24	3	query	duplicate_support	3	1		17	106	0.312333	0.162916	0.316458	0.196917	0.158958	0.199709	0.509250	0.321874	0.516167		
constrained	4	24	3	query	duplicate_support	3	1		56	366	0.226625	0.187750	0.327917	0.352708	0.303125	0.398792	0.625417	0.490875	0.680625		
constrained	4	24	3	query	duplicate_support	3	1		25	150	0.247458	0.213042	0.358583	0.310625	0.220875	0.312000	0.559458	0.433917	0.669208		
constrained	4	24	3	query	duplicate_support	3	1		50	307	0.219709	0.201042	0.429417	0.356625	0.343792	0.561458	0.563501	0.557667	0.990875		
constrained	4	24	3	query	duplicate_support	3	1		17	111	0.189375	0.143333	0.195584	0.195958	0.179917	0.206708	0.369292	0.339291	0.402292		
constrained	4	24	3	query	duplicate_support	3	1		8	51	0.201666	0.158584	0.220208	0.151958	0.123084	0.164959	0.353624	0.281668	0.385167		
constrained	4	24	3	query	duplicate_support	3	1		4	33	0.129417	0.110792	0.150125	0.180125	0.122917	0.183500	0.312917	0.233709	0.330250		
constrained	4	24	3	query	duplicate_support	3	1		7	31	0.171375	0.102000	0.179708	0.507000	0.162500	0.626833	0.609000	0.333875	0.806541		
constrained	4	24	3	query	duplicate_support	3	1		6	65	0.110291	0.102209	0.541458	0.115625	0.090334	0.165334	0.225916	0.192543	0.706792		
constrained	4	24	3	query	duplicate_support	3	1		6	36	0.121167	0.102459	0.221917	0.103708	0.078792	0.111583	0.224875	0.181251	0.333500		
constrained	4	24	3	query	duplicate_support	3	1		29	189	0.178459	0.124208	0.183916	0.214458	0.167041	0.315208	0.392917	0.291249	0.499124		
constrained	4	24	3	query	duplicate_support	3	1		22	142	0.164958	0.122833	0.177708	0.151083	0.133625	0.258292	0.316041	0.256458	0.436000		
constrained	4	24	3	query	duplicate_support	3	1		2	13	0.126084	0.119833	0.160666	0.088041	0.082333	0.106375	0.214125	0.202166	0.267041		
constrained	4	24	3	query	duplicate_support	3	1		3	18	0.137209	0.122583	0.160208	0.085917	0.074666	0.087042	0.211875	0.208500	0.247250		
constrained	4	24	3	query	duplicate_support	3	1		25	212	0.140500	0.137458	0.152459	0.163417	0.159667	0.180666	0.315876	0.300167	0.318124		
constrained	4	24	3	query	duplicate_support	3	1		13	78	0.133208	0.128333	0.141917	0.108291	0.101666	0.149791	0.243583	0.236624	0.282999		
constrained	4	24	3	query	duplicate_support	3	1		13	78	0.131209	0.117417	0.195000	0.104250	0.093167	0.104542	0.235459	0.210584	0.299542		
constrained	4	24	3	query	initial	3	38		13	78	1.647125	1.613250	1.733292	0.328875	0.325583	0.392417	2.039542	1.938833	2.062167		
constrained	4	24	3	query	initial	3	38		24	148	1.526125	1.431167	1.646292	0.504208	0.497500	0.525917	2.052042	1.928667	2.150500		
constrained	4	24	3	query	initial	3	38		24	155	1.637583	1.561541	1.852041	0.493334	0.439208	0.624250	2.076791	2.054875	2.476291		
constrained	4	24	3	query	initial	3	38		16	100	1.578041	1.538333	1.876834	0.578666	0.540792	0.651834	2.229875	2.116999	2.417626		
constrained	4	24	3	query	initial	3	38		52	338	1.513125	1.487584	2.084584	0.651791	0.628375	0.727667	2.240792	2.139375	2.712959		
constrained	4	24	3	query	initial	3	38		24	144	2.163833	1.614250	2.365250	0.862041	0.845041	0.890291	3.025874	2.504541	3.210291		
constrained	4	24	3	query	initial	3	38		48	295	1.800167	1.461167	3.949083	0.737417	0.684666	0.884000	2.484833	2.198584	4.833083		
constrained	4	24	3	query	initial	3	38		16	104	1.501958	1.459375	1.764584	0.493875	0.487959	0.564708	2.024083	1.995833	2.252543		
constrained	4	24	3	query	initial	3	38		8	51	1.627083	1.546416	1.891833	0.532875	0.510792	0.559167	2.137875	2.079291	2.451000		
constrained	4	24	3	query	initial	3	38		4	33	1.638166	1.520791	1.747292	0.549750	0.481500	0.658209	2.187916	2.002291	2.405501		
constrained	4	24	3	query	initial	3	38		7	31	1.489083	1.424417	1.559958	0.851834	0.826667	1.141958	2.315750	2.276251	2.701916		
constrained	4	24	3	query	initial	3	38		6	65	1.509625	1.376167	1.860625	0.522125	0.400834	0.841292	2.031750	1.777001	2.701917		
constrained	4	24	3	query	initial	3	38		6	36	1.518000	1.357875	1.618625	0.442708	0.415833	0.471458	1.960708	1.773708	2.090083		
constrained	4	24	3	query	initial	3	38		29	189	1.388708	1.315875	1.475208	0.519583	0.512583	0.521500	1.901291	1.835458	1.996708		
constrained	4	24	3	query	initial	3	38		22	142	1.436917	1.380000	1.483083	0.461792	0.451583	0.467375	1.904292	1.831583	1.944875		
constrained	4	24	3	query	initial	3	38		2	13	1.404666	1.361917	1.735583	0.366250	0.343042	0.368291	1.772957	1.704959	2.101833		
constrained	4	24	3	query	initial	3	38		3	18	1.411458	1.356166	1.583500	0.358958	0.357708	0.363125	1.774583	1.713874	1.942458		
constrained	4	24	3	query	initial	3	38		24	203	1.517000	1.403292	1.560875	0.471041	0.433958	0.486709	1.950958	1.890001	2.031916		
constrained	4	24	3	query	initial	3	38		13	78	1.413791	1.378375	1.446541	0.292792	0.291375	0.333167	1.705166	1.671167	1.779708		
constrained	4	24	3	query	initial	3	38		13	78	1.383750	1.376375	1.572375	0.333334	0.331209	0.381917	1.714959	1.709709	1.954292		
constrained	4	24	3	query	retract_one_support	3	1		13	78	0.122000	0.100500	0.129000	0.081791	0.073959	0.086875	0.203791	0.174459	0.215875		
constrained	4	24	3	query	retract_one_support	3	1		24	148	0.125625	0.117375	0.130000	0.162917	0.113833	0.163042	0.288542	0.231208	0.293042		
constrained	4	24	3	query	retract_one_support	3	1		24	155	0.122959	0.103083	0.177833	0.112667	0.107625	0.141167	0.230584	0.215750	0.319000		
constrained	4	24	3	query	retract_one_support	3	1		16	100	0.151666	0.093833	0.199083	0.149833	0.108875	0.185625	0.301499	0.202708	0.384708		
constrained	4	24	3	query	retract_one_support	3	1		52	338	0.153834	0.121416	0.155542	0.214500	0.213750	0.274334	0.370042	0.335166	0.428168		
constrained	4	24	3	query	retract_one_support	3	1		24	144	0.150125	0.133667	0.512833	0.189208	0.182417	0.468792	0.332542	0.322875	0.981625		
constrained	4	24	3	query	retract_one_support	3	1		48	295	0.147250	0.117250	0.177459	0.211166	0.209416	0.271500	0.386875	0.328416	0.418750		
constrained	4	24	3	query	retract_one_support	3	1		16	104	0.132917	0.112250	0.156292	0.171667	0.139167	0.190625	0.323542	0.251417	0.327959		
constrained	4	24	3	query	retract_one_support	3	1		8	51	0.146541	0.136875	0.158416	0.169875	0.108458	0.171958	0.316416	0.245333	0.330374		
constrained	4	24	3	query	retract_one_support	3	1		4	33	0.085208	0.083709	0.153833	0.110000	0.108042	0.170000	0.195208	0.191751	0.323833		
constrained	4	24	3	query	retract_one_support	3	1		7	31	0.100333	0.089958	0.132459	0.486458	0.127375	0.533209	0.576416	0.227708	0.665668		
constrained	4	24	3	query	retract_one_support	3	1		6	65	0.151459	0.100000	0.318083	0.159958	0.083750	0.413875	0.311417	0.183750	0.731958		
constrained	4	24	3	query	retract_one_support	3	1		6	36	0.081125	0.069917	0.102125	0.077792	0.069417	0.098167	0.158917	0.139334	0.200292		
constrained	4	24	3	query	retract_one_support	3	1		29	189	0.113709	0.079750	0.153167	0.178000	0.155042	0.192958	0.291709	0.234792	0.346125		
constrained	4	24	3	query	retract_one_support	3	1		22	142	0.101791	0.097125	0.143750	0.142666	0.129708	0.182000	0.244457	0.226833	0.325750		
constrained	4	24	3	query	retract_one_support	3	1		2	13	0.093500	0.087417	0.095667	0.065958	0.060083	0.076250	0.161625	0.147500	0.169750		
constrained	4	24	3	query	retract_one_support	3	1		3	18	0.090083	0.086417	0.106625	0.060584	0.053750	0.082375	0.147001	0.143833	0.189000		
constrained	4	24	3	query	retract_one_support	3	1		24	203	0.086291	0.083208	0.127958	0.119875	0.112375	0.125833	0.209041	0.198666	0.247833		
constrained	4	24	3	query	retract_one_support	3	1		13	78	0.093125	0.086500	0.102167	0.092292	0.070500	0.094000	0.185417	0.157000	0.196167		
constrained	4	24	3	query	retract_one_support	3	1		13	78	0.106917	0.088292	0.107541	0.071291	0.069666	0.102458	0.176583	0.159583	0.209999		
constrained	4	24	3	query	right_support_move	3	2		12	72	0.140375	0.131042	0.155375	0.065166	0.056417	0.072125	0.212500	0.187459	0.220541		
constrained	4	24	3	query	right_support_move	3	2		24	149	0.143042	0.134875	0.174958	0.084041	0.077875	0.087792	0.227083	0.222667	0.252833		
constrained	4	24	3	query	right_support_move	3	2		23	149	0.163917	0.155958	0.197583	0.082709	0.071125	0.084833	0.248750	0.227083	0.280292		
constrained	4	24	3	query	right_support_move	3	2		24	148	0.168500	0.141000	0.227209	0.110875	0.105084	0.175792	0.279375	0.246084	0.403001		
constrained	4	24	3	query	right_support_move	3	2		48	316	0.171833	0.131583	0.179000	0.170084	0.160792	0.202125	0.339792	0.333708	0.341917		
constrained	4	24	3	query	right_support_move	3	2		24	144	0.203458	0.144750	0.469166	0.189959	0.179167	0.455708	0.393417	0.323917	0.924874		
constrained	4	24	3	query	right_support_move	3	2		48	299	0.158250	0.137500	0.162792	0.148958	0.142291	0.153708	0.305083	0.286458	0.311958		
constrained	4	24	3	query	right_support_move	3	2		16	105	0.146667	0.127208	0.181583	0.121000	0.113167	0.145833	0.267667	0.240375	0.327416		
constrained	4	24	3	query	right_support_move	3	2		8	51	0.143375	0.133750	0.159417	0.097709	0.094917	0.134833	0.241084	0.228667	0.294250		
constrained	4	24	3	query	right_support_move	3	2		4	35	0.099167	0.094541	0.200958	0.084541	0.073791	0.146042	0.179082	0.172958	0.347000		
constrained	4	24	3	query	right_support_move	3	2		7	31	0.138708	0.119459	0.168250	0.330625	0.136084	0.462209	0.450084	0.274792	0.630459		
constrained	4	24	3	query	right_support_move	3	2		6	65	0.135250	0.119250	0.172875	0.074459	0.060792	0.093709	0.209709	0.180042	0.266584		
constrained	4	24	3	query	right_support_move	3	2		6	36	0.116000	0.105833	0.134417	0.083834	0.058500	0.086000	0.202000	0.164333	0.218251		
constrained	4	24	3	query	right_support_move	3	2		26	169	0.123625	0.108791	0.133042	0.095750	0.090791	0.113375	0.222166	0.214416	0.228792		
constrained	4	24	3	query	right_support_move	3	2		20	129	0.157750	0.129959	0.301375	0.090166	0.084375	0.132250	0.247916	0.214334	0.433625		
constrained	4	24	3	query	right_support_move	3	2		3	20	0.114625	0.101250	0.142792	0.066250	0.063250	0.074792	0.180875	0.176042	0.206042		
constrained	4	24	3	query	right_support_move	3	2		3	18	0.118417	0.112458	0.119167	0.052500	0.051416	0.057916	0.171667	0.163874	0.176333		
constrained	4	24	3	query	right_support_move	3	2		24	204	0.119250	0.112750	0.119709	0.087959	0.077916	0.088083	0.207333	0.190666	0.207668		
constrained	4	24	3	query	right_support_move	3	2		12	72	0.161917	0.101834	0.183917	0.055834	0.053584	0.111792	0.237501	0.157668	0.273709		
constrained	4	24	3	query	right_support_move	3	2		12	72	0.130125	0.121708	0.131875	0.059042	0.058084	0.071750	0.189959	0.189167	0.193458		
constrained	4	24	3	query	root_restore	3	1		4	24	0.106625	0.083375	0.118708	0.037292	0.036542	0.038458	0.143917	0.121833	0.155250		
constrained	4	24	3	query	root_restore	3	1		7	42	0.082083	0.078042	0.103125	0.059834	0.059541	0.087042	0.162959	0.141624	0.165084		
constrained	4	24	3	query	root_restore	3	1		4	24	0.088792	0.082042	0.089209	0.041125	0.037959	0.048500	0.129917	0.120001	0.137709		
constrained	4	24	3	query	root_restore	3	1		2	12	0.099334	0.090500	0.168375	0.069209	0.049334	0.075667	0.168543	0.139834	0.244042		
constrained	4	24	3	query	root_restore	3	1		2	12	0.142958	0.108792	0.240917	0.092458	0.061042	0.244916	0.235416	0.169834	0.485833		
constrained	4	24	3	query	root_restore	3	1		0	0	0.110959	0.087375	0.112959	0.109958	0.064458	0.120333	0.222917	0.151833	0.231292		
constrained	4	24	3	query	root_restore	3	1		3	18	0.083083	0.073167	0.083208	0.076167	0.073584	0.096834	0.159250	0.146751	0.180042		
constrained	4	24	3	query	root_restore	3	1		2	12	0.097083	0.085792	0.107541	0.065584	0.060125	0.066458	0.163541	0.145917	0.173125		
constrained	4	24	3	query	root_restore	3	1		2	12	0.107792	0.086000	0.134625	0.062833	0.056500	0.086417	0.170625	0.142500	0.221042		
constrained	4	24	3	query	root_restore	3	1		1	8	0.103834	0.095875	0.141042	0.090125	0.075833	0.099792	0.203626	0.171708	0.231167		
constrained	4	24	3	query	root_restore	3	1		4	16	0.099750	0.084375	0.126042	0.317084	0.099333	0.375917	0.443126	0.199083	0.460292		
constrained	4	24	3	query	root_restore	3	1		3	30	0.097583	0.085042	0.098959	0.051583	0.051125	0.074542	0.149166	0.136167	0.173501		
constrained	4	24	3	query	root_restore	3	1		3	18	0.109458	0.083083	0.171959	0.068875	0.055250	0.085625	0.178333	0.138333	0.257584		
constrained	4	24	3	query	root_restore	3	1		5	30	0.088708	0.081084	0.093667	0.061541	0.060250	0.092334	0.150249	0.141334	0.186001		
constrained	4	24	3	query	root_restore	3	1		4	24	0.073500	0.067959	0.083125	0.045875	0.045000	0.047291	0.120791	0.113834	0.128125		
constrained	4	24	3	query	root_restore	3	1		0	0	0.095166	0.093834	0.142917	0.058542	0.047541	0.097333	0.153708	0.141375	0.240250		
constrained	4	24	3	query	root_restore	3	1		3	18	0.082750	0.071041	0.097333	0.042459	0.037000	0.046125	0.125209	0.108041	0.143458		
constrained	4	24	3	query	root_restore	3	1		4	32	0.073792	0.060375	0.076334	0.043500	0.038833	0.044500	0.117292	0.099208	0.120834		
constrained	4	24	3	query	root_restore	3	1		4	24	0.101291	0.071250	0.118792	0.036875	0.035917	0.059958	0.137208	0.108125	0.178750		
constrained	4	24	3	query	root_restore	3	1		4	24	0.081750	0.079958	0.095541	0.042792	0.040084	0.045750	0.127500	0.122750	0.135625		
constrained	4	24	3	query	root_retract	3	1		4	24	0.068083	0.064791	0.068084	0.039750	0.038375	0.042125	0.106458	0.104541	0.110209		
constrained	4	24	3	query	root_retract	3	1		7	42	0.071250	0.059209	0.086791	0.056708	0.047917	0.061750	0.133000	0.107126	0.143499		
constrained	4	24	3	query	root_retract	3	1		4	24	0.081417	0.079083	0.095875	0.051458	0.040667	0.063000	0.144417	0.119750	0.147333		
constrained	4	24	3	query	root_retract	3	1		0	0	0.104834	0.093917	0.183708	0.076875	0.061250	0.090417	0.170792	0.166084	0.274125		
constrained	4	24	3	query	root_retract	3	1		2	12	0.132667	0.082750	0.270250	0.082750	0.054959	0.451042	0.215417	0.137709	0.721292		
constrained	4	24	3	query	root_retract	3	1		0	0	0.114458	0.086708	0.123125	0.122625	0.072916	0.132167	0.237083	0.159624	0.255292		
constrained	4	24	3	query	root_retract	3	1		3	18	0.076666	0.067875	0.088041	0.084084	0.073334	0.093416	0.160750	0.141209	0.181457		
constrained	4	24	3	query	root_retract	3	1		0	0	0.074000	0.070917	0.093542	0.053750	0.052625	0.074083	0.127750	0.123542	0.167625		
constrained	4	24	3	query	root_retract	3	1		4	24	0.093500	0.087792	0.143417	0.076583	0.069708	0.096041	0.164375	0.163208	0.239458		
constrained	4	24	3	query	root_retract	3	1		0	0	0.134834	0.112458	0.164542	0.083667	0.060833	0.129083	0.218501	0.173291	0.293625		
constrained	4	24	3	query	root_retract	3	1		0	0	0.066000	0.063250	0.096709	0.284042	0.087458	0.299125	0.365125	0.150708	0.380751		
constrained	4	24	3	query	root_retract	3	1		3	30	0.088292	0.086375	0.121125	0.060625	0.059917	0.078833	0.148209	0.147000	0.199958		
constrained	4	24	3	query	root_retract	3	1		3	18	0.228750	0.083750	0.266042	0.067209	0.060459	0.098875	0.327625	0.144209	0.333251		
constrained	4	24	3	query	root_retract	3	1		4	24	0.076084	0.068458	0.088125	0.068667	0.065208	0.100834	0.144751	0.133666	0.188959		
constrained	4	24	3	query	root_retract	3	1		4	24	0.061666	0.057250	0.087084	0.046292	0.046209	0.052334	0.107958	0.103459	0.139418		
constrained	4	24	3	query	root_retract	3	1		0	0	0.061917	0.060667	0.069916	0.044375	0.043166	0.062083	0.106292	0.103833	0.131999		
constrained	4	24	3	query	root_retract	3	1		3	18	0.090083	0.054667	0.150833	0.073291	0.038625	0.125042	0.163374	0.093292	0.275875		
constrained	4	24	3	query	root_retract	3	1		4	32	0.059541	0.053292	0.076250	0.041500	0.039167	0.046459	0.101041	0.092459	0.122709		
constrained	4	24	3	query	root_retract	3	1		4	24	0.072666	0.061834	0.072750	0.038000	0.037750	0.043166	0.110750	0.099584	0.115832		
constrained	4	24	3	query	root_retract	3	1		4	24	0.071417	0.061708	0.073791	0.043042	0.041375	0.043458	0.114875	0.103083	0.116833		
constrained	4	24	3	query	third_side_move	3	1		12	72	0.131625	0.108167	0.138500	0.059500	0.050417	0.084000	0.191125	0.158584	0.222500		
constrained	4	24	3	query	third_side_move	3	1		24	149	0.111541	0.096791	0.116250	0.072958	0.069542	0.076042	0.185792	0.169749	0.187583		
constrained	4	24	3	query	third_side_move	3	1		23	149	0.123667	0.084834	0.126000	0.062541	0.061625	0.124167	0.188541	0.146459	0.247834		
constrained	4	24	3	query	third_side_move	3	1		24	148	0.219750	0.118833	0.374042	0.349500	0.117791	0.581791	0.723542	0.236624	0.801541		
constrained	4	24	3	query	third_side_move	3	1		48	316	0.147791	0.113917	0.175084	0.114375	0.106458	0.307083	0.254249	0.228292	0.482167		
constrained	4	24	3	query	third_side_move	3	1		35	221	0.205375	0.140791	0.256959	0.178834	0.150375	0.250708	0.355750	0.319625	0.507667		
constrained	4	24	3	query	third_side_move	3	1		49	309	0.249875	0.108583	0.348500	0.147292	0.130583	0.198625	0.380458	0.255875	0.547125		
constrained	4	24	3	query	third_side_move	3	1		16	105	0.121042	0.110583	0.131000	0.094083	0.079958	0.111958	0.215125	0.190541	0.242958		
constrained	4	24	3	query	third_side_move	3	1		8	51	0.142417	0.140584	0.351125	0.098125	0.095167	0.642000	0.240542	0.235751	0.993125		
constrained	4	24	3	query	third_side_move	3	1		4	35	0.101917	0.101166	0.345083	0.090833	0.079625	0.127667	0.192750	0.180791	0.472750		
constrained	4	24	3	query	third_side_move	3	1		7	31	0.147958	0.142666	0.175958	0.342500	0.118750	0.598542	0.490458	0.294708	0.741208		
constrained	4	24	3	query	third_side_move	3	1		6	65	0.114167	0.100292	0.149542	0.082542	0.060083	0.088500	0.202667	0.160375	0.232084		
constrained	4	24	3	query	third_side_move	3	1		6	36	0.131541	0.095000	0.278041	0.063959	0.055166	0.069333	0.195500	0.150166	0.347374		
constrained	4	24	3	query	third_side_move	3	1		26	169	0.131208	0.082375	0.153709	0.106250	0.091167	0.110583	0.237458	0.173542	0.264292		
constrained	4	24	3	query	third_side_move	3	1		20	129	0.085958	0.078667	0.137750	0.071958	0.070333	0.076750	0.162708	0.149000	0.209708		
constrained	4	24	3	query	third_side_move	3	1		3	20	0.160250	0.123083	0.165791	0.058500	0.057791	0.061125	0.221375	0.181583	0.223582		
constrained	4	24	3	query	third_side_move	3	1		3	18	0.113000	0.095625	0.137667	0.048250	0.043875	0.048834	0.156875	0.144459	0.185917		
constrained	4	24	3	query	third_side_move	3	1		24	204	0.083667	0.083541	0.098500	0.073000	0.068042	0.073333	0.156874	0.156667	0.166542		
constrained	4	24	3	query	third_side_move	3	1		12	72	0.090125	0.072375	0.112125	0.060459	0.055084	0.068042	0.150584	0.127459	0.180167		
constrained	4	24	3	query	third_side_move	3	1		12	72	0.117167	0.092208	0.118459	0.054000	0.052333	0.089334	0.169500	0.146208	0.207793		
constrained	4	24	3	sqlite-plugin-delta	batch_key_value_move	3	3		4	33	0.533292	0.434041	0.574875	0.009917	0.006000	0.012208	0.543209	0.440041	0.587083		
constrained	4	24	3	sqlite-plugin-delta	clear_edges	3	24		0	0	1.157291	1.050083	1.198458	0.004458	0.003625	0.004583	1.161749	1.053708	1.203041		
constrained	4	24	3	sqlite-plugin-delta	clear_roots	3	7		0	0	0.430584	0.429208	0.542250	0.005250	0.003791	0.007459	0.435834	0.432999	0.549709		
constrained	4	24	3	sqlite-plugin-delta	cycle_break	3	1		1	8	0.148833	0.129542	0.173292	0.005084	0.003916	0.005541	0.154374	0.133458	0.178376		
constrained	4	24	3	sqlite-plugin-delta	cycle_seed	3	6		1	8	0.754625	0.672500	0.802625	0.005041	0.004208	0.005334	0.759959	0.676708	0.807666		
constrained	4	24	3	sqlite-plugin-delta	diamond_path_retract	3	1		1	8	0.139375	0.132125	0.165083	0.004667	0.004125	0.005125	0.144500	0.136250	0.169750		
constrained	4	24	3	sqlite-plugin-delta	duplicate_support	3	1		4	33	0.246375	0.235042	0.247209	0.007333	0.006916	0.007375	0.253291	0.242375	0.254584		
constrained	4	24	3	sqlite-plugin-delta	initial	3	38		4	33	2.067084	1.893667	2.211500	0.020833	0.015666	0.021500	2.087917	1.909333	2.233000		
constrained	4	24	3	sqlite-plugin-delta	retract_one_support	3	1		4	33	0.207334	0.170917	0.214417	0.007666	0.005959	0.009042	0.215000	0.176876	0.223459		
constrained	4	24	3	sqlite-plugin-delta	right_support_move	3	2		4	35	0.406875	0.343125	0.538333	0.007208	0.005833	0.008917	0.414083	0.348958	0.547250		
constrained	4	24	3	sqlite-plugin-delta	root_restore	3	1		1	8	0.227458	0.200125	0.254333	0.004834	0.003958	0.005250	0.232708	0.204083	0.259167		
constrained	4	24	3	sqlite-plugin-delta	root_retract	3	1		0	0	0.142458	0.135584	0.181875	0.003792	0.003542	0.005667	0.146250	0.139126	0.187542		
constrained	4	24	3	sqlite-plugin-delta	third_side_move	3	1		4	35	0.145084	0.133041	0.169000	0.006542	0.005583	0.009666	0.151626	0.138624	0.178666		
constrained	4	24	3	sqlite-plugin-logged	batch_key_value_move	3	3		4	33	0.474709	0.459292	0.490875	0.006042	0.005834	0.007083	0.480543	0.465334	0.497958		
constrained	4	24	3	sqlite-plugin-logged	clear_edges	3	24		0	0	1.212583	1.199000	1.334333	0.003875	0.003750	0.006125	1.216458	1.202750	1.340458		
constrained	4	24	3	sqlite-plugin-logged	clear_roots	3	7		0	0	0.508167	0.475666	0.575416	0.004000	0.003875	0.006458	0.514625	0.479541	0.579416		
constrained	4	24	3	sqlite-plugin-logged	cycle_break	3	1		1	8	0.167792	0.151709	0.172792	0.004042	0.004042	0.007833	0.175625	0.155751	0.176834		
constrained	4	24	3	sqlite-plugin-logged	cycle_seed	3	6		1	8	0.726542	0.711583	0.804083	0.004375	0.004291	0.007250	0.730917	0.715874	0.811333		
constrained	4	24	3	sqlite-plugin-logged	diamond_path_retract	3	1		1	8	0.163625	0.135042	0.192458	0.004125	0.004083	0.006083	0.167750	0.139125	0.198541		
constrained	4	24	3	sqlite-plugin-logged	duplicate_support	3	1		4	33	0.285667	0.228500	0.362375	0.007000	0.006500	0.008417	0.292667	0.235000	0.370792		
constrained	4	24	3	sqlite-plugin-logged	initial	3	38		4	33	2.034166	1.965125	2.115833	0.019750	0.018625	0.046166	2.080332	1.984875	2.134458		
constrained	4	24	3	sqlite-plugin-logged	retract_one_support	3	1		4	33	0.187416	0.178625	0.221333	0.006125	0.005917	0.006541	0.193541	0.184542	0.227874		
constrained	4	24	3	sqlite-plugin-logged	right_support_move	3	2		4	35	0.352000	0.340500	0.450542	0.006042	0.005709	0.007000	0.357709	0.346542	0.457542		
constrained	4	24	3	sqlite-plugin-logged	root_restore	3	1		1	8	0.205375	0.196666	0.277208	0.004333	0.004291	0.020166	0.209666	0.200999	0.297374		
constrained	4	24	3	sqlite-plugin-logged	root_retract	3	1		0	0	0.168041	0.154291	0.290125	0.003541	0.003417	0.006583	0.171582	0.157708	0.296708		
constrained	4	24	3	sqlite-plugin-logged	third_side_move	3	1		4	35	0.147042	0.141625	0.171500	0.011084	0.005708	0.011750	0.158126	0.147333	0.183250		
constrained	4	24	3	sqlite-query	batch_key_value_move	3	3		12	72	0.145416	0.142417	0.153625	0.012000	0.010167	0.015833	0.158250	0.155583	0.165625		
constrained	4	24	3	sqlite-query	batch_key_value_move	3	3		24	149	0.129500	0.124167	0.135583	0.016417	0.016167	0.016583	0.145667	0.140584	0.152166		
constrained	4	24	3	sqlite-query	batch_key_value_move	3	3		23	149	0.163666	0.139625	0.166792	0.020750	0.019125	0.027000	0.187542	0.158750	0.190666		
constrained	4	24	3	sqlite-query	batch_key_value_move	3	3		16	100	0.154750	0.144458	0.189041	0.014625	0.014041	0.018084	0.168791	0.159083	0.207125		
constrained	4	24	3	sqlite-query	batch_key_value_move	3	3		48	316	0.162666	0.149375	0.172208	0.031458	0.031333	0.031875	0.194124	0.180708	0.204083		
constrained	4	24	3	sqlite-query	batch_key_value_move	3	3		24	144	0.159750	0.138125	0.320958	0.019792	0.019458	0.025334	0.179542	0.157583	0.346292		
constrained	4	24	3	sqlite-query	batch_key_value_move	3	3		48	295	0.144708	0.140500	0.190541	0.032333	0.031292	0.037542	0.177041	0.171792	0.228083		
constrained	4	24	3	sqlite-query	batch_key_value_move	3	3		16	105	0.092375	0.091667	0.120458	0.013084	0.012084	0.014167	0.104751	0.104459	0.134625		
constrained	4	24	3	sqlite-query	batch_key_value_move	3	3		8	51	0.109750	0.103000	0.141667	0.010500	0.009625	0.011417	0.119375	0.114417	0.152167		
constrained	4	24	3	sqlite-query	batch_key_value_move	3	3		4	33	0.153833	0.150750	0.216500	0.011625	0.009750	0.022417	0.165458	0.160500	0.238917		
constrained	4	24	3	sqlite-query	batch_key_value_move	3	3		7	31	0.144125	0.140625	0.155583	0.014042	0.013792	0.016292	0.158167	0.156917	0.169375		
constrained	4	24	3	sqlite-query	batch_key_value_move	3	3		6	65	0.140542	0.134166	0.165125	0.010750	0.010750	0.012167	0.151292	0.144916	0.177292		
constrained	4	24	3	sqlite-query	batch_key_value_move	3	3		6	36	0.143625	0.141584	0.172958	0.013000	0.012708	0.021250	0.156625	0.154292	0.194208		
constrained	4	24	3	sqlite-query	batch_key_value_move	3	3		28	183	0.147958	0.141833	0.149666	0.023750	0.023208	0.024333	0.172291	0.165041	0.173416		
constrained	4	24	3	sqlite-query	batch_key_value_move	3	3		21	136	0.143958	0.139125	0.159083	0.020125	0.019958	0.022375	0.163916	0.159250	0.181458		
constrained	4	24	3	sqlite-query	batch_key_value_move	3	3		2	13	0.158834	0.153333	0.164584	0.013209	0.012875	0.026542	0.177793	0.166208	0.185376		
constrained	4	24	3	sqlite-query	batch_key_value_move	3	3		3	18	0.154708	0.153042	0.159250	0.011166	0.009709	0.017125	0.165874	0.162751	0.176375		
constrained	4	24	3	sqlite-query	batch_key_value_move	3	3		24	204	0.145542	0.141667	0.173834	0.031542	0.030750	0.033542	0.177084	0.172417	0.207376		
constrained	4	24	3	sqlite-query	batch_key_value_move	3	3		12	72	0.117541	0.109709	0.127292	0.011583	0.010750	0.016459	0.129124	0.126168	0.138042		
constrained	4	24	3	sqlite-query	batch_key_value_move	3	3		12	72	0.108084	0.106125	0.114500	0.011875	0.009791	0.016500	0.124584	0.115916	0.126375		
constrained	4	24	3	sqlite-query	clear_edges	3	24		0	0	0.152333	0.148792	0.174833	0.004000	0.003833	0.004625	0.156333	0.152625	0.179458		
constrained	4	24	3	sqlite-query	clear_edges	3	24		0	0	0.140708	0.134209	0.171875	0.004250	0.004250	0.004750	0.144958	0.138459	0.176625		
constrained	4	24	3	sqlite-query	clear_edges	3	24		0	0	0.159417	0.154542	0.178583	0.006167	0.006083	0.006417	0.165584	0.160625	0.185000		
constrained	4	24	3	sqlite-query	clear_edges	3	24		0	0	0.152375	0.144333	0.206459	0.003625	0.003625	0.004500	0.156000	0.147958	0.210959		
constrained	4	24	3	sqlite-query	clear_edges	3	24		0	0	0.163166	0.152125	0.190416	0.004708	0.004458	0.005459	0.167874	0.156583	0.195875		
constrained	4	24	3	sqlite-query	clear_edges	3	24		0	0	0.158042	0.155583	0.163917	0.003875	0.003875	0.003917	0.161959	0.159458	0.167792		
constrained	4	24	3	sqlite-query	clear_edges	3	24		0	0	0.168959	0.158792	0.173875	0.006459	0.004291	0.009750	0.178709	0.163083	0.180334		
constrained	4	24	3	sqlite-query	clear_edges	3	24		0	0	0.105042	0.094084	0.124083	0.003709	0.003542	0.003833	0.108751	0.097626	0.127916		
constrained	4	24	3	sqlite-query	clear_edges	3	24		0	0	0.134250	0.118417	0.138500	0.004333	0.004125	0.004459	0.138709	0.122750	0.142625		
constrained	4	24	3	sqlite-query	clear_edges	3	24		0	0	0.153459	0.149084	0.239792	0.003916	0.003666	0.010000	0.157375	0.152750	0.249792		
constrained	4	24	3	sqlite-query	clear_edges	3	24		0	0	0.170167	0.146834	0.183208	0.007666	0.006250	0.008083	0.177833	0.153084	0.191291		
constrained	4	24	3	sqlite-query	clear_edges	3	24		0	0	0.153375	0.142792	0.178542	0.004000	0.003917	0.006084	0.157375	0.146709	0.184626		
constrained	4	24	3	sqlite-query	clear_edges	3	24		0	0	0.150458	0.147791	0.166709	0.006541	0.005625	0.006875	0.156083	0.154666	0.173250		
constrained	4	24	3	sqlite-query	clear_edges	3	24		0	0	0.160708	0.155917	0.178584	0.005917	0.004875	0.006833	0.165583	0.162750	0.184501		
constrained	4	24	3	sqlite-query	clear_edges	3	24		0	0	0.157208	0.152542	0.158125	0.004458	0.004416	0.004459	0.161624	0.157001	0.162583		
constrained	4	24	3	sqlite-query	clear_edges	3	24		0	0	0.160042	0.155166	0.162292	0.004042	0.003916	0.008250	0.166208	0.159208	0.168292		
constrained	4	24	3	sqlite-query	clear_edges	3	24		0	0	0.154833	0.152667	0.156792	0.005709	0.005417	0.006166	0.160542	0.158084	0.162958		
constrained	4	24	3	sqlite-query	clear_edges	3	24		0	0	0.160000	0.157417	0.164666	0.006167	0.005833	0.006583	0.165833	0.163584	0.171249		
constrained	4	24	3	sqlite-query	clear_edges	3	24		0	0	0.118708	0.099167	0.118834	0.004000	0.003792	0.005500	0.122500	0.103167	0.124334		
constrained	4	24	3	sqlite-query	clear_edges	3	24		0	0	0.124292	0.118875	0.125000	0.004083	0.003750	0.004333	0.128625	0.122625	0.129083		
constrained	4	24	3	sqlite-query	clear_roots	3	7		12	72	0.135708	0.134750	0.136583	0.010125	0.009750	0.015584	0.146708	0.145458	0.150334		
constrained	4	24	3	sqlite-query	clear_roots	3	7		24	149	0.129000	0.117500	0.152166	0.015750	0.015584	0.023292	0.144584	0.133250	0.175458		
constrained	4	24	3	sqlite-query	clear_roots	3	7		23	149	0.154583	0.151000	0.158208	0.019583	0.018583	0.033500	0.174166	0.169583	0.191708		
constrained	4	24	3	sqlite-query	clear_roots	3	7		0	0	0.136875	0.126833	0.233375	0.005167	0.005083	0.011000	0.141958	0.132000	0.244375		
constrained	4	24	3	sqlite-query	clear_roots	3	7		48	316	0.138541	0.131167	0.175833	0.031041	0.029125	0.037042	0.169582	0.160292	0.212875		
constrained	4	24	3	sqlite-query	clear_roots	3	7		0	0	0.147708	0.147583	0.170667	0.006125	0.005833	0.006167	0.153833	0.153750	0.176500		
constrained	4	24	3	sqlite-query	clear_roots	3	7		25	154	0.142125	0.140083	0.157375	0.023584	0.018958	0.024417	0.166542	0.159041	0.180959		
constrained	4	24	3	sqlite-query	clear_roots	3	7		0	0	0.137292	0.076500	0.145333	0.005167	0.004917	0.005375	0.142667	0.081667	0.150250		
constrained	4	24	3	sqlite-query	clear_roots	3	7		24	156	0.115958	0.096709	0.119833	0.017583	0.016459	0.019791	0.133541	0.116500	0.136292		
constrained	4	24	3	sqlite-query	clear_roots	3	7		0	0	0.141333	0.132333	0.187167	0.005458	0.005042	0.006542	0.146791	0.137375	0.193709		
constrained	4	24	3	sqlite-query	clear_roots	3	7		0	0	0.137209	0.128709	0.196250	0.018291	0.006667	0.019667	0.155500	0.135376	0.215917		
constrained	4	24	3	sqlite-query	clear_roots	3	7		6	65	0.139375	0.133709	0.160417	0.010792	0.010333	0.011000	0.150375	0.144042	0.171209		
constrained	4	24	3	sqlite-query	clear_roots	3	7		6	36	0.135458	0.132333	0.152292	0.012209	0.012167	0.017208	0.152666	0.144542	0.164459		
constrained	4	24	3	sqlite-query	clear_roots	3	7		23	149	0.145209	0.142958	0.150125	0.018708	0.018291	0.026125	0.168416	0.161666	0.171334		
constrained	4	24	3	sqlite-query	clear_roots	3	7		23	149	0.139417	0.131417	0.167458	0.018916	0.017958	0.018959	0.157375	0.150333	0.186417		
constrained	4	24	3	sqlite-query	clear_roots	3	7		0	0	0.144875	0.143083	0.146167	0.006250	0.005875	0.006833	0.151708	0.149333	0.152042		
constrained	4	24	3	sqlite-query	clear_roots	3	7		3	18	0.141916	0.134500	0.145417	0.009458	0.008625	0.009709	0.151374	0.143125	0.155126		
constrained	4	24	3	sqlite-query	clear_roots	3	7		24	204	0.139833	0.133583	0.148792	0.030584	0.029625	0.032416	0.170417	0.163208	0.181208		
constrained	4	24	3	sqlite-query	clear_roots	3	7		12	72	0.093708	0.083125	0.107083	0.009791	0.009667	0.011458	0.105166	0.092916	0.116750		
constrained	4	24	3	sqlite-query	clear_roots	3	7		12	72	0.106541	0.099375	0.106917	0.009917	0.009083	0.011125	0.116834	0.108458	0.117666		
constrained	4	24	3	sqlite-query	cycle_break	3	1		3	18	0.123959	0.119291	0.125667	0.005208	0.005083	0.005208	0.129167	0.124499	0.130750		
constrained	4	24	3	sqlite-query	cycle_break	3	1		5	30	0.117167	0.113125	0.126042	0.006167	0.006084	0.006208	0.123375	0.119292	0.132126		
constrained	4	24	3	sqlite-query	cycle_break	3	1		3	18	0.147792	0.120709	0.155125	0.007625	0.006833	0.008542	0.155417	0.127542	0.163667		
constrained	4	24	3	sqlite-query	cycle_break	3	1		2	12	0.164083	0.124584	0.165625	0.006208	0.004750	0.006709	0.170291	0.129334	0.172334		
constrained	4	24	3	sqlite-query	cycle_break	3	1		1	6	0.132292	0.122916	0.135625	0.004500	0.004250	0.004542	0.136542	0.127458	0.140125		
constrained	4	24	3	sqlite-query	cycle_break	3	1		0	0	0.130458	0.120834	0.133584	0.004042	0.003583	0.008334	0.134500	0.124417	0.141918		
constrained	4	24	3	sqlite-query	cycle_break	3	1		2	12	0.125333	0.124791	0.184959	0.005208	0.005083	0.041083	0.130541	0.129874	0.226042		
constrained	4	24	3	sqlite-query	cycle_break	3	1		2	12	0.085166	0.073667	0.110459	0.004583	0.004375	0.005167	0.090333	0.078250	0.114834		
constrained	4	24	3	sqlite-query	cycle_break	3	1		1	6	0.086792	0.082125	0.100209	0.004541	0.004250	0.005792	0.091042	0.087917	0.104750		
constrained	4	24	3	sqlite-query	cycle_break	3	1		1	8	0.128250	0.120667	0.161375	0.004916	0.004833	0.007042	0.133166	0.125500	0.168417		
constrained	4	24	3	sqlite-query	cycle_break	3	1		4	16	0.124458	0.118375	0.138084	0.009333	0.009166	0.009792	0.133791	0.127541	0.147876		
constrained	4	24	3	sqlite-query	cycle_break	3	1		2	20	0.127625	0.123083	0.130083	0.007000	0.005458	0.008000	0.133083	0.130083	0.138083		
constrained	4	24	3	sqlite-query	cycle_break	3	1		2	12	0.119583	0.118375	0.128375	0.006916	0.006833	0.007417	0.126499	0.125208	0.135792		
constrained	4	24	3	sqlite-query	cycle_break	3	1		4	24	0.129333	0.128708	0.132875	0.007333	0.006791	0.007375	0.136666	0.135499	0.140250		
constrained	4	24	3	sqlite-query	cycle_break	3	1		3	18	0.128042	0.127667	0.136625	0.006584	0.006208	0.007000	0.135042	0.133875	0.143209		
constrained	4	24	3	sqlite-query	cycle_break	3	1		0	0	0.126958	0.120833	0.127250	0.004917	0.004708	0.005209	0.131666	0.125750	0.132459		
constrained	4	24	3	sqlite-query	cycle_break	3	1		3	18	0.121458	0.117916	0.138000	0.007000	0.006666	0.010250	0.128124	0.124916	0.148250		
constrained	4	24	3	sqlite-query	cycle_break	3	1		3	24	0.130125	0.123542	0.130875	0.009167	0.009000	0.010042	0.139125	0.132709	0.140917		
constrained	4	24	3	sqlite-query	cycle_break	3	1		3	18	0.089875	0.085666	0.098417	0.005084	0.004916	0.005292	0.094959	0.090958	0.103333		
constrained	4	24	3	sqlite-query	cycle_break	3	1		3	18	0.092583	0.089583	0.121542	0.005125	0.004750	0.006208	0.097708	0.094333	0.127750		
constrained	4	24	3	sqlite-query	cycle_seed	3	6		5	30	0.112875	0.111459	0.113875	0.006458	0.006333	0.007000	0.119333	0.117792	0.120875		
constrained	4	24	3	sqlite-query	cycle_seed	3	6		8	48	0.121625	0.108333	0.128375	0.007917	0.007666	0.008750	0.129542	0.115999	0.137125		
constrained	4	24	3	sqlite-query	cycle_seed	3	6		5	30	0.122250	0.120750	0.128250	0.008750	0.008709	0.008958	0.131000	0.129459	0.137208		
constrained	4	24	3	sqlite-query	cycle_seed	3	6		2	12	0.116125	0.114541	0.164167	0.005334	0.005208	0.010917	0.121459	0.119749	0.175084		
constrained	4	24	3	sqlite-query	cycle_seed	3	6		5	30	0.125250	0.115250	0.135333	0.007416	0.006875	0.008708	0.133958	0.122125	0.142749		
constrained	4	24	3	sqlite-query	cycle_seed	3	6		0	0	0.120084	0.117292	0.127292	0.003959	0.003917	0.004125	0.124209	0.121209	0.131251		
constrained	4	24	3	sqlite-query	cycle_seed	3	6		4	24	0.133167	0.112584	0.139959	0.007083	0.006500	0.009166	0.139667	0.119667	0.149125		
constrained	4	24	3	sqlite-query	cycle_seed	3	6		2	12	0.130583	0.116625	0.178125	0.005167	0.004833	0.005333	0.135916	0.121792	0.182958		
constrained	4	24	3	sqlite-query	cycle_seed	3	6		3	18	0.122042	0.120834	0.143167	0.005750	0.005375	0.006000	0.128042	0.126209	0.148917		
constrained	4	24	3	sqlite-query	cycle_seed	3	6		1	8	0.144083	0.141208	0.203417	0.005833	0.005500	0.008125	0.149916	0.146708	0.211542		
constrained	4	24	3	sqlite-query	cycle_seed	3	6		4	16	0.118417	0.114667	0.121166	0.013625	0.010500	0.014000	0.132417	0.125167	0.134791		
constrained	4	24	3	sqlite-query	cycle_seed	3	6		4	40	0.108000	0.101625	0.112500	0.007250	0.007083	0.007625	0.115625	0.108875	0.119583		
constrained	4	24	3	sqlite-query	cycle_seed	3	6		4	24	0.105250	0.099208	0.116167	0.009666	0.008959	0.017584	0.114916	0.108167	0.133751		
constrained	4	24	3	sqlite-query	cycle_seed	3	6		6	36	0.119208	0.114625	0.146084	0.011708	0.009084	0.017250	0.130916	0.123709	0.163334		
constrained	4	24	3	sqlite-query	cycle_seed	3	6		5	30	0.105125	0.101083	0.107625	0.008583	0.008250	0.008584	0.113375	0.109667	0.116208		
constrained	4	24	3	sqlite-query	cycle_seed	3	6		0	0	0.110167	0.101666	0.133041	0.005709	0.005542	0.007875	0.115709	0.107375	0.140916		
constrained	4	24	3	sqlite-query	cycle_seed	3	6		3	18	0.103125	0.097208	0.105083	0.008167	0.007500	0.008334	0.111292	0.104708	0.113417		
constrained	4	24	3	sqlite-query	cycle_seed	3	6		5	40	0.106625	0.105667	0.111708	0.012416	0.012209	0.013125	0.118834	0.118083	0.124833		
constrained	4	24	3	sqlite-query	cycle_seed	3	6		5	30	0.124750	0.105375	0.138292	0.006417	0.006333	0.006834	0.131083	0.111792	0.145126		
constrained	4	24	3	sqlite-query	cycle_seed	3	6		5	30	0.105166	0.103833	0.108917	0.006417	0.006041	0.007583	0.111583	0.109874	0.116500		
constrained	4	24	3	sqlite-query	diamond_path_retract	3	1		4	24	0.127833	0.122625	0.128209	0.005625	0.005583	0.005958	0.133416	0.128250	0.134167		
constrained	4	24	3	sqlite-query	diamond_path_retract	3	1		7	42	0.123625	0.110584	0.126625	0.007167	0.007125	0.007792	0.130792	0.117709	0.134417		
constrained	4	24	3	sqlite-query	diamond_path_retract	3	1		4	24	0.140166	0.123875	0.145042	0.008375	0.007583	0.013291	0.148541	0.131458	0.158333		
constrained	4	24	3	sqlite-query	diamond_path_retract	3	1		2	12	0.131875	0.126500	0.242833	0.005291	0.004875	0.015791	0.137166	0.131375	0.258624		
constrained	4	24	3	sqlite-query	diamond_path_retract	3	1		2	12	0.134667	0.127209	0.137875	0.005666	0.005250	0.005833	0.139917	0.132875	0.143708		
constrained	4	24	3	sqlite-query	diamond_path_retract	3	1		0	0	0.127000	0.126416	0.132583	0.003959	0.003958	0.004791	0.131791	0.130375	0.136541		
constrained	4	24	3	sqlite-query	diamond_path_retract	3	1		3	18	0.131458	0.124875	0.144542	0.005875	0.005750	0.006375	0.137333	0.130625	0.150917		
constrained	4	24	3	sqlite-query	diamond_path_retract	3	1		2	12	0.092250	0.070375	0.092417	0.004708	0.004583	0.004750	0.096958	0.075125	0.097000		
constrained	4	24	3	sqlite-query	diamond_path_retract	3	1		2	12	0.091208	0.081459	0.103042	0.005083	0.004875	0.005458	0.096083	0.086542	0.108500		
constrained	4	24	3	sqlite-query	diamond_path_retract	3	1		1	8	0.125125	0.124625	0.170500	0.005500	0.005000	0.005792	0.130625	0.129625	0.176292		
constrained	4	24	3	sqlite-query	diamond_path_retract	3	1		4	16	0.131167	0.122750	0.136666	0.010459	0.009750	0.011791	0.141626	0.132500	0.148457		
constrained	4	24	3	sqlite-query	diamond_path_retract	3	1		3	30	0.126667	0.125667	0.131083	0.006458	0.006292	0.013666	0.133125	0.131959	0.144749		
constrained	4	24	3	sqlite-query	diamond_path_retract	3	1		3	18	0.127875	0.125208	0.144625	0.008250	0.007833	0.010125	0.136125	0.133041	0.154750		
constrained	4	24	3	sqlite-query	diamond_path_retract	3	1		5	30	0.137584	0.131583	0.164250	0.009291	0.007875	0.025292	0.146875	0.139458	0.189542		
constrained	4	24	3	sqlite-query	diamond_path_retract	3	1		4	24	0.129416	0.127250	0.132042	0.007333	0.007125	0.012958	0.139167	0.134583	0.142374		
constrained	4	24	3	sqlite-query	diamond_path_retract	3	1		0	0	0.128250	0.127292	0.146709	0.005208	0.004917	0.006042	0.133458	0.132209	0.152751		
constrained	4	24	3	sqlite-query	diamond_path_retract	3	1		3	18	0.124000	0.120417	0.124625	0.007500	0.007250	0.008166	0.131500	0.127667	0.132791		
constrained	4	24	3	sqlite-query	diamond_path_retract	3	1		4	32	0.128667	0.126542	0.135416	0.010458	0.010291	0.012292	0.138958	0.137000	0.147708		
constrained	4	24	3	sqlite-query	diamond_path_retract	3	1		4	24	0.100041	0.076500	0.109208	0.005750	0.005333	0.007334	0.105374	0.082250	0.116542		
constrained	4	24	3	sqlite-query	diamond_path_retract	3	1		4	24	0.092208	0.091542	0.115500	0.005709	0.005333	0.006500	0.097917	0.096875	0.122000		
constrained	4	24	3	sqlite-query	duplicate_support	3	1		13	78	0.151875	0.146625	0.161583	0.012000	0.011959	0.014541	0.166416	0.158584	0.173583		
constrained	4	24	3	sqlite-query	duplicate_support	3	1		25	155	0.137084	0.130333	0.214834	0.018125	0.017834	0.020125	0.155209	0.148167	0.234959		
constrained	4	24	3	sqlite-query	duplicate_support	3	1		24	155	0.149333	0.141333	0.157542	0.020666	0.020583	0.022792	0.169916	0.161999	0.180334		
constrained	4	24	3	sqlite-query	duplicate_support	3	1		17	106	0.148625	0.147750	0.179584	0.018334	0.015709	0.023000	0.166084	0.164334	0.202584		
constrained	4	24	3	sqlite-query	duplicate_support	3	1		56	366	0.202542	0.160708	0.240334	0.043708	0.041750	0.046125	0.248667	0.202458	0.284042		
constrained	4	24	3	sqlite-query	duplicate_support	3	1		25	150	0.172583	0.166417	0.176292	0.028209	0.022250	0.034625	0.198542	0.194626	0.207208		
constrained	4	24	3	sqlite-query	duplicate_support	3	1		50	307	0.162375	0.148750	0.167500	0.034833	0.034375	0.049292	0.196750	0.183583	0.216792		
constrained	4	24	3	sqlite-query	duplicate_support	3	1		17	111	0.098500	0.097083	0.133000	0.016583	0.013666	0.017250	0.115083	0.110749	0.150250		
constrained	4	24	3	sqlite-query	duplicate_support	3	1		8	51	0.122542	0.109417	0.137375	0.013834	0.012667	0.015833	0.136376	0.122084	0.153208		
constrained	4	24	3	sqlite-query	duplicate_support	3	1		4	33	0.144875	0.144250	0.164625	0.012209	0.011791	0.017500	0.157084	0.156041	0.182125		
constrained	4	24	3	sqlite-query	duplicate_support	3	1		7	31	0.153792	0.140833	0.168041	0.017250	0.017042	0.036500	0.171042	0.157875	0.204541		
constrained	4	24	3	sqlite-query	duplicate_support	3	1		6	65	0.142083	0.139167	0.147833	0.011917	0.011917	0.012125	0.154208	0.151084	0.159750		
constrained	4	24	3	sqlite-query	duplicate_support	3	1		6	36	0.143542	0.139167	0.143708	0.020291	0.014667	0.026000	0.163833	0.158375	0.165167		
constrained	4	24	3	sqlite-query	duplicate_support	3	1		29	189	0.155125	0.141166	0.157000	0.033000	0.025625	0.045833	0.188125	0.166791	0.202833		
constrained	4	24	3	sqlite-query	duplicate_support	3	1		22	142	0.146083	0.136208	0.154708	0.022500	0.022167	0.022541	0.168250	0.158708	0.177249		
constrained	4	24	3	sqlite-query	duplicate_support	3	1		2	13	0.160917	0.145583	0.171667	0.012291	0.012042	0.015291	0.176208	0.157874	0.183709		
constrained	4	24	3	sqlite-query	duplicate_support	3	1		3	18	0.167667	0.166792	0.187708	0.012250	0.011916	0.034125	0.179583	0.179042	0.221833		
constrained	4	24	3	sqlite-query	duplicate_support	3	1		25	212	0.149000	0.146208	0.161208	0.042875	0.035042	0.043666	0.189083	0.184042	0.204874		
constrained	4	24	3	sqlite-query	duplicate_support	3	1		13	78	0.112542	0.105250	0.121875	0.014083	0.011625	0.015750	0.128292	0.119333	0.133500		
constrained	4	24	3	sqlite-query	duplicate_support	3	1		13	78	0.108459	0.102166	0.121084	0.011459	0.011125	0.013916	0.119918	0.113291	0.135000		
constrained	4	24	3	sqlite-query	initial	3	38		13	78	0.227541	0.226083	0.261792	0.023459	0.022334	0.027292	0.254833	0.249542	0.284126		
constrained	4	24	3	sqlite-query	initial	3	38		24	148	0.235417	0.209792	0.244750	0.030250	0.029375	0.033375	0.265667	0.239167	0.278125		
constrained	4	24	3	sqlite-query	initial	3	38		24	155	0.229000	0.214000	0.240834	0.036250	0.032375	0.038541	0.267541	0.246375	0.277084		
constrained	4	24	3	sqlite-query	initial	3	38		16	100	0.240167	0.232333	0.305542	0.032375	0.030375	0.042542	0.272542	0.262708	0.348084		
constrained	4	24	3	sqlite-query	initial	3	38		52	338	0.223292	0.221000	0.604917	0.052125	0.048833	0.095583	0.273125	0.272125	0.700500		
constrained	4	24	3	sqlite-query	initial	3	38		24	144	0.309875	0.235416	0.627375	0.048375	0.042875	0.059208	0.369083	0.278291	0.675750		
constrained	4	24	3	sqlite-query	initial	3	38		48	295	0.237041	0.212833	0.719000	0.057875	0.057417	0.071833	0.294458	0.270708	0.790833		
constrained	4	24	3	sqlite-query	initial	3	38		16	104	0.247083	0.232166	0.493208	0.034125	0.033125	0.034709	0.281792	0.265291	0.527333		
constrained	4	24	3	sqlite-query	initial	3	38		8	51	0.244459	0.232667	0.244584	0.028083	0.027500	0.030833	0.271959	0.263500	0.272667		
constrained	4	24	3	sqlite-query	initial	3	38		4	33	0.256625	0.227333	0.265750	0.034250	0.033708	0.040167	0.290875	0.261041	0.305917		
constrained	4	24	3	sqlite-query	initial	3	38		7	31	0.227458	0.220833	0.228833	0.045542	0.041417	0.053875	0.268875	0.266375	0.282708		
constrained	4	24	3	sqlite-query	initial	3	38		6	65	0.221542	0.214208	0.244417	0.027250	0.026500	0.027625	0.248042	0.241458	0.272042		
constrained	4	24	3	sqlite-query	initial	3	38		6	36	0.215000	0.211375	0.218083	0.035417	0.033500	0.037167	0.250417	0.248542	0.251583		
constrained	4	24	3	sqlite-query	initial	3	38		29	189	0.232292	0.219084	0.234250	0.043541	0.043000	0.044292	0.276584	0.262084	0.277791		
constrained	4	24	3	sqlite-query	initial	3	38		22	142	0.224042	0.212500	0.253750	0.039333	0.038459	0.040209	0.263375	0.252709	0.292209		
constrained	4	24	3	sqlite-query	initial	3	38		2	13	0.221000	0.214125	0.257250	0.031000	0.027334	0.036000	0.257000	0.241459	0.288250		
constrained	4	24	3	sqlite-query	initial	3	38		3	18	0.222625	0.220875	0.242625	0.027292	0.027250	0.035875	0.256750	0.249875	0.269917		
constrained	4	24	3	sqlite-query	initial	3	38		24	203	0.231917	0.221792	0.247167	0.064291	0.060917	0.072917	0.296208	0.282709	0.320084		
constrained	4	24	3	sqlite-query	initial	3	38		13	78	0.225375	0.220042	0.255292	0.028458	0.026459	0.029541	0.254916	0.248500	0.281751		
constrained	4	24	3	sqlite-query	initial	3	38		13	78	0.217000	0.211375	0.221625	0.025333	0.024833	0.029584	0.242333	0.236208	0.251209		
constrained	4	24	3	sqlite-query	retract_one_support	3	1		13	78	0.139584	0.132083	0.141958	0.010959	0.010833	0.013166	0.150417	0.143042	0.155124		
constrained	4	24	3	sqlite-query	retract_one_support	3	1		24	148	0.130958	0.114959	0.151792	0.016917	0.016375	0.017958	0.147333	0.131876	0.169750		
constrained	4	24	3	sqlite-query	retract_one_support	3	1		24	155	0.133000	0.131750	0.143083	0.035583	0.019541	0.040542	0.167333	0.152541	0.183625		
constrained	4	24	3	sqlite-query	retract_one_support	3	1		16	100	0.143208	0.139625	0.173959	0.014917	0.014333	0.017666	0.160874	0.153958	0.188876		
constrained	4	24	3	sqlite-query	retract_one_support	3	1		52	338	0.192459	0.155709	0.209334	0.037084	0.036458	0.038500	0.230959	0.192793	0.245792		
constrained	4	24	3	sqlite-query	retract_one_support	3	1		24	144	0.191875	0.139459	0.420875	0.022875	0.019667	0.037917	0.214750	0.159126	0.458792		
constrained	4	24	3	sqlite-query	retract_one_support	3	1		48	295	0.137833	0.137167	0.222917	0.031875	0.031459	0.051750	0.169708	0.168626	0.274667		
constrained	4	24	3	sqlite-query	retract_one_support	3	1		16	104	0.084625	0.081791	0.110250	0.012625	0.012584	0.016084	0.097209	0.094416	0.126334		
constrained	4	24	3	sqlite-query	retract_one_support	3	1		8	51	0.102000	0.100834	0.132583	0.011541	0.010375	0.014625	0.112375	0.112375	0.147208		
constrained	4	24	3	sqlite-query	retract_one_support	3	1		4	33	0.153500	0.145459	0.203750	0.012667	0.011500	0.020791	0.174291	0.158126	0.215250		
constrained	4	24	3	sqlite-query	retract_one_support	3	1		7	31	0.135417	0.131250	0.165333	0.015917	0.013917	0.016833	0.152250	0.145167	0.181250		
constrained	4	24	3	sqlite-query	retract_one_support	3	1		6	65	0.136625	0.123875	0.138250	0.011250	0.011208	0.017917	0.149458	0.135125	0.154542		
constrained	4	24	3	sqlite-query	retract_one_support	3	1		6	36	0.141791	0.139958	0.145250	0.014375	0.013042	0.021042	0.156166	0.153000	0.166292		
constrained	4	24	3	sqlite-query	retract_one_support	3	1		29	189	0.154291	0.133916	0.158917	0.025167	0.023917	0.026250	0.180541	0.157833	0.184084		
constrained	4	24	3	sqlite-query	retract_one_support	3	1		22	142	0.139375	0.133083	0.141708	0.020792	0.020666	0.027375	0.162500	0.153749	0.166750		
constrained	4	24	3	sqlite-query	retract_one_support	3	1		2	13	0.144291	0.143667	0.149042	0.013041	0.011041	0.013334	0.157332	0.154708	0.162376		
constrained	4	24	3	sqlite-query	retract_one_support	3	1		3	18	0.149375	0.142500	0.184625	0.012041	0.009875	0.015250	0.161416	0.152375	0.199875		
constrained	4	24	3	sqlite-query	retract_one_support	3	1		24	203	0.142000	0.139708	0.160291	0.032333	0.031916	0.056916	0.173916	0.172041	0.217207		
constrained	4	24	3	sqlite-query	retract_one_support	3	1		13	78	0.104208	0.092917	0.104667	0.014375	0.013125	0.017417	0.118583	0.106042	0.122084		
constrained	4	24	3	sqlite-query	retract_one_support	3	1		13	78	0.099375	0.097500	0.106417	0.010458	0.010167	0.012834	0.109833	0.107667	0.119251		
constrained	4	24	3	sqlite-query	right_support_move	3	2		12	72	0.141666	0.135167	0.160291	0.011042	0.010041	0.012083	0.153749	0.145208	0.171333		
constrained	4	24	3	sqlite-query	right_support_move	3	2		24	149	0.129125	0.117333	0.130125	0.016042	0.016000	0.024958	0.146167	0.133333	0.154083		
constrained	4	24	3	sqlite-query	right_support_move	3	2		23	149	0.152833	0.139250	0.153958	0.020167	0.019167	0.029375	0.174125	0.158417	0.182208		
constrained	4	24	3	sqlite-query	right_support_move	3	2		24	148	0.151125	0.136083	0.181959	0.018291	0.018250	0.020083	0.171208	0.154333	0.200250		
constrained	4	24	3	sqlite-query	right_support_move	3	2		48	316	0.163417	0.134500	0.206125	0.031167	0.029833	0.032708	0.194584	0.164333	0.238833		
constrained	4	24	3	sqlite-query	right_support_move	3	2		24	144	0.135916	0.132542	0.553750	0.020334	0.019708	0.023292	0.156250	0.152250	0.577042		
constrained	4	24	3	sqlite-query	right_support_move	3	2		48	299	0.140125	0.136209	0.179917	0.032500	0.032208	0.033375	0.172625	0.168417	0.213292		
constrained	4	24	3	sqlite-query	right_support_move	3	2		16	105	0.087500	0.085917	0.160750	0.012417	0.012042	0.012500	0.099917	0.097959	0.173250		
constrained	4	24	3	sqlite-query	right_support_move	3	2		8	51	0.100875	0.094875	0.115916	0.011375	0.009334	0.013625	0.110209	0.106250	0.129541		
constrained	4	24	3	sqlite-query	right_support_move	3	2		4	35	0.140708	0.128125	0.204625	0.017916	0.012166	0.018791	0.158624	0.140291	0.223416		
constrained	4	24	3	sqlite-query	right_support_move	3	2		7	31	0.144375	0.130375	0.148250	0.014208	0.013917	0.039042	0.158292	0.144583	0.187292		
constrained	4	24	3	sqlite-query	right_support_move	3	2		6	65	0.135375	0.124625	0.137125	0.010666	0.010625	0.010875	0.146250	0.135291	0.147750		
constrained	4	24	3	sqlite-query	right_support_move	3	2		6	36	0.132709	0.129542	0.149041	0.012583	0.012292	0.014417	0.145001	0.142125	0.163458		
constrained	4	24	3	sqlite-query	right_support_move	3	2		26	169	0.133500	0.131791	0.136792	0.022125	0.022042	0.022250	0.155750	0.153833	0.158917		
constrained	4	24	3	sqlite-query	right_support_move	3	2		20	129	0.136417	0.130708	0.140375	0.020500	0.019208	0.029000	0.156917	0.149916	0.169375		
constrained	4	24	3	sqlite-query	right_support_move	3	2		3	20	0.150625	0.139000	0.169583	0.019917	0.014084	0.038500	0.177500	0.164709	0.189500		
constrained	4	24	3	sqlite-query	right_support_move	3	2		3	18	0.142792	0.133083	0.149250	0.010667	0.009208	0.021959	0.159917	0.142291	0.164751		
constrained	4	24	3	sqlite-query	right_support_move	3	2		24	204	0.137542	0.137292	0.148416	0.030834	0.030083	0.034500	0.168126	0.167625	0.182916		
constrained	4	24	3	sqlite-query	right_support_move	3	2		12	72	0.110125	0.097083	0.113667	0.011250	0.011167	0.014459	0.124584	0.108250	0.124917		
constrained	4	24	3	sqlite-query	right_support_move	3	2		12	72	0.106959	0.098875	0.131041	0.011583	0.009333	0.013500	0.118542	0.108208	0.144541		
constrained	4	24	3	sqlite-query	root_restore	3	1		4	24	0.125166	0.122833	0.127708	0.005583	0.005458	0.005625	0.130624	0.128416	0.133333		
constrained	4	24	3	sqlite-query	root_restore	3	1		7	42	0.120292	0.113459	0.123833	0.006875	0.006667	0.008209	0.128501	0.120126	0.130708		
constrained	4	24	3	sqlite-query	root_restore	3	1		4	24	0.131500	0.125709	0.152375	0.007833	0.007208	0.028125	0.139333	0.132917	0.180500		
constrained	4	24	3	sqlite-query	root_restore	3	1		2	12	0.197417	0.123375	0.444583	0.009000	0.004917	0.012458	0.209875	0.128292	0.453583		
constrained	4	24	3	sqlite-query	root_restore	3	1		2	12	0.134875	0.130791	0.178500	0.005042	0.004833	0.005083	0.139958	0.135624	0.183542		
constrained	4	24	3	sqlite-query	root_restore	3	1		0	0	0.125791	0.121667	0.126416	0.003709	0.003625	0.003833	0.129624	0.125376	0.130041		
constrained	4	24	3	sqlite-query	root_restore	3	1		3	18	0.153750	0.128292	0.184750	0.005542	0.005542	0.007750	0.159292	0.133834	0.192500		
constrained	4	24	3	sqlite-query	root_restore	3	1		2	12	0.076375	0.073667	0.101875	0.004625	0.004584	0.004667	0.081042	0.078292	0.106459		
constrained	4	24	3	sqlite-query	root_restore	3	1		2	12	0.103041	0.094167	0.116167	0.005042	0.004875	0.005083	0.108124	0.099042	0.121209		
constrained	4	24	3	sqlite-query	root_restore	3	1		1	8	0.122208	0.121333	0.168916	0.005375	0.005000	0.008541	0.127208	0.126708	0.177457		
constrained	4	24	3	sqlite-query	root_restore	3	1		4	16	0.126125	0.124584	0.126875	0.010167	0.009250	0.010250	0.136292	0.133834	0.137125		
constrained	4	24	3	sqlite-query	root_restore	3	1		3	30	0.121833	0.120875	0.127167	0.006375	0.006167	0.006708	0.128541	0.127250	0.133334		
constrained	4	24	3	sqlite-query	root_restore	3	1		3	18	0.124792	0.122667	0.132041	0.007708	0.007583	0.008209	0.132375	0.130375	0.140250		
constrained	4	24	3	sqlite-query	root_restore	3	1		5	30	0.130250	0.127583	0.140500	0.008584	0.007666	0.008833	0.137916	0.136167	0.149333		
constrained	4	24	3	sqlite-query	root_restore	3	1		4	24	0.129000	0.128792	0.132250	0.007334	0.007166	0.007500	0.136334	0.136292	0.139416		
constrained	4	24	3	sqlite-query	root_restore	3	1		0	0	0.128333	0.125916	0.145959	0.005375	0.004958	0.005500	0.133833	0.130874	0.151334		
constrained	4	24	3	sqlite-query	root_restore	3	1		3	18	0.136917	0.127541	0.146583	0.007250	0.006958	0.009500	0.144167	0.134499	0.156083		
constrained	4	24	3	sqlite-query	root_restore	3	1		4	32	0.131333	0.121791	0.132250	0.010166	0.009875	0.010584	0.141917	0.131666	0.142416		
constrained	4	24	3	sqlite-query	root_restore	3	1		4	24	0.085542	0.077916	0.097791	0.005417	0.005250	0.005750	0.091292	0.083333	0.103041		
constrained	4	24	3	sqlite-query	root_restore	3	1		4	24	0.090458	0.090375	0.092833	0.005459	0.005125	0.009709	0.095917	0.095500	0.102542		
constrained	4	24	3	sqlite-query	root_retract	3	1		4	24	0.127000	0.126166	0.131833	0.005791	0.005458	0.005875	0.132458	0.132041	0.137624		
constrained	4	24	3	sqlite-query	root_retract	3	1		7	42	0.119750	0.108792	0.129208	0.006917	0.006625	0.007584	0.126667	0.115417	0.136792		
constrained	4	24	3	sqlite-query	root_retract	3	1		4	24	0.133833	0.124417	0.136458	0.008333	0.007417	0.015334	0.142166	0.131834	0.151792		
constrained	4	24	3	sqlite-query	root_retract	3	1		0	0	0.147958	0.122541	0.212125	0.009208	0.003750	0.032208	0.157166	0.126291	0.244333		
constrained	4	24	3	sqlite-query	root_retract	3	1		2	12	0.131334	0.129208	0.136583	0.005084	0.004875	0.005291	0.136625	0.134292	0.141458		
constrained	4	24	3	sqlite-query	root_retract	3	1		0	0	0.131125	0.129708	0.143000	0.003792	0.003750	0.003833	0.134917	0.133541	0.146750		
constrained	4	24	3	sqlite-query	root_retract	3	1		3	18	0.147625	0.126250	0.209958	0.005709	0.005666	0.012291	0.159916	0.131916	0.215667		
constrained	4	24	3	sqlite-query	root_retract	3	1		0	0	0.088333	0.071125	0.091416	0.003666	0.003625	0.005209	0.093542	0.074791	0.095041		
constrained	4	24	3	sqlite-query	root_retract	3	1		4	24	0.091833	0.090167	0.101583	0.005875	0.005833	0.011833	0.102000	0.097708	0.107416		
constrained	4	24	3	sqlite-query	root_retract	3	1		0	0	0.124625	0.124209	0.192250	0.004125	0.003792	0.009334	0.128750	0.128001	0.201584		
constrained	4	24	3	sqlite-query	root_retract	3	1		0	0	0.130334	0.124917	0.132292	0.006584	0.006167	0.006833	0.137167	0.131084	0.138876		
constrained	4	24	3	sqlite-query	root_retract	3	1		3	30	0.125750	0.118917	0.141667	0.006375	0.006208	0.006375	0.131958	0.125292	0.148042		
constrained	4	24	3	sqlite-query	root_retract	3	1		3	18	0.121833	0.119916	0.135125	0.007584	0.007583	0.008416	0.129417	0.127499	0.143541		
constrained	4	24	3	sqlite-query	root_retract	3	1		4	24	0.131375	0.124333	0.159209	0.007417	0.007042	0.008583	0.138417	0.131750	0.167792		
constrained	4	24	3	sqlite-query	root_retract	3	1		4	24	0.130333	0.128000	0.151083	0.006959	0.006917	0.007167	0.137292	0.134917	0.158250		
constrained	4	24	3	sqlite-query	root_retract	3	1		0	0	0.127583	0.124916	0.141708	0.004666	0.004375	0.008208	0.131958	0.129582	0.149916		
constrained	4	24	3	sqlite-query	root_retract	3	1		3	18	0.136833	0.124792	0.342500	0.007250	0.007084	0.015958	0.152791	0.132042	0.349584		
constrained	4	24	3	sqlite-query	root_retract	3	1		4	32	0.131000	0.123083	0.139084	0.010375	0.010084	0.010750	0.141375	0.133167	0.149834		
constrained	4	24	3	sqlite-query	root_retract	3	1		4	24	0.089584	0.074833	0.100083	0.005625	0.005292	0.006042	0.095626	0.080458	0.105375		
constrained	4	24	3	sqlite-query	root_retract	3	1		4	24	0.092417	0.090708	0.102708	0.005459	0.005208	0.006334	0.097876	0.095916	0.109042		
constrained	4	24	3	sqlite-query	third_side_move	3	1		12	72	0.137000	0.131250	0.139666	0.010459	0.009791	0.011583	0.148583	0.141041	0.150125		
constrained	4	24	3	sqlite-query	third_side_move	3	1		24	149	0.120583	0.116208	0.169250	0.016083	0.015625	0.022625	0.136666	0.131833	0.191875		
constrained	4	24	3	sqlite-query	third_side_move	3	1		23	149	0.158375	0.134375	0.172916	0.019792	0.018792	0.021709	0.180084	0.153167	0.192708		
constrained	4	24	3	sqlite-query	third_side_move	3	1		24	148	0.140875	0.128000	0.229958	0.017792	0.017208	0.021000	0.158083	0.145792	0.250958		
constrained	4	24	3	sqlite-query	third_side_move	3	1		48	316	0.147791	0.129041	0.160125	0.029791	0.029333	0.037083	0.177582	0.158374	0.197208		
constrained	4	24	3	sqlite-query	third_side_move	3	1		35	221	0.149167	0.136417	0.150916	0.030875	0.030541	0.032167	0.181334	0.167292	0.181457		
constrained	4	24	3	sqlite-query	third_side_move	3	1		49	309	0.134375	0.131375	0.164041	0.032709	0.032083	0.033834	0.168209	0.163458	0.196750		
constrained	4	24	3	sqlite-query	third_side_move	3	1		16	105	0.112000	0.073042	0.177291	0.011833	0.011333	0.014292	0.123333	0.084875	0.191583		
constrained	4	24	3	sqlite-query	third_side_move	3	1		8	51	0.096958	0.091042	0.144750	0.010208	0.009167	0.015583	0.106625	0.106125	0.154958		
constrained	4	24	3	sqlite-query	third_side_move	3	1		4	35	0.159292	0.140500	0.180875	0.012042	0.010500	0.013875	0.171334	0.151000	0.194750		
constrained	4	24	3	sqlite-query	third_side_move	3	1		7	31	0.140125	0.131333	0.157458	0.015625	0.013208	0.022542	0.153333	0.146958	0.180000		
constrained	4	24	3	sqlite-query	third_side_move	3	1		6	65	0.132125	0.129667	0.140208	0.010458	0.010250	0.014875	0.142375	0.140125	0.155083		
constrained	4	24	3	sqlite-query	third_side_move	3	1		6	36	0.129416	0.128584	0.139292	0.012750	0.012417	0.023041	0.151625	0.141833	0.152042		
constrained	4	24	3	sqlite-query	third_side_move	3	1		26	169	0.131458	0.127083	0.133333	0.021625	0.021417	0.022000	0.153458	0.148500	0.154958		
constrained	4	24	3	sqlite-query	third_side_move	3	1		20	129	0.142541	0.132500	0.152833	0.019625	0.019542	0.036125	0.172458	0.152042	0.178666		
constrained	4	24	3	sqlite-query	third_side_move	3	1		3	20	0.161250	0.141333	0.167458	0.013125	0.012625	0.013167	0.173875	0.154458	0.180625		
constrained	4	24	3	sqlite-query	third_side_move	3	1		3	18	0.133167	0.129417	0.154875	0.009250	0.008833	0.011250	0.142417	0.138250	0.166125		
constrained	4	24	3	sqlite-query	third_side_move	3	1		24	204	0.136500	0.132917	0.146917	0.030791	0.030000	0.035542	0.166500	0.163708	0.182459		
constrained	4	24	3	sqlite-query	third_side_move	3	1		12	72	0.092417	0.083584	0.118375	0.010125	0.010042	0.010375	0.102792	0.093709	0.128417		
constrained	4	24	3	sqlite-query	third_side_move	3	1		12	72	0.105333	0.094166	0.110917	0.010667	0.009333	0.011167	0.116500	0.103499	0.121584		
constrained	4	24	3	swi-circuit	batch_key_value_move	3	3		12	72	0.016928	0.013113	0.017881	0.007153	0.006914	0.008106	0.025034	0.020027	0.025034		
constrained	4	24	3	swi-circuit	batch_key_value_move	3	3		24	149	0.013828	0.012875	0.015974	0.012159	0.011921	0.013113	0.026941	0.025034	0.027895		
constrained	4	24	3	swi-circuit	batch_key_value_move	3	3		23	149	0.013828	0.013113	0.014067	0.005007	0.005007	0.005007	0.018835	0.018120	0.019073		
constrained	4	24	3	swi-circuit	batch_key_value_move	3	3		16	100	0.014067	0.013828	0.015020	0.009060	0.008821	0.009060	0.022888	0.022888	0.024080		
constrained	4	24	3	swi-circuit	batch_key_value_move	3	3		48	316	0.014067	0.014067	0.035048	0.013828	0.012875	0.020981	0.027895	0.026941	0.056028		
constrained	4	24	3	swi-circuit	batch_key_value_move	3	3		24	144	0.014067	0.013828	0.126123	0.008106	0.007868	0.045776	0.021935	0.021935	0.171900		
constrained	4	24	3	swi-circuit	batch_key_value_move	3	3		48	295	0.014782	0.013113	0.022173	0.014067	0.013113	0.016928	0.028849	0.026226	0.039101		
constrained	4	24	3	swi-circuit	batch_key_value_move	3	3		16	105	0.015020	0.015020	0.016928	0.007153	0.006914	0.007153	0.022173	0.021935	0.024080		
constrained	4	24	3	swi-circuit	batch_key_value_move	3	3		8	51	0.015020	0.012875	0.016928	0.004053	0.003099	0.004053	0.019073	0.015974	0.020981		
constrained	4	24	3	swi-circuit	batch_key_value_move	3	3		4	33	0.017881	0.015020	0.022173	0.017881	0.016928	0.030994	0.040054	0.031948	0.048876		
constrained	4	24	3	swi-circuit	batch_key_value_move	3	3		7	31	0.017166	0.017166	0.020027	0.020981	0.019789	0.020981	0.038147	0.036955	0.041008		
constrained	4	24	3	swi-circuit	batch_key_value_move	3	3		6	65	0.012875	0.012875	0.013113	0.014067	0.012875	0.014067	0.026941	0.025988	0.026941		
constrained	4	24	3	swi-circuit	batch_key_value_move	3	3		6	36	0.016928	0.013828	0.020981	0.015020	0.012159	0.015974	0.031948	0.025988	0.036955		
constrained	4	24	3	swi-circuit	batch_key_value_move	3	3		28	183	0.015974	0.015020	0.015974	0.013113	0.010967	0.015020	0.029087	0.026941	0.030041		
constrained	4	24	3	swi-circuit	batch_key_value_move	3	3		21	136	0.015974	0.015020	0.015974	0.010014	0.010014	0.010014	0.025988	0.025034	0.025988		
constrained	4	24	3	swi-circuit	batch_key_value_move	3	3		2	13	0.015974	0.015974	0.015974	0.005007	0.005007	0.005960	0.020981	0.020981	0.021935		
constrained	4	24	3	swi-circuit	batch_key_value_move	3	3		3	18	0.015974	0.015974	0.015974	0.015974	0.015020	0.016928	0.031948	0.030994	0.032902		
constrained	4	24	3	swi-circuit	batch_key_value_move	3	3		24	204	0.015974	0.014067	0.016928	0.016212	0.015974	0.016928	0.032902	0.030041	0.033140		
constrained	4	24	3	swi-circuit	batch_key_value_move	3	3		12	72	0.015974	0.015020	0.015974	0.003815	0.003815	0.004053	0.019789	0.019073	0.019789		
constrained	4	24	3	swi-circuit	batch_key_value_move	3	3		12	72	0.015974	0.012875	0.016212	0.004053	0.003815	0.004053	0.020027	0.016928	0.020027		
constrained	4	24	3	swi-circuit	clear_edges	3	24		0	0	0.044107	0.043154	0.048876	0.000954	0.000954	0.000954	0.045061	0.044107	0.049829		
constrained	4	24	3	swi-circuit	clear_edges	3	24		0	0	0.045061	0.044107	0.066042	0.000954	0.000954	0.001907	0.046015	0.045061	0.067949		
constrained	4	24	3	swi-circuit	clear_edges	3	24		0	0	0.042915	0.041962	0.047922	0.000954	0.000954	0.001192	0.044107	0.042915	0.048876		
constrained	4	24	3	swi-circuit	clear_edges	3	24		0	0	0.045061	0.043869	0.046015	0.000954	0.000954	0.000954	0.046015	0.044823	0.046968		
constrained	4	24	3	swi-circuit	clear_edges	3	24		0	0	0.047922	0.046968	0.048876	0.000954	0.000954	0.001192	0.048876	0.047922	0.050068		
constrained	4	24	3	swi-circuit	clear_edges	3	24		0	0	0.047922	0.046968	0.058174	0.000954	0.000954	0.001907	0.048876	0.047922	0.060081		
constrained	4	24	3	swi-circuit	clear_edges	3	24		0	0	0.050783	0.044823	0.057936	0.001192	0.001192	0.001907	0.051975	0.046015	0.059843		
constrained	4	24	3	swi-circuit	clear_edges	3	24		0	0	0.046015	0.043154	0.048161	0.000954	0.000954	0.001907	0.047922	0.044107	0.049114		
constrained	4	24	3	swi-circuit	clear_edges	3	24		0	0	0.145912	0.123024	0.149965	0.001907	0.000954	0.002146	0.147820	0.125170	0.150919		
constrained	4	24	3	swi-circuit	clear_edges	3	24		0	0	0.049829	0.046015	0.057936	0.003099	0.002146	0.003099	0.051975	0.049114	0.061035		
constrained	4	24	3	swi-circuit	clear_edges	3	24		0	0	0.063181	0.059843	0.065088	0.027895	0.025034	0.030994	0.090837	0.090122	0.091076		
constrained	4	24	3	swi-circuit	clear_edges	3	24		0	0	0.044107	0.043869	0.045061	0.001907	0.001907	0.002146	0.046015	0.046015	0.046968		
constrained	4	24	3	swi-circuit	clear_edges	3	24		0	0	0.046968	0.041962	0.047922	0.000954	0.000954	0.002146	0.047922	0.044107	0.048876		
constrained	4	24	3	swi-circuit	clear_edges	3	24		0	0	0.046015	0.044107	0.048161	0.001907	0.001907	0.001907	0.047922	0.046015	0.050068		
constrained	4	24	3	swi-circuit	clear_edges	3	24		0	0	0.046968	0.046015	0.048161	0.001907	0.001907	0.001907	0.048876	0.047922	0.050068		
constrained	4	24	3	swi-circuit	clear_edges	3	24		0	0	0.046968	0.043869	0.046968	0.001192	0.000954	0.002146	0.047922	0.045061	0.049114		
constrained	4	24	3	swi-circuit	clear_edges	3	24		0	0	0.046968	0.046968	0.047922	0.002146	0.001907	0.002146	0.049114	0.048876	0.050068		
constrained	4	24	3	swi-circuit	clear_edges	3	24		0	0	0.048876	0.046015	0.049114	0.002146	0.001907	0.002146	0.051022	0.048161	0.051022		
constrained	4	24	3	swi-circuit	clear_edges	3	24		0	0	0.046968	0.046015	0.047922	0.000954	0.000954	0.000954	0.047922	0.046968	0.048876		
constrained	4	24	3	swi-circuit	clear_edges	3	24		0	0	0.046968	0.043154	0.046968	0.000954	0.000954	0.001192	0.047922	0.044107	0.048161		
constrained	4	24	3	swi-circuit	clear_roots	3	7		12	72	0.018120	0.014782	0.020027	0.007153	0.006914	0.007153	0.025034	0.021935	0.027180		
constrained	4	24	3	swi-circuit	clear_roots	3	7		24	149	0.015020	0.015020	0.020981	0.014067	0.011921	0.015020	0.029087	0.026941	0.036001		
constrained	4	24	3	swi-circuit	clear_roots	3	7		23	149	0.015020	0.015020	0.020981	0.005007	0.005007	0.006914	0.020027	0.020027	0.027895		
constrained	4	24	3	swi-circuit	clear_roots	3	7		0	0	0.015020	0.015020	0.015020	0.003099	0.002861	0.003099	0.018120	0.017881	0.018120		
constrained	4	24	3	swi-circuit	clear_roots	3	7		48	316	0.015020	0.015020	0.015020	0.014067	0.013828	0.014067	0.029087	0.028849	0.029087		
constrained	4	24	3	swi-circuit	clear_roots	3	7		0	0	0.015020	0.015020	0.023127	0.002861	0.001907	0.002861	0.017881	0.016928	0.025988		
constrained	4	24	3	swi-circuit	clear_roots	3	7		25	154	0.015974	0.015020	0.019073	0.008821	0.007868	0.009060	0.025034	0.022888	0.027895		
constrained	4	24	3	swi-circuit	clear_roots	3	7		0	0	0.015974	0.015020	0.017881	0.004053	0.003099	0.004053	0.020027	0.018120	0.021935		
constrained	4	24	3	swi-circuit	clear_roots	3	7		24	156	0.017881	0.015020	0.018120	0.006914	0.006199	0.006914	0.024080	0.021935	0.025034		
constrained	4	24	3	swi-circuit	clear_roots	3	7		0	0	0.015974	0.015020	0.021935	0.004053	0.004053	0.004053	0.020027	0.019073	0.025988		
constrained	4	24	3	swi-circuit	clear_roots	3	7		0	0	0.022173	0.020981	0.024080	0.059843	0.058889	0.059843	0.082016	0.079870	0.083923		
constrained	4	24	3	swi-circuit	clear_roots	3	7		6	65	0.015020	0.014067	0.015974	0.013113	0.012875	0.013828	0.027895	0.027895	0.029087		
constrained	4	24	3	swi-circuit	clear_roots	3	7		6	36	0.015974	0.014067	0.020027	0.010967	0.010967	0.012159	0.026941	0.025034	0.032187		
constrained	4	24	3	swi-circuit	clear_roots	3	7		23	149	0.017881	0.015974	0.018835	0.009060	0.009060	0.010014	0.026941	0.025034	0.028849		
constrained	4	24	3	swi-circuit	clear_roots	3	7		23	149	0.018120	0.017881	0.018835	0.010014	0.009775	0.010014	0.027895	0.027895	0.028849		
constrained	4	24	3	swi-circuit	clear_roots	3	7		0	0	0.018120	0.015020	0.018120	0.004053	0.003815	0.004053	0.021935	0.019073	0.022173		
constrained	4	24	3	swi-circuit	clear_roots	3	7		3	18	0.017881	0.017881	0.018835	0.015020	0.015020	0.015020	0.032902	0.032902	0.033855		
constrained	4	24	3	swi-circuit	clear_roots	3	7		24	204	0.018120	0.015020	0.018835	0.015974	0.015974	0.015974	0.034094	0.030994	0.034809		
constrained	4	24	3	swi-circuit	clear_roots	3	7		12	72	0.018120	0.017881	0.018120	0.004053	0.003815	0.004053	0.021935	0.021935	0.022173		
constrained	4	24	3	swi-circuit	clear_roots	3	7		12	72	0.017881	0.015020	0.018835	0.004053	0.003099	0.004053	0.021935	0.019073	0.021935		
constrained	4	24	3	swi-circuit	cycle_break	3	1		3	18	0.004053	0.002861	0.004053	0.002861	0.002861	0.003099	0.006914	0.005960	0.006914		
constrained	4	24	3	swi-circuit	cycle_break	3	1		5	30	0.005007	0.005007	0.005007	0.003099	0.002861	0.003099	0.008106	0.007868	0.008106		
constrained	4	24	3	swi-circuit	cycle_break	3	1		3	18	0.004053	0.003815	0.004053	0.001907	0.001192	0.001907	0.005960	0.005007	0.005960		
constrained	4	24	3	swi-circuit	cycle_break	3	1		2	12	0.003815	0.003099	0.004053	0.001907	0.001907	0.002146	0.005960	0.005007	0.005960		
constrained	4	24	3	swi-circuit	cycle_break	3	1		1	6	0.005960	0.005007	0.006914	0.001907	0.001907	0.002146	0.007868	0.006914	0.009060		
constrained	4	24	3	swi-circuit	cycle_break	3	1		0	0	0.006914	0.005007	0.006914	0.001192	0.000954	0.002146	0.007868	0.007153	0.008106		
constrained	4	24	3	swi-circuit	cycle_break	3	1		2	12	0.004053	0.003815	0.005007	0.001907	0.001907	0.002146	0.005960	0.005960	0.006914		
constrained	4	24	3	swi-circuit	cycle_break	3	1		2	12	0.003099	0.002861	0.004768	0.002146	0.001907	0.002146	0.005007	0.005007	0.006914		
constrained	4	24	3	swi-circuit	cycle_break	3	1		1	6	0.003815	0.003099	0.005007	0.001907	0.000954	0.002146	0.005960	0.005007	0.005960		
constrained	4	24	3	swi-circuit	cycle_break	3	1		1	8	0.005960	0.005007	0.027895	0.005960	0.005007	0.010967	0.010967	0.010967	0.038862		
constrained	4	24	3	swi-circuit	cycle_break	3	1		4	16	0.006914	0.005007	0.007153	0.012875	0.012875	0.014067	0.020027	0.017881	0.020981		
constrained	4	24	3	swi-circuit	cycle_break	3	1		2	20	0.004053	0.004053	0.004053	0.005007	0.005007	0.005007	0.009060	0.009060	0.009060		
constrained	4	24	3	swi-circuit	cycle_break	3	1		2	12	0.004053	0.004053	0.004053	0.004053	0.003815	0.004053	0.008106	0.007868	0.008106		
constrained	4	24	3	swi-circuit	cycle_break	3	1		4	24	0.005007	0.003815	0.005007	0.004053	0.004053	0.004053	0.009060	0.007868	0.009060		
constrained	4	24	3	swi-circuit	cycle_break	3	1		3	18	0.005007	0.004053	0.005007	0.003815	0.002861	0.004053	0.008821	0.006914	0.009060		
constrained	4	24	3	swi-circuit	cycle_break	3	1		0	0	0.005007	0.005007	0.005007	0.002861	0.001907	0.003099	0.007868	0.006914	0.008106		
constrained	4	24	3	swi-circuit	cycle_break	3	1		3	18	0.005007	0.004053	0.005007	0.005960	0.005007	0.005960	0.010014	0.010014	0.010967		
constrained	4	24	3	swi-circuit	cycle_break	3	1		3	24	0.005960	0.005007	0.005960	0.005960	0.004768	0.005960	0.011921	0.009775	0.011921		
constrained	4	24	3	swi-circuit	cycle_break	3	1		3	18	0.005007	0.004053	0.005007	0.001907	0.001907	0.002146	0.006914	0.005960	0.007153		
constrained	4	24	3	swi-circuit	cycle_break	3	1		3	18	0.004053	0.003815	0.005007	0.001907	0.001907	0.002146	0.005960	0.005960	0.006914		
constrained	4	24	3	swi-circuit	cycle_seed	3	6		5	30	0.017166	0.017166	0.020027	0.003815	0.002861	0.004053	0.020981	0.020027	0.024080		
constrained	4	24	3	swi-circuit	cycle_seed	3	6		8	48	0.018120	0.017166	0.027180	0.005007	0.005007	0.005007	0.023127	0.022173	0.032187		
constrained	4	24	3	swi-circuit	cycle_seed	3	6		5	30	0.016928	0.015974	0.019073	0.002146	0.001907	0.002146	0.019073	0.018120	0.020981		
constrained	4	24	3	swi-circuit	cycle_seed	3	6		2	12	0.018120	0.016928	0.020027	0.002861	0.001907	0.003099	0.020027	0.020027	0.022888		
constrained	4	24	3	swi-circuit	cycle_seed	3	6		5	30	0.018835	0.018835	0.020027	0.004053	0.004053	0.004053	0.022888	0.022888	0.024080		
constrained	4	24	3	swi-circuit	cycle_seed	3	6		0	0	0.019073	0.017881	0.103951	0.002146	0.001907	0.004053	0.020981	0.020027	0.108004		
constrained	4	24	3	swi-circuit	cycle_seed	3	6		4	24	0.020027	0.019073	0.020981	0.003815	0.002861	0.004053	0.023842	0.021935	0.025034		
constrained	4	24	3	swi-circuit	cycle_seed	3	6		2	12	0.017166	0.015974	0.020027	0.002146	0.001907	0.002861	0.020027	0.018120	0.021935		
constrained	4	24	3	swi-circuit	cycle_seed	3	6		3	18	0.023842	0.019073	0.025034	0.002146	0.002146	0.002146	0.025988	0.021219	0.027180		
constrained	4	24	3	swi-circuit	cycle_seed	3	6		1	8	0.019073	0.018120	0.024080	0.008106	0.006914	0.008106	0.027180	0.025034	0.032187		
constrained	4	24	3	swi-circuit	cycle_seed	3	6		4	16	0.024080	0.023842	0.025988	0.095129	0.094891	0.099182	0.121117	0.118971	0.123024		
constrained	4	24	3	swi-circuit	cycle_seed	3	6		4	40	0.016928	0.015974	0.016928	0.008106	0.008106	0.009060	0.025034	0.025034	0.025034		
constrained	4	24	3	swi-circuit	cycle_seed	3	6		4	24	0.016928	0.015974	0.018120	0.008106	0.006914	0.009060	0.025034	0.022888	0.027180		
constrained	4	24	3	swi-circuit	cycle_seed	3	6		6	36	0.019073	0.017166	0.025034	0.004053	0.003815	0.005007	0.023127	0.020981	0.030041		
constrained	4	24	3	swi-circuit	cycle_seed	3	6		5	30	0.018835	0.016928	0.020027	0.004053	0.004053	0.005007	0.023842	0.020981	0.024080		
constrained	4	24	3	swi-circuit	cycle_seed	3	6		0	0	0.020027	0.016928	0.024080	0.003099	0.001907	0.003099	0.023127	0.020027	0.025988		
constrained	4	24	3	swi-circuit	cycle_seed	3	6		3	18	0.020027	0.020027	0.020027	0.005007	0.005007	0.005960	0.025034	0.025034	0.025988		
constrained	4	24	3	swi-circuit	cycle_seed	3	6		5	40	0.020027	0.016928	0.020027	0.009060	0.008106	0.009060	0.028133	0.025988	0.029087		
constrained	4	24	3	swi-circuit	cycle_seed	3	6		5	30	0.019073	0.018835	0.020981	0.002146	0.001907	0.002146	0.020981	0.020981	0.023127		
constrained	4	24	3	swi-circuit	cycle_seed	3	6		5	30	0.020981	0.016928	0.021219	0.002861	0.001907	0.003099	0.022888	0.020027	0.024080		
constrained	4	24	3	swi-circuit	diamond_path_retract	3	1		4	24	0.006914	0.005960	0.007153	0.003815	0.003099	0.004053	0.010967	0.009060	0.010967		
constrained	4	24	3	swi-circuit	diamond_path_retract	3	1		7	42	0.005960	0.005960	0.006914	0.004053	0.004053	0.004053	0.010014	0.010014	0.010967		
constrained	4	24	3	swi-circuit	diamond_path_retract	3	1		4	24	0.006199	0.005960	0.006199	0.001907	0.001907	0.001907	0.008106	0.007868	0.008106		
constrained	4	24	3	swi-circuit	diamond_path_retract	3	1		2	12	0.005960	0.005960	0.009060	0.002146	0.001907	0.002861	0.008821	0.007868	0.011206		
constrained	4	24	3	swi-circuit	diamond_path_retract	3	1		2	12	0.004053	0.004053	0.005007	0.001907	0.000954	0.001907	0.005960	0.005960	0.005960		
constrained	4	24	3	swi-circuit	diamond_path_retract	3	1		0	0	0.005007	0.004053	0.008106	0.000954	0.000954	0.001907	0.005960	0.005007	0.010014		
constrained	4	24	3	swi-circuit	diamond_path_retract	3	1		3	18	0.004053	0.004053	0.004053	0.002861	0.002861	0.003099	0.006914	0.006914	0.007153		
constrained	4	24	3	swi-circuit	diamond_path_retract	3	1		2	12	0.005960	0.005960	0.007868	0.002146	0.001907	0.003099	0.009060	0.007868	0.010014		
constrained	4	24	3	swi-circuit	diamond_path_retract	3	1		2	12	0.007868	0.007153	0.010014	0.001907	0.001907	0.003099	0.009775	0.009060	0.013113		
constrained	4	24	3	swi-circuit	diamond_path_retract	3	1		1	8	0.005007	0.005007	0.005960	0.006199	0.005960	0.007153	0.011206	0.010967	0.013113		
constrained	4	24	3	swi-circuit	diamond_path_retract	3	1		4	16	0.009060	0.009060	0.079155	0.024080	0.022173	0.069857	0.033140	0.031233	0.149012		
constrained	4	24	3	swi-circuit	diamond_path_retract	3	1		3	30	0.005007	0.004053	0.005007	0.006914	0.006199	0.006914	0.011206	0.010967	0.011921		
constrained	4	24	3	swi-circuit	diamond_path_retract	3	1		3	18	0.006914	0.005960	0.006914	0.006199	0.005007	0.007153	0.012159	0.011921	0.014067		
constrained	4	24	3	swi-circuit	diamond_path_retract	3	1		5	30	0.008106	0.005960	0.010014	0.005007	0.004053	0.005007	0.013113	0.010014	0.015020		
constrained	4	24	3	swi-circuit	diamond_path_retract	3	1		4	24	0.010014	0.006199	0.010967	0.005007	0.005007	0.005007	0.015020	0.011206	0.015974		
constrained	4	24	3	swi-circuit	diamond_path_retract	3	1		0	0	0.005960	0.005007	0.007153	0.002146	0.001907	0.003099	0.009060	0.007153	0.009060		
constrained	4	24	3	swi-circuit	diamond_path_retract	3	1		3	18	0.006914	0.006914	0.007153	0.005960	0.005960	0.007153	0.013113	0.012875	0.014067		
constrained	4	24	3	swi-circuit	diamond_path_retract	3	1		4	32	0.005007	0.004053	0.005007	0.007868	0.005960	0.008106	0.012159	0.010967	0.012875		
constrained	4	24	3	swi-circuit	diamond_path_retract	3	1		4	24	0.007868	0.006914	0.011206	0.002861	0.002146	0.003099	0.010014	0.010014	0.014067		
constrained	4	24	3	swi-circuit	diamond_path_retract	3	1		4	24	0.006914	0.005960	0.008106	0.002861	0.002146	0.003099	0.009060	0.009060	0.010967		
constrained	4	24	3	swi-circuit	duplicate_support	3	1		13	78	0.010014	0.008106	0.010014	0.008106	0.007868	0.009060	0.018120	0.015974	0.019073		
constrained	4	24	3	swi-circuit	duplicate_support	3	1		25	155	0.012875	0.007868	0.017166	0.015020	0.014067	0.021935	0.027895	0.021935	0.039101		
constrained	4	24	3	swi-circuit	duplicate_support	3	1		24	155	0.010014	0.009060	0.010014	0.006914	0.005960	0.007153	0.016928	0.015020	0.017166		
constrained	4	24	3	swi-circuit	duplicate_support	3	1		17	106	0.010967	0.010967	0.015974	0.010967	0.010967	0.011921	0.021935	0.021935	0.027895		
constrained	4	24	3	swi-circuit	duplicate_support	3	1		56	366	0.010014	0.010014	0.016928	0.018120	0.015974	0.035048	0.035048	0.025988	0.045061		
constrained	4	24	3	swi-circuit	duplicate_support	3	1		25	150	0.010014	0.007868	0.010967	0.011206	0.010967	0.023127	0.022173	0.020981	0.030994		
constrained	4	24	3	swi-circuit	duplicate_support	3	1		50	307	0.010967	0.010014	0.022888	0.015974	0.015020	0.024080	0.025988	0.025988	0.046968		
constrained	4	24	3	swi-circuit	duplicate_support	3	1		17	111	0.013113	0.010014	0.019073	0.010014	0.010014	0.013828	0.023127	0.020027	0.032902		
constrained	4	24	3	swi-circuit	duplicate_support	3	1		8	51	0.015974	0.011921	0.025988	0.008821	0.006914	0.012159	0.024796	0.018835	0.038147		
constrained	4	24	3	swi-circuit	duplicate_support	3	1		4	33	0.014067	0.009060	0.015974	0.023842	0.020027	0.025988	0.039816	0.029087	0.040054		
constrained	4	24	3	swi-circuit	duplicate_support	3	1		7	31	0.013828	0.011921	0.014067	0.039101	0.038147	0.046015	0.052929	0.050068	0.060081		
constrained	4	24	3	swi-circuit	duplicate_support	3	1		6	65	0.008106	0.008106	0.010967	0.016928	0.015974	0.018120	0.025034	0.024080	0.029087		
constrained	4	24	3	swi-circuit	duplicate_support	3	1		6	36	0.013113	0.008106	0.015974	0.016928	0.012875	0.025988	0.030041	0.020981	0.041962		
constrained	4	24	3	swi-circuit	duplicate_support	3	1		29	189	0.009060	0.008106	0.010967	0.015020	0.014782	0.015020	0.023842	0.023127	0.025988		
constrained	4	24	3	swi-circuit	duplicate_support	3	1		22	142	0.009060	0.009060	0.010014	0.014067	0.012875	0.014067	0.023127	0.022888	0.023127		
constrained	4	24	3	swi-circuit	duplicate_support	3	1		2	13	0.009060	0.008106	0.010014	0.008106	0.007868	0.008821	0.017881	0.015974	0.018120		
constrained	4	24	3	swi-circuit	duplicate_support	3	1		3	18	0.010014	0.010014	0.010014	0.020027	0.019073	0.020027	0.030041	0.029087	0.030041		
constrained	4	24	3	swi-circuit	duplicate_support	3	1		25	212	0.008821	0.007868	0.010014	0.020981	0.020027	0.021219	0.030041	0.027895	0.030994		
constrained	4	24	3	swi-circuit	duplicate_support	3	1		13	78	0.010014	0.009060	0.010014	0.006914	0.005960	0.007153	0.015974	0.015974	0.017166		
constrained	4	24	3	swi-circuit	duplicate_support	3	1		13	78	0.010014	0.008106	0.010014	0.006914	0.005007	0.006914	0.016928	0.013113	0.016928		
constrained	4	24	3	swi-circuit	initial	3	38		13	78	0.145912	0.128031	0.149012	0.010967	0.010014	0.010967	0.156879	0.138044	0.159979		
constrained	4	24	3	swi-circuit	initial	3	38		24	148	0.136852	0.133991	0.181198	0.016212	0.015974	0.020027	0.152826	0.150204	0.201225		
constrained	4	24	3	swi-circuit	initial	3	38		24	155	0.136852	0.132799	0.194073	0.009060	0.008106	0.010967	0.144958	0.141859	0.205040		
constrained	4	24	3	swi-circuit	initial	3	38		16	100	0.169992	0.133991	0.181913	0.018120	0.014067	0.018120	0.188112	0.148058	0.200033		
constrained	4	24	3	swi-circuit	initial	3	38		52	338	0.179052	0.164032	0.184059	0.020981	0.019073	0.022888	0.201941	0.183105	0.205040		
constrained	4	24	3	swi-circuit	initial	3	38		24	144	0.145912	0.135899	0.149012	0.015020	0.012159	0.015974	0.161886	0.148058	0.164032		
constrained	4	24	3	swi-circuit	initial	3	38		48	295	0.164032	0.146151	0.169039	0.021935	0.020027	0.021935	0.184059	0.168085	0.190973		
constrained	4	24	3	swi-circuit	initial	3	38		16	104	0.135899	0.126839	0.137091	0.010014	0.010014	0.010967	0.145912	0.136852	0.148058		
constrained	4	24	3	swi-circuit	initial	3	38		8	51	0.145912	0.124931	0.155926	0.009060	0.009060	0.010014	0.154972	0.133991	0.165939		
constrained	4	24	3	swi-circuit	initial	3	38		4	33	0.142097	0.137091	0.223160	0.068903	0.065804	0.091791	0.211000	0.202894	0.314951		
constrained	4	24	3	swi-circuit	initial	3	38		7	31	0.147104	0.133991	0.149012	0.065088	0.059843	0.065088	0.212193	0.193834	0.214100		
constrained	4	24	3	swi-circuit	initial	3	38		6	65	0.231981	0.220060	0.274181	0.082016	0.077963	0.083923	0.313997	0.298023	0.358105		
constrained	4	24	3	swi-circuit	initial	3	38		6	36	0.154018	0.123978	0.164986	0.140905	0.128031	0.147104	0.301123	0.252008	0.305891		
constrained	4	24	3	swi-circuit	initial	3	38		29	189	0.141859	0.122786	0.152111	0.040054	0.038147	0.041962	0.181913	0.160933	0.194073		
constrained	4	24	3	swi-circuit	initial	3	38		22	142	0.127077	0.123978	0.133991	0.038862	0.036955	0.040054	0.165939	0.160933	0.174046		
constrained	4	24	3	swi-circuit	initial	3	38		2	13	0.130892	0.129938	0.146866	0.034094	0.032902	0.034094	0.164986	0.162840	0.180960		
constrained	4	24	3	swi-circuit	initial	3	38		3	18	0.138044	0.135899	0.141859	0.045061	0.041962	0.046968	0.183821	0.180960	0.185013		
constrained	4	24	3	swi-circuit	initial	3	38		24	203	0.129223	0.127077	0.137091	0.063896	0.061989	0.064850	0.194073	0.189066	0.200987		
constrained	4	24	3	swi-circuit	initial	3	38		13	78	0.221014	0.215054	0.225782	0.007153	0.006914	0.008106	0.229120	0.221968	0.232935		
constrained	4	24	3	swi-circuit	initial	3	38		13	78	0.232935	0.231981	0.241995	0.008106	0.008106	0.009060	0.241041	0.241041	0.250101		
constrained	4	24	3	swi-circuit	retract_one_support	3	1		13	78	0.006199	0.005960	0.006914	0.008106	0.006914	0.009060	0.014067	0.013113	0.015974		
constrained	4	24	3	swi-circuit	retract_one_support	3	1		24	148	0.008106	0.005960	0.012159	0.014067	0.011921	0.014067	0.022173	0.017881	0.026226		
constrained	4	24	3	swi-circuit	retract_one_support	3	1		24	155	0.005960	0.005960	0.006914	0.005007	0.005007	0.005007	0.010967	0.010967	0.011921		
constrained	4	24	3	swi-circuit	retract_one_support	3	1		16	100	0.006199	0.005960	0.006914	0.010014	0.008821	0.010014	0.015974	0.015020	0.016928		
constrained	4	24	3	swi-circuit	retract_one_support	3	1		52	338	0.008106	0.007153	0.015974	0.014067	0.013828	0.015020	0.022173	0.020981	0.030994		
constrained	4	24	3	swi-circuit	retract_one_support	3	1		24	144	0.005960	0.005960	0.015020	0.008106	0.007868	0.009775	0.014067	0.013828	0.024796		
constrained	4	24	3	swi-circuit	retract_one_support	3	1		48	295	0.005007	0.005007	0.010014	0.014067	0.013113	0.015020	0.019073	0.018120	0.025034		
constrained	4	24	3	swi-circuit	retract_one_support	3	1		16	104	0.007153	0.006914	0.007868	0.008106	0.005960	0.008106	0.015020	0.013113	0.015974		
constrained	4	24	3	swi-circuit	retract_one_support	3	1		8	51	0.006914	0.005960	0.009060	0.005007	0.004053	0.005960	0.011921	0.010014	0.015020		
constrained	4	24	3	swi-circuit	retract_one_support	3	1		4	33	0.006914	0.005007	0.009060	0.020027	0.017166	0.029087	0.029087	0.024080	0.034094		
constrained	4	24	3	swi-circuit	retract_one_support	3	1		7	31	0.006914	0.006914	0.009060	0.023127	0.021935	0.024080	0.030041	0.028849	0.033140		
constrained	4	24	3	swi-circuit	retract_one_support	3	1		6	65	0.005960	0.005007	0.005960	0.015020	0.014067	0.015020	0.020027	0.020027	0.020981		
constrained	4	24	3	swi-circuit	retract_one_support	3	1		6	36	0.006914	0.005007	0.010967	0.012159	0.011921	0.013113	0.018835	0.017166	0.024080		
constrained	4	24	3	swi-circuit	retract_one_support	3	1		29	189	0.005960	0.005007	0.006914	0.014067	0.012875	0.014067	0.020027	0.017881	0.020981		
constrained	4	24	3	swi-circuit	retract_one_support	3	1		22	142	0.006914	0.005960	0.007153	0.011921	0.011921	0.012875	0.018835	0.018835	0.019073		
constrained	4	24	3	swi-circuit	retract_one_support	3	1		2	13	0.006914	0.005960	0.007153	0.006914	0.006914	0.007153	0.014067	0.012875	0.014067		
constrained	4	24	3	swi-circuit	retract_one_support	3	1		3	18	0.007868	0.006914	0.008106	0.017166	0.016928	0.017166	0.025034	0.024080	0.025034		
constrained	4	24	3	swi-circuit	retract_one_support	3	1		24	203	0.007153	0.005960	0.007153	0.017881	0.016928	0.018835	0.025034	0.022888	0.025988		
constrained	4	24	3	swi-circuit	retract_one_support	3	1		13	78	0.006914	0.006914	0.006914	0.005007	0.005007	0.005960	0.011921	0.011921	0.012875		
constrained	4	24	3	swi-circuit	retract_one_support	3	1		13	78	0.007153	0.005960	0.008106	0.005960	0.004053	0.005960	0.012159	0.011921	0.013113		
constrained	4	24	3	swi-circuit	right_support_move	3	2		12	72	0.010014	0.009775	0.010967	0.007153	0.005960	0.007153	0.016928	0.015974	0.018120		
constrained	4	24	3	swi-circuit	right_support_move	3	2		24	149	0.010014	0.010014	0.015974	0.011921	0.011921	0.012159	0.022173	0.021935	0.027895		
constrained	4	24	3	swi-circuit	right_support_move	3	2		23	149	0.010014	0.009060	0.010014	0.005007	0.004053	0.005007	0.014067	0.014067	0.015020		
constrained	4	24	3	swi-circuit	right_support_move	3	2		24	148	0.010967	0.010014	0.011921	0.013113	0.012875	0.014067	0.024080	0.022888	0.025988		
constrained	4	24	3	swi-circuit	right_support_move	3	2		48	316	0.010014	0.009775	0.012159	0.013113	0.012875	0.013113	0.023127	0.022888	0.025034		
constrained	4	24	3	swi-circuit	right_support_move	3	2		24	144	0.010014	0.010014	0.083923	0.007868	0.007868	0.072956	0.017881	0.017881	0.156879		
constrained	4	24	3	swi-circuit	right_support_move	3	2		48	299	0.010014	0.009060	0.028133	0.014067	0.012875	0.022888	0.024080	0.021935	0.051022		
constrained	4	24	3	swi-circuit	right_support_move	3	2		16	105	0.011921	0.009060	0.020027	0.006914	0.005960	0.010014	0.018835	0.015020	0.030041		
constrained	4	24	3	swi-circuit	right_support_move	3	2		8	51	0.012159	0.010967	0.051975	0.003815	0.003815	0.010967	0.015974	0.014782	0.062943		
constrained	4	24	3	swi-circuit	right_support_move	3	2		4	35	0.016928	0.010967	0.017166	0.020981	0.020027	0.024080	0.037193	0.031948	0.041008		
constrained	4	24	3	swi-circuit	right_support_move	3	2		7	31	0.014067	0.013113	0.016928	0.029087	0.026941	0.032187	0.043154	0.040054	0.049114		
constrained	4	24	3	swi-circuit	right_support_move	3	2		6	65	0.011206	0.010967	0.014067	0.014067	0.013828	0.014067	0.025034	0.025034	0.028133		
constrained	4	24	3	swi-circuit	right_support_move	3	2		6	36	0.010014	0.009060	0.010967	0.010967	0.010014	0.013113	0.020981	0.019073	0.024080		
constrained	4	24	3	swi-circuit	right_support_move	3	2		26	169	0.010967	0.010967	0.011921	0.013113	0.013113	0.014067	0.025034	0.024080	0.025034		
constrained	4	24	3	swi-circuit	right_support_move	3	2		20	129	0.010967	0.010967	0.010967	0.010967	0.010967	0.010967	0.021935	0.021935	0.021935		
constrained	4	24	3	swi-circuit	right_support_move	3	2		3	20	0.010967	0.009060	0.011921	0.007153	0.005960	0.007153	0.018120	0.015020	0.019073		
constrained	4	24	3	swi-circuit	right_support_move	3	2		3	18	0.012159	0.010967	0.021935	0.015974	0.015974	0.021935	0.028133	0.026941	0.043869		
constrained	4	24	3	swi-circuit	right_support_move	3	2		24	204	0.010967	0.008821	0.012159	0.017166	0.015974	0.017881	0.028133	0.025988	0.028849		
constrained	4	24	3	swi-circuit	right_support_move	3	2		12	72	0.010967	0.010967	0.010967	0.005007	0.005007	0.005007	0.015974	0.015974	0.015974		
constrained	4	24	3	swi-circuit	right_support_move	3	2		12	72	0.009060	0.009060	0.010967	0.004053	0.003815	0.005007	0.013113	0.012875	0.015974		
constrained	4	24	3	swi-circuit	root_restore	3	1		4	24	0.004053	0.004053	0.005960	0.003099	0.002861	0.003099	0.007153	0.006914	0.009060		
constrained	4	24	3	swi-circuit	root_restore	3	1		7	42	0.005007	0.004768	0.005007	0.004053	0.004053	0.004053	0.009060	0.008821	0.009060		
constrained	4	24	3	swi-circuit	root_restore	3	1		4	24	0.005007	0.005007	0.005007	0.001907	0.000954	0.002146	0.006914	0.005960	0.007153		
constrained	4	24	3	swi-circuit	root_restore	3	1		2	12	0.005007	0.003815	0.005007	0.001907	0.001907	0.003099	0.006914	0.006914	0.006914		
constrained	4	24	3	swi-circuit	root_restore	3	1		2	12	0.005007	0.004053	0.005007	0.001907	0.000954	0.001907	0.005960	0.005960	0.006914		
constrained	4	24	3	swi-circuit	root_restore	3	1		0	0	0.005007	0.003815	0.005007	0.001907	0.000954	0.002146	0.005960	0.005960	0.006914		
constrained	4	24	3	swi-circuit	root_restore	3	1		3	18	0.005007	0.005007	0.006199	0.002861	0.002861	0.003099	0.008106	0.007868	0.009060		
constrained	4	24	3	swi-circuit	root_restore	3	1		2	12	0.004053	0.003815	0.005960	0.002146	0.001907	0.002146	0.005960	0.005960	0.008106		
constrained	4	24	3	swi-circuit	root_restore	3	1		2	12	0.006914	0.005007	0.010014	0.001907	0.000954	0.002146	0.009060	0.005960	0.011921		
constrained	4	24	3	swi-circuit	root_restore	3	1		1	8	0.005007	0.005007	0.005960	0.005007	0.005007	0.007153	0.010014	0.010014	0.013113		
constrained	4	24	3	swi-circuit	root_restore	3	1		4	16	0.008106	0.005960	0.010967	0.030041	0.030041	0.031948	0.038147	0.036001	0.042915		
constrained	4	24	3	swi-circuit	root_restore	3	1		3	30	0.005007	0.005007	0.006199	0.005960	0.005007	0.005960	0.010967	0.010014	0.012159		
constrained	4	24	3	swi-circuit	root_restore	3	1		3	18	0.005007	0.005007	0.005007	0.005007	0.005007	0.005007	0.010014	0.010014	0.010014		
constrained	4	24	3	swi-circuit	root_restore	3	1		5	30	0.005007	0.005007	0.006199	0.005960	0.005007	0.005960	0.010967	0.010014	0.012159		
constrained	4	24	3	swi-circuit	root_restore	3	1		4	24	0.005960	0.005007	0.005960	0.004053	0.003099	0.004053	0.010014	0.008106	0.010014		
constrained	4	24	3	swi-circuit	root_restore	3	1		0	0	0.006914	0.005007	0.007153	0.003099	0.002861	0.003099	0.010014	0.008106	0.010014		
constrained	4	24	3	swi-circuit	root_restore	3	1		3	18	0.005960	0.005960	0.006199	0.005960	0.005960	0.005960	0.011921	0.011921	0.012159		
constrained	4	24	3	swi-circuit	root_restore	3	1		4	32	0.005007	0.004053	0.005960	0.006914	0.005960	0.008106	0.012875	0.010014	0.013113		
constrained	4	24	3	swi-circuit	root_restore	3	1		4	24	0.005960	0.005960	0.005960	0.001907	0.001907	0.002146	0.007868	0.007868	0.008106		
constrained	4	24	3	swi-circuit	root_restore	3	1		4	24	0.006199	0.005007	0.009060	0.001907	0.001907	0.001907	0.008106	0.006914	0.010967		
constrained	4	24	3	swi-circuit	root_retract	3	1		4	24	0.004053	0.003099	0.005007	0.002861	0.002861	0.002861	0.006914	0.005960	0.007868		
constrained	4	24	3	swi-circuit	root_retract	3	1		7	42	0.005007	0.003815	0.005960	0.002861	0.002861	0.004053	0.007868	0.007868	0.008821		
constrained	4	24	3	swi-circuit	root_retract	3	1		4	24	0.005007	0.005007	0.005007	0.001907	0.000954	0.001907	0.006914	0.005960	0.006914		
constrained	4	24	3	swi-circuit	root_retract	3	1		0	0	0.004053	0.003815	0.005960	0.002146	0.000954	0.002146	0.006199	0.005960	0.006914		
constrained	4	24	3	swi-circuit	root_retract	3	1		2	12	0.004053	0.003815	0.005007	0.001907	0.000954	0.002146	0.005960	0.005960	0.005960		
constrained	4	24	3	swi-circuit	root_retract	3	1		0	0	0.004053	0.004053	0.005960	0.001192	0.000954	0.001907	0.005960	0.005007	0.007153		
constrained	4	24	3	swi-circuit	root_retract	3	1		3	18	0.006914	0.005960	0.007153	0.002146	0.001907	0.003099	0.009060	0.009060	0.009060		
constrained	4	24	3	swi-circuit	root_retract	3	1		0	0	0.005007	0.005007	0.005007	0.001192	0.000954	0.001907	0.006199	0.005960	0.006914		
constrained	4	24	3	swi-circuit	root_retract	3	1		4	24	0.005007	0.004053	0.010967	0.001907	0.001907	0.003099	0.008106	0.005960	0.012875		
constrained	4	24	3	swi-circuit	root_retract	3	1		0	0	0.005007	0.004053	0.005007	0.001907	0.001907	0.002861	0.006914	0.005960	0.007868		
constrained	4	24	3	swi-circuit	root_retract	3	1		0	0	0.007868	0.006914	0.013113	0.028133	0.027895	0.034094	0.036001	0.034809	0.047207		
constrained	4	24	3	swi-circuit	root_retract	3	1		3	30	0.005960	0.005007	0.005960	0.006914	0.006914	0.006914	0.012875	0.011921	0.012875		
constrained	4	24	3	swi-circuit	root_retract	3	1		3	18	0.005007	0.004053	0.005007	0.005960	0.005960	0.007153	0.010967	0.010014	0.012159		
constrained	4	24	3	swi-circuit	root_retract	3	1		4	24	0.004053	0.004053	0.005007	0.005007	0.004053	0.005007	0.009060	0.008106	0.010014		
constrained	4	24	3	swi-circuit	root_retract	3	1		4	24	0.005007	0.004053	0.005007	0.005007	0.005007	0.005007	0.010014	0.009060	0.010014		
constrained	4	24	3	swi-circuit	root_retract	3	1		0	0	0.005007	0.005007	0.005007	0.002146	0.001907	0.003099	0.007153	0.006914	0.008106		
constrained	4	24	3	swi-circuit	root_retract	3	1		3	18	0.005007	0.005007	0.005960	0.006914	0.005960	0.007153	0.012159	0.010967	0.012875		
constrained	4	24	3	swi-circuit	root_retract	3	1		4	32	0.005007	0.004053	0.005007	0.006914	0.005960	0.008106	0.011921	0.010014	0.013113		
constrained	4	24	3	swi-circuit	root_retract	3	1		4	24	0.005007	0.004768	0.005007	0.002146	0.002146	0.002146	0.007153	0.006914	0.007153		
constrained	4	24	3	swi-circuit	root_retract	3	1		4	24	0.004768	0.004053	0.005007	0.002146	0.000954	0.002861	0.006914	0.005007	0.007868		
constrained	4	24	3	swi-circuit	third_side_move	3	1		12	72	0.007153	0.005960	0.007868	0.006914	0.006914	0.007153	0.014067	0.012875	0.015020		
constrained	4	24	3	swi-circuit	third_side_move	3	1		24	149	0.006914	0.005960	0.007153	0.012159	0.011921	0.012875	0.019073	0.017881	0.020027		
constrained	4	24	3	swi-circuit	third_side_move	3	1		23	149	0.197887	0.189066	0.226021	0.005007	0.005007	0.010014	0.202894	0.194073	0.236034		
constrained	4	24	3	swi-circuit	third_side_move	3	1		24	148	0.005960	0.005960	0.005960	0.011921	0.011921	0.015020	0.017881	0.017881	0.020981		
constrained	4	24	3	swi-circuit	third_side_move	3	1		48	316	0.006199	0.005960	0.006914	0.012875	0.011921	0.012875	0.019073	0.017881	0.019789		
constrained	4	24	3	swi-circuit	third_side_move	3	1		35	221	0.006199	0.006199	0.021935	0.011921	0.010967	0.017166	0.018120	0.017166	0.039101		
constrained	4	24	3	swi-circuit	third_side_move	3	1		49	309	0.007153	0.006199	0.026941	0.013828	0.013828	0.020027	0.020981	0.020027	0.046968		
constrained	4	24	3	swi-circuit	third_side_move	3	1		16	105	0.007153	0.005960	0.007868	0.006914	0.005960	0.007153	0.014067	0.011921	0.015020		
constrained	4	24	3	swi-circuit	third_side_move	3	1		8	51	0.007153	0.006914	0.008106	0.004053	0.004053	0.004053	0.011206	0.010967	0.012159		
constrained	4	24	3	swi-circuit	third_side_move	3	1		4	35	0.007153	0.006914	0.009060	0.020027	0.020027	0.020981	0.027180	0.026941	0.030041		
constrained	4	24	3	swi-circuit	third_side_move	3	1		7	31	0.006914	0.005960	0.008106	0.003099	0.002861	0.003099	0.010014	0.008821	0.011206		
constrained	4	24	3	swi-circuit	third_side_move	3	1		6	65	0.005960	0.005960	0.006914	0.013113	0.013113	0.014067	0.020027	0.019073	0.020027		
constrained	4	24	3	swi-circuit	third_side_move	3	1		6	36	0.005960	0.005960	0.006914	0.010967	0.010967	0.012159	0.016928	0.016928	0.019073		
constrained	4	24	3	swi-circuit	third_side_move	3	1		26	169	0.007153	0.006199	0.007153	0.011921	0.011921	0.012875	0.019073	0.018120	0.020027		
constrained	4	24	3	swi-circuit	third_side_move	3	1		20	129	0.007153	0.006914	0.007153	0.010967	0.010967	0.010967	0.018120	0.017881	0.018120		
constrained	4	24	3	swi-circuit	third_side_move	3	1		3	20	0.006914	0.005960	0.006914	0.006914	0.006199	0.007153	0.013828	0.012159	0.014067		
constrained	4	24	3	swi-circuit	third_side_move	3	1		3	18	0.007868	0.006914	0.011921	0.017166	0.016212	0.019073	0.024080	0.024080	0.030994		
constrained	4	24	3	swi-circuit	third_side_move	3	1		24	204	0.007153	0.005960	0.008106	0.016928	0.015974	0.016928	0.024080	0.021935	0.025034		
constrained	4	24	3	swi-circuit	third_side_move	3	1		12	72	0.006914	0.006914	0.008106	0.004053	0.004053	0.005007	0.011921	0.010967	0.012159		
constrained	4	24	3	swi-circuit	third_side_move	3	1		12	72	0.006914	0.005960	0.007153	0.004053	0.004053	0.005007	0.010967	0.010014	0.012159		
